legacy.mean,legacy.median,legacy.ratio_sums,common_family.mean,common_family.median,common_family.ratio_sums,gross.mean,gross.median,gross.ratio_sums,fixed_original_bin_node1,fixed_original_bin_node2,fixed_original_bin_node3,fixed_original_bin_node4,fixed_original_bin_node5
0.208725545133633,0.078300375966669,0.426970365685806,0.242597605398158,0.0895333181725148,0.436072034876853,0.379401551969013,0.0953634524078564,0.567200808136544,-2.2844220907685,-0.0588769386758482,0.0999726657634454,0.358016949254018,3.24408212652098
0.261651847744511,0.117507501715092,0.394643868141397,0.257827161354316,0.123523259139205,0.393985086280617,0.676654801442525,0.149032920289762,0.515515879514444,-2.11113311272849,-0.0589119401056343,0.108519222143602,0.351446841780708,2.75430214704992
0.367155914515748,0.101808174568852,0.454565708901709,0.399108475665361,0.107549530106014,0.458187299454354,1.1905272576376,0.134343834444444,0.604688032169003,-2.0546851765079,-0.0557528771679575,0.104542695918241,0.356851744256349,3.27365133805547
0.460563048303941,0.124858932330909,0.471886579653813,0.470436252340687,0.134059986709249,0.476053038340124,1.12114486466714,0.156708004287246,0.605562666617096,-1.93330324002947,-0.0491893447771455,0.103699235286758,0.349998407689378,3.44812124107441
0.0938931323526571,0.0946124911714517,0.342829771575161,0.138476412265067,0.0979379879302981,0.349624191133866,0.399838533703323,0.13004347043719,0.44461765249079,-2.63685340231111,-0.0632281230541148,0.101141242209652,0.331259636179797,2.70573778598628
0.199059169750986,0.090840622122149,0.3277559481466,0.252515321535755,0.101808174568852,0.333509602888705,0.552571483618431,0.126561804258723,0.425201230324537,-1.99372865631091,-0.0529528352215275,0.102200124538076,0.341254189815132,2.63054771059494
0.441742041848254,0.0985177806342346,0.489322978119383,0.546853960830249,0.117507501715092,0.498018436100206,1.03258935230783,0.139297456681693,0.63545908200145,-2.7892691767912,-0.0461600314955553,0.103758409877827,0.343631403774167,4.02896709826595
0.140434144647233,0.0771381228092714,0.372792877201907,0.227790910908582,0.0901083826507784,0.381084665554693,1.18702357427681,0.10811841879255,0.499330724818332,-2.56007985287266,-0.0544796986228805,0.0978213530994893,0.360207691715706,2.92624462668295
0.300491499153572,0.063486137487619,0.356400064677988,0.348300624151576,0.0804216198756305,0.362468442270742,0.900204658321162,0.0895333181725148,0.470951775133114,-1.95413024464812,-0.0496968727800929,0.0996163057538113,0.350971566467275,3.2267994944517
0.0747645756719725,0.0946124911714517,0.332025642811073,0.0995061325192867,0.10434648520531,0.33413592941992,0.164621872991403,0.133693126381042,0.434831772394271,-2.28398084057359,-0.0492964279730636,0.10542014298455,0.357944455911187,2.23536390101852
0.479451329660112,0.109509659526423,0.490730376969809,0.517888928345038,0.117507501715092,0.496933278223984,1.34699227804651,0.137174373500741,0.630596355930541,-1.74184540717491,-0.056323518454661,0.102446062653026,0.35152616624079,3.41097854387761
0.15843360843502,0.0827934119852636,0.310915739648817,0.164521105617127,0.0924036719097744,0.312292079696303,-0.0810414404202556,0.117531003215435,0.391712097916142,-2.42688663178751,-0.0499210101168906,0.0939728442192544,0.346010272880307,2.67103363730117
0.124485258081191,0.102075307273984,0.392768610418186,0.162491324994409,0.106701280633402,0.399513316962706,0.596888545314898,0.127445097,0.530597148066966,-2.2837094247612,-0.0565355826992357,0.104451717090112,0.361158332792038,2.5290035713641
0.318684690156761,0.111750346979833,0.384396556964046,0.325539754253457,0.117375389750243,0.383779398816215,0.902801430649968,0.148684712532076,0.489277212997096,-1.90526425691824,-0.058593225659349,0.104666856985222,0.352324745688729,2.83387827531493
0.274284309915017,0.0910079845894739,0.408800854851661,0.340389950205747,0.111750346979833,0.418864167588212,1.03432293081863,0.133693126381042,0.540166515878482,-1.8554260484448,-0.0461602088144542,0.100302349259315,0.347303798171863,2.80464686325685
0.338722468029178,0.110307515617258,0.368967330301006,0.373953477214696,0.122292145917137,0.371972856424985,0.954091962943082,0.148684712532076,0.485482648380435,-1.96659900893169,-0.0515303803541927,0.104546258166126,0.338123201302013,3.20941604700175
0.382316098143444,0.118495595976444,0.39215173028013,0.37112912440565,0.118900209941684,0.392385372323247,1.04485207325345,0.142832816407646,0.5363810014652,-2.00955197278449,-0.0526866233943712,0.106644595418136,0.352804836737576,3.12351957331635
-0.115295438544407,0.0951194086641842,0.213550567237933,-0.0712417353737649,0.101937798749144,0.216377651964717,-0.248696575888821,0.1225433625,0.279561277042281,-2.59019982993415,-0.0456116218227696,0.1030852647845,0.347267002251781,2.07323298997114
0.310292727682867,0.0953634524078564,0.367932633908119,0.372660383300387,0.101808174568852,0.371016560948815,0.62761245111293,0.123652152974829,0.470458882737508,-2.27763145328745,-0.0547054076396699,0.104246568026868,0.347783392912613,3.47853783075817
0.481210625723985,0.112819329778593,0.502833896362672,0.531820021149563,0.122768311251892,0.505425292846932,1.42165122002794,0.13840434532644,0.637062614549839,-2.34436549489586,-0.0446472202935828,0.1079152671694,0.349234243239822,4.06024052280254
0.292259969720276,0.105562094822541,0.428409819146894,0.331601187498598,0.118495595976444,0.427825264481605,0.917725354079516,0.135147116511853,0.556811031121646,-2.02486534649249,-0.0471915743759735,0.105954308951595,0.350890127409626,2.80568863382185
0.114821985918094,0.0994585233207268,0.281639318321042,0.179992042148702,0.117986993008089,0.284975756049113,0.90310003685062,0.135982955865811,0.369125570418194,-2.45123574334439,-0.0493218611894503,0.107126843372329,0.362165795017507,2.67334277825738
0.27712749919851,0.118495595976444,0.453593133131948,0.299091857816731,0.128317548190411,0.457029872750925,0.648473871174024,0.152962885176316,0.58379005763591,-2.5294148005101,-0.0588552032714842,0.107944710202691,0.363222113495754,3.04938281978669
0.217330391381212,0.101560595991855,0.382785494518559,0.244964551211134,0.10434648520531,0.39056397425026,0.468650848295217,0.137304762644174,0.519724842077727,-2.53423124843692,-0.0508264393160499,0.0964745246490837,0.339984031800607,2.77860091926993
0.311644411683669,0.103081502305633,0.432634229411303,0.378805767809241,0.119367764858754,0.441559991433563,1.53086188819968,0.135982955865811,0.558548081296486,-2.44560540223512,-0.0480555228064739,0.102918184629493,0.350664332848485,3.42927039206777
0.240490743127103,0.113727596196645,0.349910398202643,0.227309405903064,0.118495595976444,0.344106089621402,0.671163389830056,0.148684712532076,0.456857251388989,-1.95596224485665,-0.055681522445915,0.109185083450464,0.353122754741254,2.8032951595495
0.389114827497176,0.10434648520531,0.427296698151851,0.390772063712351,0.119977330297992,0.43707380924361,1.20195365075327,0.145100003969672,0.578392709285691,-1.76169076513814,-0.0471585415820791,0.10355463648013,0.339466983612934,2.98180416759915
0.00788684796505809,0.0630997171740118,0.320968118365887,0.027095564653811,0.074442040844197,0.329877647997417,-0.155071039047222,0.0854691057648615,0.421766665172466,-2.703158921384,-0.0518426925580434,0.094546620244295,0.351324851657656,2.78796769531248
0.27663950865799,0.101808174568852,0.475814137929867,0.269093163206595,0.106701280633402,0.475290242102517,1.21751489714224,0.133693126381042,0.629091410929268,-2.32460022095264,-0.0583512267700675,0.108531022153275,0.354012136634665,3.35411896663926
0.140853523916089,0.102075307273984,0.406720221399922,0.182690980739284,0.10434648520531,0.407476081144148,0.816833044092884,0.129599287560933,0.52984045381741,-2.2921336107321,-0.0594499013764431,0.102996900519408,0.3524382133305,3.08661415202332
0.36523052700336,0.0951194086641842,0.426175115582226,0.401235924497549,0.0998801010054031,0.428936818890184,1.32518271764209,0.127321409618554,0.570163857802807,-1.97669955294876,-0.0553754893459302,0.103511826183094,0.363433906924445,3.38514036342112
0.131417580453939,0.0823243715825249,0.412628805519406,0.163795104310539,0.0953634524078564,0.413304187037541,1.07079248132613,0.116784465374259,0.534898695432895,-2.33702500442392,-0.0526405652135633,0.0952133793693713,0.356403420024835,2.60197512919608
0.190390949173103,0.0788706775838888,0.329424764174283,0.234111153422066,0.0924036719097744,0.340090468336463,0.568039382217857,0.118930181825142,0.445559499152281,-2.27593244135793,-0.0534671978380356,0.104064847835085,0.341368290076817,3.06839687652683
0.275032953272828,0.0972566369047619,0.414109659878612,0.312126965206681,0.104969338633544,0.41609928036646,1.08567560589114,0.131418555605012,0.5423916273653,-1.91886231636509,-0.0580666683623415,0.100845746190351,0.354920627913667,2.90803059580951
0.253131236023496,0.102075307273984,0.35122543882079,0.25093342816773,0.108986055688125,0.352378603339456,0.903185472219595,0.13004347043719,0.467726889516058,-2.15337775486217,-0.04253418755858,0.105021317728082,0.363149491246525,2.76971746909111
0.233102847452913,0.101560595991855,0.420539624663742,0.243317342588951,0.116527301674013,0.425049485479954,1.47236638205981,0.137174373500741,0.569066424725782,-2.05127343372911,-0.0532625787155802,0.106103694438492,0.347951277338349,2.91947785000749
0.270393248876128,0.103668310128504,0.367589643752267,0.306438413457968,0.116527301674013,0.36601248063696,1.05516904038979,0.135147116511853,0.477989806349692,-2.34703091106172,-0.0502201680592026,0.10921842460776,0.358228371998097,3.33961311606307
0.247405694607502,0.0910079845894739,0.370189221010082,0.329813741370305,0.0953634524078564,0.375801329156001,0.619644652711221,0.10811841879255,0.489162572810773,-2.12706832805909,-0.0497590973030996,0.104960868492033,0.352538562666476,3.00451838396868
0.163401056904646,0.0875591979737857,0.324076702600973,0.173275780992822,0.0972566369047619,0.325264332575221,0.402910956347707,0.117641628,0.413674970802679,-2.20437719792283,-0.0557183905026994,0.10657227438816,0.348054394064061,2.95371202910568
0.135956140792475,0.122292145917137,0.35032342565006,0.137971346427218,0.129871670069571,0.354997692029079,0.409740917832332,0.156047010486845,0.457577069362632,-2.53432321406459,-0.0494229469892607,0.107119044775873,0.354018498899498,2.3234323028189
0.283744236545879,0.0953634524078564,0.359204978425319,0.272521121840474,0.0979379879302981,0.362056413298984,1.01694302444212,0.12189788343496,0.488629140430163,-2.38695652401606,-0.0500954951764308,0.100197182200215,0.353186758987315,3.37871105478647
0.110750692602645,0.0985177806342346,0.389284628865693,0.241041334831327,0.116686327168063,0.400888596473781,0.848422242354664,0.137605260281427,0.518388050500031,-2.71402919128811,-0.0564365441818761,0.105799344110133,0.346159470593186,2.73594802596403
0.387004179766545,0.0802051998185687,0.374101998875828,0.380137357594458,0.0865149389373004,0.380585102627875,1.17607010190385,0.0975696255792888,0.491848857137739,-2.03434493012833,-0.0605729660274709,0.103208941835872,0.358248846189438,4.06711073590001
0.209967608355313,0.090840622122149,0.361954742425772,0.263541199560579,0.10434648520531,0.366996817339848,1.05177837569625,0.1225433625,0.46643845973591,-2.57840033502346,-0.051411226903861,0.104905808017407,0.353170881918952,3.56138279033485
0.197874873460852,0.0895333181725148,0.304601443924106,0.216137976223873,0.0979379879302981,0.307888431576862,0.490788732691976,0.126175865575826,0.395856382731491,-1.84663584692652,-0.058366244642529,0.104270241803318,0.354837905065221,2.42998526933277
0.291563285528544,0.0810965414036598,0.354124969011406,0.298589751301359,0.0876396533399553,0.35655631341131,1.23895827895668,0.101937798749144,0.456732635439685,-2.07964743544887,-0.0543922729334889,0.0993892337488078,0.334474537211365,3.36642844117751
0.271630846922217,0.0975326028278923,0.339844116477568,0.267610386380666,0.105562094822541,0.337896986317014,0.589623637485491,0.133693126381042,0.434837443837784,-2.11348813605777,-0.0371689312427879,0.103807098764067,0.353031943418517,3.2322311230717
0.329734016207908,0.103668310128504,0.404781985089896,0.37184014684712,0.117986993008089,0.407373421941876,1.46759388045434,0.137174373500741,0.553045376227742,-2.35207858809141,-0.0524759300271958,0.105409619965127,0.356932703226413,3.64265803755575
0.305021142507127,0.137605260281427,0.388242116603845,0.320415835790723,0.150680773353121,0.39189450738771,0.662807629282998,0.188431017227775,0.532544890867005,-2.09999119285353,-0.0504325566660122,0.106657525138292,0.350392277798869,2.51458535384137
0.192762348820251,0.108484315727883,0.398734025394033,0.268599706436131,0.122987183592562,0.406361513855609,1.06954752558224,0.14541124594107,0.529755465145138,-2.81437499548977,-0.0456296945547591,0.100778606112427,0.354643957501969,3.07032763882491
0.230044353211099,0.0935443653470641,0.323200139814257,0.288464102691782,0.103668310128504,0.325739834311701,0.78897833588506,0.123652152974829,0.421558335397791,-2.23296391448389,-0.0447138774551902,0.101568001593196,0.351215285466353,3.13516272109609
0.351217253602858,0.129871670069571,0.491905938853269,0.389555923683858,0.142823704658987,0.495742905298943,1.85608812004493,0.181228119853107,0.64997921135676,-2.253942945888,-0.0537709201147965,0.109979536443419,0.35861081168258,3.40551569511547
0.126926220612429,0.0985177806342346,0.342974746321364,0.136604613866005,0.107549530106014,0.34532440747735,0.889008529088339,0.134059986709249,0.450945516758602,-2.47667770597822,-0.0494979365026685,0.102563752224488,0.366989061536986,2.78405454082694
0.463114829543422,0.116686327168063,0.453149653305293,0.514474410963778,0.122428128349411,0.456232691058619,1.25985780843756,0.150050158196757,0.623310416440315,-1.94461475206449,-0.0514128374438531,0.101480097926491,0.35495611067924,3.44392215908732
0.405536383798606,0.0951194086641842,0.435745597618847,0.386187845891252,0.0972566369047619,0.434537948657792,0.997155985298138,0.122292145917137,0.56426069024901,-2.01563737865484,-0.0531262052658139,0.100005073098896,0.36301338699396,3.27765186531177
0.399749423964525,0.0802051998185687,0.451666742237393,0.480491075689617,0.0953634524078564,0.45661946711732,2.11912967081409,0.117999939993158,0.600511813241786,-1.74190330086859,-0.0533598542493756,0.10449242601815,0.352634775821981,3.94578505369467
0.201944655299726,0.0951194086641842,0.35467592877955,0.233179251190599,0.116527301674013,0.360194196872922,0.565845853622465,0.135147116511853,0.47725822531118,-2.08361227547801,-0.0517240455581161,0.10623089056633,0.34661962684064,2.56292787899112
0.15818432726387,0.0951194086641842,0.298891897663579,0.188158728314203,0.102075307273984,0.304701408258619,0.78276416015695,0.134059986709249,0.383876089812093,-2.20654200909783,-0.0478964366056631,0.10243711116059,0.345379225487795,2.78086308933763
0.443292383544394,0.0877152876381347,0.482888386074218,0.459854866200077,0.0979379879302981,0.484316434552203,1.41677734499997,0.12189788343496,0.631075201184623,-2.06419251781985,-0.0567179145813755,0.104568057093574,0.343680926355927,3.75646392996478
-0.0111520078492898,0.0810965414036598,0.294067885136754,0.0660698748748395,0.0975326028278923,0.302141038409955,0.453154124072728,0.12189788343496,0.3997948443817,-2.79529905223425,-0.0441592498578347,0.0990440468507525,0.349424139421768,2.302433819277
0.40159964511365,0.0958253901681247,0.457080866077644,0.432562935419014,0.117375389750243,0.465687619679163,1.31945040064917,0.135147116511853,0.597188625506033,-2.11950296256822,-0.0417114821514249,0.103410379955158,0.348977816904491,3.68169061987213
0.33809627561395,0.0953634524078564,0.379815788567664,0.378108204909631,0.108986055688125,0.386580205905837,1.50666738686213,0.137605260281427,0.502346651980268,-2.03128942681836,-0.0470696368630462,0.10633967513956,0.359930522669907,3.28266358607024
0.306406874333166,0.0972566369047619,0.418517223355119,0.331157997930952,0.0985177806342346,0.420270723906232,0.906171048994135,0.120937148940376,0.558645433250458,-2.21576456795988,-0.0570272270640947,0.100871491951775,0.351446520159578,3.34924068787051
0.367499292930654,0.0869681617974347,0.376509773147685,0.403669474665718,0.10434648520531,0.379778746558113,1.36243783896511,0.118930181825142,0.503371425303873,-2.08487588493144,-0.0468454803647357,0.0999546715942911,0.33973511941218,3.50226141896793
0.0687165240246914,0.0835993738524791,0.269499279658353,0.0767497120829577,0.0972566369047619,0.271473134164204,0.00549532876841561,0.117531003215435,0.348241170986126,-2.1793813236018,-0.0488264864687871,0.102924975626332,0.373163448892066,2.16283089355884
0.392272440517295,0.090840622122149,0.414187275147791,0.430800173379743,0.105562094822541,0.419795824331839,0.973165901796481,0.135147116511853,0.563497165632185,-1.79055436196506,-0.0462788739108477,0.104751403843582,0.348658310736307,3.46619958502859
0.261404533933501,0.101937798749144,0.342595096044283,0.254629676613168,0.116784465374259,0.347555770937497,0.56268904917652,0.137174373500741,0.446042276264802,-2.27779179406296,-0.0501258177943422,0.10764534689053,0.338396572052668,3.31418794381503
0.19576914707795,0.10434648520531,0.353005179862363,0.240552036325778,0.117507501715092,0.355767681911803,0.67523758648753,0.139917860970756,0.459898003709184,-2.23119982216641,-0.0508650361920587,0.106284502877309,0.345543578194179,2.85571213085648
0.354956466348773,0.10434648520531,0.394426820075224,0.420354558038146,0.118440424785889,0.399383608265978,1.35939657100705,0.137174373500741,0.512313637973074,-2.27224719066646,-0.0473862253652986,0.101497350850431,0.348972116154021,3.24553379814442
0.222211830455457,0.0895333181725148,0.36186191004498,0.253835509015242,0.106701280633402,0.367731907721871,0.642172453995754,0.13004347043719,0.478596735782242,-2.07726386995794,-0.054238704202608,0.101217508214041,0.351568692359007,2.56856107045293
0.404107736041889,0.101560595991855,0.423958251101674,0.458455534342387,0.116527301674013,0.42940849836539,1.24750884443988,0.14541124594107,0.550838073189947,-2.00303809056328,-0.0480460348675158,0.10492634207248,0.353423047560678,3.54834405257649
0.144287472336118,0.0924036719097744,0.319373859218111,0.134324165754979,0.0953634524078564,0.323950648705845,0.262214439115411,0.10811841879255,0.405641536255484,-2.25745519316956,-0.0465085996831357,0.108423784392512,0.355150432229381,2.63574467647451
0.196053035772518,0.0953634524078564,0.345328564795477,0.267441297485299,0.102075307273984,0.353662846748404,0.620362387761202,0.127445097,0.47045235070089,-2.33864915276776,-0.0482441886000512,0.102142523526599,0.35599482142735,2.90864578614852
0.296793627485237,0.0946124911714517,0.370715432794781,0.307058272906518,0.0953634524078564,0.370073994940301,1.15704201917436,0.117999939993158,0.492486569837706,-2.04320601735741,-0.0524621732251448,0.101236342056165,0.356862963014893,2.97507216215931
0.275603715711546,0.102075307273984,0.400818773030279,0.296378185974828,0.118495595976444,0.40639877342471,1.2306963132494,0.135147116511853,0.514494416874682,-2.12283666629435,-0.0494186699841407,0.108620942011516,0.34898110060596,3.21613532439514
0.159447465948745,0.0924036719097744,0.316007397872888,0.207479080124565,0.101028068522235,0.317612737867629,0.582379442599474,0.134059986709249,0.401958861843228,-2.47166919418943,-0.0537204475321197,0.107674040160473,0.35428998120321,3.28571663416511
0.365671453581826,0.0910079845894739,0.395676911425117,0.363868218939032,0.0946124911714517,0.397836861786073,0.663128456083061,0.117531003215435,0.53634392160076,-1.91060754532098,-0.0587671783867341,0.098768255929689,0.370459133724276,3.55290301564898
0.31452508048747,0.122768311251892,0.397844546245948,0.310517593968629,0.134059986709249,0.39941378935791,0.806577665746339,0.139620163394222,0.513601410521281,-2.13735523731037,-0.0478080091877548,0.104802102175028,0.35203683657807,2.86310892198416
0.0682409471383311,0.0975326028278923,0.24962836475844,0.0977169895105262,0.10434648520531,0.248005464553668,0.470073536086359,0.136894328755221,0.319147475819821,-2.05509930433859,-0.0538560077818239,0.110589986134063,0.340948171419029,2.16323396001864
0.198760492066666,0.0919364934272606,0.372933125100753,0.20384557892846,0.101937798749144,0.375305631110043,1.12360726667038,0.1225433625,0.475730999978158,-2.20787013260799,-0.0542757079265445,0.106670629730819,0.349917530637294,2.71167777395992
0.310246782593585,0.101808174568852,0.430235552413295,0.3229993389219,0.106701280633402,0.435201646006834,1.22639001385636,0.134059986709249,0.556484082094091,-2.41381081745695,-0.0548342912453442,0.103268357366733,0.349952269099272,3.38242610676312
0.439338233075392,0.10434648520531,0.4390066257397,0.484612087884707,0.117999939993158,0.444747002564567,2.03853295644219,0.137605260281427,0.584255485725222,-2.11585231159024,-0.0561054515077153,0.10531680940683,0.340023612668228,3.8844250078892
0.381144136076477,0.0895333181725148,0.399230082131449,0.433927707696729,0.0975326028278923,0.400108816708482,0.840195167272517,0.117999939993158,0.508199782052118,-2.27860029189103,-0.0570597405373751,0.0964311977469861,0.351836834432122,3.80284062612833
0.252767427436868,0.0895333181725148,0.35641263530906,0.281094933562794,0.0972566369047619,0.35684728139932,0.895262101469593,0.131418555605012,0.460805180141034,-2.31418080429615,-0.0501972632018453,0.100098266131215,0.343976152359494,3.23556793121408
0.206841868416005,0.0788706775838888,0.34104873240653,0.245275445075616,0.0865149389373004,0.34839506536454,0.994975420747531,0.103413295891179,0.447405187248441,-2.67975304817627,-0.0594613186736739,0.100675551329858,0.355991063243812,3.44558703817522
0.177772410646075,0.0877915990404741,0.295861432444633,0.182569270659262,0.0919364934272606,0.295450479330236,0.430924123125299,0.116784465374259,0.377980702861936,-2.09761670060282,-0.0542812692990301,0.102333900765249,0.344252483519346,2.72838140384943
-0.0121678897861226,0.0823243715825249,0.274863417034187,0.0175457631108572,0.0901083826507784,0.280423375117632,0.621264891998297,0.10811841879255,0.369035441215845,-2.9881370230315,-0.0485985620226372,0.103896169036112,0.34557495228508,2.73758159545059
0.266755945290236,0.103668310128504,0.316632052553418,0.221659032712938,0.103081502305633,0.312271598897074,1.015749913582,0.123151166504019,0.399452176057856,-2.00901292910885,-0.0491778016206111,0.105586184638005,0.342166546069953,2.96135955127354
0.0581462841458076,0.104969338633544,0.234758164551981,0.039669236311516,0.118495595976444,0.23311543229953,-0.152215689365929,0.140377782700094,0.29495247335738,-2.41857870018927,-0.0542962796508703,0.110153127530545,0.358772862697941,2.32380407139516
0.382637590111145,0.0975326028278923,0.423642357910522,0.395078260876378,0.102075307273984,0.431427543593841,1.19558814262886,0.131418555605012,0.561597028294886,-2.26440703100946,-0.0483606021409204,0.0984379657029809,0.351266360739073,3.70256341464826
0.358993337416131,0.101560595991855,0.358160045531797,0.343423700619081,0.112819329778593,0.356848328135734,0.973131454183132,0.129599287560933,0.463283066784418,-1.90984381482988,-0.0521250136493881,0.107393038951268,0.348103515054088,3.32819474670535
0.369156391528894,0.107549530106014,0.366090609902511,0.387797210765199,0.116527301674013,0.370377879504506,0.804386441588683,0.139917860970756,0.485267675327689,-1.96238535574587,-0.0628704309283352,0.112098282414582,0.353797417676995,3.62368838337176
0.41348047240124,0.116784465374259,0.448587226645856,0.43118288203493,0.122428128349411,0.45782959837287,1.70182512641225,0.146427719835367,0.596576488997929,-1.99998023650792,-0.0549487203604559,0.106984821468378,0.343767028452168,3.57792988090297
0.478800406322238,0.090840622122149,0.433972901542741,0.459808697325759,0.101560595991855,0.43021361505646,1.42955564773458,0.116784465374259,0.561460989136168,-1.67819981579841,-0.0477882491184715,0.103959979913341,0.355582210719024,3.587470426662
0.342571420944466,0.116784465374259,0.43595445541332,0.389255071811368,0.129593329246944,0.442949751329415,1.71917345537119,0.148684712532076,0.558390168417506,-2.20994624818921,-0.0521435721497003,0.108400378276186,0.356213700157823,3.51338336988395
0.34629806592461,0.0700247785714286,0.376949041605523,0.382505368210072,0.0865149389373004,0.385190738680902,1.21326933115582,0.101937798749144,0.511045234853862,-2.42002098534031,-0.0451140041383248,0.103292736549066,0.356999666195003,4.2603829987912
-0.0376628357617453,0.0946124911714517,0.294896526182822,0.0233320693081292,0.103081502305633,0.299545493262405,-0.200325169908937,0.127445097,0.37760042542542,-2.75688617647915,-0.0529445289247684,0.104000237055053,0.350403527455942,2.37164726674997
0.28922114070595,0.117467677291784,0.376287684697143,0.347589017107474,0.123664776110516,0.37868848026227,0.88110545683205,0.150050158196757,0.490267610578849,-2.24126422604583,-0.056704435628457,0.105617982996899,0.347090333745353,3.29684795990761
0.449563804720134,0.101808174568852,0.476154152294138,0.452596300528163,0.107549530106014,0.482860381041579,1.07111111771504,0.138814262208647,0.622190167806267,-2.09212647495651,-0.0443856162297775,0.100403892931028,0.348414457145149,3.53795266112473
0.0830281510553409,0.0951194086641842,0.275049277748271,0.102941080658345,0.0985177806342346,0.277260773135143,0.370825176602121,0.12189788343496,0.357014978300941,-2.27360952003691,-0.0617238334640662,0.103134574527058,0.351983199922044,2.38221647176909
0.43018995676723,0.0910079845894739,0.433652957587769,0.462366660786501,0.0919364934272606,0.433985386081219,1.65499337050567,0.118930181825142,0.577137294816443,-2.08564121676235,-0.0647327263456274,0.107125695404578,0.357726992407013,4.34435000689553
0.348606516608527,0.116784465374259,0.405533803607768,0.336773635557933,0.122768311251892,0.408571562190328,1.0671977003098,0.139620163394222,0.527124361684848,-2.06417441187883,-0.0445903127811315,0.105569654862601,0.344727214945698,3.28548942523088
0.162781137656921,0.0951194086641842,0.293097801453845,0.182974110345556,0.0975326028278923,0.296391625204243,0.731785239990393,0.134227833545252,0.392664080677279,-2.03591954108165,-0.0561734217458282,0.106426339960674,0.356240581621226,2.6237091000986
0.260509758245957,0.0924036719097744,0.371554852028737,0.260351196575117,0.102075307273984,0.371707242975628,0.878150158144402,0.135982955865811,0.503258663835476,-2.26261288947825,-0.0567283505603351,0.102838845575862,0.347024033267463,3.32963467636044
0.281973179332209,0.117507501715092,0.390728073030383,0.263535361248204,0.118495595976444,0.384173214126729,1.09302015682071,0.139917860970756,0.489750049988991,-1.82723077898199,-0.0591994306416382,0.102993123324533,0.364297382642937,2.66025648032261
0.292160807612471,0.0731494521209192,0.386686499596501,0.291793129945825,0.0802051998185687,0.388997138206958,1.58724001031716,0.10067881582234,0.500866983300982,-2.06458788254957,-0.0430067297720609,0.098485030579825,0.34859291610045,3.21828362248674
0.198095430193702,0.0875591979737857,0.359389500375741,0.214156492734852,0.0951194086641842,0.363441019919279,1.00960281315382,0.117641628,0.460485388724682,-2.18281888966249,-0.0539076887757031,0.0993137886358248,0.343913258897658,2.86987851928923
0.21984767893944,0.0919364934272606,0.32945001980315,0.275225686184039,0.103081502305633,0.335094028421983,0.901019166153502,0.129599287560933,0.425382204254673,-2.51480733292567,-0.0518418680121657,0.105591837437407,0.36372337715742,3.36432331520487
0.168267000141231,0.0946124911714517,0.308518065091194,0.210541264210858,0.101560595991855,0.307327866909423,0.443290477579184,0.126175865575826,0.415220507292459,-2.40082402733343,-0.0459578343294569,0.105129677594895,0.355202561593321,2.90739569434287
0.177767851432392,0.0985177806342346,0.357812701050188,0.204350435250015,0.116527301674013,0.359430662138409,0.383587922559568,0.137174373500741,0.475394473784281,-2.31807840445966,-0.0480089000329661,0.100076341012006,0.340592790827557,2.50786460493801
0.286591829341206,0.0975326028278923,0.42037203801432,0.319051706239204,0.108484315727883,0.427418945713123,0.938919561577025,0.135147116511853,0.563619342720138,-2.28944490400315,-0.0544229026436072,0.109597927067792,0.356050194033867,3.52019066195972
0.261195836536842,0.10434648520531,0.379550865713578,0.340738928700013,0.116784465374259,0.376293229100216,0.682602205715545,0.135147116511853,0.489569686754149,-2.34870121761686,-0.0477232014774586,0.109611268717586,0.346227259759367,3.35521597172732
0.101747395307873,0.0886660025708112,0.243737988186676,0.135738931080409,0.0999054994721161,0.249726318821669,0.423441395841409,0.123652152974829,0.321525980533922,-2.19764990660995,-0.0526361986045678,0.0999160376509453,0.348564163890924,2.34739633614457
0.281608534329401,0.0975326028278923,0.436601646376777,0.322412819254095,0.107549530106014,0.445546875369626,1.04279827540684,0.135147116511853,0.593992746323988,-2.37980625798054,-0.0502431121523355,0.105606572756996,0.346014445030911,3.35036485191624
0.195096632214612,0.101937798749144,0.35983788416249,0.230043093433026,0.116784465374259,0.3637739651792,0.3678756134606,0.135982955865811,0.483735634527289,-2.36621480309837,-0.0520474341941084,0.110840039088014,0.356884645272758,2.97387825032951
0.261181899226263,0.103081502305633,0.382286609910395,0.280349563183574,0.117375389750243,0.388313047306249,0.73403780971006,0.13840434532644,0.506347881970761,-2.19874606924911,-0.0498427288394059,0.103788255004693,0.351311152869416,3.13034048232511
0.292725925332325,0.0901083826507784,0.459266509862891,0.371993761920099,0.0975326028278923,0.467530225879113,1.55345417106122,0.12189788343496,0.614151176593818,-2.50320937142284,-0.0428400884335502,0.105033488712705,0.347585727130116,3.70890491484347
0.491534548332417,0.113727596196645,0.44811900562054,0.516036124908772,0.121572032830684,0.448651291087022,1.70853529730914,0.146182839820192,0.578603868188071,-1.86281672144845,-0.0551344435915036,0.104694493001476,0.347111003088547,3.69944135735351
0.259605144864072,0.0975326028278923,0.31188252609325,0.282632729489794,0.102075307273984,0.320684065529482,0.967973024702687,0.134059986709249,0.419931408661718,-2.45411928993647,-0.0563531370880178,0.108774055110461,0.367988403484423,3.5853505313405
0.175985714170327,0.117507501715092,0.338485242654106,0.187507776130257,0.126381643621515,0.343847686583616,0.965806328335786,0.149032920289762,0.441099922136793,-2.18948625493864,-0.0546231226247475,0.107830510900937,0.34474647429399,2.54541949125955
0.339096799050286,0.106701280633402,0.458405139484125,0.379774940490309,0.118495595976444,0.46251383371739,1.09927148484653,0.137304762644174,0.597252466072412,-2.35660037550835,-0.0469105445802098,0.104836616226711,0.344257145220775,3.2592006926081
0.185397322232807,0.0700665250200376,0.312581088930562,0.179403217675341,0.0783540021436231,0.314256067752902,0.601413084641483,0.0895333181725148,0.40985480435867,-2.29427631140466,-0.050485394742413,0.0974727252739164,0.356286508636652,2.95579301902097
0.550478121074184,0.10434648520531,0.480341687646257,0.591087806744898,0.116527301674013,0.48681142851935,1.76734325799082,0.137605260281427,0.639889954151231,-2.08581159667214,-0.048431044838189,0.102153343481252,0.357104739431047,4.14091958967272
0.628190186435912,0.104969338633544,0.532176224345355,0.671878188240483,0.117375389750243,0.538569600118356,2.33431671607108,0.139297456681693,0.717506152812107,-2.15326075760425,-0.049334901489102,0.103794243173617,0.350254933729462,4.58483465813164
0.367870767554501,0.0979379879302981,0.368083311596724,0.405588036897847,0.112819329778593,0.371347023223978,0.88089447162195,0.137174373500741,0.510757039078807,-1.94178561818674,-0.0542680158081844,0.0988835995398404,0.353116941091076,3.03462151258788
0.284026830938437,0.116527301674013,0.389387950266692,0.278581216007403,0.121572032830684,0.390034438473275,1.07396274194571,0.139620163394222,0.504757242695922,-2.01840951563379,-0.0488543885114935,0.101861476875509,0.358890943163155,2.614047270739
0.144048110171235,0.111750346979833,0.266908828517616,0.150408326806451,0.117986993008089,0.261434590769688,0.308406583602506,0.13840434532644,0.336867331685756,-2.029339937603,-0.0593692980985899,0.107560210406841,0.345244954804141,2.1504910668687
0.297772829605968,0.117425564960473,0.389171586929764,0.299433432195589,0.121572032830684,0.39091179681207,1.09420095674792,0.141456050996899,0.516873299457978,-2.12434731482162,-0.0506541178842009,0.105711568676415,0.351922853955931,2.98656336757144
0.157155628336752,0.106701280633402,0.358813767793572,0.223035126069829,0.121572032830684,0.364207946350701,1.08611117697184,0.14541124594107,0.473014375944714,-2.18763245290443,-0.0640925815933669,0.107963049147902,0.351676434547029,3.02257311402132
0.194177395748411,0.0999054994721161,0.351382646012528,0.232054530070091,0.116527301674013,0.353726924654538,0.442566518819291,0.138814262208647,0.452747225171217,-2.17255467073045,-0.0595833785373769,0.101257639330596,0.347082175499131,2.84960818579985
0.444411559530432,0.0975326028278923,0.397260751672538,0.453998719351634,0.101808174568852,0.395807080097458,1.42077811781407,0.118930181825142,0.505991323229047,-1.77604997125232,-0.0474426925014014,0.10512042280843,0.34804169754065,3.51810355773924
0.10003705595867,0.0823243715825249,0.228867059520801,0.117612764779652,0.090840622122149,0.228665230136382,0.26863094798958,0.117817534146302,0.310491487309902,-2.34944656954033,-0.0506007457727166,0.108938036177148,0.340548711650958,2.8690996318434
0.233887369388164,0.0810965414036598,0.320094116976842,0.273125042869089,0.0901083826507784,0.320183129006444,1.0349368156421,0.116784465374259,0.412114051850733,-2.06472247205108,-0.0650921919014664,0.1000201658306,0.365060136081761,2.99033240568647
0.358069092657313,0.129593329246944,0.402595297728926,0.329290836350727,0.131901219272727,0.400358075609334,0.925127574735809,0.152962885176316,0.5116410727421,-2.25695721167551,-0.0466075910628821,0.107995979196404,0.357621351081656,3.14174178670376
0.18793744314815,0.0975326028278923,0.340659404216686,0.25480856086951,0.101808174568852,0.342814819939085,0.793983694077253,0.122292145917137,0.428121282665756,-2.31330303350547,-0.0621952613353028,0.108803053674745,0.345201139174409,3.08010512594963
0.244646811458772,0.107549530106014,0.373608642549951,0.287753805003677,0.117375389750243,0.373428304801515,0.81600956971323,0.139620163394222,0.476352931806102,-2.33099460735019,-0.054311997768166,0.103792856317401,0.362578999694916,2.7329860730348
0.174396946092989,0.109509659526423,0.359825433996789,0.138214968818291,0.122768311251892,0.358793864832584,0.274916853945478,0.138814262208647,0.453457773630618,-2.39373432928353,-0.0638175795167869,0.100247465944582,0.345538480218475,2.54475544184826
0.0534721310856735,0.116686327168063,0.253910536061743,0.0358862334706018,0.118440424785889,0.258509120438309,0.0532442790540576,0.14541124594107,0.338015807237325,-2.18241219046441,-0.0543227638592793,0.10349221921419,0.357205391672597,2.08146089656695
0.183180865152952,0.0953634524078564,0.342857140084897,0.208830318040788,0.10434648520531,0.345644466178745,0.848458726266435,0.117999939993158,0.446319592329933,-1.95984022999581,-0.0545745924451228,0.107206482075298,0.347770223124643,2.80850126712361
0.0854484875536831,0.119977330297992,0.342958146430892,0.118734023694231,0.126381643621515,0.341410756924484,0.870328957416346,0.148684712532076,0.438116369254021,-2.61991737401455,-0.0565450058342707,0.10911351975197,0.357014714597372,2.48004161839324
0.287695633793469,0.118440424785889,0.354790518455061,0.31354063282887,0.123664776110516,0.35616655154499,1.06013851519479,0.156047010486845,0.46375765715017,-2.02788709707456,-0.0576442193337187,0.106950252516528,0.356609957663106,2.82779245083187
0.36642514269785,0.107549530106014,0.438964051707256,0.388622284941832,0.118440424785889,0.446149618028529,1.10310154343278,0.13840434532644,0.565410991947954,-2.39302841340827,-0.0463442388401761,0.102104145866324,0.356708734252952,3.52331281650879
0.193366260912095,0.0895333181725148,0.318198065455415,0.222024728075668,0.0975326028278923,0.318561725770652,0.587924650559552,0.127321409618554,0.410230910970298,-2.29551400458533,-0.050385985724975,0.101882700121222,0.353827281131136,2.91683189570628
0.132717585080759,0.0823243715825249,0.347202487754954,0.184055912105261,0.0953634524078564,0.35552714187329,0.643460975119907,0.117531003215435,0.470306849093629,-2.27559395732679,-0.0528435888720947,0.104767565521417,0.358938117251379,2.76835657288285
0.115782208682025,0.090840622122149,0.298272594866762,0.179304119521994,0.10434648520531,0.306427448342179,0.506807537487695,0.13479769875,0.407696459915009,-2.42286302286881,-0.05374141520406,0.101192471270258,0.33702593765576,2.79060160192555
0.159203752577098,0.0953634524078564,0.273682388194007,0.183107864144401,0.0985177806342346,0.276771553491547,0.67818413125989,0.121915753534865,0.361637978500315,-1.89981217409119,-0.0578783761467169,0.102281191625353,0.354107399707901,2.46784037413089
0.425700915164772,0.0975326028278923,0.405461931950788,0.44460501645706,0.110307515617258,0.413524364130951,1.52677712337389,0.135147116511853,0.545521198566985,-2.09017439073837,-0.0513510656116503,0.104267140009682,0.348946065658212,3.60205275500073
0.205482017127902,0.0953634524078564,0.365415644684579,0.232754596273869,0.0985177806342346,0.372576054822244,0.975142024129947,0.12189788343496,0.482413018890388,-2.27974128506016,-0.0494298834020232,0.103092529750489,0.347016107465815,3.22711139905953
0.229635570850918,0.102075307273984,0.295616147770206,0.232818567948523,0.112791196951989,0.296428673106356,0.391105441098458,0.139917860970756,0.385417995648101,-1.93247426060129,-0.0541717780012394,0.101832303234312,0.350907440290477,2.42220946635719
-0.0139159881073683,0.0919364934272606,0.2255101649217,0.0438208566622526,0.0979379879302981,0.227887982476537,0.340418535301462,0.12189788343496,0.294685725846875,-2.4836038753111,-0.0492876370545392,0.10250069487145,0.358346964475508,2.05243464726423
0.215172483990257,0.113727596196645,0.337933232678469,0.280311047744709,0.122768311251892,0.347058000462359,0.697960017819879,0.142832816407646,0.447029619433484,-2.49189125144796,-0.0533129870540267,0.103756691344696,0.348164422597364,2.90016600819496
0.0774659231912067,0.0895333181725148,0.255583068191598,0.101083168704277,0.10434648520531,0.253914526364619,0.288639105141559,0.126957234188221,0.329899641074508,-2.08026858204655,-0.0504955410481669,0.104421200058722,0.350143297654772,2.32268562338343
0.260701998987757,0.129593329246944,0.366139144343626,0.236670643868931,0.134999257875971,0.363253958459983,0.291706404199228,0.168100296814105,0.474999069126831,-2.08626020507214,-0.0464914699717068,0.103065913214411,0.347037473888239,2.51555599211458
0.0110593601224797,0.0876396533399553,0.261863032215891,0.0505745172889832,0.0946124911714517,0.258034059505981,0.303547694568484,0.122292145917137,0.347636926433545,-2.33825544574604,-0.0574556026621718,0.103102878107785,0.352908074031633,2.51097596260607
0.150730078713083,0.101937798749144,0.409323001853417,0.161597254586252,0.121915753534865,0.412888301114784,0.288786594684862,0.148684712532076,0.540414129387571,-2.45462454740225,-0.0514574938424942,0.103327727534125,0.354881630575565,2.64780273197339
0.517250171928156,0.0935443653470641,0.485499396927981,0.547918430939832,0.116784465374259,0.493149143033901,1.83971779704608,0.135377405530271,0.634973272580901,-1.93256376148766,-0.0446200956547323,0.106990734677516,0.339598345875654,4.28349549078386
0.370662338601445,0.106701280633402,0.414715858549289,0.402845618203058,0.117507501715092,0.421552238905597,1.61677402038019,0.135147116511853,0.539721200316102,-2.14711478063791,-0.0481672415809999,0.108327559190119,0.345674932387636,3.45321408007725
0.388089889201101,0.111750346979833,0.374291952066465,0.406745106789112,0.116686327168063,0.376907588899166,1.24114682014865,0.139297456681693,0.496820816060248,-2.40527316284895,-0.062301381277462,0.0991182657289061,0.34841148763242,3.7876079726006
0.350750857350146,0.117375389750243,0.410302438044938,0.374196884159392,0.124214171240005,0.415797486165195,1.34444717365226,0.148684712532076,0.549618296366596,-2.26397415365698,-0.0452554437944336,0.0999093139334607,0.359402293721205,3.2869979773183
0.18537889145704,0.0810965414036598,0.305611806522185,0.220431811590207,0.0924036719097744,0.299952199178937,0.525290558942916,0.103413295891179,0.382155258798551,-1.87370861196037,-0.0523593961916054,0.103292721983065,0.348484346324813,2.71037017663517
0.00202073118292986,0.074442040844197,0.223432183807889,-0.00420095025431105,0.0869681617974347,0.22675050639793,-0.446818865059246,0.10067881582234,0.287870137739331,-2.37886766765675,-0.0626338484476323,0.105794621739926,0.360204018158648,2.27672587648443
-0.031012624580673,0.0783434059781662,0.21151497959529,0.0217172831683157,0.0953634524078564,0.218543371491378,-0.025552808600367,0.117817534146302,0.294316269927839,-2.6152721724163,-0.0543566225813621,0.101531587886025,0.351202537768396,2.42553343903336
0.201030623793292,0.101937798749144,0.344773743113445,0.257633807796629,0.117425564960473,0.345447385902821,1.45250386087707,0.137605260281427,0.447770177665944,-2.50134490213545,-0.0455895499256118,0.104308080900321,0.350590381286517,2.876923242368
0.0337933828309056,0.0999054994721161,0.299046272125841,0.106039539798951,0.107549530106014,0.302855086452351,0.579433628726081,0.136894328755221,0.386350754404125,-2.59235590861618,-0.07234069660441,0.102039303953269,0.360314143260359,2.30031837633588
0.363901059421628,0.0951194086641842,0.350640200415774,0.384264638599302,0.101560595991855,0.355781892962888,1.01471452067127,0.117817534146302,0.454689103800002,-1.99799816719412,-0.06186938667596,0.109904995550315,0.352578097870112,3.7645423938578
0.233906414403556,0.105562094822541,0.360133357732392,0.20718628397872,0.119367764858754,0.360889878906153,0.344204549094305,0.139620163394222,0.46962894603662,-2.36457087892172,-0.0605595666020353,0.1031978613127,0.341717205004628,3.14068436508384
0.292423281029343,0.116784465374259,0.318648621158768,0.321389974133991,0.121572032830684,0.320685273174705,1.1422952371942,0.135377405530271,0.40968923834381,-2.07779315437179,-0.0587732373103562,0.108629789862243,0.347060330083517,3.25604269092736
0.101286562463931,0.108484315727883,0.323464873313796,0.136453065252561,0.117507501715092,0.328710131991312,0.483902501797691,0.137605260281427,0.427402857692256,-2.23001961728055,-0.0554803403510492,0.105602924671505,0.345944957108958,2.57631613182089
0.342655946677462,0.0953634524078564,0.408122355028543,0.390245430243633,0.116686327168063,0.410440188998873,1.54444418386866,0.133693126381042,0.541584110010366,-2.16596418229438,-0.049048376223886,0.105066683305426,0.354460309558676,3.44176318986667
0.230304794414127,0.0741880853153339,0.328477870647212,0.29321292531819,0.0865149389373004,0.335277430830998,1.08417105274015,0.0953634524078564,0.427891006687027,-2.07174808080292,-0.0488943692398606,0.0979151236526168,0.344383374581596,3.25800917753211
0.228898531883962,0.0700665250200376,0.376376950890993,0.223711842502505,0.0773741609493543,0.383182656466696,0.998128640334431,0.0999054994721161,0.504445041378897,-2.24239060495,-0.0552520708063696,0.10151680743334,0.35894879325608,3.26849383737391
0.249260261648218,0.0741880853153339,0.410693573810193,0.263930945753695,0.0867794918778152,0.418395270540422,0.929611904938497,0.103413295891179,0.542748926627783,-2.06084194095219,-0.0536570360027353,0.102819443174911,0.358106709510009,3.27851766482414
0.419226622224126,0.0910079845894739,0.498796992407589,0.449868835386744,0.0951194086641842,0.500267677447713,1.82304505529193,0.116784465374259,0.646364901881877,-2.36043868898103,-0.0561817590285966,0.0979394254228868,0.349300556617033,3.78428128723964
0.389853243584294,0.105562094822541,0.383360199435459,0.399623948769431,0.118495595976444,0.388118206663752,1.17948342734233,0.135377405530271,0.484331779210894,-1.86727721540869,-0.0515249151354993,0.111022856943777,0.349575989727247,3.34894001198298
0.242545529808682,0.0901083826507784,0.358828957180772,0.282664366492286,0.0999054994721161,0.366498777485627,0.802985964659359,0.133693126381042,0.48148976766083,-2.14307603307655,-0.0511070380485706,0.110240800388967,0.352740004199616,2.97422395170385
0.167576477941615,0.111750346979833,0.360647586953021,0.206862764262624,0.122428128349411,0.362024702392453,0.947736439722619,0.137304762644174,0.486173913570834,-2.61483937787128,-0.054922608654673,0.108068131127781,0.350040499291017,3.30048140909897
0.0603296380009664,0.105562094822541,0.246495093266818,0.105696292487808,0.116784465374259,0.24718906381549,0.439298919009913,0.140655526598911,0.328270716245392,-2.18600163745859,-0.0502498297648161,0.108172412598301,0.360004054894118,2.29443945642308
0.361710335610044,0.0951194086641842,0.43344139142929,0.393918951922741,0.102075307273984,0.429244551674503,0.946302447675446,0.126957234188221,0.563827897273847,-2.16271572972868,-0.0557699316747129,0.10049238853874,0.362950497365451,3.56952424693039
0.32900783511649,0.107549530106014,0.423923433443092,0.365722239896123,0.117986993008089,0.427953690974206,0.779565786525957,0.137174373500741,0.551764066360948,-2.14204376880377,-0.0559229684445145,0.102305934499812,0.350626218720032,3.2175110303611
0.306602335874033,0.0951194086641842,0.438213723328066,0.371703368292783,0.106701280633402,0.447060842281263,1.54875285689991,0.133557958199358,0.568390033215404,-2.48261113906901,-0.0439299358555352,0.103195388554861,0.35583546812021,3.70632113285688
0.263184413553587,0.107549530106014,0.40410294797669,0.359863959308194,0.122768311251892,0.413843802275505,1.07409626063866,0.150050158196757,0.545651199344008,-2.40756339309482,-0.0610183114295598,0.106903855067711,0.33554167485701,3.34418693902919
0.285253017518713,0.102075307273984,0.402856359544726,0.299279046686204,0.117507501715092,0.406322851762443,0.758988063521827,0.135982955865811,0.530987072977635,-2.18671405227952,-0.0572170849992717,0.106347209956042,0.348855211163672,3.22474623382414
0.301743586139546,0.108986055688125,0.417755347426495,0.305688849890519,0.119367764858754,0.418970905155205,1.10776950897836,0.150680773353121,0.564679951433385,-2.17556105000455,-0.0596256762078065,0.107107276701211,0.354661979244298,3.00303163776159
0.2964920549781,0.118900209941684,0.373443322022812,0.327185500792243,0.128317548190411,0.37729555986118,1.17739707849158,0.147052035,0.472018373068976,-2.25886724508611,-0.0558494953600771,0.104416393848074,0.342829840320958,2.98774314478971
0.378940177226753,0.123523259139205,0.387891650038077,0.392759552215949,0.131901219272727,0.391802071999823,1.19208886840812,0.162554338046487,0.51071697794288,-2.03045765653999,-0.045518522078855,0.106815173027208,0.341750511997225,3.39343863922697
0.179490763455581,0.10434648520531,0.343308723338955,0.230778450202852,0.116527301674013,0.350988317595477,0.579184185987146,0.137605260281427,0.457808980484204,-2.70966422725737,-0.0535619623256268,0.103098852974022,0.347709448801163,3.17925092762428
0.0569142317624783,0.0953634524078564,0.253268329832817,0.111779121704461,0.102075307273984,0.257571157646209,0.357776770713521,0.129599287560933,0.322878384220772,-2.03399626096931,-0.0533456837780895,0.106770467676455,0.355063101016793,1.98433406820979
0.404583691050799,0.101937798749144,0.423144426171947,0.440553006405985,0.110307515617258,0.429652871589783,0.90238218287039,0.137174373500741,0.558147308037244,-2.19361778330578,-0.0532449061323831,0.0987705731635273,0.365836667311941,3.2219511708635
0.588287431924007,0.0875591979737857,0.550221341322254,0.637332876703467,0.102075307273984,0.560281213704207,2.01324443044027,0.129599287560933,0.762239314023706,-2.03385597998657,-0.0525330901254405,0.098473142483873,0.349706958388694,4.19286156677825
0.523079701636841,0.075607285868916,0.480424399707004,0.546370863737247,0.0953634524078564,0.487966641184951,1.86671808126872,0.107504109594865,0.664060760138226,-2.04336518009278,-0.0493261665095786,0.105029442447563,0.347135043698945,4.86682634057036
0.0107227857024599,0.0802051998185687,0.245232037014898,0.0430663500598495,0.0975326028278923,0.252664939973742,0.130264668779325,0.117531003215435,0.338282787299244,-2.26449315318482,-0.0522709551082374,0.108268569425085,0.354018823543909,2.49213794987534
0.306810936693816,0.101937798749144,0.319586079370944,0.335281024295461,0.117375389750243,0.319836288265768,0.724432272180993,0.137605260281427,0.411895030190853,-2.01771876873174,-0.0546869201177858,0.105649375574661,0.350744900698443,3.1323871216323
0.220783062833315,0.0877152876381347,0.370629091677689,0.233222589497011,0.0876396533399553,0.360052264301599,0.922817702577841,0.10067881582234,0.453297506073296,-2.33597383027521,-0.0561319401608745,0.101016703958136,0.352840959707395,3.30931014313683
0.479958618107389,0.0876396533399553,0.511661627496194,0.497176550554341,0.090840622122149,0.519310949058104,2.23529673697663,0.117641628,0.722783226902149,-1.9997457597591,-0.0445982383120565,0.097973980910201,0.346588040958057,4.21485906000439
0.345876495446556,0.0901083826507784,0.373039361126041,0.355552971327623,0.0985177806342346,0.37725171470628,0.83778830689171,0.122292145917137,0.494108575646216,-2.06154385483964,-0.0578955380375024,0.0982979873780798,0.357895772814775,3.34258245866905
0.351480253186625,0.104969338633544,0.435095600580186,0.391486524241472,0.116686327168063,0.43884528853122,1.28617894972103,0.136894328755221,0.560670892990567,-2.32186936930755,-0.0528145219484463,0.103626396323857,0.362198119573746,3.44495909017205
0.375242182652094,0.0979379879302981,0.477016820189445,0.389686873829975,0.102075307273984,0.480825144439744,1.65771453314059,0.123652152974829,0.625851597231586,-2.18116628656384,-0.046945422899508,0.104675457025518,0.348685284721137,3.87907885382243
0.352580511933967,0.108484315727883,0.384871081023492,0.330226837682887,0.119367764858754,0.385309037122544,1.17924211258411,0.137304762644174,0.488085507513612,-1.82687477360425,-0.0525188371898775,0.101580566901294,0.345311596963573,2.99756038748186
0.273317046047547,0.10434648520531,0.409378688901006,0.28124476893413,0.117507501715092,0.413974029394078,0.950245026052453,0.139332289754132,0.549792994463335,-1.95503498280823,-0.0427575744164551,0.101860701572989,0.355587600200183,3.23107382544722
0.308519033855068,0.0985177806342346,0.444683246974882,0.357925485241962,0.117986993008089,0.453236513410625,1.10551502261171,0.135147116511853,0.578128703705242,-2.44241215931481,-0.0523043264395427,0.104587354858496,0.36891094215244,3.39956081299632
0.149542351806445,0.0975326028278923,0.310242963599926,0.142279162441708,0.113727596196645,0.318678058768394,0.518330416967945,0.133693126381042,0.406398482661759,-2.265839693711,-0.0562722089593659,0.107369525984453,0.342888890103262,2.90358809988028
0.397755464801375,0.107549530106014,0.498958377373633,0.43124316376845,0.113727596196645,0.503310332161204,1.59996911066457,0.135147116511853,0.64179405354601,-2.07620170967783,-0.0518243632148153,0.100108904660638,0.35296811075998,3.27677003867747
0.232350885351755,0.105562094822541,0.307809545863018,0.249298648381936,0.117375389750243,0.30735842289217,0.585701716802782,0.136894328755221,0.404513703270536,-2.25200701964594,-0.0486414478126046,0.106578588258061,0.341647665266019,3.36333699733839
0.378075985474643,0.121572032830684,0.4577688335044,0.457520008344421,0.126381643621515,0.461465010360712,0.834493768555665,0.150680773353121,0.606690501114719,-2.36794289721858,-0.0462767619807749,0.102283836926116,0.341889838369517,3.12039495712322
0.482582687599206,0.107549530106014,0.440157330224237,0.4888644943189,0.117507501715092,0.443040577028671,0.847031034478282,0.148684712532076,0.580084482908759,-2.03572532987431,-0.0425060633980109,0.0948418774971424,0.352096361466364,3.41170535250224
0.318181158478751,0.0999054994721161,0.38777211096313,0.323276392903417,0.107549530106014,0.391654707366097,1.06033984172665,0.135377405530271,0.514455180739685,-2.49861649983811,-0.0430805039558285,0.102143847981547,0.345047704281662,3.86862551067519
0.123876499939894,0.0802051998185687,0.338076220223899,0.125069799606285,0.0875591979737857,0.342136202534895,0.413113449765327,0.117999939993158,0.453902230746851,-2.47227004582988,-0.0536291255663437,0.101989976416287,0.353336016730624,3.0303421813868
0.179586690468024,0.0802051998185687,0.358150299233678,0.210565966152696,0.0910079845894739,0.360351177332716,0.482928200210824,0.101937798749144,0.483806849540989,-2.4127934877874,-0.0505146100724018,0.103745935467358,0.355636564564171,3.26933009036447
0.317175328757573,0.0660678088588601,0.319042629598902,0.381293026289968,0.0869681617974347,0.326853527676542,1.0793244907555,0.0975696255792888,0.431888630040031,-2.18529874487174,-0.0539066278238004,0.099720054677083,0.35166342174259,3.76955649843572
0.314503213623324,0.0979379879302981,0.455813828694505,0.333174677210654,0.104969338633544,0.458884198505081,0.962157192388112,0.133557958199358,0.602851381648958,-2.1807411164134,-0.0506286312046814,0.101131607192902,0.362132583556924,2.88577861932185
0.336715964139101,0.132517531300716,0.388678958293385,0.344425969714557,0.135684533296662,0.394812903901573,0.867790054269744,0.16104148422643,0.516468007255962,-2.25823636354273,-0.0386145682425623,0.107925236066688,0.34466204258907,2.98626097271279
0.266441820549082,0.10434648520531,0.401538079559906,0.298622383686232,0.109509659526423,0.405437195538319,1.1342270762673,0.133557958199358,0.522707977747619,-2.20750142527087,-0.0492226531134692,0.107938930476227,0.345944937879796,3.38281275497993
0.346041208493195,0.0827934119852636,0.404076699287049,0.392739025473503,0.090840622122149,0.412322073355658,1.03502588351626,0.103413295891179,0.524896829608635,-2.15873801127154,-0.0536310121311972,0.098665991549887,0.353601274458797,3.89313958588132
0.139160226301314,0.0975326028278923,0.304657364337041,0.15107092906921,0.104969338633544,0.303125461589192,0.428789307739479,0.13004347043719,0.392095040154784,-2.19013474125194,-0.0541233207634451,0.105540903490199,0.360496519277421,2.4058057148315
0.195347387173192,0.102075307273984,0.329279875982565,0.201931077602889,0.113727596196645,0.329779977207234,0.371591849743132,0.136894328755221,0.438902496599481,-2.31791177092429,-0.0522125231792641,0.0989677792711167,0.354174585684524,2.9656011499805
0.332528292553947,0.0999054994721161,0.436069305850425,0.345133911476619,0.103081502305633,0.438093999690091,0.682067467808223,0.133693126381042,0.564942660085199,-2.57585818820568,-0.056168220637645,0.102911279208052,0.353682579263106,3.53143196325251
0.160383894438182,0.107549530106014,0.398273047406626,0.174130722850056,0.122292145917137,0.40583551552423,0.234622426903461,0.139297456681693,0.530400092531171,-2.64621718565179,-0.0473856007106639,0.103836650761358,0.350485574676024,2.81118971763137
0.475298985811855,0.0953634524078564,0.489893327615111,0.513371610827534,0.101560595991855,0.494582541654591,1.26654410495668,0.123652152974829,0.649107659793916,-1.91078703416928,-0.0526832517065738,0.102012519779931,0.362498497898292,3.6564447921024
0.238437139683266,0.0953634524078564,0.325601542830106,0.264617325785084,0.116527301674013,0.32728874383811,1.19248740630857,0.126957234188221,0.415805535947109,-2.04665828676497,-0.0466501734992104,0.107489597599065,0.35044061618916,2.7576426431668
0.45766541485858,0.116784465374259,0.532517434472401,0.521365544639471,0.123523259139205,0.537967682464534,1.87151647223312,0.140655526598911,0.690375948927498,-2.32097376374435,-0.0500413420465483,0.105190456874693,0.349057623881652,3.78842520602847
0.269363450612816,0.0979379879302981,0.377325026834225,0.363150139936121,0.116784465374259,0.384496329377025,0.973278512524494,0.136894328755221,0.498072586443512,-2.42594853453061,-0.0608283095562703,0.109734005479905,0.346635896681699,3.59812355912928
0.352339318776918,0.0823243715825249,0.430717069436372,0.381927351485659,0.090840622122149,0.432573562586642,1.37231117914431,0.10811841879255,0.570818283287984,-2.15314986111573,-0.0482070289790795,0.100030889608974,0.352868311338601,3.52564485734175
0.385629389848866,0.110119568894731,0.47469665715754,0.403287105047782,0.119367764858754,0.481655045071392,1.05231611467896,0.148684712532076,0.618211413284591,-2.00443409439908,-0.0528442440040462,0.104645934310973,0.347438185737137,3.35961421138428
0.213137189454691,0.0810965414036598,0.32779257520901,0.252964379357626,0.0877152876381347,0.326357112793462,0.689211078101321,0.107504109594865,0.4127306500507,-2.17978927927763,-0.0549951115557834,0.102632832864223,0.343874592216224,2.99641252069751
0.0762753351521992,0.101808174568852,0.259817505035565,0.0949825474867397,0.105562094822541,0.260078781407986,0.286843240227784,0.135377405530271,0.336808602749839,-2.29317379737721,-0.0516409584115206,0.103593122354957,0.355719534729576,2.30640389874065
0.105291311250496,0.118495595976444,0.310770406832933,0.132373860691614,0.132517531300716,0.315216836795325,0.526996473516651,0.148684712532076,0.409197944848763,-2.48932651978414,-0.0569797643434123,0.10172298490788,0.348510855733282,2.42499867659342
0.000867573455864188,0.0704011014304608,0.245568939651717,-0.00705909459149032,0.0759377929560232,0.245922320793582,-0.0274002571298174,0.0900420504713116,0.319890597376655,-2.02729642633258,-0.0571433978492431,0.102572414564934,0.355132969477275,1.89489305736553
0.18707412937499,0.118495595976444,0.341549017812022,0.175070278083573,0.121572032830684,0.34007277208498,0.59478747183797,0.13840434532644,0.44835702916541,-2.32124420056007,-0.0620134753117553,0.10959266469994,0.33989115469435,2.76129786485986
0.208424521528507,0.0953634524078564,0.348180295347414,0.26867415877414,0.101560595991855,0.355148267360736,0.701614440092445,0.133693126381042,0.454939737564341,-2.11588504390559,-0.0569215960960995,0.107308612803369,0.354649381273037,3.19145422274154
0.272038454651534,0.0901083826507784,0.360180376626824,0.260774700794036,0.0975326028278923,0.357690615582199,1.1105148399884,0.126561804258723,0.474799217437824,-2.02566607081428,-0.0427310417023644,0.104672356503307,0.352861520117844,2.98015059182817
0.147384632393846,0.0895333181725148,0.290183084792113,0.110446782898596,0.105562094822541,0.288750970806232,0.302299153471405,0.129599287560933,0.366362965359062,-2.18220870521822,-0.0544117661696597,0.104168616928445,0.361809638062919,2.68866306608705
0.25555179381461,0.103668310128504,0.326232914099553,0.259748524508147,0.116784465374259,0.329871026586706,0.930350947822532,0.139917860970756,0.427631520159143,-2.16128332882515,-0.0496388223133729,0.104328478156943,0.335084146146669,2.91686307698019
0.232258382001021,0.0975326028278923,0.365262366783285,0.288197950420085,0.117999939993158,0.372426470169123,0.780625016870657,0.134227833545252,0.478509525400592,-2.41141243310817,-0.0481939096889781,0.102283682638543,0.351820987426498,3.17226758184668
0.289804736302931,0.134999257875971,0.390358907084381,0.280206900034853,0.135901937403129,0.393824774335254,0.750422124592171,0.155535643541959,0.51997168578835,-1.8795699940299,-0.0499524078936177,0.112107202008082,0.349973589556616,2.53884574733479
0.279010902355016,0.0985177806342346,0.384567190791826,0.294490245461256,0.103668310128504,0.381572131302302,1.11794987717319,0.133693126381042,0.489969425638984,-2.25750412191097,-0.0513853973071306,0.103529009015566,0.346759917209451,3.23569925596281
0.322049797464059,0.0802051998185687,0.445336733180837,0.334359175808608,0.0867794918778152,0.447025939456049,1.36412653240494,0.0979425026795289,0.588094225239861,-1.99243343386701,-0.0523013925376052,0.0994718877542859,0.351013091825287,3.09797898305874
0.281620390970852,0.116686327168063,0.366565847613288,0.331395644115009,0.128317548190411,0.371390458900808,1.22784481443482,0.156708004287246,0.484653704749032,-2.10646866155833,-0.0470369461130983,0.106523042356965,0.350872406152765,3.04480627067358
0.259049455532261,0.0865149389373004,0.327083061145184,0.291036677189459,0.0877152876381347,0.328408763165038,0.939462377928743,0.106701280633402,0.41641333475161,-1.89657640818597,-0.0608560102443965,0.100069831624494,0.359089566346566,2.84146591172934
0.239031520134925,0.0804216198756305,0.438867452757945,0.264566305216402,0.101560595991855,0.44436033880055,0.621454733663805,0.135377405530271,0.573931872407965,-2.57844410476808,-0.0405682771439544,0.0980789448415296,0.346782052020068,3.40969856179193
0.148806906590048,0.0935443653470641,0.328677082113575,0.191927842520367,0.0985177806342346,0.33283933603134,0.658379251175324,0.123652152974829,0.441937186568073,-2.3784092557501,-0.0483305944904366,0.105077220845768,0.345073107314436,2.69419820583089
0.303464622323,0.0876396533399553,0.40281445481882,0.337586978635174,0.0951194086641842,0.404441420657059,1.55203372584998,0.117999939993158,0.514990852254016,-2.06062772284723,-0.0622900339851061,0.104554112671887,0.353224025724159,3.41149431232286
0.321222393437062,0.103081502305633,0.368713513476475,0.340836397290457,0.113727596196645,0.373778422624548,1.08451755424267,0.13840434532644,0.483808724063789,-2.51277157936932,-0.0469892568570618,0.100612616306829,0.370070141864747,3.49102847970071
0.136064016379259,0.0975326028278923,0.302963211467915,0.173222692674965,0.108986055688125,0.30677696186105,1.05567618355468,0.135147116511853,0.401818800078314,-2.34316053469044,-0.0475509604943262,0.106264060817808,0.35276842640231,2.78818026661373
0.245107219243467,0.0953634524078564,0.381219593633069,0.274459538224029,0.110119568894731,0.385197270706814,0.677067897463445,0.137304762644174,0.477374981296029,-2.28391299895275,-0.0487303195561833,0.10227318290703,0.366105860219454,2.97224683456514
0.286674256020281,0.118495595976444,0.419807640688367,0.308217136683331,0.124858932330909,0.424200190557662,1.29198288612564,0.148684712532076,0.573879800477974,-2.16192194147352,-0.0485077808044982,0.110179263824884,0.361148476790246,3.27177830374066
0.223442172547959,0.107549530106014,0.292426487739068,0.267670901575533,0.116784465374259,0.295763150868562,0.94791478993524,0.137304762644174,0.383416748591153,-2.24807673255253,-0.0617492848313786,0.1069661251886,0.359465182088393,3.18984220292469
0.26815056462655,0.117986993008089,0.400461719189846,0.275807176290232,0.134999257875971,0.405433804189579,0.609890474329861,0.148901309112561,0.524850508973839,-2.40105510590524,-0.0510505361622154,0.108015028957023,0.361075232380519,2.72373294841285
0.398528442971864,0.107549530106014,0.513536523522578,0.470635264784293,0.118495595976444,0.519403603567686,1.81550913527637,0.14541124594107,0.675190471068714,-2.30691939376193,-0.04774387797479,0.105766001312063,0.347107928976264,3.8060967794574
0.493391505283024,0.117507501715092,0.465274971403857,0.495223745107915,0.119367764858754,0.472817242782291,1.31493666422146,0.139620163394222,0.613229889608031,-2.31597262940034,-0.0479880027708683,0.102539586662888,0.352866439272065,3.9729332285498
0.466374658079016,0.0895333181725148,0.481311086666267,0.487128416441465,0.0985177806342346,0.486438252443149,1.62788908233313,0.131418555605012,0.644493694964548,-2.29537441352285,-0.0581912028880094,0.102890977905709,0.354828935877294,4.36586348559189
0.283213455431205,0.116527301674013,0.373813664673642,0.341268462273397,0.13183959913694,0.380991102394301,0.833828644629883,0.147052035,0.486919203057727,-2.35211378907949,-0.0452736612967965,0.103174331963458,0.352374979639631,2.89729592911745
0.234863715249447,0.106701280633402,0.40097805107589,0.216765758634878,0.123523259139205,0.403052829224098,0.624588810614405,0.147052035,0.526887219753083,-1.87355225866031,-0.0486870043265985,0.103327311923848,0.341003924505781,2.40228744524376
0.159005665254321,0.0975326028278923,0.288972534970257,0.172620426221993,0.104969338633544,0.29419165034766,0.542547050999611,0.133693126381042,0.376407952715984,-2.09227905052816,-0.0609118674469444,0.100344092814673,0.348367251893853,2.68086945182436
0.230815184468609,0.0804216198756305,0.380902491649828,0.259583774951914,0.0935443653470641,0.388013901112526,1.39441037965227,0.116784465374259,0.509474023790744,-2.13248304391112,-0.0554278772551364,0.096737206022751,0.360750148447106,2.99026778060838
0.314331402978614,0.0895333181725148,0.371833858066776,0.32798116380593,0.101560595991855,0.376522723043418,0.877215332124525,0.126561804258723,0.483020662171786,-2.18848116019562,-0.0478442225002771,0.101546332889535,0.367469782856692,3.45370192771845
0.323610890570145,0.108986055688125,0.450459529442993,0.458840736032042,0.117999939993158,0.456767756853836,1.07472990296382,0.150050158196757,0.603872083887533,-2.45783220843746,-0.0602153066991801,0.106908773494797,0.344217340212589,3.30910094038341
0.364994091400289,0.103668310128504,0.466657030362251,0.415416299929848,0.123523259139205,0.475319120901103,1.35549278993782,0.147849683039516,0.60349389212508,-2.07639886320163,-0.0613173342335223,0.105759872991975,0.337455809407401,3.27294630058727
0.149862651661782,0.0975326028278923,0.331868177577991,0.146793645714722,0.107549530106014,0.331632056717785,0.584251759982737,0.134343834444444,0.427762364079468,-2.54841446879241,-0.0544689620318417,0.104612204746686,0.352806731994562,2.80288739390304
0.156224498227004,0.101937798749144,0.345592982074497,0.184270013683029,0.116527301674013,0.348357996603193,0.819626227886387,0.134227833545252,0.443502955211845,-2.63049376495055,-0.0592945597901302,0.102562112213144,0.346576694588969,3.02483125752435
0.456302678552816,0.112819329778593,0.469461801835136,0.490054380631687,0.117999939993158,0.474214488497251,1.62140693242404,0.138814262208647,0.637695107287894,-2.23772967158223,-0.0588291768199926,0.103339569215251,0.347427595178825,3.57118182574549
0.210287531659376,0.0875591979737857,0.307179244034972,0.234235554588862,0.0953634524078564,0.312235422680293,0.570265201514865,0.117817534146302,0.414569176303258,-2.4036331594418,-0.0546199990428981,0.105640538763073,0.344736883317685,3.6808846164256
0.13168014983576,0.102075307273984,0.325453390458336,0.150926410509768,0.109509659526423,0.328758281578389,0.233198970512079,0.137174373500741,0.423559692683995,-2.39888111914138,-0.0597885121358683,0.105756459033714,0.338867242078207,2.8126740707428
0.138386121835025,0.090840622122149,0.339897556114425,0.177218341109695,0.102075307273984,0.346058807250411,1.0711913134983,0.133693126381042,0.445848449655736,-2.1593633721656,-0.0542799135193517,0.102921574200122,0.342924080130219,2.57921540908561
0.131756369563045,0.0833138277177424,0.29606156882056,0.162482936077069,0.0953634524078564,0.292902016465809,0.775959831601064,0.122292145917137,0.394365379024013,-2.42387411765696,-0.0502651529459464,0.104982826821948,0.356866935660251,2.94830253245101
0.171645248121241,0.108986055688125,0.378002799726571,0.156212484657072,0.116784465374259,0.377858148079752,0.599308660973179,0.137174373500741,0.493334950146008,-2.48790272809457,-0.0538666538361891,0.104193614801945,0.339559452758647,2.83427942694382
0.203737489087563,0.0871494842489543,0.377984328497254,0.240079950872113,0.0951194086641842,0.383151115083011,0.652903902427927,0.123652152974829,0.500919910877631,-2.43326890615416,-0.056410389103763,0.0972302268327149,0.350566852992083,3.28605153590151
0.250090868493564,0.090840622122149,0.396345274851535,0.29373168283061,0.104969338633544,0.405482059351461,0.955861810460714,0.134343834444444,0.528495284609023,-2.21560517084999,-0.0519348484374327,0.101806332734313,0.349540729135384,2.93253119814752
0.112238161584084,0.0975326028278923,0.292293778974149,0.126617420179437,0.0999054994721161,0.288598283655416,0.419795987584085,0.131418555605012,0.372384762933801,-1.95622684626739,-0.0630473640067125,0.10138111398584,0.354039366054039,2.12512025297474
0.347479653190997,0.134008947437469,0.434735882308147,0.388444835797522,0.135147116511853,0.441641681117976,1.42303335266913,0.170901048641048,0.557336282172413,-1.9486078628448,-0.0525913652999838,0.106811784434147,0.348469113689342,2.85911829999849
0.114497460033205,0.104969338633544,0.282266124540168,0.165960222282954,0.116686327168063,0.291153510826894,0.287315198881636,0.136894328755221,0.3683369082536,-2.3037138518095,-0.059438306230353,0.107737465091251,0.36153365331955,2.83457397701408
0.240246757170437,0.122428128349411,0.330398067096797,0.287184891335995,0.127342586218094,0.334934021271123,0.785136946142796,0.149032920289762,0.429729108774465,-2.42196518555267,-0.0569853773619229,0.107010691274613,0.357766207915293,2.81996224438811
0.49187689033367,0.0958253901681247,0.490225656708343,0.564233946559226,0.10434648520531,0.49160916033133,2.61037182782532,0.133693126381042,0.651627222115441,-2.44339556885589,-0.044585801165743,0.105077935015226,0.342107041256223,4.27672941167079
0.0209286765054327,0.0877152876381347,0.313990127638005,0.0395006899155464,0.0975326028278923,0.312831372071165,0.48496455524858,0.122292145917137,0.398068495525861,-2.5692363841198,-0.054491411514127,0.101793119476961,0.349640420034886,2.35844959397788
0.252822249195394,0.0910079845894739,0.347265544584747,0.286173358827416,0.106701280633402,0.356832490600951,0.902630747310889,0.127321409618554,0.456042862717189,-1.71445311603385,-0.0539941570838443,0.101316312742862,0.34452487335474,2.63460801812269
0.524163845039777,0.090840622122149,0.49066180300346,0.523674185915087,0.102075307273984,0.489248602845475,1.44292901350189,0.126957234188221,0.658911598747728,-1.90549625521776,-0.0458310001942071,0.101797436749906,0.350403182278874,4.14799594042841
0.000363044986543834,0.0783540021436231,0.21753504552671,0.02392721041363,0.0865149389373004,0.218425332125858,0.319746968249172,0.0975696255792888,0.273045004347311,-2.61082302191566,-0.0514264677589135,0.107354249674843,0.343039058989898,2.90914035613106
0.375155809697119,0.0975326028278923,0.415391131351232,0.376025676838605,0.104969338633544,0.417966859526286,1.36791919821535,0.133693126381042,0.537559452687211,-2.0393548137048,-0.0555520159011585,0.105052264183828,0.349552079684047,3.47893914723975
0.379115653187096,0.101937798749144,0.358244174754644,0.351297271402036,0.107549530106014,0.356824082898194,0.584927429265845,0.133557958199358,0.456668885780241,-1.9897840717517,-0.0521076494907123,0.102827541847732,0.347310473021505,3.35776933873066
0.145341551014065,0.116686327168063,0.315055032133227,0.144042919911926,0.119367764858754,0.318528730289291,0.409060573949972,0.137304762644174,0.40597467440152,-2.29976155077598,-0.0491785177780241,0.103016520102355,0.345246911675744,2.47331996605453
0.49983396961959,0.121572032830684,0.515815798775565,0.51456629257869,0.127742677089379,0.517498345483477,1.57741189242759,0.148901309112561,0.663063434812705,-2.04063192243682,-0.0607400225123007,0.10959937247567,0.360636896672158,3.83525932875349
0.148711813225792,0.103668310128504,0.336625671700538,0.206017184193771,0.112819329778593,0.33672824887077,0.548045543750065,0.136894328755221,0.42516720670652,-2.18906853646799,-0.0583983264323533,0.105374426437311,0.350389665755805,2.3861293178834
0.116301114998213,0.119367764858754,0.329634075380216,0.141705179323418,0.129593329246944,0.334818848273099,0.123401718211573,0.155535643541959,0.441456593650909,-2.44516367744644,-0.0538978910553009,0.108814744699598,0.350921956877907,2.47428528899818
0.139495257608246,0.0783540021436231,0.27843929572832,0.13837114325336,0.0865149389373004,0.282512835958268,0.795603117255288,0.0961584818581328,0.369808894289431,-2.01467152635711,-0.0506987887964062,0.105108367486447,0.355617152486715,2.57342398796812
0.268707377820114,0.0994585233207268,0.293834203114245,0.255137865890921,0.103668310128504,0.297220312439113,0.528208460054325,0.12189788343496,0.381328129068717,-1.87736419800939,-0.0488455387021074,0.106867593004959,0.345527018768791,3.18603934946395
0.15849779794298,0.104969338633544,0.280506548190186,0.214828299212003,0.111750346979833,0.282498612318238,0.910215802809336,0.133557958199358,0.367332840745105,-2.30306009314997,-0.0547469878110984,0.103527768782784,0.347936814759833,2.7294330112954
0.0892396348774138,0.0979379879302981,0.224255490055656,0.0742779033941036,0.10434648520531,0.222439751813588,-0.0588585116071079,0.131418555605012,0.288101269697849,-2.26644440439475,-0.0533017994646947,0.106190372425271,0.351058393953687,2.49031329824815
0.279611582921266,0.113280088278372,0.373793403476051,0.308713462021698,0.118495595976444,0.380332143998669,1.40110007377466,0.149032920289762,0.508998480204428,-2.40609155359066,-0.0611536622548441,0.107065743285135,0.357045486808939,3.29536390560099
0.177876142841802,0.0985177806342346,0.365359389946244,0.204631357333215,0.116784465374259,0.364728386706397,0.760577789496125,0.134227833545252,0.465597631240491,-1.99501347159555,-0.0477568359798066,0.10317766616751,0.334302415943693,2.47049010253366
0.170078343445361,0.0835993738524791,0.318535109980638,0.163763214714554,0.0875591979737857,0.31916701092669,0.76993836274026,0.108986055688125,0.426165203398431,-2.16957715117344,-0.0514987423561063,0.106350984627375,0.343846841043207,2.91924948717156
0.424572824460298,0.107549530106014,0.426072869594226,0.438708136700653,0.123664776110516,0.43162340746086,1.22309506254137,0.150680773353121,0.569984024275679,-1.85989072171068,-0.0489759525708763,0.10221503602068,0.352862687376268,3.50065017969895
0.170070097709509,0.0953634524078564,0.286337918517891,0.167330327247507,0.10434648520531,0.285443312561572,0.525381068737106,0.135982955865811,0.369376639345717,-2.17225514827709,-0.0420423420100692,0.104263972706751,0.362074611046596,2.96947094780147
0.316295496534317,0.0946124911714517,0.384374692822819,0.350199510550017,0.0979379879302981,0.386522508469342,0.89449780149509,0.117641628,0.500685089148503,-2.08244939426289,-0.0514981703388488,0.102264829490614,0.355414322345513,3.06156508144233
0.342685227105848,0.0975326028278923,0.336520442512861,0.329628157992028,0.105562094822541,0.341838105363262,1.07664990005268,0.135982955865811,0.463631475163151,-1.89451798580841,-0.0573206817568121,0.106464578355368,0.353068215104588,3.47324100995104
0.178126609098612,0.0783434059781662,0.308766391511048,0.202424887850176,0.0876396533399553,0.317029534881668,0.805133028748364,0.10811841879255,0.407747597296182,-2.09427896157438,-0.0515521672493148,0.100700494019719,0.341719833534829,2.65441919676124
0.319910869676391,0.104969338633544,0.412627098303109,0.306541336382277,0.107549530106014,0.41471065631146,1.06323712934523,0.13840434532644,0.562397469702486,-2.20863935806493,-0.0584672405644517,0.105800157862493,0.346802537594489,3.40667164309361
0.253495349050321,0.106701280633402,0.420140657862046,0.270485243940411,0.117507501715092,0.424147420249924,0.574637456154571,0.147052035,0.53648735899578,-2.22551386230753,-0.0545370081324676,0.0995461307225694,0.363551818298465,2.6163667642758
0.320439293719448,0.108986055688125,0.407001186782587,0.359227470281733,0.126381643621515,0.416414688700628,0.949805741841834,0.141456050996899,0.532238467982376,-2.32523683149626,-0.0500111759771506,0.101974399933402,0.360951849241903,3.33316973945576
0.244678358364523,0.0998801010054031,0.397827576042896,0.302255462917929,0.10434648520531,0.401032802176222,1.07639957667042,0.13004347043719,0.524799378411722,-2.30203605366559,-0.0570291803547127,0.104830307835817,0.350440908607257,3.28693273565208
-0.0436305770222215,0.0975326028278923,0.226465556839321,0.0456490165906388,0.118495595976444,0.23347514547064,0.266898805315864,0.137605260281427,0.303931240527597,-2.54596742544903,-0.0575862487391513,0.106827420714071,0.34837582578986,2.10492995997704
0.293845458254351,0.0953634524078564,0.37920282090503,0.322051533924549,0.108484315727883,0.385110910167621,1.11400233396623,0.134059986709249,0.506170165079911,-2.22853912745216,-0.0478664112384156,0.102916546451725,0.348047426705111,2.99232435877193
0.332107576905764,0.111750346979833,0.39324359348463,0.356965319332515,0.121572032830684,0.396192470164906,1.21869950133291,0.135377405530271,0.51795193493798,-1.82082157276254,-0.0546176344738756,0.0984208194819616,0.361523072344983,2.7697906757568
0.231127920725851,0.0953634524078564,0.340637990979283,0.268784662642442,0.107549530106014,0.346636941418096,0.711661246078604,0.135147116511853,0.455156944191715,-2.24860190894309,-0.0520873400402867,0.107796866887079,0.352906627284727,3.14307619738922
0.167078647071276,0.101560595991855,0.358967867979678,0.179785955712162,0.107549530106014,0.362924052329434,0.3748188937839,0.136894328755221,0.47391915216578,-2.57047495010986,-0.0448982211197496,0.101387158322133,0.339302524706683,2.9306119901524
0.408927726200113,0.0924036719097744,0.425404273384595,0.45378951278009,0.107549530106014,0.431463832371914,0.900491486236859,0.136894328755221,0.565356108184447,-2.19171199146685,-0.0467090820646019,0.104359208301002,0.34865142950822,4.23197452279493
0.238474232162091,0.0924036719097744,0.372254750493253,0.296451559792027,0.0979379879302981,0.372598306282636,1.06525466415535,0.134343834444444,0.49713314101324,-2.30521384334784,-0.053592495872398,0.103632184764347,0.345503404342062,3.35082060202141
0.334910696632798,0.0876396533399553,0.409670485682168,0.344257395593278,0.0951194086641842,0.40865852599189,0.990605928746061,0.126175865575826,0.546419835915934,-1.95091290564022,-0.0425280653102983,0.110808852445162,0.350383589774144,3.61046859780915
0.198990750449796,0.0951194086641842,0.339954075836181,0.199320335088085,0.101560595991855,0.343058880297565,0.954324265411102,0.127445097,0.452536173493053,-2.05317573784299,-0.0453669685133909,0.0977665799654613,0.343312044212864,2.8417094422882
0.329606937241408,0.107549530106014,0.432558035675629,0.393851290570491,0.118495595976444,0.434787158580419,0.970451210526057,0.135377405530271,0.548842664196468,-2.4737890711111,-0.0553667777069229,0.103708010754303,0.35694788460018,3.55304083276108
0.0341963328075332,0.0953634524078564,0.244290885236146,0.0562746088757018,0.102075307273984,0.250004328154696,0.200811247252269,0.133693126381042,0.31764826792006,-2.05731654138528,-0.0523849134687764,0.102857329887567,0.351037119388833,2.00393075807584
0.156244162725327,0.0876396533399553,0.343779671276234,0.171677084407964,0.0935443653470641,0.344142800205509,0.846756266058596,0.117999939993158,0.457347377248079,-2.4284155499271,-0.0527121803503613,0.103066920002165,0.335154998118668,2.94679562441817
0.647941888084356,0.122768311251892,0.574696656968294,0.643988133729743,0.129593329246944,0.577548126052512,2.06967301661514,0.148901309112561,0.77386777209008,-2.05790095691287,-0.0499351272642824,0.106546783745168,0.355677633932191,4.03849079772325
0.465132426596968,0.107549530106014,0.422006355954336,0.511178290733503,0.118495595976444,0.431085116195976,1.61031077232428,0.139297456681693,0.580698092112843,-2.20506976633866,-0.0478408610142049,0.105991223654659,0.347606306295559,3.9139777228685
0.115047707913463,0.0901083826507784,0.34308655273483,0.170851987490386,0.0979379879302981,0.349827129760091,0.431236210769147,0.117999939993158,0.45786454946739,-2.36094971570762,-0.0548341420713344,0.0984249558652964,0.365589897165967,2.74926782745631
0.130460073694069,0.0953634524078564,0.312821758977703,0.208868668378438,0.118440424785889,0.315999688310837,0.494463237816296,0.139297456681693,0.4132932148166,-2.47334806912829,-0.0551645370612932,0.100112082352952,0.357704368681753,2.47624206075877
0.155056577478309,0.0895333181725148,0.264566903886649,0.203114064279609,0.10434648520531,0.271711647739136,0.768946632960107,0.134343834444444,0.341973260294346,-2.32139831651412,-0.0500807172192425,0.102999528355651,0.348728934693165,2.99583080787467
0.542431169660296,0.0951194086641842,0.515455799320427,0.603883692323822,0.112819329778593,0.52579757281467,1.94493807608886,0.135147116511853,0.70064339568601,-2.51474145130287,-0.0449768057282943,0.101844144547839,0.34765506086329,4.1870037354177
0.219158990215978,0.104969338633544,0.346430819563521,0.243093141055543,0.118900209941684,0.34561020644414,1.01278538680673,0.145100003969672,0.439377055581255,-2.2370036715265,-0.0503856321449205,0.106131101356936,0.348577251046158,2.95096499768449
0.135790337670486,0.0700665250200376,0.368530515530849,0.223863459023643,0.0876396533399553,0.36946071880311,1.4419860905095,0.0996265739290963,0.484638911880125,-2.30839447958178,-0.0552808628501582,0.106549445897634,0.34770267095621,3.11173233884947
0.075679768325272,0.0953634524078564,0.29569138434001,0.106096620095179,0.119367764858754,0.298317144800481,0.708547470635915,0.139297456681693,0.3789503082489,-2.41208065914922,-0.0491700363692536,0.106910718237538,0.366457881239161,2.61539674214259
0.271565504570352,0.105562094822541,0.30672815176948,0.259978620971321,0.111750346979833,0.303850746857256,0.473968977053636,0.137174373500741,0.386674647888103,-1.89866983686465,-0.0461994463730807,0.0994101971040779,0.348346080402819,2.69157922967955
0.278685413317194,0.0951194086641842,0.354776054171048,0.256812634617092,0.103081502305633,0.356436218278438,0.462550490870632,0.126175865575826,0.468097449277617,-1.85160606579858,-0.0594722474724837,0.106229764081855,0.34663280563014,2.86931447604691
0.362543501998913,0.116527301674013,0.504683993437888,0.379600857914268,0.124214171240005,0.508551968321774,1.30586706318045,0.141456050996899,0.659749395525318,-2.52806946360273,-0.0508573378710229,0.0982662774503715,0.339937566026223,3.43522947574603
0.356818314067168,0.0935443653470641,0.37994598742331,0.35879337295451,0.0975326028278923,0.379362376922892,1.70799369589449,0.121915753534865,0.491347486671561,-2.00335330915925,-0.0662244633600413,0.108717528416942,0.345705987487182,3.71429781505595
0.448458798789854,0.104969338633544,0.471178399625225,0.481908134890579,0.117375389750243,0.475858968705394,1.48509197720835,0.139297456681693,0.629394679436783,-2.21325386775778,-0.0531366866392369,0.110821070735117,0.369266916158844,3.7809111853075
0.154301740758484,0.0975326028278923,0.338798117880579,0.15998632467693,0.10434648520531,0.332600364917028,0.922537543559361,0.135377405530271,0.446646214975966,-2.57506914004534,-0.0468060946185538,0.105781820891043,0.348263292915568,2.96472836506865
0.134662395590361,0.0869681617974347,0.234473380083549,0.161638317724959,0.0876396533399553,0.231690188608348,0.213513409798142,0.117641628,0.289116107700839,-2.15439396491976,-0.0522453174373972,0.0996022756197674,0.342166652428864,2.54620403977009
0.261522425535338,0.0895333181725148,0.342838051525139,0.267786257870043,0.0910079845894739,0.342695589502317,1.10775867871581,0.116784465374259,0.443163468325379,-2.07381483067548,-0.0494022313520103,0.101546495378534,0.351445384235908,3.1032536104688
0.162782805816201,0.103081502305633,0.29723116626512,0.173602025514622,0.117986993008089,0.296102491004888,0.474015584309546,0.137304762644174,0.372835806782392,-2.37282364666429,-0.0532565651455086,0.102821843154594,0.349271663091392,2.826006311745
0.227955723809028,0.0877152876381347,0.362474660931749,0.282681472372727,0.0953634524078564,0.364916237279232,0.786169930723957,0.117817534146302,0.468485238129589,-2.21742763120738,-0.0544275859326659,0.100726233648975,0.365349119813622,3.11856585219261
0.22614169519907,0.111750346979833,0.353262307615453,0.271559065305851,0.122292145917137,0.362400023909363,1.37523390585921,0.137605260281427,0.462452871346894,-2.68411820777832,-0.0621764419318649,0.103376771775555,0.353358054286317,3.15584726158508
0.14131149636634,0.0953634524078564,0.300529695761536,0.166363967026394,0.101560595991855,0.300938367322143,0.623659443586486,0.127321409618554,0.386842350422417,-2.06959847481895,-0.0610762323493782,0.104549139686512,0.347462723621477,2.47016863722753
0.181061344534524,0.116527301674013,0.292079087975793,0.171968571436632,0.120706877358952,0.294009178999942,0.312801018035324,0.14541124594107,0.386873969371993,-2.28665524963447,-0.0526237159120616,0.107206026606008,0.347232257856021,2.7048613144501
0.259126434314756,0.108986055688125,0.443557390631475,0.326704515004826,0.117986993008089,0.450627814530291,0.857717086665397,0.139297456681693,0.590249256561266,-2.53104267986849,-0.0494717558174529,0.104575066614482,0.351920938927601,3.30110940510771
0.330325261689032,0.0802051998185687,0.335824013473616,0.330330457208524,0.0874625238895228,0.334045216850878,0.740901379301484,0.108076548733849,0.448357394329162,-1.88224301054938,-0.0572371699363156,0.103415212114267,0.361307254052547,3.24733625664145
0.246344710502397,0.0953634524078564,0.341962180349641,0.285458450465035,0.101808174568852,0.349244386345893,1.31772804141997,0.117999939993158,0.43460482861732,-2.21332824910337,-0.0573462280798838,0.100890198623511,0.346285227388158,3.30195327590734
0.448191251091316,0.103668310128504,0.402052060130749,0.462090749244068,0.117999939993158,0.404953118158781,1.08473744671714,0.142832816407646,0.525363916740887,-2.24002178901841,-0.0634639341636395,0.100249624708753,0.353854731097907,3.82581882781651
0.231438709793594,0.118495595976444,0.390566121631219,0.244185074089852,0.13183959913694,0.395918915293422,0.641063338043242,0.155690932662302,0.506592838096555,-2.62176240729723,-0.0542155114484951,0.104607634701717,0.372742275943091,2.97625513473517
0.188124831861538,0.074442040844197,0.326068307773488,0.236703403598482,0.0865149389373004,0.328542810336798,0.792897522205491,0.101315159927895,0.43272315909366,-2.34859298983932,-0.0598814820204901,0.0994833464308121,0.347021506969762,3.40967912287835
0.404788440053952,0.102075307273984,0.439756719194028,0.466871602191562,0.110119568894731,0.445492759520652,1.48095966819786,0.136894328755221,0.596553191230749,-2.21415629088842,-0.0509335502318084,0.106125251450628,0.351568645334266,4.05978543165978
0.349061321427516,0.0951194086641842,0.424044434288454,0.384743228737054,0.10434648520531,0.430600196545533,0.948916845453494,0.129599287560933,0.553232992350864,-2.30741308793755,-0.0484499163644524,0.101506420088658,0.357420838945215,3.63787526600815
0.289678016022139,0.111750346979833,0.404706985554597,0.291719463079601,0.116784465374259,0.408660024088542,1.07037559660064,0.135147116511853,0.527051797346036,-2.19983127108527,-0.0514933678788729,0.102838422815946,0.35147161639932,3.01869655458392
0.150574681217036,0.0876396533399553,0.301714692868919,0.192532497606059,0.102075307273984,0.308265806225776,0.621107771991341,0.131418555605012,0.398032673016171,-2.27198553823574,-0.0489506769563903,0.103487523644158,0.342358527196587,3.03006330632339
0.215329017775309,0.0953634524078564,0.398919408185864,0.305307978632308,0.108484315727883,0.404762190651529,1.05906203881376,0.138814262208647,0.535332620589922,-2.43544449215778,-0.0612311550698217,0.100027227827241,0.358807618734215,2.88189435613509
0.228248128043683,0.0953634524078564,0.321743903741772,0.281922133690116,0.108986055688125,0.32603808237715,0.839139084976053,0.127445097,0.425180609553886,-2.44325088088152,-0.046176203528201,0.106295833365378,0.365402462104617,3.32180805841145
0.399966989689171,0.0924036719097744,0.395629043352458,0.429443703347932,0.0979379879302981,0.397037605321836,1.12132636167363,0.126957234188221,0.507915156499685,-1.85016523724294,-0.0537114509911397,0.106953538820271,0.351828499048884,3.26147542686702
0.260623374442503,0.0835993738524791,0.365110488272296,0.239277378901215,0.0875591979737857,0.36679953509869,1.28277626416776,0.116686327168063,0.482558254295161,-2.33048257189949,-0.0574161351570744,0.100001097456175,0.349498902785265,3.15317625923191
0.29338092250937,0.0958253901681247,0.435802660510573,0.325299062784152,0.108484315727883,0.435314466445418,0.907211824062834,0.133693126381042,0.572278915730104,-2.11032081108333,-0.0437311588985607,0.0966378769926185,0.354473190408986,3.11514789763881
0.132309950271272,0.101808174568852,0.272293910435292,0.170099892086847,0.110307515617258,0.272557040172826,0.940598327748171,0.127321409618554,0.362901001009226,-2.17888460330803,-0.0526745012898729,0.108605141033039,0.358631823495471,2.81166233072644
0.258930611550689,0.104969338633544,0.343827905520083,0.265537897683065,0.118900209941684,0.348631382451719,0.744056925693911,0.140377782700094,0.461233529079596,-2.12151031202245,-0.0510885760709536,0.106480399607441,0.342347195893383,2.99117809311643
0.257003581674823,0.112819329778593,0.395897260289583,0.26783209780284,0.123664776110516,0.402159313844792,1.25579263511971,0.149032920289762,0.516873458661094,-2.66403433590807,-0.0506233596740939,0.0991258027257362,0.343320491414491,3.31904173647805
0.345645641029619,0.107549530106014,0.421048429956256,0.351080161595974,0.112819329778593,0.424740322148963,1.26936953407104,0.13479769875,0.553644513177758,-2.39906508391102,-0.0476788413440403,0.105108009337776,0.353510458167575,3.95443443039439
0.266113808804455,0.0910079845894739,0.400937753694755,0.276879882688226,0.10434648520531,0.407078268946151,1.48364677840215,0.133557958199358,0.542391867297077,-2.32128888227076,-0.0545317596841579,0.107674230275864,0.351487530896695,4.00215697833269
0.395734807376006,0.101937798749144,0.421436327557981,0.452375707275022,0.116527301674013,0.42971235960601,1.09965180433913,0.133693126381042,0.551813589289598,-2.21323924084584,-0.0551221928719503,0.106093384290582,0.363041798499173,3.64460941498209
0.521799368993509,0.110307515617258,0.459209551515504,0.554911422314749,0.121572032830684,0.464828452848353,2.03147691785462,0.140377782700094,0.603597309844831,-2.09664882889315,-0.046923149899255,0.0986495398221748,0.343136286582903,3.94975605208794
0.235417690496001,0.0865149389373004,0.343504442293335,0.287540447526147,0.0979379879302981,0.350258319173916,0.77846956289683,0.116784465374259,0.455258156799525,-2.12092877872715,-0.0475983760975919,0.0989619511896266,0.340153012279161,2.95244310406147
0.192074240783307,0.101937798749144,0.383042463119262,0.209722615988556,0.117507501715092,0.387821075754189,0.362643707501723,0.137605260281427,0.505466306238608,-2.1437959859374,-0.0504279564408204,0.104532406179483,0.35538252649366,2.73803172562451
0.420424879068879,0.118495595976444,0.392605826853367,0.423916096757274,0.121572032830684,0.393586777930586,1.05841860042775,0.139917860970756,0.520036248456241,-2.0634953413963,-0.0562662524762173,0.10428835540255,0.344109064546762,3.44167049396064
0.449864563875264,0.103668310128504,0.474135381017286,0.51500315721406,0.117507501715092,0.477337486802008,1.74444946023018,0.139620163394222,0.605636001661593,-2.11546220520342,-0.0513265476491791,0.10388575229247,0.343737333318332,3.90372480859825
0.207195787623411,0.0869681617974347,0.34136966718727,0.232000208580679,0.0951194086641842,0.346653730718421,0.740624052625387,0.10811841879255,0.447198518919581,-1.92039532904861,-0.0456976685249917,0.104146614810937,0.356304243057831,2.84642939845235
0.401261153630238,0.0835993738524791,0.397486647730939,0.411452582443228,0.0951194086641842,0.400010711286033,1.30057202440713,0.118930181825142,0.52617792057096,-1.89593778294237,-0.0614550192332138,0.100318155007891,0.354986854381415,3.62453263562395
0.299169135139022,0.0953634524078564,0.327216764850258,0.365264461965329,0.108484315727883,0.338558671991295,1.40308627899849,0.13004347043719,0.433871033796733,-2.18957390308364,-0.0551579098804655,0.103814049980018,0.36039298942319,3.73011287163012
0.334525974589007,0.0953634524078564,0.325481021328768,0.332069359711008,0.103668310128504,0.323154821157098,0.881050417893312,0.133693126381042,0.41810378175991,-1.85525911922641,-0.0488458023995369,0.100147395619911,0.349443337265575,3.08303187443631
0.324532606087056,0.116686327168063,0.470007280977165,0.339535971530017,0.122292145917137,0.476223197244956,1.61313287552146,0.148901309112561,0.597252198305038,-2.49585045956341,-0.0508873253890177,0.107665422784175,0.338379957420008,3.47662110398404
0.243641037122178,0.123664776110516,0.339940823543211,0.248636774894964,0.133545817670478,0.345530552015888,0.760071464700307,0.158231688301139,0.444114212592918,-2.13077054090385,-0.0514358469099349,0.106918032438567,0.353881133103764,2.89107850587805
0.193598040594929,0.116784465374259,0.360686447711859,0.278041159984022,0.121572032830684,0.370787752286156,0.427315087277336,0.139620163394222,0.481142158673626,-2.70634464022856,-0.0626687912541545,0.106848579351578,0.351177821570114,3.21206364402679
0.241343754581633,0.0875591979737857,0.393074045880711,0.211966578824019,0.0951194086641842,0.396521084138274,1.02566951024872,0.117817534146302,0.526384183148492,-2.07323460901988,-0.0566514518064465,0.102771173651097,0.359148229699489,2.84717838145772
0.327263038496098,0.0979379879302981,0.41741359317341,0.358779128569901,0.111750346979833,0.418106427433325,1.87701741440541,0.135982955865811,0.538790638973115,-2.19789884581765,-0.053220757566754,0.105268087855029,0.348674693871782,3.34752704335118
0.325129407884228,0.07865225148124,0.315873839205102,0.353279397676851,0.0871494842489543,0.315694427454764,0.717828548299973,0.101909982743421,0.413496038672255,-2.33647167591349,-0.0584641376377845,0.100845646424199,0.347166640400503,3.7664395394029
0.296804093131949,0.103081502305633,0.382342358851511,0.338630216622494,0.116527301674013,0.388461561655894,1.16419569086131,0.135982955865811,0.499145434425546,-2.07216935555485,-0.0655569316970078,0.105455336147621,0.347840172569333,3.32324433910669
0.180084525709275,0.0953634524078564,0.355881236228856,0.179517896355652,0.110119568894731,0.36035594396024,0.810708021977357,0.134227833545252,0.486504356009664,-2.36519861610627,-0.0500186612515408,0.102390486225073,0.355666921237757,3.0598220388716
0.260506325931833,0.102075307273984,0.377355633260308,0.296328861173726,0.111750346979833,0.380010782064772,0.801746679455439,0.135147116511853,0.504400881508598,-2.06207609661189,-0.0534327391336422,0.106424143318787,0.351010292023532,2.95543113548513
0.212479250862475,0.0975326028278923,0.326769629962678,0.231317905777761,0.0985177806342346,0.321885226604334,0.678409836291548,0.133693126381042,0.409236299689087,-2.12710873161994,-0.0673290030037316,0.107714601319439,0.350989840275866,2.85430049819251
0.351057404503105,0.106701280633402,0.388116035830538,0.407498141256263,0.118495595976444,0.393409618373182,0.842760128960241,0.137174373500741,0.506901086996755,-2.39293385441268,-0.0480515471775165,0.105523609375686,0.355379687398665,3.45514441952725
0.381259828681852,0.116784465374259,0.430222576771632,0.393544470333152,0.117986993008089,0.429143255338676,1.2639626233342,0.150050158196757,0.554730135142603,-2.69333650271513,-0.0519674378868613,0.098307958302188,0.332525439544571,3.36567318390711
0.294472286594628,0.0985177806342346,0.395890779595692,0.297949172711594,0.111750346979833,0.397895608850199,1.20014196225833,0.134343834444444,0.5160341773998,-2.17956044177852,-0.0508683726965445,0.107439275121279,0.359859117903831,3.16592965542729
0.540533204303334,0.0972566369047619,0.528318324721364,0.560506570725619,0.116686327168063,0.532111214970289,1.9076066081679,0.137174373500741,0.688887738016721,-1.99899207412011,-0.0473138804411384,0.103836314697649,0.341502278387294,4.26238204944031
0.256348524486041,0.117986993008089,0.358594057852465,0.282017607508104,0.118900209941684,0.361333369249862,0.189239959153074,0.140655526598911,0.470310599690174,-2.17873094710828,-0.0622230303514212,0.111033077824774,0.365683307727133,2.83961099769876
0.0905661622393537,0.0827934119852636,0.232916662557423,0.0763897617434015,0.0919364934272606,0.225681698808087,0.205375802552237,0.103413295891179,0.299070919510018,-2.19422873493189,-0.0493298601850163,0.0993580485800587,0.346035582213837,2.472134978017
0.0782862577529867,0.078300375966669,0.277426683373276,0.117792300920668,0.0810965414036598,0.284346975473456,0.239284538948311,0.107504109594865,0.360806268802753,-2.4000449956019,-0.0662289679594502,0.10036961224428,0.354303912348372,2.66204550051305
0.240694778059384,0.122292145917137,0.383214825286629,0.282955309161703,0.13183959913694,0.387443354616321,0.925849646902363,0.148684712532076,0.498566831961494,-2.17553293126842,-0.0521652754189395,0.106820260407864,0.344836754747904,2.71139998240821
0.136720891785267,0.090840622122149,0.301979582395611,0.178800901344529,0.0979379879302981,0.302130980050725,0.205011470168942,0.13004347043719,0.388582931696315,-2.17635914654355,-0.0601165816682099,0.102170048949863,0.342517207939773,2.66474120192821
0.34682726769499,0.10434648520531,0.395284431191402,0.356719474961238,0.110307515617258,0.396223782479201,1.17785531697053,0.137304762644174,0.524295815943139,-2.44299372009166,-0.0554000427363169,0.104618585006183,0.335985739551029,3.56235511097072
0.381596382371048,0.117507501715092,0.372893831115452,0.351701782779307,0.118440424785889,0.372482298096291,0.899785724213629,0.137174373500741,0.487508706329888,-2.14423639612691,-0.0550341876666442,0.105172051556402,0.353507185777049,3.43880858822914
0.374757614691358,0.0999054994721161,0.425768573644222,0.416443962436015,0.104969338633544,0.425552258098184,0.989127255367917,0.134343834444444,0.547674982979063,-2.20313018915347,-0.0515811717825273,0.106167865541873,0.352480177688127,3.76190144579582
0.331442646171115,0.0985177806342346,0.362661857725829,0.35375815818828,0.101808174568852,0.35963112957992,1.02923626096175,0.1225433625,0.464608867761818,-2.01086115090052,-0.0624011838270875,0.102247056965807,0.339193013819659,3.28716226684868
0.428718703138421,0.101937798749144,0.443184608695377,0.474602729464201,0.118440424785889,0.444063007831138,0.996027264534269,0.139297456681693,0.565085491782734,-2.06776929785665,-0.057450823811967,0.0999897503805381,0.357444303684566,3.74387467940001
0.166117147866879,0.106701280633402,0.381478393062032,0.171790776166382,0.117986993008089,0.384253531944422,0.81361239582742,0.137605260281427,0.500395307286763,-1.89405855644052,-0.0552774783004587,0.104830116911277,0.357891255242227,2.30593153873016
0.400456360589935,0.108986055688125,0.405067697658094,0.442058566633087,0.120706877358952,0.414604487255743,0.928088262458363,0.150050158196757,0.546385923014318,-2.44448289367848,-0.0596425227850597,0.0988512105725604,0.348772544949105,3.65882841869662
0.122103212070295,0.108986055688125,0.345897054010023,0.134125310926842,0.117507501715092,0.34491266192622,0.643251989549207,0.137605260281427,0.455119182898508,-2.06554387741956,-0.0474569009553684,0.106781370446832,0.354113065292254,2.33080132909563
0.324622106162901,0.113727596196645,0.405961674990152,0.349068082877706,0.118495595976444,0.400990520402948,1.03475411135685,0.138814262208647,0.505739308493079,-2.09556871591827,-0.0551956651576563,0.108244999257848,0.34539409593866,3.29881279410759
0.171507256938604,0.0875591979737857,0.312655044430331,0.213566944646553,0.0985177806342346,0.316171511331097,0.544600782043776,0.127321409618554,0.405964129990757,-2.41468257471136,-0.0543960262810758,0.104509877448878,0.365039967732081,2.9072032882154
0.379387638124592,0.102075307273984,0.463070413033015,0.442276820512424,0.118900209941684,0.471481207702069,1.64715508857043,0.138814262208647,0.634465693414012,-2.16330255350565,-0.0430296205490469,0.104661009338808,0.348226016541471,3.45977288762784
0.408064182432793,0.121572032830684,0.475293168248875,0.436831838647778,0.135147116511853,0.482117123659456,1.35141296833755,0.152962885176316,0.634082509178788,-2.19139054410462,-0.0602748169419031,0.0979061024718995,0.351310666428927,3.2559958584381
0.241922726747354,0.10434648520531,0.373651856714584,0.228737114998535,0.116784465374259,0.377328887180222,0.676595855746259,0.137174373500741,0.497827606228762,-1.96122856208602,-0.0575831460583951,0.0988300424774567,0.363532883474269,2.67670065697939
0.465604472126202,0.133545817670478,0.428339066065401,0.53942388254898,0.137605260281427,0.435129401260703,1.50212924063327,0.177749969901316,0.57369412270245,-2.01416800900621,-0.0505552316851574,0.108418929319202,0.34644965371626,3.54627679717625
0.173872834787708,0.106701280633402,0.307832905126464,0.231379312358858,0.116784465374259,0.309816109290586,0.593232170732552,0.135982955865811,0.398229676315518,-2.28199172613759,-0.0519601204603213,0.101710187415271,0.352046886971807,2.63457030822609
0.0934093221728971,0.101808174568852,0.274170970408427,0.134247696983254,0.117986993008089,0.275350316361969,0.300254625680324,0.137174373500741,0.349455723339273,-2.28458048681251,-0.051622389352039,0.105296763055943,0.340172490630034,2.25354000606133
0.229284486704915,0.0935443653470641,0.305227302746639,0.255823753400323,0.116784465374259,0.312193171454099,0.930757639328834,0.135147116511853,0.403803118683493,-2.19968441655855,-0.0532651233245725,0.100338782650151,0.360122343738436,3.03562826058105
0.126437558009952,0.0871494842489543,0.292619266250491,0.157268162843612,0.0985177806342346,0.294970658479784,0.639625974608081,0.13004347043719,0.376733977862761,-2.31787256427522,-0.05524129749539,0.10509847218752,0.331737421110633,2.68649265754496
0.157648461812304,0.0631165361498049,0.318442967914078,0.198564706838859,0.0720224576596139,0.326863141914546,0.929919814574062,0.0741880853153339,0.400029766463426,-2.52793783466777,-0.0476516012324799,0.0976897293685974,0.348907428829403,4.28295462516213
0.251447638284584,0.0994585233207268,0.376607081053254,0.274431268473228,0.106701280633402,0.374240352560212,1.05646168380936,0.134059986709249,0.483684082931916,-1.99819448063951,-0.0407523570378172,0.107358807549879,0.348002088046188,2.93012145891907
0.129708836934797,0.0783540021436231,0.369624364586102,0.166021781905441,0.0953634524078564,0.377541189218473,0.800460160164616,0.117641628,0.483982978486108,-2.41337744129857,-0.0439882207121032,0.0951877577217071,0.341082349520967,3.05513616831424
0.440304662169548,0.0953634524078564,0.399551353304097,0.506102408273978,0.107549530106014,0.403659260883376,1.29578549513708,0.127445097,0.517193650569314,-2.21429545846387,-0.0562310732113718,0.100560976064416,0.34966082984011,3.90879142462552
0.377639687282585,0.0895333181725148,0.433101615343622,0.394599008390857,0.0994585233207268,0.435889165858083,1.81790046408891,0.118930181825142,0.577319239883744,-2.13875819181761,-0.0574581582409023,0.100998002297141,0.347472462032922,3.40665809128963
0.309310540472192,0.111750346979833,0.442778491375138,0.346568267239378,0.119367764858754,0.446477926706983,0.776429234673504,0.148479821805742,0.581758087482724,-2.45251400567528,-0.0414372500557831,0.101982630337432,0.36009277027394,3.18146618138756
0.128034396255183,0.0953634524078564,0.301797002009357,0.153674962155143,0.106701280633402,0.303433711740049,0.489776583188823,0.133693126381042,0.389884622971275,-2.16561582559587,-0.0596314759596069,0.106091652480344,0.370975666997444,2.62859272346326
0.185627737671853,0.0946124911714517,0.337970489285939,0.242370428188752,0.0972566369047619,0.339012385356299,0.743824614335489,0.116784465374259,0.435976229210026,-2.74201492570933,-0.0486945804403574,0.103159772581341,0.347233901681274,3.69131193859591
0.354046689520403,0.117999939993158,0.489225395150812,0.370496065166112,0.123523259139205,0.494415226125855,1.12892884836177,0.140377782700094,0.624535521053048,-2.28608358646206,-0.0491949654908351,0.103403087589101,0.352685722152605,3.52799644138691
0.515355526991652,0.105562094822541,0.499677709598725,0.53762639838436,0.118440424785889,0.506451261913343,1.70439979944315,0.139917860970756,0.652682461674894,-2.10414777391339,-0.056903383790574,0.101060796974787,0.357276140900792,4.01270164113486
0.193569544241975,0.0724527906721486,0.321010750861878,0.200089957879799,0.0810965414036598,0.32273114365198,0.957571898095441,0.0999054994721161,0.426597610618314,-1.875125908709,-0.0451794306231995,0.0987866928101259,0.353803977417322,2.6574550028533
0.193776659459798,0.0953634524078564,0.371737147232123,0.251854230252485,0.0999054994721161,0.373368831923086,0.655371468262288,0.133693126381042,0.476547796712011,-2.34697384019588,-0.0584153187247466,0.0995740181927332,0.343041111573767,2.89746085968412
0.152233288669559,0.0975326028278923,0.279664949315459,0.178186403178931,0.108986055688125,0.287177560431577,0.371935901543852,0.137304762644174,0.37270746025892,-2.18009974413411,-0.059025606322804,0.101398855428527,0.351691321550363,2.44872040306786
0.161584157276597,0.0877152876381347,0.310997333083258,0.143564286235146,0.0985177806342346,0.314843339337243,0.667532555913357,0.122292145917137,0.409406691410277,-2.32015783471378,-0.0498872197919534,0.0998008374082685,0.369361845849937,2.62336596625285
0.277850708253589,0.117986993008089,0.459320661334714,0.330779649435551,0.129871670069571,0.461020638867771,1.24636206474877,0.152962885176316,0.59884392562428,-2.54406178085202,-0.050324309363411,0.103949108992406,0.346778502729493,3.10167286577934
0.23046926370505,0.10434648520531,0.333896164830556,0.229793892736434,0.117507501715092,0.338538411305867,0.752088650248515,0.136894328755221,0.430618075461598,-2.13854490782665,-0.0518476906771028,0.110329608932495,0.348191514961131,3.12844630947722
0.200460977857924,0.0999054994721161,0.287709723331145,0.192850126036566,0.117375389750243,0.28988422647253,0.339993243112189,0.135982955865811,0.385957564310205,-2.07752582432169,-0.0570097271035054,0.107690932156414,0.344458966046895,2.45437759385166
0.225962718869701,0.0999054994721161,0.360495462949047,0.265196003524311,0.103081502305633,0.362862014823055,0.609753392558705,0.133693126381042,0.482071903503783,-2.12000214988969,-0.0547865613349369,0.104557134668165,0.352480275306232,2.84031557492631
0.214902777660539,0.0979425026795289,0.380310992200428,0.270937630581795,0.104969338633544,0.378533082555043,0.784337143685905,0.127321409618554,0.478915458543058,-2.0555022929774,-0.0537330354261829,0.106021817593286,0.345889875905288,2.78826009384704
0.203906621412532,0.0910079845894739,0.351996918793378,0.236114376793385,0.0999054994721161,0.356390967833514,1.24249746874281,0.122292145917137,0.455953963407766,-2.10016801164076,-0.0619299559101398,0.101852901465851,0.338970706822272,2.80493410587963
0.18221011182359,0.112819329778593,0.380638447662719,0.239214340208962,0.121572032830684,0.3842020027818,0.703485475093943,0.139917860970756,0.496948464432588,-2.28354493372986,-0.0456691102502195,0.100192156471847,0.363477302548992,2.65875815553245
0.292499622750554,0.106701280633402,0.422908894902148,0.32019689827852,0.119367764858754,0.429189558569306,0.969390802117859,0.148684712532076,0.559062783601953,-2.61443028530109,-0.0617487098810763,0.106029973929614,0.349763238525903,3.53273135392169
0.184668066043148,0.101560595991855,0.301851272528399,0.187551394410768,0.108484315727883,0.304000189272648,0.3717020232619,0.135147116511853,0.387115186037633,-2.04846091378194,-0.0537811087137184,0.109108934928202,0.339320755329524,2.53877303556915
0.512517682750898,0.124858932330909,0.461594590179939,0.528532641272449,0.135147116511853,0.462904753992857,1.82440393566461,0.170699790384322,0.613733161265225,-2.11190868778129,-0.0587461088892695,0.106164912611448,0.347783721351709,4.08016175745543
0.0816144979712898,0.0865149389373004,0.273746336575252,0.1045120416938,0.0946124911714517,0.275811670029201,0.53081980066052,0.117531003215435,0.35527041941376,-2.27107723762076,-0.0527657605933574,0.101575185414301,0.342179036740488,2.53102249966222
0.223203291151455,0.0810965414036598,0.338599017777852,0.262872346224837,0.0975326028278923,0.345692875515457,1.05490760640185,0.121915753534865,0.454965647990593,-1.90650053635361,-0.0573808436313057,0.105633129884061,0.359760273963801,2.98452129172181
0.332806579711376,0.113727596196645,0.386563120003067,0.419648369399319,0.122292145917137,0.393080428677064,0.979915721973556,0.135982955865811,0.511035536223216,-2.0531737307719,-0.0588391234780982,0.106533228425012,0.358300807013482,3.53436380634652
0.21855378798768,0.0999054994721161,0.299822284602613,0.247917469868047,0.109509659526423,0.300146421177498,1.08614426868918,0.127445097,0.388685498266887,-2.47033143444216,-0.0501936346118876,0.10664227685221,0.352747969866652,3.28049526422463
0.223305784624084,0.103668310128504,0.398974310232994,0.288725366615347,0.116784465374259,0.40151587469603,0.705404587859563,0.135377405530271,0.51542025201751,-2.36581053086047,-0.0472920670591959,0.106056278691704,0.357123808046342,3.12500411015538
0.25430076640746,0.0975326028278923,0.388385819748535,0.294909107100647,0.117507501715092,0.398271158876424,0.913715605148265,0.135147116511853,0.51540413172537,-2.7027972493334,-0.0476895653150063,0.103306656797571,0.347447648747643,3.46419410906119
0.177574150615848,0.0919364934272606,0.304601495277138,0.245377438509709,0.10434648520531,0.314052776263231,1.03298480614022,0.125701607717042,0.399443661050872,-2.72693287596709,-0.0621190221228159,0.103424879503795,0.346186247957887,3.95519090660252
0.206675881734251,0.10434648520531,0.313603167995333,0.227940503736011,0.107549530106014,0.320871049633669,0.731895768718424,0.137174373500741,0.439870993737481,-2.18757609340622,-0.0466299842912662,0.109795947593004,0.341576630689352,3.35539368339774
-0.0159742750755662,0.0731494521209192,0.215235398696807,0.0224330152248823,0.0823243715825249,0.218495430934563,0.0745188601793072,0.0900420504713116,0.28367995930772,-2.43518078324475,-0.0569790136581463,0.102323691856827,0.353688073952466,2.51391669348167
0.242824775615736,0.0953634524078564,0.335546515715366,0.271522194764671,0.0999054994721161,0.332147512931993,0.752271039023299,0.122292145917137,0.422715611494183,-2.2473460131459,-0.0514349337120885,0.099652436105318,0.3552779395027,3.35600969986945
0.0464191306634827,0.0895333181725148,0.330388796866513,0.0821223986061757,0.0953634524078564,0.333248595732543,0.393143435228383,0.117641628,0.452421322224867,-2.48608980326009,-0.0562493950525707,0.105418619859207,0.350558584194756,2.66665470891479
0.12447167477419,0.108484315727883,0.327826854110585,0.148085465017923,0.117507501715092,0.332309195706267,0.292997862385622,0.133693126381042,0.418444677031705,-2.30906101407364,-0.0596384924600519,0.105336698859675,0.348993562874936,2.57652958859434
0.508606461928505,0.0877152876381347,0.452428206693257,0.529008145621811,0.0975326028278923,0.457383180287176,1.75380253464598,0.117999939993158,0.612398799321287,-1.81551591970978,-0.0562667916544872,0.101155666894104,0.353377565351796,4.00814140250544
0.0749482007755478,0.102075307273984,0.319758018722342,0.0953482417273036,0.118440424785889,0.322733218365126,0.461414172502818,0.137304762644174,0.411959185173797,-2.49736060497223,-0.0552064013957567,0.105374823067936,0.350816917096297,2.35891736622524
0.146366970320917,0.0924036719097744,0.324680231519482,0.193358216474065,0.107549530106014,0.332817851864444,0.538764717282377,0.136894328755221,0.428125557251785,-2.36286336414794,-0.0454613492666888,0.102905904140198,0.353946011228654,2.48610808881408
0.245503391153594,0.103081502305633,0.396504844051466,0.276342243814725,0.116527301674013,0.396597454243751,0.650437393683726,0.136894328755221,0.511951059991749,-2.34045851063776,-0.0533066301332218,0.104877166586297,0.35165180838167,3.25536724630598
0.1617247429932,0.0951194086641842,0.307716690443558,0.161413499829596,0.103081502305633,0.309369625016977,1.21936580713438,0.127445097,0.415839042149837,-2.13442704414658,-0.0439037205238752,0.103901920127152,0.34964637480791,2.76092066268725
0.148182782129846,0.0810965414036598,0.328899824167486,0.218683690923493,0.0924036719097744,0.338439559164835,0.674057520295741,0.118930181825142,0.451844770619008,-2.47699782667622,-0.0586591078072634,0.105387870583797,0.351673505980403,3.26717128694985
0.199451992841748,0.0919364934272606,0.310335959631684,0.198382686989657,0.104969338633544,0.312185334407873,0.542988897261694,0.127321409618554,0.407520956055266,-2.10486363488449,-0.0538460898804977,0.103305963720502,0.367074294165286,2.5356956578117
0.325040309373976,0.0789826111309211,0.332029459647751,0.323508889671924,0.0867794918778152,0.335492067992065,0.992055808915904,0.0978794743188673,0.43852957835576,-1.81497108936835,-0.0523771985023064,0.102303974289929,0.350523574330067,3.44047861302398
0.468133521822264,0.0953634524078564,0.464814729767481,0.489452860343836,0.10434648520531,0.469238491667088,1.41428252099255,0.135982955865811,0.623866514005846,-2.00853606507563,-0.0404552678632609,0.101350377134164,0.347989522644058,3.52349949070304
0.555353480659038,0.123523259139205,0.579444985687104,0.547261151888284,0.124858932330909,0.576989065881781,2.17913893789691,0.147052035,0.748400649899673,-2.44082083379557,-0.0494755130754549,0.104308729776086,0.354350960494716,4.42838954405209
0.218323882306119,0.102075307273984,0.362444254229531,0.25861986410112,0.116784465374259,0.362148084351579,0.698088987587659,0.134227833545252,0.454216006846415,-2.42892954884549,-0.0606929210937011,0.106541697608195,0.348672797333773,3.39758197369684
0.384003637362423,0.0810965414036598,0.387834690370944,0.407191458134154,0.0958253901681247,0.392029033761288,0.899974951709119,0.118930181825142,0.5077024659159,-1.97172258405906,-0.0482848586092397,0.101447079646889,0.355964731784188,3.77953881395311
0.161435361445461,0.0783540021436231,0.353861832894485,0.207059320526101,0.0946124911714517,0.360426629609668,0.891402205531526,0.101937798749144,0.464219094577389,-2.25503547228645,-0.0482753594173042,0.1009836305241,0.346540695532386,3.06888415557036
0.508497151303892,0.116527301674013,0.45194561719123,0.505861497655653,0.129556368020595,0.451233389237604,1.29670000455,0.145100003969672,0.577095703210778,-2.30012426123879,-0.0468731039123375,0.107621853478485,0.340166123600293,4.12816362241577
0.183225399146635,0.0823243715825249,0.332966733962507,0.210032597020518,0.0972566369047619,0.335729507521936,1.43209173607433,0.127445097,0.450763961174924,-2.4678463570935,-0.0513161530818321,0.101637594102325,0.347244901365966,3.07101650991492
0.490326562673824,0.109509659526423,0.498842405191045,0.501593076822373,0.117999939993158,0.496888537383571,1.47758547553632,0.140377782700094,0.638386042176573,-1.99691283031042,-0.0536292829161877,0.103061216704895,0.360899430935262,3.99324253117702
0.352817037329872,0.123523259139205,0.451681471525623,0.371112599354369,0.129593329246944,0.452064601285933,1.04173810986423,0.148684712532076,0.590899677646529,-2.16251590242645,-0.0534841117224993,0.0998602098639216,0.348228420288371,2.95434431154336
0.327986480119488,0.0724527906721486,0.352955342247555,0.334011810414834,0.0865149389373004,0.357764007514693,1.16313776173839,0.0975326028278923,0.45515542089681,-2.24753350070359,-0.054309699756026,0.10433874350855,0.354709731951054,4.01327074265483
0.610782508058413,0.0975326028278923,0.451793290718471,0.66568309774988,0.106701280633402,0.454672274846893,1.7926933278965,0.137174373500741,0.597056126312389,-1.97282142346694,-0.0580232274525474,0.104428043388261,0.341962705262685,4.76887394076668
0.0815277616210275,0.0910079845894739,0.283202584662658,0.180794752977947,0.102075307273984,0.288080583214314,0.404912767630587,0.126957234188221,0.381864883151695,-2.34770541620065,-0.0440485612399067,0.104625249878411,0.356377973658167,2.45703260634107
0.265961575484236,0.137605260281427,0.395851280070945,0.267751682582347,0.142823704658987,0.391773481669699,0.368019389879483,0.169221756912839,0.537699107572647,-1.96880530008634,-0.0533451027319713,0.102936884006958,0.352435462989135,2.36965604196589
0.350837460761,0.0783540021436231,0.457873391967988,0.4307036751528,0.0975326028278923,0.465039942137314,1.20063560619928,0.116784465374259,0.586191679952625,-2.31750198107454,-0.0316252411356268,0.103458491255541,0.366874916513451,3.82038809729842
0.229041356235213,0.117507501715092,0.32877724026714,0.242963928289924,0.123664776110516,0.330606787439102,0.530490896337391,0.140377782700094,0.431273828447829,-2.16414831559992,-0.0543267612465974,0.108100230351205,0.343112426234689,2.73554150658064
0.228743849094951,0.0783540021436231,0.385149228349984,0.272459291843809,0.0975326028278923,0.393195067999045,0.997890580599907,0.122292145917137,0.518208197321708,-2.27754704072731,-0.0436027565363007,0.103744358169533,0.342663633495832,3.10053542690716
0.254115686732054,0.0877915990404741,0.37588642651198,0.299062156400662,0.0972566369047619,0.377398582248806,1.02611871978802,0.12189788343496,0.477384129498154,-2.45649762709782,-0.0593025670091192,0.101389851980782,0.339020880820664,3.37605372215515
0.353860323744678,0.116527301674013,0.360604759992381,0.344545927414581,0.124214171240005,0.362727436909323,1.31681610554805,0.148684712532076,0.46175075996383,-1.90574303157616,-0.0517074609232919,0.112846499940585,0.349614664456606,3.32787040307517
0.250144368049989,0.0975326028278923,0.366857234402945,0.253015487552885,0.108986055688125,0.371829958447474,1.03910804892586,0.13840434532644,0.48030773027293,-2.10501579577579,-0.0514917050327323,0.0998086143545519,0.360879291137352,2.77792246306729
0.225267167397288,0.118495595976444,0.362702428801066,0.244415318737202,0.122292145917137,0.36417752316657,0.799773126716877,0.138814262208647,0.466922574099613,-2.31249291191954,-0.0498814842119938,0.109273277195688,0.346949701018804,2.94585326489372
0.395627284557258,0.117986993008089,0.404613207719847,0.381952184589359,0.129871670069571,0.406055614079911,1.34208318133099,0.156047010486845,0.529322884685475,-1.90333146054847,-0.0603904837628189,0.104849723293658,0.356438303594558,3.10757100789952
0.21066624889471,0.0771381228092714,0.36376118468331,0.230281237732575,0.0975326028278923,0.366228522704541,0.844700718467879,0.116784465374259,0.487677353341061,-2.34621249384894,-0.0466522625423736,0.105689392551156,0.35133048680066,3.15204318685027
0.21831113894813,0.108986055688125,0.359672656346047,0.241658498561611,0.116784465374259,0.367692537967462,0.193820804747394,0.137304762644174,0.467064139038628,-2.30759096115611,-0.0542064384343508,0.105296020555067,0.354003644255354,2.9850418083529
-0.00837102203144041,0.090840622122149,0.20068363544158,0.0887363417459818,0.0979379879302981,0.204731746690597,0.21832697078407,0.122292145917137,0.267164117158021,-2.78388592982075,-0.0452728954766527,0.10233221777608,0.349226988511655,2.55893852097279
0.250461572994249,0.0953634524078564,0.359261927799205,0.286590663931891,0.102075307273984,0.366175644704447,1.26122407560215,0.134227833545252,0.474361560771432,-3.03078894564099,-0.0585726686208082,0.103361096520576,0.335159995816464,3.88689214416881
0.127718936574763,0.109509659526423,0.259506338019793,0.121005990385765,0.116784465374259,0.258810210695578,0.0375456370451405,0.133693126381042,0.333189741893816,-2.24057874717563,-0.056186025256349,0.108099858836579,0.341434838503335,2.51080483931305
0.23433237890192,0.113727596196645,0.437673769429652,0.312119499908289,0.124214171240005,0.447461395329086,1.07507786573274,0.149405608776866,0.607631595945415,-2.39744606623154,-0.0451484829075248,0.107551168406988,0.364922137965385,2.92744536872391
0.0424168160493683,0.0924036719097744,0.314801288280526,0.0924840559530981,0.10434648520531,0.31620168150899,0.351352326310201,0.135377405530271,0.410427675356813,-2.7072886186954,-0.0444531800325013,0.103932332798386,0.356545348766962,2.5371392831337
0.183817589285365,0.0951194086641842,0.401609016465164,0.245210302611764,0.102075307273984,0.408114665887086,0.843379006210357,0.126957234188221,0.518338274485934,-2.34519797924304,-0.0554811144129543,0.10463451310703,0.357341520412922,2.98955994007827
0.359138111980214,0.10434648520531,0.41821220839257,0.396070741480001,0.116784465374259,0.423399003069026,1.34818689486457,0.133693126381042,0.558930404433306,-2.0602495251238,-0.0517204664572321,0.103323419344368,0.353469108189161,3.33635278104847
0.325425663229727,0.0979379879302981,0.360948252839795,0.362266990201881,0.10434648520531,0.363667792952142,0.922884378056963,0.135982955865811,0.472146520485071,-2.16996187409544,-0.0476952322283267,0.106664446604485,0.345233534187205,3.25599824282497
0.0636675167119032,0.0810965414036598,0.279650031893039,0.0793746728934765,0.0910079845894739,0.28368385217552,0.24204516253902,0.118930181825142,0.376950924454587,-2.13302737547959,-0.0621473336351862,0.104453897080742,0.344365143458873,2.19173876015467
0.543220057261978,0.0975326028278923,0.455015961521148,0.543281544659731,0.111750346979833,0.458888584544172,2.01306007452575,0.134059986709249,0.584433686882514,-2.0651258513168,-0.0549393137265262,0.104911913062202,0.345351831120542,4.21162663214174
0.172085593147754,0.0730791836750778,0.314842874149717,0.155892571477303,0.0865149389373004,0.315004711478227,0.394447237331209,0.0953634524078564,0.40018911705273,-1.74276433051673,-0.0493351982758102,0.101843389637716,0.350822020906807,2.30660605852372
0.336952547016631,0.090840622122149,0.366285441330513,0.333486445249469,0.0985177806342346,0.365306823064547,1.48760338925433,0.121915753534865,0.472206493084182,-1.86861376403854,-0.0632789855216133,0.103812263919492,0.337824575144028,3.239332087176
0.277458419530081,0.0924036719097744,0.338297098751075,0.317921243017132,0.106701280633402,0.345016208479941,0.743626956037042,0.135377405530271,0.448163733533927,-2.45801637930902,-0.0405953049673368,0.10133233542831,0.3381227776061,3.09933325520067
0.249787770343068,0.0985177806342346,0.335382127151408,0.266617369605303,0.102075307273984,0.336476473071971,0.429830693662805,0.133557958199358,0.431264251811879,-2.13367331154845,-0.0571416067954098,0.108357054339793,0.350651347173741,2.8100826552609
0.224569812142624,0.129593329246944,0.440583900327706,0.219259643075474,0.135147116511853,0.445996462315375,0.515966111203013,0.16104148422643,0.552816981503431,-2.41149223828746,-0.0553355968752542,0.106078735478511,0.350027988118713,2.68601397144105
0.124256744177219,0.075607285868916,0.276217862113413,0.152479750782548,0.0901083826507784,0.280173231889088,0.534593173824831,0.106701280633402,0.37123398776691,-2.31382547465509,-0.0576687334741353,0.101946396921431,0.354845658598587,3.05178973081157
0.220101015732111,0.10434648520531,0.412620880771584,0.273199693650694,0.116527301674013,0.414524720341604,0.858034749199989,0.136894328755221,0.54167882001031,-2.25004404794742,-0.0528768742089468,0.0997312985235124,0.350730172251502,2.51269565448928
0.218361931561707,0.0901083826507784,0.34889817636455,0.216378171456639,0.0975326028278923,0.352272864561526,0.857881796887158,0.12189788343496,0.467636760587802,-1.87148214842317,-0.0568489705314841,0.102629601289357,0.368343150355443,2.52233409680674
0.392510484064054,0.101808174568852,0.384763892476016,0.39361774380288,0.101937798749144,0.383593440410718,1.05483175078961,0.127321409618554,0.499604075287989,-2.40977461723314,-0.0552815281712265,0.101786981290758,0.357239374084306,3.65005499936095
0.20263233836263,0.0810965414036598,0.343811254510656,0.274284790006721,0.0910079845894739,0.348828998982941,1.07552215021845,0.09803469,0.439618545937253,-2.49935886612329,-0.0622424825218003,0.104379497817391,0.354685540555854,3.66621521133723
0.380738204838525,0.0953634524078564,0.364155480589651,0.464924278951351,0.112819329778593,0.373945182945687,1.09738335690342,0.136894328755221,0.488013715529865,-2.20848613987091,-0.0442990178351849,0.100386155675124,0.35608060557107,3.99114001798362
0.301229127172238,0.0975326028278923,0.388907177942448,0.284630654957855,0.10434648520531,0.380081792183314,1.0814954837204,0.133557958199358,0.490835803657791,-1.86175337965408,-0.0500980104180519,0.104700721126735,0.346666920242999,2.99674976387847
0.136174906482371,0.0975326028278923,0.282608964713732,0.162882360261121,0.10434648520531,0.289550903345308,0.376648278842938,0.131418555605012,0.370759676437276,-2.07952815814962,-0.0622513314271612,0.101047107936078,0.352188458110426,2.52902342527131
0.145970033748965,0.0951194086641842,0.302778484289085,0.170561394437053,0.101937798749144,0.306496107957313,0.58608608154021,0.118930181825142,0.376731790845719,-1.98024209187476,-0.0523997256742091,0.10342928745811,0.349570581869667,2.44047039278834
0.205411664426744,0.123523259139205,0.373040461820586,0.217742034633779,0.131901219272727,0.376321637757188,0.58201306934829,0.150680773353121,0.480529956320341,-2.30482310104023,-0.0505819003904135,0.107524221957255,0.360593469584727,2.4820776229883
0.2329419278949,0.116527301674013,0.312104388709574,0.208034417904959,0.117999939993158,0.309141175164626,0.382226085535143,0.150050158196757,0.415800422311846,-2.12382856543985,-0.0502201449377667,0.106639928588906,0.352529091572926,2.6429265283704
0.30046330682074,0.104969338633544,0.387717228110996,0.322852433933813,0.116784465374259,0.389674479401297,0.756702156543065,0.139297456681693,0.502698797830185,-2.60373439091882,-0.0418484957879134,0.100562936249151,0.3503850909313,3.27643690856214
0.164616800051499,0.0953634524078564,0.314577842719006,0.15148047331341,0.0999054994721161,0.314316894522162,0.93754777361159,0.12189788343496,0.401234818249336,-2.52950952668422,-0.0539709840430512,0.106808958820815,0.344342605826831,3.03285485314944
0.0152353157762898,0.0953634524078564,0.250797216818156,0.051468486588893,0.10434648520531,0.25398317863857,0.264341783529843,0.126957234188221,0.315804748218103,-2.39732358873671,-0.0466380127407136,0.105399658777929,0.352190663523243,2.34346843911265
-0.14522192028937,0.0788706775838888,0.197857646602606,-0.0930193834221327,0.0953634524078564,0.205987365589233,-0.147574812782347,0.10811841879255,0.276450810324255,-2.43286251397344,-0.0606032002411131,0.103373009075076,0.353513239243579,1.76031334270669
0.139866039057324,0.113727596196645,0.344755300948167,0.162572498344706,0.119977330297992,0.35005803540764,0.366581232501928,0.137174373500741,0.451852084934065,-2.56015904320277,-0.0559650136465251,0.10409665728468,0.358026653477328,2.69317895408871
0.364952056031354,0.116784465374259,0.42563451512419,0.393414242949637,0.122428128349411,0.425511948434554,1.28555640135661,0.14541124594107,0.561171892342035,-2.1785280307142,-0.0550061677869408,0.101868352183601,0.360363102560836,3.09210820702671
0.297147286301281,0.0994585233207268,0.448537755036912,0.342657692980643,0.118900209941684,0.458107843202061,1.015681190602,0.137174373500741,0.607820435056717,-2.10019222006968,-0.0502174870710161,0.107370162871901,0.35629901818274,2.8995928016619
