year,met2013,active_metro,active_puma,n,weight,rooms_sum,capped_rooms_sum,owner_weight,rooms9_weight,rooms_gt9_weight,own3055_n,own3055_weight,own3055_owner_weight,own3055_rooms_sum,own3055_capped_rooms_sum,own2534_n,own2534_weight,own2534_owner_weight,own2534_rooms_sum,own2534_capped_rooms_sum,newparent_n,newparent_weight,newparent_owner_weight,newparent_rooms_sum,newparent_capped_rooms_sum,nochild_n,nochild_weight,nochild_owner_weight,nochild_rooms_sum,nochild_capped_rooms_sum,rooms_large_n,rooms_large_weight,rooms_large_owner_weight,rooms_large_rooms_sum,rooms_large_capped_rooms_sum,rooms_small_n,rooms_small_weight,rooms_small_owner_weight,rooms_small_rooms_sum,rooms_small_capped_rooms_sum
2005,13820,0,-1,3793,399921.0,2346898.0,2346898.0,284401.0,42202.0,0.0,1732.0,188568.0,135808.0,1164577.0,1164577.0,492.0,57021.0,28961.0,305322.0,305322.0,70.0,6485.0,5196.0,41983.0,41983.0,689.0,74986.0,51737.0,421976.0,421976.0,219.0,25683.0,18177.0,176552.0,176552.0,702.0,76573.0,58058.0,488648.0,488648.0
2005,0,0,-1,308235,25355049.0,143437215.0,143437215.0,18250394.0,1953641.0,0.0,128291.0,10895189.0,7941632.0,65277926.0,65277926.0,30866.0,3252244.0,1694698.0,17629512.0,17629512.0,4056.0,363871.0,274384.0,2218544.0,2218544.0,54178.0,4622465.0,3142871.0,25225981.0,25225981.0,18350.0,1584333.0,1162286.0,10505832.0,10505832.0,52244.0,4532597.0,3462496.0,27738500.0,27738500.0
2005,33660,0,-1,1389,148844.0,854470.0,854470.0,100305.0,9211.0,0.0,642.0,73993.0,50433.0,439814.0,439814.0,177.0,22127.0,9252.0,114009.0,114009.0,23.0,2456.0,2039.0,15501.0,15501.0,264.0,30799.0,20389.0,170711.0,170711.0,71.0,7209.0,3662.0,42649.0,42649.0,243.0,28578.0,20194.0,174672.0,174672.0
2005,26620,0,-1,1430,145409.0,855721.0,855721.0,101945.0,16909.0,0.0,711.0,74283.0,53261.0,460523.0,460523.0,196.0,22678.0,10202.0,117788.0,117788.0,31.0,2852.0,2083.0,19552.0,19552.0,285.0,31587.0,19701.0,170106.0,170106.0,92.0,8693.0,7406.0,66438.0,66438.0,289.0,28364.0,22131.0,187289.0,187289.0
2005,33860,0,-1,1296,129410.0,756202.0,756202.0,87416.0,11978.0,0.0,571.0,58624.0,40325.0,358958.0,358958.0,166.0,19362.0,8449.0,105710.0,105710.0,15.0,1356.0,1013.0,9238.0,9238.0,236.0,22859.0,14106.0,129075.0,129075.0,82.0,9056.0,6482.0,57036.0,57036.0,215.0,23024.0,17512.0,144207.0,144207.0
2005,19300,0,-1,537,65025.0,376977.0,376977.0,49787.0,3980.0,0.0,216.0,27227.0,20155.0,162402.0,162402.0,48.0,7841.0,4621.0,42719.0,42719.0,8.0,1496.0,1114.0,9775.0,9775.0,98.0,10735.0,7975.0,58349.0,58349.0,17.0,2024.0,1442.0,14442.0,14442.0,94.0,14785.0,9563.0,88656.0,88656.0
2005,23460,0,-1,452,41036.0,242642.0,242642.0,30467.0,3157.0,0.0,195.0,18151.0,13036.0,109584.0,109584.0,52.0,5760.0,3238.0,30940.0,30940.0,6.0,495.0,495.0,3485.0,3485.0,67.0,5651.0,3934.0,30023.0,30023.0,33.0,3642.0,2131.0,22610.0,22610.0,76.0,7142.0,5650.0,44528.0,44528.0
2005,11500,0,-1,439,45953.0,257824.0,257824.0,32305.0,3045.0,0.0,177.0,19235.0,14149.0,113826.0,113826.0,36.0,4427.0,2559.0,24544.0,24544.0,3.0,235.0,183.0,1064.0,1064.0,90.0,9951.0,7519.0,54321.0,54321.0,15.0,1413.0,1125.0,10218.0,10218.0,63.0,7387.0,5248.0,44060.0,44060.0
2005,12220,0,-1,749,49701.0,259490.0,259490.0,29370.0,2692.0,0.0,284.0,17285.0,12046.0,102570.0,102570.0,93.0,7180.0,3245.0,34488.0,34488.0,13.0,678.0,430.0,3576.0,3576.0,122.0,7108.0,4147.0,38913.0,38913.0,23.0,1624.0,1317.0,10176.0,10176.0,141.0,9898.0,7548.0,60281.0,60281.0
2005,19460,0,-1,586,56053.0,317267.0,317267.0,42872.0,3471.0,0.0,241.0,24587.0,19766.0,147893.0,147893.0,54.0,6447.0,3700.0,33163.0,33163.0,6.0,701.0,701.0,4963.0,4963.0,111.0,9733.0,7872.0,54562.0,54562.0,24.0,2623.0,2144.0,18042.0,18042.0,93.0,10622.0,7884.0,61614.0,61614.0
2005,22520,0,-1,593,57150.0,326257.0,326257.0,42335.0,4319.0,0.0,239.0,26644.0,21284.0,158147.0,158147.0,58.0,7901.0,4349.0,42496.0,42496.0,4.0,409.0,409.0,2637.0,2637.0,103.0,11605.0,8857.0,64197.0,64197.0,24.0,3328.0,2701.0,21377.0,21377.0,95.0,9824.0,7845.0,57240.0,57240.0
2005,11260,0,-1,1214,143268.0,765870.0,765870.0,92923.0,12669.0,0.0,701.0,84837.0,57005.0,473390.0,473390.0,173.0,21300.0,10780.0,100677.0,100677.0,31.0,4045.0,1356.0,19354.0,19354.0,315.0,38245.0,24138.0,189215.0,189215.0,92.0,10768.0,8384.0,72020.0,72020.0,260.0,31569.0,21689.0,184517.0,184517.0
2005,38060,1,-1,14690,1410610.0,7663828.0,7663828.0,961619.0,84105.0,0.0,7192.0,704794.0,493356.0,4054432.0,4054432.0,2441.0,273689.0,132821.0,1368246.0,1368246.0,321.0,30152.0,21192.0,180190.0,180190.0,3028.0,302184.0,192674.0,1546980.0,1546980.0,1122.0,114082.0,82681.0,724464.0,724464.0,2574.0,249261.0,184575.0,1526552.0,1526552.0
2005,46060,0,-1,4041,355920.0,1813336.0,1813336.0,232925.0,14608.0,0.0,1735.0,155019.0,101707.0,834580.0,834580.0,495.0,56217.0,21912.0,255513.0,255513.0,71.0,6730.0,4489.0,35817.0,35817.0,788.0,67985.0,41199.0,327473.0,327473.0,218.0,21836.0,13905.0,122173.0,122173.0,660.0,60444.0,42730.0,349734.0,349734.0
2005,29420,0,-1,826,79316.0,396801.0,396801.0,57587.0,1237.0,0.0,250.0,25399.0,16096.0,133227.0,133227.0,54.0,8944.0,4446.0,45791.0,45791.0,4.0,662.0,186.0,3504.0,3504.0,112.0,10049.0,7478.0,49434.0,49434.0,44.0,4532.0,1921.0,25750.0,25750.0,100.0,11427.0,7592.0,60569.0,60569.0
2005,39140,0,-1,786,77398.0,413148.0,413148.0,55592.0,2780.0,0.0,268.0,28034.0,18325.0,156067.0,156067.0,45.0,6687.0,2420.0,32524.0,32524.0,4.0,421.0,232.0,1804.0,1804.0,142.0,14327.0,8660.0,71406.0,71406.0,33.0,5191.0,3385.0,33245.0,33245.0,97.0,9388.0,6873.0,53635.0,53635.0
2005,22380,0,-1,484,42872.0,214616.0,214616.0,25970.0,1147.0,0.0,227.0,18222.0,11398.0,96068.0,96068.0,66.0,7178.0,2366.0,33124.0,33124.0,7.0,668.0,530.0,4044.0,4044.0,112.0,8358.0,4414.0,39778.0,39778.0,31.0,3304.0,1633.0,18157.0,18157.0,90.0,7210.0,5805.0,41036.0,41036.0
2005,49740,0,-1,640,66413.0,309773.0,309773.0,45898.0,1070.0,0.0,206.0,23853.0,14869.0,125549.0,125549.0,68.0,8744.0,3721.0,42494.0,42494.0,5.0,501.0,501.0,3172.0,3172.0,68.0,8092.0,3978.0,39462.0,39462.0,54.0,6376.0,5306.0,35980.0,35980.0,89.0,11165.0,6495.0,55851.0,55851.0
2005,32820,0,-1,4608,470102.0,2660398.0,2660398.0,301804.0,40401.0,0.0,2395.0,260597.0,165571.0,1508097.0,1508097.0,683.0,83052.0,33315.0,422300.0,422300.0,91.0,9003.0,7085.0,55873.0,55873.0,1027.0,114932.0,66639.0,603173.0,603173.0,277.0,33337.0,19016.0,213322.0,213322.0,854.0,86787.0,59755.0,533195.0,533195.0
2005,30780,0,-1,2253,240885.0,1321693.0,1321693.0,158000.0,12399.0,0.0,1039.0,111754.0,75913.0,643133.0,643133.0,320.0,40731.0,17162.0,204475.0,204475.0,40.0,3934.0,3699.0,25654.0,25654.0,444.0,47998.0,29410.0,251932.0,251932.0,127.0,15282.0,8793.0,94094.0,94094.0,429.0,43679.0,33837.0,268326.0,268326.0
2005,22220,0,-1,1299,139247.0,757892.0,757892.0,89016.0,8402.0,0.0,594.0,67098.0,42683.0,379282.0,379282.0,226.0,25409.0,11909.0,121958.0,121958.0,30.0,3380.0,2423.0,19529.0,19529.0,239.0,28648.0,16259.0,145118.0,145118.0,100.0,11446.0,7173.0,70274.0,70274.0,245.0,25424.0,18312.0,152149.0,152149.0
2005,31080,1,-1,40428,4083967.0,19789617.0,19789617.0,2111096.0,165375.0,0.0,22451.0,2343954.0,1168951.0,11423030.0,11423030.0,6060.0,715471.0,189797.0,2904796.0,2904796.0,1111.0,109159.0,63985.0,556613.0,556613.0,8717.0,932450.0,395844.0,4009037.0,4009037.0,3634.0,392762.0,201493.0,2065554.0,2065554.0,8158.0,825470.0,460226.0,4321082.0,4321082.0
2005,40900,1,-1,7602,733806.0,4019437.0,4019437.0,462899.0,42476.0,0.0,3932.0,393149.0,251281.0,2236478.0,2236478.0,1050.0,131941.0,55769.0,655616.0,655616.0,212.0,20211.0,15616.0,120339.0,120339.0,1536.0,156926.0,88697.0,792352.0,792352.0,560.0,60171.0,38544.0,382411.0,382411.0,1519.0,146630.0,103666.0,884428.0,884428.0
2005,41740,1,-1,10475,1019055.0,5280132.0,5280132.0,591542.0,54943.0,0.0,5436.0,539740.0,317355.0,2883184.0,2883184.0,1616.0,182635.0,64883.0,822648.0,822648.0,320.0,30054.0,20949.0,170430.0,170430.0,2243.0,224084.0,115868.0,1039277.0,1039277.0,757.0,79215.0,44312.0,468544.0,468544.0,2051.0,202459.0,133023.0,1166547.0,1166547.0
2005,40140,0,-1,11719,1189757.0,6603313.0,6603313.0,802736.0,62892.0,0.0,5918.0,648991.0,446858.0,3782201.0,3782201.0,1578.0,219767.0,104849.0,1165354.0,1165354.0,243.0,26177.0,19425.0,148462.0,148462.0,1913.0,192937.0,121991.0,1031336.0,1031336.0,1271.0,152715.0,106929.0,938621.0,938621.0,2275.0,259013.0,181045.0,1521568.0,1521568.0
2005,41860,1,-1,15279,1524729.0,7825819.0,7825819.0,877745.0,91374.0,0.0,8405.0,878612.0,495325.0,4537744.0,4537744.0,2206.0,237502.0,75426.0,1022798.0,1022798.0,516.0,50559.0,34052.0,281383.0,281383.0,3948.0,426623.0,189688.0,1898109.0,1898109.0,809.0,89064.0,55610.0,543192.0,543192.0,3041.0,297478.0,205931.0,1727186.0,1727186.0
2005,12540,0,-1,2383,227027.0,1207035.0,1207035.0,142293.0,9456.0,0.0,1226.0,120165.0,75815.0,664940.0,664940.0,359.0,45119.0,19496.0,224911.0,224911.0,35.0,3546.0,1890.0,16804.0,16804.0,402.0,37651.0,21428.0,199156.0,199156.0,301.0,29876.0,18388.0,170666.0,170666.0,433.0,43825.0,29107.0,243463.0,243463.0
2005,41940,0,-1,5958,570425.0,3012985.0,3012985.0,343689.0,31989.0,0.0,3424.0,336852.0,197455.0,1800656.0,1800656.0,966.0,100637.0,34025.0,430050.0,430050.0,279.0,25253.0,16494.0,133556.0,133556.0,1288.0,130531.0,62682.0,601636.0,601636.0,424.0,44391.0,25747.0,262186.0,262186.0,1499.0,142075.0,95601.0,813602.0,813602.0
2005,41500,0,-1,1517,137480.0,723787.0,723787.0,78825.0,6298.0,0.0,793.0,74302.0,40679.0,402780.0,402780.0,213.0,23373.0,7957.0,110091.0,110091.0,37.0,3119.0,1678.0,15109.0,15109.0,283.0,24596.0,10737.0,115896.0,115896.0,144.0,15514.0,8525.0,91407.0,91407.0,320.0,30379.0,18038.0,171507.0,171507.0
2005,44700,0,-1,2127,201051.0,1096350.0,1096350.0,127245.0,9864.0,0.0,1146.0,111115.0,71517.0,631060.0,631060.0,268.0,33938.0,16219.0,171038.0,171038.0,50.0,5168.0,3150.0,30242.0,30242.0,344.0,34592.0,20159.0,182206.0,182206.0,238.0,22924.0,14617.0,136498.0,136498.0,444.0,43693.0,28632.0,250291.0,250291.0
2005,32900,0,-1,758,70300.0,372929.0,372929.0,41161.0,1996.0,0.0,405.0,38248.0,23379.0,208652.0,208652.0,115.0,13418.0,5115.0,69048.0,69048.0,12.0,1144.0,719.0,6082.0,6082.0,114.0,10028.0,5554.0,50214.0,50214.0,120.0,11438.0,6547.0,63368.0,63368.0,139.0,13407.0,9084.0,76689.0,76689.0
2005,37100,0,-1,2664,248893.0,1434414.0,1434414.0,170049.0,17267.0,0.0,1495.0,139121.0,94039.0,819129.0,819129.0,321.0,35645.0,16918.0,175547.0,175547.0,71.0,6145.0,4549.0,35413.0,35413.0,525.0,50588.0,31238.0,274348.0,274348.0,269.0,26895.0,18509.0,172113.0,172113.0,596.0,52853.0,37383.0,312558.0,312558.0
2005,46700,0,-1,1393,133542.0,761910.0,761910.0,89448.0,6627.0,0.0,732.0,73967.0,50601.0,438178.0,438178.0,171.0,18275.0,8285.0,97520.0,97520.0,32.0,3124.0,2244.0,18819.0,18819.0,262.0,26674.0,17044.0,145685.0,145685.0,99.0,10238.0,8367.0,66885.0,66885.0,284.0,28526.0,19315.0,171664.0,171664.0
2005,39820,0,-1,791,67007.0,358422.0,358422.0,44267.0,2256.0,0.0,336.0,30052.0,19234.0,166951.0,166951.0,76.0,9526.0,3519.0,47229.0,47229.0,10.0,938.0,451.0,3855.0,3855.0,135.0,12444.0,7609.0,63873.0,63873.0,53.0,4573.0,2692.0,29421.0,29421.0,129.0,11485.0,7461.0,62866.0,62866.0
2005,47300,0,-1,1528,117466.0,608957.0,608957.0,69372.0,3160.0,0.0,762.0,59653.0,35608.0,319943.0,319943.0,244.0,22448.0,9983.0,112536.0,112536.0,24.0,1769.0,1188.0,9284.0,9284.0,209.0,16050.0,9241.0,81791.0,81791.0,218.0,17040.0,8882.0,94356.0,94356.0,287.0,22262.0,13744.0,119166.0,119166.0
2005,23420,0,-1,2801,269134.0,1415924.0,1415924.0,154220.0,8299.0,0.0,1437.0,141204.0,82517.0,761598.0,761598.0,398.0,49495.0,18737.0,241613.0,241613.0,39.0,4376.0,3419.0,24497.0,24497.0,442.0,43040.0,23868.0,216094.0,216094.0,325.0,34648.0,16729.0,188244.0,188244.0,516.0,49920.0,32059.0,275103.0,275103.0
2005,33700,0,-1,1658,156299.0,845959.0,845959.0,99100.0,6906.0,0.0,841.0,83578.0,54647.0,471624.0,471624.0,238.0,26411.0,12580.0,135782.0,135782.0,28.0,2396.0,1863.0,13489.0,13489.0,265.0,25345.0,13718.0,132391.0,132391.0,183.0,18827.0,12884.0,113621.0,113621.0,316.0,31957.0,21953.0,182863.0,182863.0
2005,20940,0,-1,471,43989.0,222137.0,222137.0,25162.0,443.0,0.0,236.0,22144.0,12743.0,117260.0,117260.0,54.0,5811.0,3297.0,31020.0,31020.0,11.0,1322.0,462.0,5698.0,5698.0,47.0,4134.0,2364.0,20411.0,20411.0,60.0,6702.0,3036.0,37331.0,37331.0,111.0,10284.0,6213.0,52350.0,52350.0
2005,17020,0,-1,937,79859.0,415215.0,415215.0,45405.0,2712.0,0.0,376.0,32091.0,19194.0,171789.0,171789.0,101.0,11536.0,3678.0,54310.0,54310.0,9.0,807.0,426.0,3532.0,3532.0,161.0,13559.0,7314.0,67691.0,67691.0,43.0,3859.0,1984.0,21169.0,21169.0,158.0,14348.0,9202.0,80242.0,80242.0
2005,42020,0,-1,981,100078.0,529376.0,529376.0,61696.0,4579.0,0.0,416.0,44405.0,28273.0,243537.0,243537.0,98.0,12961.0,4125.0,60084.0,60084.0,15.0,1844.0,928.0,8354.0,8354.0,183.0,18431.0,11196.0,92442.0,92442.0,41.0,5016.0,2795.0,30034.0,30034.0,161.0,18341.0,13056.0,104694.0,104694.0
2005,42220,0,-1,1889,171852.0,922634.0,922634.0,108990.0,8166.0,0.0,957.0,91847.0,57422.0,510031.0,510031.0,206.0,21736.0,7879.0,105740.0,105740.0,55.0,4585.0,3231.0,24283.0,24283.0,409.0,38629.0,21365.0,196843.0,196843.0,116.0,11326.0,7092.0,69178.0,69178.0,367.0,35965.0,23687.0,209439.0,209439.0
2005,42100,0,-1,980,93143.0,465838.0,465838.0,55890.0,3708.0,0.0,496.0,49082.0,27877.0,248201.0,248201.0,110.0,11898.0,2397.0,48087.0,48087.0,24.0,2215.0,1176.0,10945.0,10945.0,238.0,22836.0,10370.0,99473.0,99473.0,52.0,5108.0,2981.0,29670.0,29670.0,183.0,19223.0,12745.0,102366.0,102366.0
2005,42200,0,-1,1454,133246.0,684472.0,684472.0,77276.0,7075.0,0.0,663.0,63750.0,34565.0,335729.0,335729.0,191.0,20470.0,5969.0,88882.0,88882.0,27.0,2580.0,1276.0,12120.0,12120.0,254.0,24471.0,11476.0,113180.0,113180.0,114.0,10974.0,5401.0,63269.0,63269.0,245.0,24178.0,15119.0,133648.0,133648.0
2005,25260,0,-1,445,37659.0,199748.0,199748.0,20988.0,1355.0,0.0,227.0,20784.0,11260.0,109619.0,109619.0,76.0,7959.0,2239.0,38367.0,38367.0,7.0,594.0,113.0,3051.0,3051.0,71.0,7198.0,3439.0,34734.0,34734.0,63.0,6134.0,3563.0,32079.0,32079.0,75.0,6358.0,3244.0,36223.0,36223.0
2005,31460,0,-1,396,39822.0,216138.0,216138.0,26933.0,1710.0,0.0,196.0,20521.0,13818.0,114558.0,114558.0,49.0,7177.0,2038.0,33416.0,33416.0,6.0,954.0,364.0,4537.0,4537.0,64.0,6839.0,4087.0,37400.0,37400.0,55.0,6348.0,4309.0,32159.0,32159.0,68.0,6389.0,4462.0,37288.0,37288.0
2005,34900,0,-1,490,47093.0,258325.0,258325.0,31215.0,2475.0,0.0,258.0,25508.0,14847.0,142234.0,142234.0,48.0,6132.0,2215.0,29931.0,29931.0,13.0,817.0,513.0,4877.0,4877.0,101.0,10837.0,4569.0,55034.0,55034.0,27.0,2527.0,1925.0,15616.0,15616.0,113.0,10646.0,7503.0,62158.0,62158.0
2005,49700,0,-1,617,51874.0,279484.0,279484.0,32018.0,1536.0,0.0,265.0,25095.0,15288.0,137967.0,137967.0,76.0,9108.0,3496.0,47365.0,47365.0,13.0,1414.0,954.0,7861.0,7861.0,94.0,8700.0,5347.0,44020.0,44020.0,45.0,4427.0,2419.0,25790.0,25790.0,109.0,10173.0,6235.0,57492.0,57492.0
2005,19740,1,-1,9196,919937.0,5387624.0,5387624.0,623384.0,145160.0,0.0,5110.0,527106.0,377866.0,3216148.0,3216148.0,1534.0,183203.0,90230.0,936176.0,936176.0,284.0,29939.0,22760.0,197046.0,197046.0,2414.0,255205.0,164870.0,1356881.0,1356881.0,565.0,57847.0,46480.0,419242.0,419242.0,1793.0,182060.0,142447.0,1223557.0,1223557.0
2005,17820,0,-1,2203,208679.0,1251795.0,1251795.0,137589.0,35104.0,0.0,1207.0,116195.0,78288.0,729551.0,729551.0,357.0,46448.0,22138.0,244688.0,244688.0,51.0,4865.0,3324.0,32076.0,32076.0,512.0,52918.0,32517.0,287475.0,287475.0,171.0,15454.0,11312.0,117091.0,117091.0,457.0,42998.0,30246.0,283957.0,283957.0
2005,24300,0,-1,508,48923.0,271572.0,271572.0,34671.0,4523.0,0.0,231.0,22121.0,15444.0,129560.0,129560.0,58.0,7463.0,5102.0,39545.0,39545.0,9.0,759.0,670.0,5085.0,5085.0,100.0,9474.0,7386.0,53959.0,53959.0,29.0,3097.0,1835.0,19411.0,19411.0,99.0,9128.0,5670.0,52066.0,52066.0
2005,39380,0,-1,596,53992.0,310215.0,310215.0,36710.0,4251.0,0.0,263.0,24169.0,15857.0,149794.0,149794.0,67.0,8725.0,4341.0,49265.0,49265.0,9.0,1068.0,794.0,6657.0,6657.0,118.0,10453.0,6615.0,59298.0,59298.0,31.0,3155.0,1915.0,21592.0,21592.0,99.0,9577.0,6344.0,61240.0,61240.0
2005,24540,0,-1,870,75404.0,462588.0,462588.0,55829.0,11842.0,0.0,471.0,40858.0,32456.0,266091.0,266091.0,145.0,16497.0,11182.0,101244.0,101244.0,24.0,2496.0,1694.0,15842.0,15842.0,196.0,17035.0,13146.0,103328.0,103328.0,69.0,5854.0,4615.0,40613.0,40613.0,191.0,16304.0,13355.0,109593.0,109593.0
2005,22660,0,-1,1049,100724.0,605379.0,605379.0,68027.0,15056.0,0.0,529.0,49987.0,39046.0,327012.0,327012.0,170.0,19213.0,8976.0,100687.0,100687.0,22.0,1692.0,1623.0,11907.0,11907.0,238.0,23470.0,18054.0,139046.0,139046.0,52.0,5114.0,3857.0,39739.0,39739.0,213.0,18943.0,15731.0,130719.0,130719.0
2005,14860,0,-1,3215,314444.0,1897780.0,1897780.0,226841.0,55778.0,0.0,1778.0,181880.0,132641.0,1144093.0,1144093.0,348.0,40678.0,18229.0,204680.0,204680.0,123.0,11184.0,9424.0,75544.0,75544.0,606.0,66118.0,39898.0,349781.0,349781.0,275.0,27604.0,22815.0,205477.0,205477.0,752.0,72722.0,57706.0,491274.0,491274.0
2005,35300,0,-1,3031,316460.0,1761845.0,1761845.0,207895.0,27296.0,0.0,1575.0,170562.0,113486.0,984146.0,984146.0,391.0,48586.0,21378.0,235479.0,235479.0,97.0,9180.0,7083.0,57753.0,57753.0,640.0,72755.0,41927.0,361931.0,361931.0,181.0,18760.0,12899.0,122498.0,122498.0,621.0,63568.0,47674.0,408163.0,408163.0
2005,25540,0,-1,4588,439089.0,2520900.0,2520900.0,305961.0,39551.0,0.0,2439.0,238382.0,169497.0,1419401.0,1419401.0,537.0,59740.0,30685.0,310410.0,310410.0,141.0,12225.0,9233.0,77908.0,77908.0,946.0,91619.0,59590.0,474005.0,474005.0,273.0,25845.0,20223.0,180883.0,180883.0,967.0,96289.0,70615.0,611303.0,611303.0
2005,35980,0,-1,1096,100959.0,578376.0,578376.0,68633.0,8317.0,0.0,574.0,57217.0,39271.0,339828.0,339828.0,145.0,15369.0,6794.0,81579.0,81579.0,30.0,3004.0,2234.0,17496.0,17496.0,253.0,25285.0,16854.0,137687.0,137687.0,60.0,5736.0,3639.0,38379.0,38379.0,211.0,20471.0,14850.0,128596.0,128596.0
2005,49340,0,-1,3014,284050.0,1620242.0,1620242.0,187722.0,27534.0,0.0,1674.0,163221.0,113435.0,968231.0,968231.0,405.0,47889.0,22878.0,248124.0,248124.0,90.0,8621.0,7583.0,55638.0,55638.0,632.0,62445.0,33978.0,317547.0,317547.0,204.0,20121.0,14863.0,138217.0,138217.0,675.0,65506.0,52203.0,416893.0,416893.0
2005,37980,1,-1,18833,2121850.0,12848067.0,12848067.0,1494237.0,275552.0,0.0,9982.0,1153735.0,836862.0,7302363.0,7302363.0,2473.0,316224.0,161747.0,1723596.0,1723596.0,587.0,63883.0,52550.0,427228.0,427228.0,3723.0,454878.0,293668.0,2518847.0,2518847.0,1338.0,153900.0,116786.0,1107162.0,1107162.0,3906.0,430692.0,337601.0,2924816.0,2924816.0
2005,41540,0,-1,1602,133317.0,784862.0,784862.0,97092.0,11227.0,0.0,601.0,56477.0,39291.0,350809.0,350809.0,132.0,15785.0,7590.0,84233.0,84233.0,25.0,2624.0,1965.0,17016.0,17016.0,284.0,25850.0,17117.0,150558.0,150558.0,65.0,6403.0,3894.0,42620.0,42620.0,234.0,21579.0,16146.0,138285.0,138285.0
2005,20100,0,-1,518,53250.0,310716.0,310716.0,38838.0,5696.0,0.0,215.0,22106.0,16106.0,139190.0,139190.0,55.0,6280.0,3464.0,37189.0,37189.0,6.0,691.0,388.0,4477.0,4477.0,88.0,8232.0,5614.0,46432.0,46432.0,33.0,3251.0,2505.0,21192.0,21192.0,91.0,10890.0,8046.0,67134.0,67134.0
2005,47900,1,-1,19025,1892063.0,11500949.0,11500949.0,1255714.0,377980.0,0.0,10904.0,1115211.0,766027.0,7008577.0,7008577.0,3043.0,341750.0,157243.0,1769258.0,1769258.0,687.0,67677.0,50265.0,452946.0,452946.0,4805.0,509581.0,309041.0,2778491.0,2778491.0,1266.0,126476.0,93326.0,920433.0,920433.0,4086.0,404549.0,305785.0,2794849.0,2794849.0
2005,45300,1,-1,12076,1073924.0,5707504.0,5707504.0,759756.0,49995.0,0.0,5348.0,492224.0,341167.0,2766609.0,2766609.0,1379.0,149192.0,70677.0,734463.0,734463.0,224.0,17921.0,13519.0,110209.0,110209.0,2505.0,231406.0,144790.0,1154273.0,1154273.0,503.0,49765.0,35960.0,316544.0,316544.0,1997.0,179687.0,134462.0,1102443.0,1102443.0
2005,35840,0,-1,3335,285131.0,1491949.0,1491949.0,214352.0,10969.0,0.0,1223.0,111878.0,79454.0,614423.0,614423.0,249.0,30161.0,15157.0,148590.0,148590.0,43.0,3617.0,2438.0,21484.0,21484.0,582.0,55223.0,37792.0,274320.0,274320.0,122.0,11365.0,7920.0,71643.0,71643.0,428.0,36840.0,27239.0,219304.0,219304.0
2005,23540,0,-1,988,93002.0,486647.0,486647.0,46899.0,4352.0,0.0,392.0,34802.0,21129.0,195210.0,195210.0,157.0,16848.0,4530.0,74737.0,74737.0,17.0,1510.0,1010.0,8807.0,8807.0,187.0,17174.0,9354.0,85290.0,85290.0,43.0,3596.0,2316.0,23152.0,23152.0,151.0,12657.0,9032.0,79943.0,79943.0
2005,15980,0,-1,2599,227753.0,1192875.0,1192875.0,166359.0,6306.0,0.0,928.0,90277.0,61591.0,500348.0,500348.0,254.0,33459.0,14684.0,165123.0,165123.0,33.0,3707.0,3315.0,22333.0,22333.0,461.0,43911.0,28962.0,227110.0,227110.0,106.0,10707.0,6108.0,65136.0,65136.0,312.0,31568.0,23335.0,182384.0,182384.0
2005,39460,0,-1,705,68171.0,358908.0,358908.0,57656.0,1673.0,0.0,229.0,22685.0,18079.0,128167.0,128167.0,32.0,5106.0,2234.0,25811.0,25811.0,6.0,712.0,712.0,3438.0,3438.0,110.0,10300.0,8027.0,52673.0,52673.0,25.0,2648.0,2043.0,17412.0,17412.0,72.0,7726.0,6411.0,44592.0,44592.0
2005,37860,0,-1,1761,167112.0,957413.0,957413.0,117407.0,10985.0,0.0,801.0,74802.0,54668.0,449492.0,449492.0,203.0,20754.0,8955.0,108711.0,108711.0,19.0,1777.0,1097.0,10974.0,10974.0,344.0,31020.0,21352.0,176881.0,176881.0,95.0,8241.0,5730.0,52083.0,52083.0,308.0,31118.0,23558.0,192552.0,192552.0
2005,34940,0,-1,1315,117330.0,621523.0,621523.0,87172.0,4076.0,0.0,469.0,45192.0,32229.0,253390.0,253390.0,112.0,13848.0,5429.0,66943.0,66943.0,28.0,2268.0,1465.0,12604.0,12604.0,200.0,19812.0,12477.0,100146.0,100146.0,52.0,5661.0,4607.0,34318.0,34318.0,190.0,17726.0,13653.0,106717.0,106717.0
2005,33100,1,-1,19933,1966991.0,9927473.0,9927473.0,1296885.0,75498.0,0.0,10009.0,1027082.0,658651.0,5405351.0,5405351.0,2505.0,283985.0,121587.0,1311064.0,1311064.0,531.0,51289.0,35597.0,276954.0,276954.0,4219.0,436269.0,258300.0,2023663.0,2023663.0,1056.0,111184.0,71273.0,669699.0,669699.0,3903.0,389986.0,269351.0,2208766.0,2208766.0
2005,36740,1,-1,7803,734007.0,4103308.0,4103308.0,478825.0,46192.0,0.0,4065.0,381674.0,247982.0,2248810.0,2248810.0,1207.0,126071.0,53330.0,644068.0,644068.0,180.0,15272.0,10807.0,91467.0,91467.0,1749.0,166083.0,96814.0,888139.0,888139.0,443.0,44076.0,27474.0,286484.0,286484.0,1617.0,148861.0,106309.0,935541.0,935541.0
2005,19660,0,-1,2692,253421.0,1401882.0,1401882.0,189637.0,8934.0,0.0,1018.0,102305.0,73696.0,588108.0,588108.0,231.0,28718.0,14778.0,154993.0,154993.0,43.0,4213.0,3579.0,25399.0,25399.0,482.0,46064.0,30262.0,242623.0,242623.0,91.0,10376.0,7788.0,67031.0,67031.0,392.0,42126.0,32032.0,252787.0,252787.0
2005,37460,0,-1,710,68202.0,352903.0,352903.0,43510.0,1553.0,0.0,278.0,27352.0,17076.0,143188.0,143188.0,82.0,10208.0,3160.0,48457.0,48457.0,10.0,859.0,448.0,5126.0,5126.0,142.0,13145.0,7666.0,62359.0,62359.0,28.0,3218.0,1864.0,18952.0,18952.0,110.0,10594.0,7443.0,59812.0,59812.0
2005,29460,0,-1,2416,207671.0,1107780.0,1107780.0,152511.0,8005.0,0.0,882.0,82172.0,56186.0,467699.0,467699.0,232.0,27205.0,12895.0,139421.0,139421.0,30.0,3408.0,2074.0,18185.0,18185.0,349.0,30658.0,19880.0,160684.0,160684.0,136.0,14062.0,8948.0,85190.0,85190.0,361.0,34565.0,24358.0,195912.0,195912.0
2005,27260,1,-1,4879,476906.0,2751120.0,2751120.0,325781.0,33865.0,0.0,2392.0,243414.0,169981.0,1459762.0,1459762.0,688.0,75809.0,35414.0,395573.0,395573.0,110.0,10678.0,8337.0,66971.0,66971.0,1049.0,108818.0,69012.0,593792.0,593792.0,248.0,25747.0,19415.0,176586.0,176586.0,960.0,94628.0,71289.0,593796.0,593796.0
2005,38940,0,-1,1662,150509.0,829235.0,829235.0,113592.0,6125.0,0.0,655.0,62431.0,44467.0,364428.0,364428.0,128.0,17468.0,8442.0,91787.0,91787.0,38.0,3692.0,3072.0,21166.0,21166.0,277.0,26751.0,18235.0,146907.0,146907.0,63.0,7019.0,4588.0,41814.0,41814.0,266.0,24597.0,18711.0,150924.0,150924.0
2005,45220,0,-1,1293,121000.0,658781.0,658781.0,74776.0,7393.0,0.0,511.0,47927.0,33180.0,277943.0,277943.0,187.0,19596.0,6456.0,90408.0,90408.0,30.0,2601.0,1812.0,13708.0,13708.0,238.0,21468.0,13660.0,113893.0,113893.0,56.0,5716.0,3780.0,37105.0,37105.0,209.0,19980.0,14737.0,117330.0,117330.0
2005,37340,0,-1,2369,212036.0,1185675.0,1185675.0,157101.0,10169.0,0.0,1014.0,93188.0,69235.0,548255.0,548255.0,192.0,24556.0,10994.0,124839.0,124839.0,37.0,3035.0,2637.0,18999.0,18999.0,477.0,41685.0,27417.0,228413.0,228413.0,82.0,8609.0,6837.0,55581.0,55581.0,372.0,36149.0,29143.0,218725.0,218725.0
2005,36100,0,-1,1382,122679.0,662258.0,662258.0,97149.0,4047.0,0.0,386.0,37631.0,26902.0,219582.0,219582.0,83.0,9633.0,4095.0,47461.0,47461.0,18.0,1910.0,1018.0,10420.0,10420.0,179.0,16611.0,11923.0,90551.0,90551.0,42.0,5281.0,3796.0,35180.0,35180.0,188.0,18903.0,14188.0,113254.0,113254.0
2005,12060,1,-1,17027,1718082.0,10499982.0,10499982.0,1153516.0,267213.0,0.0,10015.0,1027030.0,719287.0,6526769.0,6526769.0,3043.0,351763.0,174918.0,1939737.0,1939737.0,604.0,57266.0,45592.0,386736.0,386736.0,4297.0,452974.0,284094.0,2579934.0,2579934.0,1144.0,121821.0,84306.0,856780.0,856780.0,3888.0,386488.0,297374.0,2641551.0,2641551.0
2005,46660,0,-1,529,44422.0,244381.0,244381.0,26908.0,2403.0,0.0,226.0,19448.0,12015.0,109158.0,109158.0,90.0,8769.0,4163.0,45323.0,45323.0,10.0,1638.0,1478.0,10008.0,10008.0,87.0,7823.0,4034.0,39302.0,39302.0,30.0,2406.0,1432.0,14917.0,14917.0,101.0,9152.0,6639.0,53366.0,53366.0
2005,12260,0,-1,1852,178624.0,1054897.0,1054897.0,123663.0,13959.0,0.0,816.0,83361.0,59122.0,517269.0,517269.0,233.0,24964.0,12260.0,136410.0,136410.0,34.0,3041.0,2398.0,17672.0,17672.0,309.0,30670.0,21265.0,175228.0,175228.0,134.0,14303.0,8631.0,96776.0,96776.0,347.0,35489.0,25639.0,221966.0,221966.0
2005,12020,0,-1,741,61062.0,337149.0,337149.0,31803.0,4903.0,0.0,311.0,23659.0,14468.0,135347.0,135347.0,131.0,12629.0,4312.0,60375.0,60375.0,17.0,1505.0,1069.0,8878.0,8878.0,135.0,10018.0,5133.0,51138.0,51138.0,29.0,2601.0,1498.0,15452.0,15452.0,140.0,10518.0,7321.0,63898.0,63898.0
2005,23580,0,-1,636,52669.0,309641.0,309641.0,37725.0,5340.0,0.0,306.0,24498.0,18933.0,151317.0,151317.0,92.0,10801.0,6916.0,60657.0,60657.0,20.0,2189.0,1474.0,12759.0,12759.0,130.0,10830.0,8368.0,63384.0,63384.0,45.0,3971.0,2643.0,25842.0,25842.0,123.0,10893.0,7734.0,62784.0,62784.0
2005,16860,0,-1,1825,180986.0,1034925.0,1034925.0,128227.0,15767.0,0.0,848.0,85158.0,60624.0,505947.0,505947.0,240.0,27570.0,15434.0,149044.0,149044.0,29.0,3215.0,3052.0,21760.0,21760.0,377.0,39437.0,25975.0,214143.0,214143.0,98.0,10135.0,6385.0,62589.0,62589.0,335.0,32325.0,25413.0,205035.0,205035.0
2005,46520,0,-1,2926,292709.0,1434019.0,1434019.0,168186.0,17250.0,0.0,1403.0,152056.0,80656.0,738981.0,738981.0,365.0,40437.0,9722.0,173457.0,173457.0,71.0,7565.0,4140.0,36217.0,36217.0,559.0,63644.0,28565.0,256428.0,256428.0,206.0,20839.0,10914.0,120163.0,120163.0,497.0,53614.0,31599.0,282708.0,282708.0
2005,14260,0,-1,1663,189265.0,1089529.0,1089529.0,134790.0,16781.0,0.0,880.0,101027.0,74839.0,610558.0,610558.0,285.0,36152.0,21465.0,195481.0,195481.0,37.0,4930.0,3801.0,30362.0,30362.0,363.0,42615.0,27795.0,228182.0,228182.0,148.0,18115.0,13985.0,124999.0,124999.0,332.0,36555.0,30149.0,231820.0,231820.0
2005,19500,0,-1,535,44921.0,256768.0,256768.0,32401.0,3410.0,0.0,273.0,21882.0,15856.0,132150.0,132150.0,69.0,6648.0,3892.0,36236.0,36236.0,10.0,787.0,718.0,4601.0,4601.0,120.0,9917.0,6383.0,54155.0,54155.0,29.0,2641.0,1979.0,18210.0,18210.0,99.0,7846.0,6112.0,49343.0,49343.0
2005,16980,1,-1,29053,3287420.0,18710127.0,18710127.0,2252956.0,346331.0,0.0,15877.0,1853962.0,1299141.0,11023737.0,11023737.0,4664.0,598933.0,300921.0,3022177.0,3022177.0,920.0,100677.0,84434.0,647595.0,647595.0,6107.0,744782.0,450869.0,3778100.0,3778100.0,2409.0,277930.0,209699.0,1914405.0,1914405.0,5841.0,661106.0,506687.0,4237273.0,4237273.0
2005,44100,0,-1,1241,92785.0,537303.0,537303.0,66848.0,8922.0,0.0,597.0,46569.0,34264.0,285175.0,285175.0,178.0,15415.0,8637.0,83969.0,83969.0,25.0,2340.0,2043.0,15347.0,15347.0,237.0,19304.0,12183.0,102715.0,102715.0,69.0,5112.0,3979.0,35937.0,35937.0,242.0,19181.0,15315.0,124845.0,124845.0
2005,16580,0,-1,819,72320.0,391164.0,391164.0,39702.0,6984.0,0.0,383.0,32372.0,20051.0,189141.0,189141.0,126.0,14645.0,5266.0,66196.0,66196.0,16.0,1460.0,1002.0,8297.0,8297.0,168.0,15523.0,7844.0,77778.0,77778.0,40.0,3623.0,2300.0,23826.0,23826.0,139.0,10272.0,8021.0,67457.0,67457.0
2005,41180,1,-1,9598,1021002.0,5905275.0,5905275.0,744492.0,98204.0,0.0,4778.0,529550.0,391695.0,3214187.0,3214187.0,1304.0,162803.0,89113.0,875502.0,875502.0,235.0,24533.0,20186.0,161424.0,161424.0,1887.0,211998.0,140007.0,1126893.0,1126893.0,634.0,71870.0,53844.0,500887.0,500887.0,1834.0,202083.0,159645.0,1283525.0,1283525.0
2005,14010,0,-1,713,57014.0,351819.0,351819.0,38816.0,9387.0,0.0,367.0,28598.0,21706.0,193410.0,193410.0,117.0,12540.0,5978.0,70518.0,70518.0,23.0,1844.0,1482.0,13169.0,13169.0,142.0,11006.0,7366.0,65979.0,65979.0,45.0,4102.0,3431.0,29849.0,29849.0,146.0,11991.0,9421.0,86353.0,86353.0
2005,28100,0,-1,473,38023.0,210477.0,210477.0,27484.0,1756.0,0.0,245.0,18565.0,13355.0,105659.0,105659.0,69.0,5875.0,3346.0,31536.0,31536.0,11.0,563.0,393.0,3419.0,3419.0,102.0,7669.0,5069.0,41055.0,41055.0,35.0,2835.0,2204.0,17447.0,17447.0,83.0,6428.0,5120.0,37320.0,37320.0
2005,37900,0,-1,1707,137697.0,805646.0,805646.0,103011.0,13111.0,0.0,835.0,68949.0,52789.0,425946.0,425946.0,233.0,21267.0,12473.0,115174.0,115174.0,23.0,2035.0,1762.0,13620.0,13620.0,359.0,31388.0,23158.0,175326.0,175326.0,110.0,7662.0,6456.0,55482.0,55482.0,289.0,22889.0,18323.0,150582.0,150582.0
2005,19340,0,-1,1471,142083.0,840275.0,840275.0,106352.0,16840.0,0.0,704.0,71290.0,54175.0,446157.0,446157.0,174.0,21202.0,11941.0,122580.0,122580.0,29.0,3369.0,2948.0,21967.0,21967.0,316.0,30708.0,20527.0,171339.0,171339.0,85.0,9745.0,8351.0,70142.0,70142.0,246.0,25344.0,19779.0,166267.0,166267.0
2005,40420,0,-1,1325,123569.0,721546.0,721546.0,91205.0,9569.0,0.0,656.0,64580.0,48226.0,393978.0,393978.0,195.0,22794.0,13434.0,125492.0,125492.0,17.0,1499.0,1148.0,10279.0,10279.0,258.0,26706.0,17668.0,144453.0,144453.0,95.0,9633.0,8637.0,66139.0,66139.0,248.0,23124.0,18112.0,150898.0,150898.0
2005,26900,1,-1,6453,663515.0,3935825.0,3935825.0,467323.0,80697.0,0.0,3437.0,368308.0,268422.0,2310299.0,2310299.0,1057.0,122715.0,67898.0,684182.0,684182.0,165.0,17795.0,13574.0,113661.0,113661.0,1439.0,156028.0,102881.0,870329.0,870329.0,448.0,47303.0,37257.0,342024.0,342024.0,1272.0,134716.0,105367.0,896214.0,896214.0
2005,31140,0,-1,5070,447271.0,2584067.0,2584067.0,316370.0,40315.0,0.0,2525.0,231467.0,167264.0,1394907.0,1394907.0,672.0,68183.0,36292.0,376740.0,376740.0,125.0,10205.0,7741.0,61733.0,61733.0,1062.0,101775.0,67499.0,549425.0,549425.0,278.0,26435.0,18848.0,186389.0,186389.0,979.0,86229.0,66565.0,545694.0,545694.0
2005,23060,0,-1,1335,130521.0,784365.0,784365.0,93641.0,17217.0,0.0,690.0,67107.0,50208.0,423437.0,423437.0,202.0,22567.0,13746.0,130385.0,130385.0,17.0,2434.0,1309.0,16853.0,16853.0,285.0,27680.0,18762.0,155060.0,155060.0,108.0,9998.0,8322.0,72470.0,72470.0,245.0,24600.0,19192.0,160635.0,160635.0
2005,21780,0,-1,1050,101495.0,567666.0,567666.0,74155.0,8972.0,0.0,486.0,49155.0,36706.0,291694.0,291694.0,133.0,15401.0,9126.0,83509.0,83509.0,20.0,1934.0,1718.0,11190.0,11190.0,207.0,20346.0,12956.0,106284.0,106284.0,44.0,5146.0,4081.0,34295.0,34295.0,188.0,18908.0,15541.0,120776.0,120776.0
2005,33140,0,-1,478,40831.0,233680.0,233680.0,31109.0,3191.0,0.0,220.0,19152.0,15175.0,114689.0,114689.0,54.0,6379.0,3325.0,34910.0,34910.0,4.0,376.0,376.0,2261.0,2261.0,100.0,8028.0,6066.0,42559.0,42559.0,24.0,2139.0,1740.0,14991.0,14991.0,75.0,7990.0,6790.0,49691.0,49691.0
2005,45460,0,-1,647,57257.0,313600.0,313600.0,39463.0,3525.0,0.0,299.0,26694.0,18749.0,153675.0,153675.0,81.0,9069.0,4300.0,45661.0,45661.0,11.0,1221.0,327.0,6309.0,6309.0,134.0,12108.0,8196.0,61527.0,61527.0,52.0,4993.0,3217.0,33915.0,33915.0,93.0,8017.0,5959.0,47759.0,47759.0
2005,34620,0,-1,481,45279.0,250463.0,250463.0,29688.0,2864.0,0.0,220.0,19544.0,14229.0,114584.0,114584.0,60.0,6837.0,3287.0,36774.0,36774.0,5.0,396.0,367.0,2416.0,2416.0,95.0,8839.0,5738.0,45864.0,45864.0,21.0,2106.0,1589.0,15148.0,15148.0,90.0,7163.0,5557.0,45521.0,45521.0
2005,14020,0,-1,443,46244.0,244619.0,244619.0,24992.0,3860.0,0.0,197.0,18819.0,11956.0,108336.0,108336.0,87.0,11058.0,3199.0,49621.0,49621.0,11.0,1128.0,891.0,7507.0,7507.0,108.0,10529.0,5551.0,54416.0,54416.0,10.0,910.0,910.0,5834.0,5834.0,68.0,6256.0,4435.0,39586.0,39586.0
2005,21140,0,-1,637,69652.0,415625.0,415625.0,49528.0,8441.0,0.0,319.0,36240.0,26300.0,233733.0,233733.0,94.0,11654.0,6320.0,68020.0,68020.0,8.0,834.0,834.0,4582.0,4582.0,119.0,13931.0,8845.0,75969.0,75969.0,48.0,5270.0,4578.0,39944.0,39944.0,130.0,14953.0,11116.0,102656.0,102656.0
2005,36540,0,-1,3019,343350.0,2061782.0,2061782.0,233268.0,46039.0,0.0,1532.0,178828.0,126485.0,1126167.0,1126167.0,439.0,60773.0,31075.0,342567.0,342567.0,72.0,7824.0,6904.0,53106.0,53106.0,627.0,77139.0,46495.0,413936.0,413936.0,247.0,31651.0,24123.0,231687.0,231687.0,570.0,61839.0,48975.0,421858.0,421858.0
2005,26980,0,-1,345,49998.0,269748.0,269748.0,30371.0,5675.0,0.0,176.0,20822.0,15310.0,128600.0,128600.0,63.0,11274.0,4097.0,50517.0,50517.0,18.0,2080.0,1903.0,15064.0,15064.0,85.0,10484.0,6167.0,53934.0,53934.0,21.0,2300.0,2208.0,17888.0,17888.0,70.0,8062.0,6959.0,56405.0,56405.0
2005,28140,1,-1,6258,682981.0,4071253.0,4071253.0,475847.0,77045.0,0.0,3301.0,375307.0,271077.0,2363688.0,2363688.0,1020.0,124359.0,64847.0,680698.0,680698.0,142.0,15330.0,12383.0,101897.0,101897.0,1415.0,163843.0,106789.0,919497.0,919497.0,451.0,53810.0,39226.0,383969.0,383969.0,1177.0,127656.0,101475.0,855145.0,855145.0
2005,48620,0,-1,1876,211231.0,1233863.0,1233863.0,142886.0,24576.0,0.0,946.0,109424.0,76800.0,675355.0,675355.0,269.0,35497.0,18537.0,192490.0,192490.0,27.0,2870.0,2281.0,17946.0,17946.0,380.0,45793.0,27754.0,245225.0,245225.0,151.0,17069.0,13233.0,122006.0,122006.0,346.0,39604.0,30272.0,256732.0,256732.0
2005,17140,1,-1,7547,770056.0,4527691.0,4527691.0,531935.0,85242.0,0.0,3878.0,409138.0,295772.0,2542782.0,2542782.0,1142.0,134360.0,70271.0,749156.0,749156.0,164.0,15583.0,12944.0,105013.0,105013.0,1592.0,171194.0,108308.0,939448.0,939448.0,489.0,54673.0,39809.0,393630.0,393630.0,1460.0,148914.0,120209.0,982190.0,982190.0
2005,36980,0,-1,454,41201.0,223464.0,223464.0,28268.0,2107.0,0.0,210.0,19543.0,13409.0,109770.0,109770.0,52.0,5280.0,2916.0,26765.0,26765.0,8.0,704.0,704.0,4962.0,4962.0,85.0,8207.0,4911.0,41224.0,41224.0,28.0,2606.0,2349.0,18575.0,18575.0,87.0,7673.0,5490.0,43802.0,43802.0
2005,21060,0,-1,454,45569.0,266173.0,266173.0,31289.0,4707.0,0.0,220.0,21646.0,15318.0,134924.0,134924.0,62.0,6950.0,2887.0,35886.0,35886.0,7.0,967.0,252.0,5410.0,5410.0,93.0,8816.0,5356.0,48782.0,48782.0,29.0,2722.0,1637.0,17542.0,17542.0,87.0,8833.0,6409.0,55872.0,55872.0
2005,17300,0,-1,939,91769.0,514659.0,514659.0,60119.0,5135.0,0.0,447.0,45330.0,30310.0,261734.0,261734.0,170.0,19597.0,7776.0,100838.0,100838.0,19.0,1992.0,1183.0,10120.0,10120.0,163.0,15428.0,10642.0,81907.0,81907.0,69.0,6818.0,4365.0,43291.0,43291.0,198.0,21976.0,13777.0,126510.0,126510.0
2005,35380,1,-1,4270,495759.0,2722951.0,2722951.0,317192.0,30046.0,0.0,2119.0,259810.0,167030.0,1471058.0,1471058.0,544.0,76905.0,32978.0,375723.0,375723.0,86.0,8872.0,6781.0,52709.0,52709.0,926.0,114551.0,64688.0,583815.0,583815.0,234.0,26062.0,19011.0,173201.0,173201.0,775.0,94489.0,67271.0,562739.0,562739.0
2005,12940,0,-1,2531,269763.0,1476896.0,1476896.0,187263.0,11648.0,0.0,1088.0,122435.0,88219.0,702488.0,702488.0,321.0,43005.0,22625.0,216983.0,216983.0,40.0,4714.0,3730.0,27129.0,27129.0,416.0,47736.0,31357.0,248782.0,248782.0,178.0,24423.0,16763.0,146337.0,146337.0,452.0,48436.0,38040.0,286687.0,286687.0
2005,10780,0,-1,855,47140.0,255413.0,255413.0,32701.0,1689.0,0.0,343.0,20676.0,13952.0,117551.0,117551.0,89.0,8011.0,3935.0,36369.0,36369.0,19.0,804.0,611.0,4614.0,4614.0,128.0,7310.0,4711.0,38073.0,38073.0,33.0,2112.0,1464.0,13374.0,13374.0,167.0,9892.0,6865.0,56620.0,56620.0
2005,29340,0,-1,719,71033.0,386279.0,386279.0,49635.0,2747.0,0.0,268.0,26675.0,18861.0,157043.0,157043.0,62.0,7978.0,5227.0,44406.0,44406.0,3.0,742.0,518.0,4373.0,4373.0,104.0,9795.0,6472.0,52264.0,52264.0,39.0,4679.0,2891.0,29320.0,29320.0,121.0,11569.0,9136.0,69994.0,69994.0
2005,25220,0,-1,355,38473.0,199313.0,199313.0,25108.0,1084.0,0.0,138.0,15860.0,11040.0,89102.0,89102.0,32.0,4217.0,2107.0,20652.0,20652.0,4.0,428.0,116.0,2670.0,2670.0,43.0,4806.0,2843.0,24277.0,24277.0,28.0,3312.0,3009.0,19661.0,19661.0,68.0,8853.0,5793.0,48363.0,48363.0
2005,29180,0,-1,1372,141574.0,762886.0,762886.0,95947.0,6357.0,0.0,573.0,59459.0,43197.0,346746.0,346746.0,154.0,18944.0,9227.0,92000.0,92000.0,20.0,1772.0,1544.0,10763.0,10763.0,193.0,21381.0,13212.0,113034.0,113034.0,88.0,8632.0,6521.0,52610.0,52610.0,270.0,29413.0,23005.0,173712.0,173712.0
2005,43340,0,-1,1522,150483.0,813985.0,813985.0,99724.0,7258.0,0.0,631.0,68182.0,44991.0,385795.0,385795.0,194.0,22291.0,10338.0,112241.0,112241.0,19.0,2636.0,1998.0,16674.0,16674.0,265.0,27166.0,16554.0,141949.0,141949.0,83.0,8943.0,5658.0,57021.0,57021.0,235.0,25916.0,18828.0,149951.0,149951.0
2005,33740,0,-1,560,54245.0,291791.0,291791.0,32605.0,2505.0,0.0,255.0,25158.0,14370.0,140918.0,140918.0,71.0,8896.0,2810.0,42145.0,42145.0,1.0,101.0,101.0,505.0,505.0,104.0,10031.0,5318.0,51373.0,51373.0,34.0,3140.0,2158.0,19465.0,19465.0,103.0,11236.0,6969.0,65018.0,65018.0
2005,26380,0,-1,774,76357.0,404604.0,404604.0,57423.0,3637.0,0.0,303.0,30586.0,22514.0,172521.0,172521.0,80.0,8128.0,5104.0,42379.0,42379.0,6.0,791.0,555.0,4980.0,4980.0,101.0,10525.0,7303.0,53678.0,53678.0,45.0,5712.0,4019.0,32377.0,32377.0,160.0,14538.0,11872.0,81109.0,81109.0
2005,38860,0,-1,1646,215214.0,1219184.0,1219184.0,150702.0,22587.0,0.0,808.0,110694.0,78411.0,658567.0,658567.0,161.0,25298.0,11056.0,137089.0,137089.0,29.0,3981.0,2612.0,23293.0,23293.0,359.0,50386.0,33042.0,267839.0,267839.0,82.0,10950.0,7089.0,74836.0,74836.0,327.0,43732.0,35814.0,277909.0,277909.0
2005,12620,0,-1,751,68751.0,385106.0,385106.0,49519.0,5249.0,0.0,322.0,30985.0,24588.0,190063.0,190063.0,71.0,7390.0,4038.0,41074.0,41074.0,10.0,1007.0,964.0,7622.0,7622.0,154.0,14047.0,9841.0,75316.0,75316.0,34.0,3419.0,3204.0,24436.0,24436.0,124.0,12233.0,10060.0,80399.0,80399.0
2005,30340,0,-1,315,41125.0,222516.0,222516.0,29306.0,2867.0,0.0,145.0,18220.0,13108.0,105035.0,105035.0,32.0,5661.0,2510.0,28720.0,28720.0,1.0,132.0,132.0,1056.0,1056.0,60.0,7664.0,4846.0,36128.0,36128.0,20.0,2124.0,1714.0,14827.0,14827.0,54.0,8141.0,5934.0,50049.0,50049.0
2005,12580,1,-1,9826,967279.0,5934706.0,5934706.0,659365.0,147336.0,0.0,5113.0,528420.0,374106.0,3405085.0,3405085.0,1415.0,155018.0,75687.0,861920.0,861920.0,278.0,27120.0,21795.0,184038.0,184038.0,2170.0,231580.0,146766.0,1325515.0,1325515.0,572.0,59378.0,43140.0,435961.0,435961.0,1902.0,191658.0,147544.0,1323478.0,1323478.0
2005,14460,1,-1,16797,1702647.0,9707456.0,9707456.0,1099900.0,197313.0,0.0,9204.0,948952.0,644744.0,5642639.0,5642639.0,2261.0,277972.0,109521.0,1339879.0,1339879.0,592.0,62405.0,46696.0,385435.0,385435.0,3639.0,389492.0,225565.0,1960406.0,1960406.0,1137.0,117217.0,90273.0,824966.0,824966.0,3672.0,368145.0,274141.0,2373968.0,2373968.0
2005,38340,0,-1,578,46971.0,279381.0,279381.0,32472.0,5398.0,0.0,274.0,22641.0,16550.0,140946.0,140946.0,46.0,5479.0,2504.0,29466.0,29466.0,8.0,699.0,342.0,3601.0,3601.0,122.0,10252.0,6586.0,59162.0,59162.0,28.0,2298.0,1768.0,16156.0,16156.0,101.0,7888.0,6207.0,51195.0,51195.0
2005,39300,1,-1,6083,595371.0,3308050.0,3308050.0,376047.0,45761.0,0.0,3144.0,316244.0,209307.0,1834320.0,1834320.0,800.0,96475.0,37811.0,496775.0,496775.0,148.0,15089.0,10842.0,90337.0,90337.0,1245.0,128001.0,70639.0,646838.0,646838.0,370.0,37900.0,25770.0,251953.0,251953.0,1200.0,119065.0,87385.0,734455.0,734455.0
2005,12700,0,-1,1132,106611.0,625552.0,625552.0,83768.0,11051.0,0.0,459.0,49995.0,38285.0,299281.0,299281.0,81.0,11393.0,5572.0,60893.0,60893.0,29.0,4438.0,3604.0,23044.0,23044.0,191.0,19569.0,13803.0,104886.0,104886.0,59.0,6796.0,5646.0,47624.0,47624.0,178.0,20871.0,15999.0,128753.0,128753.0
2005,44140,0,-1,2298,222720.0,1201277.0,1201277.0,134516.0,16325.0,0.0,1185.0,114496.0,72814.0,642149.0,642149.0,305.0,35593.0,14323.0,177355.0,177355.0,48.0,4306.0,3550.0,26269.0,26269.0,503.0,51395.0,25161.0,247910.0,247910.0,136.0,12726.0,9557.0,84445.0,84445.0,432.0,40382.0,30260.0,247645.0,247645.0
2005,24340,0,-1,2455,308886.0,1865920.0,1865920.0,230941.0,38499.0,0.0,1253.0,160801.0,126429.0,1032380.0,1032380.0,399.0,57295.0,35686.0,323435.0,323435.0,63.0,7133.0,6314.0,48415.0,48415.0,438.0,59618.0,41277.0,329066.0,329066.0,233.0,30001.0,24277.0,216932.0,216932.0,472.0,57305.0,49332.0,388051.0,388051.0
2005,35660,0,-1,788,64332.0,366606.0,366606.0,44698.0,7021.0,0.0,378.0,30619.0,21010.0,183129.0,183129.0,73.0,7626.0,3619.0,43620.0,43620.0,11.0,1691.0,695.0,8952.0,8952.0,164.0,13311.0,8455.0,71130.0,71130.0,45.0,3738.0,2418.0,26525.0,26525.0,137.0,11344.0,8329.0,70273.0,70273.0
2005,11460,0,-1,1130,128807.0,711387.0,711387.0,81122.0,13642.0,0.0,587.0,64262.0,46048.0,378779.0,378779.0,190.0,24595.0,9806.0,115667.0,115667.0,42.0,5002.0,4370.0,33575.0,33575.0,265.0,30141.0,17777.0,147755.0,147755.0,68.0,6944.0,5393.0,48743.0,48743.0,223.0,23708.0,19951.0,158586.0,158586.0
2005,19820,1,-1,13855,1675765.0,9769987.0,9769987.0,1237244.0,153616.0,0.0,7393.0,914675.0,687460.0,5540907.0,5540907.0,1937.0,264715.0,144392.0,1432944.0,1432944.0,349.0,39790.0,33254.0,250122.0,250122.0,2964.0,375531.0,258141.0,2032979.0,2032979.0,1066.0,132392.0,103042.0,918154.0,918154.0,2720.0,327729.0,261414.0,2075974.0,2075974.0
2005,34740,0,-1,648,65887.0,391022.0,391022.0,53527.0,7738.0,0.0,315.0,32967.0,27579.0,209066.0,209066.0,68.0,9117.0,6741.0,54588.0,54588.0,7.0,1487.0,1242.0,12048.0,12048.0,122.0,14191.0,10843.0,80362.0,80362.0,48.0,5234.0,4787.0,37502.0,37502.0,113.0,10927.0,9808.0,74207.0,74207.0
2005,29620,0,-1,1757,173292.0,1002405.0,1002405.0,118864.0,19293.0,0.0,883.0,85170.0,64148.0,532453.0,532453.0,256.0,29074.0,13298.0,143121.0,143121.0,32.0,2883.0,2364.0,17493.0,17493.0,354.0,35153.0,25486.0,190364.0,190364.0,119.0,12293.0,9012.0,87977.0,87977.0,326.0,30978.0,24320.0,205967.0,205967.0
2005,40980,0,-1,814,76988.0,452501.0,452501.0,58901.0,6515.0,0.0,393.0,37841.0,29211.0,230472.0,230472.0,98.0,9671.0,6658.0,56293.0,56293.0,17.0,1491.0,1491.0,9520.0,9520.0,148.0,14492.0,10665.0,80450.0,80450.0,59.0,5817.0,4245.0,37608.0,37608.0,153.0,14616.0,11957.0,92748.0,92748.0
2005,22420,0,-1,1775,198153.0,1140830.0,1140830.0,144642.0,15188.0,0.0,894.0,100367.0,74378.0,598929.0,598929.0,252.0,32876.0,17747.0,185411.0,185411.0,25.0,2587.0,2008.0,16005.0,16005.0,355.0,41434.0,28096.0,221413.0,221413.0,119.0,13766.0,10516.0,95900.0,95900.0,345.0,38321.0,29879.0,236545.0,236545.0
2005,28020,0,-1,1189,124417.0,714317.0,714317.0,84827.0,11151.0,0.0,571.0,58796.0,44480.0,362399.0,362399.0,153.0,19984.0,9872.0,103543.0,103543.0,24.0,2489.0,1867.0,15913.0,15913.0,235.0,23230.0,16577.0,124699.0,124699.0,74.0,7588.0,5586.0,52436.0,52436.0,232.0,24552.0,18804.0,159371.0,159371.0
2005,33780,0,-1,561,55059.0,329081.0,329081.0,44526.0,4875.0,0.0,289.0,26297.0,22459.0,168219.0,168219.0,52.0,6567.0,4491.0,36904.0,36904.0,11.0,922.0,834.0,6208.0,6208.0,107.0,9576.0,7766.0,55381.0,55381.0,35.0,3702.0,2931.0,26452.0,26452.0,125.0,12030.0,10496.0,78125.0,78125.0
2005,12980,0,-1,604,52506.0,310542.0,310542.0,39752.0,6147.0,0.0,285.0,25895.0,19645.0,156902.0,156902.0,78.0,8097.0,4398.0,48701.0,48701.0,16.0,1208.0,1180.0,7907.0,7907.0,114.0,10018.0,6785.0,53497.0,53497.0,34.0,3111.0,2482.0,23665.0,23665.0,121.0,10302.0,8035.0,66121.0,66121.0
2005,27100,0,-1,559,59005.0,358638.0,358638.0,46961.0,6762.0,0.0,261.0,29183.0,23750.0,186413.0,186413.0,62.0,8031.0,4669.0,44269.0,44269.0,13.0,1309.0,929.0,7262.0,7262.0,102.0,11848.0,9608.0,75326.0,75326.0,29.0,2992.0,2583.0,20536.0,20536.0,105.0,12038.0,9791.0,75022.0,75022.0
2005,33460,1,-1,8179,1157806.0,7107303.0,7107303.0,862124.0,205265.0,0.0,4652.0,672645.0,528163.0,4381300.0,4381300.0,1321.0,214703.0,127454.0,1205415.0,1205415.0,257.0,35748.0,30112.0,238732.0,238732.0,1931.0,281225.0,195984.0,1578039.0,1578039.0,676.0,102826.0,83568.0,766552.0,766552.0,1709.0,246375.0,211364.0,1726796.0,1726796.0
2005,41060,0,-1,751,65631.0,386633.0,386633.0,46867.0,8896.0,0.0,391.0,32407.0,26886.0,209617.0,209617.0,95.0,10539.0,7047.0,63307.0,63307.0,14.0,1578.0,1054.0,7718.0,7718.0,151.0,14208.0,10672.0,82992.0,82992.0,71.0,5446.0,4074.0,38896.0,38896.0,141.0,11054.0,9978.0,72995.0,72995.0
2005,25060,0,-1,1095,125923.0,697740.0,697740.0,84523.0,6710.0,0.0,514.0,59771.0,38642.0,337214.0,337214.0,147.0,18377.0,7402.0,98596.0,98596.0,20.0,1802.0,1102.0,9446.0,9446.0,210.0,22689.0,12964.0,118494.0,118494.0,50.0,7871.0,4293.0,45698.0,45698.0,213.0,26380.0,18198.0,151903.0,151903.0
2005,27140,0,-1,1732,171848.0,963471.0,963471.0,115829.0,11802.0,0.0,797.0,87116.0,58302.0,505086.0,505086.0,234.0,29437.0,13105.0,148242.0,148242.0,37.0,3622.0,3255.0,22126.0,22126.0,301.0,33050.0,18819.0,171529.0,171529.0,100.0,12537.0,8890.0,79773.0,79773.0,326.0,35229.0,26547.0,212868.0,212868.0
2005,25620,0,-1,452,42955.0,222500.0,222500.0,26992.0,1940.0,0.0,197.0,17553.0,11657.0,100952.0,100952.0,70.0,7670.0,3167.0,35821.0,35821.0,11.0,1009.0,1009.0,6333.0,6333.0,78.0,7685.0,4875.0,42346.0,42346.0,26.0,2680.0,1662.0,15005.0,15005.0,93.0,7757.0,5986.0,45021.0,45021.0
2005,44180,0,-1,1413,138937.0,774150.0,774150.0,91240.0,11046.0,0.0,670.0,66274.0,44933.0,389716.0,389716.0,214.0,23577.0,12766.0,123562.0,123562.0,20.0,1878.0,1372.0,11270.0,11270.0,291.0,30664.0,19855.0,165760.0,165760.0,88.0,7864.0,5960.0,54778.0,54778.0,251.0,23585.0,17107.0,141604.0,141604.0
2005,17860,0,-1,509,58746.0,332458.0,332458.0,34854.0,8710.0,0.0,229.0,27566.0,18115.0,163947.0,163947.0,84.0,11872.0,5999.0,63014.0,63014.0,12.0,2263.0,1818.0,11371.0,11371.0,108.0,13303.0,6871.0,71631.0,71631.0,21.0,2402.0,2068.0,16170.0,16170.0,97.0,11513.0,9053.0,72740.0,72740.0
2005,27900,0,-1,705,63860.0,357743.0,357743.0,43839.0,4421.0,0.0,283.0,25541.0,17767.0,151206.0,151206.0,91.0,10522.0,6311.0,60086.0,60086.0,11.0,1338.0,698.0,7622.0,7622.0,102.0,9625.0,5586.0,50987.0,50987.0,46.0,4679.0,2868.0,29666.0,29666.0,117.0,10157.0,7638.0,63198.0,63198.0
2005,13740,0,-1,449,54183.0,311096.0,311096.0,36268.0,6175.0,0.0,196.0,23528.0,17075.0,149253.0,149253.0,48.0,7499.0,4777.0,42422.0,42422.0,8.0,1537.0,1302.0,10370.0,10370.0,82.0,10681.0,7249.0,60567.0,60567.0,29.0,3833.0,2440.0,26769.0,26769.0,85.0,9256.0,7218.0,60048.0,60048.0
2005,30700,0,-1,719,104039.0,593910.0,593910.0,64094.0,12367.0,0.0,370.0,53064.0,37180.0,320461.0,320461.0,131.0,22950.0,11061.0,116910.0,116910.0,18.0,2305.0,1838.0,15708.0,15708.0,148.0,24179.0,13716.0,124569.0,124569.0,41.0,5455.0,4020.0,36302.0,36302.0,146.0,18793.0,15403.0,130698.0,130698.0
2005,29820,1,-1,6512,631305.0,3337230.0,3337230.0,373515.0,32177.0,0.0,3285.0,334000.0,198487.0,1839357.0,1839357.0,1124.0,130848.0,55048.0,661438.0,661438.0,147.0,15196.0,10374.0,86343.0,86343.0,1536.0,156897.0,83963.0,780443.0,780443.0,439.0,45146.0,28017.0,278252.0,278252.0,1094.0,112378.0,73250.0,663260.0,663260.0
2005,39900,0,-1,1592,149506.0,799803.0,799803.0,87076.0,9445.0,0.0,808.0,74085.0,44472.0,417142.0,417142.0,227.0,24421.0,10053.0,125670.0,125670.0,45.0,3212.0,2435.0,19872.0,19872.0,372.0,35245.0,18959.0,181259.0,181259.0,107.0,9802.0,6122.0,63139.0,63139.0,294.0,26076.0,17663.0,154820.0,154820.0
2005,31700,0,-1,1196,126285.0,703483.0,703483.0,85057.0,10330.0,0.0,671.0,71630.0,50852.0,419960.0,419960.0,149.0,19474.0,8909.0,99192.0,99192.0,35.0,3441.0,3132.0,23100.0,23100.0,282.0,32067.0,19813.0,161383.0,161383.0,94.0,8957.0,6992.0,63050.0,63050.0,258.0,26210.0,21023.0,164792.0,164792.0
2005,35620,1,-1,62467,6768420.0,34949508.0,34949508.0,3644025.0,599402.0,0.0,33450.0,3797641.0,2027612.0,20014778.0,20014778.0,8253.0,1052255.0,326632.0,4499550.0,4499550.0,2117.0,228721.0,144619.0,1274367.0,1274367.0,12799.0,1515565.0,631619.0,6492646.0,6492646.0,4501.0,503097.0,310108.0,3215797.0,3215797.0,12841.0,1413211.0,869119.0,8199161.0,8199161.0
2005,10900,0,-1,2745,291820.0,1789060.0,1789060.0,215051.0,35280.0,0.0,1468.0,155624.0,116004.0,993054.0,993054.0,323.0,41128.0,23610.0,240636.0,240636.0,83.0,8728.0,6771.0,58344.0,58344.0,575.0,62312.0,40877.0,352730.0,352730.0,159.0,15963.0,12875.0,116402.0,116402.0,580.0,61327.0,48923.0,412975.0,412975.0
2005,12100,0,-1,1041,99766.0,552775.0,552775.0,67716.0,6627.0,0.0,530.0,53724.0,36332.0,310439.0,310439.0,97.0,12929.0,6841.0,70055.0,70055.0,23.0,2353.0,1506.0,12419.0,12419.0,214.0,21134.0,12061.0,103752.0,103752.0,64.0,7680.0,6011.0,50675.0,50675.0,209.0,21164.0,15501.0,131282.0,131282.0
2005,45940,0,-1,1200,123656.0,730750.0,730750.0,86523.0,14695.0,0.0,664.0,69664.0,51336.0,434701.0,434701.0,154.0,20086.0,9520.0,105868.0,105868.0,49.0,4868.0,4015.0,32712.0,32712.0,256.0,27244.0,16606.0,146327.0,146327.0,77.0,7788.0,6305.0,55853.0,55853.0,276.0,29374.0,24297.0,198962.0,198962.0
2005,47220,0,-1,581,49056.0,277774.0,277774.0,33675.0,2892.0,0.0,269.0,23453.0,16489.0,139263.0,139263.0,60.0,8074.0,4429.0,46768.0,46768.0,11.0,943.0,553.0,5697.0,5697.0,100.0,8622.0,5318.0,43939.0,43939.0,36.0,3470.0,2115.0,23105.0,23105.0,96.0,8690.0,6629.0,55414.0,55414.0
2005,36140,0,-1,519,42022.0,249282.0,249282.0,33544.0,4107.0,0.0,200.0,18710.0,15351.0,114584.0,114584.0,39.0,4018.0,2385.0,22851.0,22851.0,6.0,562.0,454.0,4037.0,4037.0,88.0,7377.0,5649.0,41624.0,41624.0,23.0,2728.0,2455.0,18981.0,18981.0,71.0,7035.0,5902.0,44158.0,44158.0
2005,29740,0,-1,601,65379.0,344244.0,344244.0,43110.0,1466.0,0.0,198.0,22433.0,14542.0,123032.0,123032.0,63.0,6731.0,2820.0,32055.0,32055.0,9.0,751.0,639.0,3679.0,3679.0,87.0,9623.0,6610.0,51567.0,51567.0,54.0,6700.0,5152.0,38169.0,38169.0,83.0,9474.0,5459.0,50139.0,50139.0
2005,10740,0,-1,3095,309805.0,1682302.0,1682302.0,209892.0,15152.0,0.0,1475.0,153852.0,106075.0,874690.0,874690.0,395.0,44230.0,23405.0,223758.0,223758.0,57.0,5542.0,3912.0,31788.0,31788.0,705.0,75811.0,45590.0,388517.0,388517.0,177.0,19640.0,13086.0,126074.0,126074.0,532.0,53705.0,42159.0,328879.0,328879.0
2005,42140,0,-1,687,59802.0,316496.0,316496.0,42189.0,2988.0,0.0,309.0,27900.0,19356.0,149676.0,149676.0,58.0,7245.0,2997.0,32525.0,32525.0,10.0,1018.0,762.0,5575.0,5575.0,165.0,16183.0,10609.0,81406.0,81406.0,28.0,2263.0,1176.0,11791.0,11791.0,129.0,10835.0,8308.0,62501.0,62501.0
2005,22140,0,-1,320,36444.0,191506.0,191506.0,28355.0,1242.0,0.0,120.0,13347.0,10080.0,74335.0,74335.0,33.0,4535.0,2893.0,23628.0,23628.0,5.0,586.0,505.0,3449.0,3449.0,40.0,4155.0,2731.0,22227.0,22227.0,33.0,4202.0,3063.0,23939.0,23939.0,63.0,7244.0,5242.0,39614.0,39614.0
2005,15380,1,-1,4606,459776.0,2712293.0,2712293.0,310303.0,43384.0,0.0,2225.0,233422.0,158390.0,1424729.0,1424729.0,527.0,67594.0,28766.0,369919.0,369919.0,106.0,11282.0,10148.0,74114.0,74114.0,910.0,95877.0,50336.0,504884.0,504884.0,264.0,27898.0,19902.0,195743.0,195743.0,798.0,84810.0,68699.0,564179.0,564179.0
2005,45060,0,-1,2953,243122.0,1430178.0,1430178.0,163726.0,23475.0,0.0,1441.0,118933.0,82980.0,742556.0,742556.0,336.0,37250.0,14789.0,197965.0,197965.0,55.0,4707.0,3198.0,28148.0,28148.0,600.0,51961.0,30986.0,289222.0,289222.0,193.0,15432.0,12338.0,108682.0,108682.0,560.0,45140.0,35177.0,300696.0,300696.0
2005,40380,0,-1,4517,395164.0,2336794.0,2336794.0,275138.0,41453.0,0.0,2292.0,206231.0,150126.0,1273449.0,1273449.0,546.0,59403.0,29993.0,317427.0,317427.0,100.0,8733.0,7773.0,57398.0,57398.0,906.0,83808.0,50846.0,451102.0,451102.0,303.0,26210.0,20726.0,187936.0,187936.0,898.0,79683.0,63935.0,522373.0,522373.0
2005,24020,0,-1,677,49365.0,291263.0,291263.0,36679.0,5742.0,0.0,309.0,23768.0,17400.0,148773.0,148773.0,63.0,6781.0,3476.0,35524.0,35524.0,10.0,675.0,629.0,3939.0,3939.0,114.0,8832.0,5259.0,48419.0,48419.0,45.0,3649.0,2824.0,26407.0,26407.0,131.0,10323.0,8459.0,65709.0,65709.0
2005,10580,0,-1,3375,318794.0,1869515.0,1869515.0,212213.0,35413.0,0.0,1657.0,160807.0,110938.0,994629.0,994629.0,409.0,48224.0,22512.0,258205.0,258205.0,71.0,6624.0,5001.0,43483.0,43483.0,715.0,70070.0,41550.0,384713.0,384713.0,186.0,19027.0,14062.0,134661.0,134661.0,629.0,59998.0,47131.0,396474.0,396474.0
2005,46540,0,-1,1520,114278.0,677688.0,677688.0,79828.0,10797.0,0.0,705.0,55532.0,39073.0,339934.0,339934.0,140.0,14344.0,6595.0,78958.0,78958.0,22.0,2065.0,1548.0,12638.0,12638.0,291.0,22671.0,13246.0,122402.0,122402.0,107.0,9210.0,6741.0,64498.0,64498.0,266.0,20405.0,15756.0,128968.0,128968.0
2005,13780,0,-1,1186,99550.0,589746.0,589746.0,68069.0,11134.0,0.0,528.0,45697.0,32777.0,284589.0,284589.0,130.0,13189.0,6081.0,74171.0,74171.0,19.0,1723.0,1294.0,10631.0,10631.0,240.0,21062.0,13990.0,122414.0,122414.0,62.0,4873.0,3872.0,34168.0,34168.0,186.0,17015.0,12632.0,108417.0,108417.0
2005,16740,1,-1,6910,703688.0,4058348.0,4058348.0,486215.0,73076.0,0.0,3561.0,375297.0,266209.0,2267469.0,2267469.0,1100.0,125769.0,62264.0,668019.0,668019.0,187.0,19308.0,15891.0,126267.0,126267.0,1534.0,165114.0,108044.0,902196.0,902196.0,418.0,45009.0,31181.0,302776.0,302776.0,1469.0,150205.0,114365.0,962228.0,962228.0
2005,49180,0,-1,2433,235263.0,1324469.0,1324469.0,165209.0,19202.0,0.0,1113.0,112062.0,77749.0,654123.0,654123.0,319.0,36678.0,17947.0,190988.0,190988.0,60.0,6358.0,3744.0,35910.0,35910.0,478.0,46879.0,30791.0,251753.0,251753.0,126.0,13952.0,9648.0,88068.0,88068.0,483.0,50725.0,35459.0,299778.0,299778.0
2005,22180,0,-1,1029,116114.0,646374.0,646374.0,65242.0,5312.0,0.0,467.0,55622.0,32019.0,325919.0,325919.0,172.0,19275.0,6710.0,100596.0,100596.0,26.0,2313.0,1143.0,14635.0,14635.0,201.0,24879.0,14090.0,132243.0,132243.0,51.0,5416.0,2526.0,34925.0,34925.0,185.0,23482.0,12838.0,141308.0,141308.0
2005,25860,0,-1,1456,136980.0,745213.0,745213.0,100556.0,8249.0,0.0,573.0,55027.0,40696.0,320636.0,320636.0,143.0,16217.0,9460.0,85828.0,85828.0,18.0,1667.0,1224.0,10032.0,10032.0,252.0,24807.0,15792.0,131962.0,131962.0,64.0,5502.0,4417.0,33573.0,33573.0,276.0,28468.0,23343.0,169877.0,169877.0
2005,39580,1,-1,3485,356392.0,2105806.0,2105806.0,239076.0,46183.0,0.0,1914.0,194749.0,139859.0,1217168.0,1217168.0,683.0,73121.0,36437.0,387724.0,387724.0,142.0,13527.0,11969.0,92972.0,92972.0,831.0,87028.0,55467.0,492758.0,492758.0,232.0,23074.0,15948.0,157833.0,157833.0,824.0,84196.0,65923.0,553950.0,553950.0
2005,15500,0,-1,535,54120.0,294667.0,294667.0,38981.0,2665.0,0.0,233.0,24571.0,16159.0,136737.0,136737.0,56.0,7762.0,4307.0,40089.0,40089.0,9.0,1093.0,1093.0,7211.0,7211.0,91.0,9551.0,5819.0,52118.0,52118.0,35.0,3701.0,2378.0,23680.0,23680.0,105.0,11504.0,8731.0,61237.0,61237.0
2005,40580,0,-1,589,55580.0,303262.0,303262.0,34203.0,2787.0,0.0,219.0,21311.0,12764.0,120808.0,120808.0,59.0,7266.0,1370.0,34537.0,34537.0,3.0,436.0,436.0,2454.0,2454.0,100.0,10158.0,5847.0,54311.0,54311.0,42.0,3571.0,2139.0,21793.0,21793.0,94.0,10058.0,6539.0,56160.0,56160.0
2005,20500,0,-1,1644,167323.0,939198.0,939198.0,102210.0,19137.0,0.0,831.0,82103.0,51848.0,488740.0,488740.0,292.0,34109.0,13771.0,170456.0,170456.0,48.0,4488.0,3035.0,28234.0,28234.0,416.0,40112.0,21321.0,214308.0,214308.0,78.0,7380.0,5087.0,51116.0,51116.0,320.0,34136.0,25018.0,217395.0,217395.0
2005,24660,0,-1,2966,288493.0,1592243.0,1592243.0,191045.0,19247.0,0.0,1311.0,135532.0,88643.0,778534.0,778534.0,362.0,42404.0,17796.0,214756.0,214756.0,46.0,4225.0,3152.0,25561.0,25561.0,570.0,59050.0,35111.0,310393.0,310393.0,142.0,16730.0,11051.0,102725.0,102725.0,549.0,58568.0,40767.0,346577.0,346577.0
2005,24140,0,-1,841,42944.0,245741.0,245741.0,27397.0,2726.0,0.0,327.0,16641.0,10377.0,99741.0,99741.0,71.0,4720.0,1294.0,24154.0,24154.0,7.0,219.0,113.0,1446.0,1446.0,164.0,7882.0,4844.0,46219.0,46219.0,34.0,2063.0,1258.0,12632.0,12632.0,136.0,7149.0,4743.0,42761.0,42761.0
2005,27340,0,-1,547,51514.0,286543.0,286543.0,31059.0,1643.0,0.0,223.0,21387.0,13380.0,126958.0,126958.0,88.0,8449.0,3962.0,45261.0,45261.0,7.0,697.0,290.0,3838.0,3838.0,76.0,6983.0,5086.0,36914.0,36914.0,41.0,4726.0,1869.0,30375.0,30375.0,103.0,9114.0,5673.0,56176.0,56176.0
2005,24780,0,-1,550,57851.0,309234.0,309234.0,32837.0,3326.0,0.0,222.0,23159.0,14324.0,133931.0,133931.0,68.0,10445.0,4734.0,52876.0,52876.0,14.0,1269.0,1269.0,9028.0,9028.0,88.0,9322.0,4854.0,48818.0,48818.0,31.0,2843.0,1899.0,18646.0,18646.0,101.0,10894.0,8252.0,66612.0,66612.0
2005,45780,0,-1,2454,237939.0,1390378.0,1390378.0,162185.0,19795.0,0.0,1168.0,118411.0,84274.0,730429.0,730429.0,362.0,39396.0,21208.0,222826.0,222826.0,36.0,2896.0,2562.0,18008.0,18008.0,493.0,50590.0,31466.0,275482.0,275482.0,153.0,15618.0,13121.0,110366.0,110366.0,419.0,42055.0,31689.0,274551.0,274551.0
2005,17460,0,-1,8357,828859.0,4936865.0,4936865.0,566068.0,90790.0,0.0,4208.0,437477.0,295521.0,2701995.0,2701995.0,1067.0,120959.0,60036.0,673471.0,673471.0,208.0,22597.0,16344.0,147396.0,147396.0,1764.0,187664.0,110895.0,1016334.0,1016334.0,522.0,55954.0,39519.0,398267.0,398267.0,1532.0,154829.0,113154.0,1029012.0,1029012.0
2005,10420,0,-1,2657,269073.0,1605451.0,1605451.0,192614.0,29632.0,0.0,1373.0,139818.0,105511.0,888403.0,888403.0,364.0,42184.0,21849.0,235268.0,235268.0,52.0,4808.0,4413.0,33159.0,33159.0,594.0,62254.0,43329.0,359343.0,359343.0,168.0,17172.0,13958.0,125648.0,125648.0,479.0,47075.0,38031.0,316119.0,316119.0
2005,18140,1,-1,6502,646743.0,3794354.0,3794354.0,425777.0,62945.0,0.0,3456.0,357568.0,247940.0,2223310.0,2223310.0,1086.0,124055.0,57398.0,683400.0,683400.0,185.0,19432.0,15431.0,127813.0,127813.0,1497.0,153773.0,96230.0,859481.0,859481.0,378.0,42718.0,28544.0,302255.0,302255.0,1293.0,133142.0,101249.0,882104.0,882104.0
2005,19380,0,-1,3116,320716.0,1874264.0,1874264.0,216560.0,30980.0,0.0,1497.0,162940.0,110343.0,984580.0,984580.0,437.0,50381.0,21623.0,269676.0,269676.0,40.0,3557.0,2406.0,20058.0,20058.0,660.0,76259.0,47664.0,423991.0,423991.0,200.0,19601.0,14181.0,136746.0,136746.0,504.0,53019.0,37824.0,334387.0,334387.0
2005,49660,0,-1,2504,228687.0,1348355.0,1348355.0,169851.0,17501.0,0.0,1156.0,109874.0,81412.0,671720.0,671720.0,265.0,26778.0,15155.0,155639.0,155639.0,44.0,4161.0,3523.0,25469.0,25469.0,478.0,45511.0,29345.0,251825.0,251825.0,142.0,14396.0,10823.0,101835.0,101835.0,414.0,38109.0,31486.0,243745.0,243745.0
2005,44220,0,-1,591,52964.0,307954.0,307954.0,38406.0,4406.0,0.0,270.0,25238.0,18140.0,155398.0,155398.0,83.0,7605.0,3560.0,42974.0,42974.0,10.0,772.0,698.0,5223.0,5223.0,111.0,10639.0,7099.0,57652.0,57652.0,35.0,4422.0,2893.0,30734.0,30734.0,97.0,8347.0,6379.0,54241.0,54241.0
2005,15940,0,-1,1618,157749.0,947247.0,947247.0,113576.0,14820.0,0.0,785.0,78705.0,56386.0,493754.0,493754.0,187.0,22532.0,12418.0,130597.0,130597.0,26.0,2623.0,1651.0,15607.0,15607.0,320.0,31526.0,20377.0,178335.0,178335.0,107.0,12467.0,9243.0,88606.0,88606.0,276.0,27676.0,20611.0,180064.0,180064.0
2005,31900,0,-1,500,50909.0,295050.0,295050.0,37262.0,4441.0,0.0,221.0,23277.0,16775.0,142294.0,142294.0,69.0,8508.0,5269.0,51215.0,51215.0,5.0,497.0,429.0,2667.0,2667.0,91.0,10077.0,6221.0,53328.0,53328.0,29.0,2995.0,2563.0,23332.0,23332.0,85.0,8918.0,7081.0,56179.0,56179.0
2005,36420,1,-1,4341,480588.0,2569610.0,2569610.0,308735.0,19217.0,0.0,1994.0,232605.0,152001.0,1287096.0,1287096.0,615.0,84334.0,37668.0,412472.0,412472.0,66.0,7301.0,5940.0,42908.0,42908.0,870.0,105122.0,59252.0,520166.0,520166.0,261.0,30955.0,20142.0,191772.0,191772.0,743.0,80169.0,60051.0,476361.0,476361.0
2005,38900,1,-1,7685,783900.0,4406625.0,4406625.0,497689.0,82202.0,0.0,4013.0,421167.0,274607.0,2448214.0,2448214.0,1306.0,150885.0,64934.0,752534.0,752534.0,236.0,24364.0,16887.0,147151.0,147151.0,1802.0,194614.0,114230.0,1002381.0,1002381.0,447.0,49939.0,34836.0,327170.0,327170.0,1522.0,152903.0,108559.0,964853.0,964853.0
2005,32780,0,-1,729,75492.0,394305.0,394305.0,50298.0,3734.0,0.0,300.0,33195.0,19971.0,181837.0,181837.0,78.0,10133.0,3238.0,50806.0,50806.0,12.0,1422.0,852.0,8537.0,8537.0,139.0,15591.0,8575.0,80015.0,80015.0,37.0,3767.0,2793.0,24551.0,24551.0,111.0,12299.0,6970.0,66240.0,66240.0
2005,21660,0,-1,1417,133078.0,704658.0,704658.0,83538.0,7402.0,0.0,611.0,58039.0,37832.0,325125.0,325125.0,164.0,20576.0,8680.0,100082.0,100082.0,28.0,2674.0,1780.0,16161.0,16161.0,306.0,29053.0,17663.0,148502.0,148502.0,70.0,6040.0,3601.0,37210.0,37210.0,224.0,22387.0,15761.0,134043.0,134043.0
2005,13460,0,-1,481,56749.0,320619.0,320619.0,38897.0,2161.0,0.0,236.0,27495.0,19841.0,161595.0,161595.0,66.0,9379.0,4414.0,52430.0,52430.0,18.0,2129.0,1864.0,12248.0,12248.0,101.0,12179.0,8063.0,64430.0,64430.0,20.0,2671.0,1371.0,17785.0,17785.0,114.0,12777.0,10391.0,77968.0,77968.0
2005,20700,0,-1,358,53889.0,338639.0,338639.0,39633.0,9385.0,0.0,194.0,30718.0,23046.0,203258.0,203258.0,44.0,8851.0,3648.0,54330.0,54330.0,5.0,793.0,466.0,4802.0,4802.0,72.0,10933.0,7068.0,63631.0,63631.0,31.0,5329.0,4164.0,39640.0,39640.0,71.0,10907.0,9199.0,76380.0,76380.0
2005,25420,0,-1,2070,205230.0,1247395.0,1247395.0,148595.0,25952.0,0.0,988.0,102487.0,77927.0,660008.0,660008.0,257.0,27290.0,13392.0,160583.0,160583.0,53.0,7188.0,5378.0,45244.0,45244.0,386.0,41540.0,27531.0,244144.0,244144.0,125.0,13702.0,10881.0,98897.0,98897.0,387.0,39397.0,32594.0,263042.0,263042.0
2005,38300,1,-1,9351,936911.0,5507942.0,5507942.0,680731.0,89079.0,0.0,4323.0,451472.0,336560.0,2812988.0,2812988.0,1002.0,118075.0,58573.0,645376.0,645376.0,196.0,21895.0,17437.0,146070.0,146070.0,1820.0,191846.0,125975.0,1052068.0,1052068.0,473.0,49638.0,40941.0,357456.0,357456.0,1677.0,173368.0,137611.0,1148722.0,1148722.0
2005,29540,0,-1,1596,180057.0,1091449.0,1091449.0,127219.0,20071.0,0.0,821.0,92534.0,67437.0,591272.0,591272.0,202.0,28261.0,13388.0,165117.0,165117.0,31.0,3419.0,2581.0,22831.0,22831.0,337.0,38309.0,24636.0,215607.0,215607.0,133.0,15834.0,12229.0,115664.0,115664.0,296.0,31773.0,25761.0,213311.0,213311.0
2005,44300,0,-1,583,49735.0,268597.0,268597.0,29200.0,4978.0,0.0,260.0,18239.0,14173.0,113588.0,113588.0,81.0,8470.0,3277.0,40915.0,40915.0,14.0,1299.0,1102.0,8309.0,8309.0,94.0,7440.0,4897.0,38909.0,38909.0,34.0,1823.0,1411.0,13783.0,13783.0,108.0,7477.0,6449.0,49241.0,49241.0
2005,39740,0,-1,1448,144947.0,895665.0,895665.0,107031.0,15388.0,0.0,759.0,78475.0,58430.0,505608.0,505608.0,176.0,19432.0,10498.0,112363.0,112363.0,25.0,2545.0,2275.0,16347.0,16347.0,295.0,31956.0,21638.0,189792.0,189792.0,110.0,12427.0,8872.0,87744.0,87744.0,295.0,28663.0,22807.0,189681.0,189681.0
2005,49620,0,-1,1507,153311.0,944326.0,944326.0,117914.0,14347.0,0.0,779.0,79596.0,61914.0,513178.0,513178.0,210.0,22328.0,15121.0,139598.0,139598.0,30.0,3000.0,2904.0,20817.0,20817.0,312.0,31016.0,22426.0,179896.0,179896.0,89.0,9504.0,7423.0,69095.0,69095.0,313.0,33590.0,27394.0,226058.0,226058.0
2005,42540,0,-1,2820,248505.0,1476770.0,1476770.0,171827.0,23683.0,0.0,1270.0,114373.0,83046.0,721176.0,721176.0,304.0,33770.0,13877.0,193284.0,193284.0,57.0,5891.0,4224.0,37667.0,37667.0,501.0,44518.0,28277.0,252266.0,252266.0,181.0,17906.0,13474.0,124949.0,124949.0,487.0,41835.0,32211.0,274589.0,274589.0
2005,30140,0,-1,450,47826.0,276317.0,276317.0,34337.0,3965.0,0.0,214.0,23158.0,17144.0,141942.0,141942.0,51.0,6014.0,3133.0,32267.0,32267.0,11.0,2009.0,1844.0,15168.0,15168.0,93.0,9535.0,5864.0,49838.0,49838.0,21.0,2160.0,1435.0,14820.0,14820.0,83.0,9931.0,8478.0,66885.0,66885.0
2005,21500,0,-1,1041,104728.0,618973.0,618973.0,73472.0,9642.0,0.0,523.0,51039.0,37619.0,313617.0,313617.0,125.0,14681.0,7972.0,83238.0,83238.0,18.0,1859.0,1219.0,11693.0,11693.0,209.0,23074.0,16039.0,125772.0,125772.0,63.0,6804.0,5318.0,50982.0,50982.0,217.0,18804.0,14730.0,119364.0,119364.0
2005,11020,0,-1,533,51337.0,305533.0,305533.0,36381.0,5199.0,0.0,224.0,22093.0,16072.0,138629.0,138629.0,56.0,6350.0,2891.0,35901.0,35901.0,7.0,719.0,568.0,4261.0,4261.0,81.0,8931.0,4981.0,48872.0,48872.0,28.0,2358.0,1845.0,16439.0,16439.0,85.0,8042.0,6897.0,53476.0,53476.0
2005,48700,0,-1,679,49235.0,287449.0,287449.0,33419.0,4147.0,0.0,302.0,21397.0,14963.0,130960.0,130960.0,62.0,5438.0,2092.0,31690.0,31690.0,14.0,1592.0,744.0,9630.0,9630.0,134.0,9592.0,6111.0,53587.0,53587.0,43.0,2496.0,1565.0,16495.0,16495.0,116.0,8895.0,6857.0,57102.0,57102.0
2005,27780,0,-1,770,52720.0,318298.0,318298.0,39020.0,5928.0,0.0,327.0,24019.0,18175.0,153479.0,153479.0,86.0,6415.0,2737.0,37064.0,37064.0,12.0,853.0,309.0,5583.0,5583.0,133.0,9302.0,6516.0,53397.0,53397.0,46.0,2685.0,2321.0,18209.0,18209.0,121.0,10397.0,7533.0,69660.0,69660.0
2005,44940,0,-1,433,37877.0,224017.0,224017.0,26168.0,2812.0,0.0,157.0,14994.0,9398.0,89531.0,89531.0,45.0,3542.0,1937.0,20180.0,20180.0,5.0,263.0,160.0,1807.0,1807.0,67.0,6585.0,3183.0,35673.0,35673.0,22.0,1950.0,1278.0,12368.0,12368.0,82.0,8034.0,6187.0,49048.0,49048.0
2005,43900,0,-1,1045,100623.0,558003.0,558003.0,70080.0,6761.0,0.0,438.0,46527.0,33776.0,273390.0,273390.0,126.0,13979.0,7333.0,75585.0,75585.0,21.0,2519.0,2378.0,16803.0,16803.0,181.0,19151.0,13397.0,103763.0,103763.0,66.0,7343.0,5209.0,48240.0,48240.0,189.0,18861.0,14162.0,111911.0,111911.0
2005,16700,0,-1,2508,238763.0,1358452.0,1358452.0,158534.0,17304.0,0.0,1049.0,106434.0,70175.0,629596.0,629596.0,339.0,34327.0,15056.0,176899.0,176899.0,46.0,4147.0,3181.0,26071.0,26071.0,468.0,48389.0,30625.0,259258.0,259258.0,113.0,11428.0,6699.0,72953.0,72953.0,438.0,42550.0,30233.0,264112.0,264112.0
2005,24860,0,-1,3650,342089.0,1941936.0,1941936.0,245862.0,29002.0,0.0,1503.0,145949.0,103006.0,866279.0,866279.0,409.0,45666.0,22261.0,242986.0,242986.0,65.0,5762.0,4357.0,35702.0,35702.0,598.0,59914.0,38485.0,326312.0,326312.0,204.0,19497.0,14925.0,125516.0,125516.0,695.0,68078.0,51436.0,419353.0,419353.0
2005,25940,0,-1,630,59531.0,349959.0,349959.0,41294.0,3639.0,0.0,206.0,21236.0,13446.0,126249.0,126249.0,78.0,7582.0,2777.0,41529.0,41529.0,12.0,1499.0,696.0,8020.0,8020.0,92.0,9568.0,5625.0,54456.0,54456.0,29.0,2731.0,1794.0,17565.0,17565.0,93.0,10357.0,6421.0,61767.0,61767.0
2005,34980,1,-1,5867,581697.0,3368391.0,3368391.0,390060.0,60040.0,0.0,3059.0,308915.0,213787.0,1860801.0,1860801.0,969.0,108714.0,50685.0,565866.0,565866.0,164.0,16491.0,12572.0,103642.0,103642.0,1341.0,137778.0,86148.0,752786.0,752786.0,326.0,33846.0,21567.0,227092.0,227092.0,1222.0,123246.0,91872.0,778723.0,778723.0
2005,28940,0,-1,3625,348710.0,1993126.0,1993126.0,249256.0,32096.0,0.0,1531.0,156459.0,113027.0,938777.0,938777.0,426.0,49051.0,24193.0,254519.0,254519.0,60.0,6433.0,4986.0,39827.0,39827.0,705.0,71958.0,49160.0,389933.0,389933.0,139.0,15950.0,12216.0,108091.0,108091.0,657.0,64776.0,48878.0,409160.0,409160.0
2005,27180,0,-1,459,42625.0,243076.0,243076.0,28062.0,4138.0,0.0,214.0,19771.0,13715.0,117947.0,117947.0,69.0,7706.0,3108.0,39836.0,39836.0,10.0,629.0,578.0,3964.0,3964.0,87.0,8484.0,4935.0,44780.0,44780.0,28.0,2539.0,2308.0,17985.0,17985.0,87.0,7526.0,5442.0,47703.0,47703.0
2005,28700,0,-1,1548,140711.0,804369.0,804369.0,104216.0,10095.0,0.0,592.0,56779.0,39903.0,340921.0,340921.0,130.0,14686.0,8911.0,83599.0,83599.0,16.0,1352.0,1151.0,8583.0,8583.0,272.0,26729.0,17122.0,150079.0,150079.0,57.0,5579.0,3285.0,36383.0,36383.0,240.0,23081.0,18119.0,144034.0,144034.0
2005,19100,1,-1,20686,2008699.0,11098703.0,11098703.0,1250914.0,179317.0,0.0,11381.0,1134932.0,732551.0,6523119.0,6523119.0,3562.0,413510.0,175463.0,2025014.0,2025014.0,616.0,58566.0,43263.0,355885.0,355885.0,4568.0,472169.0,255907.0,2404255.0,2404255.0,1581.0,159634.0,111200.0,1001501.0,1001501.0,4531.0,434656.0,318413.0,2685907.0,2685907.0
2005,26420,1,-1,16842,1789493.0,9868016.0,9868016.0,1120470.0,164098.0,0.0,9119.0,995516.0,641491.0,5680389.0,5680389.0,2657.0,331838.0,130586.0,1599069.0,1599069.0,419.0,44794.0,28029.0,258627.0,258627.0,3517.0,393483.0,220718.0,1990019.0,1990019.0,1406.0,160814.0,102604.0,974582.0,974582.0,3641.0,389337.0,278345.0,2379243.0,2379243.0
2005,32580,0,-1,1584,193575.0,970819.0,970819.0,134117.0,5309.0,0.0,749.0,97204.0,68741.0,514780.0,514780.0,231.0,35509.0,18682.0,177724.0,177724.0,26.0,3402.0,2305.0,17320.0,17320.0,155.0,19729.0,13503.0,93220.0,93220.0,273.0,36716.0,24839.0,191727.0,191727.0,311.0,40589.0,28970.0,217114.0,217114.0
2005,41700,1,-1,6976,689837.0,3729797.0,3729797.0,463962.0,41517.0,0.0,3314.0,343414.0,232775.0,1945098.0,1945098.0,942.0,111260.0,50720.0,557255.0,557255.0,120.0,11496.0,8403.0,67739.0,67739.0,1273.0,135238.0,82023.0,686897.0,686897.0,506.0,56752.0,38681.0,347650.0,347650.0,1359.0,137042.0,102054.0,811584.0,811584.0
2005,12420,1,-1,5714,561338.0,3012216.0,3012216.0,344115.0,45303.0,0.0,2990.0,299222.0,198036.0,1691603.0,1691603.0,1082.0,123590.0,50816.0,588240.0,588240.0,172.0,14909.0,12331.0,93110.0,93110.0,1403.0,142942.0,81133.0,713760.0,713760.0,338.0,35052.0,24545.0,219909.0,219909.0,1184.0,115402.0,88222.0,718485.0,718485.0
2005,11100,0,-1,972,84404.0,445021.0,445021.0,56783.0,3262.0,0.0,461.0,40824.0,28100.0,224818.0,224818.0,144.0,13826.0,6646.0,67482.0,67482.0,21.0,1806.0,1560.0,9905.0,9905.0,186.0,17612.0,10018.0,89848.0,89848.0,56.0,4420.0,3382.0,27887.0,27887.0,193.0,16691.0,12908.0,94050.0,94050.0
2005,28660,0,-1,1211,111114.0,596776.0,596776.0,63914.0,3106.0,0.0,533.0,53558.0,31996.0,303542.0,303542.0,225.0,25427.0,8282.0,131020.0,131020.0,17.0,1683.0,1089.0,9038.0,9038.0,188.0,17951.0,9596.0,92688.0,92688.0,83.0,8573.0,3750.0,49175.0,49175.0,237.0,23981.0,16329.0,141665.0,141665.0
2005,17780,0,-1,550,58795.0,301120.0,301120.0,26444.0,3078.0,0.0,225.0,22427.0,14366.0,128230.0,128230.0,90.0,10623.0,3073.0,50638.0,50638.0,8.0,912.0,912.0,4921.0,4921.0,100.0,10281.0,5500.0,52817.0,52817.0,35.0,3349.0,2580.0,22078.0,22078.0,83.0,7796.0,5884.0,47038.0,47038.0
2005,31180,0,-1,1007,96375.0,494406.0,494406.0,56497.0,3340.0,0.0,444.0,40686.0,25083.0,219768.0,219768.0,142.0,17067.0,7360.0,77008.0,77008.0,17.0,1889.0,1335.0,10435.0,10435.0,183.0,16573.0,9255.0,82626.0,82626.0,54.0,4626.0,2448.0,27231.0,27231.0,184.0,17004.0,11106.0,95075.0,95075.0
2005,13140,0,-1,1413,141593.0,752296.0,752296.0,94366.0,4438.0,0.0,596.0,67512.0,42761.0,365057.0,365057.0,147.0,18510.0,6811.0,86601.0,86601.0,15.0,1651.0,1173.0,8615.0,8615.0,229.0,27990.0,14601.0,135026.0,135026.0,78.0,9382.0,6149.0,60474.0,60474.0,248.0,24619.0,17536.0,136885.0,136885.0
2005,47380,0,-1,951,79315.0,418031.0,418031.0,47836.0,3325.0,0.0,434.0,35130.0,24058.0,198798.0,198798.0,133.0,13830.0,5886.0,69365.0,69365.0,16.0,1366.0,1165.0,8443.0,8443.0,170.0,14187.0,7619.0,73667.0,73667.0,66.0,5242.0,4057.0,31978.0,31978.0,179.0,15516.0,11500.0,90576.0,90576.0
2005,29700,0,-1,566,59227.0,298529.0,298529.0,35375.0,1976.0,0.0,299.0,32364.0,19716.0,166431.0,166431.0,91.0,10239.0,4575.0,47955.0,47955.0,11.0,1212.0,426.0,5513.0,5513.0,65.0,7216.0,4348.0,34746.0,34746.0,91.0,10498.0,5345.0,55171.0,55171.0,126.0,14009.0,8996.0,72951.0,72951.0
2005,21340,0,-1,2222,220367.0,1190224.0,1190224.0,143821.0,10462.0,0.0,1107.0,115831.0,74670.0,642762.0,642762.0,334.0,37192.0,17057.0,185993.0,185993.0,43.0,4864.0,2517.0,25242.0,25242.0,327.0,32932.0,19686.0,163614.0,163614.0,237.0,25049.0,16369.0,143863.0,143863.0,460.0,49463.0,33348.0,280449.0,280449.0
2005,15180,0,-1,1105,108730.0,544988.0,544988.0,70694.0,2388.0,0.0,527.0,53475.0,35605.0,283195.0,283195.0,119.0,14656.0,5892.0,70037.0,70037.0,13.0,1070.0,932.0,6304.0,6304.0,130.0,12498.0,8821.0,66033.0,66033.0,153.0,17356.0,9628.0,93161.0,93161.0,214.0,21337.0,15607.0,112013.0,112013.0
2005,41660,0,-1,472,40576.0,213257.0,213257.0,27654.0,1340.0,0.0,199.0,17773.0,12846.0,97778.0,97778.0,51.0,4306.0,2532.0,23764.0,23764.0,6.0,348.0,260.0,1834.0,1834.0,88.0,7168.0,4658.0,34146.0,34146.0,23.0,1696.0,1470.0,10778.0,10778.0,69.0,6507.0,4746.0,39327.0,39327.0
2005,33260,0,-1,467,43981.0,242879.0,242879.0,29541.0,2832.0,0.0,218.0,20691.0,14603.0,121472.0,121472.0,60.0,6620.0,3247.0,33951.0,33951.0,9.0,746.0,550.0,3813.0,3813.0,86.0,8355.0,4896.0,43494.0,43494.0,25.0,2771.0,1863.0,17315.0,17315.0,91.0,8369.0,6871.0,52611.0,52611.0
2005,18580,0,-1,1342,135946.0,700748.0,700748.0,85939.0,3915.0,0.0,626.0,67277.0,42661.0,363437.0,363437.0,168.0,19953.0,7535.0,96985.0,96985.0,29.0,3232.0,2473.0,18394.0,18394.0,220.0,24091.0,12842.0,115572.0,115572.0,109.0,11809.0,8501.0,70302.0,70302.0,234.0,24697.0,15983.0,137838.0,137838.0
2005,48660,0,-1,550,46897.0,243535.0,243535.0,30891.0,1430.0,0.0,236.0,21743.0,14616.0,117949.0,117949.0,73.0,8291.0,3882.0,38965.0,38965.0,11.0,912.0,700.0,5816.0,5816.0,103.0,9075.0,5122.0,45215.0,45215.0,35.0,2914.0,2351.0,19315.0,19315.0,84.0,8688.0,6497.0,47551.0,47551.0
2005,46340,0,-1,756,68329.0,364934.0,364934.0,44571.0,2877.0,0.0,332.0,32164.0,18604.0,175820.0,175820.0,81.0,9211.0,3459.0,43236.0,43236.0,14.0,1629.0,803.0,8461.0,8461.0,125.0,12406.0,6602.0,61683.0,61683.0,53.0,5016.0,3448.0,31327.0,31327.0,153.0,14597.0,9079.0,81764.0,81764.0
2005,36220,0,-1,451,42821.0,223525.0,223525.0,31536.0,1079.0,0.0,202.0,18687.0,13802.0,102094.0,102094.0,55.0,6541.0,3514.0,33131.0,33131.0,4.0,408.0,215.0,2406.0,2406.0,86.0,7666.0,5014.0,38085.0,38085.0,26.0,2033.0,1601.0,11496.0,11496.0,87.0,8095.0,6338.0,47287.0,47287.0
2005,41620,1,-1,2919,314664.0,1913483.0,1913483.0,216078.0,58166.0,0.0,1564.0,171246.0,125081.0,1091456.0,1091456.0,619.0,73682.0,39257.0,401173.0,401173.0,69.0,7169.0,5544.0,43538.0,43538.0,521.0,61523.0,38246.0,338594.0,338594.0,344.0,35462.0,29861.0,262835.0,262835.0,550.0,59090.0,43964.0,381693.0,381693.0
2005,36260,0,-1,1497,154119.0,990587.0,990587.0,117522.0,32397.0,0.0,795.0,78430.0,62802.0,533509.0,533509.0,293.0,35462.0,24032.0,212463.0,212463.0,39.0,3730.0,2609.0,22547.0,22547.0,207.0,21973.0,15218.0,128735.0,128735.0,236.0,21967.0,19122.0,163461.0,163461.0,277.0,29655.0,21873.0,202288.0,202288.0
2005,39340,0,-1,1217,119838.0,767538.0,767538.0,79373.0,28356.0,0.0,650.0,60044.0,46473.0,417783.0,417783.0,315.0,37115.0,20919.0,219034.0,219034.0,31.0,2976.0,1728.0,17589.0,17589.0,105.0,10903.0,6729.0,63378.0,63378.0,294.0,26737.0,22329.0,200245.0,200245.0,201.0,18061.0,13545.0,120992.0,120992.0
2005,15540,0,-1,610,79471.0,452410.0,452410.0,56101.0,8528.0,0.0,339.0,44571.0,32016.0,260937.0,260937.0,76.0,12954.0,6095.0,62543.0,62543.0,14.0,1581.0,1543.0,10094.0,10094.0,146.0,20246.0,13040.0,101535.0,101535.0,35.0,3402.0,2362.0,23884.0,23884.0,136.0,17259.0,14894.0,113681.0,113681.0
2005,47260,1,-1,6155,596349.0,3547221.0,3547221.0,383008.0,59743.0,0.0,3129.0,319687.0,209752.0,1979991.0,1979991.0,910.0,101249.0,44224.0,541883.0,541883.0,128.0,11136.0,8428.0,73678.0,73678.0,1254.0,130152.0,79657.0,731547.0,731547.0,353.0,38120.0,23961.0,265750.0,265750.0,1229.0,122319.0,85602.0,792251.0,792251.0
2005,40060,0,-1,4457,403872.0,2472235.0,2472235.0,278652.0,59142.0,0.0,2326.0,217007.0,156475.0,1391016.0,1391016.0,664.0,65332.0,32807.0,356528.0,356528.0,124.0,10124.0,8028.0,69212.0,69212.0,996.0,95842.0,64486.0,561034.0,561034.0,221.0,20102.0,15347.0,145420.0,145420.0,930.0,84709.0,63312.0,572300.0,572300.0
2005,16820,0,-1,680,68283.0,396728.0,396728.0,41848.0,10248.0,0.0,324.0,33252.0,21759.0,203725.0,203725.0,111.0,10996.0,4910.0,57890.0,57890.0,16.0,1246.0,997.0,7844.0,7844.0,157.0,16724.0,9091.0,86189.0,86189.0,33.0,3400.0,2305.0,26006.0,26006.0,120.0,12664.0,9685.0,86692.0,86692.0
2005,31340,0,-1,896,86321.0,511398.0,511398.0,62019.0,9451.0,0.0,390.0,37952.0,29192.0,243199.0,243199.0,74.0,9056.0,4016.0,49813.0,49813.0,11.0,1383.0,845.0,7189.0,7189.0,174.0,16881.0,12188.0,96810.0,96810.0,42.0,4655.0,3632.0,34724.0,34724.0,163.0,16514.0,12752.0,107079.0,107079.0
2005,13980,0,-1,625,60220.0,337275.0,337275.0,38531.0,5135.0,0.0,246.0,22813.0,15871.0,139795.0,139795.0,80.0,8367.0,3657.0,43993.0,43993.0,13.0,970.0,912.0,6175.0,6175.0,112.0,10456.0,6145.0,54684.0,54684.0,29.0,2750.0,1936.0,18405.0,18405.0,110.0,10563.0,8420.0,69509.0,69509.0
2005,44060,0,-1,1761,173184.0,1007905.0,1007905.0,111519.0,26738.0,0.0,818.0,81331.0,55968.0,515156.0,515156.0,243.0,30526.0,13559.0,166059.0,166059.0,35.0,3259.0,2433.0,22539.0,22539.0,350.0,35802.0,21378.0,200575.0,200575.0,104.0,10694.0,8296.0,75809.0,75809.0,312.0,30157.0,22428.0,205921.0,205921.0
2005,42660,1,-1,12172,1260554.0,7002748.0,7002748.0,787297.0,138331.0,0.0,6704.0,712712.0,461215.0,4134123.0,4134123.0,1978.0,223568.0,87527.0,1083196.0,1083196.0,354.0,36404.0,26039.0,216011.0,216011.0,3087.0,338998.0,190435.0,1713185.0,1713185.0,725.0,76342.0,52652.0,520894.0,520894.0,2513.0,255245.0,184844.0,1616376.0,1616376.0
2005,13380,0,-1,681,74101.0,400797.0,400797.0,45702.0,6200.0,0.0,291.0,32707.0,23128.0,188926.0,188926.0,95.0,12201.0,5399.0,58931.0,58931.0,16.0,2127.0,1617.0,13562.0,13562.0,137.0,14583.0,8233.0,71164.0,71164.0,38.0,4087.0,3482.0,28908.0,28908.0,111.0,13143.0,10869.0,82836.0,82836.0
2005,49420,0,-1,681,75892.0,410532.0,410532.0,49956.0,5709.0,0.0,297.0,35035.0,23616.0,199039.0,199039.0,86.0,10403.0,3621.0,51150.0,51150.0,15.0,1617.0,957.0,9061.0,9061.0,99.0,11682.0,6954.0,59696.0,59696.0,62.0,7684.0,5183.0,44017.0,44017.0,132.0,16209.0,11519.0,93249.0,93249.0
2005,36500,0,-1,813,87242.0,495100.0,495100.0,56460.0,7184.0,0.0,398.0,42500.0,27276.0,252321.0,252321.0,86.0,15308.0,5308.0,82438.0,82438.0,18.0,3459.0,1306.0,18592.0,18592.0,167.0,17337.0,10955.0,92792.0,92792.0,42.0,4528.0,2953.0,32908.0,32908.0,171.0,19351.0,11960.0,117359.0,117359.0
2005,14740,0,-1,961,92734.0,535676.0,535676.0,64924.0,8687.0,0.0,428.0,41275.0,30208.0,251869.0,251869.0,116.0,14306.0,7276.0,77314.0,77314.0,16.0,1836.0,1407.0,10298.0,10298.0,171.0,16345.0,11500.0,88589.0,88589.0,60.0,6291.0,5206.0,46060.0,46060.0,186.0,17422.0,12682.0,109576.0,109576.0
2005,28420,0,-1,716,73928.0,444381.0,444381.0,53029.0,8871.0,0.0,336.0,36190.0,27530.0,227738.0,227738.0,85.0,10306.0,6026.0,58603.0,58603.0,14.0,1344.0,1176.0,9159.0,9159.0,125.0,12304.0,8786.0,72376.0,72376.0,61.0,7216.0,5269.0,46885.0,46885.0,146.0,16132.0,12485.0,103090.0,103090.0
2005,34060,0,-1,468,43713.0,246349.0,246349.0,28454.0,4273.0,0.0,172.0,16327.0,12926.0,100856.0,100856.0,42.0,5239.0,2179.0,27357.0,27357.0,3.0,275.0,275.0,2152.0,2152.0,79.0,7243.0,4753.0,38917.0,38917.0,23.0,1650.0,1505.0,12291.0,12291.0,64.0,6756.0,5935.0,43129.0,43129.0
2005,33340,1,-1,3883,592843.0,3327716.0,3327716.0,380216.0,48227.0,0.0,2062.0,318680.0,215017.0,1863634.0,1863634.0,586.0,97146.0,44532.0,498737.0,498737.0,108.0,15448.0,12798.0,100287.0,100287.0,881.0,140183.0,83610.0,723640.0,723640.0,277.0,41370.0,30953.0,277799.0,277799.0,745.0,111639.0,82523.0,703131.0,703131.0
2005,20740,0,-1,617,61279.0,352880.0,352880.0,42848.0,6092.0,0.0,308.0,29391.0,23439.0,184282.0,184282.0,80.0,10742.0,5357.0,57391.0,57391.0,17.0,2040.0,1615.0,12519.0,12519.0,131.0,12835.0,9265.0,71458.0,71458.0,31.0,2756.0,2729.0,20893.0,20893.0,121.0,12119.0,9714.0,78172.0,78172.0
2005,43100,0,-1,449,42228.0,246073.0,246073.0,32113.0,3663.0,0.0,240.0,21929.0,17350.0,137265.0,137265.0,44.0,6368.0,3703.0,34684.0,34684.0,4.0,346.0,99.0,2242.0,2242.0,99.0,8914.0,6422.0,49478.0,49478.0,41.0,3498.0,2673.0,24374.0,24374.0,78.0,7761.0,7088.0,51788.0,51788.0
2005,27500,0,-1,492,60652.0,359907.0,359907.0,46240.0,5665.0,0.0,248.0,30774.0,24983.0,188599.0,188599.0,56.0,9840.0,5524.0,54586.0,54586.0,14.0,2046.0,1333.0,11409.0,11409.0,117.0,14845.0,10928.0,85188.0,85188.0,31.0,3351.0,3070.0,24346.0,24346.0,83.0,11187.0,9709.0,68701.0,68701.0
2005,39540,0,-1,535,73688.0,416387.0,416387.0,52759.0,4925.0,0.0,299.0,40354.0,29918.0,237483.0,237483.0,78.0,13022.0,5772.0,67221.0,67221.0,11.0,1473.0,896.0,6915.0,6915.0,114.0,16047.0,11689.0,88879.0,88879.0,47.0,5302.0,4718.0,36889.0,36889.0,108.0,15282.0,10753.0,90236.0,90236.0
2005,48140,0,-1,626,50873.0,303887.0,303887.0,40319.0,5891.0,0.0,327.0,27128.0,22189.0,172189.0,172189.0,79.0,7242.0,4465.0,38441.0,38441.0,19.0,1737.0,1524.0,11291.0,11291.0,120.0,10365.0,7958.0,61442.0,61442.0,39.0,2889.0,2580.0,19393.0,19393.0,138.0,11724.0,9982.0,77241.0,77241.0
2005,29100,0,-1,362,44775.0,250606.0,250606.0,30612.0,4078.0,0.0,175.0,21482.0,15027.0,127529.0,127529.0,40.0,7143.0,4771.0,36095.0,36095.0,7.0,912.0,912.0,6175.0,6175.0,70.0,8626.0,5340.0,44677.0,44677.0,23.0,3020.0,1765.0,19557.0,19557.0,75.0,9208.0,7555.0,58906.0,58906.0
2006,33660,0,-1,1396,146387.0,858524.0,858524.0,102487.0,10770.0,0.0,636.0,68642.0,48882.0,411547.0,411547.0,164.0,20832.0,10168.0,115668.0,115668.0,20.0,2019.0,1846.0,12072.0,12072.0,236.0,24728.0,17904.0,140003.0,140003.0,73.0,8135.0,5135.0,51455.0,51455.0,258.0,29343.0,21140.0,177823.0,177823.0
2006,12220,0,-1,714,51565.0,281807.0,281807.0,33887.0,4317.0,0.0,256.0,18870.0,13600.0,114410.0,114410.0,101.0,7553.0,3463.0,39774.0,39774.0,18.0,1217.0,953.0,7447.0,7447.0,102.0,6500.0,3996.0,35359.0,35359.0,30.0,2650.0,2235.0,16732.0,16732.0,133.0,11571.0,9153.0,70473.0,70473.0
2006,0,0,-1,308904,25383225.0,143727711.0,143727711.0,18298810.0,1984457.0,0.0,127374.0,10785741.0,7858625.0,64594665.0,64594665.0,30563.0,3262299.0,1696711.0,17706003.0,17706003.0,3938.0,356838.0,264098.0,2144081.0,2144081.0,53703.0,4586993.0,3125728.0,25004267.0,25004267.0,18318.0,1576003.0,1144650.0,10418970.0,10418970.0,51557.0,4452075.0,3391921.0,27270935.0,27270935.0
2006,22520,0,-1,580,55873.0,327024.0,327024.0,42745.0,3470.0,0.0,241.0,23306.0,17914.0,141666.0,141666.0,56.0,6636.0,4225.0,37725.0,37725.0,9.0,1092.0,684.0,5586.0,5586.0,92.0,8637.0,6002.0,48915.0,48915.0,28.0,2918.0,2595.0,19566.0,19566.0,106.0,9691.0,7405.0,58803.0,58803.0
2006,13820,0,-1,3820,394697.0,2350293.0,2350293.0,288948.0,41608.0,0.0,1725.0,187504.0,137722.0,1172849.0,1172849.0,505.0,56512.0,27784.0,299493.0,299493.0,73.0,7118.0,6127.0,47389.0,47389.0,704.0,78567.0,52977.0,450137.0,450137.0,186.0,20107.0,14492.0,138036.0,138036.0,702.0,74235.0,58997.0,482067.0,482067.0
2006,19460,0,-1,581,58069.0,336156.0,336156.0,44953.0,3956.0,0.0,247.0,24198.0,18932.0,148885.0,148885.0,72.0,8427.0,4817.0,47942.0,47942.0,7.0,526.0,498.0,3489.0,3489.0,94.0,8692.0,6455.0,49707.0,49707.0,32.0,3909.0,3237.0,24949.0,24949.0,112.0,11119.0,7908.0,69198.0,69198.0
2006,23460,0,-1,435,41813.0,238123.0,238123.0,30398.0,2770.0,0.0,167.0,16300.0,11332.0,97585.0,97585.0,48.0,6545.0,3793.0,36733.0,36733.0,2.0,413.0,338.0,2403.0,2403.0,62.0,5566.0,3600.0,30661.0,30661.0,17.0,1555.0,1381.0,10278.0,10278.0,84.0,9591.0,6224.0,57982.0,57982.0
2006,33860,0,-1,1299,130483.0,757341.0,757341.0,89240.0,8977.0,0.0,613.0,63569.0,43383.0,385470.0,385470.0,167.0,19958.0,8367.0,103182.0,103182.0,22.0,1921.0,1259.0,11870.0,11870.0,241.0,25679.0,16228.0,140525.0,140525.0,70.0,7850.0,4705.0,50755.0,50755.0,263.0,26582.0,20009.0,166555.0,166555.0
2006,26620,0,-1,1466,146349.0,868686.0,868686.0,106590.0,17641.0,0.0,730.0,72779.0,56659.0,450137.0,450137.0,167.0,21407.0,11140.0,113937.0,113937.0,24.0,2004.0,2004.0,14052.0,14052.0,273.0,30140.0,22445.0,170706.0,170706.0,80.0,7153.0,5626.0,50570.0,50570.0,315.0,30962.0,24122.0,198176.0,198176.0
2006,19300,0,-1,576,69343.0,399526.0,399526.0,51233.0,5175.0,0.0,234.0,25673.0,20086.0,161789.0,161789.0,45.0,8404.0,4218.0,44583.0,44583.0,9.0,934.0,721.0,5852.0,5852.0,105.0,10524.0,8746.0,63367.0,63367.0,34.0,5313.0,3636.0,34179.0,34179.0,88.0,11089.0,8385.0,66854.0,66854.0
2006,11500,0,-1,431,45286.0,253363.0,253363.0,31983.0,2368.0,0.0,170.0,17947.0,11688.0,105753.0,105753.0,56.0,5848.0,3088.0,31291.0,31291.0,6.0,699.0,286.0,4183.0,4183.0,74.0,7622.0,4849.0,40577.0,40577.0,22.0,2319.0,1613.0,14357.0,14357.0,73.0,7678.0,4664.0,46246.0,46246.0
2006,11260,0,-1,1227,142169.0,744595.0,744595.0,94195.0,12189.0,0.0,707.0,86120.0,59888.0,468563.0,468563.0,178.0,24307.0,10366.0,106549.0,106549.0,31.0,4114.0,3194.0,23062.0,23062.0,326.0,38119.0,25380.0,179787.0,179787.0,86.0,12670.0,7656.0,81026.0,81026.0,246.0,29769.0,21768.0,171034.0,171034.0
2006,38060,1,-1,15052,1418054.0,7803752.0,7803752.0,976142.0,86440.0,0.0,7449.0,739703.0,509712.0,4278114.0,4278114.0,2488.0,274185.0,139571.0,1415355.0,1415355.0,343.0,30854.0,24780.0,187877.0,187877.0,3228.0,324649.0,209936.0,1699514.0,1699514.0,1145.0,117883.0,79919.0,740529.0,740529.0,2626.0,257352.0,186718.0,1574077.0,1574077.0
2006,49740,0,-1,672,67880.0,318297.0,318297.0,48020.0,1266.0,0.0,231.0,23004.0,15913.0,125377.0,125377.0,74.0,9124.0,4595.0,43642.0,43642.0,6.0,381.0,112.0,2077.0,2077.0,69.0,6952.0,4763.0,34614.0,34614.0,61.0,5978.0,4359.0,32934.0,32934.0,106.0,11349.0,7424.0,60376.0,60376.0
2006,29420,0,-1,848,82327.0,404477.0,404477.0,56320.0,2194.0,0.0,224.0,23404.0,13818.0,124590.0,124590.0,49.0,8354.0,2369.0,38184.0,38184.0,5.0,268.0,160.0,1164.0,1164.0,107.0,11268.0,6742.0,54050.0,54050.0,48.0,5555.0,3540.0,33373.0,33373.0,81.0,8791.0,4895.0,47960.0,47960.0
2006,46060,0,-1,3903,361687.0,1862458.0,1862458.0,238493.0,12765.0,0.0,1637.0,158341.0,104053.0,853229.0,853229.0,467.0,54707.0,23051.0,261278.0,261278.0,47.0,4027.0,3335.0,23552.0,23552.0,763.0,74210.0,43327.0,355794.0,355794.0,221.0,22313.0,15959.0,134210.0,134210.0,584.0,56841.0,40214.0,328357.0,328357.0
2006,39140,0,-1,793,82513.0,442402.0,442402.0,58242.0,4334.0,0.0,255.0,26221.0,17513.0,150146.0,150146.0,55.0,9429.0,2926.0,47070.0,47070.0,7.0,683.0,582.0,3602.0,3602.0,138.0,13750.0,9191.0,75793.0,75793.0,37.0,3808.0,2168.0,24239.0,24239.0,84.0,8570.0,5838.0,48686.0,48686.0
2006,22380,0,-1,440,42693.0,227217.0,227217.0,25792.0,977.0,0.0,186.0,18593.0,11658.0,102309.0,102309.0,55.0,5538.0,2083.0,27161.0,27161.0,9.0,813.0,614.0,4848.0,4848.0,78.0,7847.0,4016.0,40695.0,40695.0,32.0,3443.0,2032.0,17662.0,17662.0,81.0,8924.0,6248.0,51825.0,51825.0
2006,22220,0,-1,1333,143762.0,785630.0,785630.0,92088.0,9434.0,0.0,647.0,70012.0,46553.0,400801.0,400801.0,234.0,28247.0,14057.0,148201.0,148201.0,41.0,4432.0,3569.0,25817.0,25817.0,256.0,28344.0,16330.0,146405.0,146405.0,100.0,11065.0,7859.0,70888.0,70888.0,261.0,27873.0,20394.0,165518.0,165518.0
2006,30780,0,-1,2214,248492.0,1355723.0,1355723.0,164318.0,12405.0,0.0,1000.0,115953.0,77241.0,660611.0,660611.0,298.0,40583.0,17695.0,209661.0,209661.0,37.0,4735.0,4272.0,28617.0,28617.0,411.0,48610.0,29427.0,245813.0,245813.0,114.0,13578.0,8996.0,88198.0,88198.0,419.0,47268.0,34706.0,287047.0,287047.0
2006,32820,0,-1,4552,469175.0,2676134.0,2676134.0,308028.0,37285.0,0.0,2308.0,254256.0,169636.0,1496656.0,1496656.0,649.0,81509.0,37223.0,422138.0,422138.0,89.0,8258.0,5381.0,50964.0,50964.0,978.0,108905.0,67105.0,578910.0,578910.0,277.0,33295.0,19659.0,214797.0,214797.0,836.0,89374.0,64574.0,552733.0,552733.0
2006,41940,0,-1,5949,574549.0,2978393.0,2978393.0,347402.0,29497.0,0.0,3450.0,350690.0,210301.0,1829326.0,1829326.0,939.0,97295.0,32610.0,402862.0,402862.0,290.0,29804.0,16369.0,147087.0,147087.0,1360.0,142317.0,73184.0,650985.0,650985.0,408.0,41707.0,26464.0,249507.0,249507.0,1481.0,147667.0,98748.0,819625.0,819625.0
2006,31080,1,-1,40837,4070139.0,19750415.0,19750415.0,2122270.0,167163.0,0.0,22638.0,2387707.0,1191953.0,11616367.0,11616367.0,6263.0,674892.0,179723.0,2712291.0,2712291.0,1148.0,117549.0,64820.0,581364.0,581364.0,8694.0,930464.0,380546.0,3954425.0,3954425.0,3580.0,389918.0,206895.0,2085082.0,2085082.0,8335.0,860363.0,479257.0,4473845.0,4473845.0
2006,41740,1,-1,10553,1018462.0,5247521.0,5247521.0,586551.0,55398.0,0.0,5563.0,554014.0,315380.0,2932832.0,2932832.0,1658.0,182513.0,55133.0,786844.0,786844.0,294.0,28785.0,18447.0,157431.0,157431.0,2325.0,232053.0,118747.0,1064275.0,1064275.0,715.0,77078.0,42632.0,457350.0,457350.0,2108.0,207808.0,127185.0,1179341.0,1179341.0
2006,23420,0,-1,2837,271520.0,1409603.0,1409603.0,147872.0,8853.0,0.0,1411.0,141677.0,79353.0,763390.0,763390.0,420.0,53178.0,18700.0,253875.0,253875.0,52.0,5633.0,3043.0,30633.0,30633.0,438.0,45399.0,21999.0,222298.0,222298.0,285.0,29115.0,15082.0,164713.0,164713.0,568.0,55335.0,34102.0,306892.0,306892.0
2006,40900,1,-1,7585,738731.0,4079630.0,4079630.0,472204.0,47587.0,0.0,3945.0,397092.0,264711.0,2282482.0,2282482.0,1076.0,134233.0,55625.0,668778.0,668778.0,197.0,19052.0,13907.0,111680.0,111680.0,1578.0,159606.0,95628.0,816063.0,816063.0,500.0,50874.0,33266.0,324197.0,324197.0,1563.0,157100.0,114634.0,963240.0,963240.0
2006,41860,1,-1,15221,1517537.0,7830954.0,7830954.0,884776.0,92329.0,0.0,8345.0,881776.0,494372.0,4572117.0,4572117.0,2209.0,232138.0,74093.0,1005156.0,1005156.0,582.0,58517.0,37416.0,318435.0,318435.0,3926.0,426090.0,190833.0,1908962.0,1908962.0,830.0,90933.0,59545.0,562378.0,562378.0,3005.0,305721.0,205037.0,1766610.0,1766610.0
2006,17020,0,-1,930,83032.0,422377.0,422377.0,48914.0,2520.0,0.0,374.0,33392.0,20500.0,180393.0,180393.0,107.0,11872.0,3407.0,52760.0,52760.0,18.0,1905.0,1506.0,10182.0,10182.0,179.0,16521.0,9184.0,81862.0,81862.0,51.0,4747.0,2610.0,27172.0,27172.0,138.0,11757.0,8766.0,67002.0,67002.0
2006,42220,0,-1,1884,172487.0,916473.0,916473.0,109839.0,6531.0,0.0,940.0,88471.0,54733.0,482985.0,482985.0,194.0,21764.0,7460.0,100412.0,100412.0,45.0,4009.0,1974.0,19793.0,19793.0,412.0,37366.0,24034.0,189361.0,189361.0,103.0,9695.0,5779.0,58426.0,58426.0,372.0,36304.0,21145.0,201412.0,201412.0
2006,42100,0,-1,979,91223.0,454504.0,454504.0,54149.0,3155.0,0.0,492.0,47414.0,27529.0,244878.0,244878.0,99.0,10213.0,2812.0,42723.0,42723.0,27.0,2201.0,1344.0,12598.0,12598.0,201.0,20203.0,10460.0,91161.0,91161.0,61.0,6457.0,3583.0,39457.0,39457.0,202.0,18222.0,11714.0,100117.0,100117.0
2006,40140,0,-1,12151,1213707.0,6733284.0,6733284.0,819339.0,67360.0,0.0,6250.0,660135.0,454198.0,3832261.0,3832261.0,1649.0,238212.0,111754.0,1237320.0,1237320.0,243.0,28119.0,19097.0,162625.0,162625.0,2051.0,200650.0,128627.0,1052324.0,1052324.0,1425.0,164826.0,113694.0,1005375.0,1005375.0,2318.0,250763.0,178115.0,1483179.0,1483179.0
2006,34900,0,-1,488,46137.0,241957.0,241957.0,28413.0,2468.0,0.0,243.0,23862.0,13872.0,127012.0,127012.0,43.0,5418.0,2203.0,24991.0,24991.0,8.0,1029.0,884.0,5832.0,5832.0,103.0,9197.0,4832.0,44663.0,44663.0,21.0,2627.0,1666.0,16466.0,16466.0,99.0,10217.0,6015.0,53191.0,53191.0
2006,44700,0,-1,2131,206410.0,1118475.0,1118475.0,129522.0,9385.0,0.0,1129.0,115767.0,73503.0,649135.0,649135.0,305.0,37847.0,16101.0,187173.0,187173.0,36.0,3871.0,2062.0,20648.0,20648.0,361.0,36610.0,20600.0,185122.0,185122.0,246.0,26912.0,16649.0,160663.0,160663.0,431.0,44111.0,29158.0,253279.0,253279.0
2006,33700,0,-1,1706,157503.0,863341.0,863341.0,101455.0,8158.0,0.0,885.0,85749.0,55449.0,486056.0,486056.0,237.0,27496.0,14104.0,143474.0,143474.0,33.0,2952.0,1691.0,16628.0,16628.0,300.0,29602.0,18312.0,154509.0,154509.0,178.0,16682.0,11037.0,100968.0,100968.0,331.0,31484.0,20692.0,181408.0,181408.0
2006,47300,0,-1,1491,120090.0,635458.0,635458.0,71985.0,4345.0,0.0,724.0,63008.0,37333.0,338897.0,338897.0,205.0,23146.0,10015.0,113245.0,113245.0,23.0,2441.0,1198.0,12636.0,12636.0,228.0,19080.0,11572.0,97137.0,97137.0,189.0,16129.0,8709.0,90699.0,90699.0,278.0,25208.0,15752.0,135488.0,135488.0
2006,39820,0,-1,750,66925.0,361160.0,361160.0,43415.0,1812.0,0.0,293.0,27092.0,17883.0,152858.0,152858.0,58.0,9411.0,2689.0,49648.0,49648.0,8.0,717.0,521.0,4444.0,4444.0,128.0,11426.0,7710.0,60533.0,60533.0,30.0,3447.0,1061.0,20097.0,20097.0,127.0,11599.0,8373.0,67919.0,67919.0
2006,42200,0,-1,1456,136932.0,702269.0,702269.0,72447.0,6880.0,0.0,680.0,66376.0,35734.0,349761.0,349761.0,165.0,20096.0,4706.0,87711.0,87711.0,25.0,2302.0,1677.0,12343.0,12343.0,268.0,25430.0,12379.0,118628.0,118628.0,115.0,12783.0,7135.0,74465.0,74465.0,245.0,23016.0,12944.0,126801.0,126801.0
2006,41500,0,-1,1467,136221.0,716597.0,716597.0,76746.0,5214.0,0.0,761.0,73208.0,40799.0,394475.0,394475.0,201.0,24122.0,6164.0,114464.0,114464.0,35.0,3498.0,2274.0,18643.0,18643.0,271.0,24654.0,10909.0,118059.0,118059.0,133.0,13766.0,8019.0,78202.0,78202.0,298.0,29449.0,18596.0,165305.0,165305.0
2006,46700,0,-1,1407,134873.0,767006.0,767006.0,89221.0,8359.0,0.0,762.0,75513.0,49795.0,439165.0,439165.0,189.0,20691.0,8684.0,106491.0,106491.0,40.0,4262.0,2729.0,22600.0,22600.0,264.0,25036.0,15587.0,133115.0,133115.0,121.0,12073.0,7956.0,76977.0,76977.0,309.0,32196.0,20665.0,188851.0,188851.0
2006,37100,0,-1,2694,254900.0,1471743.0,1471743.0,174858.0,19824.0,0.0,1459.0,141208.0,94986.0,835630.0,835630.0,300.0,35702.0,15994.0,184812.0,184812.0,80.0,7564.0,4901.0,41598.0,41598.0,454.0,42812.0,25881.0,222966.0,222966.0,251.0,23795.0,16778.0,153002.0,153002.0,618.0,61927.0,42863.0,376920.0,376920.0
2006,42020,0,-1,968,98993.0,507885.0,507885.0,58143.0,3834.0,0.0,427.0,44736.0,27321.0,240474.0,240474.0,90.0,12896.0,4124.0,58954.0,58954.0,13.0,1771.0,628.0,8175.0,8175.0,195.0,19374.0,11000.0,93624.0,93624.0,54.0,6413.0,4195.0,39061.0,39061.0,155.0,16500.0,10439.0,92558.0,92558.0
2006,31460,0,-1,406,40454.0,216101.0,216101.0,24573.0,1095.0,0.0,208.0,20619.0,12812.0,114601.0,114601.0,52.0,7267.0,2391.0,35652.0,35652.0,4.0,335.0,161.0,2049.0,2049.0,60.0,5164.0,2924.0,27497.0,27497.0,52.0,5542.0,2975.0,31006.0,31006.0,78.0,8705.0,5679.0,49317.0,49317.0
2006,12540,0,-1,2399,233794.0,1231262.0,1231262.0,144773.0,6199.0,0.0,1219.0,122624.0,78583.0,669895.0,669895.0,380.0,48557.0,19732.0,235256.0,235256.0,39.0,3829.0,2355.0,21196.0,21196.0,374.0,37796.0,22780.0,189327.0,189327.0,293.0,31536.0,19007.0,180393.0,180393.0,448.0,45278.0,29356.0,251905.0,251905.0
2006,49700,0,-1,600,53860.0,295040.0,295040.0,32344.0,3028.0,0.0,278.0,26285.0,14931.0,148120.0,148120.0,85.0,9907.0,4535.0,53190.0,53190.0,8.0,1305.0,747.0,7001.0,7001.0,100.0,9204.0,4710.0,49031.0,49031.0,60.0,5648.0,2764.0,32095.0,32095.0,94.0,9830.0,6331.0,57551.0,57551.0
2006,20940,0,-1,470,44544.0,223809.0,223809.0,26943.0,632.0,0.0,221.0,21770.0,14106.0,117170.0,117170.0,56.0,6802.0,3508.0,33506.0,33506.0,3.0,420.0,79.0,1576.0,1576.0,52.0,4559.0,3184.0,22292.0,22292.0,71.0,7881.0,4610.0,42333.0,42333.0,96.0,8937.0,5805.0,48257.0,48257.0
2006,32900,0,-1,715,70661.0,380729.0,380729.0,38002.0,1592.0,0.0,360.0,38497.0,20054.0,213525.0,213525.0,100.0,13740.0,4962.0,70898.0,70898.0,15.0,1305.0,897.0,7748.0,7748.0,119.0,10941.0,5163.0,55845.0,55845.0,93.0,11396.0,6352.0,68025.0,68025.0,115.0,12729.0,6412.0,69579.0,69579.0
2006,25260,0,-1,430,39181.0,209907.0,209907.0,22033.0,869.0,0.0,227.0,21451.0,11552.0,118987.0,118987.0,67.0,7876.0,1701.0,38649.0,38649.0,11.0,1374.0,344.0,6612.0,6612.0,61.0,5567.0,3069.0,28795.0,28795.0,44.0,4891.0,1829.0,27158.0,27158.0,102.0,9213.0,5536.0,51331.0,51331.0
2006,17820,0,-1,2209,215632.0,1329557.0,1329557.0,148234.0,41654.0,0.0,1181.0,119957.0,83721.0,773673.0,773673.0,381.0,44428.0,22617.0,240578.0,240578.0,50.0,4975.0,3116.0,29451.0,29451.0,528.0,54520.0,35429.0,317427.0,317427.0,154.0,15477.0,11216.0,115941.0,115941.0,434.0,43245.0,31450.0,291534.0,291534.0
2006,22660,0,-1,1032,105186.0,630850.0,630850.0,69828.0,16237.0,0.0,532.0,52796.0,38931.0,336172.0,336172.0,165.0,22598.0,10143.0,114601.0,114601.0,28.0,2426.0,2191.0,16375.0,16375.0,219.0,22014.0,14014.0,123687.0,123687.0,53.0,5989.0,3887.0,42514.0,42514.0,237.0,22628.0,18788.0,153225.0,153225.0
2006,19740,1,-1,9325,940812.0,5561202.0,5561202.0,642059.0,148063.0,0.0,5204.0,538833.0,385450.0,3320817.0,3320817.0,1595.0,176107.0,89648.0,914901.0,914901.0,294.0,27311.0,22845.0,181363.0,181363.0,2370.0,252263.0,162978.0,1354320.0,1354320.0,593.0,65677.0,47583.0,466782.0,466782.0,1897.0,187059.0,147910.0,1269743.0,1269743.0
2006,24300,0,-1,518,51147.0,283542.0,283542.0,35776.0,3434.0,0.0,211.0,20021.0,15347.0,121006.0,121006.0,57.0,8365.0,4030.0,42122.0,42122.0,7.0,695.0,583.0,4071.0,4071.0,97.0,9177.0,6837.0,51530.0,51530.0,33.0,3524.0,2006.0,22364.0,22364.0,79.0,7801.0,6092.0,47768.0,47768.0
2006,24540,0,-1,911,79773.0,484179.0,484179.0,56574.0,13578.0,0.0,476.0,42392.0,32793.0,278760.0,278760.0,151.0,14856.0,9703.0,87274.0,87274.0,19.0,1629.0,1230.0,10203.0,10203.0,174.0,15034.0,12405.0,94769.0,94769.0,88.0,8311.0,6030.0,61626.0,61626.0,187.0,16947.0,12865.0,108239.0,108239.0
2006,39380,0,-1,591,55231.0,315106.0,315106.0,37503.0,4661.0,0.0,278.0,26208.0,18369.0,157858.0,157858.0,72.0,8284.0,4979.0,44231.0,44231.0,9.0,896.0,379.0,4405.0,4405.0,120.0,11440.0,7144.0,62202.0,62202.0,31.0,3065.0,1926.0,18256.0,18256.0,98.0,9419.0,6585.0,60393.0,60393.0
2006,25540,0,-1,4530,443883.0,2561310.0,2561310.0,307663.0,42184.0,0.0,2425.0,242643.0,170557.0,1447497.0,1447497.0,562.0,64324.0,27567.0,323856.0,323856.0,127.0,12004.0,8842.0,72346.0,72346.0,984.0,99634.0,62657.0,523406.0,523406.0,281.0,27979.0,20524.0,193801.0,193801.0,961.0,95862.0,72233.0,609921.0,609921.0
2006,35300,0,-1,3077,312080.0,1759928.0,1759928.0,207452.0,27797.0,0.0,1613.0,173367.0,116183.0,1017736.0,1017736.0,405.0,47921.0,21800.0,239222.0,239222.0,74.0,8254.0,5954.0,50755.0,50755.0,640.0,70307.0,39992.0,353054.0,353054.0,195.0,21992.0,14560.0,145595.0,145595.0,601.0,63239.0,47613.0,405185.0,405185.0
2006,14860,0,-1,3201,317903.0,1916162.0,1916162.0,226335.0,56702.0,0.0,1714.0,181767.0,131050.0,1128094.0,1128094.0,343.0,39926.0,19301.0,192966.0,192966.0,125.0,12199.0,10363.0,80316.0,80316.0,581.0,66645.0,38185.0,339530.0,339530.0,241.0,24167.0,21408.0,179402.0,179402.0,754.0,76335.0,59385.0,514310.0,514310.0
2006,49340,0,-1,3005,289148.0,1656040.0,1656040.0,195984.0,28178.0,0.0,1662.0,164290.0,114227.0,986439.0,986439.0,387.0,43417.0,22362.0,227905.0,227905.0,82.0,8157.0,5928.0,47230.0,47230.0,672.0,67955.0,41691.0,359328.0,359328.0,202.0,19523.0,14395.0,135974.0,135974.0,632.0,61536.0,45858.0,393282.0,393282.0
2006,35980,0,-1,1084,100575.0,580542.0,580542.0,70677.0,8206.0,0.0,562.0,54646.0,38885.0,325669.0,325669.0,129.0,14369.0,6871.0,74895.0,74895.0,25.0,2365.0,1862.0,14728.0,14728.0,233.0,23387.0,14456.0,121007.0,121007.0,55.0,4737.0,3510.0,32964.0,32964.0,231.0,22976.0,18148.0,148433.0,148433.0
2006,37980,1,-1,18717,2122709.0,12942327.0,12942327.0,1510964.0,283094.0,0.0,9793.0,1169685.0,845365.0,7433622.0,7433622.0,2429.0,307464.0,152360.0,1645053.0,1645053.0,539.0,59996.0,48971.0,407486.0,407486.0,3661.0,469547.0,289754.0,2582204.0,2582204.0,1288.0,152351.0,117767.0,1110753.0,1110753.0,3843.0,437440.0,347350.0,2997785.0,2997785.0
2006,41540,0,-1,1707,135488.0,798352.0,798352.0,103770.0,11489.0,0.0,607.0,50896.0,38357.0,313452.0,313452.0,127.0,15461.0,9282.0,86980.0,86980.0,19.0,2173.0,1260.0,12884.0,12884.0,260.0,20703.0,15654.0,118023.0,118023.0,65.0,6065.0,4968.0,42267.0,42267.0,252.0,23351.0,17305.0,144908.0,144908.0
2006,20100,0,-1,534,54655.0,333051.0,333051.0,40259.0,7081.0,0.0,217.0,22575.0,16824.0,150774.0,150774.0,78.0,9320.0,5220.0,57618.0,57618.0,11.0,1778.0,1358.0,14008.0,14008.0,85.0,8553.0,5726.0,49450.0,49450.0,25.0,3515.0,2581.0,27092.0,27092.0,100.0,10512.0,8203.0,71746.0,71746.0
2006,47900,1,-1,19096,1890667.0,11613522.0,11613522.0,1278189.0,393314.0,0.0,10866.0,1120167.0,778113.0,7090091.0,7090091.0,3108.0,327830.0,150592.0,1677767.0,1677767.0,679.0,67625.0,51802.0,449757.0,449757.0,4728.0,504180.0,314999.0,2781384.0,2781384.0,1272.0,130341.0,94271.0,954767.0,954767.0,4055.0,404719.0,307471.0,2798560.0,2798560.0
2006,19660,0,-1,2734,260758.0,1439862.0,1439862.0,198536.0,10217.0,0.0,1040.0,106032.0,79175.0,615047.0,615047.0,233.0,30632.0,16622.0,160830.0,160830.0,40.0,3402.0,3034.0,20294.0,20294.0,494.0,51354.0,36522.0,278887.0,278887.0,83.0,8992.0,6568.0,57291.0,57291.0,405.0,40934.0,31557.0,247931.0,247931.0
2006,37340,0,-1,2413,213928.0,1193567.0,1193567.0,166942.0,10087.0,0.0,1079.0,96411.0,74016.0,562375.0,562375.0,195.0,23424.0,13807.0,123889.0,123889.0,34.0,3619.0,2611.0,19871.0,19871.0,476.0,41485.0,29127.0,219947.0,219947.0,121.0,10323.0,8643.0,69861.0,69861.0,405.0,37897.0,30834.0,231346.0,231346.0
2006,27260,1,-1,5011,480992.0,2777449.0,2777449.0,324961.0,32237.0,0.0,2430.0,240581.0,166381.0,1451008.0,1451008.0,675.0,73905.0,32781.0,396049.0,396049.0,100.0,8580.0,5865.0,54039.0,54039.0,1027.0,106792.0,63894.0,579216.0,579216.0,266.0,27849.0,18601.0,187282.0,187282.0,987.0,92395.0,69828.0,589582.0,589582.0
2006,45300,1,-1,12094,1078211.0,5771541.0,5771541.0,761223.0,50250.0,0.0,5400.0,493775.0,349180.0,2812374.0,2812374.0,1373.0,151935.0,72183.0,766164.0,766164.0,245.0,22150.0,16946.0,131893.0,131893.0,2537.0,235474.0,155802.0,1214838.0,1214838.0,515.0,47332.0,33638.0,303907.0,303907.0,2025.0,184113.0,138225.0,1120748.0,1120748.0
2006,33100,1,-1,20043,1941643.0,9852303.0,9852303.0,1304505.0,75103.0,0.0,10054.0,1016420.0,655369.0,5343343.0,5343343.0,2534.0,260821.0,118988.0,1197651.0,1197651.0,530.0,51231.0,35889.0,271526.0,271526.0,4276.0,436104.0,253906.0,2005616.0,2005616.0,1058.0,107244.0,69157.0,649996.0,649996.0,3853.0,383966.0,270212.0,2178791.0,2178791.0
2006,36740,1,-1,7916,737079.0,4124403.0,4124403.0,491556.0,45563.0,0.0,3987.0,375295.0,250053.0,2191668.0,2191668.0,1196.0,129664.0,57203.0,658919.0,658919.0,209.0,19001.0,13738.0,112547.0,112547.0,1630.0,155967.0,96451.0,828259.0,828259.0,462.0,44886.0,29720.0,290667.0,290667.0,1621.0,152055.0,107767.0,935196.0,935196.0
2006,36100,0,-1,1432,126470.0,693181.0,693181.0,98244.0,5010.0,0.0,413.0,41165.0,29013.0,240012.0,240012.0,88.0,12051.0,5785.0,65801.0,65801.0,13.0,1227.0,580.0,6853.0,6853.0,198.0,19042.0,12050.0,102038.0,102038.0,44.0,4279.0,3186.0,28605.0,28605.0,167.0,17320.0,12680.0,102357.0,102357.0
2006,37860,0,-1,1778,163486.0,937314.0,937314.0,116540.0,10278.0,0.0,790.0,73142.0,52934.0,432815.0,432815.0,234.0,22481.0,11408.0,120966.0,120966.0,19.0,1468.0,1208.0,9844.0,9844.0,345.0,31886.0,22508.0,176208.0,176208.0,95.0,9207.0,6748.0,57978.0,57978.0,294.0,27566.0,20117.0,169302.0,169302.0
2006,29460,0,-1,2582,219010.0,1163165.0,1163165.0,154366.0,9166.0,0.0,978.0,83208.0,56819.0,477426.0,477426.0,241.0,28344.0,13619.0,146414.0,146414.0,36.0,3097.0,2385.0,19445.0,19445.0,404.0,33112.0,22050.0,173575.0,173575.0,137.0,12935.0,8151.0,78375.0,78375.0,419.0,37056.0,25765.0,222082.0,222082.0
2006,35840,0,-1,3347,294587.0,1558982.0,1558982.0,222985.0,12763.0,0.0,1264.0,114811.0,81959.0,644195.0,644195.0,283.0,36826.0,18302.0,183664.0,183664.0,55.0,5865.0,4284.0,34178.0,34178.0,567.0,50810.0,34645.0,260535.0,260535.0,131.0,13427.0,8795.0,82181.0,82181.0,461.0,42518.0,31350.0,248603.0,248603.0
2006,38940,0,-1,1683,151906.0,841881.0,841881.0,119001.0,6824.0,0.0,694.0,66518.0,49727.0,386743.0,386743.0,147.0,17472.0,9954.0,95446.0,95446.0,27.0,2400.0,1697.0,14320.0,14320.0,312.0,29320.0,22148.0,159733.0,159733.0,77.0,8410.0,5433.0,52293.0,52293.0,258.0,24782.0,18999.0,147767.0,147767.0
2006,45220,0,-1,1327,122233.0,664968.0,664968.0,69978.0,8263.0,0.0,494.0,44528.0,29803.0,264239.0,264239.0,185.0,20631.0,6059.0,94940.0,94940.0,28.0,2499.0,1630.0,14217.0,14217.0,227.0,19550.0,11669.0,105305.0,105305.0,59.0,6086.0,4379.0,40816.0,40816.0,216.0,21276.0,14754.0,130970.0,130970.0
2006,15980,0,-1,2666,238973.0,1267947.0,1267947.0,179513.0,6848.0,0.0,982.0,100166.0,72409.0,563091.0,563091.0,268.0,36854.0,18633.0,187074.0,187074.0,45.0,4047.0,2649.0,23897.0,23897.0,449.0,45832.0,31128.0,236890.0,236890.0,119.0,12611.0,9361.0,78731.0,78731.0,343.0,34585.0,26467.0,204063.0,204063.0
2006,39460,0,-1,687,68024.0,367908.0,367908.0,56720.0,1470.0,0.0,219.0,23967.0,19566.0,135823.0,135823.0,38.0,6969.0,4190.0,35382.0,35382.0,2.0,257.0,257.0,1607.0,1607.0,120.0,12602.0,10813.0,67534.0,67534.0,24.0,3251.0,2079.0,20827.0,20827.0,62.0,6812.0,5425.0,39554.0,39554.0
2006,37460,0,-1,742,71249.0,377293.0,377293.0,44802.0,2458.0,0.0,304.0,27317.0,16872.0,149294.0,149294.0,72.0,8513.0,2944.0,42304.0,42304.0,9.0,807.0,485.0,5162.0,5162.0,145.0,13224.0,7897.0,64795.0,64795.0,45.0,3933.0,2843.0,25542.0,25542.0,117.0,11756.0,6561.0,65653.0,65653.0
2006,23540,0,-1,999,94422.0,487143.0,487143.0,51529.0,4851.0,0.0,369.0,34453.0,21001.0,189590.0,189590.0,146.0,15270.0,5125.0,71027.0,71027.0,15.0,1340.0,1069.0,8176.0,8176.0,173.0,17162.0,9816.0,86393.0,86393.0,37.0,3688.0,2039.0,23094.0,23094.0,157.0,13391.0,8939.0,77602.0,77602.0
2006,34940,0,-1,1305,114845.0,616547.0,616547.0,87441.0,5880.0,0.0,480.0,45392.0,32057.0,250095.0,250095.0,121.0,15080.0,6546.0,73219.0,73219.0,20.0,2222.0,1389.0,11523.0,11523.0,227.0,22038.0,14754.0,110809.0,110809.0,44.0,4857.0,3287.0,29094.0,29094.0,175.0,15745.0,12154.0,93032.0,93032.0
2006,12060,1,-1,17580,1762971.0,10800561.0,10800561.0,1215936.0,276520.0,0.0,10215.0,1071888.0,754189.0,6770922.0,6770922.0,3081.0,339682.0,170592.0,1871897.0,1871897.0,540.0,52699.0,41176.0,352128.0,352128.0,4415.0,480485.0,301799.0,2709255.0,2709255.0,1190.0,123450.0,92070.0,880694.0,880694.0,3907.0,396951.0,306019.0,2704524.0,2704524.0
2006,46660,0,-1,520,45035.0,249336.0,249336.0,26495.0,1723.0,0.0,207.0,18670.0,11061.0,106320.0,106320.0,69.0,7642.0,2958.0,39887.0,39887.0,10.0,1248.0,768.0,7837.0,7837.0,77.0,6922.0,3727.0,36030.0,36030.0,34.0,3157.0,1517.0,19289.0,19289.0,93.0,8723.0,6316.0,50169.0,50169.0
2006,12020,0,-1,748,63998.0,348567.0,348567.0,35777.0,5230.0,0.0,316.0,26881.0,17922.0,156011.0,156011.0,137.0,13052.0,4544.0,62547.0,62547.0,15.0,1241.0,798.0,7614.0,7614.0,143.0,11808.0,7311.0,60601.0,60601.0,45.0,4133.0,2565.0,27512.0,27512.0,110.0,10181.0,6831.0,60376.0,60376.0
2006,23580,0,-1,623,53981.0,324989.0,324989.0,38422.0,6737.0,0.0,298.0,26597.0,19705.0,170323.0,170323.0,95.0,11062.0,6140.0,62404.0,62404.0,19.0,1618.0,1431.0,11060.0,11060.0,116.0,10136.0,7507.0,60850.0,60850.0,49.0,5576.0,3600.0,38094.0,38094.0,121.0,10556.0,8042.0,67501.0,67501.0
2006,16860,0,-1,1854,183273.0,1036949.0,1036949.0,124676.0,14742.0,0.0,856.0,82413.0,58883.0,490461.0,490461.0,224.0,26783.0,12463.0,141467.0,141467.0,25.0,2652.0,1922.0,16033.0,16033.0,389.0,38243.0,24061.0,205667.0,205667.0,83.0,8066.0,6770.0,55373.0,55373.0,333.0,31797.0,24244.0,198622.0,198622.0
2006,12260,0,-1,1863,176490.0,1031983.0,1031983.0,123383.0,13732.0,0.0,850.0,80777.0,58062.0,492576.0,492576.0,232.0,23409.0,10632.0,121022.0,121022.0,29.0,2401.0,1726.0,14995.0,14995.0,345.0,33215.0,22163.0,187315.0,187315.0,125.0,12060.0,8801.0,80389.0,80389.0,342.0,32900.0,24240.0,201371.0,201371.0
2006,46520,0,-1,2893,291665.0,1431956.0,1431956.0,167262.0,16876.0,0.0,1361.0,145663.0,78574.0,723725.0,723725.0,330.0,45698.0,13118.0,197092.0,197092.0,60.0,6330.0,4020.0,31080.0,31080.0,578.0,63702.0,32720.0,269520.0,269520.0,183.0,19916.0,11057.0,118781.0,118781.0,460.0,48659.0,26268.0,259191.0,259191.0
2006,14260,0,-1,1675,196195.0,1140642.0,1140642.0,139959.0,21010.0,0.0,858.0,101505.0,77380.0,629240.0,629240.0,286.0,37610.0,21895.0,205644.0,205644.0,40.0,3755.0,3134.0,23046.0,23046.0,348.0,42468.0,29309.0,233866.0,233866.0,159.0,18053.0,15229.0,126607.0,126607.0,314.0,37944.0,29922.0,243696.0,243696.0
2006,16980,1,-1,29269,3312296.0,18909685.0,18909685.0,2278752.0,349186.0,0.0,15996.0,1895864.0,1327985.0,11270238.0,11270238.0,4562.0,573777.0,289647.0,2933359.0,2933359.0,930.0,110126.0,88101.0,692918.0,692918.0,6308.0,768347.0,469824.0,3897145.0,3897145.0,2418.0,291943.0,216488.0,1993491.0,1993491.0,5761.0,664483.0,511746.0,4283710.0,4283710.0
2006,44100,0,-1,1260,94550.0,549573.0,549573.0,68169.0,10162.0,0.0,614.0,48061.0,35394.0,292364.0,292364.0,151.0,15140.0,7502.0,81006.0,81006.0,22.0,1646.0,1501.0,9615.0,9615.0,259.0,20473.0,13704.0,110490.0,110490.0,80.0,6739.0,4541.0,46446.0,46446.0,218.0,16472.0,13822.0,106546.0,106546.0
2006,40420,0,-1,1342,122749.0,719200.0,719200.0,89885.0,10587.0,0.0,697.0,65523.0,48167.0,399695.0,399695.0,181.0,20585.0,10657.0,117204.0,117204.0,26.0,2530.0,2254.0,16821.0,16821.0,289.0,27828.0,18076.0,151321.0,151321.0,98.0,10775.0,7465.0,71311.0,71311.0,257.0,22462.0,18621.0,145266.0,145266.0
2006,41180,1,-1,9572,1033395.0,6006750.0,6006750.0,755571.0,107703.0,0.0,4875.0,550225.0,410267.0,3349049.0,3349049.0,1333.0,160573.0,90275.0,869436.0,869436.0,220.0,24210.0,20525.0,159441.0,159441.0,1956.0,229293.0,153701.0,1219230.0,1219230.0,649.0,72855.0,55714.0,515752.0,515752.0,1831.0,203279.0,162944.0,1319726.0,1319726.0
2006,19340,0,-1,1525,146789.0,861430.0,861430.0,105068.0,16004.0,0.0,731.0,73166.0,52543.0,452490.0,452490.0,189.0,21982.0,12051.0,125593.0,125593.0,20.0,1817.0,1624.0,11538.0,11538.0,312.0,31778.0,20922.0,175023.0,175023.0,105.0,11346.0,8149.0,82335.0,82335.0,264.0,24202.0,19063.0,159640.0,159640.0
2006,14010,0,-1,712,60927.0,365925.0,365925.0,40906.0,8005.0,0.0,380.0,31130.0,21959.0,199076.0,199076.0,109.0,12615.0,6197.0,68456.0,68456.0,19.0,1598.0,993.0,8552.0,8552.0,136.0,11318.0,6668.0,60035.0,60035.0,50.0,3994.0,3040.0,28246.0,28246.0,165.0,14556.0,11258.0,100393.0,100393.0
2006,16580,0,-1,825,73020.0,398614.0,398614.0,42411.0,5566.0,0.0,386.0,33419.0,22654.0,198635.0,198635.0,156.0,15336.0,5632.0,72774.0,72774.0,18.0,1251.0,975.0,8016.0,8016.0,175.0,16114.0,8661.0,84958.0,84958.0,38.0,3005.0,2198.0,20210.0,20210.0,153.0,12578.0,10488.0,79436.0,79436.0
2006,37900,0,-1,1698,136724.0,808397.0,808397.0,100206.0,13633.0,0.0,860.0,69939.0,52660.0,440364.0,440364.0,247.0,23515.0,11938.0,131194.0,131194.0,41.0,3221.0,2438.0,21051.0,21051.0,343.0,30026.0,20565.0,167815.0,167815.0,99.0,6858.0,5538.0,49679.0,49679.0,343.0,27025.0,21385.0,184644.0,184644.0
2006,19500,0,-1,519,45390.0,255239.0,255239.0,32227.0,3127.0,0.0,266.0,21762.0,15027.0,125319.0,125319.0,63.0,7333.0,3995.0,38619.0,38619.0,8.0,802.0,802.0,4221.0,4221.0,125.0,11497.0,7471.0,59395.0,59395.0,23.0,1391.0,1155.0,9136.0,9136.0,95.0,7049.0,5402.0,44823.0,44823.0
2006,28100,0,-1,449,39605.0,223407.0,223407.0,27245.0,2558.0,0.0,230.0,19537.0,13568.0,114518.0,114518.0,69.0,7066.0,3555.0,37944.0,37944.0,9.0,1169.0,702.0,7238.0,7238.0,82.0,6254.0,3701.0,30943.0,30943.0,41.0,3534.0,2705.0,24371.0,24371.0,85.0,8422.0,6235.0,50997.0,50997.0
2006,26900,1,-1,6495,665415.0,3930593.0,3930593.0,461549.0,76326.0,0.0,3440.0,370787.0,261737.0,2287537.0,2287537.0,1083.0,125720.0,66520.0,704691.0,704691.0,175.0,17037.0,14726.0,115366.0,115366.0,1462.0,162540.0,99678.0,880995.0,880995.0,454.0,48413.0,37813.0,346537.0,346537.0,1253.0,132351.0,101635.0,873450.0,873450.0
2006,23060,0,-1,1349,133269.0,800531.0,800531.0,93975.0,15660.0,0.0,663.0,70043.0,50492.0,441871.0,441871.0,219.0,24021.0,12192.0,133391.0,133391.0,28.0,2653.0,2522.0,18504.0,18504.0,270.0,29370.0,17807.0,163658.0,163658.0,98.0,10976.0,8151.0,78798.0,78798.0,238.0,24454.0,19713.0,161016.0,161016.0
2006,45460,0,-1,640,57372.0,321792.0,321792.0,39331.0,4053.0,0.0,261.0,24431.0,17462.0,149308.0,149308.0,91.0,9456.0,5736.0,51826.0,51826.0,5.0,520.0,520.0,3820.0,3820.0,99.0,9525.0,5780.0,52823.0,52823.0,34.0,2889.0,2193.0,18913.0,18913.0,112.0,10500.0,8374.0,68558.0,68558.0
2006,33140,0,-1,483,41384.0,239116.0,239116.0,30821.0,3315.0,0.0,223.0,20640.0,15289.0,125641.0,125641.0,56.0,6195.0,3429.0,34995.0,34995.0,6.0,1080.0,955.0,6447.0,6447.0,101.0,8666.0,6532.0,48740.0,48740.0,24.0,2171.0,1649.0,12505.0,12505.0,73.0,7791.0,5155.0,50445.0,50445.0
2006,21780,0,-1,1058,103789.0,585567.0,585567.0,76721.0,9620.0,0.0,493.0,50420.0,38159.0,298741.0,298741.0,138.0,14623.0,9254.0,82554.0,82554.0,25.0,2491.0,2324.0,16704.0,16704.0,221.0,21881.0,15060.0,115362.0,115362.0,58.0,6404.0,4620.0,42264.0,42264.0,179.0,19178.0,15824.0,120585.0,120585.0
2006,34620,0,-1,457,44237.0,242303.0,242303.0,29731.0,2040.0,0.0,194.0,17348.0,12797.0,102608.0,102608.0,62.0,7341.0,3300.0,37528.0,37528.0,2.0,183.0,82.0,1243.0,1243.0,82.0,6927.0,4631.0,37124.0,37124.0,20.0,1890.0,1197.0,12827.0,12827.0,70.0,6807.0,5171.0,42299.0,42299.0
2006,31140,0,-1,5071,452541.0,2591579.0,2591579.0,317145.0,43605.0,0.0,2542.0,235850.0,169506.0,1409020.0,1409020.0,706.0,74288.0,39453.0,398565.0,398565.0,100.0,9263.0,7147.0,61548.0,61548.0,1082.0,106409.0,68716.0,564568.0,564568.0,279.0,23975.0,16747.0,163170.0,163170.0,952.0,85141.0,67368.0,549598.0,549598.0
2006,21140,0,-1,613,68853.0,397571.0,397571.0,49350.0,7896.0,0.0,296.0,34531.0,26425.0,210344.0,210344.0,103.0,12313.0,6686.0,65562.0,65562.0,4.0,341.0,184.0,1505.0,1505.0,114.0,12787.0,9184.0,72580.0,72580.0,58.0,7234.0,5524.0,46715.0,46715.0,108.0,13203.0,10005.0,80305.0,80305.0
2006,14020,0,-1,436,43039.0,230218.0,230218.0,25186.0,3743.0,0.0,188.0,18895.0,11950.0,109770.0,109770.0,61.0,6813.0,2751.0,31683.0,31683.0,9.0,905.0,665.0,4927.0,4927.0,93.0,9339.0,5585.0,47611.0,47611.0,16.0,1732.0,1391.0,12365.0,12365.0,78.0,8095.0,5472.0,49220.0,49220.0
2006,36540,0,-1,3038,351326.0,2095217.0,2095217.0,239484.0,44138.0,0.0,1509.0,181105.0,129724.0,1156839.0,1156839.0,476.0,61380.0,30937.0,334209.0,334209.0,61.0,7462.0,5987.0,47007.0,47007.0,593.0,75072.0,46527.0,421051.0,421051.0,240.0,29197.0,21204.0,212190.0,212190.0,546.0,62092.0,49705.0,424941.0,424941.0
2006,26980,0,-1,373,50213.0,278664.0,278664.0,30447.0,6714.0,0.0,182.0,24313.0,17618.0,151594.0,151594.0,81.0,11182.0,5891.0,57762.0,57762.0,8.0,990.0,990.0,7715.0,7715.0,87.0,13322.0,8417.0,73673.0,73673.0,24.0,2376.0,1749.0,17266.0,17266.0,65.0,7728.0,6786.0,53551.0,53551.0
2006,28140,1,-1,6319,699022.0,4191168.0,4191168.0,488606.0,81530.0,0.0,3282.0,381728.0,276997.0,2418741.0,2418741.0,971.0,122198.0,63381.0,678725.0,678725.0,149.0,16349.0,12909.0,105520.0,105520.0,1372.0,160985.0,107431.0,922282.0,922282.0,413.0,48943.0,35695.0,352748.0,352748.0,1199.0,138763.0,106727.0,925381.0,925381.0
2006,48620,0,-1,1906,217417.0,1278228.0,1278228.0,149092.0,28406.0,0.0,959.0,112478.0,79823.0,698476.0,698476.0,273.0,38696.0,20558.0,213102.0,213102.0,38.0,4543.0,4051.0,30612.0,30612.0,405.0,49169.0,29818.0,264156.0,264156.0,155.0,16852.0,13420.0,124128.0,124128.0,308.0,38338.0,29205.0,251608.0,251608.0
2006,36980,0,-1,446,41877.0,236741.0,236741.0,30023.0,4011.0,0.0,197.0,18255.0,12978.0,110230.0,110230.0,44.0,5635.0,2882.0,27448.0,27448.0,11.0,981.0,845.0,6973.0,6973.0,86.0,8047.0,4702.0,41800.0,41800.0,18.0,1838.0,1535.0,13110.0,13110.0,86.0,7730.0,6042.0,48370.0,48370.0
2006,17140,1,-1,7469,764452.0,4555857.0,4555857.0,530504.0,96044.0,0.0,3882.0,416283.0,293715.0,2599311.0,2599311.0,1032.0,121933.0,61364.0,682070.0,682070.0,169.0,18042.0,12993.0,123148.0,123148.0,1633.0,179236.0,108328.0,972862.0,972862.0,486.0,53191.0,41041.0,382961.0,382961.0,1430.0,151999.0,118056.0,1023855.0,1023855.0
2006,21060,0,-1,454,47098.0,273776.0,273776.0,30890.0,4781.0,0.0,212.0,24071.0,14728.0,149793.0,149793.0,56.0,6581.0,1981.0,36266.0,36266.0,3.0,191.0,0.0,943.0,943.0,93.0,10627.0,7016.0,61938.0,61938.0,30.0,3254.0,1525.0,22463.0,22463.0,85.0,10011.0,6095.0,60462.0,60462.0
2006,17300,0,-1,940,93147.0,525056.0,525056.0,57291.0,6090.0,0.0,436.0,44612.0,26403.0,259564.0,259564.0,158.0,18649.0,7415.0,100855.0,100855.0,19.0,2028.0,899.0,10837.0,10837.0,160.0,16665.0,8579.0,87533.0,87533.0,49.0,5454.0,3075.0,34183.0,34183.0,204.0,20937.0,13696.0,126109.0,126109.0
2006,43340,0,-1,1442,152725.0,816078.0,816078.0,100177.0,6414.0,0.0,582.0,64208.0,41188.0,359474.0,359474.0,169.0,20080.0,8307.0,98422.0,98422.0,14.0,1206.0,1050.0,8367.0,8367.0,249.0,27588.0,15961.0,142075.0,142075.0,70.0,7821.0,5851.0,46774.0,46774.0,217.0,24183.0,16742.0,140280.0,140280.0
2006,35380,1,-1,3414,371737.0,2078814.0,2078814.0,255642.0,27409.0,0.0,1614.0,181051.0,126964.0,1059795.0,1059795.0,408.0,46581.0,24327.0,245412.0,245412.0,66.0,5740.0,4465.0,34933.0,34933.0,680.0,75553.0,46486.0,395201.0,395201.0,171.0,21778.0,14676.0,141369.0,141369.0,617.0,68430.0,52901.0,423791.0,423791.0
2006,29180,0,-1,1296,149041.0,787966.0,787966.0,101530.0,4978.0,0.0,557.0,63715.0,42236.0,350486.0,350486.0,163.0,21393.0,9184.0,106819.0,106819.0,15.0,1686.0,1317.0,9286.0,9286.0,204.0,24278.0,13714.0,118176.0,118176.0,92.0,10489.0,7240.0,62286.0,62286.0,241.0,26721.0,20460.0,151038.0,151038.0
2006,29340,0,-1,668,69743.0,378714.0,378714.0,48326.0,3655.0,0.0,263.0,28459.0,20965.0,165882.0,165882.0,65.0,9293.0,3957.0,51780.0,51780.0,8.0,935.0,935.0,5789.0,5789.0,105.0,12081.0,7092.0,59232.0,59232.0,44.0,4857.0,4079.0,34116.0,34116.0,111.0,12033.0,9787.0,70011.0,70011.0
2006,12940,0,-1,2454,274856.0,1503059.0,1503059.0,186232.0,12532.0,0.0,1103.0,120799.0,86210.0,699911.0,699911.0,331.0,41677.0,18892.0,211427.0,211427.0,51.0,6239.0,4415.0,36821.0,36821.0,419.0,46767.0,30475.0,245094.0,245094.0,166.0,19807.0,13452.0,121313.0,121313.0,456.0,49092.0,37791.0,291691.0,291691.0
2006,26380,0,-1,700,76792.0,405637.0,405637.0,56784.0,4298.0,0.0,303.0,33940.0,25927.0,191603.0,191603.0,79.0,9969.0,5532.0,50632.0,50632.0,6.0,441.0,391.0,3030.0,3030.0,119.0,13408.0,9877.0,72006.0,72006.0,24.0,3365.0,2661.0,17639.0,17639.0,138.0,14935.0,11675.0,86632.0,86632.0
2006,25220,0,-1,314,40554.0,217637.0,217637.0,27910.0,1305.0,0.0,125.0,16655.0,11294.0,94489.0,94489.0,30.0,4786.0,1868.0,24809.0,24809.0,3.0,407.0,166.0,1741.0,1741.0,53.0,7015.0,4871.0,37868.0,37868.0,21.0,2489.0,1596.0,14574.0,14574.0,60.0,7801.0,5762.0,43624.0,43624.0
2006,10780,0,-1,830,47506.0,260949.0,260949.0,31315.0,1676.0,0.0,320.0,20682.0,12827.0,117593.0,117593.0,89.0,6315.0,2104.0,32033.0,32033.0,9.0,803.0,535.0,4398.0,4398.0,133.0,8842.0,4924.0,47902.0,47902.0,32.0,1823.0,993.0,11475.0,11475.0,138.0,8681.0,6226.0,49570.0,49570.0
2006,33740,0,-1,530,54776.0,297313.0,297313.0,35438.0,1441.0,0.0,229.0,23171.0,14778.0,130216.0,130216.0,65.0,8038.0,2950.0,40881.0,40881.0,13.0,1393.0,945.0,7689.0,7689.0,98.0,9962.0,5940.0,51689.0,51689.0,26.0,2273.0,1162.0,13603.0,13603.0,102.0,11075.0,7643.0,63277.0,63277.0
2006,38860,0,-1,1609,218582.0,1240949.0,1240949.0,162565.0,19223.0,0.0,805.0,114489.0,86800.0,685786.0,685786.0,178.0,26363.0,12444.0,130273.0,130273.0,39.0,6869.0,4936.0,42929.0,42929.0,355.0,50610.0,35045.0,272251.0,272251.0,78.0,10095.0,8338.0,71592.0,71592.0,321.0,47856.0,38373.0,300280.0,300280.0
2006,12620,0,-1,732,67553.0,372465.0,372465.0,48173.0,4879.0,0.0,309.0,29026.0,20638.0,168358.0,168358.0,73.0,9355.0,4024.0,50307.0,50307.0,10.0,1080.0,1080.0,7416.0,7416.0,145.0,13430.0,8235.0,70046.0,70046.0,22.0,1639.0,1026.0,10362.0,10362.0,128.0,12508.0,9891.0,76707.0,76707.0
2006,30340,0,-1,311,42833.0,229300.0,229300.0,28619.0,2334.0,0.0,140.0,20704.0,13740.0,114319.0,114319.0,46.0,7523.0,3486.0,36770.0,36770.0,2.0,169.0,169.0,874.0,874.0,61.0,10053.0,6051.0,48118.0,48118.0,19.0,2511.0,1371.0,15721.0,15721.0,56.0,7430.0,5902.0,45133.0,45133.0
2006,12580,1,-1,9792,967765.0,5939916.0,5939916.0,661780.0,149296.0,0.0,5106.0,527047.0,364312.0,3377651.0,3377651.0,1401.0,152474.0,74722.0,853699.0,853699.0,293.0,27907.0,22139.0,192692.0,192692.0,2130.0,224660.0,137973.0,1283865.0,1283865.0,579.0,60315.0,43709.0,442508.0,442508.0,1891.0,191493.0,144913.0,1314610.0,1314610.0
2006,14460,1,-1,16823,1699186.0,9642600.0,9642600.0,1105608.0,199700.0,0.0,9127.0,955249.0,639325.0,5609825.0,5609825.0,2255.0,258719.0,104774.0,1237547.0,1237547.0,624.0,61439.0,45660.0,383189.0,383189.0,3622.0,398658.0,220390.0,1948186.0,1948186.0,1168.0,119146.0,90694.0,840424.0,840424.0,3575.0,359791.0,269486.0,2328750.0,2328750.0
2006,39300,1,-1,6048,591794.0,3286021.0,3286021.0,372900.0,47666.0,0.0,3156.0,322068.0,209065.0,1852166.0,1852166.0,774.0,91959.0,35994.0,467135.0,467135.0,169.0,16524.0,12291.0,99522.0,99522.0,1265.0,131709.0,70623.0,660565.0,660565.0,360.0,37367.0,26534.0,251326.0,251326.0,1171.0,118069.0,85008.0,720486.0,720486.0
2006,44140,0,-1,2212,215702.0,1180273.0,1180273.0,137183.0,14713.0,0.0,1138.0,113401.0,74540.0,648655.0,648655.0,248.0,32497.0,13435.0,165358.0,165358.0,46.0,4859.0,2992.0,28945.0,28945.0,492.0,50994.0,30187.0,259076.0,259076.0,141.0,14812.0,10458.0,102343.0,102343.0,379.0,35709.0,26031.0,215248.0,215248.0
2006,38340,0,-1,565,47908.0,269709.0,269709.0,31297.0,4924.0,0.0,250.0,22046.0,15382.0,131464.0,131464.0,41.0,6072.0,2007.0,29096.0,29096.0,6.0,520.0,326.0,3684.0,3684.0,115.0,10826.0,6574.0,58607.0,58607.0,23.0,2043.0,1487.0,13628.0,13628.0,88.0,7474.0,5741.0,47875.0,47875.0
2006,12700,0,-1,1082,104536.0,606701.0,606701.0,82821.0,7994.0,0.0,435.0,47599.0,37033.0,277892.0,277892.0,64.0,11519.0,5636.0,61905.0,61905.0,18.0,2299.0,1789.0,13175.0,13175.0,210.0,22503.0,15603.0,114721.0,114721.0,41.0,4718.0,3918.0,34830.0,34830.0,147.0,16314.0,14285.0,102326.0,102326.0
2006,19820,1,-1,13710,1651126.0,9638402.0,9638402.0,1235073.0,147224.0,0.0,7244.0,904777.0,682873.0,5471589.0,5471589.0,1761.0,242549.0,136434.0,1317316.0,1317316.0,354.0,42070.0,33529.0,263947.0,263947.0,2864.0,366652.0,251770.0,1975825.0,1975825.0,1026.0,130844.0,103818.0,896134.0,896134.0,2712.0,331503.0,264343.0,2109327.0,2109327.0
2006,22420,0,-1,1759,201456.0,1163869.0,1163869.0,148871.0,15246.0,0.0,882.0,101458.0,74727.0,604790.0,604790.0,216.0,30780.0,17414.0,171033.0,171033.0,35.0,3721.0,2551.0,21703.0,21703.0,341.0,41038.0,28586.0,223418.0,223418.0,122.0,15161.0,10252.0,99213.0,99213.0,342.0,37223.0,29105.0,230596.0,230596.0
2006,29620,0,-1,1727,174343.0,1010248.0,1010248.0,120280.0,17952.0,0.0,854.0,89410.0,67185.0,549213.0,549213.0,261.0,28782.0,14496.0,150507.0,150507.0,32.0,3538.0,2526.0,20036.0,20036.0,340.0,36729.0,26329.0,202887.0,202887.0,134.0,11961.0,9233.0,84633.0,84633.0,310.0,33455.0,25738.0,217429.0,217429.0
2006,28020,0,-1,1208,122832.0,702751.0,702751.0,85287.0,11737.0,0.0,554.0,57685.0,43176.0,354625.0,354625.0,154.0,20041.0,10348.0,107516.0,107516.0,28.0,3417.0,2657.0,22451.0,22451.0,233.0,25772.0,16117.0,140444.0,140444.0,90.0,8389.0,6541.0,56577.0,56577.0,208.0,20516.0,17673.0,134684.0,134684.0
2006,24340,0,-1,2421,306046.0,1866392.0,1866392.0,232937.0,43145.0,0.0,1249.0,162447.0,128307.0,1057378.0,1057378.0,387.0,52653.0,32035.0,305276.0,305276.0,65.0,7893.0,5666.0,52376.0,52376.0,440.0,59286.0,41909.0,334966.0,334966.0,249.0,30799.0,27264.0,230312.0,230312.0,467.0,62141.0,50681.0,416600.0,416600.0
2006,34740,0,-1,640,64004.0,375366.0,375366.0,50421.0,5906.0,0.0,309.0,32596.0,26006.0,199341.0,199341.0,78.0,8436.0,5927.0,50638.0,50638.0,12.0,1342.0,1342.0,8897.0,8897.0,114.0,11775.0,9069.0,62874.0,62874.0,50.0,5030.0,4241.0,35337.0,35337.0,103.0,11165.0,9419.0,73312.0,73312.0
2006,11460,0,-1,1116,132802.0,742064.0,742064.0,83470.0,14179.0,0.0,587.0,69010.0,47994.0,410473.0,410473.0,175.0,25825.0,9822.0,120292.0,120292.0,31.0,3507.0,2190.0,20044.0,20044.0,274.0,33939.0,20590.0,180533.0,180533.0,61.0,7796.0,5875.0,55177.0,55177.0,212.0,23264.0,18822.0,149831.0,149831.0
2006,27100,0,-1,532,58974.0,343075.0,343075.0,45633.0,5220.0,0.0,258.0,28301.0,22196.0,174906.0,174906.0,66.0,10611.0,6238.0,58167.0,58167.0,6.0,557.0,557.0,3619.0,3619.0,117.0,13664.0,10770.0,78480.0,78480.0,38.0,4723.0,3402.0,32201.0,32201.0,91.0,9347.0,7235.0,56874.0,56874.0
2006,35660,0,-1,764,60284.0,348000.0,348000.0,42845.0,5102.0,0.0,353.0,28924.0,20968.0,174246.0,174246.0,104.0,9778.0,3902.0,51669.0,51669.0,11.0,877.0,499.0,4882.0,4882.0,158.0,12405.0,8380.0,70080.0,70080.0,46.0,3879.0,3183.0,26614.0,26614.0,121.0,10793.0,7808.0,65865.0,65865.0
2006,40980,0,-1,789,75799.0,446052.0,446052.0,56404.0,5263.0,0.0,381.0,37649.0,28193.0,228833.0,228833.0,90.0,11189.0,6016.0,65172.0,65172.0,18.0,1434.0,1155.0,9278.0,9278.0,153.0,15400.0,10601.0,88040.0,88040.0,41.0,4341.0,3126.0,28735.0,28735.0,148.0,14966.0,12186.0,92718.0,92718.0
2006,12980,0,-1,611,52100.0,300148.0,300148.0,39087.0,3847.0,0.0,286.0,24750.0,19153.0,148395.0,148395.0,78.0,8338.0,4366.0,43823.0,43823.0,9.0,584.0,470.0,3861.0,3861.0,118.0,9310.0,6842.0,48636.0,48636.0,32.0,2544.0,2162.0,17903.0,17903.0,112.0,10741.0,8253.0,66031.0,66031.0
2006,33780,0,-1,542,57941.0,346550.0,346550.0,47339.0,3625.0,0.0,267.0,29084.0,23302.0,179905.0,179905.0,56.0,8203.0,5164.0,45030.0,45030.0,8.0,1147.0,681.0,6885.0,6885.0,95.0,9328.0,7559.0,52086.0,52086.0,42.0,4640.0,4291.0,30906.0,30906.0,110.0,13389.0,9865.0,82776.0,82776.0
2006,33460,1,-1,8203,1168002.0,7125673.0,7125673.0,881107.0,199341.0,0.0,4604.0,676972.0,527499.0,4334717.0,4334717.0,1295.0,200134.0,125264.0,1109954.0,1109954.0,256.0,36809.0,32391.0,249174.0,249174.0,1900.0,296271.0,204168.0,1621226.0,1621226.0,631.0,88280.0,71481.0,659481.0,659481.0,1695.0,240552.0,206079.0,1684388.0,1684388.0
2006,41060,0,-1,751,68436.0,421806.0,421806.0,51435.0,10441.0,0.0,399.0,34468.0,26654.0,225151.0,225151.0,99.0,12670.0,8647.0,73675.0,73675.0,12.0,1034.0,792.0,7506.0,7506.0,141.0,14695.0,10060.0,85391.0,85391.0,80.0,6389.0,5297.0,47241.0,47241.0,152.0,10776.0,9572.0,75771.0,75771.0
2006,27140,0,-1,1701,167403.0,932772.0,932772.0,114195.0,10435.0,0.0,851.0,87205.0,60734.0,504268.0,504268.0,245.0,25646.0,12547.0,130847.0,130847.0,34.0,3696.0,3110.0,22502.0,22502.0,352.0,35918.0,22755.0,188135.0,188135.0,113.0,13019.0,7948.0,82262.0,82262.0,332.0,34326.0,26034.0,207414.0,207414.0
2006,25620,0,-1,465,43187.0,230293.0,230293.0,26608.0,2924.0,0.0,197.0,19316.0,12660.0,108936.0,108936.0,70.0,7596.0,3221.0,36337.0,36337.0,7.0,731.0,283.0,3535.0,3535.0,76.0,6910.0,3415.0,32471.0,32471.0,35.0,3417.0,2550.0,20767.0,20767.0,79.0,8631.0,6236.0,50773.0,50773.0
2006,25060,0,-1,1010,109364.0,604624.0,604624.0,78299.0,6852.0,0.0,438.0,49564.0,35076.0,289253.0,289253.0,107.0,12686.0,5570.0,64725.0,64725.0,15.0,1555.0,1127.0,9185.0,9185.0,183.0,19266.0,13518.0,103230.0,103230.0,51.0,6025.0,4352.0,38811.0,38811.0,180.0,22835.0,15901.0,132487.0,132487.0
2006,17860,0,-1,515,61817.0,348220.0,348220.0,36216.0,6282.0,0.0,220.0,27846.0,18169.0,170967.0,170967.0,94.0,11550.0,5300.0,60093.0,60093.0,9.0,741.0,579.0,4554.0,4554.0,103.0,13170.0,7736.0,73611.0,73611.0,21.0,3052.0,2000.0,21118.0,21118.0,82.0,10766.0,8321.0,65976.0,65976.0
2006,27900,0,-1,705,62467.0,354058.0,354058.0,43291.0,5117.0,0.0,293.0,25754.0,18581.0,153835.0,153835.0,88.0,10008.0,5494.0,55383.0,55383.0,9.0,860.0,860.0,4924.0,4924.0,115.0,10363.0,7031.0,57031.0,57031.0,57.0,5265.0,3383.0,35437.0,35437.0,123.0,10974.0,8576.0,64802.0,64802.0
2006,44180,0,-1,1423,145502.0,822266.0,822266.0,98209.0,12241.0,0.0,682.0,68764.0,48761.0,411922.0,411922.0,219.0,25900.0,14408.0,140391.0,140391.0,28.0,2891.0,2122.0,18796.0,18796.0,287.0,29847.0,19251.0,158149.0,158149.0,80.0,7527.0,5927.0,52814.0,52814.0,271.0,26621.0,19879.0,168972.0,168972.0
2006,13740,0,-1,437,54027.0,319858.0,319858.0,39283.0,8316.0,0.0,208.0,25333.0,18717.0,162882.0,162882.0,52.0,8778.0,5386.0,50418.0,50418.0,7.0,716.0,565.0,3731.0,3731.0,92.0,11668.0,7955.0,64417.0,64417.0,29.0,3531.0,2796.0,26504.0,26504.0,76.0,9122.0,7532.0,63772.0,63772.0
2006,30700,0,-1,725,105688.0,613803.0,613803.0,65832.0,16940.0,0.0,371.0,52820.0,36539.0,332179.0,332179.0,130.0,23918.0,9493.0,120627.0,120627.0,21.0,3302.0,2190.0,20636.0,20636.0,163.0,24553.0,14042.0,133774.0,133774.0,50.0,8162.0,5252.0,53563.0,53563.0,127.0,16601.0,13912.0,116897.0,116897.0
2006,29820,1,-1,6831,660188.0,3566460.0,3566460.0,399719.0,37148.0,0.0,3514.0,351779.0,215261.0,1980287.0,1980287.0,1172.0,128035.0,56476.0,664463.0,664463.0,129.0,11493.0,8460.0,70023.0,70023.0,1620.0,162602.0,91029.0,832011.0,832011.0,476.0,48944.0,30267.0,305829.0,305829.0,1199.0,120691.0,78810.0,717498.0,717498.0
2006,39900,0,-1,1615,153272.0,820139.0,820139.0,94459.0,7738.0,0.0,767.0,74876.0,48157.0,416462.0,416462.0,215.0,25285.0,10117.0,127518.0,127518.0,39.0,3739.0,3119.0,21498.0,21498.0,357.0,35129.0,21429.0,176323.0,176323.0,86.0,8832.0,5690.0,53579.0,53579.0,284.0,27564.0,18786.0,164692.0,164692.0
2006,31700,0,-1,1168,129159.0,733534.0,733534.0,87441.0,12403.0,0.0,661.0,76435.0,52829.0,450814.0,450814.0,165.0,19327.0,10538.0,96168.0,96168.0,24.0,3060.0,1918.0,17802.0,17802.0,286.0,33828.0,21130.0,173880.0,173880.0,80.0,8805.0,6807.0,61059.0,61059.0,229.0,25474.0,18857.0,162761.0,162761.0
2006,35620,1,-1,62687,6757695.0,35028390.0,35028390.0,3666988.0,619668.0,0.0,33431.0,3846450.0,2044283.0,20223308.0,20223308.0,8353.0,990680.0,307715.0,4254754.0,4254754.0,2021.0,223090.0,134531.0,1194933.0,1194933.0,12697.0,1535760.0,643291.0,6562470.0,6562470.0,4724.0,528662.0,322330.0,3384270.0,3384270.0,12649.0,1408492.0,858922.0,8129207.0,8129207.0
2006,45940,0,-1,1171,124015.0,750542.0,750542.0,85162.0,15004.0,0.0,633.0,71642.0,49580.0,441667.0,441667.0,136.0,18893.0,7427.0,99915.0,99915.0,42.0,5617.0,3250.0,36048.0,36048.0,220.0,25212.0,15562.0,134495.0,134495.0,79.0,9523.0,6840.0,63978.0,63978.0,267.0,29639.0,21815.0,196335.0,196335.0
2006,36140,0,-1,477,44228.0,248679.0,248679.0,31428.0,4034.0,0.0,189.0,19261.0,13117.0,109424.0,109424.0,37.0,6633.0,1996.0,34955.0,34955.0,6.0,1049.0,427.0,5391.0,5391.0,89.0,8886.0,5920.0,45764.0,45764.0,22.0,2115.0,1533.0,14130.0,14130.0,67.0,7293.0,4992.0,43613.0,43613.0
2006,10900,0,-1,2752,298200.0,1820691.0,1820691.0,219566.0,31588.0,0.0,1434.0,159385.0,117800.0,1028530.0,1028530.0,313.0,39641.0,22534.0,229130.0,229130.0,72.0,8161.0,5815.0,50287.0,50287.0,572.0,64317.0,44563.0,377032.0,377032.0,175.0,20225.0,14954.0,148633.0,148633.0,562.0,60663.0,47240.0,404925.0,404925.0
2006,12100,0,-1,1032,101685.0,562151.0,562151.0,68997.0,8798.0,0.0,533.0,54315.0,36194.0,309371.0,309371.0,116.0,15418.0,7117.0,77734.0,77734.0,27.0,2308.0,2167.0,14981.0,14981.0,206.0,21913.0,12237.0,109311.0,109311.0,67.0,6655.0,4083.0,43712.0,43712.0,204.0,21627.0,16492.0,129089.0,129089.0
2006,47220,0,-1,598,48973.0,270892.0,270892.0,32621.0,3088.0,0.0,270.0,24701.0,16483.0,142477.0,142477.0,81.0,8465.0,4669.0,43357.0,43357.0,14.0,1166.0,930.0,6067.0,6067.0,101.0,9023.0,5030.0,46765.0,46765.0,30.0,3596.0,2225.0,22638.0,22638.0,96.0,8874.0,6326.0,51531.0,51531.0
2006,29740,0,-1,588,66397.0,344154.0,344154.0,42192.0,2607.0,0.0,206.0,23183.0,14799.0,128929.0,128929.0,63.0,7918.0,3225.0,36576.0,36576.0,8.0,1393.0,1049.0,7599.0,7599.0,96.0,10818.0,6233.0,55967.0,55967.0,38.0,4858.0,3116.0,25572.0,25572.0,93.0,11259.0,8393.0,65139.0,65139.0
2006,10740,0,-1,3098,306755.0,1670895.0,1670895.0,209844.0,17121.0,0.0,1466.0,150289.0,103453.0,839008.0,839008.0,406.0,48302.0,23573.0,246656.0,246656.0,47.0,4898.0,3574.0,27919.0,27919.0,700.0,73602.0,45613.0,370607.0,370607.0,174.0,18977.0,13243.0,117366.0,117366.0,550.0,55165.0,41327.0,328683.0,328683.0
2006,42140,0,-1,737,60462.0,327916.0,327916.0,43880.0,2847.0,0.0,310.0,27060.0,19615.0,150197.0,150197.0,53.0,6448.0,1891.0,28747.0,28747.0,9.0,763.0,426.0,3554.0,3554.0,145.0,13625.0,9214.0,70067.0,70067.0,37.0,3138.0,2313.0,19406.0,19406.0,145.0,11755.0,9051.0,64886.0,64886.0
2006,22140,0,-1,340,37931.0,208113.0,208113.0,28234.0,1734.0,0.0,129.0,13710.0,9725.0,80418.0,80418.0,30.0,3695.0,1616.0,19694.0,19694.0,1.0,80.0,80.0,480.0,480.0,57.0,6517.0,4473.0,35988.0,35988.0,23.0,2792.0,1631.0,15259.0,15259.0,62.0,7398.0,5602.0,45414.0,45414.0
2006,45060,0,-1,2863,240473.0,1409380.0,1409380.0,162590.0,23708.0,0.0,1354.0,116729.0,82783.0,716644.0,716644.0,337.0,34794.0,14878.0,187833.0,187833.0,48.0,4141.0,2830.0,26231.0,26231.0,566.0,50633.0,30885.0,270782.0,270782.0,156.0,13206.0,10811.0,94373.0,94373.0,542.0,45517.0,35239.0,298422.0,298422.0
2006,10580,0,-1,3307,316227.0,1851278.0,1851278.0,204095.0,33482.0,0.0,1648.0,162336.0,105131.0,975759.0,975759.0,395.0,47558.0,17521.0,244335.0,244335.0,78.0,7306.0,5542.0,45769.0,45769.0,677.0,71041.0,37454.0,373597.0,373597.0,213.0,20710.0,14636.0,142966.0,142966.0,625.0,58834.0,44263.0,381980.0,381980.0
2006,15380,1,-1,4415,445742.0,2601408.0,2601408.0,297968.0,41296.0,0.0,2154.0,222822.0,151740.0,1355513.0,1355513.0,544.0,64371.0,28978.0,347505.0,347505.0,97.0,10057.0,8018.0,62634.0,62634.0,897.0,95089.0,54979.0,519987.0,519987.0,262.0,27544.0,20464.0,194508.0,194508.0,769.0,78131.0,59530.0,496155.0,496155.0
2006,40380,0,-1,4426,387445.0,2288514.0,2288514.0,270833.0,39480.0,0.0,2230.0,199271.0,144351.0,1236362.0,1236362.0,542.0,55828.0,28198.0,308775.0,308775.0,91.0,7588.0,6774.0,52496.0,52496.0,879.0,81644.0,50273.0,446677.0,446677.0,279.0,23941.0,18650.0,172995.0,172995.0,875.0,75352.0,60095.0,493277.0,493277.0
2006,46540,0,-1,1551,115600.0,674193.0,674193.0,76012.0,9967.0,0.0,678.0,51737.0,35424.0,314364.0,314364.0,150.0,15275.0,5886.0,81826.0,81826.0,15.0,1273.0,984.0,7608.0,7608.0,270.0,20354.0,11550.0,108068.0,108068.0,92.0,6657.0,4764.0,45707.0,45707.0,286.0,21651.0,16278.0,139121.0,139121.0
2006,13780,0,-1,1157,99351.0,597742.0,597742.0,69448.0,14087.0,0.0,513.0,43541.0,31790.0,278843.0,278843.0,116.0,14285.0,5931.0,77721.0,77721.0,30.0,2543.0,2183.0,15779.0,15779.0,198.0,16620.0,10363.0,94353.0,94353.0,60.0,4938.0,3941.0,37208.0,37208.0,213.0,18503.0,14750.0,123224.0,123224.0
2006,24020,0,-1,695,51546.0,290532.0,290532.0,35169.0,4926.0,0.0,315.0,24493.0,16247.0,140774.0,140774.0,66.0,8284.0,3931.0,41916.0,41916.0,6.0,456.0,319.0,2948.0,2948.0,127.0,9121.0,6448.0,49294.0,49294.0,24.0,2501.0,1338.0,15632.0,15632.0,136.0,10140.0,7067.0,60362.0,60362.0
2006,16740,1,-1,7111,730743.0,4230550.0,4230550.0,505615.0,80051.0,0.0,3687.0,388915.0,278550.0,2373081.0,2373081.0,1091.0,126452.0,65001.0,667182.0,667182.0,197.0,20689.0,16023.0,135423.0,135423.0,1565.0,166745.0,106549.0,905828.0,905828.0,417.0,45575.0,33684.0,311361.0,311361.0,1523.0,159203.0,123224.0,1038197.0,1038197.0
2006,49180,0,-1,2529,237866.0,1326151.0,1326151.0,169037.0,16281.0,0.0,1131.0,110391.0,78879.0,641728.0,641728.0,271.0,29348.0,13918.0,146117.0,146117.0,31.0,3352.0,2676.0,21951.0,21951.0,498.0,50344.0,33332.0,268594.0,268594.0,101.0,11206.0,7345.0,71258.0,71258.0,490.0,48173.0,36112.0,289514.0,289514.0
2006,39580,1,-1,3678,366094.0,2174486.0,2174486.0,247666.0,49238.0,0.0,2012.0,205378.0,143759.0,1279528.0,1279528.0,643.0,68555.0,33030.0,357529.0,357529.0,126.0,12203.0,9892.0,78740.0,78740.0,871.0,91946.0,56875.0,512780.0,512780.0,235.0,24935.0,15989.0,171298.0,171298.0,866.0,84758.0,68446.0,566836.0,566836.0
2006,15500,0,-1,541,55563.0,304809.0,304809.0,36115.0,3612.0,0.0,203.0,23464.0,15694.0,135657.0,135657.0,53.0,6876.0,2270.0,34308.0,34308.0,6.0,729.0,631.0,4647.0,4647.0,83.0,9236.0,6503.0,50825.0,50825.0,26.0,3409.0,1815.0,20196.0,20196.0,90.0,10106.0,7529.0,60390.0,60390.0
2006,24660,0,-1,2971,292597.0,1628779.0,1628779.0,194486.0,22543.0,0.0,1332.0,139232.0,92533.0,811465.0,811465.0,378.0,42508.0,18533.0,222892.0,222892.0,71.0,7203.0,5496.0,43512.0,43512.0,566.0,58148.0,35193.0,308532.0,308532.0,139.0,15556.0,9488.0,98309.0,98309.0,565.0,60355.0,44466.0,368062.0,368062.0
2006,22180,0,-1,1080,117910.0,663912.0,663912.0,70678.0,5626.0,0.0,503.0,54791.0,34516.0,322934.0,322934.0,173.0,16070.0,5717.0,83237.0,83237.0,19.0,2373.0,1272.0,12916.0,12916.0,199.0,21730.0,12613.0,117326.0,117326.0,63.0,8037.0,4465.0,50116.0,50116.0,221.0,24659.0,15890.0,146510.0,146510.0
2006,24140,0,-1,836,43353.0,243111.0,243111.0,29352.0,2082.0,0.0,307.0,15740.0,9792.0,92297.0,92297.0,80.0,4621.0,1808.0,25208.0,25208.0,11.0,890.0,665.0,5868.0,5868.0,129.0,6317.0,4087.0,34702.0,34702.0,47.0,3210.0,1570.0,18900.0,18900.0,149.0,9708.0,6674.0,56444.0,56444.0
2006,20500,0,-1,1671,168529.0,917807.0,917807.0,100590.0,15624.0,0.0,810.0,86940.0,53409.0,496029.0,496029.0,291.0,31335.0,10070.0,145960.0,145960.0,50.0,4900.0,3993.0,32575.0,32575.0,388.0,41528.0,23148.0,213676.0,213676.0,59.0,6823.0,3547.0,39993.0,39993.0,320.0,34959.0,24951.0,220115.0,220115.0
2006,25860,0,-1,1464,132851.0,734390.0,734390.0,98779.0,8966.0,0.0,538.0,53596.0,40111.0,309641.0,309641.0,132.0,15701.0,8486.0,81039.0,81039.0,19.0,2128.0,1838.0,12547.0,12547.0,219.0,21684.0,15526.0,116454.0,116454.0,64.0,6129.0,4553.0,40174.0,40174.0,257.0,26936.0,20375.0,155253.0,155253.0
2006,24780,0,-1,567,60761.0,324552.0,324552.0,34471.0,2893.0,0.0,232.0,23482.0,15157.0,135675.0,135675.0,88.0,10906.0,4745.0,52256.0,52256.0,9.0,689.0,689.0,4849.0,4849.0,107.0,10629.0,5919.0,54003.0,54003.0,31.0,3631.0,2314.0,23196.0,23196.0,104.0,10493.0,7939.0,65683.0,65683.0
2006,40580,0,-1,580,55114.0,308111.0,308111.0,34083.0,3059.0,0.0,225.0,21248.0,12790.0,122538.0,122538.0,34.0,3166.0,1292.0,16869.0,16869.0,5.0,627.0,264.0,3397.0,3397.0,107.0,10157.0,5667.0,55303.0,55303.0,24.0,2739.0,976.0,16333.0,16333.0,107.0,9580.0,6893.0,57509.0,57509.0
2006,27340,0,-1,554,53048.0,283183.0,283183.0,30836.0,1993.0,0.0,221.0,19221.0,13191.0,115571.0,115571.0,91.0,8707.0,2713.0,42833.0,42833.0,4.0,241.0,219.0,1500.0,1500.0,84.0,6693.0,4487.0,37185.0,37185.0,32.0,2571.0,1415.0,17377.0,17377.0,103.0,10040.0,6855.0,59443.0,59443.0
2006,19380,0,-1,3131,318600.0,1860276.0,1860276.0,214567.0,31752.0,0.0,1530.0,159875.0,106868.0,966230.0,966230.0,457.0,52542.0,24181.0,287731.0,287731.0,56.0,5143.0,4137.0,32859.0,32859.0,659.0,69608.0,43288.0,374214.0,374214.0,185.0,20094.0,14379.0,141774.0,141774.0,537.0,54782.0,38688.0,354702.0,354702.0
2006,17460,0,-1,8331,815685.0,4892240.0,4892240.0,573273.0,90693.0,0.0,4136.0,428708.0,304407.0,2687158.0,2687158.0,1033.0,115952.0,57733.0,641745.0,641745.0,173.0,18321.0,14715.0,121097.0,121097.0,1743.0,181507.0,116141.0,1012209.0,1012209.0,559.0,57544.0,42614.0,414635.0,414635.0,1428.0,148218.0,112934.0,982143.0,982143.0
2006,18140,1,-1,6403,657154.0,3848683.0,3848683.0,427243.0,69064.0,0.0,3298.0,362404.0,243546.0,2219347.0,2219347.0,1083.0,126188.0,56271.0,671332.0,671332.0,184.0,19266.0,15346.0,126059.0,126059.0,1428.0,163203.0,95099.0,877358.0,877358.0,421.0,46046.0,33001.0,327568.0,327568.0,1197.0,127731.0,95512.0,841480.0,841480.0
2006,49660,0,-1,2495,227629.0,1336332.0,1336332.0,168114.0,20122.0,0.0,1127.0,108628.0,77816.0,666806.0,666806.0,275.0,30097.0,16832.0,170052.0,170052.0,47.0,4337.0,3251.0,25164.0,25164.0,465.0,47019.0,31440.0,267587.0,267587.0,130.0,12340.0,8903.0,87025.0,87025.0,424.0,39660.0,29575.0,248069.0,248069.0
2006,31900,0,-1,495,48762.0,283613.0,283613.0,35074.0,4353.0,0.0,228.0,23398.0,17135.0,144615.0,144615.0,56.0,6208.0,3483.0,34304.0,34304.0,7.0,654.0,353.0,3821.0,3821.0,104.0,10770.0,7360.0,60783.0,60783.0,26.0,2985.0,2173.0,21851.0,21851.0,78.0,7442.0,6070.0,47553.0,47553.0
2006,10420,0,-1,2673,274538.0,1634000.0,1634000.0,192083.0,30528.0,0.0,1332.0,143023.0,102162.0,896966.0,896966.0,324.0,40328.0,20067.0,225900.0,225900.0,52.0,5372.0,4110.0,34387.0,34387.0,562.0,62570.0,40147.0,352477.0,352477.0,182.0,19173.0,15123.0,138761.0,138761.0,472.0,49792.0,38509.0,328363.0,328363.0
2006,15940,0,-1,1614,158397.0,937800.0,937800.0,113214.0,15279.0,0.0,783.0,77412.0,54679.0,475250.0,475250.0,182.0,21152.0,11987.0,119989.0,119989.0,18.0,2082.0,1768.0,12139.0,12139.0,334.0,34335.0,21407.0,186950.0,186950.0,97.0,9881.0,6967.0,72901.0,72901.0,278.0,26760.0,21131.0,171550.0,171550.0
2006,44220,0,-1,596,53600.0,305964.0,305964.0,36617.0,4449.0,0.0,275.0,24718.0,16951.0,149240.0,149240.0,64.0,6768.0,2623.0,38018.0,38018.0,8.0,635.0,442.0,4096.0,4096.0,108.0,10067.0,6739.0,55340.0,55340.0,32.0,3185.0,1945.0,22020.0,22020.0,102.0,8667.0,6168.0,53838.0,53838.0
2006,45780,0,-1,2485,239933.0,1398983.0,1398983.0,160915.0,19517.0,0.0,1208.0,120636.0,82749.0,732322.0,732322.0,333.0,36274.0,17766.0,197718.0,197718.0,40.0,4196.0,3432.0,26297.0,26297.0,512.0,52816.0,29967.0,285022.0,285022.0,171.0,17793.0,12966.0,122919.0,122919.0,423.0,40845.0,32358.0,262963.0,262963.0
2006,36420,1,-1,4267,471766.0,2576305.0,2576305.0,318371.0,24738.0,0.0,1981.0,225667.0,155881.0,1282471.0,1282471.0,592.0,82741.0,42701.0,412268.0,412268.0,77.0,9776.0,6863.0,57255.0,57255.0,876.0,98571.0,62811.0,510684.0,510684.0,292.0,34475.0,23861.0,211679.0,211679.0,717.0,80832.0,60329.0,483258.0,483258.0
2006,32780,0,-1,755,78186.0,408187.0,408187.0,50290.0,3348.0,0.0,300.0,31877.0,19428.0,169410.0,169410.0,72.0,11891.0,4324.0,57794.0,57794.0,11.0,1351.0,690.0,6530.0,6530.0,139.0,13936.0,8622.0,69623.0,69623.0,36.0,3935.0,2280.0,22523.0,22523.0,110.0,12495.0,7625.0,68965.0,68965.0
2006,38900,1,-1,7820,806231.0,4555128.0,4555128.0,525779.0,81552.0,0.0,4105.0,445487.0,297644.0,2604238.0,2604238.0,1284.0,145259.0,65731.0,725043.0,725043.0,238.0,25059.0,18746.0,156726.0,156726.0,1884.0,207931.0,126878.0,1075853.0,1075853.0,493.0,54941.0,39340.0,375586.0,375586.0,1505.0,159035.0,113085.0,1003749.0,1003749.0
2006,21660,0,-1,1457,134649.0,718814.0,718814.0,82709.0,7017.0,0.0,613.0,59258.0,36977.0,326728.0,326728.0,167.0,20240.0,6378.0,96421.0,96421.0,18.0,1638.0,712.0,7875.0,7875.0,291.0,28466.0,16390.0,139085.0,139085.0,69.0,6798.0,4664.0,45123.0,45123.0,235.0,21811.0,14153.0,126976.0,126976.0
2006,13460,0,-1,496,58401.0,328876.0,328876.0,41118.0,3175.0,0.0,239.0,26440.0,20083.0,154388.0,154388.0,61.0,9573.0,4980.0,51713.0,51713.0,14.0,1485.0,1192.0,8846.0,8846.0,102.0,11645.0,8154.0,62700.0,62700.0,27.0,2738.0,2108.0,17229.0,17229.0,97.0,10981.0,8596.0,66686.0,66686.0
2006,49620,0,-1,1507,158837.0,968337.0,968337.0,120700.0,16635.0,0.0,762.0,81645.0,61580.0,524789.0,524789.0,208.0,24050.0,15341.0,141104.0,141104.0,34.0,2921.0,2620.0,19732.0,19732.0,297.0,33893.0,24182.0,195423.0,195423.0,100.0,10545.0,7573.0,76134.0,76134.0,303.0,31011.0,24940.0,205730.0,205730.0
2006,38300,1,-1,9166,933831.0,5446291.0,5446291.0,668687.0,85044.0,0.0,4238.0,456822.0,332458.0,2805877.0,2805877.0,976.0,109598.0,56370.0,598551.0,598551.0,195.0,20781.0,17219.0,139849.0,139849.0,1842.0,204041.0,128286.0,1107878.0,1107878.0,430.0,45847.0,36462.0,329443.0,329443.0,1566.0,167871.0,136474.0,1110718.0,1110718.0
2006,42540,0,-1,2833,242873.0,1449863.0,1449863.0,173813.0,23409.0,0.0,1286.0,115595.0,83343.0,719311.0,719311.0,261.0,29217.0,14379.0,166144.0,166144.0,41.0,3282.0,2623.0,21694.0,21694.0,517.0,47335.0,30610.0,263858.0,263858.0,160.0,14132.0,11236.0,99560.0,99560.0,494.0,44060.0,33851.0,287390.0,287390.0
2006,48700,0,-1,671,45820.0,270225.0,270225.0,31933.0,4141.0,0.0,310.0,22542.0,16306.0,141223.0,141223.0,66.0,5724.0,3002.0,34579.0,34579.0,8.0,728.0,324.0,4210.0,4210.0,112.0,9506.0,5903.0,55317.0,55317.0,43.0,3257.0,2371.0,21627.0,21627.0,126.0,8339.0,6799.0,54336.0,54336.0
2006,21500,0,-1,1054,105511.0,615085.0,615085.0,72249.0,8077.0,0.0,491.0,49379.0,35595.0,306090.0,306090.0,101.0,13742.0,4927.0,73223.0,73223.0,13.0,1693.0,1266.0,10748.0,10748.0,195.0,21385.0,12868.0,117362.0,117362.0,81.0,7979.0,6619.0,56700.0,56700.0,183.0,17763.0,13802.0,114782.0,114782.0
2006,27780,0,-1,723,49869.0,299184.0,299184.0,35958.0,4836.0,0.0,306.0,22440.0,15916.0,140474.0,140474.0,67.0,5169.0,2793.0,29850.0,29850.0,8.0,843.0,466.0,5045.0,5045.0,125.0,9311.0,5576.0,52114.0,52114.0,40.0,2692.0,2346.0,20539.0,20539.0,105.0,8434.0,6231.0,54723.0,54723.0
2006,29540,0,-1,1598,181188.0,1106343.0,1106343.0,128865.0,22371.0,0.0,803.0,89890.0,68621.0,584098.0,584098.0,208.0,27607.0,15530.0,166059.0,166059.0,40.0,4632.0,3957.0,30521.0,30521.0,293.0,33683.0,22493.0,195099.0,195099.0,142.0,15331.0,12745.0,118321.0,118321.0,298.0,33430.0,26575.0,218255.0,218255.0
2006,25420,0,-1,2100,206531.0,1225647.0,1225647.0,142988.0,21521.0,0.0,1015.0,103989.0,70698.0,646551.0,646551.0,277.0,30289.0,13785.0,166936.0,166936.0,44.0,4792.0,4267.0,33024.0,33024.0,426.0,45228.0,27346.0,249104.0,249104.0,113.0,11738.0,9011.0,83886.0,83886.0,386.0,37807.0,27737.0,250924.0,250924.0
2006,44300,0,-1,544,48828.0,270776.0,270776.0,28327.0,4672.0,0.0,248.0,22162.0,14279.0,133311.0,133311.0,71.0,9153.0,2938.0,43612.0,43612.0,10.0,1374.0,1182.0,8342.0,8342.0,99.0,9970.0,5205.0,51020.0,51020.0,28.0,2975.0,1530.0,21388.0,21388.0,107.0,8094.0,6531.0,52707.0,52707.0
2006,39740,0,-1,1444,148241.0,900180.0,900180.0,109160.0,15771.0,0.0,742.0,75890.0,57689.0,479660.0,479660.0,157.0,21616.0,11888.0,127836.0,127836.0,34.0,3699.0,2420.0,23460.0,23460.0,283.0,28612.0,21156.0,160614.0,160614.0,106.0,10501.0,8433.0,76214.0,76214.0,289.0,30920.0,23558.0,202724.0,202724.0
2006,30140,0,-1,463,47468.0,286110.0,286110.0,36882.0,3725.0,0.0,217.0,22197.0,17257.0,145280.0,145280.0,51.0,6890.0,4167.0,41062.0,41062.0,5.0,394.0,394.0,2758.0,2758.0,77.0,8296.0,5965.0,48893.0,48893.0,32.0,3439.0,3004.0,26396.0,26396.0,86.0,8596.0,6763.0,56782.0,56782.0
2006,20700,0,-1,356,57153.0,345983.0,345983.0,46577.0,6365.0,0.0,196.0,32210.0,26450.0,202980.0,202980.0,36.0,6601.0,3956.0,37196.0,37196.0,14.0,2067.0,1816.0,12134.0,12134.0,70.0,10278.0,8108.0,58842.0,58842.0,22.0,3872.0,3724.0,29352.0,29352.0,79.0,13926.0,11294.0,90669.0,90669.0
2006,11020,0,-1,507,48259.0,283259.0,283259.0,36139.0,3890.0,0.0,240.0,22134.0,16893.0,136962.0,136962.0,54.0,5899.0,3241.0,31030.0,31030.0,11.0,902.0,653.0,6157.0,6157.0,94.0,9217.0,6071.0,49666.0,49666.0,31.0,2518.0,2094.0,17052.0,17052.0,94.0,8737.0,7215.0,58230.0,58230.0
2006,16700,0,-1,2557,244233.0,1422337.0,1422337.0,163376.0,20338.0,0.0,1089.0,110765.0,72141.0,665849.0,665849.0,350.0,34156.0,15657.0,183764.0,183764.0,62.0,6578.0,3835.0,40604.0,40604.0,493.0,49410.0,31153.0,269220.0,269220.0,130.0,14718.0,9197.0,100826.0,100826.0,464.0,48264.0,32689.0,304351.0,304351.0
2006,24860,0,-1,3604,344265.0,1960995.0,1960995.0,241638.0,28254.0,0.0,1481.0,145503.0,101205.0,869853.0,869853.0,404.0,45174.0,21711.0,239390.0,239390.0,52.0,4593.0,4191.0,30974.0,30974.0,615.0,62558.0,38106.0,334408.0,334408.0,199.0,22332.0,16599.0,149696.0,149696.0,668.0,63675.0,48806.0,398777.0,398777.0
2006,43900,0,-1,1080,105296.0,593085.0,593085.0,76091.0,6848.0,0.0,447.0,44119.0,32137.0,262239.0,262239.0,137.0,14821.0,8964.0,82428.0,82428.0,17.0,1577.0,1145.0,10133.0,10133.0,168.0,15972.0,10520.0,87311.0,87311.0,56.0,5934.0,3910.0,36905.0,36905.0,206.0,20500.0,15291.0,124829.0,124829.0
2006,25940,0,-1,636,60443.0,361565.0,361565.0,41580.0,6564.0,0.0,196.0,21358.0,14643.0,132578.0,132578.0,79.0,7444.0,2607.0,39385.0,39385.0,13.0,1622.0,815.0,9476.0,9476.0,86.0,7986.0,5629.0,45754.0,45754.0,26.0,4285.0,1947.0,28379.0,28379.0,96.0,11399.0,8147.0,70062.0,70062.0
2006,44940,0,-1,406,37700.0,224988.0,224988.0,25981.0,2285.0,0.0,125.0,12969.0,10301.0,82815.0,82815.0,46.0,3690.0,1636.0,19850.0,19850.0,4.0,347.0,197.0,1804.0,1804.0,50.0,4828.0,4202.0,29633.0,29633.0,19.0,1556.0,953.0,10031.0,10031.0,69.0,7960.0,5606.0,50516.0,50516.0
2006,28700,0,-1,1505,138868.0,790414.0,790414.0,104024.0,10154.0,0.0,557.0,52193.0,38871.0,315802.0,315802.0,112.0,14587.0,6913.0,80210.0,80210.0,24.0,2202.0,1450.0,13404.0,13404.0,241.0,22697.0,16424.0,127804.0,127804.0,54.0,5451.0,3614.0,34390.0,34390.0,256.0,25159.0,19085.0,154041.0,154041.0
2006,34980,1,-1,5963,592460.0,3445622.0,3445622.0,406081.0,63923.0,0.0,3026.0,314337.0,221769.0,1907155.0,1907155.0,949.0,105475.0,54517.0,563854.0,563854.0,157.0,15859.0,11658.0,99305.0,99305.0,1323.0,144881.0,93330.0,790464.0,790464.0,318.0,31692.0,23723.0,219219.0,219219.0,1225.0,122314.0,92190.0,790273.0,790273.0
2006,27180,0,-1,464,43666.0,249982.0,249982.0,30887.0,3574.0,0.0,212.0,19526.0,14790.0,116003.0,116003.0,60.0,7497.0,3587.0,40872.0,40872.0,11.0,1003.0,652.0,5975.0,5975.0,97.0,8957.0,6352.0,49201.0,49201.0,23.0,2018.0,1197.0,13855.0,13855.0,75.0,7036.0,5972.0,42872.0,42872.0
2006,28940,0,-1,3665,351612.0,2041283.0,2041283.0,251197.0,35407.0,0.0,1533.0,151574.0,109192.0,925790.0,925790.0,459.0,50072.0,25744.0,277079.0,277079.0,66.0,6137.0,5183.0,38841.0,38841.0,686.0,68963.0,43989.0,379161.0,379161.0,148.0,15106.0,11543.0,104630.0,104630.0,634.0,63649.0,48660.0,409105.0,409105.0
2006,26420,1,-1,16975,1825450.0,10065811.0,10065811.0,1154219.0,165000.0,0.0,9123.0,1030391.0,658048.0,5888460.0,5888460.0,2741.0,331397.0,135379.0,1608065.0,1608065.0,471.0,47978.0,33551.0,287281.0,287281.0,3538.0,409750.0,219410.0,2050806.0,2050806.0,1411.0,163569.0,113089.0,1016624.0,1016624.0,3593.0,395493.0,280879.0,2406605.0,2406605.0
2006,15180,0,-1,1171,112708.0,566971.0,566971.0,78004.0,2002.0,0.0,539.0,55248.0,37207.0,294307.0,294307.0,157.0,18653.0,8341.0,92522.0,92522.0,13.0,1230.0,788.0,6667.0,6667.0,130.0,12310.0,8394.0,59160.0,59160.0,155.0,17092.0,11041.0,91950.0,91950.0,218.0,22428.0,15562.0,119316.0,119316.0
2006,48660,0,-1,513,48389.0,247426.0,247426.0,29348.0,1536.0,0.0,216.0,21067.0,14298.0,113892.0,113892.0,67.0,7906.0,3606.0,38614.0,38614.0,6.0,547.0,277.0,2939.0,2939.0,94.0,8333.0,5797.0,41303.0,41303.0,31.0,3057.0,1954.0,19736.0,19736.0,79.0,8307.0,5434.0,45967.0,45967.0
2006,19100,1,-1,20870,2050754.0,11486249.0,11486249.0,1304355.0,196160.0,0.0,11533.0,1187886.0,769375.0,6856308.0,6856308.0,3536.0,416493.0,169168.0,2051896.0,2051896.0,596.0,59819.0,43591.0,367413.0,367413.0,4576.0,484590.0,259248.0,2452828.0,2452828.0,1675.0,179984.0,129786.0,1144728.0,1144728.0,4593.0,458272.0,331469.0,2856830.0,2856830.0
2006,41700,1,-1,7168,706179.0,3853838.0,3853838.0,475929.0,41017.0,0.0,3353.0,342917.0,229361.0,1944746.0,1944746.0,934.0,109872.0,49965.0,553941.0,553941.0,137.0,12849.0,8786.0,74023.0,74023.0,1276.0,132302.0,79722.0,671867.0,671867.0,534.0,57385.0,41037.0,363428.0,363428.0,1373.0,137984.0,98456.0,809504.0,809504.0
2006,46340,0,-1,759,67123.0,369666.0,369666.0,47967.0,3413.0,0.0,326.0,30416.0,21627.0,171067.0,171067.0,87.0,9681.0,3998.0,48895.0,48895.0,7.0,863.0,784.0,5546.0,5546.0,121.0,11488.0,7765.0,59024.0,59024.0,47.0,4901.0,3916.0,27806.0,27806.0,130.0,12169.0,8509.0,72989.0,72989.0
2006,12420,1,-1,5848,579578.0,3125109.0,3125109.0,351320.0,45047.0,0.0,2991.0,312443.0,202545.0,1776857.0,1776857.0,1008.0,119276.0,43838.0,564459.0,564459.0,178.0,17185.0,13001.0,106350.0,106350.0,1341.0,146153.0,82158.0,734554.0,734554.0,399.0,41786.0,29936.0,262632.0,262632.0,1181.0,116105.0,85918.0,722109.0,722109.0
2006,31180,0,-1,1011,99466.0,515410.0,515410.0,58260.0,3508.0,0.0,415.0,40681.0,26420.0,226055.0,226055.0,162.0,17222.0,7380.0,82401.0,82401.0,13.0,1093.0,1093.0,6996.0,6996.0,178.0,17563.0,10214.0,89315.0,89315.0,54.0,5072.0,2928.0,29819.0,29819.0,152.0,15293.0,11685.0,90483.0,90483.0
2006,13140,0,-1,1491,140312.0,744299.0,744299.0,96613.0,6537.0,0.0,661.0,61683.0,41523.0,340666.0,340666.0,167.0,20535.0,9489.0,99929.0,99929.0,22.0,1656.0,1145.0,9660.0,9660.0,263.0,26791.0,16166.0,136339.0,136339.0,102.0,8910.0,5858.0,53559.0,53559.0,256.0,22241.0,16973.0,126813.0,126813.0
2006,21340,0,-1,2313,226517.0,1230160.0,1230160.0,144952.0,9473.0,0.0,1155.0,116665.0,74861.0,660071.0,660071.0,313.0,35253.0,14068.0,175681.0,175681.0,33.0,3198.0,2043.0,19790.0,19790.0,324.0,32574.0,19295.0,166502.0,166502.0,274.0,29482.0,17827.0,173343.0,173343.0,459.0,45830.0,31097.0,265017.0,265017.0
2006,18580,0,-1,1325,137387.0,697649.0,697649.0,84367.0,3984.0,0.0,630.0,69773.0,41734.0,366878.0,366878.0,169.0,21211.0,8467.0,99707.0,99707.0,17.0,1571.0,1056.0,8797.0,8797.0,233.0,26024.0,14150.0,126740.0,126740.0,88.0,10743.0,6883.0,61782.0,61782.0,262.0,28966.0,18968.0,153945.0,153945.0
2006,29700,0,-1,562,59281.0,304466.0,304466.0,38631.0,1344.0,0.0,299.0,30981.0,20684.0,163507.0,163507.0,95.0,10625.0,4821.0,48586.0,48586.0,11.0,991.0,333.0,4857.0,4857.0,71.0,7579.0,4973.0,37532.0,37532.0,101.0,9502.0,6622.0,52736.0,52736.0,127.0,13563.0,9327.0,71784.0,71784.0
2006,32580,0,-1,1689,199967.0,1010474.0,1010474.0,141473.0,6618.0,0.0,797.0,99271.0,70854.0,535410.0,535410.0,267.0,36297.0,20115.0,179733.0,179733.0,25.0,2916.0,1389.0,15369.0,15369.0,161.0,18990.0,12777.0,95131.0,95131.0,270.0,34400.0,24964.0,187189.0,187189.0,320.0,40041.0,28075.0,213177.0,213177.0
2006,17780,0,-1,535,59600.0,299078.0,299078.0,29612.0,2697.0,0.0,210.0,21833.0,14380.0,119140.0,119140.0,90.0,11171.0,3649.0,47659.0,47659.0,13.0,1061.0,954.0,6631.0,6631.0,88.0,9332.0,5845.0,45746.0,45746.0,31.0,3516.0,1956.0,20094.0,20094.0,83.0,8826.0,6665.0,51467.0,51467.0
2006,33260,0,-1,472,45781.0,254152.0,254152.0,31520.0,3389.0,0.0,209.0,21625.0,15218.0,127116.0,127116.0,62.0,6944.0,2758.0,34484.0,34484.0,5.0,396.0,234.0,2228.0,2228.0,87.0,9254.0,5865.0,49601.0,49601.0,29.0,2773.0,2515.0,18565.0,18565.0,82.0,8893.0,6120.0,51978.0,51978.0
2006,28660,0,-1,1171,111367.0,611140.0,611140.0,64881.0,5720.0,0.0,524.0,54429.0,33054.0,313176.0,313176.0,195.0,26116.0,10279.0,136573.0,136573.0,18.0,2164.0,1204.0,12971.0,12971.0,208.0,20926.0,12509.0,110174.0,110174.0,82.0,9045.0,5751.0,59047.0,59047.0,206.0,21697.0,13285.0,126532.0,126532.0
2006,36220,0,-1,456,45103.0,236036.0,236036.0,32174.0,1068.0,0.0,196.0,20753.0,13914.0,111680.0,111680.0,51.0,6400.0,3191.0,31345.0,31345.0,2.0,152.0,152.0,770.0,770.0,79.0,8173.0,4892.0,38809.0,38809.0,46.0,5203.0,4037.0,30294.0,30294.0,65.0,6781.0,5040.0,38159.0,38159.0
2006,47380,0,-1,960,78647.0,420466.0,420466.0,48076.0,3591.0,0.0,402.0,34025.0,22759.0,191479.0,191479.0,126.0,12203.0,5563.0,61380.0,61380.0,9.0,874.0,586.0,4175.0,4175.0,162.0,14010.0,8685.0,75234.0,75234.0,69.0,6404.0,4822.0,39341.0,39341.0,152.0,11899.0,8416.0,68445.0,68445.0
2006,11100,0,-1,949,82693.0,433785.0,433785.0,53415.0,2883.0,0.0,425.0,39858.0,25708.0,215946.0,215946.0,141.0,14738.0,6866.0,71452.0,71452.0,14.0,1672.0,1180.0,8686.0,8686.0,174.0,16410.0,9699.0,81021.0,81021.0,58.0,5379.0,3875.0,32107.0,32107.0,159.0,16130.0,10498.0,91693.0,91693.0
2006,41660,0,-1,452,40890.0,214165.0,214165.0,27235.0,1806.0,0.0,185.0,19017.0,13453.0,105073.0,105073.0,59.0,6444.0,2836.0,29121.0,29121.0,4.0,263.0,263.0,1315.0,1315.0,87.0,8755.0,6087.0,44993.0,44993.0,17.0,1452.0,1010.0,9187.0,9187.0,72.0,8238.0,5696.0,47268.0,47268.0
2006,39340,0,-1,1287,125871.0,819429.0,819429.0,85085.0,34379.0,0.0,637.0,60689.0,47272.0,434148.0,434148.0,322.0,32222.0,16652.0,182687.0,182687.0,31.0,2651.0,2075.0,18453.0,18453.0,134.0,13759.0,9570.0,84788.0,84788.0,287.0,26967.0,21926.0,205360.0,205360.0,181.0,17019.0,13141.0,117093.0,117093.0
2006,41620,1,-1,2946,319151.0,1991877.0,1991877.0,224500.0,67631.0,0.0,1584.0,173611.0,128780.0,1133713.0,1133713.0,604.0,67781.0,37754.0,392807.0,392807.0,78.0,7519.0,5737.0,48491.0,48491.0,563.0,63469.0,42199.0,360758.0,360758.0,353.0,39075.0,30469.0,283176.0,283176.0,539.0,58531.0,46608.0,400092.0,400092.0
2006,36260,0,-1,1555,154797.0,991148.0,991148.0,117819.0,33153.0,0.0,831.0,78706.0,63039.0,536158.0,536158.0,292.0,33381.0,20530.0,190855.0,190855.0,26.0,2079.0,1837.0,14219.0,14219.0,216.0,22215.0,15222.0,129836.0,129836.0,265.0,24299.0,22476.0,184798.0,184798.0,262.0,24988.0,18926.0,167035.0,167035.0
2006,15540,0,-1,606,79703.0,459166.0,459166.0,57171.0,6471.0,0.0,313.0,42958.0,32017.0,261754.0,261754.0,67.0,11749.0,5849.0,58475.0,58475.0,19.0,2809.0,2446.0,18524.0,18524.0,131.0,19214.0,12613.0,103293.0,103293.0,35.0,4487.0,3896.0,31685.0,31685.0,127.0,16755.0,13387.0,110662.0,110662.0
2006,47260,1,-1,6142,599980.0,3544776.0,3544776.0,388767.0,60269.0,0.0,3182.0,326552.0,216525.0,1989322.0,1989322.0,924.0,102817.0,43216.0,541109.0,541109.0,134.0,13132.0,9637.0,82140.0,82140.0,1281.0,130378.0,80007.0,713806.0,713806.0,360.0,37491.0,25843.0,261203.0,261203.0,1241.0,128057.0,89133.0,817831.0,817831.0
2006,40060,0,-1,4407,407460.0,2489466.0,2489466.0,280294.0,56239.0,0.0,2313.0,220550.0,156999.0,1403392.0,1403392.0,640.0,65420.0,31782.0,362735.0,362735.0,135.0,11136.0,8836.0,74245.0,74245.0,951.0,94069.0,62397.0,544388.0,544388.0,242.0,24071.0,16271.0,171977.0,171977.0,923.0,83503.0,63078.0,554560.0,554560.0
2006,31340,0,-1,959,88030.0,523870.0,523870.0,65036.0,9970.0,0.0,417.0,38312.0,28135.0,241098.0,241098.0,94.0,10425.0,4374.0,56057.0,56057.0,14.0,1039.0,848.0,6295.0,6295.0,167.0,15346.0,10718.0,87498.0,87498.0,48.0,4284.0,3284.0,30391.0,30391.0,193.0,18003.0,13999.0,115825.0,115825.0
2006,13980,0,-1,640,64063.0,360520.0,360520.0,40495.0,4947.0,0.0,245.0,25356.0,18063.0,151031.0,151031.0,81.0,9675.0,4005.0,47544.0,47544.0,11.0,996.0,672.0,6685.0,6685.0,121.0,12947.0,8316.0,70342.0,70342.0,26.0,3088.0,1952.0,21196.0,21196.0,100.0,9955.0,7824.0,61373.0,61373.0
2006,16820,0,-1,695,67895.0,396728.0,396728.0,43517.0,10038.0,0.0,314.0,32942.0,22065.0,199604.0,199604.0,98.0,10755.0,4861.0,53588.0,53588.0,21.0,2684.0,1426.0,14949.0,14949.0,149.0,15689.0,9250.0,83679.0,83679.0,32.0,3465.0,2960.0,25202.0,25202.0,113.0,12003.0,8279.0,77459.0,77459.0
2006,42660,1,-1,12290,1272533.0,7128351.0,7128351.0,807339.0,145355.0,0.0,6623.0,717760.0,468994.0,4175528.0,4175528.0,1971.0,225937.0,96303.0,1087983.0,1087983.0,394.0,41945.0,31551.0,261034.0,261034.0,3021.0,342562.0,193533.0,1707844.0,1707844.0,697.0,75099.0,51150.0,511112.0,511112.0,2526.0,261277.0,196206.0,1695944.0,1695944.0
2006,13380,0,-1,666,72381.0,390282.0,390282.0,45234.0,6062.0,0.0,277.0,32582.0,21760.0,184307.0,184307.0,88.0,12026.0,5744.0,57788.0,57788.0,14.0,1812.0,1238.0,10152.0,10152.0,120.0,14457.0,7917.0,67927.0,67927.0,40.0,4527.0,3877.0,32698.0,32698.0,109.0,12306.0,8651.0,76339.0,76339.0
2006,14740,0,-1,945,90488.0,522637.0,522637.0,61713.0,8139.0,0.0,441.0,42802.0,29207.0,256667.0,256667.0,115.0,14200.0,6042.0,74726.0,74726.0,26.0,2396.0,1848.0,14228.0,14228.0,194.0,18530.0,11124.0,99745.0,99745.0,40.0,3920.0,2961.0,28590.0,28590.0,187.0,18128.0,13222.0,113922.0,113922.0
2006,44060,0,-1,1800,174375.0,1028559.0,1028559.0,116114.0,26192.0,0.0,862.0,82732.0,58965.0,526341.0,526341.0,251.0,30234.0,14491.0,168172.0,168172.0,35.0,3742.0,2542.0,24183.0,24183.0,361.0,35023.0,21896.0,191313.0,191313.0,104.0,9843.0,7873.0,74756.0,74756.0,347.0,33379.0,25157.0,226609.0,226609.0
2006,49420,0,-1,682,74109.0,407551.0,407551.0,47768.0,6418.0,0.0,290.0,32462.0,22257.0,188930.0,188930.0,86.0,10670.0,3703.0,53552.0,53552.0,8.0,711.0,251.0,3073.0,3073.0,111.0,11957.0,8362.0,67223.0,67223.0,71.0,7768.0,4448.0,44780.0,44780.0,111.0,12611.0,8623.0,73132.0,73132.0
2006,36500,0,-1,818,90141.0,513921.0,513921.0,62008.0,5119.0,0.0,398.0,42270.0,30600.0,252895.0,252895.0,109.0,13520.0,6185.0,68762.0,68762.0,19.0,2025.0,1631.0,12346.0,12346.0,166.0,17182.0,11276.0,90972.0,90972.0,48.0,6143.0,4364.0,40591.0,40591.0,165.0,17969.0,14302.0,113149.0,113149.0
2006,28420,0,-1,743,75829.0,452772.0,452772.0,52130.0,10132.0,0.0,360.0,36941.0,25580.0,231846.0,231846.0,103.0,13216.0,6570.0,69048.0,69048.0,13.0,1453.0,938.0,8857.0,8857.0,135.0,13268.0,8458.0,76420.0,76420.0,71.0,8430.0,4891.0,52170.0,52170.0,149.0,15532.0,11992.0,100843.0,100843.0
2006,34060,0,-1,509,42741.0,243164.0,243164.0,29754.0,3982.0,0.0,223.0,19478.0,14488.0,120841.0,120841.0,58.0,5742.0,2593.0,32934.0,32934.0,13.0,1365.0,831.0,8927.0,8927.0,100.0,9385.0,6088.0,51720.0,51720.0,26.0,2272.0,1672.0,14739.0,14739.0,83.0,6726.0,5675.0,45165.0,45165.0
2006,33340,1,-1,3919,591827.0,3297919.0,3297919.0,381574.0,46584.0,0.0,2071.0,323008.0,217714.0,1879155.0,1879155.0,590.0,97813.0,43729.0,492657.0,492657.0,103.0,16890.0,12343.0,100724.0,100724.0,869.0,141581.0,82928.0,732406.0,732406.0,284.0,45406.0,33316.0,307640.0,307640.0,747.0,111647.0,84205.0,693571.0,693571.0
2006,48140,0,-1,607,50201.0,298936.0,298936.0,39447.0,4416.0,0.0,323.0,26063.0,20731.0,161156.0,161156.0,70.0,6730.0,4345.0,40225.0,40225.0,17.0,1443.0,1133.0,8894.0,8894.0,137.0,11926.0,8780.0,66907.0,66907.0,46.0,4067.0,3568.0,28780.0,28780.0,120.0,8766.0,7247.0,55929.0,55929.0
2006,43100,0,-1,456,45305.0,261457.0,261457.0,32050.0,3132.0,0.0,233.0,22751.0,16605.0,136196.0,136196.0,62.0,8573.0,3994.0,44117.0,44117.0,7.0,590.0,590.0,3658.0,3658.0,90.0,8818.0,5498.0,45823.0,45823.0,29.0,3108.0,1881.0,19720.0,19720.0,90.0,7814.0,6500.0,51026.0,51026.0
2006,39540,0,-1,508,73949.0,412546.0,412546.0,52053.0,4097.0,0.0,272.0,36599.0,28768.0,213869.0,213869.0,56.0,10563.0,5777.0,52658.0,52658.0,10.0,1394.0,865.0,7916.0,7916.0,120.0,17101.0,12138.0,89205.0,89205.0,39.0,4959.0,4371.0,34576.0,34576.0,96.0,11966.0,9817.0,73543.0,73543.0
2006,27500,0,-1,504,60789.0,346068.0,346068.0,46227.0,3849.0,0.0,262.0,31097.0,25753.0,187850.0,187850.0,68.0,10736.0,5742.0,58451.0,58451.0,8.0,700.0,657.0,5245.0,5245.0,117.0,14184.0,11271.0,78813.0,78813.0,32.0,3887.0,3544.0,28251.0,28251.0,96.0,11679.0,9715.0,71319.0,71319.0
2006,20740,0,-1,622,61297.0,358080.0,358080.0,44349.0,7122.0,0.0,312.0,29156.0,22307.0,185106.0,185106.0,78.0,11068.0,6361.0,59088.0,59088.0,14.0,1402.0,1402.0,9897.0,9897.0,120.0,10929.0,6906.0,55961.0,55961.0,47.0,4470.0,3911.0,33852.0,33852.0,124.0,11932.0,9972.0,82024.0,82024.0
2006,29100,0,-1,361,43777.0,252576.0,252576.0,30033.0,5695.0,0.0,168.0,19991.0,16222.0,127387.0,127387.0,53.0,8668.0,3395.0,45287.0,45287.0,8.0,594.0,594.0,4689.0,4689.0,73.0,9581.0,6618.0,52310.0,52310.0,26.0,3147.0,2864.0,23523.0,23523.0,57.0,6105.0,5582.0,43133.0,43133.0
2007,19460,0,-1,600,58700.0,339072.0,339072.0,44918.0,3944.0,0.0,244.0,25898.0,18968.0,156651.0,156651.0,49.0,6192.0,2748.0,33528.0,33528.0,4.0,209.0,209.0,1192.0,1192.0,108.0,11795.0,8492.0,65255.0,65255.0,25.0,3193.0,2192.0,22727.0,22727.0,109.0,11532.0,9351.0,68972.0,68972.0
2007,23460,0,-1,456,41864.0,237806.0,237806.0,30183.0,3151.0,0.0,189.0,17170.0,12001.0,101774.0,101774.0,54.0,5561.0,2933.0,31189.0,31189.0,6.0,425.0,214.0,2506.0,2506.0,78.0,7188.0,4560.0,41051.0,41051.0,28.0,2213.0,1295.0,13826.0,13826.0,78.0,7849.0,6429.0,46267.0,46267.0
2007,33660,0,-1,1427,151519.0,871900.0,871900.0,102043.0,9067.0,0.0,612.0,69686.0,46924.0,416004.0,416004.0,160.0,22991.0,9902.0,122637.0,122637.0,26.0,2528.0,1942.0,14638.0,14638.0,233.0,26831.0,17689.0,147983.0,147983.0,90.0,10955.0,5499.0,68614.0,68614.0,245.0,28031.0,20746.0,170730.0,170730.0
2007,13820,0,-1,3939,399129.0,2380912.0,2380912.0,285374.0,42766.0,0.0,1778.0,188761.0,137320.0,1169489.0,1169489.0,525.0,57684.0,27492.0,308309.0,308309.0,73.0,7514.0,6068.0,48157.0,48157.0,765.0,83708.0,56005.0,479513.0,479513.0,188.0,20760.0,15063.0,141378.0,141378.0,715.0,73632.0,56820.0,472451.0,472451.0
2007,0,0,-1,309952,25450711.0,144369361.0,144369361.0,18311392.0,2023717.0,0.0,126164.0,10748990.0,7816165.0,64481239.0,64481239.0,31009.0,3358759.0,1739562.0,18203497.0,18203497.0,3982.0,360420.0,269258.0,2186348.0,2186348.0,53483.0,4571176.0,3108763.0,24990954.0,24990954.0,18085.0,1593572.0,1151085.0,10531741.0,10531741.0,50428.0,4376601.0,3310511.0,26878816.0,26878816.0
2007,11500,0,-1,445,45551.0,248756.0,248756.0,32219.0,2497.0,0.0,162.0,16347.0,11270.0,94536.0,94536.0,38.0,4193.0,1657.0,20462.0,20462.0,5.0,410.0,410.0,2421.0,2421.0,77.0,7087.0,4852.0,38307.0,38307.0,20.0,1577.0,1105.0,10088.0,10088.0,69.0,8001.0,5644.0,46660.0,46660.0
2007,19300,0,-1,556,66976.0,398377.0,398377.0,52156.0,6106.0,0.0,228.0,26103.0,20183.0,164912.0,164912.0,50.0,9262.0,5998.0,52881.0,52881.0,10.0,1179.0,936.0,7935.0,7935.0,84.0,10085.0,6603.0,55495.0,55495.0,26.0,3186.0,2554.0,21145.0,21145.0,112.0,12870.0,10582.0,86639.0,86639.0
2007,12220,0,-1,720,55046.0,301188.0,301188.0,33206.0,2805.0,0.0,270.0,20026.0,13886.0,122146.0,122146.0,121.0,9112.0,3782.0,48009.0,48009.0,21.0,2135.0,1812.0,13728.0,13728.0,108.0,7214.0,4370.0,39760.0,39760.0,33.0,3385.0,1987.0,22189.0,22189.0,126.0,10061.0,7808.0,63489.0,63489.0
2007,22520,0,-1,618,58532.0,337471.0,337471.0,41206.0,5354.0,0.0,232.0,24388.0,16414.0,146940.0,146940.0,63.0,6854.0,2445.0,37288.0,37288.0,10.0,882.0,670.0,5364.0,5364.0,97.0,11040.0,7123.0,60038.0,60038.0,26.0,2946.0,2205.0,20220.0,20220.0,91.0,8853.0,6222.0,56211.0,56211.0
2007,26620,0,-1,1457,145862.0,871582.0,871582.0,103749.0,17323.0,0.0,649.0,71565.0,51180.0,444359.0,444359.0,188.0,20812.0,10943.0,110194.0,110194.0,23.0,2336.0,2037.0,15175.0,15175.0,300.0,33354.0,21657.0,187182.0,187182.0,73.0,7909.0,6779.0,58171.0,58171.0,244.0,26258.0,19804.0,171503.0,171503.0
2007,33860,0,-1,1320,131077.0,752333.0,752333.0,89481.0,10786.0,0.0,578.0,60524.0,40371.0,360795.0,360795.0,163.0,19719.0,9103.0,105962.0,105962.0,17.0,2030.0,1444.0,14101.0,14101.0,226.0,24854.0,15760.0,134753.0,134753.0,64.0,6222.0,4195.0,38998.0,38998.0,253.0,26747.0,18308.0,167612.0,167612.0
2007,11260,0,-1,1257,144267.0,776065.0,776065.0,94306.0,11054.0,0.0,677.0,81312.0,55315.0,458913.0,458913.0,169.0,23292.0,10079.0,115342.0,115342.0,23.0,3361.0,1800.0,19819.0,19819.0,301.0,35357.0,22517.0,183077.0,183077.0,112.0,13540.0,8766.0,83233.0,83233.0,215.0,26912.0,19417.0,154909.0,154909.0
2007,38060,1,-1,15125,1443337.0,7969455.0,7969455.0,993426.0,94387.0,0.0,7411.0,740442.0,508735.0,4307210.0,4307210.0,2457.0,274205.0,129975.0,1416863.0,1416863.0,335.0,30225.0,22358.0,184925.0,184925.0,3122.0,320420.0,205303.0,1686620.0,1686620.0,1231.0,124546.0,83470.0,795061.0,795061.0,2639.0,257215.0,189064.0,1571786.0,1571786.0
2007,46060,0,-1,3885,365042.0,1875287.0,1875287.0,234425.0,13634.0,0.0,1626.0,162528.0,100964.0,867824.0,867824.0,451.0,53349.0,20961.0,242956.0,242956.0,63.0,6486.0,4614.0,36890.0,36890.0,739.0,75385.0,41174.0,350754.0,350754.0,217.0,21416.0,14022.0,126101.0,126101.0,596.0,58519.0,40718.0,341642.0,341642.0
2007,29420,0,-1,798,80371.0,404607.0,404607.0,57106.0,1367.0,0.0,224.0,24813.0,15308.0,129988.0,129988.0,53.0,9133.0,4150.0,50096.0,50096.0,8.0,703.0,497.0,3711.0,3711.0,100.0,11771.0,6784.0,58002.0,58002.0,38.0,4100.0,2059.0,22510.0,22510.0,91.0,9577.0,6706.0,50317.0,50317.0
2007,39140,0,-1,800,82280.0,450631.0,450631.0,58376.0,3861.0,0.0,262.0,26275.0,18482.0,148564.0,148564.0,51.0,7279.0,1880.0,35760.0,35760.0,11.0,939.0,663.0,5023.0,5023.0,139.0,14115.0,9444.0,76866.0,76866.0,34.0,3402.0,2322.0,20731.0,20731.0,93.0,9389.0,6230.0,52894.0,52894.0
2007,49740,0,-1,665,68557.0,321919.0,321919.0,48647.0,1107.0,0.0,243.0,25367.0,19345.0,141033.0,141033.0,64.0,8992.0,4398.0,44829.0,44829.0,7.0,600.0,509.0,3558.0,3558.0,69.0,6630.0,4313.0,33483.0,33483.0,77.0,9006.0,7197.0,49474.0,49474.0,98.0,10302.0,8503.0,57951.0,57951.0
2007,22380,0,-1,487,42595.0,225057.0,225057.0,27057.0,2253.0,0.0,206.0,18565.0,12107.0,102083.0,102083.0,59.0,6723.0,3281.0,32309.0,32309.0,6.0,680.0,223.0,3669.0,3669.0,87.0,8429.0,5361.0,42495.0,42495.0,37.0,2331.0,1631.0,13864.0,13864.0,82.0,8063.0,5294.0,45877.0,45877.0
2007,22220,0,-1,1394,145973.0,796629.0,796629.0,95441.0,10553.0,0.0,611.0,69706.0,47203.0,390800.0,390800.0,239.0,29199.0,13310.0,148434.0,148434.0,28.0,2915.0,1716.0,16387.0,16387.0,265.0,31677.0,20319.0,161662.0,161662.0,106.0,11730.0,8296.0,73444.0,73444.0,234.0,24635.0,16944.0,145354.0,145354.0
2007,30780,0,-1,2308,243814.0,1350232.0,1350232.0,164598.0,15807.0,0.0,1068.0,117533.0,80943.0,675710.0,675710.0,363.0,39391.0,18742.0,196954.0,196954.0,41.0,3805.0,2757.0,21506.0,21506.0,457.0,52850.0,33872.0,277207.0,277207.0,119.0,13349.0,8798.0,88338.0,88338.0,449.0,46938.0,34937.0,282150.0,282150.0
2007,32820,0,-1,4590,474457.0,2723805.0,2723805.0,304968.0,45719.0,0.0,2287.0,248649.0,160831.0,1467936.0,1467936.0,633.0,76181.0,31670.0,390230.0,390230.0,102.0,9846.0,7681.0,60796.0,60796.0,978.0,111721.0,63849.0,596739.0,596739.0,275.0,31114.0,20433.0,202701.0,202701.0,832.0,85563.0,61874.0,536960.0,536960.0
2007,20940,0,-1,480,45680.0,224491.0,224491.0,22547.0,745.0,0.0,222.0,22449.0,11832.0,116259.0,116259.0,68.0,7395.0,2419.0,36849.0,36849.0,5.0,337.0,287.0,1781.0,1781.0,52.0,5445.0,2342.0,25196.0,25196.0,56.0,4944.0,2801.0,27430.0,27430.0,100.0,10716.0,5224.0,54462.0,54462.0
2007,40900,1,-1,7776,751273.0,4131534.0,4131534.0,474378.0,48401.0,0.0,3991.0,396044.0,255795.0,2265871.0,2265871.0,1117.0,134981.0,53817.0,662405.0,662405.0,187.0,18577.0,13141.0,105590.0,105590.0,1587.0,155326.0,89797.0,786044.0,786044.0,557.0,59536.0,36911.0,380088.0,380088.0,1523.0,152797.0,108426.0,920070.0,920070.0
2007,31080,1,-1,41306,4078358.0,19842290.0,19842290.0,2118157.0,169697.0,0.0,22512.0,2358750.0,1164961.0,11500212.0,11500212.0,6300.0,662408.0,165613.0,2665962.0,2665962.0,1240.0,121281.0,66655.0,597936.0,597936.0,8531.0,903830.0,370050.0,3834407.0,3834407.0,3675.0,394140.0,198421.0,2101847.0,2101847.0,8251.0,855208.0,470868.0,4447413.0,4447413.0
2007,41860,1,-1,15249,1522822.0,7822827.0,7822827.0,880936.0,94305.0,0.0,8280.0,877149.0,494167.0,4534601.0,4534601.0,2212.0,230816.0,66907.0,970638.0,970638.0,599.0,62742.0,40338.0,344413.0,344413.0,3798.0,409971.0,180666.0,1801763.0,1801763.0,830.0,90195.0,58253.0,557221.0,557221.0,3064.0,314732.0,214754.0,1813780.0,1813780.0
2007,40140,0,-1,12275,1224535.0,6814876.0,6814876.0,825877.0,75328.0,0.0,6216.0,660098.0,454950.0,3868361.0,3868361.0,1630.0,234526.0,110168.0,1210716.0,1210716.0,237.0,29065.0,21364.0,171101.0,171101.0,1935.0,195445.0,124336.0,1049809.0,1049809.0,1389.0,155093.0,106418.0,961725.0,961725.0,2327.0,253390.0,181332.0,1499895.0,1499895.0
2007,46700,0,-1,1407,132746.0,749917.0,749917.0,88631.0,6156.0,0.0,761.0,73809.0,48785.0,429671.0,429671.0,171.0,20341.0,8470.0,101704.0,101704.0,25.0,2789.0,1498.0,15559.0,15559.0,303.0,27730.0,18966.0,148864.0,148864.0,123.0,12382.0,8550.0,78832.0,78832.0,281.0,28873.0,17821.0,170791.0,170791.0
2007,44700,0,-1,2110,204228.0,1134889.0,1134889.0,128904.0,9799.0,0.0,1105.0,112170.0,72491.0,647843.0,647843.0,285.0,38108.0,16161.0,200187.0,200187.0,39.0,3718.0,2381.0,20218.0,20218.0,337.0,34297.0,19962.0,178269.0,178269.0,234.0,24127.0,15411.0,146379.0,146379.0,432.0,43987.0,30306.0,262357.0,262357.0
2007,42200,0,-1,1499,139034.0,709975.0,709975.0,74908.0,5466.0,0.0,678.0,65846.0,32931.0,345034.0,345034.0,200.0,20678.0,6412.0,91603.0,91603.0,26.0,2691.0,1501.0,13311.0,13311.0,258.0,25572.0,11835.0,121228.0,121228.0,118.0,10743.0,5777.0,61066.0,61066.0,249.0,25480.0,12607.0,137158.0,137158.0
2007,17020,0,-1,903,82580.0,431670.0,431670.0,48611.0,2599.0,0.0,340.0,30753.0,19408.0,169120.0,169120.0,99.0,12758.0,2909.0,58245.0,58245.0,16.0,1259.0,737.0,6538.0,6538.0,150.0,13282.0,8376.0,67480.0,67480.0,54.0,4579.0,2914.0,26183.0,26183.0,131.0,13319.0,7690.0,75628.0,75628.0
2007,41740,1,-1,10374,1020140.0,5289441.0,5289441.0,567053.0,51412.0,0.0,5335.0,556614.0,303547.0,2956905.0,2956905.0,1612.0,184618.0,54840.0,828299.0,828299.0,282.0,28715.0,17412.0,161632.0,161632.0,2233.0,236182.0,112764.0,1092560.0,1092560.0,713.0,78134.0,43759.0,468669.0,468669.0,1992.0,203347.0,120712.0,1166202.0,1166202.0
2007,49700,0,-1,578,54114.0,294669.0,294669.0,32667.0,2253.0,0.0,281.0,26820.0,14791.0,149856.0,149856.0,78.0,9798.0,3737.0,49771.0,49771.0,13.0,902.0,513.0,4871.0,4871.0,100.0,9251.0,4955.0,47871.0,47871.0,49.0,5330.0,2764.0,31273.0,31273.0,115.0,10859.0,6005.0,61179.0,61179.0
2007,23420,0,-1,2848,273294.0,1451867.0,1451867.0,151379.0,8767.0,0.0,1446.0,143112.0,80290.0,783984.0,783984.0,456.0,54474.0,17753.0,265416.0,265416.0,47.0,4819.0,2615.0,26158.0,26158.0,478.0,47359.0,25159.0,238620.0,238620.0,332.0,34066.0,16387.0,193344.0,193344.0,510.0,50721.0,32080.0,287562.0,287562.0
2007,33700,0,-1,1581,153688.0,835559.0,835559.0,97998.0,6234.0,0.0,850.0,84461.0,54872.0,478429.0,478429.0,235.0,28911.0,13660.0,148916.0,148916.0,26.0,3085.0,2091.0,18124.0,18124.0,278.0,28555.0,17002.0,146547.0,146547.0,172.0,17927.0,12536.0,110229.0,110229.0,331.0,32187.0,20946.0,186504.0,186504.0
2007,41940,0,-1,6070,573524.0,3005896.0,3005896.0,349252.0,30148.0,0.0,3440.0,344182.0,204361.0,1800960.0,1800960.0,953.0,88587.0,30199.0,375086.0,375086.0,270.0,26937.0,14266.0,132932.0,132932.0,1347.0,137697.0,71468.0,631642.0,631642.0,371.0,38922.0,23511.0,230293.0,230293.0,1474.0,144622.0,92946.0,802216.0,802216.0
2007,42020,0,-1,953,101494.0,527083.0,527083.0,57354.0,3696.0,0.0,388.0,41819.0,24743.0,226143.0,226143.0,92.0,14643.0,4738.0,67713.0,67713.0,14.0,1318.0,1259.0,8179.0,8179.0,168.0,18237.0,9683.0,91707.0,91707.0,45.0,5219.0,3342.0,31377.0,31377.0,154.0,16071.0,9922.0,89821.0,89821.0
2007,37100,0,-1,2646,248855.0,1444793.0,1444793.0,169255.0,18283.0,0.0,1448.0,138554.0,89869.0,820188.0,820188.0,290.0,31858.0,12225.0,163438.0,163438.0,85.0,7826.0,5322.0,46117.0,46117.0,467.0,45032.0,26304.0,245108.0,245108.0,260.0,25837.0,15966.0,160814.0,160814.0,579.0,54893.0,38221.0,334904.0,334904.0
2007,42220,0,-1,1958,172944.0,928292.0,928292.0,106835.0,7705.0,0.0,954.0,89533.0,52657.0,492270.0,492270.0,219.0,21997.0,7232.0,104230.0,104230.0,44.0,4045.0,1798.0,21312.0,21312.0,417.0,39001.0,20772.0,197032.0,197032.0,104.0,10504.0,6272.0,63754.0,63754.0,365.0,34520.0,21399.0,195845.0,195845.0
2007,12540,0,-1,2466,235419.0,1246662.0,1246662.0,144435.0,5671.0,0.0,1259.0,121782.0,78664.0,676642.0,676642.0,344.0,43946.0,18879.0,217417.0,217417.0,36.0,3767.0,2035.0,19360.0,19360.0,382.0,36787.0,24249.0,194957.0,194957.0,332.0,33466.0,20967.0,188676.0,188676.0,455.0,43168.0,27733.0,243025.0,243025.0
2007,42100,0,-1,988,91189.0,449704.0,449704.0,54209.0,3610.0,0.0,492.0,47270.0,27172.0,235832.0,235832.0,114.0,11290.0,3806.0,47421.0,47421.0,32.0,2741.0,2032.0,15030.0,15030.0,215.0,21771.0,11167.0,94129.0,94129.0,59.0,6205.0,3490.0,36721.0,36721.0,179.0,15854.0,9747.0,82098.0,82098.0
2007,47300,0,-1,1479,120031.0,632789.0,632789.0,69974.0,3277.0,0.0,701.0,61876.0,35620.0,331682.0,331682.0,223.0,23973.0,9437.0,119965.0,119965.0,23.0,2615.0,1608.0,13819.0,13819.0,192.0,17585.0,9512.0,88822.0,88822.0,214.0,17679.0,9463.0,97206.0,97206.0,248.0,22531.0,12760.0,120065.0,120065.0
2007,41500,0,-1,1483,139814.0,713236.0,713236.0,73627.0,3849.0,0.0,770.0,74824.0,38630.0,386122.0,386122.0,191.0,22274.0,5055.0,102909.0,102909.0,30.0,2726.0,1288.0,14176.0,14176.0,288.0,29558.0,13162.0,138379.0,138379.0,152.0,14123.0,8158.0,81327.0,81327.0,274.0,26311.0,13964.0,138983.0,138983.0
2007,34900,0,-1,485,46940.0,252808.0,252808.0,31138.0,2922.0,0.0,236.0,23474.0,14802.0,130584.0,130584.0,49.0,6100.0,2689.0,29383.0,29383.0,15.0,1292.0,1164.0,8122.0,8122.0,98.0,10313.0,5353.0,52370.0,52370.0,27.0,3050.0,1797.0,18403.0,18403.0,90.0,8202.0,5791.0,48348.0,48348.0
2007,39820,0,-1,751,67867.0,361306.0,361306.0,43390.0,2043.0,0.0,293.0,27332.0,16597.0,150211.0,150211.0,59.0,10404.0,4112.0,51805.0,51805.0,9.0,739.0,480.0,3474.0,3474.0,125.0,11359.0,6627.0,56532.0,56532.0,34.0,4510.0,2157.0,28228.0,28228.0,121.0,10964.0,7303.0,61421.0,61421.0
2007,31460,0,-1,435,42100.0,225996.0,225996.0,26621.0,1202.0,0.0,202.0,21193.0,13563.0,117742.0,117742.0,60.0,8909.0,3441.0,43540.0,43540.0,10.0,916.0,248.0,4502.0,4502.0,60.0,5983.0,4697.0,32492.0,32492.0,34.0,4542.0,2521.0,23908.0,23908.0,91.0,9053.0,5255.0,53434.0,53434.0
2007,32900,0,-1,727,72180.0,389753.0,389753.0,40712.0,865.0,0.0,365.0,39261.0,24039.0,220163.0,220163.0,102.0,13819.0,4214.0,71562.0,71562.0,9.0,1042.0,591.0,5833.0,5833.0,89.0,8518.0,5483.0,42265.0,42265.0,93.0,10656.0,6545.0,64779.0,64779.0,148.0,16511.0,9026.0,92325.0,92325.0
2007,25260,0,-1,431,38382.0,205948.0,205948.0,22842.0,987.0,0.0,207.0,20510.0,13056.0,112502.0,112502.0,79.0,8386.0,3634.0,43263.0,43263.0,9.0,1233.0,879.0,6561.0,6561.0,58.0,5611.0,3296.0,28671.0,28671.0,55.0,6239.0,3291.0,34622.0,34622.0,79.0,7647.0,4938.0,41488.0,41488.0
2007,19740,1,-1,9489,943610.0,5604399.0,5604399.0,641853.0,153730.0,0.0,5122.0,540915.0,375668.0,3307482.0,3307482.0,1533.0,168583.0,81372.0,864378.0,864378.0,309.0,28022.0,22526.0,182125.0,182125.0,2328.0,253702.0,160706.0,1356825.0,1356825.0,561.0,61878.0,43660.0,434467.0,434467.0,1900.0,190515.0,146341.0,1273961.0,1273961.0
2007,17820,0,-1,2240,215128.0,1337350.0,1337350.0,148249.0,41270.0,0.0,1146.0,118083.0,83039.0,763798.0,763798.0,363.0,41480.0,21157.0,230879.0,230879.0,46.0,4911.0,4228.0,32986.0,32986.0,473.0,49511.0,31528.0,280362.0,280362.0,168.0,16920.0,13193.0,125141.0,125141.0,448.0,46253.0,34894.0,320696.0,320696.0
2007,22660,0,-1,1045,105842.0,625202.0,625202.0,73789.0,15350.0,0.0,484.0,51022.0,38534.0,322511.0,322511.0,157.0,18646.0,10850.0,102431.0,102431.0,21.0,2156.0,2063.0,14991.0,14991.0,205.0,23088.0,15838.0,128477.0,128477.0,52.0,5589.0,4695.0,39985.0,39985.0,195.0,19625.0,15814.0,134015.0,134015.0
2007,24300,0,-1,511,52338.0,293972.0,293972.0,38113.0,3083.0,0.0,228.0,23717.0,17868.0,140705.0,140705.0,64.0,8500.0,5615.0,43865.0,43865.0,7.0,781.0,449.0,3770.0,3770.0,98.0,10446.0,7440.0,55794.0,55794.0,27.0,3300.0,2630.0,22964.0,22964.0,95.0,9177.0,7003.0,56284.0,56284.0
2007,24540,0,-1,936,84132.0,517913.0,517913.0,58958.0,13677.0,0.0,496.0,43600.0,31210.0,282968.0,282968.0,137.0,15290.0,9106.0,90662.0,90662.0,24.0,1508.0,1443.0,10317.0,10317.0,198.0,17930.0,11464.0,105588.0,105588.0,75.0,7290.0,5079.0,50148.0,50148.0,201.0,17100.0,13996.0,114046.0,114046.0
2007,39380,0,-1,581,54594.0,314051.0,314051.0,39009.0,5065.0,0.0,243.0,23640.0,17747.0,140209.0,140209.0,63.0,8422.0,4105.0,46797.0,46797.0,11.0,1255.0,961.0,5814.0,5814.0,109.0,10021.0,7205.0,52830.0,52830.0,25.0,2865.0,1879.0,19678.0,19678.0,87.0,8459.0,7175.0,51429.0,51429.0
2007,35300,0,-1,3066,311359.0,1750582.0,1750582.0,209198.0,24627.0,0.0,1585.0,173119.0,117452.0,1006035.0,1006035.0,422.0,49926.0,22099.0,248073.0,248073.0,78.0,8165.0,5890.0,49568.0,49568.0,627.0,69170.0,40991.0,354795.0,354795.0,202.0,23125.0,16068.0,152439.0,152439.0,602.0,65202.0,47414.0,400577.0,400577.0
2007,25540,0,-1,4529,441713.0,2523326.0,2523326.0,306877.0,41144.0,0.0,2350.0,243342.0,170784.0,1444845.0,1444845.0,576.0,63484.0,31163.0,313893.0,313893.0,137.0,13480.0,10816.0,84015.0,84015.0,910.0,97395.0,61293.0,497006.0,497006.0,308.0,31596.0,23026.0,220141.0,220141.0,906.0,90418.0,68462.0,577846.0,577846.0
2007,35980,0,-1,1101,100686.0,589190.0,589190.0,71990.0,9262.0,0.0,532.0,55378.0,39025.0,331237.0,331237.0,116.0,14018.0,6503.0,76587.0,76587.0,26.0,2510.0,2266.0,16046.0,16046.0,226.0,24462.0,15194.0,130229.0,130229.0,54.0,6088.0,4600.0,41966.0,41966.0,207.0,20739.0,15781.0,131855.0,131855.0
2007,14860,0,-1,3175,316086.0,1886219.0,1886219.0,227166.0,53563.0,0.0,1714.0,178805.0,130671.0,1106154.0,1106154.0,316.0,37240.0,18403.0,185222.0,185222.0,139.0,13883.0,10742.0,90560.0,90560.0,582.0,64851.0,39773.0,330168.0,330168.0,246.0,22554.0,19770.0,167276.0,167276.0,746.0,76481.0,60987.0,517042.0,517042.0
2007,49340,0,-1,3019,289403.0,1664334.0,1664334.0,198772.0,28733.0,0.0,1690.0,163771.0,119124.0,995299.0,995299.0,356.0,43033.0,21844.0,221739.0,221739.0,103.0,9320.0,6767.0,56075.0,56075.0,592.0,59588.0,38721.0,318457.0,318457.0,211.0,19709.0,16035.0,138869.0,138869.0,717.0,69322.0,51926.0,443835.0,443835.0
2007,41540,0,-1,1740,138335.0,820304.0,820304.0,100608.0,13404.0,0.0,638.0,55780.0,39397.0,343187.0,343187.0,145.0,18047.0,11063.0,103462.0,103462.0,26.0,2918.0,2003.0,19313.0,19313.0,275.0,22021.0,15253.0,128872.0,128872.0,80.0,7028.0,5173.0,46180.0,46180.0,240.0,23840.0,16486.0,147732.0,147732.0
2007,37980,1,-1,18948,2149954.0,13046015.0,13046015.0,1520999.0,287103.0,0.0,9702.0,1168811.0,843270.0,7391884.0,7391884.0,2424.0,308706.0,152580.0,1664580.0,1664580.0,520.0,58817.0,47123.0,392425.0,392425.0,3660.0,468911.0,287083.0,2551477.0,2551477.0,1282.0,156481.0,122170.0,1134660.0,1134660.0,3692.0,426621.0,336255.0,2916096.0,2916096.0
2007,20100,0,-1,542,56630.0,348699.0,348699.0,39492.0,5447.0,0.0,246.0,26387.0,18566.0,172205.0,172205.0,69.0,9060.0,5977.0,55022.0,55022.0,12.0,1202.0,941.0,7519.0,7519.0,108.0,12260.0,7520.0,73883.0,73883.0,32.0,2920.0,2325.0,20456.0,20456.0,97.0,10429.0,7454.0,70825.0,70825.0
2007,47900,1,-1,19445,1905446.0,11743347.0,11743347.0,1288367.0,417400.0,0.0,10955.0,1129017.0,777693.0,7128895.0,7128895.0,3074.0,319596.0,147135.0,1637108.0,1637108.0,705.0,67022.0,50031.0,443464.0,443464.0,4699.0,504660.0,309384.0,2758912.0,2758912.0,1285.0,127975.0,93941.0,939394.0,939394.0,4123.0,411415.0,308707.0,2832782.0,2832782.0
2007,45300,1,-1,12085,1077118.0,5787484.0,5787484.0,764814.0,55383.0,0.0,5274.0,489429.0,337458.0,2774525.0,2774525.0,1373.0,146833.0,71208.0,738830.0,738830.0,219.0,19582.0,14642.0,116375.0,116375.0,2492.0,229169.0,147748.0,1167854.0,1167854.0,498.0,49410.0,33764.0,321443.0,321443.0,1923.0,180547.0,131802.0,1097869.0,1097869.0
2007,33100,1,-1,19950,1922645.0,9795028.0,9795028.0,1298213.0,71511.0,0.0,9802.0,1005328.0,657253.0,5303066.0,5303066.0,2402.0,246141.0,106471.0,1113704.0,1113704.0,458.0,43949.0,31654.0,236192.0,236192.0,4098.0,421866.0,255308.0,1955637.0,1955637.0,1021.0,109839.0,72495.0,655461.0,655461.0,3740.0,376554.0,258724.0,2135184.0,2135184.0
2007,39460,0,-1,696,67717.0,369151.0,369151.0,56106.0,1577.0,0.0,210.0,24231.0,17851.0,136159.0,136159.0,42.0,7364.0,4097.0,40750.0,40750.0,6.0,1680.0,1198.0,9750.0,9750.0,96.0,9962.0,7642.0,50946.0,50946.0,23.0,2957.0,1656.0,18589.0,18589.0,79.0,10285.0,7526.0,60367.0,60367.0
2007,36740,1,-1,7971,745788.0,4224001.0,4224001.0,500421.0,54542.0,0.0,3962.0,386102.0,255673.0,2271512.0,2271512.0,1167.0,123835.0,50525.0,626151.0,626151.0,178.0,15735.0,10209.0,91401.0,91401.0,1691.0,164953.0,102458.0,875060.0,875060.0,441.0,46292.0,28803.0,303286.0,303286.0,1492.0,145135.0,102855.0,906698.0,906698.0
2007,37340,0,-1,2467,209571.0,1196676.0,1196676.0,162121.0,12354.0,0.0,1093.0,91718.0,71092.0,549611.0,549611.0,204.0,23512.0,13041.0,126549.0,126549.0,36.0,3920.0,3320.0,24422.0,24422.0,535.0,45906.0,33806.0,252928.0,252928.0,113.0,9760.0,7841.0,68672.0,68672.0,347.0,29139.0,23991.0,184587.0,184587.0
2007,27260,1,-1,5206,493456.0,2873142.0,2873142.0,341116.0,35845.0,0.0,2494.0,244494.0,171469.0,1476981.0,1476981.0,702.0,74769.0,36690.0,397619.0,397619.0,108.0,9196.0,7282.0,58037.0,58037.0,1127.0,114082.0,75658.0,631200.0,631200.0,272.0,28803.0,18559.0,191936.0,191936.0,958.0,90173.0,68039.0,578329.0,578329.0
2007,23540,0,-1,1020,94448.0,496157.0,496157.0,52645.0,4382.0,0.0,419.0,39126.0,23740.0,215207.0,215207.0,165.0,17059.0,6306.0,77142.0,77142.0,24.0,2259.0,1365.0,11847.0,11847.0,207.0,20213.0,10650.0,99598.0,99598.0,42.0,3415.0,2531.0,22444.0,22444.0,157.0,14113.0,9971.0,84702.0,84702.0
2007,29460,0,-1,2611,220387.0,1181649.0,1181649.0,159173.0,9365.0,0.0,924.0,84196.0,59317.0,488267.0,488267.0,292.0,33410.0,16814.0,171316.0,171316.0,35.0,2984.0,1660.0,17606.0,17606.0,392.0,34347.0,22873.0,181939.0,181939.0,144.0,14513.0,10171.0,92632.0,92632.0,352.0,33419.0,24081.0,199880.0,199880.0
2007,15980,0,-1,2716,238521.0,1269563.0,1269563.0,177156.0,6765.0,0.0,1026.0,99451.0,72186.0,557678.0,557678.0,266.0,35779.0,19145.0,179078.0,179078.0,41.0,4145.0,2847.0,23826.0,23826.0,469.0,45121.0,30939.0,232886.0,232886.0,123.0,13430.0,9903.0,83998.0,83998.0,353.0,34062.0,25590.0,201026.0,201026.0
2007,38940,0,-1,1749,157495.0,871080.0,871080.0,119741.0,5115.0,0.0,702.0,68444.0,48903.0,397274.0,397274.0,143.0,19684.0,9730.0,107334.0,107334.0,38.0,5155.0,3905.0,30241.0,30241.0,296.0,27076.0,18497.0,144163.0,144163.0,73.0,7119.0,4589.0,45390.0,45390.0,272.0,28716.0,21853.0,172856.0,172856.0
2007,45220,0,-1,1340,122022.0,665814.0,665814.0,73453.0,6606.0,0.0,529.0,47196.0,32515.0,276021.0,276021.0,199.0,19427.0,7010.0,94548.0,94548.0,22.0,1711.0,1170.0,9984.0,9984.0,249.0,22139.0,12969.0,113234.0,113234.0,57.0,5984.0,4755.0,40441.0,40441.0,218.0,19019.0,15173.0,119298.0,119298.0
2007,36100,0,-1,1473,123671.0,685562.0,685562.0,97327.0,3649.0,0.0,419.0,40737.0,30355.0,237203.0,237203.0,105.0,15302.0,7825.0,85319.0,85319.0,16.0,1795.0,994.0,10563.0,10563.0,189.0,17159.0,12666.0,92179.0,92179.0,46.0,5244.0,2827.0,31765.0,31765.0,190.0,19161.0,14941.0,115488.0,115488.0
2007,35840,0,-1,3355,282707.0,1503215.0,1503215.0,215406.0,11350.0,0.0,1218.0,110481.0,76938.0,618931.0,618931.0,277.0,32231.0,15511.0,160044.0,160044.0,48.0,4743.0,3618.0,28836.0,28836.0,578.0,52345.0,34413.0,268991.0,268991.0,110.0,10353.0,7439.0,66224.0,66224.0,441.0,39788.0,29167.0,234397.0,234397.0
2007,37860,0,-1,1835,164985.0,956212.0,956212.0,119273.0,10223.0,0.0,796.0,72314.0,52490.0,439116.0,439116.0,224.0,20991.0,10105.0,111964.0,111964.0,29.0,2617.0,2190.0,17029.0,17029.0,340.0,29069.0,19916.0,163157.0,163157.0,108.0,10598.0,7260.0,68232.0,68232.0,306.0,29740.0,22008.0,188112.0,188112.0
2007,34940,0,-1,1340,116478.0,622038.0,622038.0,87971.0,5744.0,0.0,476.0,47012.0,30980.0,259734.0,259734.0,99.0,13388.0,5098.0,60474.0,60474.0,29.0,3294.0,2143.0,16806.0,16806.0,205.0,19317.0,12105.0,99092.0,99092.0,62.0,6968.0,5273.0,44259.0,44259.0,181.0,18769.0,11977.0,102200.0,102200.0
2007,19660,0,-1,2797,258040.0,1435546.0,1435546.0,198222.0,10900.0,0.0,1062.0,102425.0,73558.0,591983.0,591983.0,237.0,30801.0,19429.0,168214.0,168214.0,35.0,3375.0,2427.0,19022.0,19022.0,513.0,49801.0,34650.0,269721.0,269721.0,121.0,11758.0,8463.0,74504.0,74504.0,381.0,38221.0,28164.0,228240.0,228240.0
2007,37460,0,-1,758,70560.0,380886.0,380886.0,48150.0,2556.0,0.0,310.0,29755.0,20329.0,162900.0,162900.0,101.0,11028.0,4165.0,53838.0,53838.0,16.0,1397.0,991.0,7908.0,7908.0,146.0,13371.0,8334.0,64345.0,64345.0,27.0,3436.0,2301.0,20609.0,20609.0,126.0,12339.0,8893.0,73624.0,73624.0
2007,12060,1,-1,18022,1803834.0,11080673.0,11080673.0,1257673.0,281501.0,0.0,10191.0,1065541.0,758257.0,6768800.0,6768800.0,3001.0,317678.0,160216.0,1740399.0,1740399.0,568.0,51636.0,40004.0,343941.0,343941.0,4112.0,450423.0,292222.0,2552736.0,2552736.0,1243.0,133962.0,92731.0,942293.0,942293.0,4096.0,408096.0,312893.0,2775123.0,2775123.0
2007,46660,0,-1,526,46284.0,267561.0,267561.0,29811.0,2829.0,0.0,214.0,20882.0,14155.0,125983.0,125983.0,78.0,8615.0,3571.0,44854.0,44854.0,7.0,559.0,431.0,3467.0,3467.0,79.0,8013.0,4688.0,42790.0,42790.0,30.0,3473.0,2596.0,20844.0,20844.0,96.0,9624.0,6943.0,63085.0,63085.0
2007,12260,0,-1,1880,179989.0,1062768.0,1062768.0,124942.0,15359.0,0.0,786.0,82545.0,56366.0,508965.0,508965.0,230.0,25798.0,11209.0,141934.0,141934.0,28.0,2659.0,1744.0,16867.0,16867.0,316.0,32823.0,20572.0,184978.0,184978.0,111.0,12379.0,8257.0,79232.0,79232.0,325.0,33803.0,25204.0,216878.0,216878.0
2007,12020,0,-1,774,64676.0,364968.0,364968.0,38249.0,5640.0,0.0,312.0,25294.0,16291.0,150034.0,150034.0,149.0,13734.0,5796.0,69454.0,69454.0,15.0,1063.0,961.0,6777.0,6777.0,135.0,11592.0,5802.0,58878.0,58878.0,35.0,3024.0,2051.0,20568.0,20568.0,130.0,11009.0,8948.0,71114.0,71114.0
2007,16860,0,-1,1840,183102.0,1057286.0,1057286.0,125900.0,18191.0,0.0,845.0,84560.0,59705.0,510059.0,510059.0,223.0,25884.0,13039.0,135065.0,135065.0,32.0,3325.0,2739.0,20434.0,20434.0,362.0,38958.0,25474.0,216555.0,216555.0,67.0,6890.0,5045.0,49363.0,49363.0,348.0,32920.0,24664.0,203120.0,203120.0
2007,23580,0,-1,617,55742.0,337329.0,337329.0,39872.0,6992.0,0.0,293.0,28055.0,21280.0,178534.0,178534.0,100.0,9830.0,4983.0,56534.0,56534.0,12.0,1062.0,782.0,7680.0,7680.0,108.0,10207.0,7296.0,60586.0,60586.0,52.0,5730.0,4709.0,34866.0,34866.0,124.0,12451.0,8485.0,79514.0,79514.0
2007,46520,0,-1,2961,297018.0,1425585.0,1425585.0,167291.0,14204.0,0.0,1392.0,145554.0,77207.0,700139.0,700139.0,328.0,42713.0,13783.0,186463.0,186463.0,79.0,8925.0,5311.0,43091.0,43091.0,571.0,63448.0,30325.0,254809.0,254809.0,185.0,19430.0,9672.0,109653.0,109653.0,502.0,50107.0,28251.0,265397.0,265397.0
2007,14260,0,-1,1737,201753.0,1185352.0,1185352.0,144041.0,22829.0,0.0,897.0,106023.0,78312.0,655707.0,655707.0,309.0,40808.0,23650.0,226655.0,226655.0,50.0,5877.0,4049.0,33886.0,33886.0,340.0,38136.0,25533.0,208286.0,208286.0,154.0,18893.0,15197.0,129461.0,129461.0,368.0,45203.0,34094.0,289626.0,289626.0
2007,41180,1,-1,9784,1035865.0,6012147.0,6012147.0,759634.0,102449.0,0.0,4856.0,536807.0,398957.0,3261595.0,3261595.0,1368.0,160442.0,87911.0,842659.0,842659.0,218.0,24186.0,20917.0,152701.0,152701.0,1932.0,217826.0,143957.0,1173051.0,1173051.0,640.0,72037.0,56502.0,495781.0,495781.0,1816.0,197919.0,157231.0,1275719.0,1275719.0
2007,16980,1,-1,29609,3342011.0,19109622.0,19109622.0,2308024.0,358660.0,0.0,15873.0,1889734.0,1331637.0,11236281.0,11236281.0,4591.0,564795.0,287119.0,2872724.0,2872724.0,858.0,97945.0,77126.0,612492.0,612492.0,6081.0,742959.0,462338.0,3772693.0,3772693.0,2488.0,302268.0,228000.0,2074361.0,2074361.0,5694.0,664403.0,506647.0,4252961.0,4252961.0
2007,37900,0,-1,1700,137193.0,800228.0,800228.0,100067.0,14368.0,0.0,842.0,69277.0,51569.0,424861.0,424861.0,263.0,23664.0,14403.0,129488.0,129488.0,34.0,2918.0,2596.0,18759.0,18759.0,352.0,30311.0,21175.0,165973.0,165973.0,108.0,7865.0,5644.0,56609.0,56609.0,304.0,25341.0,19841.0,163610.0,163610.0
2007,28100,0,-1,461,39597.0,227349.0,227349.0,28110.0,2647.0,0.0,222.0,18691.0,13864.0,113504.0,113504.0,62.0,7222.0,3976.0,38915.0,38915.0,6.0,827.0,457.0,4826.0,4826.0,82.0,6577.0,4129.0,34834.0,34834.0,36.0,3386.0,2637.0,24237.0,24237.0,83.0,8625.0,6577.0,50108.0,50108.0
2007,19340,0,-1,1501,143242.0,831966.0,831966.0,103342.0,15140.0,0.0,674.0,69887.0,53070.0,433817.0,433817.0,201.0,23344.0,12602.0,127162.0,127162.0,31.0,3182.0,2559.0,19820.0,19820.0,286.0,29460.0,20309.0,165982.0,165982.0,96.0,10089.0,8163.0,72019.0,72019.0,243.0,25166.0,18945.0,157126.0,157126.0
2007,44100,0,-1,1266,96492.0,550800.0,550800.0,69477.0,7942.0,0.0,579.0,45312.0,33486.0,276595.0,276595.0,152.0,14966.0,7943.0,77645.0,77645.0,17.0,1372.0,1266.0,8377.0,8377.0,260.0,20936.0,14451.0,118503.0,118503.0,61.0,4228.0,3179.0,29811.0,29811.0,214.0,16821.0,13112.0,107173.0,107173.0
2007,16580,0,-1,852,75666.0,424194.0,424194.0,42718.0,8348.0,0.0,376.0,33735.0,21927.0,200499.0,200499.0,155.0,15559.0,5765.0,77181.0,77181.0,17.0,1390.0,1104.0,8443.0,8443.0,177.0,17962.0,9607.0,96661.0,96661.0,41.0,3467.0,2108.0,23241.0,23241.0,123.0,9760.0,8343.0,65101.0,65101.0
2007,40420,0,-1,1331,126396.0,735679.0,735679.0,92943.0,11294.0,0.0,702.0,67642.0,50921.0,410846.0,410846.0,185.0,22300.0,14749.0,128647.0,128647.0,26.0,2604.0,2352.0,15879.0,15879.0,282.0,27978.0,18249.0,151745.0,151745.0,93.0,9943.0,7473.0,65749.0,65749.0,248.0,23552.0,20062.0,150198.0,150198.0
2007,19500,0,-1,526,44575.0,252824.0,252824.0,32664.0,3468.0,0.0,239.0,20768.0,15072.0,125831.0,125831.0,61.0,6348.0,3545.0,33775.0,33775.0,5.0,236.0,236.0,1218.0,1218.0,104.0,9628.0,6528.0,52266.0,52266.0,31.0,2338.0,1568.0,15930.0,15930.0,86.0,7699.0,6041.0,50211.0,50211.0
2007,14010,0,-1,722,61514.0,367676.0,367676.0,42101.0,9294.0,0.0,356.0,29342.0,21963.0,190952.0,190952.0,118.0,11764.0,5612.0,61502.0,61502.0,24.0,1696.0,1514.0,11743.0,11743.0,140.0,12532.0,7290.0,70443.0,70443.0,50.0,4709.0,4172.0,35027.0,35027.0,142.0,10773.0,9502.0,73995.0,73995.0
2007,21140,0,-1,631,70689.0,417630.0,417630.0,49331.0,8025.0,0.0,296.0,35702.0,26624.0,224440.0,224440.0,85.0,11593.0,6094.0,66495.0,66495.0,14.0,1948.0,1546.0,10701.0,10701.0,114.0,14749.0,9692.0,84638.0,84638.0,53.0,6314.0,5651.0,42992.0,42992.0,117.0,14523.0,10253.0,92141.0,92141.0
2007,21780,0,-1,1054,101653.0,577709.0,577709.0,72875.0,9107.0,0.0,510.0,52671.0,40450.0,315685.0,315685.0,152.0,15829.0,8696.0,85625.0,85625.0,23.0,2111.0,1820.0,14917.0,14917.0,227.0,23585.0,16411.0,129115.0,129115.0,66.0,6941.0,5366.0,47674.0,47674.0,180.0,18249.0,15667.0,115756.0,115756.0
2007,26900,1,-1,6586,678755.0,4003562.0,4003562.0,469822.0,78929.0,0.0,3481.0,376577.0,268864.0,2327959.0,2327959.0,1082.0,122465.0,67919.0,678327.0,678327.0,159.0,15880.0,13987.0,105136.0,105136.0,1435.0,161738.0,99384.0,868414.0,868414.0,489.0,52012.0,41243.0,374775.0,374775.0,1292.0,137088.0,106836.0,911484.0,911484.0
2007,33140,0,-1,470,40658.0,230926.0,230926.0,29896.0,2949.0,0.0,217.0,19309.0,13906.0,114507.0,114507.0,55.0,5422.0,2391.0,29367.0,29367.0,9.0,656.0,531.0,4011.0,4011.0,87.0,8023.0,5350.0,42730.0,42730.0,32.0,2330.0,1576.0,16407.0,16407.0,77.0,6870.0,5479.0,42136.0,42136.0
2007,31140,0,-1,5181,455966.0,2636982.0,2636982.0,319021.0,46669.0,0.0,2535.0,233399.0,162115.0,1403712.0,1403712.0,697.0,71254.0,36312.0,379737.0,379737.0,130.0,10737.0,8195.0,65925.0,65925.0,1061.0,103084.0,65323.0,557773.0,557773.0,282.0,25123.0,17466.0,169299.0,169299.0,983.0,88119.0,65981.0,564382.0,564382.0
2007,14020,0,-1,470,48077.0,262651.0,262651.0,26380.0,4346.0,0.0,190.0,19580.0,12610.0,116233.0,116233.0,95.0,9948.0,2848.0,46867.0,46867.0,11.0,772.0,553.0,4412.0,4412.0,89.0,9531.0,5797.0,52799.0,52799.0,13.0,1431.0,907.0,10352.0,10352.0,79.0,8006.0,5560.0,49126.0,49126.0
2007,23060,0,-1,1362,132226.0,801710.0,801710.0,94787.0,14495.0,0.0,713.0,71610.0,52622.0,451022.0,451022.0,227.0,22527.0,12740.0,128890.0,128890.0,22.0,2199.0,1638.0,13732.0,13732.0,291.0,31446.0,19374.0,173841.0,173841.0,111.0,11059.0,9393.0,81603.0,81603.0,254.0,24287.0,19991.0,164420.0,164420.0
2007,45460,0,-1,629,56933.0,314825.0,314825.0,39400.0,2475.0,0.0,265.0,24528.0,18297.0,143739.0,143739.0,75.0,9163.0,4753.0,46157.0,46157.0,7.0,911.0,685.0,4869.0,4869.0,119.0,10752.0,6613.0,56586.0,56586.0,43.0,4230.0,3328.0,27068.0,27068.0,89.0,8428.0,6926.0,51900.0,51900.0
2007,34620,0,-1,473,47026.0,261597.0,261597.0,31550.0,2866.0,0.0,192.0,19204.0,13971.0,111476.0,111476.0,46.0,7045.0,4088.0,38534.0,38534.0,5.0,420.0,291.0,2897.0,2897.0,88.0,9005.0,6275.0,45895.0,45895.0,22.0,1993.0,1247.0,14527.0,14527.0,65.0,7216.0,5737.0,43848.0,43848.0
2007,36540,0,-1,3040,353290.0,2107594.0,2107594.0,244612.0,44926.0,0.0,1490.0,179771.0,131375.0,1148304.0,1148304.0,437.0,60799.0,31274.0,337612.0,337612.0,66.0,7621.0,6039.0,51261.0,51261.0,561.0,69250.0,46448.0,387312.0,387312.0,237.0,29236.0,23889.0,208242.0,208242.0,575.0,68257.0,51073.0,462100.0,462100.0
2007,26980,0,-1,373,49341.0,265316.0,265316.0,30182.0,4448.0,0.0,163.0,23049.0,16389.0,134464.0,134464.0,78.0,11496.0,4823.0,53135.0,53135.0,9.0,1042.0,800.0,6337.0,6337.0,64.0,9639.0,5580.0,46917.0,46917.0,17.0,1941.0,1752.0,13989.0,13989.0,73.0,10057.0,7992.0,65091.0,65091.0
2007,48620,0,-1,1901,217953.0,1278006.0,1278006.0,153945.0,27081.0,0.0,924.0,109228.0,78947.0,669264.0,669264.0,277.0,36790.0,21537.0,205428.0,205428.0,40.0,4684.0,4042.0,31158.0,31158.0,366.0,44420.0,27330.0,238373.0,238373.0,141.0,16442.0,12377.0,115295.0,115295.0,360.0,42136.0,33988.0,274870.0,274870.0
2007,28140,1,-1,6293,698210.0,4192562.0,4192562.0,483706.0,88282.0,0.0,3299.0,384213.0,274336.0,2410878.0,2410878.0,968.0,121963.0,61522.0,671299.0,671299.0,143.0,16585.0,13177.0,113326.0,113326.0,1318.0,155587.0,96114.0,849764.0,849764.0,446.0,52426.0,40421.0,377432.0,377432.0,1240.0,141400.0,111824.0,957925.0,957925.0
2007,17300,0,-1,980,98992.0,563926.0,563926.0,66413.0,6780.0,0.0,445.0,48862.0,34726.0,293539.0,293539.0,159.0,19906.0,10134.0,110968.0,110968.0,17.0,1596.0,1494.0,10457.0,10457.0,186.0,19978.0,14447.0,111844.0,111844.0,57.0,7111.0,3984.0,46698.0,46698.0,176.0,19941.0,15052.0,121456.0,121456.0
2007,17140,1,-1,7543,767369.0,4562455.0,4562455.0,531259.0,96916.0,0.0,3860.0,411444.0,290630.0,2562080.0,2562080.0,1045.0,118911.0,61961.0,667019.0,667019.0,184.0,18718.0,13631.0,118644.0,118644.0,1590.0,174751.0,108600.0,942116.0,942116.0,558.0,60300.0,46626.0,436100.0,436100.0,1381.0,143795.0,108967.0,959955.0,959955.0
2007,36980,0,-1,447,42561.0,236634.0,236634.0,28994.0,2717.0,0.0,171.0,17468.0,12461.0,102017.0,102017.0,57.0,6611.0,3381.0,34080.0,34080.0,6.0,556.0,304.0,3387.0,3387.0,70.0,7587.0,4926.0,38706.0,38706.0,24.0,1932.0,1354.0,13731.0,13731.0,73.0,7223.0,5223.0,44111.0,44111.0
2007,21060,0,-1,446,44486.0,260708.0,260708.0,30418.0,4914.0,0.0,208.0,20251.0,14276.0,127740.0,127740.0,65.0,6303.0,2170.0,32155.0,32155.0,8.0,567.0,519.0,3531.0,3531.0,76.0,7423.0,5077.0,44131.0,44131.0,29.0,2597.0,1936.0,18386.0,18386.0,98.0,10244.0,6515.0,62637.0,62637.0
2007,12940,0,-1,2564,283810.0,1558335.0,1558335.0,195864.0,15642.0,0.0,1126.0,130321.0,91455.0,746163.0,746163.0,324.0,44124.0,21796.0,217976.0,217976.0,42.0,4730.0,3473.0,26790.0,26790.0,467.0,56673.0,34526.0,297569.0,297569.0,147.0,16832.0,13113.0,108025.0,108025.0,439.0,49268.0,37914.0,292484.0,292484.0
2007,29340,0,-1,669,71985.0,392112.0,392112.0,49383.0,3642.0,0.0,256.0,28134.0,19907.0,166858.0,166858.0,74.0,8663.0,4232.0,44286.0,44286.0,3.0,343.0,143.0,1873.0,1873.0,101.0,11139.0,7520.0,58680.0,58680.0,43.0,5067.0,3067.0,31856.0,31856.0,107.0,11181.0,9189.0,70189.0,70189.0
2007,43340,0,-1,1446,154056.0,830410.0,830410.0,97838.0,6843.0,0.0,621.0,69198.0,42723.0,382474.0,382474.0,186.0,24591.0,8727.0,119752.0,119752.0,21.0,2495.0,1514.0,13731.0,13731.0,261.0,30156.0,17172.0,152120.0,152120.0,77.0,9036.0,4661.0,53577.0,53577.0,248.0,26930.0,18005.0,155721.0,155721.0
2007,35380,1,-1,3719,385389.0,2131314.0,2131314.0,259297.0,26769.0,0.0,1729.0,187846.0,126573.0,1078782.0,1078782.0,434.0,48662.0,23688.0,245258.0,245258.0,62.0,6191.0,4954.0,35916.0,35916.0,767.0,82884.0,47255.0,423036.0,423036.0,210.0,23339.0,15574.0,152571.0,152571.0,585.0,64193.0,50991.0,387825.0,387825.0
2007,29180,0,-1,1278,148228.0,794956.0,794956.0,96636.0,6106.0,0.0,549.0,65147.0,44147.0,359340.0,359340.0,140.0,20102.0,8043.0,99432.0,99432.0,20.0,2303.0,1519.0,13539.0,13539.0,207.0,25136.0,14994.0,124355.0,124355.0,93.0,10328.0,7897.0,60296.0,60296.0,231.0,27842.0,19829.0,158228.0,158228.0
2007,26380,0,-1,693,78887.0,425841.0,425841.0,58727.0,3334.0,0.0,278.0,32636.0,22995.0,181462.0,181462.0,63.0,8162.0,4774.0,42102.0,42102.0,9.0,962.0,500.0,4752.0,4752.0,101.0,12153.0,7721.0,62221.0,62221.0,47.0,6305.0,4550.0,37760.0,37760.0,131.0,15378.0,11712.0,83200.0,83200.0
2007,10780,0,-1,863,49797.0,273599.0,273599.0,32968.0,2915.0,0.0,333.0,20858.0,13800.0,121374.0,121374.0,99.0,7868.0,3269.0,40526.0,40526.0,13.0,927.0,805.0,5637.0,5637.0,132.0,7957.0,5010.0,44009.0,44009.0,37.0,2087.0,1513.0,13232.0,13232.0,156.0,10286.0,6900.0,60057.0,60057.0
2007,33740,0,-1,500,52478.0,279224.0,279224.0,33487.0,2211.0,0.0,195.0,22417.0,13898.0,125930.0,125930.0,51.0,6399.0,2251.0,30625.0,30625.0,9.0,716.0,613.0,4887.0,4887.0,68.0,8457.0,4361.0,39829.0,39829.0,36.0,4704.0,2708.0,29044.0,29044.0,79.0,7935.0,6489.0,48918.0,48918.0
2007,25220,0,-1,326,41009.0,220740.0,220740.0,28005.0,2087.0,0.0,123.0,16500.0,11397.0,90990.0,90990.0,33.0,6279.0,2943.0,31166.0,31166.0,4.0,1195.0,585.0,5863.0,5863.0,53.0,7201.0,3953.0,34845.0,34845.0,14.0,1547.0,958.0,10199.0,10199.0,56.0,8420.0,6605.0,48102.0,48102.0
2007,38860,0,-1,1587,216166.0,1234856.0,1234856.0,159691.0,17640.0,0.0,735.0,109067.0,83180.0,666333.0,666333.0,165.0,26603.0,13807.0,142446.0,142446.0,41.0,5694.0,5273.0,37877.0,37877.0,299.0,45091.0,29675.0,247819.0,247819.0,71.0,10791.0,8353.0,74726.0,74726.0,322.0,47961.0,40552.0,304305.0,304305.0
2007,30340,0,-1,313,43089.0,226269.0,226269.0,28891.0,2702.0,0.0,149.0,20484.0,13768.0,113732.0,113732.0,38.0,7561.0,2884.0,36675.0,36675.0,5.0,471.0,384.0,3476.0,3476.0,62.0,9308.0,5487.0,46155.0,46155.0,16.0,2541.0,1874.0,13905.0,13905.0,60.0,7232.0,5898.0,44113.0,44113.0
2007,12620,0,-1,740,69672.0,378799.0,378799.0,51243.0,5895.0,0.0,290.0,29234.0,22155.0,168824.0,168824.0,67.0,8479.0,3781.0,43237.0,43237.0,10.0,1135.0,941.0,7171.0,7171.0,140.0,13612.0,8631.0,67679.0,67679.0,38.0,4133.0,3236.0,28658.0,28658.0,111.0,11546.0,10315.0,69877.0,69877.0
2007,12580,1,-1,9752,960301.0,5906395.0,5906395.0,661444.0,152363.0,0.0,4988.0,520018.0,364112.0,3346733.0,3346733.0,1310.0,153369.0,74682.0,837557.0,837557.0,290.0,29164.0,23737.0,197791.0,197791.0,2019.0,215230.0,135194.0,1230082.0,1230082.0,580.0,59876.0,44839.0,442438.0,442438.0,1907.0,197520.0,147990.0,1345781.0,1345781.0
2007,14460,1,-1,16886,1698461.0,9692082.0,9692082.0,1114528.0,212214.0,0.0,8914.0,952662.0,639769.0,5620354.0,5620354.0,2273.0,254478.0,104009.0,1189950.0,1189950.0,625.0,64717.0,46592.0,388586.0,388586.0,3541.0,404027.0,222342.0,1968145.0,1968145.0,1098.0,110658.0,87084.0,796160.0,796160.0,3570.0,366170.0,278763.0,2389407.0,2389407.0
2007,44140,0,-1,2201,218539.0,1195308.0,1195308.0,137769.0,15830.0,0.0,1138.0,113475.0,73053.0,643875.0,643875.0,250.0,31649.0,12117.0,159289.0,159289.0,58.0,5886.0,5162.0,37486.0,37486.0,463.0,47617.0,27021.0,236821.0,236821.0,133.0,13049.0,9035.0,84747.0,84747.0,418.0,41268.0,28724.0,253333.0,253333.0
2007,39300,1,-1,5981,590341.0,3292326.0,3292326.0,376990.0,49636.0,0.0,3083.0,320282.0,212942.0,1859661.0,1859661.0,702.0,84486.0,32610.0,433205.0,433205.0,158.0,15944.0,11333.0,94841.0,94841.0,1239.0,130808.0,75613.0,667236.0,667236.0,341.0,36500.0,24447.0,244280.0,244280.0,1158.0,119737.0,86944.0,737124.0,737124.0
2007,12700,0,-1,1110,102122.0,607037.0,607037.0,82906.0,8759.0,0.0,462.0,46184.0,36459.0,278517.0,278517.0,53.0,8891.0,5327.0,53027.0,53027.0,20.0,2650.0,2269.0,16974.0,16974.0,217.0,21959.0,15208.0,118680.0,118680.0,52.0,4497.0,4184.0,32211.0,32211.0,157.0,16776.0,14366.0,108172.0,108172.0
2007,38340,0,-1,590,48508.0,278548.0,278548.0,31790.0,4023.0,0.0,280.0,22338.0,15849.0,136395.0,136395.0,62.0,7149.0,3051.0,38804.0,38804.0,21.0,2066.0,1605.0,12401.0,12401.0,104.0,8094.0,4606.0,43894.0,43894.0,30.0,2166.0,1734.0,15056.0,15056.0,113.0,9120.0,7315.0,58757.0,58757.0
2007,29620,0,-1,1757,174635.0,1002672.0,1002672.0,121412.0,15968.0,0.0,822.0,85064.0,61789.0,505771.0,505771.0,241.0,24401.0,12712.0,127565.0,127565.0,32.0,3442.0,3150.0,22717.0,22717.0,353.0,37226.0,23517.0,193929.0,193929.0,117.0,11349.0,8210.0,76445.0,76445.0,298.0,31429.0,26207.0,198211.0,198211.0
2007,19820,1,-1,13641,1641250.0,9573380.0,9573380.0,1224016.0,144948.0,0.0,7129.0,890950.0,664675.0,5358873.0,5358873.0,1666.0,225665.0,117648.0,1194949.0,1194949.0,348.0,40347.0,33311.0,248840.0,248840.0,2822.0,362958.0,247203.0,1962381.0,1962381.0,1007.0,129180.0,97104.0,877974.0,877974.0,2635.0,321192.0,257661.0,2032239.0,2032239.0
2007,22420,0,-1,1716,194910.0,1119076.0,1119076.0,144632.0,11982.0,0.0,809.0,94218.0,69462.0,553088.0,553088.0,207.0,28432.0,16111.0,156560.0,156560.0,24.0,2721.0,2511.0,15446.0,15446.0,313.0,37054.0,24214.0,197831.0,197831.0,122.0,15326.0,12329.0,100547.0,100547.0,286.0,32437.0,24737.0,194582.0,194582.0
2007,24340,0,-1,2446,312993.0,1897680.0,1897680.0,232734.0,44818.0,0.0,1293.0,170670.0,132952.0,1092110.0,1092110.0,398.0,59391.0,34636.0,334616.0,334616.0,60.0,6969.0,6122.0,44172.0,44172.0,463.0,63793.0,44659.0,357200.0,357200.0,226.0,28683.0,22210.0,207871.0,207871.0,483.0,63450.0,53538.0,424557.0,424557.0
2007,40980,0,-1,780,74057.0,426213.0,426213.0,55526.0,4128.0,0.0,385.0,36949.0,27621.0,217330.0,217330.0,88.0,12200.0,6286.0,65820.0,65820.0,9.0,725.0,527.0,4607.0,4607.0,153.0,14836.0,10400.0,80347.0,80347.0,60.0,5357.0,4108.0,34236.0,34236.0,129.0,12208.0,9471.0,73999.0,73999.0
2007,34740,0,-1,623,63118.0,367422.0,367422.0,48923.0,5315.0,0.0,291.0,31622.0,24560.0,192596.0,192596.0,77.0,9984.0,6426.0,55522.0,55522.0,7.0,693.0,693.0,4598.0,4598.0,125.0,13513.0,8747.0,70860.0,70860.0,53.0,5820.0,5290.0,40892.0,40892.0,85.0,9050.0,7677.0,58882.0,58882.0
2007,35660,0,-1,780,61895.0,360299.0,360299.0,46412.0,5662.0,0.0,366.0,29080.0,21309.0,176744.0,176744.0,89.0,7008.0,3824.0,37295.0,37295.0,13.0,893.0,676.0,5262.0,5262.0,155.0,12508.0,8132.0,67530.0,67530.0,61.0,4602.0,3402.0,31525.0,31525.0,118.0,9574.0,7741.0,59948.0,59948.0
2007,11460,0,-1,1120,131530.0,751295.0,751295.0,85585.0,15926.0,0.0,544.0,66900.0,47086.0,404500.0,404500.0,167.0,21550.0,8067.0,101134.0,101134.0,33.0,3951.0,3366.0,26857.0,26857.0,243.0,31175.0,19309.0,165609.0,165609.0,67.0,8872.0,6437.0,63615.0,63615.0,194.0,23285.0,17664.0,150590.0,150590.0
2007,33780,0,-1,536,56575.0,336760.0,336760.0,46162.0,3952.0,0.0,269.0,28181.0,23255.0,174114.0,174114.0,67.0,8526.0,5226.0,46470.0,46470.0,8.0,839.0,620.0,5576.0,5576.0,91.0,9265.0,6664.0,51399.0,51399.0,34.0,3449.0,3237.0,25180.0,25180.0,121.0,12875.0,10939.0,81476.0,81476.0
2007,28020,0,-1,1197,125340.0,735328.0,735328.0,88259.0,12499.0,0.0,575.0,61516.0,46752.0,382650.0,382650.0,151.0,17971.0,8318.0,96610.0,96610.0,26.0,2981.0,2513.0,20584.0,20584.0,244.0,25731.0,18293.0,144168.0,144168.0,92.0,10334.0,7767.0,72748.0,72748.0,203.0,22220.0,17277.0,142414.0,142414.0
2007,12980,0,-1,599,53083.0,303028.0,303028.0,37898.0,4883.0,0.0,270.0,25974.0,18337.0,150736.0,150736.0,65.0,8288.0,3965.0,44477.0,44477.0,6.0,644.0,529.0,3330.0,3330.0,116.0,11621.0,6894.0,57972.0,57972.0,27.0,2646.0,2437.0,18882.0,18882.0,107.0,9900.0,7118.0,60486.0,60486.0
2007,27100,0,-1,535,59324.0,351090.0,351090.0,44251.0,5767.0,0.0,265.0,30213.0,22366.0,185291.0,185291.0,59.0,6970.0,4666.0,39675.0,39675.0,12.0,1235.0,919.0,6909.0,6909.0,107.0,13144.0,9065.0,73782.0,73782.0,38.0,3722.0,2861.0,25764.0,25764.0,98.0,11293.0,8674.0,71340.0,71340.0
2007,41060,0,-1,773,68703.0,419044.0,419044.0,50050.0,11241.0,0.0,397.0,33399.0,27485.0,222494.0,222494.0,99.0,12321.0,7475.0,69266.0,69266.0,18.0,1588.0,1412.0,10653.0,10653.0,148.0,13287.0,9414.0,76780.0,76780.0,64.0,4449.0,4320.0,34282.0,34282.0,149.0,12729.0,10918.0,89364.0,89364.0
2007,33460,1,-1,8221,1179368.0,7159429.0,7159429.0,878920.0,210903.0,0.0,4606.0,681442.0,528196.0,4367061.0,4367061.0,1285.0,205694.0,123004.0,1123566.0,1123566.0,280.0,42762.0,36110.0,287126.0,287126.0,1858.0,285978.0,199075.0,1568984.0,1568984.0,636.0,91818.0,72900.0,663969.0,663969.0,1777.0,258335.0,218644.0,1812105.0,1812105.0
2007,27140,0,-1,1774,172451.0,984722.0,984722.0,118516.0,14649.0,0.0,861.0,87113.0,60401.0,516856.0,516856.0,235.0,26220.0,14155.0,132475.0,132475.0,34.0,3791.0,3039.0,22263.0,22263.0,354.0,35480.0,22767.0,194530.0,194530.0,113.0,12525.0,8563.0,81057.0,81057.0,321.0,32322.0,24199.0,196610.0,196610.0
2007,25060,0,-1,1036,111812.0,617371.0,617371.0,74889.0,5024.0,0.0,452.0,50907.0,33955.0,294911.0,294911.0,123.0,12962.0,6434.0,69802.0,69802.0,14.0,1197.0,781.0,6883.0,6883.0,174.0,19260.0,12173.0,104820.0,104820.0,62.0,7779.0,5563.0,47206.0,47206.0,188.0,21329.0,14235.0,122271.0,122271.0
2007,25620,0,-1,449,44311.0,238764.0,238764.0,28952.0,2276.0,0.0,183.0,19149.0,13007.0,110004.0,110004.0,70.0,8256.0,3533.0,39783.0,39783.0,3.0,243.0,243.0,1563.0,1563.0,86.0,9117.0,5742.0,47164.0,47164.0,28.0,3182.0,2537.0,20220.0,20220.0,61.0,5758.0,4050.0,34590.0,34590.0
2007,44180,0,-1,1437,148860.0,847200.0,847200.0,100698.0,14257.0,0.0,655.0,69800.0,48598.0,416189.0,416189.0,208.0,27806.0,13979.0,147212.0,147212.0,30.0,3007.0,2752.0,20767.0,20767.0,306.0,32393.0,18951.0,170790.0,170790.0,68.0,7767.0,5461.0,51144.0,51144.0,246.0,26576.0,21834.0,172345.0,172345.0
2007,27900,0,-1,725,62780.0,352503.0,352503.0,43037.0,5088.0,0.0,306.0,26600.0,18373.0,156411.0,156411.0,96.0,10909.0,6672.0,61222.0,61222.0,10.0,1343.0,518.0,7776.0,7776.0,135.0,11125.0,6599.0,53993.0,53993.0,56.0,6467.0,4671.0,44631.0,44631.0,110.0,9450.0,6454.0,58066.0,58066.0
2007,17860,0,-1,521,63331.0,368297.0,368297.0,37507.0,8971.0,0.0,239.0,29606.0,19530.0,183478.0,183478.0,89.0,11580.0,4144.0,59722.0,59722.0,12.0,1379.0,829.0,8393.0,8393.0,108.0,13722.0,8007.0,73758.0,73758.0,28.0,3405.0,2166.0,24112.0,24112.0,92.0,11540.0,8393.0,77032.0,77032.0
2007,13740,0,-1,430,53518.0,316458.0,316458.0,39708.0,7853.0,0.0,197.0,23649.0,18254.0,150723.0,150723.0,57.0,8169.0,4803.0,45059.0,45059.0,14.0,1542.0,1436.0,10526.0,10526.0,76.0,10433.0,6993.0,57757.0,57757.0,33.0,3006.0,2565.0,23050.0,23050.0,92.0,10195.0,8680.0,66748.0,66748.0
2007,30700,0,-1,750,105942.0,630353.0,630353.0,68185.0,14741.0,0.0,376.0,55224.0,37192.0,351378.0,351378.0,135.0,24095.0,12377.0,133849.0,133849.0,12.0,1714.0,886.0,9475.0,9475.0,148.0,21866.0,13475.0,124000.0,124000.0,47.0,8139.0,5392.0,58562.0,58562.0,150.0,21616.0,15325.0,143476.0,143476.0
2007,39900,0,-1,1606,154955.0,851874.0,851874.0,94369.0,9969.0,0.0,765.0,77501.0,46506.0,440631.0,440631.0,201.0,24572.0,9585.0,123738.0,123738.0,41.0,3812.0,2953.0,23799.0,23799.0,347.0,35184.0,17341.0,174809.0,174809.0,101.0,11329.0,7263.0,71373.0,71373.0,289.0,28879.0,20271.0,178266.0,178266.0
2007,29820,1,-1,7048,676199.0,3677312.0,3677312.0,396456.0,38048.0,0.0,3574.0,359746.0,210650.0,2034628.0,2034628.0,1189.0,131926.0,55369.0,692229.0,692229.0,160.0,15682.0,10832.0,91754.0,91754.0,1593.0,158860.0,85207.0,816321.0,816321.0,504.0,54537.0,32723.0,344968.0,344968.0,1220.0,122456.0,77845.0,728728.0,728728.0
2007,31700,0,-1,1165,132367.0,756763.0,756763.0,90982.0,14575.0,0.0,642.0,77623.0,55579.0,465538.0,465538.0,148.0,18827.0,9043.0,97574.0,97574.0,30.0,3465.0,2561.0,21206.0,21206.0,251.0,30810.0,20372.0,156992.0,156992.0,83.0,10869.0,7545.0,75365.0,75365.0,230.0,25923.0,20579.0,169077.0,169077.0
2007,35620,1,-1,62529,6765658.0,34978965.0,34978965.0,3650980.0,610112.0,0.0,33129.0,3849296.0,2032163.0,20127811.0,20127811.0,8142.0,965851.0,296661.0,4159363.0,4159363.0,2005.0,224121.0,134670.0,1226131.0,1226131.0,12504.0,1534964.0,628194.0,6488185.0,6488185.0,4572.0,513218.0,311659.0,3264308.0,3264308.0,12654.0,1422076.0,868602.0,8203897.0,8203897.0
2007,47220,0,-1,638,49718.0,279230.0,279230.0,34239.0,2132.0,0.0,301.0,26309.0,17339.0,150253.0,150253.0,81.0,8083.0,2995.0,41525.0,41525.0,7.0,597.0,366.0,3291.0,3291.0,124.0,10815.0,6987.0,56499.0,56499.0,36.0,3491.0,2157.0,21822.0,21822.0,105.0,9163.0,6109.0,53010.0,53010.0
2007,36140,0,-1,510,45725.0,264874.0,264874.0,33797.0,4136.0,0.0,185.0,20675.0,13734.0,122543.0,122543.0,19.0,5568.0,2301.0,29481.0,29481.0,5.0,561.0,272.0,2679.0,2679.0,74.0,7393.0,4206.0,39950.0,39950.0,28.0,4284.0,2774.0,26870.0,26870.0,63.0,7552.0,5644.0,46229.0,46229.0
2007,10900,0,-1,2751,299592.0,1833743.0,1833743.0,218017.0,36982.0,0.0,1394.0,157104.0,115960.0,1006147.0,1006147.0,341.0,45453.0,24305.0,258646.0,258646.0,61.0,6918.0,5424.0,48762.0,48762.0,501.0,56054.0,37468.0,314427.0,314427.0,181.0,20380.0,15431.0,144119.0,144119.0,539.0,61496.0,47350.0,418266.0,418266.0
2007,45940,0,-1,1200,125913.0,753508.0,753508.0,87999.0,17086.0,0.0,633.0,72009.0,50586.0,441926.0,441926.0,138.0,17504.0,8234.0,89899.0,89899.0,40.0,4014.0,2841.0,25489.0,25489.0,208.0,24540.0,14805.0,129771.0,129771.0,88.0,9401.0,6737.0,65334.0,65334.0,270.0,30675.0,23285.0,198899.0,198899.0
2007,12100,0,-1,1054,100733.0,579080.0,579080.0,70196.0,10880.0,0.0,523.0,55133.0,39997.0,330700.0,330700.0,85.0,14295.0,7333.0,74983.0,74983.0,18.0,2576.0,2333.0,16731.0,16731.0,211.0,21060.0,13813.0,111035.0,111035.0,56.0,4963.0,4399.0,34484.0,34484.0,198.0,23196.0,17811.0,146806.0,146806.0
2007,29740,0,-1,581,68642.0,362995.0,362995.0,45567.0,1670.0,0.0,214.0,24775.0,17700.0,141553.0,141553.0,52.0,8887.0,3991.0,42542.0,42542.0,7.0,620.0,479.0,3735.0,3735.0,80.0,10017.0,6491.0,52614.0,52614.0,46.0,6564.0,5010.0,36405.0,36405.0,104.0,12378.0,8863.0,70440.0,70440.0
2007,42140,0,-1,704,60524.0,329346.0,329346.0,42858.0,3058.0,0.0,267.0,25470.0,18507.0,140247.0,140247.0,56.0,6103.0,2177.0,29763.0,29763.0,7.0,451.0,451.0,2199.0,2199.0,146.0,13814.0,8892.0,70557.0,70557.0,22.0,2502.0,2165.0,14495.0,14495.0,109.0,10855.0,8717.0,61974.0,61974.0
2007,22140,0,-1,392,38559.0,209373.0,209373.0,28166.0,1708.0,0.0,131.0,12303.0,8532.0,69567.0,69567.0,41.0,5279.0,1266.0,28489.0,28489.0,1.0,96.0,96.0,768.0,768.0,51.0,4406.0,2794.0,21904.0,21904.0,36.0,3754.0,2310.0,22576.0,22576.0,61.0,6388.0,4787.0,38673.0,38673.0
2007,10740,0,-1,3056,310813.0,1699025.0,1699025.0,212563.0,14949.0,0.0,1433.0,150271.0,102182.0,843375.0,843375.0,440.0,54221.0,26145.0,270367.0,270367.0,61.0,5477.0,4612.0,30751.0,30751.0,683.0,71132.0,44459.0,362242.0,362242.0,185.0,21569.0,13971.0,133951.0,133951.0,500.0,52101.0,38961.0,311598.0,311598.0
2007,45060,0,-1,2867,236223.0,1399437.0,1399437.0,161025.0,24486.0,0.0,1386.0,118137.0,82930.0,731059.0,731059.0,302.0,33720.0,15435.0,187776.0,187776.0,56.0,4678.0,3893.0,29944.0,29944.0,585.0,50918.0,30797.0,276045.0,276045.0,177.0,16488.0,11216.0,117255.0,117255.0,499.0,41022.0,33075.0,270095.0,270095.0
2007,46540,0,-1,1574,113760.0,673294.0,673294.0,78086.0,12183.0,0.0,691.0,49599.0,35289.0,309264.0,309264.0,144.0,14853.0,6742.0,83794.0,83794.0,21.0,1878.0,1248.0,12764.0,12764.0,269.0,19464.0,12105.0,107345.0,107345.0,110.0,7868.0,5526.0,53241.0,53241.0,262.0,18197.0,14091.0,119295.0,119295.0
2007,15380,1,-1,4515,456020.0,2674514.0,2674514.0,305971.0,40839.0,0.0,2193.0,229339.0,156126.0,1385306.0,1385306.0,502.0,65260.0,26079.0,355212.0,355212.0,74.0,7266.0,5840.0,47460.0,47460.0,893.0,96953.0,57987.0,518599.0,518599.0,306.0,31135.0,22379.0,214607.0,214607.0,770.0,78634.0,58445.0,505531.0,505531.0
2007,13780,0,-1,1150,96151.0,564958.0,564958.0,66386.0,10284.0,0.0,524.0,41923.0,29910.0,262288.0,262288.0,119.0,13604.0,6341.0,72844.0,72844.0,24.0,1715.0,1127.0,9655.0,9655.0,210.0,18170.0,11336.0,105339.0,105339.0,71.0,5178.0,3953.0,37087.0,37087.0,217.0,16582.0,13189.0,104546.0,104546.0
2007,40380,0,-1,4506,391125.0,2304064.0,2304064.0,273000.0,38764.0,0.0,2188.0,198332.0,140400.0,1221478.0,1221478.0,505.0,53059.0,23851.0,283731.0,283731.0,110.0,9773.0,9012.0,63849.0,63849.0,889.0,81724.0,51096.0,437968.0,437968.0,279.0,25487.0,19350.0,185594.0,185594.0,837.0,73700.0,57287.0,481839.0,481839.0
2007,10580,0,-1,3326,316998.0,1859852.0,1859852.0,212273.0,32692.0,0.0,1651.0,158528.0,108029.0,964258.0,964258.0,421.0,45947.0,20008.0,248991.0,248991.0,89.0,8276.0,6831.0,52126.0,52126.0,688.0,67456.0,37976.0,361458.0,361458.0,191.0,17719.0,13663.0,127760.0,127760.0,642.0,62623.0,47428.0,397163.0,397163.0
2007,24020,0,-1,706,50687.0,305746.0,305746.0,37095.0,6500.0,0.0,327.0,22914.0,17542.0,146594.0,146594.0,55.0,6688.0,3795.0,39800.0,39800.0,7.0,495.0,495.0,3366.0,3366.0,138.0,9340.0,6361.0,53002.0,53002.0,47.0,3459.0,2442.0,26725.0,26725.0,114.0,8530.0,7219.0,55912.0,55912.0
2007,16740,1,-1,7476,757090.0,4420033.0,4420033.0,521897.0,83337.0,0.0,3861.0,405947.0,283708.0,2476158.0,2476158.0,1150.0,126511.0,67563.0,686806.0,686806.0,214.0,22407.0,17656.0,144188.0,144188.0,1602.0,172753.0,109555.0,942854.0,942854.0,463.0,50054.0,35603.0,346604.0,346604.0,1571.0,162679.0,123030.0,1054530.0,1054530.0
2007,39580,1,-1,3960,388885.0,2311379.0,2311379.0,266687.0,51601.0,0.0,2135.0,221701.0,158615.0,1380893.0,1380893.0,669.0,71147.0,37854.0,373133.0,373133.0,159.0,15597.0,12589.0,100764.0,100764.0,873.0,93263.0,61636.0,523832.0,523832.0,242.0,25197.0,18298.0,172276.0,172276.0,946.0,95199.0,74245.0,627646.0,627646.0
2007,49180,0,-1,2602,241129.0,1361536.0,1361536.0,169012.0,20263.0,0.0,1176.0,114464.0,78630.0,673490.0,673490.0,288.0,32582.0,16278.0,170144.0,170144.0,52.0,4543.0,3910.0,28664.0,28664.0,512.0,48617.0,30287.0,261383.0,261383.0,132.0,15179.0,9451.0,95900.0,95900.0,479.0,46395.0,34236.0,284240.0,284240.0
2007,25860,0,-1,1514,134461.0,749011.0,749011.0,99625.0,8273.0,0.0,605.0,56170.0,41427.0,330495.0,330495.0,139.0,15745.0,8064.0,82942.0,82942.0,30.0,3063.0,2627.0,18687.0,18687.0,250.0,23501.0,16180.0,126429.0,126429.0,78.0,7641.0,5961.0,49612.0,49612.0,261.0,24185.0,18398.0,144099.0,144099.0
2007,27340,0,-1,575,52852.0,292298.0,292298.0,32461.0,2191.0,0.0,244.0,20317.0,15103.0,124684.0,124684.0,98.0,8791.0,3712.0,49127.0,49127.0,8.0,456.0,326.0,2807.0,2807.0,104.0,8823.0,6249.0,49835.0,49835.0,43.0,3388.0,2357.0,22286.0,22286.0,88.0,7680.0,5801.0,48067.0,48067.0
2007,22180,0,-1,1078,114943.0,654013.0,654013.0,69085.0,5715.0,0.0,476.0,55620.0,33837.0,330488.0,330488.0,169.0,18222.0,7130.0,100595.0,100595.0,24.0,2852.0,1503.0,16210.0,16210.0,181.0,21204.0,12324.0,115972.0,115972.0,61.0,7913.0,4048.0,52392.0,52392.0,218.0,25577.0,15766.0,152717.0,152717.0
2007,24660,0,-1,3093,295427.0,1662156.0,1662156.0,196879.0,23310.0,0.0,1365.0,140810.0,91689.0,818674.0,818674.0,340.0,39839.0,19214.0,206746.0,206746.0,57.0,6637.0,5174.0,40057.0,40057.0,586.0,59588.0,35343.0,313422.0,313422.0,158.0,16408.0,11178.0,106664.0,106664.0,557.0,60529.0,41604.0,362821.0,362821.0
2007,20500,0,-1,1709,170980.0,954209.0,954209.0,103107.0,18626.0,0.0,839.0,89346.0,56309.0,523719.0,523719.0,306.0,31741.0,12271.0,150676.0,150676.0,65.0,6028.0,4614.0,38987.0,38987.0,413.0,44640.0,26357.0,236962.0,236962.0,81.0,8480.0,5520.0,57650.0,57650.0,319.0,34533.0,23259.0,212949.0,212949.0
2007,15500,0,-1,583,57278.0,318618.0,318618.0,39346.0,3965.0,0.0,252.0,24322.0,16257.0,142085.0,142085.0,47.0,6253.0,3138.0,33734.0,33734.0,9.0,985.0,985.0,5441.0,5441.0,108.0,10082.0,6357.0,55134.0,55134.0,22.0,2198.0,1316.0,14248.0,14248.0,116.0,12583.0,9509.0,75450.0,75450.0
2007,24140,0,-1,613,43665.0,247335.0,247335.0,28503.0,2171.0,0.0,215.0,15629.0,8819.0,92917.0,92917.0,62.0,4766.0,1847.0,25696.0,25696.0,14.0,874.0,714.0,5246.0,5246.0,82.0,6146.0,3033.0,35063.0,35063.0,28.0,2042.0,935.0,12445.0,12445.0,112.0,7932.0,5474.0,47997.0,47997.0
2007,24780,0,-1,607,63733.0,340787.0,340787.0,34613.0,2930.0,0.0,219.0,24609.0,14740.0,141051.0,141051.0,87.0,9438.0,3284.0,45047.0,45047.0,10.0,910.0,843.0,5568.0,5568.0,99.0,11385.0,5818.0,61544.0,61544.0,27.0,3047.0,1630.0,16889.0,16889.0,99.0,10783.0,7541.0,65511.0,65511.0
2007,40580,0,-1,609,57424.0,316527.0,316527.0,35714.0,2881.0,0.0,229.0,21384.0,12630.0,126153.0,126153.0,68.0,6815.0,2062.0,35207.0,35207.0,6.0,608.0,450.0,3408.0,3408.0,96.0,9186.0,4892.0,50544.0,50544.0,35.0,2701.0,1541.0,17348.0,17348.0,101.0,9328.0,6612.0,56878.0,56878.0
2007,18140,1,-1,6455,661654.0,3900939.0,3900939.0,431603.0,74836.0,0.0,3356.0,364629.0,247943.0,2267325.0,2267325.0,1116.0,134675.0,62045.0,724170.0,724170.0,174.0,18578.0,15117.0,121629.0,121629.0,1419.0,159976.0,95998.0,889508.0,889508.0,443.0,47719.0,33376.0,332703.0,332703.0,1215.0,129071.0,98791.0,860114.0,860114.0
2007,17460,0,-1,8360,814762.0,4861449.0,4861449.0,558291.0,87453.0,0.0,4199.0,435501.0,299795.0,2692059.0,2692059.0,1018.0,109728.0,53369.0,607796.0,607796.0,182.0,17372.0,15273.0,116114.0,116114.0,1767.0,187250.0,115122.0,1028901.0,1028901.0,575.0,57632.0,43653.0,416001.0,416001.0,1426.0,147036.0,107764.0,963362.0,963362.0
2007,44220,0,-1,577,51402.0,294843.0,294843.0,36814.0,3608.0,0.0,258.0,24557.0,17409.0,147416.0,147416.0,68.0,7471.0,3861.0,42782.0,42782.0,11.0,969.0,525.0,4902.0,4902.0,111.0,10417.0,6796.0,58540.0,58540.0,32.0,3290.0,2389.0,22202.0,22202.0,83.0,7866.0,5472.0,46659.0,46659.0
2007,45780,0,-1,2470,238147.0,1408624.0,1408624.0,164427.0,21072.0,0.0,1173.0,116703.0,84148.0,734156.0,734156.0,314.0,36001.0,17101.0,198814.0,198814.0,45.0,4661.0,3833.0,31112.0,31112.0,459.0,45821.0,29885.0,256622.0,256622.0,139.0,13918.0,10622.0,97464.0,97464.0,444.0,42780.0,32086.0,286435.0,286435.0
2007,19380,0,-1,3124,318166.0,1879106.0,1879106.0,211550.0,32949.0,0.0,1500.0,161581.0,107256.0,988000.0,988000.0,439.0,50925.0,23218.0,272310.0,272310.0,54.0,5475.0,4505.0,35809.0,35809.0,660.0,72176.0,44705.0,397448.0,397448.0,196.0,20645.0,15017.0,145764.0,145764.0,499.0,53004.0,36319.0,343381.0,343381.0
2007,49660,0,-1,2485,227309.0,1344770.0,1344770.0,167322.0,17247.0,0.0,1077.0,104933.0,77531.0,644212.0,644212.0,229.0,27702.0,14393.0,156816.0,156816.0,36.0,4040.0,2775.0,23930.0,23930.0,434.0,42622.0,29543.0,234135.0,234135.0,143.0,14541.0,10593.0,101707.0,101707.0,391.0,36804.0,28465.0,235467.0,235467.0
2007,31900,0,-1,474,48190.0,289666.0,289666.0,35519.0,5387.0,0.0,214.0,22362.0,16112.0,139511.0,139511.0,57.0,6657.0,3343.0,37727.0,37727.0,11.0,1304.0,1008.0,9115.0,9115.0,93.0,9612.0,6437.0,51220.0,51220.0,23.0,2161.0,1976.0,16708.0,16708.0,87.0,9708.0,6827.0,65705.0,65705.0
2007,10420,0,-1,2679,275420.0,1636469.0,1636469.0,191192.0,28440.0,0.0,1306.0,137277.0,96946.0,859902.0,859902.0,339.0,44684.0,23261.0,255093.0,255093.0,63.0,5784.0,5046.0,38443.0,38443.0,544.0,60196.0,37217.0,335205.0,335205.0,169.0,16975.0,11988.0,121504.0,121504.0,463.0,47304.0,37704.0,316004.0,316004.0
2007,15940,0,-1,1654,157655.0,948739.0,948739.0,115610.0,14871.0,0.0,812.0,78280.0,59005.0,494942.0,494942.0,194.0,20770.0,11386.0,117904.0,117904.0,25.0,2513.0,1904.0,18082.0,18082.0,336.0,32480.0,21340.0,181894.0,181894.0,85.0,7938.0,6972.0,60450.0,60450.0,303.0,30066.0,23639.0,199064.0,199064.0
2007,36420,1,-1,4420,478696.0,2638290.0,2638290.0,318729.0,23954.0,0.0,1956.0,224475.0,151778.0,1284606.0,1284606.0,653.0,87687.0,41026.0,444970.0,444970.0,67.0,8636.0,5885.0,51660.0,51660.0,824.0,94955.0,58183.0,493251.0,493251.0,281.0,32734.0,21698.0,202607.0,202607.0,736.0,83658.0,62650.0,504544.0,504544.0
2007,38900,1,-1,8003,823063.0,4644071.0,4644071.0,534458.0,83750.0,0.0,4221.0,453424.0,298977.0,2642844.0,2642844.0,1272.0,148038.0,65608.0,727473.0,727473.0,229.0,23157.0,18791.0,145186.0,145186.0,1944.0,211298.0,122778.0,1091991.0,1091991.0,478.0,53037.0,35838.0,355221.0,355221.0,1528.0,159652.0,119759.0,1012725.0,1012725.0
2007,32780,0,-1,749,78683.0,418411.0,418411.0,50288.0,3226.0,0.0,286.0,32362.0,19400.0,177580.0,177580.0,80.0,12510.0,4008.0,58811.0,58811.0,7.0,482.0,309.0,2201.0,2201.0,124.0,14465.0,7472.0,72362.0,72362.0,47.0,6108.0,4288.0,37493.0,37493.0,109.0,10687.0,6662.0,59605.0,59605.0
2007,21660,0,-1,1439,134466.0,712750.0,712750.0,85639.0,6764.0,0.0,610.0,60026.0,39540.0,335019.0,335019.0,172.0,22944.0,8181.0,105903.0,105903.0,27.0,3005.0,2195.0,15609.0,15609.0,293.0,28689.0,16862.0,143074.0,143074.0,58.0,6408.0,4374.0,40654.0,40654.0,234.0,23318.0,17274.0,137877.0,137877.0
2007,13460,0,-1,520,61721.0,348722.0,348722.0,41999.0,3792.0,0.0,241.0,28938.0,20861.0,170722.0,170722.0,64.0,9329.0,4597.0,49926.0,49926.0,8.0,902.0,902.0,6036.0,6036.0,112.0,13579.0,10291.0,72443.0,72443.0,31.0,3998.0,2736.0,27355.0,27355.0,93.0,11180.0,7759.0,69939.0,69939.0
2007,38300,1,-1,9288,931443.0,5516947.0,5516947.0,673222.0,92544.0,0.0,4203.0,448937.0,331124.0,2806985.0,2806985.0,1037.0,114015.0,55489.0,630048.0,630048.0,187.0,19215.0,17138.0,125869.0,125869.0,1763.0,187495.0,121785.0,1044995.0,1044995.0,488.0,54723.0,42375.0,395830.0,395830.0,1557.0,164835.0,132015.0,1083908.0,1083908.0
2007,39740,0,-1,1435,145750.0,908546.0,908546.0,110561.0,17001.0,0.0,718.0,75955.0,57026.0,490955.0,490955.0,181.0,19772.0,11905.0,118544.0,118544.0,35.0,3301.0,2882.0,22905.0,22905.0,253.0,26586.0,18008.0,151356.0,151356.0,94.0,10515.0,6871.0,76744.0,76744.0,296.0,31525.0,26121.0,210362.0,210362.0
2007,44300,0,-1,566,51232.0,291934.0,291934.0,31961.0,6282.0,0.0,245.0,19566.0,15119.0,125699.0,125699.0,66.0,7950.0,3162.0,41239.0,41239.0,8.0,698.0,698.0,4975.0,4975.0,95.0,7719.0,4337.0,42029.0,42029.0,29.0,2060.0,1875.0,15102.0,15102.0,97.0,8403.0,7673.0,58349.0,58349.0
2007,29540,0,-1,1540,181571.0,1108080.0,1108080.0,129548.0,19996.0,0.0,765.0,92352.0,67610.0,591607.0,591607.0,205.0,29384.0,16027.0,171472.0,171472.0,32.0,3077.0,2883.0,21385.0,21385.0,282.0,34880.0,23424.0,198825.0,198825.0,142.0,16774.0,12197.0,119840.0,119840.0,276.0,33213.0,25766.0,221354.0,221354.0
2007,42540,0,-1,2831,245347.0,1480042.0,1480042.0,170059.0,26685.0,0.0,1230.0,109325.0,78345.0,696637.0,696637.0,285.0,27880.0,13367.0,161018.0,161018.0,44.0,3318.0,2492.0,21354.0,21354.0,487.0,43676.0,28572.0,254805.0,254805.0,133.0,12605.0,9402.0,89702.0,89702.0,486.0,42573.0,31768.0,279278.0,279278.0
2007,25420,0,-1,2112,209379.0,1254154.0,1254154.0,148826.0,22190.0,0.0,1026.0,106156.0,76023.0,667879.0,667879.0,249.0,30884.0,16999.0,170177.0,170177.0,41.0,5186.0,4361.0,33711.0,33711.0,431.0,43712.0,26765.0,239887.0,239887.0,129.0,13370.0,9646.0,97161.0,97161.0,368.0,39658.0,32143.0,262836.0,262836.0
2007,27780,0,-1,713,47562.0,281858.0,281858.0,34195.0,4562.0,0.0,300.0,19546.0,15725.0,125284.0,125284.0,71.0,6115.0,3937.0,36508.0,36508.0,9.0,941.0,903.0,6099.0,6099.0,123.0,8364.0,6046.0,48547.0,48547.0,27.0,1882.0,1670.0,13100.0,13100.0,118.0,7549.0,6199.0,51140.0,51140.0
2007,21500,0,-1,1021,102754.0,600230.0,600230.0,73020.0,9032.0,0.0,488.0,49557.0,36326.0,306064.0,306064.0,118.0,13454.0,6356.0,73182.0,73182.0,16.0,1136.0,781.0,7170.0,7170.0,188.0,19744.0,13303.0,107011.0,107011.0,75.0,8979.0,6739.0,61730.0,61730.0,182.0,16847.0,12850.0,109500.0,109500.0
2007,11020,0,-1,508,50284.0,299789.0,299789.0,35505.0,4587.0,0.0,226.0,22363.0,15826.0,138196.0,138196.0,51.0,5861.0,2919.0,37645.0,37645.0,11.0,1038.0,634.0,7809.0,7809.0,91.0,9804.0,6608.0,52819.0,52819.0,22.0,1828.0,1503.0,13264.0,13264.0,86.0,8697.0,6017.0,55964.0,55964.0
2007,30140,0,-1,462,48385.0,290558.0,290558.0,36235.0,5574.0,0.0,216.0,23114.0,17905.0,149501.0,149501.0,59.0,7365.0,4348.0,42692.0,42692.0,7.0,907.0,729.0,5983.0,5983.0,88.0,9039.0,6413.0,53798.0,53798.0,29.0,3414.0,2938.0,23905.0,23905.0,72.0,7730.0,6210.0,50463.0,50463.0
2007,49620,0,-1,1537,161415.0,989874.0,989874.0,125783.0,20191.0,0.0,802.0,83976.0,64597.0,538967.0,538967.0,190.0,21614.0,14522.0,127330.0,127330.0,42.0,4456.0,3795.0,30443.0,30443.0,310.0,33819.0,23141.0,192551.0,192551.0,81.0,8536.0,6727.0,61872.0,61872.0,337.0,34437.0,28605.0,232842.0,232842.0
2007,48700,0,-1,659,46025.0,272261.0,272261.0,33013.0,4176.0,0.0,297.0,21060.0,15442.0,131068.0,131068.0,64.0,5716.0,2871.0,32032.0,32032.0,8.0,749.0,749.0,5344.0,5344.0,116.0,9011.0,5844.0,51335.0,51335.0,36.0,2068.0,1680.0,14529.0,14529.0,113.0,7788.0,5872.0,49584.0,49584.0
2007,20700,0,-1,361,59164.0,361863.0,361863.0,45849.0,5849.0,0.0,193.0,32458.0,26022.0,209385.0,209385.0,30.0,6507.0,3909.0,37613.0,37613.0,4.0,642.0,399.0,3526.0,3526.0,68.0,11322.0,7722.0,65864.0,65864.0,25.0,3986.0,3411.0,29276.0,29276.0,79.0,13625.0,11107.0,89261.0,89261.0
2007,43900,0,-1,1067,101661.0,578710.0,578710.0,75619.0,5897.0,0.0,446.0,43856.0,35311.0,260241.0,260241.0,126.0,12998.0,7180.0,70112.0,70112.0,17.0,1483.0,1304.0,8849.0,8849.0,179.0,18164.0,14587.0,103109.0,103109.0,47.0,4975.0,3425.0,31125.0,31125.0,207.0,20108.0,16097.0,121020.0,121020.0
2007,16700,0,-1,2634,253928.0,1484369.0,1484369.0,170538.0,22970.0,0.0,1094.0,114955.0,76291.0,693357.0,693357.0,370.0,38782.0,19106.0,204833.0,204833.0,61.0,4961.0,4240.0,29663.0,29663.0,506.0,53133.0,32565.0,299092.0,299092.0,130.0,13327.0,9726.0,91045.0,91045.0,434.0,47050.0,32967.0,291347.0,291347.0
2007,24860,0,-1,3753,352642.0,2037237.0,2037237.0,251470.0,33985.0,0.0,1593.0,154146.0,109473.0,938666.0,938666.0,402.0,43552.0,22051.0,236995.0,236995.0,86.0,7539.0,5961.0,48211.0,48211.0,650.0,65737.0,41213.0,356525.0,356525.0,208.0,20061.0,13838.0,141317.0,141317.0,717.0,67038.0,51377.0,426196.0,426196.0
2007,44940,0,-1,394,38552.0,234516.0,234516.0,25290.0,3102.0,0.0,147.0,14841.0,9157.0,94033.0,94033.0,40.0,4842.0,1824.0,26623.0,26623.0,5.0,479.0,277.0,2644.0,2644.0,57.0,5697.0,3275.0,33766.0,33766.0,26.0,2713.0,1626.0,18665.0,18665.0,63.0,6476.0,3941.0,41122.0,41122.0
2007,25940,0,-1,669,64910.0,375211.0,375211.0,45272.0,3717.0,0.0,206.0,22728.0,15088.0,133639.0,133639.0,63.0,8617.0,3222.0,44438.0,44438.0,12.0,1224.0,702.0,7269.0,7269.0,92.0,10050.0,7237.0,53552.0,53552.0,27.0,4054.0,1713.0,24526.0,24526.0,97.0,11323.0,7275.0,68294.0,68294.0
2007,34980,1,-1,6069,604135.0,3521685.0,3521685.0,421821.0,64911.0,0.0,3086.0,322430.0,233560.0,1946651.0,1946651.0,965.0,105066.0,54249.0,552715.0,552715.0,145.0,13726.0,11210.0,88451.0,88451.0,1378.0,151724.0,100176.0,824276.0,824276.0,332.0,34256.0,26285.0,235306.0,235306.0,1171.0,116384.0,92178.0,752130.0,752130.0
2007,28700,0,-1,1526,139056.0,790420.0,790420.0,102204.0,10130.0,0.0,560.0,52098.0,38259.0,313463.0,313463.0,116.0,16061.0,7904.0,91762.0,91762.0,18.0,1529.0,1425.0,10453.0,10453.0,262.0,24691.0,16930.0,138024.0,138024.0,51.0,4271.0,3528.0,28543.0,28543.0,223.0,23043.0,17009.0,139448.0,139448.0
2007,28940,0,-1,3729,359240.0,2042240.0,2042240.0,257008.0,31825.0,0.0,1577.0,160495.0,118469.0,963477.0,963477.0,411.0,48759.0,24782.0,251464.0,251464.0,56.0,4914.0,3692.0,29509.0,29509.0,727.0,76798.0,51253.0,420272.0,420272.0,152.0,15069.0,11738.0,102037.0,102037.0,628.0,62491.0,49792.0,391161.0,391161.0
2007,27180,0,-1,464,43782.0,247835.0,247835.0,28831.0,3664.0,0.0,225.0,23164.0,15024.0,133478.0,133478.0,71.0,8066.0,3784.0,40848.0,40848.0,11.0,1044.0,558.0,6713.0,6713.0,103.0,10318.0,6685.0,53323.0,53323.0,23.0,2410.0,1387.0,16144.0,16144.0,87.0,9463.0,6375.0,58295.0,58295.0
2007,26420,1,-1,17537,1858305.0,10403936.0,10403936.0,1182283.0,180958.0,0.0,9389.0,1050324.0,678186.0,6102733.0,6102733.0,2780.0,331755.0,141680.0,1654817.0,1654817.0,461.0,47040.0,29790.0,285105.0,285105.0,3619.0,415397.0,225784.0,2131140.0,2131140.0,1449.0,168986.0,117434.0,1054559.0,1054559.0,3700.0,400777.0,284562.0,2485329.0,2485329.0
2007,18580,0,-1,1388,138730.0,722749.0,722749.0,85515.0,3413.0,0.0,659.0,69059.0,40629.0,372240.0,372240.0,172.0,19423.0,7727.0,93847.0,93847.0,19.0,1755.0,1348.0,10027.0,10027.0,250.0,25663.0,12309.0,123303.0,123303.0,103.0,11396.0,6691.0,64945.0,64945.0,240.0,25666.0,17406.0,147660.0,147660.0
2007,19100,1,-1,21419,2093208.0,11799192.0,11799192.0,1328005.0,208594.0,0.0,11621.0,1204076.0,782477.0,7036730.0,7036730.0,3632.0,420957.0,171397.0,2088879.0,2088879.0,600.0,58716.0,43448.0,363682.0,363682.0,4586.0,485733.0,268672.0,2501558.0,2501558.0,1659.0,181528.0,126555.0,1159702.0,1159702.0,4600.0,461685.0,333976.0,2897860.0,2897860.0
2007,21340,0,-1,2260,227014.0,1232785.0,1232785.0,147119.0,10513.0,0.0,1157.0,119490.0,80422.0,674470.0,674470.0,329.0,33919.0,13046.0,171312.0,171312.0,47.0,4849.0,2886.0,28081.0,28081.0,297.0,28634.0,17522.0,146309.0,146309.0,286.0,30594.0,20697.0,177287.0,177287.0,469.0,48941.0,33235.0,276976.0,276976.0
2007,12420,1,-1,6026,600936.0,3253852.0,3253852.0,362503.0,48784.0,0.0,3146.0,329852.0,210579.0,1871992.0,1871992.0,1074.0,125657.0,51725.0,604525.0,604525.0,197.0,20114.0,14350.0,121340.0,121340.0,1423.0,151804.0,83394.0,758174.0,758174.0,397.0,43451.0,29223.0,282990.0,282990.0,1226.0,126059.0,92052.0,777588.0,777588.0
2007,31180,0,-1,967,98051.0,508615.0,508615.0,59303.0,3214.0,0.0,441.0,45060.0,28672.0,244304.0,244304.0,160.0,19433.0,8999.0,91899.0,91899.0,17.0,2351.0,1887.0,13702.0,13702.0,174.0,18016.0,9987.0,85283.0,85283.0,57.0,6430.0,4373.0,38972.0,38972.0,166.0,17189.0,11468.0,99177.0,99177.0
2007,41700,1,-1,7361,721904.0,3944554.0,3944554.0,476333.0,44241.0,0.0,3459.0,356658.0,235725.0,2034773.0,2034773.0,964.0,116882.0,48958.0,573179.0,573179.0,131.0,14239.0,10934.0,84692.0,84692.0,1290.0,134528.0,75028.0,682292.0,682292.0,526.0,57925.0,38787.0,358464.0,358464.0,1429.0,146230.0,107278.0,875203.0,875203.0
2007,17780,0,-1,547,61233.0,314021.0,314021.0,28661.0,2838.0,0.0,215.0,25091.0,14843.0,136989.0,136989.0,89.0,10706.0,3848.0,47346.0,47346.0,10.0,1147.0,1051.0,7369.0,7369.0,92.0,11286.0,6311.0,56844.0,56844.0,20.0,2347.0,1604.0,13952.0,13952.0,91.0,10425.0,5818.0,58152.0,58152.0
2007,13140,0,-1,1481,138931.0,749757.0,749757.0,97611.0,5411.0,0.0,661.0,62791.0,42575.0,347310.0,347310.0,146.0,18890.0,8670.0,96050.0,96050.0,21.0,1953.0,1711.0,10989.0,10989.0,259.0,25619.0,15472.0,128478.0,128478.0,94.0,7933.0,6301.0,48633.0,48633.0,266.0,25891.0,18372.0,148002.0,148002.0
2007,11100,0,-1,964,83059.0,430337.0,430337.0,52181.0,3322.0,0.0,427.0,38427.0,25008.0,211892.0,211892.0,137.0,14274.0,6030.0,68627.0,68627.0,14.0,1352.0,683.0,6157.0,6157.0,197.0,17625.0,10617.0,90239.0,90239.0,62.0,5441.0,4217.0,33362.0,33362.0,154.0,14967.0,9651.0,84583.0,84583.0
2007,47380,0,-1,995,81210.0,431461.0,431461.0,49162.0,2979.0,0.0,446.0,36505.0,23272.0,197626.0,197626.0,143.0,15514.0,5833.0,78273.0,78273.0,14.0,1356.0,849.0,6991.0,6991.0,173.0,14478.0,7544.0,72112.0,72112.0,85.0,7269.0,4833.0,42793.0,42793.0,159.0,12457.0,9088.0,69034.0,69034.0
2007,32580,0,-1,1718,203648.0,1020382.0,1020382.0,144140.0,4247.0,0.0,837.0,99410.0,72221.0,534076.0,534076.0,261.0,38275.0,19129.0,188790.0,188790.0,32.0,2870.0,2102.0,17159.0,17159.0,162.0,20596.0,12061.0,102825.0,102825.0,293.0,34621.0,24244.0,183456.0,183456.0,357.0,40952.0,31922.0,216351.0,216351.0
2007,36220,0,-1,455,45168.0,243303.0,243303.0,32468.0,2727.0,0.0,187.0,18126.0,14319.0,106211.0,106211.0,59.0,6958.0,3571.0,34325.0,34325.0,5.0,366.0,366.0,2030.0,2030.0,70.0,6633.0,4704.0,35170.0,35170.0,26.0,2645.0,2107.0,16459.0,16459.0,81.0,8324.0,6774.0,48753.0,48753.0
2007,33260,0,-1,454,45829.0,249079.0,249079.0,31360.0,2669.0,0.0,186.0,20191.0,14901.0,115667.0,115667.0,50.0,6440.0,3145.0,31394.0,31394.0,9.0,796.0,728.0,5379.0,5379.0,65.0,7204.0,4352.0,34052.0,34052.0,26.0,2563.0,2308.0,14840.0,14840.0,87.0,9694.0,7548.0,59608.0,59608.0
2007,46340,0,-1,777,68955.0,372335.0,372335.0,48048.0,3840.0,0.0,333.0,29162.0,20180.0,165104.0,165104.0,86.0,10055.0,4682.0,50314.0,50314.0,11.0,785.0,631.0,4802.0,4802.0,117.0,12457.0,7975.0,63507.0,63507.0,61.0,5042.0,3894.0,29511.0,29511.0,139.0,10907.0,8038.0,65641.0,65641.0
2007,15180,0,-1,1169,116061.0,594016.0,594016.0,78211.0,4028.0,0.0,561.0,55340.0,38824.0,299459.0,299459.0,161.0,18309.0,9987.0,91698.0,91698.0,17.0,1632.0,644.0,6767.0,6767.0,138.0,13286.0,9167.0,66246.0,66246.0,161.0,17148.0,10724.0,94399.0,94399.0,226.0,23560.0,16114.0,127383.0,127383.0
2007,41660,0,-1,450,40910.0,223834.0,223834.0,29566.0,1326.0,0.0,184.0,17956.0,13514.0,101839.0,101839.0,57.0,5708.0,2501.0,29939.0,29939.0,1.0,29.0,29.0,203.0,203.0,74.0,7302.0,5180.0,38721.0,38721.0,32.0,2855.0,2242.0,16688.0,16688.0,66.0,6147.0,4605.0,36866.0,36866.0
2007,29700,0,-1,576,61101.0,300863.0,300863.0,39799.0,1296.0,0.0,320.0,33849.0,21467.0,174203.0,174203.0,92.0,11172.0,5681.0,50989.0,50989.0,13.0,1314.0,793.0,6639.0,6639.0,70.0,7801.0,3650.0,35097.0,35097.0,108.0,11208.0,7593.0,60445.0,60445.0,124.0,13584.0,9476.0,70682.0,70682.0
2007,28660,0,-1,1206,113041.0,623317.0,623317.0,71129.0,4325.0,0.0,543.0,60027.0,38170.0,340345.0,340345.0,196.0,25841.0,10678.0,140544.0,140544.0,23.0,2778.0,2418.0,16555.0,16555.0,197.0,20416.0,11673.0,102020.0,102020.0,71.0,8603.0,5202.0,55407.0,55407.0,238.0,28137.0,18229.0,165046.0,165046.0
2007,48660,0,-1,534,47430.0,249897.0,249897.0,30745.0,1527.0,0.0,231.0,22154.0,14233.0,119339.0,119339.0,80.0,7829.0,4201.0,40495.0,40495.0,8.0,972.0,799.0,5662.0,5662.0,91.0,8478.0,4689.0,39779.0,39779.0,33.0,3506.0,1659.0,20360.0,20360.0,97.0,9288.0,6995.0,53294.0,53294.0
2007,41620,1,-1,3005,326799.0,2008390.0,2008390.0,222211.0,62403.0,0.0,1574.0,177675.0,121638.0,1138866.0,1138866.0,617.0,69640.0,35128.0,385668.0,385668.0,70.0,7091.0,5416.0,43874.0,43874.0,551.0,63676.0,37441.0,352579.0,352579.0,332.0,36027.0,27762.0,264024.0,264024.0,546.0,62135.0,43791.0,408831.0,408831.0
2007,39340,0,-1,1350,129217.0,848889.0,848889.0,90315.0,34373.0,0.0,672.0,62421.0,49366.0,445780.0,445780.0,348.0,34050.0,21001.0,206822.0,206822.0,34.0,3468.0,2904.0,23324.0,23324.0,127.0,12984.0,9299.0,80468.0,80468.0,305.0,26434.0,22048.0,200981.0,200981.0,196.0,18889.0,14597.0,130060.0,130060.0
2007,36260,0,-1,1578,159276.0,1030880.0,1030880.0,122289.0,34058.0,0.0,812.0,79709.0,63992.0,541812.0,541812.0,305.0,34685.0,22284.0,210185.0,210185.0,29.0,2579.0,1847.0,15060.0,15060.0,234.0,25145.0,18077.0,151676.0,151676.0,260.0,24645.0,21328.0,186063.0,186063.0,245.0,22895.0,19048.0,153018.0,153018.0
2007,15540,0,-1,590,79895.0,461836.0,461836.0,54908.0,8465.0,0.0,303.0,42634.0,31518.0,256455.0,256455.0,73.0,12834.0,5317.0,64491.0,64491.0,18.0,1917.0,1630.0,12829.0,12829.0,149.0,22201.0,14444.0,121034.0,121034.0,25.0,2803.0,2372.0,20001.0,20001.0,120.0,16066.0,13102.0,105928.0,105928.0
2007,47260,1,-1,6170,600895.0,3584997.0,3584997.0,386568.0,63143.0,0.0,3062.0,323738.0,209564.0,2001120.0,2001120.0,890.0,101788.0,43885.0,545596.0,545596.0,139.0,12855.0,9495.0,81963.0,81963.0,1211.0,127462.0,77702.0,707311.0,707311.0,340.0,40973.0,25424.0,286458.0,286458.0,1186.0,122986.0,83049.0,798394.0,798394.0
2007,40060,0,-1,4448,416608.0,2559977.0,2559977.0,285858.0,61568.0,0.0,2304.0,226359.0,157048.0,1437637.0,1437637.0,620.0,68401.0,34378.0,374968.0,374968.0,104.0,9340.0,8232.0,66625.0,66625.0,962.0,98518.0,62487.0,560479.0,560479.0,255.0,24822.0,17400.0,184583.0,184583.0,911.0,85821.0,63708.0,576306.0,576306.0
2007,31340,0,-1,950,88805.0,522527.0,522527.0,63481.0,9189.0,0.0,403.0,37198.0,26730.0,232693.0,232693.0,90.0,10640.0,5799.0,63021.0,63021.0,20.0,1760.0,1214.0,10820.0,10820.0,179.0,15524.0,11138.0,91652.0,91652.0,40.0,4462.0,2507.0,30312.0,30312.0,169.0,16484.0,12382.0,101617.0,101617.0
2007,16820,0,-1,703,68613.0,409089.0,409089.0,43728.0,11232.0,0.0,311.0,32884.0,22094.0,202721.0,202721.0,122.0,11235.0,4727.0,59438.0,59438.0,26.0,2141.0,1699.0,14616.0,14616.0,138.0,13865.0,8386.0,74235.0,74235.0,28.0,3229.0,2017.0,22509.0,22509.0,124.0,13436.0,10527.0,91913.0,91913.0
2007,13980,0,-1,676,66588.0,379563.0,379563.0,41001.0,4929.0,0.0,258.0,25722.0,17918.0,158688.0,158688.0,94.0,10799.0,3814.0,55370.0,55370.0,20.0,1895.0,1260.0,11482.0,11482.0,114.0,10753.0,6542.0,62659.0,62659.0,19.0,2345.0,1141.0,15473.0,15473.0,119.0,12809.0,9723.0,78437.0,78437.0
2007,42660,1,-1,12474,1286232.0,7275516.0,7275516.0,828251.0,152084.0,0.0,6708.0,718233.0,475622.0,4205453.0,4205453.0,1943.0,225286.0,94192.0,1106245.0,1106245.0,398.0,40600.0,31494.0,254848.0,254848.0,3042.0,340368.0,197699.0,1711813.0,1711813.0,714.0,76607.0,53482.0,531824.0,531824.0,2560.0,260476.0,193736.0,1691460.0,1691460.0
2007,36500,0,-1,834,91811.0,524844.0,524844.0,60640.0,6841.0,0.0,388.0,46609.0,31836.0,277676.0,277676.0,108.0,16644.0,7151.0,86851.0,86851.0,13.0,1374.0,1063.0,8681.0,8681.0,160.0,20288.0,12668.0,110608.0,110608.0,47.0,5907.0,4500.0,39904.0,39904.0,158.0,18127.0,12773.0,111589.0,111589.0
2007,14740,0,-1,934,88245.0,510568.0,510568.0,61701.0,8601.0,0.0,445.0,42957.0,31448.0,260829.0,260829.0,109.0,12675.0,6829.0,66682.0,66682.0,19.0,1753.0,982.0,9684.0,9684.0,184.0,16902.0,11289.0,91990.0,91990.0,58.0,6145.0,4198.0,42172.0,42172.0,176.0,17249.0,13244.0,107593.0,107593.0
2007,28420,0,-1,767,75532.0,434168.0,434168.0,52759.0,6483.0,0.0,353.0,34314.0,24580.0,208129.0,208129.0,103.0,12556.0,7172.0,67645.0,67645.0,20.0,1726.0,1152.0,11575.0,11575.0,120.0,11979.0,8097.0,66261.0,66261.0,81.0,7974.0,6621.0,52835.0,52835.0,149.0,14706.0,10272.0,88976.0,88976.0
2007,44060,0,-1,1799,175866.0,1042817.0,1042817.0,116527.0,27199.0,0.0,852.0,87207.0,59847.0,540768.0,540768.0,244.0,30831.0,14132.0,170779.0,170779.0,40.0,4688.0,2567.0,28469.0,28469.0,381.0,39305.0,23072.0,209628.0,209628.0,112.0,11281.0,8823.0,82622.0,82622.0,319.0,32680.0,25118.0,218064.0,218064.0
2007,49420,0,-1,661,76053.0,424267.0,424267.0,49316.0,5901.0,0.0,280.0,33408.0,21340.0,193989.0,193989.0,88.0,12021.0,6212.0,67817.0,67817.0,10.0,1604.0,743.0,9867.0,9867.0,94.0,10268.0,5388.0,55346.0,55346.0,69.0,8489.0,5411.0,49172.0,49172.0,113.0,14982.0,10386.0,88369.0,88369.0
2007,13380,0,-1,718,74178.0,397837.0,397837.0,45783.0,5818.0,0.0,280.0,30981.0,20905.0,176935.0,176935.0,96.0,12529.0,4743.0,54944.0,54944.0,18.0,1944.0,1442.0,11135.0,11135.0,116.0,13471.0,7861.0,65142.0,65142.0,29.0,3101.0,2137.0,21110.0,21110.0,116.0,11795.0,8982.0,74024.0,74024.0
2007,34060,0,-1,519,40627.0,231051.0,231051.0,27958.0,4478.0,0.0,190.0,16925.0,12174.0,105642.0,105642.0,66.0,5813.0,2696.0,30640.0,30640.0,6.0,495.0,495.0,3540.0,3540.0,80.0,7476.0,5020.0,41604.0,41604.0,23.0,1814.0,1477.0,14340.0,14340.0,93.0,7914.0,5993.0,50589.0,50589.0
2007,33340,1,-1,3940,590504.0,3307922.0,3307922.0,380795.0,49371.0,0.0,2055.0,319748.0,214622.0,1859125.0,1859125.0,565.0,88336.0,36875.0,443357.0,443357.0,92.0,13678.0,10650.0,82444.0,82444.0,843.0,135250.0,80644.0,687675.0,687675.0,288.0,45108.0,28735.0,302618.0,302618.0,746.0,111559.0,83776.0,694933.0,694933.0
2007,20740,0,-1,628,60357.0,356234.0,356234.0,43098.0,7128.0,0.0,299.0,29703.0,22346.0,184357.0,184357.0,79.0,9055.0,5708.0,53120.0,53120.0,15.0,1677.0,1368.0,10763.0,10763.0,113.0,11110.0,7753.0,59686.0,59686.0,50.0,4673.0,3567.0,34204.0,34204.0,115.0,11051.0,8681.0,72406.0,72406.0
2007,27500,0,-1,514,61474.0,346014.0,346014.0,45295.0,4577.0,0.0,263.0,30924.0,23627.0,183570.0,183570.0,58.0,9702.0,5237.0,47393.0,47393.0,10.0,1250.0,1128.0,6669.0,6669.0,106.0,12843.0,9286.0,71697.0,71697.0,36.0,3854.0,3266.0,25024.0,25024.0,99.0,12359.0,9333.0,74565.0,74565.0
2007,43100,0,-1,454,45752.0,270300.0,270300.0,32452.0,4298.0,0.0,244.0,22773.0,16860.0,140012.0,140012.0,54.0,6343.0,3635.0,35971.0,35971.0,9.0,1123.0,548.0,5327.0,5327.0,100.0,9930.0,6746.0,56093.0,56093.0,34.0,3093.0,2389.0,21504.0,21504.0,91.0,8298.0,6584.0,53480.0,53480.0
2007,48140,0,-1,613,51304.0,302367.0,302367.0,37838.0,6113.0,0.0,314.0,26462.0,20730.0,167599.0,167599.0,74.0,7340.0,3852.0,43438.0,43438.0,10.0,890.0,320.0,5037.0,5037.0,116.0,10486.0,7252.0,59191.0,59191.0,45.0,2848.0,2560.0,20043.0,20043.0,129.0,11147.0,9066.0,75182.0,75182.0
2007,39540,0,-1,515,72935.0,407201.0,407201.0,51040.0,4452.0,0.0,272.0,38826.0,27805.0,224363.0,224363.0,62.0,10688.0,4483.0,53997.0,53997.0,7.0,1226.0,1226.0,7018.0,7018.0,117.0,17144.0,10901.0,89948.0,89948.0,29.0,4152.0,3334.0,26850.0,26850.0,95.0,12861.0,10259.0,77639.0,77639.0
2007,29100,0,-1,361,43429.0,244300.0,244300.0,28815.0,3216.0,0.0,175.0,20515.0,14926.0,126289.0,126289.0,48.0,8337.0,3574.0,41381.0,41381.0,11.0,1030.0,860.0,6757.0,6757.0,80.0,10115.0,6423.0,54323.0,54323.0,25.0,2839.0,2518.0,20516.0,20516.0,65.0,7338.0,5935.0,49124.0,49124.0
2012,0,0,0,324202,25706895.0,153421756.0,149733719.0,17994770.0,1241274.0,1529996.0,120039.0,10288163.0,6986856.0,64244175.0,62329313.0,32024.0,3121302.0,1432667.0,17262397.0,16998336.0,3975.0,363827.0,241530.0,2247958.0,2184880.0,50075.0,4278186.0,2702898.0,24048481.0,23547900.0,18320.0,1605531.0,1081544.0,11136441.0,10667016.0,46391.0,4048826.0,2868629.0,25937034.0,25184782.0
2012,13820,0,0,3997,424515.0,2645650.0,2566901.0,293771.0,27217.0,32253.0,1629.0,194690.0,128718.0,1269499.0,1220847.0,473.0,64997.0,31241.0,359102.0,352801.0,76.0,10283.0,7367.0,66468.0,64337.0,665.0,76682.0,46706.0,445681.0,433066.0,190.0,22501.0,14885.0,168500.0,155979.0,676.0,83193.0,58420.0,565146.0,543604.0
2012,11500,0,0,415,45032.0,272061.0,259134.0,30214.0,962.0,3599.0,145.0,16664.0,10665.0,105233.0,99069.0,44.0,5701.0,2292.0,29946.0,29858.0,3.0,272.0,272.0,1718.0,1718.0,64.0,6650.0,4455.0,38060.0,36476.0,17.0,2262.0,1368.0,18554.0,15672.0,54.0,6332.0,3565.0,38720.0,37444.0
2012,33660,0,0,1386,153085.0,923377.0,907300.0,98568.0,6865.0,7118.0,561.0,67161.0,40988.0,414272.0,408560.0,132.0,20215.0,7094.0,112770.0,110553.0,17.0,2775.0,1988.0,17795.0,17637.0,233.0,26426.0,15158.0,146984.0,145688.0,71.0,8764.0,4439.0,59957.0,58748.0,195.0,25705.0,17489.0,164337.0,161666.0
2012,26620,0,0,1329,154722.0,987619.0,952983.0,106106.0,10876.0,13757.0,592.0,75632.0,51531.0,498113.0,478686.0,176.0,23198.0,10513.0,128663.0,127476.0,24.0,3159.0,2609.0,21922.0,21647.0,265.0,34872.0,22883.0,213501.0,207460.0,62.0,8618.0,4592.0,64201.0,59322.0,215.0,26212.0,19176.0,178421.0,171648.0
2012,12220,0,0,395,54468.0,321774.0,317231.0,34352.0,3897.0,2193.0,150.0,22793.0,16140.0,147283.0,144021.0,54.0,8979.0,4684.0,50037.0,49373.0,8.0,1348.0,632.0,8659.0,8209.0,65.0,9427.0,6589.0,56152.0,55454.0,22.0,3691.0,2424.0,24060.0,23550.0,59.0,9208.0,6347.0,64158.0,62104.0
2012,46220,0,0,737,73203.0,423208.0,413548.0,47431.0,3641.0,3478.0,276.0,28956.0,18153.0,175460.0,171179.0,81.0,9533.0,3010.0,42647.0,42647.0,13.0,1095.0,818.0,6109.0,6109.0,106.0,10548.0,6210.0,61486.0,58983.0,37.0,4156.0,3148.0,28731.0,28573.0,126.0,13160.0,8030.0,76559.0,75371.0
2012,19300,0,0,525,75330.0,443486.0,437227.0,48717.0,1565.0,3286.0,192.0,32173.0,18155.0,198930.0,194342.0,46.0,9499.0,2584.0,48555.0,47907.0,4.0,1328.0,697.0,7836.0,7836.0,76.0,12255.0,6718.0,70459.0,69561.0,27.0,5290.0,1798.0,33062.0,32105.0,74.0,12574.0,8227.0,79803.0,77205.0
2012,19460,0,0,586,58677.0,349626.0,341393.0,41532.0,1673.0,3373.0,231.0,25099.0,17535.0,159358.0,153389.0,46.0,6241.0,3016.0,32720.0,32588.0,5.0,863.0,468.0,5107.0,5107.0,87.0,8980.0,6106.0,52814.0,51428.0,41.0,4618.0,3359.0,33072.0,29969.0,97.0,11342.0,7919.0,68557.0,67614.0
2012,33860,0,0,1278,139474.0,848712.0,829186.0,92317.0,5534.0,8313.0,539.0,59568.0,36764.0,373143.0,365529.0,140.0,21213.0,6516.0,112449.0,111559.0,22.0,2889.0,1376.0,17371.0,16912.0,212.0,23296.0,13417.0,132936.0,130546.0,73.0,7026.0,4397.0,47901.0,47415.0,213.0,25804.0,16826.0,165937.0,162842.0
2012,23460,0,0,392,37875.0,224760.0,220593.0,26035.0,2031.0,1765.0,135.0,15624.0,10183.0,91917.0,90544.0,42.0,4832.0,2361.0,28668.0,28502.0,7.0,555.0,485.0,4547.0,4395.0,60.0,6514.0,4313.0,35353.0,35296.0,16.0,1587.0,966.0,10098.0,10098.0,52.0,5767.0,3561.0,36452.0,35465.0
2012,11260,0,0,1017,156846.0,883829.0,860918.0,102697.0,7426.0,8297.0,525.0,82529.0,55209.0,488921.0,477771.0,152.0,26811.0,12397.0,134473.0,132364.0,21.0,4282.0,2604.0,26997.0,25944.0,222.0,33022.0,20176.0,169150.0,166367.0,80.0,13675.0,8534.0,91402.0,86700.0,187.0,31514.0,22155.0,196129.0,192714.0
2012,46060,0,0,3898,375102.0,2022101.0,1999141.0,230240.0,12258.0,11235.0,1461.0,150353.0,86564.0,850109.0,836629.0,481.0,56654.0,19479.0,264643.0,264029.0,53.0,4617.0,2555.0,25873.0,25873.0,636.0,65655.0,34771.0,333904.0,330711.0,214.0,22662.0,13546.0,141022.0,138805.0,518.0,53265.0,31399.0,314939.0,308865.0
2012,22380,0,0,600,45660.0,240658.0,236479.0,27798.0,1658.0,1628.0,213.0,16755.0,9237.0,90740.0,89374.0,53.0,5462.0,1823.0,28748.0,28322.0,11.0,1160.0,517.0,6178.0,6178.0,83.0,6325.0,3274.0,30157.0,29772.0,49.0,2610.0,1961.0,16850.0,16391.0,88.0,8848.0,5167.0,48040.0,47783.0
2012,38060,1,1,14979,1476755.0,8300519.0,8176182.0,902330.0,61160.0,57952.0,6858.0,738450.0,418125.0,4328568.0,4244200.0,2185.0,251038.0,87713.0,1262543.0,1252733.0,284.0,29324.0,18602.0,176036.0,173889.0,2909.0,315666.0,174868.0,1654324.0,1630498.0,1079.0,117274.0,61874.0,758160.0,738090.0,2355.0,253787.0,150005.0,1575854.0,1541200.0
2012,38060,1,0,345,36939.0,250834.0,241211.0,27967.0,2920.0,4516.0,203.0,23184.0,17352.0,164476.0,155739.0,59.0,7736.0,5559.0,43392.0,42720.0,16.0,2226.0,2157.0,15946.0,14868.0,53.0,7037.0,4981.0,43032.0,40929.0,54.0,6042.0,5238.0,48632.0,45351.0,89.0,9434.0,6565.0,67970.0,64617.0
2012,49740,0,0,725,69980.0,352733.0,351123.0,46543.0,1861.0,606.0,247.0,28213.0,16291.0,157865.0,156624.0,77.0,10417.0,4287.0,54121.0,53926.0,7.0,958.0,382.0,4815.0,4815.0,70.0,7022.0,4292.0,35544.0,34779.0,65.0,7379.0,4575.0,42256.0,42026.0,102.0,13190.0,7066.0,72774.0,72606.0
2012,29420,0,0,861,85681.0,430153.0,428688.0,56326.0,1996.0,905.0,180.0,18868.0,9511.0,101935.0,100765.0,56.0,5699.0,1226.0,26978.0,26925.0,4.0,459.0,322.0,2189.0,2153.0,80.0,9088.0,4777.0,47358.0,47147.0,44.0,3963.0,1410.0,24139.0,23277.0,67.0,7324.0,3920.0,38692.0,38595.0
2012,39140,0,0,752,88669.0,474354.0,470637.0,59213.0,2865.0,1678.0,195.0,23072.0,13374.0,126566.0,125428.0,36.0,6587.0,1745.0,32730.0,32730.0,2.0,157.0,61.0,689.0,689.0,107.0,12100.0,6885.0,63781.0,62871.0,24.0,3706.0,1208.0,22144.0,22144.0,65.0,9943.0,5259.0,54583.0,54583.0
2012,22220,0,0,1411,161919.0,938917.0,913396.0,99506.0,8251.0,9280.0,654.0,77318.0,47392.0,461812.0,447209.0,229.0,31855.0,12901.0,170063.0,168340.0,30.0,3344.0,1700.0,20305.0,19406.0,274.0,32998.0,18227.0,172689.0,168659.0,100.0,12044.0,9001.0,81201.0,77750.0,248.0,28541.0,17093.0,179900.0,173015.0
2012,30780,0,0,2237,260725.0,1511772.0,1486123.0,168939.0,11394.0,10524.0,901.0,118853.0,76572.0,717847.0,704450.0,312.0,40577.0,17920.0,211215.0,210485.0,44.0,5723.0,4445.0,37705.0,36698.0,392.0,54235.0,31900.0,298240.0,293068.0,108.0,14308.0,10164.0,96474.0,95423.0,358.0,45985.0,30551.0,292903.0,286994.0
2012,41940,0,0,6151,600006.0,3209962.0,3155517.0,336826.0,21736.0,21552.0,3326.0,342156.0,180547.0,1813672.0,1787078.0,826.0,97652.0,20933.0,415037.0,413120.0,263.0,26455.0,13902.0,135025.0,133513.0,1163.0,123164.0,56502.0,564899.0,560508.0,376.0,40124.0,16718.0,235865.0,232106.0,1539.0,154215.0,93041.0,867557.0,851554.0
2012,41860,1,1,4886,485244.0,2630366.0,2567855.0,278847.0,17708.0,20333.0,2424.0,260537.0,137382.0,1420563.0,1388244.0,582.0,64361.0,15515.0,266167.0,264183.0,147.0,14203.0,8240.0,83523.0,78534.0,905.0,97618.0,44594.0,455930.0,450658.0,283.0,33767.0,15992.0,200610.0,195717.0,1020.0,106047.0,62477.0,627211.0,607678.0
2012,12540,0,0,2310,251164.0,1355343.0,1340079.0,145762.0,5409.0,4778.0,1092.0,132112.0,72900.0,725497.0,718219.0,342.0,45302.0,16320.0,226584.0,226072.0,40.0,5728.0,1826.0,31210.0,30915.0,339.0,39549.0,21183.0,204155.0,201776.0,279.0,34887.0,17040.0,193664.0,192276.0,393.0,46594.0,25240.0,262452.0,259165.0
2012,42220,0,0,1841,177468.0,946876.0,936067.0,104760.0,4957.0,4522.0,769.0,83751.0,43399.0,451593.0,445013.0,169.0,20506.0,4693.0,91417.0,91417.0,42.0,4648.0,1429.0,23419.0,23419.0,323.0,33443.0,18153.0,164688.0,162661.0,89.0,10309.0,5297.0,62442.0,61155.0,299.0,33553.0,15650.0,181960.0,179397.0
2012,31080,1,1,34413,3188123.0,15408425.0,15218734.0,1467731.0,70565.0,66943.0,17807.0,1761190.0,720465.0,8391291.0,8297118.0,4879.0,518914.0,99502.0,2041684.0,2033911.0,811.0,82799.0,39037.0,409493.0,405796.0,6475.0,662756.0,226960.0,2745413.0,2724905.0,3022.0,294625.0,118398.0,1533352.0,1514926.0,6212.0,609039.0,277998.0,3092438.0,3053538.0
2012,41740,1,1,6724,696327.0,3639840.0,3553449.0,344119.0,23518.0,25755.0,3189.0,348577.0,156406.0,1830523.0,1786678.0,1084.0,133775.0,27215.0,591228.0,586157.0,187.0,20451.0,10907.0,106301.0,105919.0,1366.0,152957.0,61973.0,697702.0,685334.0,441.0,47840.0,18655.0,278743.0,271537.0,1109.0,118218.0,60668.0,677781.0,658986.0
2012,40140,0,0,12721,1258219.0,7241611.0,7110533.0,787350.0,53569.0,50054.0,5906.0,656707.0,389923.0,3893038.0,3814172.0,1567.0,183656.0,68743.0,967535.0,954348.0,240.0,28091.0,15201.0,164075.0,161117.0,1770.0,188796.0,111037.0,1033464.0,1016625.0,1332.0,153172.0,85113.0,947534.0,925154.0,2196.0,249614.0,147219.0,1494639.0,1460273.0
2012,31460,0,0,377,40312.0,220264.0,217352.0,23775.0,851.0,1250.0,161.0,19216.0,10476.0,101331.0,100399.0,47.0,6387.0,2127.0,33173.0,32990.0,6.0,348.0,150.0,1885.0,1885.0,55.0,6817.0,3121.0,33072.0,32882.0,37.0,4889.0,2275.0,26804.0,26804.0,52.0,6223.0,4055.0,34260.0,33798.0
2012,40900,1,1,5354,534019.0,3060709.0,3001364.0,318716.0,25808.0,21918.0,2492.0,267433.0,146058.0,1553854.0,1521883.0,702.0,77909.0,24743.0,387411.0,383910.0,86.0,8596.0,5867.0,52411.0,49972.0,1027.0,109349.0,55607.0,568543.0,560226.0,326.0,37454.0,18066.0,237501.0,231245.0,918.0,96421.0,58677.0,606267.0,590204.0
2012,31080,1,0,8975,930613.0,4985612.0,4877022.0,509186.0,39332.0,38236.0,4601.0,518497.0,257215.0,2722619.0,2669939.0,1189.0,142234.0,30198.0,579279.0,578250.0,298.0,34290.0,18468.0,186416.0,182665.0,1804.0,212970.0,88467.0,941139.0,930482.0,620.0,68947.0,35204.0,410718.0,400331.0,1793.0,198485.0,109002.0,1143439.0,1116977.0
2012,37100,0,0,2749,260127.0,1508331.0,1477316.0,165599.0,13463.0,10272.0,1336.0,136297.0,82913.0,797473.0,780825.0,284.0,33098.0,9602.0,160656.0,160081.0,66.0,5968.0,3720.0,36088.0,35834.0,418.0,45637.0,25606.0,244337.0,239470.0,245.0,24599.0,13704.0,147109.0,145477.0,518.0,50696.0,32155.0,306848.0,299318.0
2012,23420,0,0,2880,285462.0,1557705.0,1536722.0,147325.0,8422.0,7224.0,1367.0,148874.0,70796.0,816785.0,806732.0,403.0,50325.0,13707.0,243322.0,242962.0,41.0,4795.0,1897.0,24594.0,24594.0,440.0,46263.0,20979.0,236061.0,233131.0,334.0,36826.0,13235.0,202391.0,199036.0,438.0,49891.0,25887.0,281263.0,278309.0
2012,40900,1,0,2415,234170.0,1317069.0,1301078.0,136020.0,7700.0,6617.0,1225.0,125632.0,71633.0,724290.0,713289.0,406.0,42451.0,17463.0,220652.0,219210.0,70.0,6493.0,4731.0,40440.0,39943.0,418.0,42612.0,22550.0,225700.0,221791.0,220.0,24450.0,12261.0,147432.0,145191.0,456.0,44430.0,28747.0,267404.0,264342.0
2012,34900,0,0,629,46261.0,261591.0,257486.0,27687.0,1629.0,1642.0,254.0,21047.0,12225.0,122460.0,120818.0,54.0,4747.0,1048.0,22235.0,22235.0,7.0,494.0,211.0,2422.0,2422.0,99.0,7517.0,4175.0,37855.0,37255.0,44.0,3991.0,1712.0,24177.0,24106.0,91.0,8129.0,5379.0,52129.0,51158.0
2012,41860,1,0,10773,1105044.0,5675163.0,5570206.0,564567.0,38060.0,36251.0,5375.0,592398.0,281978.0,3036372.0,2989677.0,1614.0,189107.0,38671.0,768079.0,763711.0,342.0,34573.0,20656.0,190381.0,187639.0,2453.0,284054.0,104731.0,1217053.0,1208018.0,514.0,57144.0,27825.0,355304.0,347394.0,1999.0,205463.0,123365.0,1204922.0,1181798.0
2012,25260,0,0,431,39864.0,214918.0,212207.0,19756.0,873.0,947.0,197.0,19327.0,9858.0,107096.0,105770.0,73.0,8333.0,2270.0,42685.0,42609.0,8.0,681.0,436.0,3984.0,3984.0,58.0,5488.0,2607.0,29011.0,28648.0,44.0,4106.0,1719.0,22647.0,22545.0,79.0,8542.0,3691.0,46488.0,45627.0
2012,44700,0,0,2157,211078.0,1203457.0,1183413.0,120509.0,9431.0,8358.0,1033.0,112004.0,57628.0,640617.0,630078.0,295.0,33653.0,12325.0,178712.0,175309.0,35.0,3997.0,1533.0,21284.0,21219.0,345.0,35861.0,19479.0,186113.0,183468.0,202.0,24401.0,10680.0,145647.0,144465.0,369.0,42492.0,21742.0,251337.0,244793.0
2012,41740,1,0,3214,351183.0,2175637.0,2044828.0,209390.0,19536.0,31636.0,1562.0,191705.0,106203.0,1226198.0,1140061.0,412.0,51325.0,15950.0,274457.0,262412.0,80.0,10719.0,7241.0,68120.0,63667.0,524.0,65400.0,31918.0,399142.0,363198.0,277.0,31329.0,17402.0,204040.0,193384.0,615.0,78075.0,46582.0,504115.0,472455.0
2012,41500,0,0,1556,137508.0,727514.0,716954.0,70015.0,3705.0,3246.0,732.0,70034.0,29446.0,366425.0,362693.0,206.0,21294.0,5612.0,98332.0,98274.0,36.0,3398.0,1392.0,18096.0,18096.0,244.0,23095.0,8765.0,110186.0,109149.0,141.0,13962.0,5569.0,76607.0,75718.0,280.0,27065.0,12358.0,145779.0,144029.0
2012,46700,0,0,1406,137865.0,810060.0,798394.0,81401.0,7067.0,4158.0,667.0,69319.0,36369.0,409456.0,404916.0,173.0,19954.0,6820.0,105326.0,105168.0,23.0,2754.0,978.0,15825.0,15757.0,236.0,23823.0,12606.0,129624.0,129269.0,87.0,8318.0,3271.0,52644.0,50290.0,264.0,29548.0,15764.0,180492.0,178882.0
2012,32900,0,0,767,75684.0,416508.0,413771.0,40406.0,1509.0,1272.0,376.0,38940.0,18033.0,215046.0,213334.0,110.0,14230.0,4900.0,76312.0,76312.0,16.0,2722.0,1135.0,14578.0,14578.0,83.0,8655.0,4360.0,42299.0,42299.0,107.0,10433.0,3771.0,60662.0,59342.0,158.0,16849.0,8416.0,94220.0,93937.0
2012,42020,0,0,901,98507.0,530974.0,523311.0,53006.0,2982.0,3002.0,330.0,40893.0,17870.0,213148.0,210805.0,113.0,13974.0,2426.0,61424.0,61424.0,22.0,2790.0,976.0,13304.0,13304.0,153.0,18747.0,6659.0,87849.0,86222.0,34.0,4826.0,2089.0,29154.0,28794.0,132.0,15794.0,8051.0,89060.0,88704.0
2012,42200,0,0,1403,135752.0,708630.0,697432.0,70445.0,3419.0,4121.0,603.0,62157.0,28495.0,321552.0,318372.0,200.0,20979.0,4053.0,94535.0,94315.0,26.0,1849.0,645.0,9009.0,9009.0,233.0,24322.0,8924.0,113174.0,112468.0,107.0,11350.0,5980.0,62914.0,62148.0,225.0,22373.0,10905.0,120541.0,119182.0
2012,47300,0,0,1428,130382.0,728389.0,721499.0,73413.0,2483.0,3769.0,667.0,69783.0,39491.0,398064.0,393260.0,202.0,24674.0,7428.0,127536.0,127243.0,12.0,1233.0,1112.0,6974.0,6974.0,181.0,18381.0,10998.0,98579.0,98278.0,237.0,23302.0,9779.0,137472.0,135341.0,205.0,22769.0,13850.0,128850.0,126506.0
2012,33700,0,0,1558,163352.0,914259.0,900846.0,88818.0,7465.0,4873.0,792.0,89235.0,45447.0,506368.0,500833.0,212.0,26943.0,9106.0,141966.0,141282.0,25.0,2842.0,1557.0,16414.0,16250.0,245.0,28666.0,14557.0,147456.0,146619.0,170.0,20341.0,8133.0,121358.0,120871.0,284.0,30653.0,16454.0,180917.0,178054.0
2012,42100,0,0,897,90708.0,463556.0,457650.0,51079.0,2283.0,1627.0,390.0,43446.0,21546.0,225091.0,222602.0,90.0,10858.0,982.0,47639.0,47429.0,22.0,2708.0,1478.0,14272.0,14272.0,155.0,17556.0,7834.0,80486.0,79835.0,47.0,5602.0,2022.0,30784.0,30189.0,162.0,17761.0,10679.0,98788.0,97545.0
2012,20940,0,0,433,45855.0,244829.0,242251.0,26393.0,2491.0,655.0,200.0,22441.0,12457.0,123947.0,122838.0,46.0,6999.0,2890.0,35815.0,35363.0,7.0,629.0,265.0,4979.0,4314.0,50.0,5188.0,2610.0,23501.0,23319.0,42.0,4918.0,2698.0,29168.0,29168.0,77.0,8868.0,5221.0,52687.0,51772.0
2012,49700,0,0,615,54802.0,302288.0,299699.0,32819.0,1453.0,1103.0,271.0,25634.0,14138.0,144399.0,142901.0,99.0,9585.0,4029.0,49121.0,49044.0,11.0,1082.0,851.0,6707.0,6707.0,85.0,9058.0,4137.0,44841.0,44801.0,57.0,5527.0,2102.0,32271.0,31401.0,109.0,9513.0,6487.0,56790.0,56349.0
2012,39820,0,0,802,65218.0,355886.0,352997.0,40181.0,1685.0,1514.0,287.0,25611.0,13980.0,142710.0,141711.0,67.0,8112.0,1965.0,39905.0,39840.0,9.0,726.0,385.0,4189.0,4067.0,128.0,10671.0,6060.0,53323.0,53120.0,43.0,4969.0,2072.0,29482.0,29343.0,98.0,8614.0,4780.0,51413.0,50963.0
2012,17020,0,0,915,82931.0,439333.0,435405.0,49139.0,1503.0,1406.0,320.0,30405.0,17270.0,161228.0,158513.0,113.0,10186.0,2402.0,46599.0,46369.0,12.0,1352.0,256.0,6743.0,6743.0,128.0,12326.0,7257.0,61817.0,59515.0,45.0,4588.0,2446.0,24897.0,24897.0,125.0,11737.0,6359.0,63596.0,63183.0
2012,19740,1,0,9714,990306.0,6129542.0,5834970.0,615502.0,66215.0,111925.0,4855.0,532502.0,333312.0,3417324.0,3233064.0,1582.0,185753.0,69704.0,956414.0,936341.0,272.0,28751.0,20843.0,187178.0,179606.0,2162.0,239129.0,135253.0,1300942.0,1260329.0,574.0,64195.0,37478.0,477166.0,443012.0,1776.0,195784.0,136025.0,1391240.0,1297735.0
2012,17820,0,0,2186,244418.0,1566414.0,1493041.0,155985.0,18443.0,28844.0,1060.0,123516.0,78211.0,825322.0,779228.0,372.0,47202.0,15622.0,253428.0,250748.0,44.0,4790.0,3299.0,37004.0,33581.0,437.0,48953.0,30836.0,286308.0,276538.0,150.0,18874.0,11819.0,144488.0,134153.0,389.0,46919.0,29180.0,329250.0,307109.0
2012,22660,0,0,1147,121381.0,760570.0,717150.0,76923.0,8314.0,14398.0,490.0,53794.0,34547.0,364360.0,336309.0,178.0,20274.0,8402.0,107223.0,104982.0,24.0,2487.0,1528.0,12561.0,12409.0,218.0,24525.0,13713.0,138026.0,132721.0,56.0,7148.0,5238.0,61428.0,52864.0,194.0,19618.0,13432.0,141130.0,131441.0
2012,24300,0,0,406,49787.0,289501.0,282836.0,34410.0,1337.0,2849.0,174.0,22458.0,13894.0,132830.0,130328.0,48.0,7044.0,3986.0,36700.0,36700.0,8.0,1079.0,953.0,6721.0,6543.0,86.0,10421.0,6691.0,55294.0,55032.0,17.0,3070.0,2822.0,18628.0,18525.0,56.0,7881.0,4027.0,50694.0,48787.0
2012,19740,1,1,482,44074.0,315551.0,298495.0,35749.0,3996.0,7913.0,228.0,22652.0,17550.0,161230.0,153395.0,26.0,3425.0,1862.0,21976.0,21185.0,12.0,1415.0,878.0,9509.0,9389.0,102.0,10846.0,8082.0,72862.0,70514.0,29.0,2499.0,2119.0,20205.0,18588.0,87.0,8536.0,6578.0,62857.0,59743.0
2012,39380,0,0,669,57734.0,345694.0,338548.0,36606.0,3221.0,3115.0,266.0,25914.0,15190.0,160707.0,157876.0,83.0,8256.0,3657.0,46729.0,46641.0,10.0,925.0,459.0,7204.0,6548.0,112.0,10760.0,6781.0,58556.0,57631.0,44.0,4549.0,1750.0,31488.0,30880.0,83.0,8042.0,5111.0,52837.0,51914.0
2012,25540,0,0,4610,454310.0,2717466.0,2648469.0,303152.0,26547.0,27695.0,2186.0,236926.0,156998.0,1454429.0,1418355.0,520.0,62592.0,25115.0,328721.0,323927.0,132.0,13576.0,9713.0,82091.0,81362.0,837.0,92820.0,52786.0,497083.0,488576.0,287.0,30710.0,21710.0,218717.0,211633.0,835.0,89368.0,65314.0,584525.0,567661.0
2012,14860,0,0,3414,324249.0,2073467.0,1979969.0,222429.0,24680.0,34968.0,1771.0,180452.0,118165.0,1172047.0,1113409.0,348.0,35772.0,12999.0,179187.0,176992.0,90.0,8659.0,6342.0,60685.0,57088.0,607.0,64545.0,35316.0,337108.0,330625.0,247.0,24882.0,17856.0,198118.0,179572.0,759.0,75045.0,54186.0,534781.0,504973.0
2012,35300,0,0,2992,316526.0,1821134.0,1781108.0,199793.0,16817.0,16626.0,1407.0,164519.0,102112.0,966434.0,945794.0,370.0,47346.0,15669.0,230541.0,227961.0,64.0,7533.0,4194.0,42685.0,42025.0,525.0,61948.0,33668.0,308683.0,305615.0,175.0,21686.0,12460.0,145112.0,140546.0,542.0,60986.0,40911.0,384622.0,375018.0
2012,35980,0,0,1133,102920.0,613989.0,599885.0,66914.0,5812.0,6589.0,519.0,51289.0,32002.0,311970.0,304264.0,125.0,14950.0,4534.0,74676.0,74029.0,29.0,2619.0,1579.0,15850.0,15422.0,204.0,20460.0,10784.0,107030.0,104860.0,67.0,6201.0,4457.0,46152.0,43811.0,197.0,19220.0,12714.0,122728.0,120057.0
2012,49340,0,0,3466,332725.0,1976482.0,1933246.0,217184.0,17833.0,19145.0,1743.0,177821.0,115419.0,1099374.0,1071556.0,356.0,41890.0,16861.0,220641.0,217727.0,82.0,8227.0,5970.0,49122.0,48684.0,670.0,68412.0,39187.0,368328.0,358305.0,191.0,20847.0,14699.0,150984.0,146612.0,680.0,68055.0,47028.0,449257.0,437346.0
2012,41540,0,0,1659,138037.0,887174.0,863250.0,102014.0,9365.0,10916.0,537.0,47825.0,32532.0,318493.0,306824.0,120.0,11532.0,5519.0,68193.0,65823.0,23.0,2365.0,1574.0,15858.0,15222.0,215.0,17675.0,11734.0,107399.0,104278.0,53.0,5221.0,2897.0,36408.0,35568.0,239.0,22553.0,16546.0,155533.0,148558.0
2012,37980,1,0,14274,1731353.0,10926460.0,10539162.0,1143125.0,122722.0,155886.0,6726.0,873943.0,580429.0,5718534.0,5480298.0,1866.0,265797.0,98865.0,1403862.0,1385628.0,351.0,42489.0,31940.0,286315.0,276569.0,2629.0,359332.0,203507.0,1974476.0,1933305.0,884.0,110246.0,77379.0,865470.0,797989.0,2433.0,307498.0,226862.0,2193252.0,2092315.0
2012,20100,0,0,564,58760.0,376855.0,368328.0,41413.0,4833.0,4237.0,224.0,25883.0,17999.0,171763.0,167854.0,68.0,8361.0,4844.0,51265.0,50792.0,12.0,876.0,765.0,6525.0,6467.0,74.0,8694.0,6268.0,55622.0,54219.0,39.0,5034.0,3294.0,34982.0,34304.0,91.0,9797.0,6429.0,65969.0,64196.0
2012,47900,1,1,12648,1198479.0,7543504.0,7088235.0,714987.0,84472.0,167414.0,6516.0,666356.0,393689.0,4254057.0,3982917.0,2009.0,218585.0,65872.0,1018966.0,998983.0,389.0,37303.0,24010.0,233275.0,223451.0,2878.0,304278.0,152248.0,1580613.0,1530752.0,735.0,76174.0,48489.0,610111.0,544810.0,2365.0,230880.0,155284.0,1666871.0,1538484.0
2012,33100,1,1,20945,1943165.0,9979453.0,9867226.0,1196507.0,52171.0,46468.0,9477.0,978590.0,547728.0,5093593.0,5037373.0,2301.0,253207.0,78009.0,1114849.0,1111575.0,472.0,48697.0,27805.0,252740.0,249043.0,3894.0,397770.0,203087.0,1815745.0,1802227.0,1029.0,110412.0,59526.0,664479.0,652976.0,3515.0,364879.0,214318.0,2018266.0,1993740.0
2012,45300,1,0,790,65619.0,369307.0,365988.0,51351.0,2214.0,1846.0,223.0,20598.0,14181.0,121703.0,119344.0,64.0,5942.0,2765.0,30957.0,30957.0,6.0,696.0,153.0,3241.0,3241.0,89.0,8215.0,5482.0,45799.0,45124.0,28.0,2730.0,1958.0,19417.0,18625.0,97.0,8813.0,5604.0,52507.0,51751.0
2012,37860,0,0,1784,168411.0,980418.0,964948.0,107922.0,5800.0,6763.0,729.0,74346.0,45660.0,448722.0,440324.0,199.0,22559.0,7851.0,118189.0,117702.0,24.0,2252.0,1157.0,12847.0,12788.0,334.0,34966.0,20235.0,193027.0,191841.0,80.0,7645.0,4821.0,55364.0,51762.0,248.0,23030.0,14581.0,143896.0,140995.0
2012,45300,1,1,12336,1026749.0,5556516.0,5479713.0,647035.0,31188.0,32864.0,5128.0,464981.0,272077.0,2607150.0,2564705.0,1348.0,136811.0,45896.0,643163.0,639492.0,230.0,21896.0,14137.0,128844.0,127787.0,2392.0,218621.0,117639.0,1086549.0,1077072.0,511.0,47953.0,26092.0,313108.0,301545.0,1855.0,168780.0,106514.0,1017923.0,998913.0
2012,36740,1,1,6309,654936.0,3757772.0,3683582.0,384838.0,28881.0,28632.0,3022.0,349175.0,197341.0,2052303.0,2005874.0,939.0,115481.0,37775.0,574814.0,569714.0,122.0,13111.0,6700.0,73012.0,72435.0,1337.0,158411.0,84986.0,831743.0,819688.0,303.0,37079.0,18519.0,254658.0,244985.0,1109.0,124751.0,74567.0,783396.0,762650.0
2012,27260,1,1,3244,320450.0,1811288.0,1786401.0,189322.0,12125.0,9896.0,1462.0,157270.0,90151.0,897482.0,886483.0,454.0,56703.0,18898.0,278317.0,277182.0,62.0,7133.0,4223.0,40307.0,39853.0,725.0,76136.0,41067.0,397659.0,394811.0,132.0,13524.0,7326.0,89901.0,87648.0,462.0,53801.0,31038.0,322617.0,318496.0
2012,15980,0,0,2856,236809.0,1307833.0,1293785.0,160758.0,5425.0,5496.0,978.0,88519.0,48113.0,499980.0,493270.0,268.0,26975.0,9488.0,140841.0,140053.0,34.0,3036.0,1915.0,17095.0,16862.0,433.0,38452.0,21737.0,205555.0,203074.0,122.0,12491.0,4965.0,71411.0,70578.0,345.0,32478.0,18540.0,188958.0,186049.0
2012,36740,1,0,920,93640.0,557327.0,545721.0,72009.0,5416.0,4378.0,259.0,32437.0,21213.0,203808.0,195830.0,57.0,7167.0,3238.0,38657.0,38267.0,5.0,467.0,467.0,2920.0,2920.0,90.0,10208.0,6796.0,57954.0,57238.0,33.0,4612.0,1827.0,28302.0,25823.0,134.0,17377.0,11761.0,111553.0,108371.0
2012,35840,0,0,3244,284643.0,1561498.0,1540740.0,204006.0,7024.0,9236.0,1099.0,104926.0,61960.0,590217.0,579441.0,246.0,24552.0,8702.0,123238.0,121848.0,35.0,3467.0,1832.0,19253.0,18497.0,560.0,52464.0,33234.0,277882.0,273001.0,112.0,11396.0,6987.0,71334.0,69866.0,344.0,33960.0,17965.0,199315.0,195269.0
2012,19660,0,0,2533,224693.0,1288936.0,1273776.0,160538.0,7425.0,6232.0,881.0,86558.0,54872.0,513480.0,505027.0,195.0,21162.0,7658.0,112928.0,112082.0,28.0,3457.0,2286.0,21656.0,21174.0,399.0,40606.0,25471.0,221919.0,220063.0,98.0,9560.0,3992.0,64771.0,62180.0,290.0,29395.0,19020.0,181292.0,178241.0
2012,36100,0,0,1153,128782.0,702407.0,699588.0,95376.0,2699.0,1600.0,310.0,37853.0,23188.0,209903.0,208642.0,79.0,9941.0,3560.0,49492.0,49212.0,12.0,1329.0,921.0,7905.0,7856.0,133.0,15281.0,9686.0,75741.0,75587.0,45.0,6233.0,3138.0,38147.0,37887.0,124.0,15983.0,9371.0,93419.0,92572.0
2012,27260,1,0,1583,163868.0,1033498.0,1008941.0,122489.0,10397.0,9869.0,624.0,75095.0,53521.0,495764.0,482234.0,122.0,16159.0,9704.0,85518.0,84818.0,25.0,3921.0,2326.0,21832.0,21780.0,219.0,25588.0,17765.0,150892.0,148417.0,90.0,11307.0,8347.0,81240.0,79347.0,290.0,35997.0,25491.0,242320.0,234268.0
2012,34940,0,0,1302,117892.0,652111.0,645082.0,87757.0,4887.0,3564.0,415.0,40923.0,26294.0,233950.0,230316.0,92.0,8360.0,2653.0,43650.0,43314.0,13.0,1313.0,295.0,6179.0,6179.0,173.0,16648.0,11792.0,90436.0,88417.0,68.0,6671.0,4477.0,40918.0,40514.0,146.0,15060.0,8378.0,88235.0,87324.0
2012,37340,0,0,2162,210415.0,1243160.0,1224243.0,153432.0,7205.0,7244.0,847.0,88752.0,60979.0,539989.0,532755.0,167.0,19117.0,6409.0,98988.0,98675.0,26.0,2301.0,1477.0,13296.0,13296.0,379.0,39135.0,27687.0,220344.0,219321.0,79.0,11240.0,4971.0,72959.0,72242.0,304.0,30257.0,21481.0,190907.0,186582.0
2012,29460,0,0,2636,215848.0,1206592.0,1190703.0,145335.0,6080.0,6519.0,943.0,84408.0,51930.0,488497.0,480747.0,267.0,26722.0,10570.0,139380.0,139102.0,37.0,3097.0,1950.0,17581.0,17360.0,386.0,34336.0,21299.0,182681.0,181626.0,133.0,13054.0,7400.0,86317.0,83966.0,377.0,33234.0,20389.0,194949.0,191451.0
2012,23540,0,0,970,91576.0,492812.0,486851.0,51515.0,3034.0,2480.0,366.0,36461.0,22236.0,202728.0,200299.0,163.0,16574.0,4502.0,78156.0,77461.0,15.0,1450.0,421.0,8632.0,8176.0,182.0,18510.0,10723.0,92868.0,92457.0,30.0,2755.0,1401.0,18483.0,18074.0,142.0,14018.0,9433.0,84429.0,82984.0
2012,38940,0,0,1513,163732.0,931955.0,921765.0,118242.0,4730.0,4014.0,512.0,64510.0,38610.0,386061.0,380842.0,119.0,15773.0,5979.0,91511.0,89054.0,29.0,2928.0,1649.0,17094.0,16844.0,211.0,26815.0,17695.0,150447.0,148034.0,51.0,7339.0,2821.0,48037.0,47511.0,210.0,25695.0,15496.0,158133.0,156548.0
2012,26140,0,0,526,55661.0,313821.0,312629.0,46961.0,1519.0,675.0,130.0,14797.0,12019.0,84973.0,84467.0,25.0,2246.0,1535.0,12214.0,11954.0,3.0,233.0,126.0,1122.0,1122.0,66.0,8145.0,7014.0,43758.0,43434.0,17.0,2102.0,1033.0,13832.0,13724.0,45.0,4208.0,3247.0,24121.0,24047.0
2012,39460,0,0,741,67167.0,371673.0,369907.0,54237.0,1890.0,1058.0,189.0,19751.0,13159.0,111340.0,110287.0,30.0,4113.0,1368.0,21941.0,21845.0,6.0,662.0,360.0,3956.0,3956.0,86.0,8944.0,5842.0,46509.0,45859.0,17.0,1473.0,803.0,8981.0,8981.0,64.0,7685.0,5278.0,44607.0,44265.0
2012,42680,0,0,580,56011.0,313592.0,310556.0,41293.0,1642.0,1579.0,172.0,20741.0,13255.0,118494.0,117763.0,38.0,5311.0,1487.0,27844.0,27844.0,4.0,241.0,172.0,1411.0,1411.0,84.0,10901.0,6751.0,57029.0,56752.0,17.0,2891.0,1214.0,15624.0,15624.0,55.0,5425.0,4089.0,35049.0,34717.0
2012,12060,1,0,16731,1808345.0,11828364.0,11261711.0,1144968.0,134941.0,207633.0,8576.0,1018555.0,634358.0,6904925.0,6513385.0,2393.0,303655.0,111713.0,1654075.0,1622003.0,405.0,44733.0,32763.0,308463.0,295418.0,3603.0,422659.0,241140.0,2495422.0,2409527.0,1110.0,143791.0,84991.0,1085586.0,1003615.0,3202.0,375903.0,256696.0,2757549.0,2569369.0
2012,23580,0,0,659,59363.0,376720.0,363818.0,39052.0,3701.0,5903.0,280.0,27263.0,18865.0,181850.0,174004.0,62.0,7582.0,3416.0,40994.0,40567.0,8.0,728.0,361.0,5630.0,5218.0,85.0,7374.0,5745.0,47475.0,45829.0,56.0,6518.0,3149.0,39948.0,37787.0,119.0,11861.0,8031.0,80504.0,77363.0
2012,12260,0,0,1895,186099.0,1141608.0,1116651.0,122972.0,10111.0,10714.0,715.0,77671.0,48431.0,493151.0,482421.0,227.0,29307.0,11315.0,167439.0,165861.0,21.0,2938.0,1965.0,21345.0,20289.0,297.0,32014.0,18016.0,184627.0,182667.0,103.0,12960.0,6954.0,83853.0,82165.0,280.0,29254.0,21079.0,197013.0,191257.0
2012,12060,1,1,835,83008.0,591169.0,561961.0,63691.0,8181.0,11891.0,395.0,43974.0,32620.0,330493.0,309582.0,74.0,9508.0,5380.0,57149.0,55778.0,13.0,1517.0,1159.0,11846.0,11576.0,130.0,14797.0,10147.0,95764.0,93467.0,70.0,8314.0,6297.0,69797.0,63877.0,160.0,16944.0,12208.0,129062.0,121165.0
2012,16860,0,0,1948,195681.0,1198093.0,1163214.0,130744.0,10020.0,15109.0,769.0,84712.0,53631.0,540570.0,523917.0,220.0,27135.0,11577.0,153191.0,152000.0,32.0,4059.0,3581.0,27709.0,27278.0,336.0,35669.0,21045.0,202895.0,199997.0,94.0,10981.0,6701.0,85509.0,80006.0,285.0,31897.0,21260.0,207754.0,200782.0
2012,46520,0,0,3062,295736.0,1481741.0,1447474.0,157373.0,8816.0,12158.0,1315.0,140202.0,67626.0,691502.0,675665.0,412.0,50264.0,11117.0,211358.0,210297.0,78.0,9167.0,3995.0,45016.0,44594.0,496.0,55829.0,23932.0,224256.0,220737.0,190.0,19933.0,9362.0,117577.0,115405.0,484.0,51185.0,26378.0,273992.0,268135.0
2012,14260,0,0,1765,234020.0,1426851.0,1386692.0,157800.0,13282.0,19312.0,745.0,110785.0,75131.0,706565.0,686718.0,241.0,38733.0,17103.0,204334.0,202279.0,32.0,4408.0,2786.0,23628.0,23364.0,284.0,40461.0,26962.0,235486.0,231719.0,129.0,20049.0,12770.0,143114.0,137346.0,284.0,44486.0,28321.0,286739.0,277169.0
2012,17660,0,0,397,51864.0,309305.0,305515.0,35724.0,2564.0,2487.0,141.0,23115.0,15570.0,139019.0,137461.0,41.0,7420.0,3405.0,39745.0,39647.0,6.0,629.0,527.0,4054.0,3956.0,68.0,11438.0,7916.0,62660.0,62412.0,23.0,4333.0,1976.0,29590.0,28824.0,48.0,7188.0,5758.0,46108.0,45564.0
2012,16980,1,0,27485,3106917.0,18236958.0,17678413.0,1980502.0,172723.0,219450.0,13704.0,1647779.0,1040373.0,10022135.0,9665786.0,4059.0,533750.0,193517.0,2584745.0,2547558.0,709.0,82855.0,60407.0,528542.0,503705.0,5394.0,653359.0,356964.0,3304138.0,3243345.0,2059.0,260458.0,163937.0,1865818.0,1763961.0,4806.0,572627.0,402970.0,3786054.0,3634191.0
2012,41180,1,0,7029,728395.0,4602853.0,4457984.0,542833.0,47956.0,63269.0,3138.0,356333.0,264246.0,2344637.0,2256029.0,850.0,102611.0,53095.0,579520.0,568698.0,129.0,13144.0,9052.0,88665.0,83955.0,1176.0,135001.0,93724.0,779702.0,763749.0,440.0,50107.0,35682.0,379149.0,354651.0,1235.0,139487.0,107741.0,959225.0,920140.0
2012,16580,0,0,758,78624.0,449268.0,438391.0,42792.0,3337.0,4065.0,301.0,34250.0,21027.0,211650.0,204641.0,140.0,17544.0,5201.0,83515.0,83153.0,10.0,1037.0,478.0,4901.0,4901.0,140.0,13834.0,7479.0,74551.0,73785.0,45.0,6186.0,4333.0,47793.0,43978.0,90.0,10150.0,6883.0,64391.0,62014.0
2012,16980,1,1,2039,216822.0,1494063.0,1438655.0,178101.0,22466.0,25324.0,1146.0,131411.0,108335.0,945569.0,903055.0,240.0,30501.0,21036.0,194577.0,190063.0,53.0,6182.0,5956.0,45300.0,42780.0,355.0,37428.0,28910.0,235363.0,227735.0,230.0,28036.0,21700.0,217296.0,205392.0,432.0,52249.0,45645.0,392295.0,373674.0
2012,44100,0,0,870,80103.0,487483.0,474862.0,57137.0,4707.0,5369.0,395.0,38606.0,27107.0,249712.0,240831.0,122.0,12523.0,5408.0,67750.0,66905.0,16.0,1469.0,1469.0,10070.0,10070.0,192.0,18438.0,12318.0,104931.0,103942.0,39.0,4367.0,2830.0,38777.0,32599.0,132.0,11565.0,9363.0,79707.0,78262.0
2012,19500,0,0,541,44395.0,268072.0,260265.0,30599.0,2430.0,2899.0,234.0,19543.0,12378.0,121129.0,116306.0,63.0,6176.0,2943.0,32729.0,32651.0,9.0,610.0,469.0,3508.0,3508.0,107.0,9149.0,4910.0,49678.0,48138.0,32.0,3171.0,2121.0,20881.0,20199.0,70.0,5790.0,4213.0,37366.0,36567.0
2012,40420,0,0,1184,127876.0,777746.0,764163.0,86973.0,6817.0,7827.0,547.0,63622.0,41737.0,400005.0,390878.0,155.0,19944.0,7862.0,112389.0,111229.0,15.0,2109.0,1683.0,13206.0,13206.0,224.0,24688.0,14316.0,141605.0,138703.0,79.0,10025.0,6334.0,70632.0,67190.0,182.0,22221.0,15636.0,144785.0,142419.0
2012,14010,0,0,729,64129.0,396233.0,383359.0,41945.0,5386.0,6249.0,352.0,30101.0,20302.0,198486.0,190150.0,92.0,9477.0,3822.0,49862.0,49232.0,13.0,1091.0,984.0,7293.0,7049.0,143.0,13002.0,7356.0,75342.0,73017.0,40.0,2873.0,2445.0,22660.0,21627.0,139.0,12159.0,9324.0,81930.0,78078.0
2012,28100,0,0,490,40175.0,243881.0,239406.0,28038.0,1450.0,2336.0,214.0,19976.0,13024.0,122423.0,120964.0,57.0,6002.0,3192.0,33806.0,33465.0,2.0,81.0,81.0,475.0,475.0,82.0,7318.0,4319.0,40788.0,40788.0,43.0,4340.0,3217.0,30088.0,29432.0,72.0,6450.0,3814.0,39172.0,38811.0
2012,26900,1,0,5282,585771.0,3566959.0,3448234.0,362184.0,32881.0,49648.0,2477.0,298458.0,184849.0,1907772.0,1831878.0,844.0,110846.0,43616.0,596364.0,585394.0,109.0,11818.0,8544.0,82496.0,79104.0,1115.0,130942.0,71546.0,733219.0,709916.0,296.0,39068.0,24523.0,287655.0,274157.0,825.0,101163.0,70365.0,705249.0,671740.0
2012,26900,1,1,1143,131805.0,907140.0,864641.0,106127.0,10011.0,17440.0,596.0,73212.0,58511.0,532647.0,501621.0,141.0,19224.0,13837.0,127443.0,125069.0,27.0,3392.0,3085.0,27578.0,25810.0,193.0,22596.0,17557.0,147393.0,141640.0,81.0,8929.0,7549.0,74389.0,68151.0,266.0,34884.0,28018.0,262694.0,247015.0
2012,31140,0,0,5164,472146.0,2891644.0,2789029.0,315598.0,28375.0,40889.0,2324.0,232511.0,148486.0,1473400.0,1410714.0,660.0,74298.0,31985.0,391931.0,384906.0,104.0,9869.0,7424.0,68184.0,66380.0,968.0,97020.0,55430.0,535713.0,517724.0,281.0,28974.0,17840.0,219927.0,200241.0,866.0,87938.0,62674.0,587858.0,568139.0
2012,23060,0,0,1443,135663.0,853677.0,828126.0,93880.0,7300.0,11382.0,663.0,66634.0,46774.0,433825.0,418713.0,229.0,23974.0,12178.0,136060.0,134374.0,26.0,2396.0,2086.0,16066.0,15452.0,278.0,29308.0,17984.0,166147.0,162827.0,97.0,9721.0,7212.0,75583.0,69707.0,225.0,20808.0,16194.0,140904.0,136352.0
2012,33140,0,0,495,42409.0,252085.0,247622.0,29194.0,2033.0,2417.0,213.0,19540.0,12982.0,120086.0,117890.0,53.0,6138.0,2503.0,33776.0,33546.0,4.0,343.0,202.0,2216.0,2216.0,91.0,8731.0,6003.0,49027.0,47947.0,36.0,3498.0,2467.0,24828.0,24533.0,62.0,5429.0,3142.0,34087.0,33532.0
2012,14020,0,0,428,53264.0,296027.0,287374.0,28648.0,2220.0,2850.0,155.0,21529.0,13230.0,130269.0,125205.0,73.0,9552.0,3233.0,43028.0,42918.0,8.0,1262.0,747.0,7206.0,7206.0,81.0,10770.0,5619.0,60541.0,58888.0,10.0,1136.0,688.0,7461.0,7281.0,53.0,8045.0,6019.0,52576.0,49345.0
2012,21140,0,0,583,68322.0,431219.0,419101.0,46059.0,4274.0,5476.0,269.0,32939.0,22039.0,220283.0,212599.0,66.0,9198.0,4243.0,57370.0,55615.0,9.0,834.0,757.0,6650.0,5650.0,78.0,9436.0,4295.0,52538.0,52105.0,61.0,7949.0,5694.0,56242.0,53873.0,118.0,14026.0,10830.0,97600.0,93215.0
2012,29200,0,0,582,66281.0,383681.0,374581.0,36568.0,3134.0,3972.0,226.0,28160.0,18029.0,174743.0,169861.0,105.0,15368.0,6345.0,75913.0,75828.0,11.0,1693.0,1103.0,10956.0,10871.0,107.0,12278.0,5820.0,63309.0,62796.0,29.0,4319.0,3550.0,29529.0,28784.0,69.0,9175.0,6528.0,65308.0,61844.0
2012,34620,0,0,481,45257.0,262366.0,258836.0,27368.0,1348.0,1781.0,192.0,18249.0,11075.0,111343.0,109608.0,45.0,5383.0,2352.0,30213.0,30213.0,3.0,635.0,514.0,5153.0,4943.0,77.0,6874.0,3821.0,37420.0,37420.0,25.0,2505.0,1351.0,15627.0,15342.0,73.0,6973.0,4639.0,47020.0,45912.0
2012,26980,0,0,343,54050.0,317964.0,305745.0,32596.0,4421.0,4947.0,143.0,23155.0,15129.0,147998.0,141124.0,74.0,13671.0,6230.0,65408.0,64124.0,16.0,3526.0,1967.0,21313.0,21040.0,54.0,9756.0,6081.0,50182.0,49683.0,23.0,2260.0,1529.0,18790.0,16553.0,59.0,9640.0,6917.0,67261.0,63096.0
2012,36540,0,0,3300,371423.0,2366084.0,2269503.0,246014.0,25818.0,36044.0,1560.0,191143.0,124236.0,1282193.0,1211769.0,495.0,70313.0,30570.0,397839.0,391468.0,66.0,7491.0,4810.0,50815.0,49897.0,615.0,76424.0,44146.0,433610.0,421268.0,271.0,35404.0,25414.0,268671.0,250122.0,547.0,64619.0,43241.0,476589.0,443975.0
2012,19780,0,0,1797,247841.0,1523505.0,1468480.0,177365.0,15276.0,19952.0,844.0,124840.0,91826.0,799163.0,762482.0,287.0,48285.0,27347.0,268871.0,263337.0,40.0,5573.0,4441.0,38037.0,37278.0,342.0,49850.0,32919.0,280129.0,272136.0,129.0,17259.0,11724.0,125117.0,116354.0,312.0,48992.0,39212.0,339166.0,321202.0
2012,28140,1,0,5569,616847.0,3894494.0,3729261.0,399402.0,38482.0,58163.0,2652.0,315428.0,202834.0,2084978.0,1976155.0,839.0,113371.0,50225.0,618430.0,606536.0,107.0,13157.0,9499.0,84846.0,82175.0,1112.0,130233.0,71923.0,738794.0,717880.0,365.0,42330.0,30539.0,332668.0,306893.0,918.0,113316.0,79221.0,803116.0,752779.0
2012,29940,0,0,266,42900.0,261517.0,248286.0,22386.0,2308.0,4540.0,119.0,19605.0,11964.0,128299.0,121292.0,50.0,7617.0,1478.0,38712.0,36752.0,9.0,2289.0,1793.0,14433.0,14261.0,54.0,8285.0,4264.0,46971.0,44708.0,11.0,1669.0,1016.0,15834.0,13043.0,52.0,9022.0,5967.0,59887.0,58468.0
2012,45820,0,0,940,87392.0,533451.0,513360.0,58327.0,4100.0,6886.0,416.0,41100.0,26712.0,251624.0,243241.0,130.0,12713.0,5928.0,70193.0,69219.0,20.0,1519.0,937.0,8530.0,8401.0,187.0,19333.0,11024.0,104883.0,103229.0,60.0,6154.0,3690.0,43624.0,41342.0,145.0,12750.0,10461.0,86463.0,83239.0
2012,48620,0,0,1843,223890.0,1404467.0,1349342.0,143701.0,15202.0,20444.0,833.0,107672.0,67596.0,699250.0,669191.0,257.0,37278.0,15194.0,216076.0,210653.0,24.0,3226.0,1829.0,20406.0,19246.0,343.0,44997.0,23141.0,248402.0,242540.0,142.0,18537.0,12180.0,140832.0,130378.0,285.0,36726.0,26434.0,249853.0,241840.0
2012,28140,1,1,1830,175140.0,1091957.0,1064404.0,121838.0,10724.0,11258.0,797.0,82042.0,55435.0,532569.0,515408.0,229.0,25274.0,12508.0,152486.0,150427.0,26.0,3336.0,1628.0,19210.0,18958.0,318.0,32887.0,21536.0,192356.0,188553.0,103.0,11165.0,6353.0,82612.0,78608.0,307.0,31003.0,22329.0,208844.0,200880.0
2012,17140,1,1,1616,164608.0,1011952.0,980432.0,111422.0,7862.0,13563.0,737.0,81288.0,55930.0,527588.0,509088.0,220.0,27886.0,13230.0,163053.0,159003.0,29.0,3603.0,2310.0,24439.0,23459.0,323.0,34131.0,21573.0,197472.0,193038.0,104.0,11493.0,7620.0,84142.0,79106.0,261.0,31033.0,22300.0,210069.0,202635.0
2012,36980,0,0,426,41512.0,246105.0,241742.0,29595.0,2106.0,1648.0,173.0,18595.0,12708.0,116504.0,113155.0,48.0,6814.0,4468.0,35831.0,35831.0,7.0,594.0,594.0,3629.0,3629.0,74.0,7861.0,5620.0,43756.0,43179.0,31.0,2550.0,1179.0,16661.0,15909.0,63.0,7628.0,5236.0,51511.0,49608.0
2012,17300,0,0,1070,107619.0,639401.0,625829.0,64995.0,4520.0,5982.0,453.0,49958.0,31049.0,308782.0,301043.0,187.0,23037.0,9630.0,127404.0,126480.0,17.0,2052.0,1354.0,13304.0,13007.0,163.0,17183.0,10127.0,95658.0,94562.0,75.0,8345.0,4415.0,54397.0,51838.0,182.0,21143.0,13564.0,132626.0,130520.0
2012,35380,1,0,1942,179391.0,1077402.0,1056995.0,120095.0,8731.0,9133.0,883.0,90323.0,57019.0,555126.0,544524.0,271.0,30339.0,13990.0,168896.0,168282.0,35.0,3533.0,1622.0,19712.0,19506.0,354.0,35312.0,21417.0,199682.0,196299.0,119.0,12215.0,7657.0,81878.0,81059.0,317.0,33379.0,21834.0,210632.0,205545.0
2012,29180,0,0,1715,192849.0,1082556.0,1064629.0,131842.0,7159.0,6386.0,642.0,79810.0,53396.0,464118.0,454596.0,210.0,29703.0,10873.0,146484.0,146304.0,22.0,4032.0,1678.0,19242.0,19134.0,252.0,30790.0,18680.0,163964.0,161800.0,100.0,13012.0,7592.0,81452.0,80546.0,288.0,36684.0,27251.0,215554.0,211586.0
2012,35380,1,1,3181,281365.0,1561143.0,1527008.0,161001.0,10939.0,12024.0,1380.0,133972.0,73193.0,758115.0,741529.0,495.0,47911.0,14322.0,230166.0,228499.0,46.0,3787.0,2760.0,19749.0,19749.0,712.0,67720.0,30721.0,332209.0,328404.0,122.0,13708.0,6271.0,87673.0,85726.0,439.0,43219.0,28325.0,274572.0,265509.0
2012,43340,0,0,1451,155912.0,891396.0,877223.0,96411.0,5769.0,6765.0,555.0,63994.0,38819.0,389371.0,381227.0,174.0,23741.0,7432.0,118257.0,117642.0,22.0,3272.0,2285.0,19675.0,19675.0,235.0,26383.0,14867.0,144921.0,143332.0,64.0,7447.0,3917.0,51708.0,48854.0,219.0,26803.0,18660.0,172204.0,168494.0
2012,12940,0,0,2453,294143.0,1688350.0,1658547.0,201074.0,11540.0,10049.0,981.0,128918.0,89934.0,764682.0,749824.0,321.0,44826.0,19134.0,218802.0,218359.0,30.0,4472.0,3712.0,27956.0,27942.0,408.0,53029.0,33881.0,283370.0,281608.0,146.0,22183.0,15191.0,134123.0,132824.0,377.0,51258.0,38036.0,317872.0,308199.0
2012,33740,0,0,561,56723.0,315698.0,311090.0,33728.0,1065.0,1978.0,226.0,24111.0,13078.0,134891.0,132871.0,62.0,8044.0,2087.0,37478.0,37478.0,5.0,448.0,167.0,2737.0,2737.0,89.0,10189.0,4728.0,49699.0,49412.0,33.0,3378.0,2053.0,20487.0,20438.0,88.0,9168.0,5558.0,54550.0,53046.0
2012,26380,0,0,743,80965.0,461950.0,457087.0,61821.0,3044.0,3138.0,291.0,33573.0,24942.0,195227.0,192048.0,77.0,8883.0,5561.0,46186.0,45529.0,10.0,1100.0,930.0,5584.0,5584.0,109.0,12924.0,8692.0,69757.0,68158.0,33.0,4672.0,3544.0,29263.0,29061.0,124.0,15089.0,12493.0,86400.0,85303.0
2012,38860,0,0,1433,208486.0,1226431.0,1194047.0,145365.0,9227.0,12815.0,651.0,99932.0,68072.0,603818.0,586933.0,159.0,27420.0,12940.0,141239.0,140376.0,26.0,3460.0,2692.0,21346.0,20940.0,310.0,49249.0,30191.0,264094.0,255880.0,59.0,10244.0,7177.0,72204.0,70159.0,238.0,35625.0,25785.0,226152.0,220423.0
2012,12620,0,0,632,61338.0,347491.0,337652.0,39976.0,2845.0,3722.0,243.0,25490.0,18006.0,165415.0,159441.0,53.0,7740.0,3041.0,38575.0,38386.0,7.0,1029.0,833.0,6519.0,6519.0,125.0,13361.0,8502.0,79653.0,75424.0,17.0,2060.0,1704.0,16149.0,15241.0,94.0,9640.0,7453.0,63693.0,63012.0
2012,30340,0,0,305,43414.0,241567.0,235161.0,28368.0,926.0,1952.0,131.0,20793.0,13270.0,120722.0,115416.0,30.0,5360.0,2232.0,29189.0,27695.0,6.0,1459.0,1398.0,8168.0,8168.0,56.0,8378.0,4595.0,44295.0,41079.0,10.0,1797.0,964.0,11291.0,11291.0,51.0,8491.0,5937.0,50791.0,49513.0
2012,12580,1,1,9766,990941.0,6481011.0,6201224.0,652779.0,72656.0,117442.0,4620.0,503314.0,327375.0,3416084.0,3240408.0,1323.0,159895.0,64747.0,873814.0,857622.0,231.0,24248.0,18112.0,166721.0,159151.0,1912.0,207284.0,121919.0,1210616.0,1180188.0,540.0,61190.0,38084.0,469721.0,435608.0,1648.0,178789.0,126722.0,1329715.0,1238561.0
2012,47900,1,0,8881,835450.0,5808602.0,5416088.0,567244.0,73455.0,146408.0,4890.0,487064.0,321162.0,3438367.0,3189438.0,1289.0,146687.0,57158.0,804981.0,780343.0,331.0,31085.0,21250.0,212804.0,201251.0,1840.0,188803.0,116025.0,1128584.0,1079385.0,653.0,66647.0,45336.0,551422.0,496481.0,1990.0,192687.0,130853.0,1459999.0,1335404.0
2012,14460,1,0,16497,1683203.0,10009195.0,9669219.0,1045082.0,101055.0,130032.0,8109.0,877898.0,545199.0,5360616.0,5177197.0,2257.0,257813.0,81566.0,1254428.0,1234373.0,506.0,54380.0,34776.0,320534.0,314331.0,3172.0,353299.0,177166.0,1780503.0,1740798.0,942.0,102384.0,70410.0,758079.0,719142.0,3165.0,335004.0,236466.0,2244306.0,2159251.0
2012,44140,0,0,2209,212579.0,1222385.0,1190759.0,135470.0,8983.0,11855.0,1048.0,104337.0,67540.0,640591.0,618610.0,268.0,27107.0,9540.0,137825.0,136781.0,44.0,3888.0,2972.0,26027.0,25750.0,389.0,38674.0,23929.0,215285.0,205327.0,130.0,13583.0,7808.0,92563.0,89675.0,401.0,38822.0,26413.0,249262.0,241831.0
2012,39300,1,0,4557,450433.0,2598133.0,2538427.0,284393.0,18084.0,22433.0,2163.0,227784.0,145256.0,1377619.0,1340590.0,538.0,59930.0,23598.0,316589.0,313075.0,93.0,9259.0,6552.0,54505.0,54436.0,883.0,90580.0,50384.0,480751.0,473220.0,233.0,24699.0,17082.0,176159.0,167043.0,758.0,82224.0,55216.0,524083.0,509845.0
2012,38340,0,0,775,51964.0,305197.0,298804.0,35650.0,1281.0,3188.0,313.0,23911.0,17042.0,144906.0,141435.0,58.0,4529.0,1997.0,22917.0,22781.0,13.0,992.0,486.0,5722.0,5722.0,136.0,10601.0,7040.0,60748.0,58653.0,25.0,2114.0,1521.0,16238.0,15543.0,116.0,8466.0,6170.0,51620.0,50955.0
2012,12700,0,0,1101,96077.0,603447.0,588630.0,78673.0,4750.0,6986.0,368.0,37529.0,27884.0,235750.0,231225.0,54.0,5486.0,2931.0,29091.0,28668.0,11.0,1065.0,777.0,7669.0,7281.0,147.0,15150.0,10855.0,82641.0,81758.0,34.0,4377.0,2903.0,28347.0,27797.0,148.0,14497.0,10892.0,99008.0,96422.0
2012,14460,1,1,400,38284.0,203826.0,198557.0,17514.0,1004.0,1040.0,205.0,20920.0,9509.0,115406.0,112011.0,63.0,7143.0,2472.0,37610.0,36830.0,15.0,1562.0,813.0,7824.0,7824.0,84.0,8517.0,3264.0,38931.0,37106.0,28.0,3483.0,1463.0,21553.0,21553.0,61.0,5837.0,2587.0,31904.0,31775.0
2012,19820,1,1,13119,1564998.0,9612776.0,9363021.0,1075543.0,86344.0,110266.0,6162.0,786868.0,524558.0,4986993.0,4836300.0,1440.0,204808.0,86165.0,1116963.0,1102597.0,278.0,34601.0,24597.0,217557.0,210341.0,2392.0,311022.0,193024.0,1752974.0,1723312.0,858.0,115765.0,75549.0,831190.0,797556.0,2267.0,281877.0,200506.0,1889106.0,1814454.0
2012,33780,0,0,523,56252.0,345190.0,340670.0,43104.0,3322.0,2322.0,240.0,25279.0,19035.0,162468.0,160214.0,56.0,6966.0,3428.0,40021.0,38931.0,10.0,1364.0,475.0,7896.0,7810.0,95.0,9770.0,7197.0,57368.0,57070.0,31.0,3767.0,3058.0,27413.0,26856.0,89.0,9746.0,7186.0,63776.0,62464.0
2012,40980,0,0,763,75321.0,462931.0,453384.0,54662.0,4054.0,4560.0,351.0,32741.0,22710.0,205380.0,200594.0,76.0,9544.0,5405.0,57080.0,55481.0,11.0,1568.0,790.0,8460.0,8460.0,144.0,13248.0,8743.0,76417.0,75047.0,50.0,4044.0,2862.0,27695.0,27403.0,114.0,11019.0,7815.0,70653.0,68336.0
2012,24340,0,0,2323,317519.0,2002076.0,1933415.0,227176.0,20796.0,30041.0,1101.0,155867.0,112877.0,1045565.0,1000464.0,367.0,56290.0,28604.0,316489.0,312585.0,42.0,6012.0,4857.0,40569.0,39428.0,383.0,56228.0,35708.0,323451.0,315641.0,220.0,29321.0,22533.0,228423.0,211620.0,401.0,58653.0,44193.0,404732.0,389192.0
2012,11460,0,0,1178,134292.0,824439.0,796474.0,79967.0,10632.0,12671.0,514.0,61231.0,39551.0,403925.0,387834.0,181.0,24155.0,6661.0,120676.0,117788.0,33.0,3572.0,2701.0,24119.0,23732.0,222.0,23898.0,13554.0,135447.0,132067.0,61.0,8227.0,5736.0,60012.0,58211.0,198.0,25041.0,17206.0,175885.0,167143.0
2012,34740,0,0,593,61398.0,366553.0,358449.0,45232.0,3364.0,4226.0,242.0,27698.0,19773.0,171046.0,166654.0,72.0,8940.0,3965.0,51389.0,50920.0,7.0,687.0,477.0,4238.0,4238.0,89.0,10368.0,7051.0,58326.0,56447.0,42.0,5634.0,3286.0,35109.0,34775.0,88.0,9587.0,7413.0,60570.0,59644.0
2012,29620,0,0,1719,176111.0,1060692.0,1035291.0,115576.0,10903.0,12143.0,749.0,81538.0,55997.0,513786.0,498566.0,224.0,26423.0,12393.0,142093.0,141003.0,36.0,3768.0,3021.0,24327.0,24142.0,316.0,35633.0,23042.0,202136.0,199163.0,92.0,9764.0,7128.0,73315.0,69411.0,271.0,28748.0,20547.0,188948.0,181828.0
2012,28020,0,0,1366,144378.0,900163.0,866814.0,102840.0,8315.0,14973.0,587.0,64361.0,45600.0,423460.0,400810.0,161.0,20912.0,8914.0,115007.0,112186.0,26.0,3056.0,2554.0,21106.0,20293.0,250.0,26724.0,16663.0,150132.0,144699.0,79.0,7607.0,5840.0,57419.0,54596.0,210.0,25206.0,19357.0,182556.0,169948.0
2012,27100,0,0,531,58462.0,364484.0,355599.0,41200.0,3474.0,3763.0,220.0,25540.0,16440.0,160824.0,157838.0,65.0,7399.0,3229.0,41141.0,40787.0,7.0,809.0,771.0,6727.0,6538.0,96.0,10966.0,6240.0,66488.0,65408.0,33.0,3413.0,2498.0,23808.0,23204.0,68.0,7854.0,5132.0,49234.0,48468.0
2012,35660,0,0,662,57801.0,347007.0,337667.0,41076.0,2444.0,3976.0,276.0,25826.0,17736.0,161151.0,155006.0,61.0,7605.0,3214.0,40319.0,40289.0,12.0,1409.0,1211.0,8012.0,7982.0,110.0,9180.0,5792.0,55277.0,52801.0,41.0,3495.0,2569.0,26274.0,25128.0,98.0,10817.0,7934.0,64782.0,62428.0
2012,33460,1,1,2861,451217.0,3047887.0,2857329.0,329208.0,36873.0,66374.0,1452.0,243137.0,178492.0,1744569.0,1606336.0,431.0,79422.0,40937.0,449800.0,440376.0,84.0,15207.0,11929.0,102913.0,100527.0,557.0,95554.0,63987.0,610268.0,561082.0,221.0,38563.0,28301.0,307612.0,284535.0,556.0,90910.0,71052.0,687528.0,635031.0
2012,33460,1,0,6072,857089.0,5463711.0,5192761.0,581804.0,63924.0,105252.0,2965.0,448397.0,316464.0,3019307.0,2845792.0,963.0,166950.0,75480.0,916621.0,885172.0,161.0,24030.0,18641.0,166843.0,158883.0,1267.0,192715.0,120349.0,1098040.0,1055123.0,412.0,61510.0,43244.0,479345.0,442110.0,1092.0,165290.0,129125.0,1223103.0,1140161.0
2012,27140,0,0,2156,218119.0,1281483.0,1261937.0,143224.0,9634.0,9762.0,907.0,99957.0,62188.0,597818.0,588232.0,242.0,31417.0,12162.0,166165.0,162574.0,32.0,3685.0,2058.0,20312.0,20198.0,364.0,37333.0,21662.0,204952.0,202198.0,143.0,19210.0,10869.0,127974.0,124804.0,315.0,35987.0,24379.0,215954.0,212743.0
2012,25060,0,0,1093,122748.0,699948.0,690329.0,77326.0,5783.0,4668.0,444.0,57427.0,33472.0,327535.0,323019.0,155.0,20178.0,6912.0,99070.0,98746.0,12.0,1823.0,1536.0,9040.0,8962.0,200.0,24684.0,12488.0,128338.0,126060.0,62.0,9235.0,5704.0,59380.0,58762.0,145.0,19774.0,12255.0,115248.0,114672.0
2012,32820,0,0,4349,440255.0,2694121.0,2620334.0,271177.0,27613.0,30301.0,2015.0,227085.0,133928.0,1422362.0,1376131.0,577.0,76004.0,25894.0,393799.0,389216.0,60.0,7434.0,4716.0,46880.0,45687.0,863.0,95190.0,52947.0,541376.0,530439.0,268.0,33343.0,16867.0,233146.0,219457.0,690.0,78379.0,51286.0,514413.0,495655.0
2012,41180,1,1,3095,356203.0,1956367.0,1921793.0,210815.0,12435.0,13308.0,1384.0,174073.0,97592.0,990735.0,969062.0,472.0,64602.0,25066.0,334220.0,329464.0,54.0,6808.0,4747.0,43165.0,40109.0,688.0,83013.0,42628.0,418161.0,413833.0,145.0,19725.0,10518.0,130866.0,126487.0,406.0,54603.0,35434.0,340915.0,329271.0
2012,27900,0,0,704,66626.0,399042.0,388011.0,44509.0,3422.0,4244.0,275.0,27130.0,18061.0,170401.0,164303.0,92.0,10496.0,5040.0,59249.0,58646.0,7.0,472.0,472.0,3566.0,3408.0,105.0,10790.0,5993.0,57488.0,55993.0,49.0,5527.0,4221.0,42272.0,40419.0,100.0,9320.0,6934.0,61928.0,59286.0
2012,27620,0,0,604,57058.0,349086.0,342207.0,41651.0,4061.0,2978.0,260.0,24737.0,18733.0,159908.0,155116.0,75.0,8389.0,5689.0,51708.0,49920.0,11.0,1419.0,930.0,8995.0,8328.0,91.0,9130.0,6117.0,52166.0,51523.0,38.0,3841.0,3349.0,28079.0,26599.0,116.0,9734.0,7600.0,64151.0,61482.0
2012,44180,0,0,1356,154902.0,905713.0,885000.0,97252.0,6347.0,8706.0,557.0,69527.0,45826.0,428342.0,418243.0,205.0,24911.0,10061.0,136909.0,134908.0,17.0,2126.0,1558.0,12853.0,12007.0,251.0,31494.0,19237.0,178816.0,174964.0,70.0,7736.0,5049.0,54264.0,52488.0,192.0,24560.0,17155.0,155028.0,151216.0
2012,41140,0,0,543,42952.0,265365.0,257858.0,27931.0,3051.0,2857.0,232.0,18927.0,12445.0,127767.0,122793.0,62.0,4953.0,2810.0,30979.0,29956.0,4.0,316.0,316.0,2108.0,2055.0,107.0,9302.0,5340.0,56281.0,55388.0,38.0,2574.0,1884.0,20853.0,20142.0,77.0,6305.0,4392.0,42578.0,40373.0
2012,17860,0,0,468,65233.0,395747.0,381829.0,36441.0,3910.0,5549.0,207.0,30250.0,18694.0,196963.0,186534.0,83.0,13639.0,4469.0,75394.0,73859.0,11.0,1624.0,1094.0,12158.0,10450.0,96.0,13662.0,8184.0,81788.0,78578.0,18.0,2615.0,1605.0,20199.0,18480.0,73.0,10998.0,7491.0,76944.0,71661.0
2012,30700,0,0,765,113069.0,700516.0,666493.0,67353.0,7453.0,12310.0,354.0,53592.0,34477.0,351996.0,335713.0,138.0,23087.0,9830.0,122576.0,120894.0,18.0,2564.0,1799.0,15649.0,15334.0,138.0,21806.0,12090.0,119876.0,117685.0,53.0,8227.0,5518.0,68040.0,61810.0,137.0,19253.0,13581.0,135089.0,129345.0
2012,29820,1,1,7270,704057.0,3835366.0,3783188.0,368422.0,25506.0,25093.0,3477.0,369247.0,177072.0,2055324.0,2028935.0,1062.0,124681.0,37467.0,632843.0,627015.0,134.0,14490.0,6411.0,79611.0,78465.0,1537.0,159368.0,74051.0,806076.0,798708.0,526.0,60058.0,24457.0,368532.0,361996.0,1120.0,119151.0,60550.0,693673.0,683085.0
2012,39900,0,0,1714,160104.0,888550.0,868708.0,90642.0,6187.0,8531.0,733.0,75672.0,38691.0,422141.0,411059.0,213.0,24510.0,6763.0,115573.0,114301.0,21.0,1879.0,1285.0,12292.0,12196.0,307.0,30735.0,14535.0,149589.0,147425.0,97.0,11496.0,5343.0,70569.0,67552.0,279.0,28947.0,14863.0,166441.0,163074.0
2012,31700,0,0,1211,133966.0,791144.0,769498.0,89204.0,8422.0,8554.0,580.0,70463.0,47580.0,423731.0,414337.0,158.0,19815.0,8827.0,102542.0,102352.0,32.0,3854.0,3090.0,25998.0,25328.0,234.0,29783.0,17088.0,149137.0,147708.0,58.0,7472.0,4304.0,51268.0,49686.0,236.0,27662.0,22180.0,186532.0,182046.0
2012,35620,1,0,32655,3715843.0,17196908.0,16872326.0,1418954.0,88140.0,121929.0,16141.0,1970463.0,694896.0,9131797.0,8977336.0,5031.0,650318.0,100692.0,2482004.0,2469781.0,830.0,98622.0,40574.0,470761.0,463570.0,6719.0,854146.0,246732.0,3225156.0,3192213.0,2251.0,271110.0,103101.0,1546144.0,1509139.0,5372.0,637590.0,261852.0,3259394.0,3196011.0
2012,35620,1,1,31437,3168587.0,19316076.0,18705395.0,2139560.0,211319.0,262710.0,15804.0,1715606.0,1117675.0,10549436.0,10197981.0,3103.0,376480.0,140632.0,1821936.0,1798549.0,954.0,101518.0,66774.0,597732.0,586649.0,4923.0,555774.0,296902.0,2810988.0,2765564.0,2322.0,251823.0,176437.0,1822505.0,1730361.0,6688.0,712964.0,504874.0,4665449.0,4488815.0
2012,45940,0,0,1151,127431.0,791577.0,757297.0,83157.0,8856.0,12467.0,565.0,67976.0,43415.0,427486.0,409043.0,129.0,16961.0,6727.0,86398.0,85940.0,37.0,4834.0,2757.0,28379.0,28286.0,206.0,25200.0,14095.0,135600.0,132215.0,71.0,8551.0,4865.0,62467.0,58698.0,228.0,26909.0,19046.0,183837.0,174516.0
2012,37980,1,1,4962,440589.0,2894891.0,2808320.0,330630.0,42061.0,40312.0,2408.0,234145.0,176978.0,1594064.0,1541091.0,549.0,54191.0,28456.0,307830.0,304509.0,125.0,13062.0,9678.0,85042.0,83511.0,825.0,80756.0,53985.0,470993.0,463286.0,325.0,36880.0,27895.0,278244.0,265652.0,940.0,89040.0,71975.0,644061.0,617589.0
2012,36140,0,0,599,43104.0,263177.0,255538.0,31225.0,2499.0,2962.0,196.0,18517.0,11689.0,112816.0,108597.0,43.0,4542.0,1812.0,25622.0,24461.0,6.0,615.0,498.0,4238.0,4130.0,92.0,8776.0,5001.0,46255.0,44734.0,19.0,1695.0,1246.0,12264.0,12095.0,65.0,6455.0,4256.0,43240.0,41349.0
2012,12100,0,0,1004,92581.0,547756.0,532260.0,60771.0,4338.0,7303.0,437.0,46169.0,28745.0,276170.0,268174.0,92.0,11580.0,3393.0,52590.0,52515.0,22.0,3310.0,1091.0,19935.0,19779.0,169.0,16646.0,9481.0,85398.0,84578.0,58.0,6700.0,4550.0,45201.0,43046.0,152.0,16026.0,10306.0,106671.0,102341.0
2012,10900,0,0,2624,305498.0,1940928.0,1880232.0,213407.0,23238.0,21957.0,1266.0,158285.0,110535.0,1042246.0,1007931.0,294.0,39977.0,18509.0,224969.0,223750.0,59.0,6579.0,5738.0,46116.0,45527.0,462.0,60673.0,39315.0,345001.0,338636.0,137.0,15818.0,10764.0,126973.0,119153.0,518.0,64371.0,47521.0,452603.0,437130.0
2012,42140,0,0,796,60305.0,332454.0,326781.0,39388.0,1197.0,2900.0,237.0,22409.0,10988.0,118570.0,116804.0,61.0,5595.0,964.0,24153.0,24153.0,3.0,169.0,115.0,737.0,737.0,136.0,13874.0,5303.0,69319.0,67946.0,33.0,2635.0,1625.0,15926.0,15553.0,86.0,7251.0,5219.0,38592.0,38540.0
2012,10740,0,0,2881,332249.0,1887180.0,1862966.0,221052.0,13219.0,12232.0,1193.0,150950.0,100881.0,886252.0,873582.0,367.0,54961.0,26724.0,281690.0,280992.0,56.0,6861.0,4910.0,36506.0,36186.0,519.0,65972.0,40809.0,355119.0,353090.0,160.0,20916.0,13039.0,132419.0,130278.0,449.0,57524.0,41150.0,352355.0,345595.0
2012,29740,0,0,499,72685.0,403665.0,399966.0,48057.0,1411.0,1508.0,149.0,24004.0,13566.0,137285.0,136514.0,56.0,9061.0,3425.0,47943.0,47943.0,5.0,719.0,395.0,4437.0,4437.0,48.0,7166.0,5216.0,40657.0,40186.0,40.0,7338.0,3854.0,41655.0,41655.0,71.0,12709.0,7928.0,69139.0,69139.0
2012,15380,1,1,4367,453186.0,2812941.0,2730996.0,299590.0,24877.0,28398.0,1949.0,213459.0,137487.0,1366251.0,1319412.0,521.0,65001.0,25283.0,362629.0,356337.0,88.0,9024.0,7391.0,63176.0,60596.0,823.0,90677.0,48871.0,511012.0,498786.0,251.0,28973.0,17747.0,205722.0,199132.0,630.0,68802.0,52009.0,478590.0,455158.0
2012,45060,0,0,3203,253724.0,1577289.0,1534051.0,167546.0,15048.0,18010.0,1402.0,122874.0,81296.0,790611.0,766641.0,359.0,35221.0,13238.0,192305.0,188370.0,64.0,5323.0,4416.0,40304.0,37294.0,576.0,51668.0,28757.0,289056.0,284000.0,177.0,14827.0,10796.0,110004.0,104856.0,524.0,44272.0,32078.0,301893.0,291165.0
2012,40380,0,0,4778,428027.0,2630780.0,2563897.0,289323.0,22904.0,33129.0,2121.0,204892.0,138489.0,1308263.0,1268648.0,576.0,61518.0,25421.0,331424.0,327179.0,92.0,9598.0,7398.0,62597.0,60848.0,887.0,86342.0,52581.0,486033.0,474087.0,288.0,28221.0,20001.0,210355.0,202863.0,763.0,72725.0,51844.0,482297.0,467606.0
2012,13780,0,0,1053,93743.0,597837.0,579397.0,62966.0,4246.0,8844.0,433.0,40509.0,26610.0,264715.0,254212.0,116.0,12157.0,4928.0,69318.0,68325.0,12.0,926.0,687.0,7346.0,6536.0,199.0,18329.0,9634.0,108745.0,104647.0,56.0,5728.0,4958.0,42556.0,40819.0,143.0,12552.0,8821.0,83844.0,80371.0
2012,46540,0,0,1416,107143.0,654918.0,638710.0,70843.0,5849.0,6867.0,567.0,47075.0,29989.0,292124.0,286026.0,145.0,13065.0,4692.0,68941.0,68326.0,12.0,1118.0,711.0,6900.0,6759.0,234.0,21405.0,11624.0,119391.0,117563.0,83.0,6503.0,4218.0,47437.0,45958.0,207.0,15786.0,11437.0,102968.0,100418.0
2012,24020,0,0,724,50801.0,312583.0,303764.0,37371.0,2370.0,3404.0,305.0,23397.0,16221.0,143360.0,141150.0,76.0,5436.0,2086.0,30346.0,29631.0,8.0,441.0,441.0,3080.0,2938.0,139.0,11171.0,7026.0,62749.0,62096.0,33.0,2104.0,1623.0,16857.0,15905.0,108.0,8154.0,5942.0,51713.0,51138.0
2012,27060,0,0,356,37336.0,217942.0,210100.0,20755.0,2139.0,3286.0,139.0,12979.0,8235.0,81096.0,79410.0,49.0,7326.0,1133.0,28920.0,28710.0,5.0,571.0,376.0,3996.0,3844.0,75.0,6315.0,3266.0,34007.0,33688.0,21.0,2313.0,1549.0,15425.0,15261.0,44.0,4552.0,3482.0,31865.0,30857.0
2012,10580,0,0,3235,320031.0,1948619.0,1892661.0,206697.0,18050.0,22583.0,1501.0,155804.0,102376.0,980237.0,949374.0,400.0,44931.0,16539.0,237084.0,232677.0,56.0,5715.0,4286.0,35796.0,34954.0,656.0,73194.0,40334.0,405859.0,397457.0,147.0,13102.0,8672.0,101579.0,94739.0,564.0,56145.0,42870.0,379187.0,366826.0
2012,16740,1,1,6966,673042.0,4058883.0,3929689.0,432185.0,35761.0,51559.0,3339.0,351445.0,221476.0,2194663.0,2104809.0,1001.0,111981.0,45793.0,581779.0,572661.0,169.0,16945.0,11716.0,114792.0,107944.0,1461.0,158615.0,89331.0,876766.0,852078.0,382.0,42040.0,25093.0,292627.0,275845.0,1295.0,133468.0,92275.0,904620.0,861747.0
2012,39580,1,1,3564,394647.0,2489746.0,2386378.0,254986.0,28728.0,41418.0,1783.0,209553.0,140507.0,1392078.0,1325604.0,536.0,68974.0,29479.0,356159.0,348869.0,115.0,12908.0,9300.0,84171.0,81385.0,698.0,82097.0,50010.0,464664.0,454096.0,216.0,25731.0,16754.0,194582.0,177169.0,795.0,94192.0,67213.0,667834.0,633524.0
2012,11700,0,0,1917,196332.0,1139001.0,1112139.0,137086.0,7632.0,10148.0,615.0,68232.0,43097.0,418513.0,407088.0,195.0,21186.0,7995.0,109506.0,108697.0,36.0,3370.0,2365.0,21850.0,21832.0,290.0,33294.0,18816.0,180438.0,179080.0,79.0,9661.0,6534.0,64950.0,62410.0,264.0,29359.0,20749.0,188252.0,181593.0
2012,49180,0,0,2476,239279.0,1423362.0,1385277.0,159579.0,11739.0,16257.0,1067.0,111311.0,68315.0,684168.0,661947.0,277.0,32191.0,13885.0,172141.0,168245.0,39.0,4348.0,3177.0,28351.0,27575.0,446.0,45600.0,24713.0,249844.0,246079.0,153.0,15914.0,10076.0,109330.0,102967.0,411.0,44050.0,29793.0,282291.0,271599.0
2012,25860,0,0,1541,153922.0,883217.0,866561.0,107134.0,5111.0,8060.0,518.0,56701.0,38579.0,336592.0,327949.0,109.0,13202.0,6471.0,70676.0,70049.0,14.0,1377.0,879.0,8201.0,8120.0,241.0,26713.0,16828.0,145804.0,143363.0,51.0,5330.0,4231.0,34915.0,33987.0,221.0,25823.0,16873.0,157330.0,153207.0
2012,16740,1,0,1933,179349.0,1142669.0,1093366.0,127897.0,9775.0,18767.0,816.0,84026.0,60689.0,582387.0,544923.0,187.0,19569.0,9654.0,116646.0,113242.0,30.0,3117.0,2220.0,25322.0,22585.0,279.0,27617.0,18384.0,165716.0,159534.0,132.0,13912.0,9202.0,111291.0,98855.0,378.0,39708.0,29453.0,282052.0,264011.0
2012,24660,0,0,3022,305498.0,1769257.0,1730803.0,197400.0,12819.0,15022.0,1259.0,137001.0,86394.0,818995.0,798569.0,364.0,42797.0,16042.0,216608.0,214745.0,51.0,6045.0,5030.0,41007.0,39546.0,551.0,59372.0,33239.0,318662.0,313836.0,160.0,18986.0,12082.0,123487.0,119890.0,484.0,55125.0,38697.0,343201.0,332701.0
2012,15500,0,0,707,57743.0,339182.0,332192.0,38022.0,2364.0,3216.0,285.0,25457.0,15461.0,155422.0,151237.0,66.0,6914.0,2150.0,34668.0,34668.0,6.0,503.0,239.0,2511.0,2511.0,111.0,9280.0,5282.0,50040.0,49793.0,40.0,3224.0,1635.0,21030.0,20175.0,124.0,11506.0,7256.0,71276.0,69645.0
2012,24140,0,0,435,46252.0,262427.0,258631.0,27165.0,1051.0,2131.0,141.0,16191.0,9011.0,97506.0,96052.0,42.0,4410.0,2028.0,25098.0,24943.0,4.0,199.0,100.0,1326.0,1287.0,60.0,6643.0,3217.0,36805.0,35962.0,19.0,3183.0,1422.0,17823.0,17637.0,64.0,7685.0,5152.0,47980.0,47555.0
2012,22180,0,0,1322,120914.0,706015.0,698102.0,64555.0,5203.0,3216.0,586.0,55297.0,29925.0,332192.0,326782.0,268.0,24455.0,5864.0,128335.0,127509.0,20.0,1792.0,494.0,9758.0,9758.0,244.0,23846.0,12614.0,134151.0,131449.0,77.0,7389.0,3376.0,48303.0,46610.0,237.0,21556.0,12043.0,131028.0,129793.0
2012,34820,0,0,1732,161302.0,908350.0,900324.0,110826.0,4669.0,5048.0,506.0,51395.0,30849.0,297674.0,293091.0,129.0,14839.0,6089.0,74556.0,74224.0,26.0,2983.0,1279.0,16021.0,16021.0,226.0,22613.0,12797.0,122540.0,120494.0,59.0,6760.0,4198.0,44289.0,42990.0,228.0,24089.0,14089.0,137495.0,136386.0
2012,48900,0,0,911,102595.0,587204.0,574435.0,65008.0,3867.0,5222.0,353.0,44098.0,26586.0,262316.0,253068.0,122.0,15729.0,5870.0,77122.0,76890.0,16.0,2302.0,1686.0,14333.0,13531.0,160.0,18336.0,10493.0,96257.0,93573.0,42.0,5715.0,3392.0,39670.0,37904.0,144.0,18445.0,12255.0,115351.0,110595.0
2012,40580,0,0,576,54668.0,325038.0,314102.0,35007.0,2457.0,3111.0,177.0,19139.0,11194.0,123641.0,115915.0,31.0,3793.0,2130.0,22768.0,22335.0,1.0,466.0,466.0,2796.0,2796.0,78.0,8113.0,4078.0,45968.0,43776.0,31.0,3206.0,2468.0,21308.0,20396.0,69.0,8063.0,5592.0,54144.0,49670.0
2012,24780,0,0,550,68279.0,366888.0,361448.0,34665.0,2387.0,2138.0,206.0,26613.0,14451.0,153611.0,150698.0,77.0,11663.0,3866.0,58040.0,57716.0,5.0,503.0,282.0,3361.0,3121.0,89.0,11642.0,4960.0,57997.0,57836.0,29.0,3883.0,2105.0,24621.0,24286.0,88.0,10605.0,7507.0,68276.0,65859.0
2012,39580,1,0,480,60037.0,358484.0,351454.0,43155.0,1724.0,2055.0,179.0,27019.0,20741.0,172590.0,168657.0,48.0,6706.0,4825.0,38944.0,38554.0,4.0,463.0,171.0,2765.0,2765.0,63.0,8801.0,6486.0,50938.0,50706.0,24.0,3148.0,1877.0,20267.0,19889.0,88.0,14354.0,11357.0,94070.0,90932.0
2012,13900,0,0,412,50986.0,335779.0,314782.0,36106.0,4871.0,6874.0,165.0,20884.0,13709.0,142644.0,133004.0,49.0,7958.0,4494.0,51098.0,49516.0,7.0,674.0,674.0,6161.0,4613.0,76.0,10247.0,5546.0,64484.0,60681.0,19.0,1581.0,1581.0,13222.0,12007.0,61.0,8450.0,5723.0,58356.0,54811.0
2012,18140,1,0,6331,693009.0,4217900.0,4115441.0,418769.0,43697.0,46823.0,3075.0,364205.0,225874.0,2312583.0,2249195.0,1036.0,133232.0,50085.0,708931.0,701253.0,146.0,15862.0,11525.0,104398.0,102255.0,1337.0,158136.0,86044.0,871667.0,857379.0,420.0,52565.0,34678.0,384550.0,369155.0,1062.0,127349.0,88502.0,877322.0,848336.0
2012,10420,0,0,2513,271234.0,1717228.0,1671085.0,181289.0,16647.0,19878.0,1143.0,131492.0,86669.0,868287.0,837853.0,298.0,38226.0,17103.0,218280.0,215749.0,51.0,5943.0,3992.0,40163.0,39368.0,480.0,56500.0,34469.0,331544.0,324268.0,145.0,16568.0,11041.0,130091.0,122569.0,421.0,49288.0,34424.0,344792.0,330855.0
2012,19380,0,0,3031,315493.0,1948463.0,1881497.0,196762.0,16921.0,25147.0,1297.0,146147.0,85507.0,942708.0,904205.0,378.0,49919.0,16929.0,271396.0,264780.0,52.0,5802.0,2638.0,33859.0,33295.0,548.0,60002.0,32207.0,341308.0,330184.0,158.0,19789.0,10582.0,150410.0,140832.0,431.0,48721.0,30250.0,330677.0,316312.0
2012,45780,0,0,2685,252471.0,1540259.0,1509647.0,164614.0,14717.0,14354.0,1203.0,118387.0,77592.0,750582.0,734751.0,332.0,36208.0,15307.0,209249.0,206215.0,30.0,3038.0,2411.0,19733.0,19599.0,545.0,55331.0,31922.0,316076.0,311601.0,155.0,14396.0,10254.0,109503.0,103889.0,401.0,38180.0,27775.0,257260.0,251978.0
2012,17460,0,0,8591,810361.0,5073078.0,4925517.0,528885.0,55880.0,61271.0,3841.0,396094.0,249642.0,2571103.0,2481500.0,989.0,108169.0,39450.0,599991.0,589932.0,156.0,14935.0,11546.0,104332.0,99337.0,1707.0,176101.0,97110.0,998031.0,977415.0,475.0,50793.0,33325.0,388314.0,365041.0,1277.0,130734.0,91859.0,921540.0,882283.0
2012,44220,0,0,622,52362.0,304129.0,301119.0,32981.0,1961.0,1544.0,248.0,22930.0,13242.0,136630.0,135504.0,64.0,5880.0,1994.0,32525.0,32477.0,4.0,361.0,271.0,2390.0,2321.0,106.0,10127.0,5090.0,55110.0,54648.0,39.0,3684.0,2248.0,24328.0,24082.0,79.0,7006.0,4527.0,43046.0,42826.0
2012,17140,1,0,5726,616937.0,3851428.0,3725702.0,403308.0,41089.0,51793.0,2587.0,307922.0,197141.0,2007237.0,1925376.0,763.0,94014.0,40128.0,522674.0,514420.0,114.0,13239.0,9887.0,88398.0,85923.0,1104.0,129448.0,70082.0,710720.0,696924.0,334.0,41155.0,28701.0,325464.0,299381.0,900.0,109476.0,77206.0,763500.0,730341.0
2012,30620,0,0,471,39333.0,242077.0,238933.0,26925.0,2058.0,1738.0,197.0,18329.0,12184.0,117210.0,114875.0,43.0,4675.0,2635.0,28262.0,27495.0,7.0,476.0,418.0,3304.0,3007.0,79.0,7692.0,4975.0,43485.0,43162.0,28.0,2563.0,1790.0,20411.0,19194.0,72.0,6476.0,4116.0,41381.0,40796.0
2012,15940,0,0,1533,155731.0,983744.0,960329.0,107735.0,8923.0,10202.0,621.0,71405.0,45385.0,460205.0,446931.0,173.0,20827.0,8763.0,125419.0,123677.0,16.0,1648.0,645.0,9894.0,9824.0,278.0,32425.0,18352.0,190434.0,186168.0,81.0,9904.0,6649.0,75174.0,69843.0,218.0,23826.0,16859.0,161114.0,157718.0
2012,49660,0,0,2530,220098.0,1368623.0,1335840.0,152884.0,10639.0,13320.0,1052.0,97251.0,62810.0,637662.0,614540.0,268.0,26869.0,12091.0,160221.0,154344.0,35.0,3173.0,1894.0,25056.0,21456.0,462.0,43098.0,26159.0,251648.0,245966.0,138.0,12841.0,7711.0,95818.0,90551.0,355.0,31168.0,21808.0,221803.0,210731.0
2012,31900,0,0,452,46894.0,289932.0,284448.0,33187.0,2615.0,2673.0,190.0,20641.0,13308.0,133601.0,130899.0,42.0,4578.0,2330.0,29827.0,29065.0,7.0,1101.0,700.0,9226.0,8562.0,91.0,9206.0,5756.0,52504.0,52043.0,23.0,2818.0,1498.0,19582.0,19260.0,56.0,6393.0,4104.0,45171.0,43610.0
2012,36420,1,0,3822,500224.0,2842694.0,2799735.0,321167.0,17236.0,19774.0,1636.0,233936.0,146040.0,1367226.0,1343020.0,584.0,94303.0,40526.0,485397.0,482772.0,65.0,10303.0,7596.0,61856.0,60172.0,696.0,101957.0,55801.0,536773.0,530382.0,244.0,34116.0,23394.0,220635.0,215551.0,619.0,85161.0,58232.0,534403.0,523281.0
2012,38900,1,0,8485,854139.0,5040953.0,4882664.0,519044.0,48046.0,58816.0,4173.0,442603.0,260477.0,2645139.0,2564481.0,1283.0,146868.0,48124.0,720001.0,710094.0,237.0,25111.0,15451.0,148442.0,145101.0,1876.0,196978.0,102222.0,1035732.0,1012911.0,506.0,58179.0,34729.0,396121.0,380907.0,1512.0,157368.0,103703.0,1011423.0,975993.0
2012,13460,0,0,441,63906.0,368835.0,361594.0,41852.0,3066.0,3748.0,188.0,29536.0,17111.0,168507.0,164474.0,54.0,8899.0,2990.0,49386.0,47838.0,8.0,1279.0,422.0,8191.0,7999.0,98.0,15266.0,8359.0,77353.0,75416.0,20.0,3154.0,2526.0,19663.0,19477.0,63.0,10251.0,5074.0,66517.0,64922.0
2012,32780,0,0,688,77859.0,442118.0,434598.0,50394.0,3917.0,2486.0,262.0,30543.0,16511.0,178664.0,175619.0,72.0,11156.0,3004.0,55935.0,55644.0,9.0,1236.0,760.0,7531.0,7531.0,115.0,11943.0,6426.0,65285.0,63666.0,36.0,5464.0,2950.0,33316.0,33052.0,101.0,12653.0,7270.0,75616.0,74560.0
2012,21660,0,0,1545,141611.0,788209.0,773994.0,83738.0,4750.0,5425.0,579.0,56967.0,31491.0,323148.0,316892.0,180.0,20058.0,6310.0,99990.0,99023.0,18.0,1728.0,901.0,9764.0,9536.0,272.0,25671.0,13392.0,135184.0,132926.0,65.0,6959.0,3437.0,45585.0,44199.0,213.0,21439.0,12560.0,123286.0,121954.0
2012,27780,0,0,887,55849.0,362042.0,350159.0,42688.0,2736.0,4820.0,357.0,23447.0,17349.0,161340.0,154800.0,87.0,6344.0,3443.0,39961.0,38685.0,10.0,572.0,520.0,3875.0,3875.0,145.0,9661.0,6509.0,58682.0,57923.0,32.0,1930.0,1256.0,14705.0,14248.0,136.0,8694.0,7055.0,64895.0,60397.0
2012,30140,0,0,450,50765.0,307981.0,301908.0,36532.0,1886.0,2636.0,187.0,21569.0,14612.0,134341.0,131640.0,59.0,6924.0,2849.0,39981.0,39477.0,10.0,1064.0,660.0,6831.0,6831.0,68.0,8314.0,4035.0,43651.0,43389.0,21.0,2612.0,1916.0,18658.0,17929.0,83.0,8690.0,7116.0,58287.0,57582.0
2012,38300,1,1,6109,628715.0,3823968.0,3742414.0,421808.0,34994.0,37649.0,2626.0,287235.0,195900.0,1816022.0,1770611.0,752.0,97833.0,39982.0,542082.0,534175.0,107.0,13042.0,11136.0,91428.0,88834.0,1189.0,130307.0,77859.0,718937.0,709898.0,282.0,30192.0,21958.0,227080.0,216906.0,903.0,99426.0,75269.0,688120.0,665229.0
2012,25420,0,0,2037,213015.0,1357644.0,1307834.0,148411.0,12653.0,20116.0,889.0,96448.0,67070.0,649998.0,615822.0,236.0,31284.0,13292.0,171683.0,170350.0,37.0,4699.0,4074.0,33655.0,32852.0,384.0,40292.0,25593.0,232629.0,228479.0,109.0,11114.0,7177.0,91259.0,78607.0,324.0,37489.0,27638.0,265969.0,252161.0
2012,49620,0,0,1430,164600.0,1074739.0,1043472.0,124105.0,12223.0,13859.0,651.0,81571.0,61775.0,557695.0,539713.0,179.0,21309.0,11756.0,134180.0,131620.0,23.0,3170.0,2746.0,22483.0,21823.0,255.0,31144.0,21494.0,188132.0,185327.0,82.0,10798.0,8353.0,84727.0,80031.0,245.0,30995.0,25449.0,223015.0,213535.0
2012,39740,0,0,1370,146176.0,946692.0,922594.0,104082.0,12931.0,9980.0,620.0,74135.0,52937.0,498794.0,485764.0,163.0,17873.0,8393.0,100047.0,99510.0,31.0,3568.0,3216.0,23737.0,23521.0,236.0,27376.0,18581.0,163910.0,160873.0,75.0,8978.0,5882.0,63844.0,63043.0,246.0,29815.0,22162.0,213956.0,206874.0
2012,38300,1,0,3335,302330.0,1899401.0,1844759.0,225995.0,16045.0,19800.0,1365.0,131754.0,96207.0,885526.0,846196.0,322.0,35621.0,20249.0,225361.0,219127.0,49.0,4622.0,3052.0,35288.0,32918.0,558.0,54919.0,36730.0,324616.0,318410.0,150.0,15018.0,10795.0,115937.0,107947.0,508.0,46552.0,36158.0,335929.0,315631.0
2012,20700,0,0,325,56192.0,355779.0,347008.0,43636.0,3556.0,4871.0,145.0,29163.0,21666.0,182961.0,178786.0,31.0,4573.0,2156.0,28832.0,28053.0,5.0,412.0,328.0,2589.0,2589.0,66.0,12070.0,8405.0,66898.0,65581.0,18.0,4485.0,2415.0,30715.0,29960.0,44.0,9012.0,8291.0,63402.0,61685.0
2012,29540,0,0,1419,188141.0,1236861.0,1186512.0,131483.0,13241.0,17163.0,644.0,87158.0,60019.0,602290.0,578401.0,191.0,27671.0,13949.0,165741.0,162978.0,20.0,2603.0,1689.0,17912.0,17633.0,235.0,31075.0,18734.0,182475.0,179919.0,117.0,15757.0,10352.0,120131.0,114617.0,207.0,29590.0,21599.0,217017.0,205454.0
2012,44300,0,0,523,56065.0,356487.0,342884.0,34748.0,4260.0,5038.0,212.0,22634.0,15617.0,161492.0,153320.0,73.0,10053.0,3737.0,57981.0,57473.0,14.0,1752.0,1267.0,11780.0,11780.0,83.0,8681.0,5451.0,54738.0,54180.0,22.0,2023.0,1478.0,14455.0,14160.0,87.0,9556.0,7113.0,75581.0,69500.0
2012,42540,0,0,2110,193193.0,1197597.0,1164831.0,124193.0,9649.0,14823.0,901.0,89002.0,55035.0,566875.0,548000.0,229.0,25394.0,9676.0,143671.0,141125.0,28.0,3234.0,2352.0,19809.0,19116.0,380.0,39964.0,20399.0,227034.0,221325.0,90.0,9177.0,6565.0,69087.0,65986.0,316.0,29695.0,20419.0,199492.0,192303.0
2012,21500,0,0,1021,106902.0,656038.0,640477.0,70532.0,5179.0,6561.0,435.0,47347.0,30908.0,300761.0,293250.0,114.0,15510.0,5323.0,86987.0,85658.0,10.0,1037.0,808.0,8450.0,8073.0,176.0,18668.0,11188.0,109567.0,108376.0,48.0,5685.0,4496.0,39893.0,38542.0,161.0,17758.0,11932.0,115100.0,110957.0
2012,39300,1,1,1657,161479.0,914503.0,889373.0,89935.0,7023.0,10161.0,725.0,78703.0,44423.0,459008.0,447756.0,207.0,22826.0,4895.0,111242.0,109842.0,37.0,3736.0,2586.0,21769.0,21564.0,307.0,31929.0,15043.0,162316.0,159630.0,81.0,9410.0,4600.0,63407.0,61359.0,264.0,29343.0,20003.0,184950.0,179226.0
2012,17900,0,0,3099,289481.0,1782408.0,1741697.0,196893.0,15479.0,19232.0,1259.0,124380.0,85461.0,785163.0,767665.0,412.0,46442.0,20453.0,250228.0,248099.0,70.0,6381.0,5430.0,43736.0,42113.0,564.0,55037.0,35936.0,319681.0,313923.0,159.0,18108.0,11887.0,126542.0,123794.0,496.0,49831.0,35213.0,324967.0,316704.0
2012,22500,0,0,845,76085.0,451468.0,443201.0,50530.0,4406.0,3467.0,293.0,28773.0,18285.0,175214.0,171488.0,67.0,7418.0,3467.0,40689.0,40073.0,6.0,933.0,313.0,4652.0,4652.0,109.0,10912.0,7288.0,63757.0,62107.0,42.0,4487.0,1872.0,26499.0,26217.0,145.0,13695.0,8702.0,84872.0,83504.0
2012,25940,0,0,680,70447.0,414456.0,405502.0,50730.0,3248.0,3982.0,204.0,21671.0,13946.0,126906.0,124359.0,61.0,7545.0,1804.0,37699.0,37613.0,9.0,1115.0,623.0,6437.0,6437.0,92.0,10251.0,6322.0,54271.0,53865.0,27.0,2932.0,1933.0,18855.0,17720.0,81.0,8846.0,5891.0,54059.0,53533.0
2012,16700,0,0,2592,256974.0,1534856.0,1507698.0,161832.0,11432.0,12952.0,1030.0,116380.0,69377.0,707263.0,694739.0,377.0,43338.0,16950.0,227183.0,225793.0,58.0,6355.0,3146.0,37786.0,37344.0,465.0,50504.0,28398.0,272635.0,270122.0,102.0,14012.0,7382.0,94982.0,91649.0,403.0,46292.0,30407.0,297621.0,292318.0
2012,43900,0,0,1138,105875.0,618612.0,608750.0,70516.0,5756.0,4791.0,442.0,44583.0,30138.0,277199.0,271353.0,119.0,12019.0,5181.0,73091.0,71084.0,15.0,1271.0,1055.0,9448.0,9162.0,175.0,16848.0,11081.0,95165.0,93865.0,61.0,7194.0,4225.0,48852.0,47657.0,182.0,18008.0,12260.0,114984.0,112224.0
2012,24860,0,0,3478,340534.0,2058550.0,2006789.0,230691.0,16741.0,23531.0,1318.0,140609.0,93837.0,895842.0,865689.0,370.0,42473.0,18790.0,232454.0,229313.0,60.0,6654.0,4445.0,42226.0,41519.0,546.0,57302.0,33971.0,326071.0,320044.0,152.0,16420.0,11210.0,118699.0,113890.0,590.0,64891.0,45794.0,425605.0,408096.0
2012,34980,1,0,6057,591676.0,3651564.0,3527203.0,384562.0,34199.0,52460.0,2789.0,288834.0,183291.0,1840001.0,1769042.0,801.0,90143.0,35120.0,485892.0,478748.0,117.0,12252.0,9259.0,84221.0,80886.0,1204.0,129036.0,67613.0,709587.0,696077.0,344.0,36411.0,24480.0,268927.0,249957.0,1035.0,103934.0,75564.0,721622.0,687796.0
2012,28940,0,0,3811,365474.0,2213585.0,2154449.0,250394.0,20679.0,24233.0,1429.0,148211.0,98883.0,941757.0,911879.0,403.0,46410.0,21078.0,243821.0,242133.0,63.0,7012.0,5487.0,45749.0,44798.0,647.0,68098.0,41653.0,381931.0,375755.0,150.0,15785.0,10553.0,112267.0,107192.0,561.0,57749.0,41412.0,389955.0,373040.0
2012,34980,1,1,814,95856.0,572943.0,564592.0,64410.0,4914.0,4440.0,396.0,51331.0,36539.0,318752.0,313418.0,125.0,18042.0,10094.0,102013.0,100663.0,10.0,1382.0,757.0,8066.0,8066.0,155.0,19722.0,14795.0,115290.0,114453.0,58.0,9276.0,5634.0,59936.0,58155.0,145.0,17776.0,12806.0,115201.0,112674.0
2012,27180,0,0,477,41789.0,257327.0,252161.0,27423.0,2931.0,2260.0,191.0,18720.0,11226.0,118669.0,115684.0,48.0,5231.0,2787.0,28954.0,28719.0,7.0,680.0,444.0,4016.0,4016.0,83.0,9067.0,4824.0,51093.0,50971.0,18.0,1526.0,1270.0,12729.0,11789.0,71.0,6216.0,4353.0,41939.0,40576.0
2012,26420,1,1,16914,1955439.0,11322445.0,11017284.0,1173768.0,105656.0,127407.0,8134.0,1054737.0,616112.0,6243900.0,6063161.0,2505.0,349686.0,111954.0,1690271.0,1676881.0,332.0,45989.0,30638.0,290614.0,280561.0,3110.0,401930.0,193404.0,2057170.0,2016918.0,1336.0,173283.0,110023.0,1113925.0,1076142.0,3029.0,401547.0,256000.0,2540454.0,2453565.0
2012,11100,0,0,1085,89609.0,497892.0,492548.0,56737.0,2844.0,3083.0,430.0,40021.0,24481.0,225564.0,222859.0,157.0,15400.0,6469.0,81974.0,81717.0,13.0,1370.0,736.0,8260.0,8260.0,183.0,17647.0,9686.0,90178.0,89803.0,70.0,6167.0,3605.0,36640.0,36226.0,151.0,14218.0,9434.0,83483.0,82654.0
2012,12420,1,1,5537,563282.0,3113938.0,3038799.0,312143.0,28243.0,33345.0,2789.0,306576.0,174100.0,1745880.0,1697422.0,1039.0,127156.0,38556.0,575838.0,568602.0,164.0,16008.0,11670.0,98428.0,94972.0,1351.0,149280.0,73138.0,734983.0,722775.0,292.0,35868.0,19814.0,229650.0,221131.0,1000.0,106718.0,73285.0,690856.0,665242.0
2012,19100,1,1,22187,2240441.0,13102369.0,12721980.0,1326708.0,125356.0,152598.0,11261.0,1233924.0,728193.0,7443670.0,7181577.0,3361.0,418503.0,134941.0,2020595.0,1999074.0,544.0,58206.0,36886.0,360681.0,350777.0,4391.0,476938.0,233034.0,2491663.0,2432903.0,1737.0,204991.0,126625.0,1378887.0,1313810.0,4251.0,463283.0,302644.0,2985971.0,2873080.0
2012,41700,1,1,6748,682404.0,3870688.0,3805378.0,411267.0,28065.0,29845.0,3126.0,346946.0,207052.0,2035389.0,1995665.0,910.0,121605.0,42200.0,609491.0,603387.0,108.0,11674.0,8058.0,70887.0,70787.0,1138.0,126583.0,65447.0,646520.0,641048.0,524.0,56273.0,31722.0,361548.0,351309.0,1163.0,133654.0,87126.0,834587.0,813224.0
2012,18580,0,0,1773,163567.0,879155.0,870993.0,99877.0,3662.0,4705.0,720.0,71428.0,40476.0,396460.0,392330.0,207.0,24136.0,7652.0,113994.0,113972.0,21.0,1883.0,1072.0,10544.0,10420.0,274.0,27768.0,13708.0,141435.0,140311.0,128.0,13983.0,8561.0,80513.0,79810.0,263.0,24684.0,15219.0,142023.0,140560.0
2012,31180,0,0,1070,104046.0,554125.0,549407.0,59501.0,2615.0,2605.0,402.0,40568.0,25282.0,224668.0,222057.0,145.0,18915.0,7246.0,87586.0,87586.0,14.0,2220.0,1578.0,11207.0,11207.0,162.0,15227.0,7342.0,76858.0,76461.0,61.0,6297.0,3779.0,40951.0,39667.0,149.0,16717.0,11961.0,95167.0,94291.0
2012,32580,0,0,1767,219625.0,1118256.0,1104754.0,148322.0,3921.0,4520.0,815.0,111267.0,74864.0,597151.0,589836.0,263.0,36580.0,15634.0,170417.0,169873.0,28.0,4408.0,2945.0,22765.0,22765.0,198.0,25853.0,16051.0,128751.0,127233.0,264.0,36575.0,24324.0,192387.0,190855.0,300.0,42292.0,29146.0,225684.0,221450.0
2012,29700,0,0,809,67913.0,353996.0,348308.0,43215.0,1318.0,1570.0,395.0,35406.0,23107.0,194922.0,190661.0,121.0,11620.0,5157.0,54398.0,54371.0,22.0,2119.0,1077.0,10652.0,10652.0,84.0,7081.0,4571.0,35751.0,34673.0,136.0,12131.0,7392.0,66709.0,65766.0,137.0,13100.0,8906.0,72408.0,70296.0
2012,12420,1,0,1114,108375.0,626107.0,615004.0,76663.0,3412.0,6433.0,403.0,43917.0,32436.0,271001.0,264269.0,97.0,12342.0,5914.0,65296.0,64085.0,20.0,2082.0,1744.0,13485.0,13024.0,166.0,17968.0,12120.0,104481.0,102733.0,66.0,7025.0,5433.0,44175.0,43176.0,190.0,21316.0,15965.0,132023.0,128110.0
2012,19100,1,0,447,38688.0,274360.0,259311.0,27678.0,5032.0,5722.0,310.0,27593.0,19438.0,203300.0,191277.0,62.0,6235.0,4167.0,40319.0,39638.0,19.0,1728.0,1253.0,12144.0,11828.0,96.0,9490.0,5593.0,58271.0,56585.0,51.0,4130.0,2881.0,35197.0,31982.0,150.0,12894.0,10153.0,101973.0,95092.0
2012,21340,0,0,2533,256795.0,1428148.0,1409108.0,156499.0,7950.0,8733.0,1159.0,131500.0,77770.0,750055.0,739253.0,355.0,44341.0,15365.0,229125.0,228182.0,25.0,3177.0,1301.0,17920.0,17920.0,332.0,37254.0,19680.0,188567.0,185497.0,245.0,29261.0,15645.0,182968.0,178592.0,469.0,52597.0,33116.0,304794.0,300806.0
2012,15180,0,0,1257,118461.0,611178.0,607362.0,74968.0,2771.0,2057.0,549.0,57117.0,34155.0,310119.0,307652.0,147.0,14979.0,5309.0,70485.0,70195.0,23.0,2947.0,1980.0,15829.0,15731.0,120.0,12348.0,7036.0,60911.0,60475.0,165.0,18464.0,10705.0,101642.0,101208.0,206.0,22301.0,13533.0,121121.0,119720.0
2012,46340,0,0,736,77048.0,436265.0,429804.0,49578.0,2321.0,2594.0,266.0,29305.0,18528.0,172689.0,168296.0,82.0,10379.0,3602.0,49927.0,49576.0,10.0,1164.0,764.0,7044.0,7044.0,95.0,11242.0,6586.0,61919.0,61158.0,55.0,6656.0,4802.0,42982.0,41840.0,109.0,12590.0,7372.0,74902.0,72596.0
2012,26420,1,0,574,80401.0,598157.0,564569.0,71069.0,11502.0,12387.0,327.0,50547.0,45281.0,393772.0,367501.0,87.0,16146.0,13229.0,107700.0,106019.0,34.0,5577.0,4942.0,40469.0,39853.0,91.0,13033.0,11205.0,91294.0,90168.0,65.0,8958.0,7329.0,78287.0,66897.0,162.0,27508.0,25717.0,211279.0,198479.0
2012,41700,1,0,417,45872.0,256141.0,253516.0,35243.0,2118.0,1931.0,112.0,13491.0,10140.0,80554.0,79615.0,26.0,2891.0,1503.0,13141.0,13141.0,7.0,1076.0,975.0,7422.0,6852.0,41.0,3249.0,2048.0,18077.0,17945.0,25.0,3091.0,2299.0,18690.0,18188.0,69.0,9666.0,7660.0,57413.0,56765.0
2012,36220,0,0,450,48474.0,260456.0,258182.0,33254.0,1567.0,1291.0,166.0,18866.0,12818.0,104366.0,103287.0,64.0,8399.0,3786.0,44279.0,44106.0,4.0,461.0,161.0,2509.0,2509.0,76.0,8570.0,4789.0,46458.0,45477.0,30.0,2600.0,2196.0,14121.0,14121.0,66.0,7966.0,6377.0,43664.0,43566.0
2012,47380,0,0,975,83202.0,462768.0,456260.0,51762.0,2162.0,2694.0,395.0,34399.0,21723.0,202190.0,197400.0,112.0,12060.0,4480.0,60963.0,60127.0,9.0,919.0,284.0,4652.0,4560.0,158.0,12937.0,7451.0,68237.0,67562.0,69.0,6589.0,3844.0,42899.0,40781.0,144.0,13048.0,8590.0,80426.0,78730.0
2012,17780,0,0,672,69760.0,376392.0,371601.0,32691.0,2049.0,2479.0,233.0,23718.0,12905.0,142825.0,139522.0,111.0,12664.0,3462.0,58446.0,58010.0,14.0,1503.0,726.0,8982.0,8742.0,91.0,8580.0,3235.0,43328.0,43328.0,46.0,4855.0,3753.0,33536.0,31662.0,94.0,10760.0,6618.0,66155.0,64920.0
2012,48660,0,0,562,47171.0,259380.0,257189.0,28544.0,1632.0,1000.0,239.0,22981.0,12585.0,126800.0,125542.0,93.0,9480.0,4138.0,50587.0,50271.0,8.0,910.0,371.0,5255.0,5255.0,103.0,9239.0,4710.0,47326.0,46933.0,24.0,2669.0,1057.0,16307.0,16307.0,88.0,8768.0,5321.0,51615.0,50750.0
2012,33260,0,0,428,50249.0,278940.0,274846.0,33445.0,2485.0,1327.0,190.0,24523.0,16313.0,139375.0,137298.0,66.0,8513.0,3858.0,45845.0,45275.0,5.0,885.0,261.0,4481.0,4481.0,74.0,8368.0,4303.0,46056.0,44207.0,26.0,4072.0,3379.0,25016.0,25016.0,74.0,10765.0,7483.0,59923.0,59923.0
2012,13140,0,0,1589,140779.0,785265.0,777907.0,98106.0,5040.0,3693.0,641.0,62457.0,40968.0,349719.0,347652.0,180.0,20210.0,10077.0,103540.0,103178.0,20.0,1610.0,1215.0,9394.0,9394.0,271.0,27304.0,17104.0,140087.0,139185.0,78.0,8175.0,4579.0,52436.0,51249.0,239.0,22651.0,16166.0,132337.0,131867.0
2012,41660,0,0,422,41810.0,223032.0,220225.0,24447.0,1329.0,1117.0,150.0,16877.0,8856.0,91864.0,90553.0,51.0,5809.0,1565.0,29001.0,29001.0,4.0,295.0,177.0,1652.0,1652.0,68.0,7393.0,3327.0,35157.0,34982.0,12.0,1584.0,620.0,11386.0,10250.0,54.0,6287.0,3439.0,36730.0,36730.0
2012,39340,0,0,1644,142754.0,1052916.0,960838.0,96564.0,13840.0,30832.0,843.0,75331.0,55913.0,602448.0,539285.0,358.0,35365.0,19836.0,227613.0,219278.0,45.0,4026.0,2350.0,25712.0,24736.0,143.0,13605.0,9634.0,87324.0,84012.0,387.0,35296.0,26496.0,309611.0,269915.0,244.0,22192.0,16057.0,164040.0,149633.0
2012,36260,0,0,1528,173661.0,1238178.0,1153281.0,130348.0,14446.0,33932.0,784.0,94325.0,72154.0,698962.0,646156.0,266.0,32737.0,21087.0,212151.0,203037.0,37.0,4184.0,2882.0,29217.0,28269.0,226.0,27037.0,18106.0,168186.0,160208.0,223.0,26263.0,22249.0,227347.0,200076.0,261.0,32541.0,25168.0,238448.0,225635.0
2012,41620,1,0,2784,308805.0,1982452.0,1887403.0,200455.0,24789.0,38913.0,1396.0,162792.0,110347.0,1075369.0,1026384.0,505.0,63817.0,29939.0,358193.0,351389.0,69.0,7964.0,6683.0,49222.0,48983.0,490.0,58327.0,34923.0,330987.0,319918.0,342.0,39338.0,27911.0,294095.0,275591.0,438.0,51543.0,36021.0,347515.0,335126.0
2012,41100,0,0,366,47314.0,296409.0,285244.0,32653.0,3699.0,4012.0,133.0,18089.0,12008.0,116544.0,112221.0,51.0,6976.0,3226.0,40071.0,39846.0,7.0,338.0,73.0,1859.0,1859.0,36.0,4426.0,3063.0,24621.0,24527.0,54.0,8039.0,4635.0,56332.0,52732.0,35.0,4772.0,3241.0,28745.0,28268.0
2012,41620,1,1,609,66241.0,493022.0,450157.0,48183.0,6374.0,15767.0,305.0,35305.0,24938.0,267030.0,243207.0,86.0,12068.0,5368.0,66903.0,63368.0,16.0,1613.0,1097.0,12290.0,11148.0,90.0,10862.0,6513.0,67554.0,63918.0,77.0,8199.0,6414.0,72315.0,63406.0,112.0,13501.0,9660.0,102765.0,94627.0
2012,15540,0,0,592,83072.0,500540.0,490024.0,55642.0,4829.0,3062.0,281.0,40004.0,28188.0,256908.0,249826.0,78.0,13569.0,4982.0,70314.0,70205.0,13.0,2182.0,1653.0,13383.0,13383.0,119.0,18419.0,12787.0,109102.0,105872.0,32.0,4293.0,2876.0,30097.0,29290.0,113.0,15165.0,10755.0,99798.0,98067.0
2012,40060,0,0,4604,440876.0,2862389.0,2767147.0,295610.0,33466.0,46443.0,2181.0,225757.0,152843.0,1512290.0,1458687.0,607.0,63882.0,23368.0,345760.0,341183.0,101.0,10321.0,6832.0,67471.0,66557.0,912.0,93548.0,58949.0,566855.0,552409.0,213.0,21764.0,14998.0,162303.0,151696.0,851.0,88590.0,63358.0,629056.0,605600.0
2012,31340,0,0,988,96628.0,604870.0,585538.0,70086.0,5557.0,7813.0,375.0,40576.0,28900.0,268933.0,258201.0,99.0,10659.0,6716.0,61226.0,61046.0,14.0,1258.0,1047.0,8457.0,8457.0,177.0,18968.0,12447.0,113410.0,110733.0,46.0,5549.0,4349.0,42926.0,40253.0,132.0,13871.0,10142.0,92279.0,88782.0
2012,47260,1,0,5428,515140.0,3132202.0,3063320.0,296965.0,32739.0,33641.0,2441.0,252440.0,140354.0,1579307.0,1543248.0,833.0,95597.0,30210.0,491943.0,488304.0,75.0,7515.0,3844.0,46075.0,44908.0,978.0,103426.0,53185.0,579800.0,572864.0,289.0,29171.0,15071.0,208054.0,199224.0,874.0,91544.0,55042.0,596898.0,580935.0
2012,40220,0,0,1240,133136.0,834982.0,809822.0,93298.0,8234.0,11183.0,517.0,60445.0,38179.0,385110.0,373532.0,124.0,15120.0,6187.0,84412.0,83920.0,14.0,1646.0,1229.0,10497.0,10287.0,245.0,27963.0,15761.0,153260.0,151125.0,44.0,5668.0,3206.0,43728.0,41757.0,177.0,21450.0,15161.0,147953.0,142349.0
2012,47260,1,1,682,78833.0,526454.0,511992.0,55600.0,7896.0,7755.0,347.0,41313.0,28076.0,279305.0,270698.0,93.0,11745.0,4808.0,68676.0,67641.0,9.0,810.0,556.0,5861.0,5861.0,109.0,15028.0,9548.0,92780.0,90143.0,48.0,5290.0,4879.0,41098.0,38914.0,139.0,15258.0,9649.0,106081.0,102769.0
2012,25500,0,0,519,44083.0,274658.0,264067.0,27730.0,3205.0,3713.0,201.0,19293.0,12412.0,123575.0,119146.0,66.0,6167.0,2266.0,31876.0,31483.0,6.0,455.0,326.0,2661.0,2661.0,72.0,6757.0,3256.0,39122.0,37665.0,24.0,2217.0,1800.0,15067.0,14913.0,83.0,8829.0,5875.0,58597.0,56178.0
2012,13980,0,0,602,67957.0,399616.0,391660.0,40669.0,3050.0,4308.0,220.0,25114.0,15070.0,158282.0,152958.0,70.0,8275.0,2430.0,44261.0,44101.0,9.0,1148.0,625.0,8250.0,7869.0,110.0,12237.0,6515.0,69329.0,68077.0,24.0,3666.0,1957.0,24853.0,24247.0,69.0,8062.0,5052.0,53327.0,50676.0
2012,44060,0,0,2386,225390.0,1386083.0,1327731.0,145266.0,13906.0,20742.0,931.0,93534.0,60077.0,612586.0,577038.0,287.0,32723.0,13049.0,177698.0,173189.0,28.0,2999.0,2593.0,16959.0,16716.0,389.0,37552.0,20425.0,210591.0,201066.0,146.0,15681.0,10352.0,120378.0,109977.0,356.0,34805.0,25571.0,237737.0,225412.0
2012,14740,0,0,1028,94656.0,594396.0,573445.0,65240.0,5405.0,7277.0,419.0,41570.0,27931.0,267937.0,257302.0,116.0,13274.0,5378.0,75781.0,74886.0,13.0,2375.0,969.0,15515.0,15447.0,184.0,18136.0,11441.0,106990.0,103482.0,45.0,3973.0,3050.0,31806.0,29004.0,164.0,17010.0,10939.0,111856.0,108207.0
2012,42660,1,0,12614,1343433.0,7873614.0,7604097.0,799133.0,72118.0,103996.0,6418.0,714029.0,421505.0,4264324.0,4113402.0,1907.0,245284.0,71768.0,1179313.0,1161374.0,372.0,39653.0,22746.0,241863.0,232478.0,2770.0,326577.0,165103.0,1649740.0,1618689.0,730.0,78850.0,50092.0,573607.0,539158.0,2462.0,262896.0,172750.0,1717491.0,1647439.0
2012,36500,0,0,866,100274.0,600481.0,589874.0,67070.0,6130.0,4983.0,365.0,45174.0,28988.0,276228.0,270358.0,96.0,14819.0,6330.0,78718.0,77910.0,18.0,2719.0,1821.0,15256.0,14787.0,142.0,17925.0,10002.0,98294.0,96782.0,39.0,4874.0,3333.0,32696.0,32292.0,151.0,18767.0,12810.0,118184.0,115216.0
2012,13380,0,0,658,76750.0,437163.0,425228.0,48054.0,3517.0,4298.0,246.0,31791.0,20366.0,184936.0,179395.0,70.0,9629.0,3694.0,48069.0,45935.0,14.0,2337.0,1280.0,13462.0,12707.0,90.0,12578.0,7772.0,66038.0,62705.0,41.0,4902.0,3439.0,35521.0,34388.0,99.0,12803.0,7847.0,74011.0,72936.0
2012,49420,0,0,789,76612.0,447777.0,436529.0,46565.0,4390.0,4581.0,346.0,35531.0,20471.0,213203.0,205832.0,108.0,10521.0,3865.0,55525.0,55140.0,15.0,1561.0,903.0,9156.0,8908.0,116.0,12466.0,6572.0,69139.0,67250.0,91.0,8065.0,4171.0,46549.0,44504.0,125.0,12902.0,8190.0,78370.0,76943.0
2012,48300,0,0,411,40634.0,251636.0,241449.0,27309.0,2334.0,3266.0,155.0,16030.0,8954.0,96322.0,94088.0,39.0,4696.0,1657.0,25866.0,25498.0,4.0,307.0,307.0,2044.0,2044.0,66.0,6517.0,4090.0,37731.0,36892.0,32.0,2831.0,911.0,17471.0,17250.0,58.0,6219.0,3982.0,37447.0,36435.0
2012,16620,0,0,783,83558.0,515517.0,500887.0,57534.0,3978.0,5453.0,313.0,34807.0,22163.0,226296.0,217372.0,87.0,11475.0,5207.0,67389.0,65927.0,15.0,1459.0,638.0,9349.0,8544.0,140.0,15701.0,9668.0,92612.0,90212.0,38.0,4167.0,2295.0,30789.0,27917.0,120.0,13109.0,8821.0,88788.0,85969.0
2012,37620,0,0,449,40337.0,244503.0,238315.0,28904.0,1546.0,2517.0,173.0,15886.0,9772.0,101410.0,96458.0,40.0,4520.0,1568.0,25358.0,25027.0,7.0,484.0,376.0,3201.0,3018.0,79.0,7232.0,3797.0,41990.0,40550.0,28.0,3109.0,2177.0,20539.0,20234.0,61.0,5512.0,3907.0,37046.0,34073.0
2012,34060,0,0,504,47573.0,273378.0,266776.0,28257.0,2921.0,2778.0,180.0,17855.0,11041.0,107650.0,104060.0,79.0,7627.0,2277.0,36504.0,35942.0,10.0,779.0,609.0,6485.0,5810.0,91.0,9597.0,4317.0,48325.0,47898.0,21.0,2488.0,1997.0,16780.0,16508.0,63.0,5326.0,4232.0,38159.0,35458.0
2012,33340,1,0,4067,604828.0,3492875.0,3411440.0,364884.0,29187.0,32457.0,1951.0,305371.0,185354.0,1830660.0,1782317.0,596.0,100271.0,34451.0,509074.0,504261.0,88.0,12823.0,8813.0,85049.0,82361.0,791.0,126343.0,62614.0,644293.0,635216.0,297.0,47925.0,32243.0,341991.0,326251.0,665.0,103189.0,70832.0,667840.0,647815.0
2012,39540,0,0,469,73579.0,430793.0,425483.0,51340.0,4331.0,2282.0,218.0,36989.0,24804.0,223590.0,219878.0,46.0,10278.0,5683.0,57158.0,56626.0,6.0,1007.0,738.0,5512.0,5512.0,92.0,15586.0,9746.0,87299.0,86329.0,35.0,6374.0,4428.0,42674.0,42086.0,74.0,12950.0,9350.0,80042.0,78045.0
2012,27500,0,0,490,61932.0,380828.0,372919.0,42512.0,2830.0,4272.0,224.0,31667.0,21725.0,201062.0,197196.0,57.0,9006.0,4921.0,55007.0,53993.0,5.0,578.0,578.0,4006.0,3893.0,93.0,12812.0,8695.0,70001.0,69379.0,32.0,5197.0,2457.0,36400.0,35533.0,83.0,10778.0,8452.0,73866.0,71689.0
2012,48140,0,0,606,50862.0,312370.0,306887.0,37566.0,3249.0,3207.0,289.0,26254.0,19108.0,167743.0,163714.0,68.0,7930.0,4203.0,44979.0,43876.0,11.0,1186.0,967.0,7721.0,7191.0,121.0,11384.0,7709.0,65030.0,64635.0,54.0,3596.0,3353.0,26839.0,25934.0,97.0,9438.0,6543.0,63832.0,61257.0
2012,20740,0,0,509,58569.0,370688.0,358407.0,39213.0,5258.0,5278.0,231.0,27303.0,19545.0,182587.0,177127.0,69.0,11543.0,5819.0,65887.0,63706.0,10.0,1055.0,867.0,7714.0,7350.0,87.0,11062.0,6145.0,69495.0,66854.0,40.0,4383.0,3234.0,31650.0,30447.0,87.0,9590.0,7862.0,64657.0,63041.0
2012,43100,0,0,420,45596.0,281904.0,272065.0,31173.0,2353.0,3400.0,201.0,21404.0,14548.0,134228.0,130840.0,40.0,6250.0,2346.0,36696.0,33888.0,6.0,558.0,485.0,4301.0,4301.0,83.0,9098.0,5093.0,47419.0,47086.0,29.0,4225.0,2258.0,32084.0,30070.0,67.0,6993.0,5965.0,49691.0,47467.0
2012,29100,0,0,326,45837.0,273148.0,265036.0,29355.0,1913.0,3564.0,144.0,18779.0,12438.0,124322.0,120527.0,43.0,7533.0,1784.0,38789.0,38789.0,2.0,244.0,244.0,1978.0,1978.0,65.0,9096.0,5054.0,53991.0,52973.0,21.0,3291.0,2865.0,24004.0,22498.0,47.0,5124.0,3893.0,36683.0,35502.0
2012,36780,0,0,508,65816.0,391280.0,382749.0,43345.0,2577.0,3573.0,226.0,31730.0,22512.0,194566.0,190375.0,64.0,12097.0,4245.0,66560.0,66476.0,6.0,754.0,468.0,5126.0,5042.0,109.0,15688.0,10882.0,84946.0,84090.0,18.0,2829.0,1494.0,20671.0,20092.0,78.0,10380.0,7977.0,71628.0,69107.0
2023,0,0,0,349639,27481916.0,168220338.0,162796812.0,19690263.0,1496076.0,2243973.0,111718.0,10170721.0,7068652.0,64806772.0,62258807.0,34268.0,3474250.0,1799037.0,19320056.0,18931009.0,4367.0,399974.0,301384.0,2550054.0,2465079.0,44045.0,4056949.0,2515044.0,22809419.0,22235073.0,19112.0,1738405.0,1275001.0,12506192.0,11799521.0,43707.0,4001946.0,2942745.0,26406027.0,25345815.0
2023,13820,0,0,4187,450912.0,2888613.0,2770856.0,318999.0,27228.0,44910.0,1515.0,188118.0,126552.0,1239938.0,1180538.0,514.0,66872.0,31887.0,364580.0,355756.0,70.0,6997.0,5528.0,48262.0,46517.0,581.0,70021.0,38402.0,391579.0,379953.0,212.0,31326.0,22119.0,231890.0,214414.0,613.0,74942.0,56802.0,524678.0,498722.0
2023,20020,0,0,1394,60788.0,369330.0,360595.0,40206.0,3056.0,3796.0,443.0,21604.0,12899.0,136399.0,132681.0,131.0,7227.0,3194.0,39504.0,39166.0,20.0,759.0,583.0,5128.0,4910.0,166.0,7619.0,4463.0,44668.0,43176.0,63.0,3831.0,2090.0,26066.0,25324.0,184.0,9259.0,5749.0,56108.0,55232.0
2023,19300,0,0,734,103291.0,643015.0,624793.0,77159.0,6167.0,8222.0,228.0,38679.0,26008.0,248572.0,242448.0,56.0,11706.0,5804.0,63946.0,62625.0,11.0,1769.0,1224.0,11918.0,11729.0,85.0,14039.0,8235.0,79282.0,77605.0,30.0,6668.0,3296.0,40780.0,40062.0,101.0,16865.0,13364.0,118129.0,115289.0
2023,33860,0,0,1479,170321.0,1039988.0,1015007.0,110323.0,10062.0,11251.0,490.0,66308.0,38695.0,402018.0,395451.0,151.0,24885.0,9560.0,140254.0,138302.0,16.0,2387.0,1106.0,13873.0,13143.0,197.0,28128.0,17174.0,155935.0,154198.0,80.0,10762.0,4366.0,68565.0,67674.0,181.0,24785.0,16083.0,160744.0,157778.0
2023,26620,0,0,1702,201535.0,1322780.0,1256215.0,140229.0,17381.0,25938.0,655.0,86095.0,60903.0,589512.0,560290.0,220.0,33636.0,15346.0,178091.0,171853.0,41.0,5171.0,4221.0,33535.0,32549.0,275.0,38273.0,23506.0,226819.0,219075.0,93.0,11790.0,9055.0,99044.0,90573.0,251.0,32537.0,24852.0,237107.0,224803.0
2023,46220,0,0,723,91751.0,545354.0,529052.0,58455.0,3881.0,7203.0,243.0,35399.0,22693.0,209018.0,203569.0,82.0,15665.0,6741.0,76000.0,74345.0,11.0,1207.0,1160.0,9112.0,8912.0,118.0,18270.0,9210.0,93953.0,92683.0,28.0,4170.0,3438.0,27004.0,26175.0,88.0,11834.0,9694.0,79534.0,76664.0
2023,33660,0,0,1527,160468.0,981354.0,956789.0,106610.0,9000.0,10527.0,521.0,63759.0,39586.0,392124.0,380132.0,182.0,25979.0,9882.0,135308.0,134112.0,17.0,1604.0,1399.0,11203.0,10428.0,231.0,28562.0,14840.0,155042.0,152764.0,62.0,8664.0,6067.0,59537.0,58470.0,183.0,21602.0,14866.0,141235.0,133897.0
2023,11500,0,0,474,44668.0,278420.0,267370.0,30946.0,2177.0,4141.0,136.0,16317.0,11713.0,112582.0,104691.0,43.0,6715.0,4186.0,41191.0,39646.0,6.0,996.0,876.0,6826.0,6826.0,55.0,6806.0,4679.0,40684.0,39879.0,30.0,3771.0,2488.0,30376.0,26366.0,55.0,6539.0,5116.0,45527.0,42719.0
2023,19460,0,0,608,63007.0,400991.0,387847.0,48309.0,4094.0,5329.0,196.0,24386.0,17167.0,158536.0,152430.0,56.0,6115.0,3765.0,35186.0,34860.0,9.0,568.0,507.0,3529.0,3425.0,83.0,10054.0,7081.0,59437.0,57879.0,35.0,4398.0,3433.0,32038.0,29838.0,62.0,7170.0,3967.0,46452.0,44997.0
2023,11260,0,0,1146,172684.0,968006.0,928920.0,119973.0,6433.0,12760.0,485.0,81230.0,56541.0,456363.0,433599.0,163.0,29204.0,13896.0,137823.0,136746.0,24.0,3879.0,2950.0,20383.0,20173.0,227.0,39857.0,22518.0,184534.0,177462.0,60.0,9449.0,8351.0,63804.0,60557.0,164.0,26056.0,22375.0,171189.0,161112.0
2023,46060,0,0,4554,436030.0,2398370.0,2361141.0,286878.0,15988.0,18881.0,1464.0,157896.0,96359.0,901472.0,883298.0,473.0,60322.0,24258.0,286988.0,286062.0,58.0,6146.0,4173.0,36512.0,33701.0,654.0,69293.0,35485.0,333384.0,330154.0,221.0,27450.0,19697.0,190103.0,182896.0,486.0,53051.0,36388.0,321322.0,314069.0
2023,38060,1,1,17829,1875390.0,10757171.0,10501064.0,1251902.0,85970.0,114536.0,7229.0,854539.0,539224.0,5085499.0,4937809.0,2297.0,305069.0,124445.0,1445622.0,1435705.0,330.0,37762.0,27346.0,220688.0,217883.0,2852.0,345276.0,187052.0,1750184.0,1720261.0,1174.0,141182.0,94686.0,964181.0,922177.0,2558.0,298159.0,208681.0,1898322.0,1841400.0
2023,49740,0,0,935,90868.0,442717.0,438566.0,64970.0,992.0,2469.0,265.0,30236.0,20751.0,160862.0,159448.0,84.0,13680.0,7133.0,71144.0,71080.0,10.0,971.0,750.0,5135.0,5135.0,82.0,9400.0,6936.0,48111.0,47777.0,58.0,6928.0,4197.0,36783.0,36783.0,111.0,13210.0,8983.0,69597.0,68574.0
2023,22380,0,0,754,56428.0,298304.0,290022.0,33889.0,1062.0,3129.0,259.0,19821.0,11965.0,106070.0,101634.0,78.0,9581.0,2124.0,40062.0,40062.0,16.0,1435.0,974.0,6748.0,6748.0,122.0,9174.0,4588.0,37810.0,37522.0,45.0,4122.0,2805.0,25834.0,24921.0,96.0,7187.0,4916.0,44189.0,41338.0
2023,39140,0,0,1325,109543.0,617066.0,605699.0,83403.0,2986.0,4770.0,250.0,26629.0,17882.0,152826.0,150587.0,74.0,7076.0,3388.0,36568.0,36424.0,16.0,1262.0,882.0,7893.0,7893.0,113.0,11560.0,6538.0,60689.0,59596.0,40.0,4322.0,3603.0,27220.0,26422.0,98.0,10208.0,6919.0,58736.0,58532.0
2023,29420,0,0,1083,95459.0,516599.0,509740.0,70823.0,2360.0,3744.0,187.0,20510.0,13378.0,120081.0,117040.0,50.0,6631.0,3073.0,34034.0,33797.0,9.0,1022.0,822.0,5648.0,5564.0,70.0,7219.0,4747.0,38523.0,37765.0,33.0,5269.0,3065.0,35694.0,34118.0,75.0,7747.0,5181.0,43745.0,43183.0
2023,22220,0,0,1806,212807.0,1244325.0,1210113.0,127188.0,9456.0,13261.0,771.0,102304.0,64180.0,616057.0,599238.0,301.0,35787.0,14728.0,178251.0,176165.0,36.0,4619.0,2925.0,27193.0,26473.0,299.0,39803.0,20175.0,217000.0,212249.0,130.0,18127.0,13272.0,121662.0,116631.0,295.0,38019.0,26711.0,237959.0,231672.0
2023,30780,0,0,2652,303945.0,1777382.0,1730716.0,200328.0,12102.0,19887.0,979.0,128913.0,85311.0,781729.0,756897.0,329.0,49897.0,20241.0,236708.0,234478.0,55.0,7026.0,5532.0,42268.0,42182.0,388.0,53322.0,27591.0,277270.0,272695.0,123.0,15257.0,11371.0,110707.0,105870.0,415.0,52196.0,39183.0,335556.0,322685.0
2023,27860,0,0,504,55247.0,322119.0,315085.0,32549.0,1737.0,4112.0,174.0,24536.0,15851.0,152296.0,147886.0,69.0,11127.0,3777.0,55742.0,55634.0,6.0,668.0,600.0,4867.0,4417.0,72.0,10582.0,6183.0,60302.0,58671.0,31.0,5235.0,2684.0,32477.0,31421.0,56.0,7307.0,5493.0,47961.0,47078.0
2023,31080,1,1,44015,4425109.0,21562002.0,21261850.0,2114766.0,110958.0,139518.0,20106.0,2200353.0,891099.0,10302181.0,10185443.0,5787.0,678840.0,128196.0,2556610.0,2547457.0,1075.0,113398.0,58092.0,571129.0,564365.0,8725.0,983883.0,312042.0,3897121.0,3871609.0,2416.0,275317.0,112981.0,1485190.0,1459597.0,6959.0,730330.0,366023.0,3823404.0,3770593.0
2023,40140,0,0,14231,1443259.0,8214720.0,8063829.0,951779.0,58995.0,74258.0,5847.0,693886.0,427524.0,3999405.0,3925817.0,1478.0,198878.0,81073.0,968088.0,962489.0,281.0,32181.0,20607.0,176508.0,174346.0,1793.0,203336.0,119098.0,1049821.0,1035863.0,1190.0,150521.0,88550.0,923345.0,909292.0,2211.0,266809.0,167932.0,1548146.0,1517668.0
2023,40900,1,1,8745,865220.0,4908487.0,4804139.0,549336.0,35418.0,48913.0,3760.0,409800.0,249422.0,2317421.0,2273104.0,1073.0,126732.0,49507.0,594844.0,588919.0,227.0,26280.0,18073.0,143600.0,141082.0,1371.0,146583.0,76359.0,730065.0,722038.0,547.0,65213.0,39034.0,410865.0,401461.0,1510.0,163123.0,108551.0,964989.0,942739.0
2023,42200,0,0,1568,144622.0,729516.0,719907.0,72175.0,4182.0,4026.0,608.0,61190.0,22855.0,299017.0,297461.0,187.0,20609.0,3428.0,85635.0,85635.0,31.0,2140.0,1185.0,10681.0,10681.0,241.0,23738.0,7248.0,99974.0,99920.0,103.0,12033.0,3669.0,67718.0,67051.0,221.0,21146.0,9283.0,106315.0,105773.0
2023,41500,0,0,1620,146947.0,771948.0,757361.0,80130.0,4153.0,6379.0,660.0,67300.0,29836.0,340656.0,335080.0,192.0,19695.0,4581.0,89715.0,88792.0,33.0,2690.0,1517.0,16067.0,15845.0,232.0,21801.0,8984.0,99278.0,98325.0,124.0,14554.0,4602.0,72889.0,72285.0,258.0,26768.0,13546.0,146629.0,143456.0
2023,41940,0,0,6981,650552.0,3339708.0,3292221.0,349861.0,19532.0,25152.0,3385.0,333254.0,157190.0,1657345.0,1640681.0,1068.0,119065.0,27077.0,435181.0,433180.0,265.0,25661.0,14121.0,129945.0,128677.0,1352.0,140128.0,52450.0,573674.0,570631.0,266.0,29507.0,11797.0,177530.0,174439.0,1551.0,143518.0,82927.0,792205.0,783253.0
2023,41860,1,1,17505,1712109.0,8859841.0,8681864.0,943358.0,60077.0,79720.0,8139.0,857637.0,434854.0,4345435.0,4275447.0,2456.0,260280.0,62903.0,1028160.0,1021627.0,629.0,60993.0,39105.0,330463.0,325471.0,3739.0,400594.0,158469.0,1712670.0,1695898.0,654.0,75578.0,41386.0,455221.0,446782.0,3229.0,327438.0,202993.0,1862968.0,1825790.0
2023,46700,0,0,1528,153719.0,899316.0,882930.0,98478.0,6516.0,8562.0,617.0,71360.0,41586.0,418955.0,413355.0,155.0,20085.0,7434.0,99522.0,99054.0,33.0,3179.0,1526.0,17319.0,17227.0,226.0,26787.0,15144.0,146836.0,144703.0,108.0,14011.0,8236.0,89189.0,87833.0,225.0,23999.0,14580.0,142268.0,140479.0
2023,41740,1,1,11745,1154144.0,5982801.0,5888160.0,621923.0,36599.0,45483.0,5183.0,559742.0,268589.0,2839233.0,2802957.0,1666.0,206368.0,48658.0,852383.0,847522.0,326.0,36279.0,20870.0,190400.0,189484.0,2166.0,234909.0,88577.0,991493.0,984562.0,582.0,68819.0,34446.0,414830.0,405285.0,2042.0,215803.0,123771.0,1198146.0,1181723.0
2023,23420,0,0,2986,321661.0,1742582.0,1716139.0,186566.0,9806.0,11943.0,1312.0,163139.0,86382.0,882828.0,871738.0,395.0,51313.0,20710.0,245785.0,244157.0,47.0,5215.0,3681.0,29729.0,28736.0,420.0,54904.0,26852.0,263839.0,261220.0,345.0,44550.0,23394.0,255491.0,252374.0,417.0,49168.0,28165.0,274597.0,270890.0
2023,31460,0,0,453,45921.0,265658.0,263437.0,30543.0,2421.0,1487.0,189.0,22335.0,13647.0,133586.0,132608.0,57.0,6007.0,2902.0,31615.0,31615.0,6.0,447.0,385.0,2442.0,2442.0,52.0,6833.0,4089.0,42114.0,42114.0,62.0,6872.0,3450.0,42883.0,41905.0,60.0,6601.0,4580.0,38181.0,38181.0
2023,32900,0,0,871,86206.0,478850.0,473511.0,45461.0,3223.0,1957.0,403.0,44179.0,22424.0,245682.0,243111.0,115.0,13593.0,4523.0,65635.0,65419.0,9.0,1197.0,357.0,6450.0,6450.0,133.0,16083.0,7540.0,79545.0,79417.0,111.0,12990.0,6921.0,78277.0,77800.0,125.0,11620.0,6129.0,63626.0,63478.0
2023,42220,0,0,2099,187415.0,1008143.0,994868.0,121053.0,5540.0,6641.0,725.0,78508.0,44488.0,412882.0,409521.0,160.0,21635.0,7001.0,91538.0,91437.0,47.0,4919.0,3163.0,26591.0,26545.0,322.0,34230.0,16471.0,162362.0,161825.0,59.0,7195.0,3739.0,39795.0,39795.0,290.0,31220.0,20604.0,177887.0,175063.0
2023,37100,0,0,3020,274049.0,1589758.0,1550921.0,172869.0,11608.0,16825.0,1176.0,120129.0,62526.0,681286.0,666357.0,289.0,30898.0,9326.0,141399.0,140735.0,70.0,7235.0,4508.0,44133.0,43322.0,394.0,38773.0,17251.0,190022.0,187474.0,203.0,22948.0,10412.0,129959.0,127582.0,460.0,46871.0,28715.0,290906.0,281718.0
2023,12540,0,0,3019,284061.0,1530839.0,1512222.0,170102.0,7435.0,8430.0,1328.0,136942.0,75730.0,744360.0,736705.0,423.0,46889.0,19871.0,237163.0,236350.0,36.0,3788.0,2021.0,19936.0,19765.0,394.0,43623.0,22652.0,215645.0,213717.0,347.0,35984.0,20204.0,208465.0,205127.0,479.0,48149.0,27508.0,261451.0,259991.0
2023,44700,0,0,2337,246415.0,1409910.0,1387648.0,154492.0,9716.0,11300.0,1047.0,128413.0,75682.0,736214.0,727575.0,268.0,37568.0,14262.0,183506.0,182152.0,35.0,5740.0,2782.0,34088.0,33947.0,292.0,35685.0,19470.0,183553.0,182023.0,207.0,25937.0,14448.0,157347.0,153240.0,420.0,52713.0,31952.0,307528.0,305218.0
2023,33700,0,0,1703,175301.0,986695.0,972880.0,106770.0,5234.0,7473.0,747.0,86406.0,48266.0,484468.0,479106.0,231.0,28036.0,8540.0,130494.0,130434.0,32.0,3027.0,1933.0,16419.0,16359.0,186.0,23987.0,11499.0,124587.0,124339.0,191.0,21785.0,11681.0,125873.0,124332.0,281.0,31304.0,19158.0,177150.0,175383.0
2023,47300,0,0,1487,142922.0,799393.0,787353.0,85688.0,3571.0,5919.0,659.0,70417.0,39342.0,396030.0,390551.0,220.0,25174.0,8167.0,126326.0,125764.0,22.0,2022.0,1610.0,12119.0,12119.0,159.0,16308.0,7614.0,80289.0,80029.0,202.0,22595.0,12467.0,134076.0,130315.0,249.0,26521.0,15217.0,151985.0,150891.0
2023,17020,0,0,915,84004.0,446621.0,441083.0,46791.0,2117.0,2861.0,308.0,31680.0,17946.0,175137.0,173116.0,100.0,12477.0,3906.0,58535.0,58468.0,14.0,1230.0,507.0,6579.0,6579.0,131.0,14142.0,6729.0,69903.0,69842.0,55.0,5454.0,3651.0,35042.0,33989.0,114.0,11850.0,7331.0,67536.0,66887.0
2023,42020,0,0,1122,106282.0,571795.0,562766.0,65182.0,3264.0,4318.0,331.0,37699.0,20212.0,198456.0,194755.0,93.0,11967.0,3297.0,52270.0,52062.0,14.0,1706.0,890.0,8227.0,8227.0,136.0,15650.0,5579.0,72929.0,72697.0,40.0,5088.0,3035.0,32538.0,31250.0,132.0,14652.0,10138.0,79928.0,77932.0
2023,42100,0,0,1115,96441.0,488106.0,480240.0,57953.0,2488.0,3273.0,396.0,37638.0,19384.0,183595.0,180541.0,92.0,11151.0,3153.0,44744.0,44613.0,24.0,2728.0,1939.0,14734.0,14533.0,160.0,15315.0,6727.0,63437.0,62188.0,46.0,4896.0,1822.0,24398.0,24398.0,167.0,16081.0,9719.0,84714.0,83431.0
2023,25260,0,0,421,43710.0,234932.0,232060.0,23856.0,1810.0,1523.0,197.0,22055.0,11868.0,122742.0,121185.0,62.0,7259.0,3073.0,34152.0,33953.0,8.0,832.0,352.0,6818.0,6619.0,61.0,6735.0,2539.0,34049.0,33364.0,41.0,5160.0,2529.0,29457.0,29457.0,79.0,7675.0,5192.0,44278.0,43519.0
2023,20940,0,0,474,48868.0,246921.0,243595.0,26763.0,773.0,1899.0,186.0,22104.0,11452.0,115212.0,113453.0,43.0,6422.0,1338.0,26952.0,26952.0,7.0,1004.0,441.0,4931.0,4931.0,40.0,5494.0,1599.0,22470.0,22470.0,46.0,5150.0,2836.0,29507.0,28944.0,80.0,9982.0,6018.0,55817.0,54772.0
2023,49700,0,0,564,61156.0,348743.0,344087.0,39147.0,2144.0,1719.0,230.0,28477.0,17987.0,165907.0,164520.0,69.0,8163.0,3985.0,41484.0,41339.0,16.0,1755.0,1387.0,9927.0,9873.0,66.0,8233.0,5006.0,43781.0,43685.0,45.0,6209.0,2751.0,38364.0,38364.0,92.0,10800.0,8024.0,63448.0,62597.0
2023,39820,0,0,801,70399.0,394561.0,391428.0,47679.0,2258.0,1747.0,258.0,26969.0,16885.0,155666.0,154265.0,76.0,8287.0,4680.0,44434.0,44434.0,12.0,1186.0,1097.0,7332.0,7332.0,88.0,9625.0,5639.0,51053.0,50513.0,51.0,5763.0,3934.0,34615.0,34219.0,108.0,10538.0,7320.0,61172.0,60927.0
2023,34900,0,0,597,49406.0,269639.0,265898.0,30816.0,1309.0,1759.0,217.0,20040.0,10270.0,106219.0,104611.0,53.0,6053.0,1889.0,25916.0,25916.0,14.0,1259.0,343.0,5841.0,5841.0,86.0,7315.0,3163.0,33564.0,33295.0,24.0,2371.0,1194.0,14269.0,13653.0,89.0,9136.0,5041.0,49239.0,49044.0
2023,22660,0,0,1519,153653.0,983857.0,930436.0,96677.0,9837.0,20372.0,598.0,65953.0,43752.0,442726.0,417383.0,206.0,26459.0,8792.0,144993.0,142490.0,42.0,3609.0,3031.0,25444.0,23594.0,277.0,31036.0,16111.0,179329.0,174048.0,62.0,7326.0,5747.0,60182.0,55167.0,234.0,23906.0,18708.0,175383.0,161831.0
2023,19740,1,1,12063,1235828.0,7615783.0,7183909.0,777247.0,75500.0,170737.0,5748.0,630806.0,395376.0,3946988.0,3717535.0,2147.0,249302.0,93585.0,1143116.0,1122781.0,364.0,36760.0,28072.0,250253.0,235327.0,2790.0,313184.0,164653.0,1615036.0,1551830.0,546.0,62190.0,37769.0,470416.0,432401.0,2064.0,215714.0,164008.0,1576401.0,1462446.0
2023,24540,0,0,1239,126400.0,839266.0,794578.0,95398.0,11015.0,17968.0,539.0,63844.0,49766.0,437394.0,412229.0,177.0,20256.0,12204.0,124054.0,119833.0,30.0,3326.0,2888.0,24091.0,23411.0,206.0,25295.0,18169.0,152005.0,145702.0,91.0,11265.0,9063.0,88135.0,79234.0,214.0,24853.0,20981.0,177037.0,168407.0
2023,17820,0,0,2963,306424.0,2014318.0,1905740.0,206801.0,24418.0,44950.0,1245.0,138116.0,92510.0,954038.0,899958.0,489.0,62960.0,32179.0,342354.0,335239.0,59.0,7285.0,4565.0,53620.0,47791.0,527.0,56352.0,36552.0,343900.0,331110.0,145.0,16527.0,12038.0,129905.0,120766.0,497.0,58117.0,39676.0,422043.0,394984.0
2023,39380,0,0,721,61958.0,375358.0,365337.0,42648.0,4077.0,4678.0,261.0,25972.0,16076.0,156436.0,152739.0,80.0,9565.0,4362.0,51011.0,50266.0,15.0,1392.0,1329.0,9773.0,9368.0,100.0,9128.0,5284.0,48652.0,47786.0,34.0,3674.0,2204.0,25547.0,25087.0,103.0,10594.0,6723.0,63006.0,61468.0
2023,24300,0,0,562,60384.0,335039.0,328544.0,40294.0,2096.0,2851.0,197.0,24310.0,15839.0,142759.0,138754.0,57.0,7629.0,4041.0,38649.0,38649.0,12.0,1814.0,1327.0,11507.0,11404.0,94.0,10787.0,6941.0,59546.0,57831.0,21.0,2932.0,1995.0,19289.0,18072.0,66.0,8699.0,5015.0,52125.0,51052.0
2023,35300,0,0,2980,333548.0,1838409.0,1805876.0,198585.0,15044.0,14658.0,1164.0,151508.0,85497.0,852356.0,833726.0,437.0,53420.0,16632.0,253839.0,249958.0,84.0,8431.0,5297.0,51042.0,50905.0,476.0,57274.0,28563.0,274273.0,271045.0,132.0,19902.0,11343.0,121758.0,117507.0,436.0,57567.0,34359.0,356694.0,346651.0
2023,14860,0,0,3555,348220.0,2172820.0,2048810.0,223121.0,21986.0,44881.0,1590.0,162307.0,99954.0,1039197.0,977355.0,358.0,43755.0,14232.0,206444.0,199032.0,124.0,10133.0,6503.0,68459.0,65060.0,539.0,56782.0,30582.0,292000.0,284460.0,203.0,21816.0,15583.0,168696.0,151855.0,727.0,69963.0,46384.0,494370.0,459963.0
2023,25540,0,0,4535,448415.0,2601964.0,2536538.0,297381.0,24363.0,29945.0,1801.0,197440.0,130469.0,1181909.0,1149954.0,553.0,64931.0,27797.0,316216.0,311237.0,126.0,11669.0,9991.0,76226.0,73416.0,690.0,79358.0,43349.0,401139.0,395418.0,175.0,20293.0,13971.0,141840.0,136015.0,763.0,78276.0,60279.0,517673.0,499174.0
2023,49340,0,0,3993,372441.0,2225121.0,2166945.0,249050.0,19709.0,24319.0,1663.0,173541.0,114170.0,1070716.0,1040824.0,463.0,52402.0,21155.0,280724.0,275333.0,98.0,10037.0,7301.0,66967.0,62587.0,640.0,66631.0,37978.0,356622.0,350730.0,190.0,20327.0,14742.0,142019.0,137614.0,673.0,69522.0,50029.0,457730.0,441547.0
2023,35980,0,0,1247,111411.0,658389.0,641724.0,72420.0,5657.0,7202.0,431.0,45691.0,27074.0,281708.0,272215.0,142.0,15735.0,7089.0,80665.0,79964.0,31.0,2365.0,1988.0,16979.0,16302.0,172.0,17973.0,9880.0,100792.0,97456.0,50.0,6113.0,2735.0,39536.0,38531.0,177.0,17904.0,12252.0,119802.0,115216.0
2023,37980,1,0,2245,260499.0,1724706.0,1643272.0,186702.0,19223.0,34647.0,892.0,118469.0,81866.0,800339.0,751804.0,264.0,38578.0,18053.0,216365.0,210692.0,58.0,7995.0,5735.0,55374.0,51284.0,331.0,43772.0,25203.0,250729.0,242053.0,110.0,14414.0,10533.0,106483.0,98147.0,362.0,49059.0,37462.0,360428.0,333555.0
2023,41540,0,0,2349,181188.0,1146595.0,1113412.0,136380.0,12243.0,16098.0,580.0,58402.0,39693.0,367291.0,356250.0,145.0,17065.0,9714.0,93869.0,92267.0,28.0,2633.0,2264.0,19283.0,18336.0,225.0,22759.0,14076.0,128526.0,126313.0,80.0,9143.0,6244.0,60507.0,59129.0,234.0,22551.0,16149.0,149316.0,142236.0
2023,20100,0,0,619,71906.0,478313.0,462548.0,53770.0,5283.0,7319.0,204.0,28975.0,20413.0,197579.0,189248.0,62.0,10029.0,5780.0,60243.0,58912.0,9.0,1377.0,643.0,7726.0,7687.0,72.0,9842.0,7023.0,56383.0,55852.0,43.0,6815.0,5223.0,56599.0,53722.0,69.0,9265.0,5532.0,57222.0,56515.0
2023,47900,1,1,24150,2400505.0,15428876.0,14308700.0,1534486.0,162352.0,407220.0,11415.0,1228119.0,768092.0,7962968.0,7366323.0,3430.0,390303.0,133715.0,1793911.0,1743475.0,769.0,74700.0,55434.0,506685.0,476029.0,4811.0,525520.0,265387.0,2701064.0,2591745.0,1302.0,153827.0,102700.0,1206113.0,1075572.0,4491.0,458342.0,336706.0,3395988.0,3087230.0
2023,33100,1,1,21742,2265170.0,11346428.0,11185062.0,1390332.0,53747.0,70589.0,8673.0,1030165.0,555779.0,5162898.0,5083598.0,2147.0,284006.0,92275.0,1170193.0,1166624.0,465.0,51153.0,29753.0,263139.0,260219.0,3478.0,421473.0,207037.0,1825211.0,1806147.0,801.0,104273.0,57941.0,612093.0,600324.0,3456.0,398911.0,231812.0,2156271.0,2116318.0
2023,37860,0,0,2015,200056.0,1215344.0,1189909.0,144647.0,11600.0,9722.0,723.0,81175.0,55737.0,500654.0,490148.0,229.0,27063.0,15701.0,149217.0,146904.0,33.0,4312.0,2745.0,24755.0,24755.0,296.0,32646.0,19534.0,181170.0,177255.0,99.0,13829.0,10413.0,90477.0,89233.0,274.0,29030.0,21697.0,190991.0,185927.0
2023,45300,1,1,12726,1237889.0,6898329.0,6754576.0,820842.0,55079.0,61751.0,4605.0,522823.0,326626.0,3027419.0,2955766.0,1399.0,172900.0,61480.0,802100.0,795612.0,250.0,26927.0,20822.0,160564.0,157332.0,2069.0,233588.0,129926.0,1151676.0,1140369.0,452.0,56436.0,37133.0,387721.0,373241.0,1704.0,193167.0,132501.0,1232815.0,1194525.0
2023,15980,0,0,3540,312816.0,1737303.0,1715891.0,233995.0,8919.0,12034.0,1004.0,109330.0,70480.0,603340.0,596774.0,297.0,28832.0,13088.0,137018.0,136402.0,51.0,4807.0,3768.0,28176.0,27244.0,458.0,49872.0,28737.0,250443.0,248768.0,115.0,14046.0,8390.0,79749.0,78617.0,340.0,33405.0,24493.0,200555.0,196824.0
2023,37340,0,0,2701,248812.0,1490632.0,1456651.0,190422.0,13417.0,14033.0,804.0,92893.0,62514.0,561282.0,544870.0,234.0,29326.0,14028.0,145263.0,143699.0,26.0,2991.0,2495.0,17192.0,17192.0,355.0,40532.0,26291.0,227780.0,221375.0,80.0,10847.0,6609.0,72893.0,71338.0,303.0,35330.0,24446.0,219234.0,212268.0
2023,37460,0,0,828,79113.0,443745.0,437463.0,53896.0,3612.0,3503.0,300.0,32851.0,19196.0,181985.0,180151.0,96.0,10739.0,4675.0,49640.0,49561.0,14.0,1287.0,899.0,7676.0,7676.0,145.0,15448.0,8102.0,76523.0,75688.0,37.0,4347.0,3365.0,27586.0,27199.0,108.0,10902.0,6511.0,66974.0,66027.0
2023,38940,0,0,1985,206634.0,1192923.0,1173532.0,161874.0,8183.0,8235.0,612.0,73161.0,49001.0,429427.0,421145.0,161.0,20789.0,10730.0,109751.0,109082.0,36.0,3131.0,2376.0,19912.0,19453.0,239.0,29106.0,18140.0,157315.0,154294.0,77.0,10593.0,6887.0,68000.0,66581.0,238.0,27382.0,20491.0,167906.0,164505.0
2023,19660,0,0,2822,290342.0,1652471.0,1628043.0,219474.0,9683.0,10626.0,814.0,102540.0,67700.0,576443.0,568625.0,219.0,33560.0,17538.0,167668.0,166509.0,36.0,4355.0,3575.0,23395.0,23395.0,358.0,44454.0,28115.0,230710.0,228284.0,88.0,11853.0,8348.0,68783.0,67389.0,287.0,35202.0,24215.0,205106.0,202337.0
2023,36740,1,1,7067,885554.0,5087619.0,4964804.0,523032.0,39032.0,57586.0,3195.0,449555.0,248145.0,2637334.0,2568895.0,1053.0,157810.0,46615.0,750039.0,743514.0,145.0,21424.0,11832.0,121349.0,120092.0,1262.0,178560.0,79772.0,904629.0,885859.0,336.0,47406.0,28339.0,314665.0,306893.0,1283.0,177830.0,110984.0,1127825.0,1096648.0
2023,35840,0,0,4199,389338.0,2179742.0,2142892.0,293799.0,16073.0,16219.0,1075.0,121595.0,77758.0,684785.0,672083.0,276.0,35039.0,14209.0,170205.0,167210.0,57.0,6601.0,4607.0,36639.0,36331.0,454.0,50182.0,27216.0,249075.0,247352.0,127.0,13899.0,9287.0,91084.0,88266.0,392.0,46263.0,32650.0,277775.0,270962.0
2023,34940,0,0,1925,156211.0,864102.0,848476.0,121964.0,4696.0,6977.0,521.0,49276.0,32506.0,266351.0,260283.0,110.0,10687.0,4516.0,45100.0,45002.0,23.0,1928.0,952.0,10943.0,10568.0,205.0,19701.0,11670.0,95347.0,94095.0,67.0,6743.0,4223.0,38408.0,37894.0,204.0,18752.0,13043.0,107604.0,103479.0
2023,45540,0,0,589,70616.0,381969.0,380632.0,61996.0,1670.0,854.0,44.0,6634.0,4381.0,36550.0,36218.0,8.0,664.0,167.0,3821.0,3821.0,1.0,87.0,0.0,348.0,348.0,21.0,2976.0,1679.0,13391.0,13391.0,7.0,1447.0,1110.0,9883.0,9761.0,17.0,2979.0,1563.0,17401.0,17191.0
2023,26140,0,0,765,71726.0,408374.0,403300.0,59284.0,2246.0,2288.0,128.0,15338.0,11121.0,90022.0,87741.0,36.0,4057.0,1605.0,21587.0,21587.0,6.0,841.0,775.0,4745.0,4745.0,55.0,6910.0,4835.0,38858.0,38480.0,13.0,1677.0,1452.0,9960.0,9960.0,61.0,7427.0,5365.0,44389.0,42602.0
2023,27260,1,1,5799,666662.0,4012924.0,3919463.0,441931.0,42456.0,38384.0,2151.0,299200.0,185454.0,1826793.0,1780327.0,637.0,107806.0,48324.0,560565.0,555502.0,115.0,18764.0,13059.0,109881.0,106823.0,875.0,126931.0,68769.0,688697.0,678871.0,251.0,36371.0,21660.0,252683.0,244533.0,858.0,116273.0,80273.0,737809.0,717921.0
2023,29460,0,0,2884,299008.0,1748088.0,1716856.0,213264.0,11322.0,14079.0,918.0,116932.0,77560.0,720097.0,705887.0,302.0,41390.0,21578.0,221386.0,218596.0,39.0,5698.0,3553.0,35744.0,35164.0,371.0,46759.0,28006.0,269875.0,265167.0,146.0,19770.0,13049.0,127605.0,125135.0,323.0,43044.0,30096.0,265858.0,260369.0
2023,39460,0,0,857,85654.0,478216.0,472765.0,71567.0,3718.0,2048.0,173.0,19996.0,14399.0,117311.0,114592.0,57.0,5772.0,3900.0,29684.0,29628.0,15.0,2249.0,1317.0,12511.0,12511.0,69.0,7463.0,5660.0,40514.0,40348.0,16.0,2075.0,1346.0,13446.0,13089.0,68.0,7665.0,5018.0,45160.0,44868.0
2023,36740,1,0,1545,167723.0,991109.0,969504.0,127876.0,7237.0,9565.0,430.0,55948.0,39020.0,343033.0,335037.0,127.0,16578.0,8604.0,93128.0,91880.0,26.0,3267.0,1933.0,19326.0,18790.0,151.0,19502.0,12463.0,106365.0,105480.0,61.0,7570.0,6120.0,51388.0,49795.0,181.0,24830.0,16658.0,159137.0,155536.0
2023,23540,0,0,953,119412.0,646256.0,632397.0,67079.0,2935.0,6831.0,345.0,42961.0,27911.0,242821.0,238677.0,138.0,20713.0,5963.0,93075.0,92432.0,26.0,3295.0,2819.0,22024.0,21225.0,173.0,21222.0,11666.0,100813.0,100716.0,22.0,3112.0,1233.0,21662.0,20857.0,129.0,15583.0,12501.0,98762.0,95920.0
2023,36100,0,0,1524,165467.0,937873.0,928494.0,128664.0,6145.0,4660.0,331.0,48446.0,31848.0,273948.0,270129.0,92.0,15338.0,7554.0,77416.0,77159.0,10.0,1527.0,688.0,6317.0,6317.0,148.0,22517.0,13851.0,115441.0,114640.0,55.0,6682.0,4239.0,43251.0,42864.0,145.0,20250.0,14115.0,117347.0,114909.0
2023,42680,0,0,730,68892.0,408730.0,399237.0,54781.0,2472.0,3841.0,161.0,18968.0,11381.0,112590.0,109713.0,38.0,4347.0,1646.0,21734.0,21690.0,2.0,294.0,54.0,1284.0,1284.0,76.0,8115.0,4125.0,44762.0,42788.0,21.0,3133.0,1945.0,20955.0,20525.0,55.0,7000.0,4760.0,42209.0,41736.0
2023,18880,0,0,1523,134980.0,803998.0,783814.0,98162.0,7310.0,8223.0,523.0,52685.0,37008.0,324643.0,315064.0,166.0,18892.0,9739.0,100315.0,98770.0,23.0,1927.0,1713.0,10223.0,9839.0,213.0,20468.0,12415.0,110425.0,108402.0,77.0,7986.0,5636.0,56800.0,54878.0,234.0,23230.0,17350.0,145002.0,141125.0
2023,45300,1,0,839,83109.0,499424.0,491000.0,69684.0,3306.0,4036.0,214.0,27860.0,21608.0,179039.0,173691.0,42.0,6207.0,4405.0,32607.0,32521.0,8.0,1008.0,834.0,5206.0,5206.0,71.0,7914.0,6470.0,45510.0,45161.0,35.0,4523.0,3314.0,33016.0,31963.0,86.0,11265.0,9327.0,71520.0,68527.0
2023,12060,1,1,19801,2073263.0,13685943.0,12847088.0,1372897.0,154637.0,299621.0,9249.0,1068222.0,690238.0,7184381.0,6715886.0,2623.0,336139.0,135236.0,1694597.0,1659891.0,562.0,57088.0,44266.0,384657.0,364489.0,3692.0,450718.0,251572.0,2543758.0,2450612.0,1109.0,131111.0,84694.0,1012159.0,923786.0,3625.0,392173.0,286150.0,2909602.0,2678439.0
2023,23580,0,0,829,75390.0,487802.0,464840.0,51091.0,3338.0,9083.0,308.0,31446.0,19768.0,208393.0,198084.0,99.0,10412.0,4903.0,56459.0,55734.0,16.0,1286.0,1229.0,8009.0,8009.0,87.0,8456.0,5283.0,51202.0,49129.0,70.0,8220.0,5512.0,58439.0,54689.0,118.0,11436.0,7186.0,76584.0,73241.0
2023,47580,0,0,594,67894.0,423299.0,408914.0,44815.0,3955.0,6211.0,215.0,30077.0,19829.0,201312.0,192394.0,72.0,10421.0,3860.0,54940.0,54724.0,10.0,1083.0,895.0,7397.0,7319.0,80.0,12153.0,7865.0,76691.0,73684.0,27.0,4786.0,4180.0,40193.0,36731.0,85.0,10469.0,6073.0,64432.0,63059.0
2023,12060,1,0,2350,215959.0,1374336.0,1328974.0,160972.0,12955.0,18032.0,868.0,94253.0,71986.0,619016.0,595630.0,247.0,28437.0,19306.0,167743.0,166016.0,46.0,4497.0,3732.0,28600.0,28033.0,317.0,36361.0,25621.0,216825.0,210776.0,143.0,14569.0,11413.0,105635.0,99723.0,344.0,35838.0,27507.0,235930.0,229158.0
2023,12260,0,0,1798,201604.0,1294472.0,1255879.0,141486.0,12915.0,18583.0,611.0,82751.0,54814.0,543626.0,526793.0,201.0,28079.0,12526.0,154208.0,152479.0,28.0,3781.0,2086.0,21706.0,21507.0,239.0,31157.0,18185.0,181796.0,178969.0,106.0,14754.0,10062.0,110243.0,104774.0,237.0,34020.0,23514.0,226917.0,219784.0
2023,16860,0,0,2291,220397.0,1370993.0,1323825.0,149363.0,15207.0,20393.0,847.0,90898.0,58359.0,579785.0,556052.0,304.0,34207.0,16197.0,179133.0,176648.0,53.0,6128.0,4919.0,36153.0,35623.0,376.0,40869.0,22923.0,225963.0,222841.0,98.0,10285.0,6677.0,78332.0,73046.0,316.0,33929.0,24283.0,226927.0,217374.0
2023,46520,0,0,3500,326821.0,1648190.0,1609388.0,188032.0,8912.0,16826.0,1360.0,146093.0,72896.0,703085.0,691165.0,395.0,52565.0,15555.0,225345.0,221576.0,86.0,9990.0,4332.0,44650.0,44650.0,554.0,61464.0,25001.0,245627.0,242318.0,165.0,18065.0,10131.0,103901.0,101212.0,541.0,56805.0,31146.0,297679.0,292321.0
2023,14260,0,0,3052,318504.0,1994587.0,1924144.0,230426.0,17137.0,27309.0,1268.0,144890.0,103968.0,929478.0,893575.0,414.0,49707.0,24864.0,262612.0,256659.0,60.0,5558.0,4699.0,34533.0,33891.0,452.0,53242.0,31451.0,294933.0,288755.0,239.0,28048.0,21939.0,203890.0,194556.0,487.0,52345.0,41389.0,355404.0,337288.0
2023,17660,0,0,549,70748.0,445637.0,426543.0,51237.0,3718.0,8155.0,192.0,29389.0,19848.0,188814.0,179411.0,58.0,9448.0,4319.0,55195.0,54302.0,10.0,1540.0,1043.0,8414.0,8231.0,71.0,11426.0,6607.0,63080.0,61428.0,31.0,6108.0,3725.0,45697.0,43190.0,77.0,10235.0,8266.0,67999.0,64933.0
2023,16980,1,1,26536,3239611.0,19041839.0,18300119.0,2102942.0,175460.0,300131.0,11800.0,1554559.0,981937.0,9379557.0,8954420.0,3684.0,529213.0,202932.0,2483498.0,2430576.0,792.0,87179.0,68828.0,583020.0,554275.0,4777.0,677863.0,344898.0,3321439.0,3240583.0,1530.0,196610.0,138237.0,1426227.0,1334774.0,4440.0,536711.0,397687.0,3662370.0,3454839.0
2023,16980,1,0,3526,385076.0,2360693.0,2290151.0,275229.0,23122.0,30957.0,1342.0,168054.0,115909.0,1066114.0,1031068.0,367.0,52143.0,27183.0,290338.0,278753.0,62.0,6937.0,5428.0,51427.0,47469.0,503.0,64471.0,38641.0,351284.0,343878.0,200.0,28758.0,20123.0,212467.0,202205.0,498.0,60654.0,45062.0,406052.0,391422.0
2023,40420,0,0,1298,131142.0,808577.0,787019.0,88290.0,9541.0,7902.0,512.0,55893.0,36124.0,358406.0,345629.0,147.0,18201.0,9417.0,102821.0,99978.0,27.0,3518.0,2348.0,20520.0,19620.0,208.0,21721.0,13066.0,127954.0,122265.0,61.0,6741.0,4381.0,48070.0,46354.0,181.0,20194.0,13511.0,130598.0,126277.0
2023,44100,0,0,953,82737.0,514849.0,497128.0,58177.0,5004.0,9317.0,383.0,35170.0,24620.0,221099.0,213929.0,105.0,10646.0,5761.0,56493.0,55977.0,15.0,1681.0,1458.0,9356.0,9356.0,182.0,17056.0,10254.0,92017.0,91029.0,44.0,3647.0,2883.0,29561.0,28251.0,135.0,12233.0,9621.0,86665.0,82097.0
2023,41180,1,1,9060,1072501.0,6605810.0,6368068.0,752035.0,62152.0,98225.0,3543.0,469762.0,323141.0,3046213.0,2911377.0,1178.0,169922.0,84317.0,912800.0,897152.0,187.0,22864.0,18485.0,149704.0,145830.0,1429.0,193241.0,115192.0,1045988.0,1025544.0,452.0,58231.0,43258.0,459555.0,424985.0,1398.0,183784.0,139137.0,1298333.0,1232320.0
2023,14010,0,0,879,69579.0,444035.0,419641.0,46050.0,4696.0,7962.0,360.0,29407.0,22543.0,210241.0,194371.0,126.0,10598.0,4468.0,53429.0,51912.0,16.0,1011.0,852.0,6955.0,6771.0,137.0,12101.0,7526.0,70382.0,67267.0,57.0,4762.0,4055.0,43889.0,36127.0,134.0,10325.0,8422.0,76881.0,73300.0
2023,41180,1,0,1657,106239.0,658733.0,641518.0,80658.0,4976.0,8175.0,528.0,39274.0,29045.0,256409.0,247043.0,173.0,14784.0,8636.0,83368.0,81925.0,17.0,1072.0,961.0,6449.0,6284.0,195.0,14805.0,9817.0,84167.0,82695.0,89.0,6916.0,5831.0,54026.0,50639.0,201.0,15082.0,11523.0,95939.0,93427.0
2023,21140,0,0,713,71696.0,463348.0,445133.0,51257.0,5947.0,7926.0,283.0,30870.0,22207.0,209586.0,200929.0,97.0,10230.0,5416.0,60206.0,58669.0,10.0,774.0,774.0,6456.0,5842.0,97.0,12840.0,8396.0,78409.0,76901.0,74.0,7609.0,5523.0,55938.0,52431.0,97.0,10656.0,7251.0,69883.0,67541.0
2023,14020,0,0,473,60474.0,332276.0,324313.0,30776.0,3248.0,3426.0,183.0,21574.0,13448.0,124247.0,121636.0,82.0,11781.0,3426.0,49749.0,49749.0,6.0,542.0,363.0,3064.0,3064.0,92.0,9945.0,4588.0,49298.0,48376.0,15.0,2750.0,1975.0,18220.0,18092.0,64.0,7422.0,5921.0,47718.0,46592.0
2023,26900,1,1,6588,799015.0,5074498.0,4835240.0,533170.0,51931.0,90342.0,2868.0,384553.0,264048.0,2591513.0,2434953.0,974.0,137871.0,62068.0,750063.0,735472.0,160.0,19044.0,15312.0,141141.0,130121.0,1171.0,158720.0,94669.0,911939.0,879095.0,405.0,54981.0,40828.0,426057.0,391835.0,1076.0,141698.0,106237.0,1041920.0,964951.0
2023,33140,0,0,472,45027.0,268826.0,261393.0,33637.0,2083.0,2431.0,152.0,16624.0,11404.0,103169.0,99910.0,44.0,5188.0,2553.0,25429.0,25183.0,9.0,1135.0,871.0,6236.0,6236.0,70.0,8029.0,4801.0,46529.0,44238.0,26.0,2946.0,2226.0,18276.0,18078.0,44.0,5093.0,4056.0,33760.0,32990.0
2023,26900,1,0,609,52836.0,324127.0,317294.0,38808.0,2745.0,3728.0,216.0,22392.0,15344.0,139637.0,135792.0,61.0,6062.0,3794.0,37274.0,36185.0,6.0,435.0,392.0,3796.0,3372.0,95.0,10326.0,5939.0,57338.0,56304.0,28.0,2725.0,2039.0,20219.0,18543.0,78.0,7303.0,6015.0,49870.0,48735.0
2023,23060,0,0,1486,156929.0,988119.0,950285.0,107043.0,9518.0,15811.0,658.0,72346.0,51356.0,479860.0,459516.0,226.0,24617.0,13361.0,136755.0,135036.0,30.0,3202.0,2668.0,22502.0,21877.0,279.0,28303.0,16862.0,154504.0,152737.0,102.0,13093.0,10248.0,104697.0,98724.0,223.0,24332.0,18856.0,173959.0,164177.0
2023,31140,0,0,5626,523819.0,3230730.0,3095829.0,363778.0,26994.0,53367.0,2236.0,232183.0,155806.0,1485891.0,1412921.0,725.0,87177.0,46413.0,477373.0,462446.0,117.0,10330.0,7291.0,67141.0,64461.0,894.0,94973.0,53637.0,515799.0,501684.0,292.0,31723.0,24161.0,238366.0,223430.0,880.0,86582.0,63104.0,604189.0,565217.0
2023,29200,0,0,730,74778.0,443427.0,427439.0,41376.0,4099.0,6801.0,290.0,29952.0,19588.0,192529.0,184037.0,138.0,14251.0,4528.0,66687.0,65982.0,13.0,1264.0,621.0,5525.0,5462.0,126.0,13292.0,7343.0,70387.0,68748.0,48.0,5828.0,4087.0,44650.0,41383.0,94.0,8990.0,6421.0,64054.0,60883.0
2023,34620,0,0,512,43490.0,251738.0,247220.0,27958.0,2288.0,2019.0,191.0,16322.0,11018.0,101243.0,100094.0,67.0,5939.0,2955.0,30341.0,30278.0,5.0,602.0,602.0,3108.0,3060.0,75.0,6022.0,3800.0,33059.0,32864.0,29.0,2566.0,2285.0,16520.0,16520.0,74.0,6860.0,4294.0,44341.0,43708.0
2023,26980,0,0,457,62566.0,383804.0,364161.0,37720.0,3619.0,7990.0,180.0,26610.0,18927.0,181616.0,168106.0,78.0,12306.0,4500.0,64914.0,64023.0,22.0,4140.0,3397.0,29648.0,27852.0,75.0,11694.0,5897.0,65986.0,63373.0,25.0,3277.0,3225.0,25073.0,23565.0,79.0,12343.0,10710.0,95012.0,85623.0
2023,19780,0,0,1630,252121.0,1562414.0,1486121.0,170479.0,14922.0,29056.0,721.0,124634.0,86929.0,810114.0,762924.0,276.0,45284.0,21766.0,234443.0,230614.0,38.0,5594.0,4974.0,38269.0,37345.0,285.0,51725.0,29608.0,276635.0,268879.0,98.0,18937.0,15598.0,151950.0,136627.0,299.0,47606.0,37725.0,330065.0,311306.0
2023,36540,0,0,3578,426154.0,2735378.0,2593975.0,285305.0,31609.0,55210.0,1503.0,201202.0,137349.0,1381942.0,1291867.0,513.0,74621.0,36612.0,405320.0,396797.0,70.0,8901.0,6474.0,57358.0,55115.0,561.0,76225.0,41627.0,436413.0,419514.0,269.0,36512.0,27499.0,308731.0,275142.0,552.0,73896.0,55819.0,523925.0,493158.0
2023,28140,1,1,7898,904931.0,5678028.0,5438570.0,598354.0,57882.0,98492.0,3269.0,417484.0,278516.0,2754152.0,2612378.0,1138.0,155493.0,67586.0,819635.0,801239.0,174.0,23297.0,16803.0,157980.0,147260.0,1309.0,168085.0,91820.0,924540.0,900371.0,489.0,63713.0,46951.0,487884.0,455566.0,1209.0,153144.0,115659.0,1107371.0,1035342.0
2023,48620,0,0,2017,243202.0,1538581.0,1466947.0,157720.0,16875.0,28617.0,771.0,105882.0,68646.0,695248.0,658147.0,287.0,43954.0,20594.0,244150.0,240508.0,39.0,5051.0,3930.0,35336.0,34401.0,308.0,43060.0,22315.0,235756.0,227340.0,126.0,16568.0,12029.0,124393.0,116333.0,262.0,36570.0,26929.0,259268.0,242038.0
2023,45820,0,0,1203,105769.0,662834.0,635470.0,75285.0,5810.0,10637.0,432.0,42535.0,28174.0,285394.0,266585.0,132.0,13926.0,7022.0,87450.0,81815.0,17.0,994.0,919.0,7316.0,6870.0,174.0,17569.0,9708.0,96895.0,92927.0,77.0,8630.0,6288.0,71635.0,63598.0,144.0,13026.0,10328.0,89706.0,85411.0
2023,29940,0,0,322,50272.0,282687.0,270822.0,24552.0,1916.0,3783.0,125.0,19554.0,11444.0,124263.0,116849.0,49.0,9566.0,3138.0,42157.0,42157.0,7.0,897.0,584.0,4706.0,4706.0,57.0,8205.0,4119.0,40219.0,40219.0,11.0,1873.0,1042.0,15987.0,14854.0,50.0,8084.0,5772.0,56597.0,52564.0
2023,17140,1,1,7875,872679.0,5545406.0,5271941.0,582686.0,55892.0,109897.0,3153.0,388757.0,259857.0,2605196.0,2446258.0,1095.0,145208.0,69342.0,789714.0,762058.0,170.0,19287.0,16491.0,146936.0,135319.0,1254.0,159013.0,88968.0,873739.0,846030.0,475.0,62024.0,43676.0,488789.0,445748.0,1185.0,140787.0,107985.0,1044017.0,966603.0
2023,17300,0,0,1145,130883.0,811500.0,782555.0,78661.0,7280.0,11290.0,473.0,58185.0,34240.0,383920.0,367660.0,195.0,29595.0,13085.0,169372.0,166032.0,25.0,3167.0,2014.0,23352.0,22205.0,165.0,18798.0,9286.0,106718.0,103594.0,76.0,10594.0,6290.0,80598.0,75858.0,197.0,25127.0,16275.0,172442.0,165405.0
2023,43340,0,0,1573,163752.0,979552.0,959865.0,105924.0,7962.0,8958.0,506.0,65527.0,39966.0,390324.0,382704.0,137.0,20592.0,8256.0,116290.0,114005.0,20.0,2169.0,1867.0,12491.0,12491.0,202.0,27862.0,14936.0,148423.0,146227.0,56.0,6940.0,3817.0,47128.0,46588.0,233.0,27981.0,19047.0,175055.0,171398.0
2023,29180,0,0,1898,190215.0,1086893.0,1069226.0,129399.0,8040.0,9620.0,610.0,75440.0,50627.0,436292.0,429677.0,176.0,24201.0,12937.0,126785.0,126193.0,26.0,3537.0,2836.0,22133.0,21975.0,255.0,31433.0,18529.0,159634.0,158278.0,88.0,11578.0,8349.0,75475.0,74230.0,255.0,30573.0,23421.0,186939.0,184026.0
2023,33740,0,0,576,61430.0,367263.0,359285.0,38771.0,3117.0,3715.0,180.0,24193.0,14754.0,152774.0,148450.0,59.0,8365.0,3660.0,44803.0,44458.0,9.0,1455.0,926.0,8150.0,8069.0,73.0,8432.0,4199.0,46023.0,44677.0,25.0,3461.0,2071.0,24525.0,23417.0,79.0,11649.0,7954.0,77076.0,75109.0
2023,35380,1,1,4717,492114.0,2907387.0,2835500.0,327738.0,23798.0,31185.0,1845.0,221537.0,142698.0,1319856.0,1285808.0,565.0,67809.0,29884.0,340980.0,338639.0,107.0,10116.0,8197.0,65770.0,62344.0,862.0,96988.0,54958.0,501709.0,495849.0,205.0,27023.0,16208.0,188299.0,179769.0,632.0,79226.0,56869.0,500990.0,485964.0
2023,12940,0,0,2803,319675.0,1887474.0,1838138.0,221436.0,12276.0,20813.0,952.0,128519.0,89523.0,787154.0,762855.0,328.0,46882.0,23138.0,236981.0,235315.0,50.0,6463.0,4949.0,40226.0,38338.0,366.0,47475.0,29194.0,256244.0,253644.0,144.0,20527.0,14946.0,141528.0,134302.0,385.0,53701.0,39921.0,335243.0,324110.0
2023,38860,0,0,1709,237365.0,1418011.0,1376552.0,173693.0,9519.0,18435.0,633.0,99904.0,70820.0,608910.0,590653.0,189.0,32218.0,13546.0,170385.0,168711.0,38.0,5396.0,4465.0,35469.0,34466.0,284.0,46605.0,27592.0,244895.0,240836.0,46.0,7204.0,5851.0,56307.0,51903.0,261.0,39801.0,30938.0,265048.0,257884.0
2023,12620,0,0,499,54721.0,318786.0,308693.0,37505.0,2642.0,3856.0,146.0,20112.0,13818.0,122974.0,117066.0,48.0,7827.0,3498.0,38768.0,37957.0,3.0,430.0,332.0,1427.0,1427.0,58.0,8362.0,3685.0,38450.0,37730.0,30.0,3848.0,3452.0,31090.0,27613.0,62.0,7951.0,6642.0,51254.0,49925.0
2023,30340,0,0,332,47567.0,264264.0,257617.0,30007.0,1045.0,2730.0,123.0,19835.0,12045.0,118839.0,115012.0,34.0,7702.0,3794.0,40298.0,39295.0,2.0,665.0,665.0,4655.0,4655.0,55.0,8259.0,4400.0,41619.0,41059.0,12.0,2020.0,670.0,13557.0,12789.0,50.0,8698.0,6764.0,52876.0,51467.0
2023,12580,1,1,10565,1079808.0,7139665.0,6757830.0,717604.0,82704.0,151231.0,4448.0,512074.0,327708.0,3399481.0,3217608.0,1372.0,162409.0,71532.0,877109.0,859490.0,278.0,26873.0,20661.0,182822.0,176362.0,1816.0,218371.0,117362.0,1212557.0,1176412.0,502.0,55568.0,37012.0,433321.0,396429.0,1754.0,196858.0,142436.0,1443884.0,1356367.0
2023,15680,0,0,343,38025.0,275887.0,255119.0,28547.0,3131.0,8344.0,155.0,16293.0,12867.0,124964.0,115151.0,50.0,5769.0,2791.0,33834.0,32917.0,15.0,1250.0,1164.0,9526.0,8837.0,55.0,5604.0,4580.0,40669.0,38446.0,28.0,2852.0,1789.0,24548.0,21757.0,65.0,6689.0,5211.0,49567.0,46305.0
2023,14460,1,1,13897,1364544.0,7787616.0,7487477.0,792539.0,72519.0,119089.0,6040.0,640170.0,368400.0,3723182.0,3566225.0,2293.0,234635.0,66419.0,1026941.0,1013039.0,480.0,46949.0,34852.0,290850.0,279717.0,2665.0,288095.0,125196.0,1312372.0,1292810.0,529.0,58733.0,40405.0,445714.0,405663.0,2434.0,245051.0,173224.0,1656582.0,1567832.0
2023,14460,1,0,5134,558418.0,3347285.0,3252268.0,394498.0,33008.0,43692.0,2075.0,241239.0,167211.0,1494514.0,1444816.0,538.0,68397.0,31744.0,352766.0,345288.0,145.0,16341.0,12817.0,103062.0,99352.0,714.0,85306.0,49796.0,440620.0,432849.0,257.0,32660.0,24514.0,233322.0,220905.0,891.0,100790.0,77952.0,671156.0,646676.0
2023,44140,0,0,2134,221366.0,1222084.0,1203574.0,136812.0,9316.0,8269.0,808.0,94042.0,54309.0,538640.0,530951.0,249.0,29113.0,12334.0,142746.0,141979.0,44.0,4550.0,3359.0,25880.0,25833.0,355.0,38784.0,22059.0,204542.0,200823.0,77.0,9334.0,4953.0,58452.0,57326.0,291.0,35530.0,21381.0,211886.0,209536.0
2023,12700,0,0,1094,118206.0,718022.0,697445.0,92573.0,5955.0,9505.0,257.0,37003.0,26538.0,218274.0,212451.0,51.0,10107.0,5843.0,48095.0,47701.0,9.0,2457.0,971.0,9953.0,9953.0,109.0,15289.0,10776.0,81690.0,79726.0,29.0,3985.0,2928.0,28950.0,27440.0,101.0,14765.0,10855.0,89681.0,87898.0
2023,39300,1,1,5474,591736.0,3408223.0,3327664.0,375699.0,26736.0,40759.0,2164.0,265656.0,164107.0,1584588.0,1544556.0,674.0,89418.0,38006.0,456156.0,446556.0,131.0,15588.0,11004.0,95343.0,93032.0,898.0,109488.0,58513.0,570167.0,560043.0,222.0,32071.0,20563.0,221535.0,213277.0,816.0,96650.0,66897.0,618699.0,601266.0
2023,39300,1,0,683,64517.0,365575.0,359240.0,36627.0,2848.0,2628.0,268.0,29477.0,14626.0,168013.0,165311.0,77.0,8832.0,2973.0,46852.0,46260.0,13.0,1796.0,549.0,10105.0,9601.0,112.0,11499.0,4461.0,56781.0,56412.0,32.0,4132.0,2134.0,28487.0,27337.0,84.0,9931.0,5469.0,58740.0,57649.0
2023,38340,0,0,794,57360.0,343752.0,333759.0,40271.0,2930.0,4483.0,255.0,21430.0,13940.0,127156.0,125173.0,63.0,6784.0,3105.0,37546.0,36666.0,10.0,788.0,619.0,4712.0,4712.0,115.0,10977.0,6620.0,58144.0,57571.0,22.0,1810.0,1200.0,12144.0,11905.0,100.0,7248.0,4992.0,47221.0,46050.0
2023,11460,0,0,1318,146445.0,880190.0,839633.0,90481.0,6406.0,16566.0,522.0,58901.0,36350.0,369140.0,349585.0,206.0,26856.0,8371.0,126842.0,124958.0,31.0,2660.0,2174.0,18888.0,18235.0,246.0,28725.0,13523.0,145005.0,142631.0,62.0,7666.0,5814.0,67183.0,59130.0,190.0,20231.0,15320.0,138016.0,131464.0
2023,19820,1,1,12984,1685281.0,10582735.0,10195612.0,1211293.0,99064.0,161231.0,5192.0,739012.0,524272.0,4816021.0,4615174.0,1605.0,245605.0,129174.0,1339789.0,1317469.0,283.0,35600.0,28332.0,227359.0,220236.0,2127.0,309792.0,197725.0,1788400.0,1738625.0,706.0,105656.0,78093.0,779068.0,733432.0,1894.0,259376.0,196073.0,1802399.0,1714051.0
2023,28020,0,0,1532,158110.0,983362.0,946792.0,107650.0,9780.0,14214.0,596.0,67159.0,44496.0,434087.0,415428.0,194.0,27205.0,12602.0,151036.0,148187.0,23.0,2490.0,2342.0,17365.0,16367.0,246.0,28872.0,16223.0,160272.0,156311.0,93.0,10507.0,7901.0,80549.0,76893.0,218.0,24133.0,18388.0,164926.0,155871.0
2023,33780,0,0,535,61292.0,389904.0,382524.0,50395.0,4778.0,4352.0,177.0,22821.0,18920.0,152718.0,149129.0,52.0,5735.0,4171.0,31993.0,31909.0,12.0,1071.0,1071.0,6638.0,6638.0,56.0,7739.0,5571.0,46919.0,46087.0,27.0,3060.0,2842.0,20981.0,20410.0,76.0,10041.0,9014.0,69907.0,68433.0
2023,24340,0,0,2652,364032.0,2421474.0,2286757.0,267122.0,28239.0,50332.0,1102.0,160414.0,120058.0,1133460.0,1058379.0,415.0,64010.0,33334.0,371542.0,360233.0,66.0,9292.0,7908.0,67526.0,63122.0,425.0,61205.0,38253.0,373444.0,352080.0,185.0,27257.0,22299.0,213052.0,199355.0,435.0,64049.0,52784.0,481054.0,445700.0
2023,40980,0,0,801,74418.0,464249.0,449941.0,56357.0,2990.0,5303.0,296.0,29332.0,21627.0,192721.0,184205.0,85.0,10181.0,5942.0,59335.0,58154.0,13.0,1002.0,900.0,6375.0,6375.0,107.0,11043.0,7609.0,61338.0,60609.0,47.0,5078.0,4044.0,44591.0,38230.0,108.0,9590.0,7619.0,62600.0,61358.0
2023,29620,0,0,1911,190271.0,1177653.0,1131211.0,128967.0,10175.0,17965.0,711.0,76440.0,54558.0,494633.0,472100.0,260.0,28183.0,15705.0,153980.0,151206.0,46.0,4333.0,3891.0,28436.0,26828.0,279.0,35680.0,20926.0,199920.0,196384.0,95.0,9013.0,6929.0,68058.0,62316.0,277.0,26650.0,22284.0,189418.0,178641.0
2023,19820,1,0,596,53659.0,335067.0,327137.0,44577.0,3407.0,3999.0,225.0,20128.0,16476.0,128666.0,124782.0,62.0,8027.0,4663.0,40450.0,40229.0,13.0,1441.0,1412.0,10371.0,10161.0,65.0,6252.0,4596.0,34148.0,33593.0,39.0,3282.0,2791.0,23126.0,21649.0,93.0,9097.0,7569.0,59296.0,57741.0
2023,27100,0,0,604,59967.0,386387.0,370453.0,47066.0,3916.0,6977.0,225.0,24495.0,18651.0,167783.0,157125.0,77.0,10019.0,5305.0,55982.0,55633.0,10.0,1147.0,447.0,6408.0,6408.0,81.0,8615.0,5584.0,47634.0,46096.0,47.0,5091.0,4196.0,44008.0,38526.0,80.0,8733.0,6546.0,62208.0,58864.0
2023,34740,0,0,654,68816.0,436425.0,423154.0,56242.0,4027.0,6061.0,237.0,29314.0,25233.0,196484.0,189033.0,69.0,10406.0,7794.0,60467.0,60309.0,8.0,1106.0,830.0,6440.0,6440.0,92.0,11061.0,9710.0,70215.0,68554.0,46.0,5185.0,4912.0,35688.0,34533.0,76.0,10626.0,8673.0,71580.0,68787.0
2023,35660,0,0,747,62770.0,403400.0,385873.0,46317.0,4183.0,7119.0,261.0,26001.0,18092.0,174532.0,165782.0,73.0,8722.0,4718.0,50239.0,48830.0,15.0,1117.0,763.0,7772.0,7502.0,107.0,10546.0,6449.0,59420.0,57754.0,40.0,4898.0,4208.0,40406.0,37695.0,90.0,8727.0,5770.0,60836.0,57303.0
2023,31860,0,0,475,38812.0,258307.0,243875.0,25052.0,3322.0,5320.0,184.0,14894.0,10555.0,111864.0,103159.0,56.0,5967.0,2328.0,35115.0,34099.0,5.0,332.0,316.0,2165.0,2149.0,63.0,6462.0,3535.0,41186.0,40151.0,39.0,2507.0,2312.0,25207.0,20689.0,68.0,4571.0,3850.0,34769.0,32220.0
2023,33460,1,1,9271,1455098.0,9430353.0,8856044.0,1031959.0,106697.0,213459.0,4058.0,699126.0,505661.0,4681132.0,4380941.0,1288.0,247501.0,120915.0,1319274.0,1276495.0,240.0,40086.0,34325.0,288661.0,273051.0,1635.0,298197.0,174641.0,1610551.0,1555986.0,619.0,107661.0,86262.0,837320.0,763484.0,1565.0,254107.0,210182.0,1900126.0,1767676.0
2023,41060,0,0,853,79039.0,495641.0,472074.0,53260.0,5619.0,9728.0,351.0,33716.0,22399.0,215164.0,204241.0,97.0,12739.0,5615.0,62915.0,61385.0,17.0,2081.0,956.0,10365.0,10250.0,126.0,14366.0,7115.0,76078.0,71771.0,70.0,5885.0,4753.0,43649.0,41373.0,137.0,12318.0,9446.0,85673.0,81575.0
2023,25060,0,0,1542,141906.0,827162.0,808728.0,93403.0,6766.0,9015.0,557.0,62746.0,37477.0,364393.0,358303.0,140.0,18419.0,7843.0,91907.0,90835.0,14.0,1016.0,621.0,6373.0,6309.0,225.0,27150.0,14790.0,140471.0,138988.0,82.0,7997.0,5916.0,56913.0,55939.0,211.0,22920.0,13847.0,136473.0,133865.0
2023,32820,0,0,4303,464960.0,2901865.0,2807026.0,279518.0,29389.0,40108.0,1733.0,217355.0,122020.0,1359440.0,1316343.0,549.0,77596.0,26371.0,405861.0,402746.0,75.0,8723.0,6583.0,56237.0,55105.0,723.0,90531.0,47671.0,512282.0,498762.0,241.0,29982.0,16195.0,201848.0,195014.0,611.0,76196.0,47820.0,514556.0,494382.0
2023,27140,0,0,2235,236119.0,1465036.0,1423473.0,160069.0,12740.0,17937.0,792.0,100039.0,62879.0,629192.0,610170.0,234.0,30935.0,11101.0,161060.0,158904.0,34.0,3380.0,2827.0,23391.0,22461.0,326.0,41121.0,21272.0,226037.0,222707.0,108.0,14622.0,8981.0,107481.0,102886.0,297.0,35930.0,26230.0,233844.0,226430.0
2023,25620,0,0,668,69353.0,406713.0,395821.0,46748.0,2565.0,4566.0,231.0,27822.0,18437.0,167073.0,162172.0,87.0,9132.0,4185.0,47533.0,46749.0,13.0,1156.0,1001.0,7016.0,7016.0,92.0,10461.0,5859.0,60095.0,57398.0,30.0,3662.0,2156.0,24373.0,23707.0,94.0,12596.0,8811.0,73432.0,72766.0
2023,27900,0,0,766,72381.0,448600.0,435901.0,47533.0,5003.0,4932.0,289.0,30541.0,19653.0,197150.0,189468.0,92.0,11305.0,5683.0,64249.0,62696.0,9.0,733.0,528.0,4105.0,4105.0,119.0,12167.0,6287.0,68634.0,67808.0,54.0,5511.0,2993.0,39410.0,37499.0,110.0,11413.0,9255.0,79795.0,74850.0
2023,41140,0,0,572,43210.0,279855.0,266817.0,29725.0,2780.0,5311.0,192.0,16851.0,12363.0,116343.0,108306.0,63.0,7290.0,4268.0,44731.0,42697.0,4.0,560.0,436.0,3069.0,3069.0,70.0,6022.0,4072.0,35239.0,33663.0,35.0,4103.0,3417.0,35277.0,30790.0,72.0,5673.0,3932.0,39038.0,37082.0
2023,44180,0,0,1534,177032.0,1071876.0,1034493.0,109823.0,10401.0,13671.0,585.0,73897.0,46609.0,461368.0,445009.0,230.0,29547.0,11570.0,159480.0,154256.0,26.0,3163.0,2314.0,20512.0,19994.0,227.0,28248.0,13108.0,155721.0,152022.0,92.0,10849.0,8718.0,74386.0,72068.0,222.0,29320.0,21194.0,196825.0,187107.0
2023,30700,0,0,921,134749.0,822520.0,779704.0,77515.0,8214.0,16233.0,375.0,54768.0,33241.0,357510.0,338386.0,145.0,24956.0,10393.0,127766.0,123556.0,17.0,1626.0,1574.0,12522.0,11871.0,146.0,23438.0,9414.0,123403.0,120329.0,67.0,10026.0,6748.0,79393.0,72280.0,139.0,18207.0,14258.0,130524.0,123122.0
2023,29820,1,1,8511,870261.0,4834438.0,4725339.0,501160.0,31328.0,45375.0,3567.0,423737.0,221282.0,2376255.0,2319621.0,1052.0,135335.0,43245.0,637375.0,633255.0,141.0,16019.0,9501.0,93936.0,88333.0,1661.0,200743.0,92684.0,1011784.0,991017.0,452.0,56432.0,28529.0,358533.0,349495.0,1115.0,130422.0,75667.0,785053.0,761793.0
2023,39900,0,0,2232,196397.0,1066477.0,1043566.0,122806.0,6405.0,9940.0,839.0,85659.0,50222.0,465205.0,455952.0,333.0,32580.0,11567.0,147905.0,147042.0,50.0,4302.0,3092.0,23591.0,23444.0,397.0,42137.0,20566.0,201747.0,199681.0,97.0,9061.0,5615.0,58442.0,57444.0,299.0,30173.0,21016.0,175068.0,171775.0
2023,35620,1,1,60889,6965911.0,35686100.0,34622647.0,3472193.0,257301.0,428688.0,27180.0,3328206.0,1527299.0,16932372.0,16406703.0,7983.0,1047461.0,251548.0,4197059.0,4128458.0,1753.0,203276.0,112252.0,1111053.0,1074284.0,11028.0,1413662.0,477761.0,5672586.0,5573726.0,3114.0,386167.0,207483.0,2481438.0,2354166.0,10654.0,1240336.0,697105.0,7153573.0,6896972.0
2023,35620,1,0,6443,601164.0,3742228.0,3610482.0,434886.0,33253.0,56908.0,2307.0,246566.0,168790.0,1584526.0,1515199.0,611.0,76120.0,33007.0,402680.0,394073.0,163.0,15697.0,12434.0,105056.0,101137.0,868.0,93191.0,55241.0,495758.0,480435.0,380.0,42663.0,30285.0,341368.0,313837.0,890.0,93056.0,70248.0,630348.0,606870.0
2023,37980,1,1,17219,2171606.0,13544150.0,13024136.0,1456133.0,146250.0,217163.0,7095.0,1008592.0,663187.0,6392108.0,6118691.0,2141.0,334685.0,135562.0,1666267.0,1641189.0,476.0,62509.0,48462.0,403355.0,387876.0,2741.0,415665.0,215546.0,2201044.0,2143413.0,869.0,127972.0,95406.0,937625.0,886316.0,2807.0,372593.0,281605.0,2583760.0,2458214.0
2023,45940,0,0,1244,142189.0,850336.0,818523.0,85405.0,8004.0,13419.0,570.0,64904.0,39560.0,394263.0,379391.0,140.0,19975.0,5783.0,87018.0,86238.0,39.0,3544.0,2628.0,22969.0,21319.0,203.0,24650.0,12443.0,128892.0,125864.0,47.0,5642.0,3677.0,35743.0,34280.0,266.0,28052.0,19031.0,189745.0,179712.0
2023,10900,0,0,2857,335349.0,2174470.0,2087514.0,233872.0,25087.0,36809.0,1080.0,146620.0,98270.0,970297.0,927443.0,300.0,43162.0,18476.0,232399.0,226446.0,60.0,8278.0,4991.0,55722.0,53807.0,385.0,51793.0,30486.0,293971.0,284489.0,138.0,19264.0,13617.0,144985.0,135640.0,438.0,58493.0,42018.0,413029.0,394693.0
2023,12100,0,0,1020,103599.0,611995.0,596596.0,70485.0,6121.0,6637.0,337.0,43190.0,26597.0,259279.0,252268.0,76.0,10858.0,4918.0,55908.0,55389.0,23.0,3400.0,1703.0,18534.0,17933.0,127.0,16555.0,10319.0,89916.0,88224.0,45.0,7127.0,3299.0,49441.0,46864.0,131.0,15613.0,9972.0,96835.0,93271.0
2023,36140,0,0,643,51067.0,311672.0,299080.0,40311.0,2537.0,5090.0,147.0,16546.0,12217.0,101357.0,96184.0,44.0,6807.0,3812.0,36367.0,36367.0,9.0,657.0,540.0,3108.0,3108.0,64.0,7409.0,5186.0,43843.0,40121.0,14.0,1545.0,725.0,11001.0,10509.0,57.0,5736.0,4824.0,35868.0,34909.0
2023,10740,0,0,3253,371917.0,2148872.0,2103309.0,255986.0,17717.0,18666.0,1136.0,153764.0,98090.0,894971.0,875880.0,369.0,52810.0,22744.0,256654.0,254035.0,55.0,6932.0,3447.0,39119.0,37457.0,542.0,69835.0,42304.0,364061.0,360713.0,123.0,18533.0,13700.0,120616.0,118001.0,404.0,56290.0,36300.0,351784.0,339727.0
2023,42140,0,0,865,64667.0,346806.0,339789.0,43554.0,1926.0,2924.0,219.0,18921.0,10925.0,95839.0,93674.0,63.0,5836.0,2425.0,23987.0,23774.0,5.0,397.0,205.0,2450.0,2414.0,118.0,10190.0,5364.0,46645.0,45979.0,25.0,1793.0,1127.0,10904.0,10684.0,85.0,8168.0,5172.0,45862.0,44509.0
2023,29740,0,0,700,85752.0,474448.0,463403.0,56209.0,3054.0,4320.0,183.0,26242.0,17818.0,157961.0,151609.0,57.0,10736.0,4116.0,51621.0,51087.0,7.0,1254.0,645.0,9504.0,8842.0,78.0,11613.0,7634.0,69166.0,65102.0,38.0,6192.0,4396.0,37750.0,37172.0,71.0,9765.0,6287.0,55199.0,53489.0
2023,15380,1,1,4889,487446.0,3007526.0,2913338.0,322959.0,24527.0,38191.0,1852.0,205557.0,132508.0,1299098.0,1258274.0,616.0,73127.0,31470.0,399963.0,393398.0,99.0,9407.0,7617.0,62079.0,59914.0,770.0,86399.0,46326.0,469595.0,460285.0,243.0,28061.0,19911.0,206666.0,196987.0,659.0,70376.0,52122.0,483457.0,464759.0
2023,10580,0,0,3814,364148.0,2250912.0,2160290.0,231739.0,23711.0,37024.0,1564.0,158537.0,97613.0,998763.0,953002.0,448.0,51674.0,21215.0,270801.0,266677.0,89.0,7798.0,6065.0,52197.0,50298.0,701.0,70847.0,35789.0,378273.0,365163.0,162.0,17413.0,12100.0,134226.0,124361.0,592.0,59159.0,42694.0,413066.0,393140.0
2023,40380,0,0,5493,441060.0,2742835.0,2659525.0,295142.0,31552.0,36770.0,2047.0,182495.0,119701.0,1170048.0,1129245.0,649.0,66018.0,27975.0,355859.0,348486.0,120.0,10383.0,7253.0,67102.0,64918.0,847.0,77187.0,41649.0,424183.0,413835.0,256.0,23431.0,16363.0,179571.0,167773.0,782.0,68839.0,52607.0,475156.0,459017.0
2023,45060,0,0,3963,268748.0,1671540.0,1616040.0,180874.0,19256.0,25134.0,1423.0,108714.0,73694.0,710671.0,680807.0,431.0,38706.0,14662.0,206544.0,202151.0,77.0,5206.0,4412.0,36628.0,36044.0,558.0,45403.0,25352.0,247282.0,242372.0,187.0,14468.0,11029.0,112160.0,104522.0,585.0,41925.0,31518.0,296306.0,281145.0
2023,46540,0,0,1598,113316.0,702078.0,676272.0,75331.0,6304.0,9813.0,553.0,46059.0,29131.0,301710.0,287304.0,155.0,14566.0,7167.0,86887.0,83842.0,22.0,1476.0,1360.0,10071.0,9741.0,229.0,19276.0,9453.0,109585.0,105323.0,76.0,5925.0,4443.0,44129.0,41246.0,218.0,19320.0,13858.0,134433.0,128010.0
2023,27060,0,0,444,42267.0,236185.0,227848.0,23988.0,2321.0,3576.0,160.0,14326.0,9920.0,91400.0,87881.0,72.0,5878.0,1418.0,26038.0,25574.0,11.0,891.0,582.0,5525.0,5525.0,79.0,7269.0,4433.0,39912.0,39325.0,12.0,1054.0,1028.0,8825.0,8147.0,65.0,5523.0,4475.0,39762.0,37406.0
2023,24020,0,0,826,54415.0,336732.0,326901.0,39427.0,2567.0,4187.0,267.0,21363.0,14677.0,133447.0,128938.0,76.0,6031.0,3347.0,34800.0,34060.0,11.0,1022.0,767.0,6096.0,6096.0,118.0,9432.0,5557.0,50628.0,49784.0,34.0,3467.0,2245.0,24357.0,23502.0,98.0,6943.0,5592.0,45078.0,44112.0
2023,11700,0,0,2327,212838.0,1257534.0,1220215.0,150800.0,8749.0,16303.0,702.0,73985.0,50983.0,446914.0,429928.0,207.0,21166.0,9078.0,103167.0,101581.0,36.0,3409.0,2374.0,19892.0,19571.0,335.0,34836.0,18462.0,178831.0,175432.0,78.0,9257.0,7043.0,66037.0,62481.0,299.0,32485.0,24959.0,209540.0,200703.0
2023,16740,1,1,10208,1039966.0,6491991.0,6205812.0,673207.0,71800.0,111331.0,4471.0,503558.0,324658.0,3285662.0,3106736.0,1420.0,173185.0,66822.0,865100.0,852286.0,245.0,25731.0,16410.0,166322.0,159069.0,1859.0,210076.0,116115.0,1170377.0,1132450.0,536.0,63003.0,43174.0,469429.0,432224.0,1783.0,195711.0,142787.0,1391541.0,1303283.0
2023,49180,0,0,2511,273676.0,1642803.0,1593100.0,184845.0,12752.0,21940.0,839.0,111933.0,74369.0,690822.0,670625.0,251.0,37192.0,15033.0,185784.0,182539.0,44.0,5682.0,3633.0,34947.0,33734.0,344.0,43433.0,27087.0,236320.0,230996.0,99.0,15462.0,9259.0,99980.0,96209.0,360.0,46238.0,31541.0,305195.0,295096.0
2023,39580,1,1,5143,587666.0,3759882.0,3583265.0,386639.0,43553.0,72568.0,2386.0,299814.0,206503.0,2023096.0,1913567.0,725.0,99094.0,39225.0,506654.0,493953.0,154.0,19036.0,12806.0,124773.0,120596.0,940.0,122100.0,69995.0,702963.0,682922.0,280.0,37358.0,27501.0,277265.0,259020.0,1026.0,123241.0,96990.0,915506.0,852467.0
2023,22180,0,0,1656,128903.0,755032.0,740783.0,72351.0,5973.0,6437.0,701.0,57722.0,30582.0,341555.0,334910.0,288.0,25897.0,9836.0,140332.0,137507.0,27.0,2217.0,1172.0,13552.0,13198.0,318.0,26508.0,11723.0,139265.0,137943.0,102.0,8578.0,5024.0,56058.0,54573.0,234.0,19187.0,11292.0,121835.0,118894.0
2023,48900,0,0,1219,130476.0,758893.0,738641.0,85030.0,6160.0,9250.0,445.0,53127.0,35356.0,324089.0,313475.0,156.0,18683.0,7729.0,86621.0,86430.0,31.0,3263.0,2377.0,19956.0,19827.0,225.0,27151.0,14815.0,142673.0,139988.0,53.0,6705.0,4769.0,46891.0,45126.0,153.0,19085.0,14699.0,125709.0,120910.0
2023,34820,0,0,2121,215289.0,1295411.0,1263238.0,173519.0,9525.0,14065.0,501.0,63138.0,45616.0,384790.0,372433.0,130.0,18973.0,10154.0,99134.0,98255.0,35.0,3780.0,2848.0,22099.0,21788.0,232.0,28729.0,18893.0,155048.0,152253.0,45.0,6209.0,4933.0,44976.0,42160.0,205.0,26727.0,20502.0,169801.0,165175.0
2023,25860,0,0,1642,169528.0,1010397.0,974618.0,123311.0,8973.0,12231.0,486.0,61138.0,42791.0,387744.0,367640.0,130.0,16879.0,8385.0,88808.0,87609.0,20.0,3313.0,2100.0,19905.0,18645.0,187.0,21417.0,14328.0,118823.0,116968.0,60.0,8144.0,5981.0,56273.0,53135.0,202.0,28201.0,18940.0,183817.0,170019.0
2023,24660,0,0,3010,332853.0,1999647.0,1938524.0,213582.0,17624.0,25929.0,1088.0,138756.0,82124.0,866729.0,831601.0,337.0,49404.0,18885.0,260071.0,257415.0,45.0,4682.0,4137.0,31354.0,30637.0,453.0,57364.0,29859.0,311681.0,305402.0,152.0,23630.0,12289.0,164158.0,153226.0,406.0,48548.0,33830.0,328104.0,312274.0
2023,15500,0,0,832,69211.0,404464.0,394927.0,45623.0,3850.0,3986.0,262.0,26864.0,17818.0,164358.0,159216.0,68.0,6612.0,3277.0,38717.0,38066.0,12.0,767.0,596.0,5452.0,5215.0,89.0,10716.0,5783.0,56530.0,55074.0,44.0,4879.0,3066.0,30180.0,29747.0,129.0,10927.0,8229.0,70748.0,67734.0
2023,40580,0,0,596,58294.0,334422.0,328063.0,33567.0,2132.0,2294.0,165.0,20290.0,8970.0,109268.0,109130.0,45.0,4960.0,1391.0,23780.0,23636.0,3.0,136.0,83.0,806.0,806.0,66.0,9188.0,3320.0,42970.0,42928.0,27.0,3351.0,1773.0,19949.0,19949.0,74.0,7950.0,4009.0,49133.0,47349.0
2023,24780,0,0,621,73432.0,418889.0,410941.0,39042.0,2919.0,3829.0,230.0,29779.0,16309.0,180187.0,174382.0,85.0,12009.0,3427.0,58910.0,57879.0,16.0,2173.0,1745.0,14115.0,13747.0,94.0,13733.0,5421.0,71287.0,69721.0,25.0,2834.0,1881.0,20738.0,20357.0,92.0,11618.0,7283.0,76206.0,72790.0
2023,24140,0,0,457,46125.0,267515.0,263666.0,27176.0,2574.0,2209.0,120.0,12814.0,6678.0,76600.0,75379.0,43.0,4138.0,2168.0,23835.0,23412.0,7.0,565.0,347.0,3180.0,3180.0,41.0,4301.0,2182.0,23624.0,23473.0,27.0,3430.0,1096.0,22132.0,21603.0,64.0,7397.0,4542.0,44104.0,43563.0
2023,13900,0,0,362,55348.0,361290.0,344595.0,40172.0,5278.0,8113.0,134.0,22223.0,15989.0,151550.0,144198.0,47.0,9838.0,4517.0,53733.0,52411.0,7.0,1182.0,1182.0,6829.0,6829.0,53.0,9273.0,6162.0,53953.0,51625.0,22.0,3419.0,2982.0,27669.0,25801.0,55.0,8506.0,6523.0,61234.0,58153.0
2023,17460,0,0,8281,829572.0,5239510.0,5044863.0,554350.0,54998.0,80203.0,3172.0,359038.0,229437.0,2338933.0,2243946.0,1079.0,125566.0,53893.0,674762.0,662647.0,184.0,18359.0,13525.0,125103.0,119357.0,1465.0,167896.0,90374.0,950602.0,926908.0,351.0,40901.0,27122.0,316255.0,297390.0,1086.0,118276.0,88681.0,851788.0,806634.0
2023,18140,1,1,7685,825462.0,5035693.0,4853512.0,492604.0,52643.0,74622.0,3415.0,401474.0,235314.0,2542248.0,2437022.0,1159.0,155409.0,56576.0,796086.0,782502.0,192.0,21659.0,16086.0,149622.0,142988.0,1405.0,175158.0,82616.0,943207.0,919564.0,469.0,53528.0,34516.0,398841.0,372677.0,1269.0,143383.0,99662.0,998060.0,951647.0
2023,15940,0,0,1629,162901.0,1039161.0,1005742.0,114922.0,10122.0,15540.0,610.0,66359.0,43949.0,440117.0,420525.0,181.0,23202.0,12724.0,137433.0,134304.0,37.0,3246.0,2646.0,24539.0,22778.0,247.0,28374.0,16860.0,162414.0,156300.0,76.0,8751.0,6100.0,67378.0,62864.0,230.0,23946.0,17041.0,171317.0,163173.0
2023,19380,0,0,3081,340147.0,2109429.0,2036262.0,216847.0,20687.0,33099.0,1179.0,145044.0,88121.0,936168.0,896946.0,417.0,57674.0,24395.0,310476.0,305213.0,55.0,6112.0,4593.0,41464.0,39262.0,488.0,64366.0,33715.0,358090.0,348972.0,173.0,20318.0,13438.0,154174.0,143689.0,420.0,49125.0,33103.0,347036.0,330338.0
2023,45780,0,0,2500,222924.0,1393477.0,1344439.0,134642.0,14372.0,20452.0,938.0,95009.0,56696.0,617675.0,593723.0,330.0,37821.0,14093.0,211641.0,207518.0,49.0,4917.0,3601.0,32566.0,32094.0,392.0,40383.0,20750.0,223538.0,217914.0,150.0,18444.0,9968.0,132378.0,126749.0,309.0,29342.0,20772.0,208540.0,198582.0
2023,10420,0,0,2623,289092.0,1854567.0,1786762.0,197688.0,23455.0,27295.0,979.0,119555.0,79215.0,796842.0,761478.0,335.0,44001.0,20147.0,245172.0,238343.0,55.0,6624.0,5544.0,48636.0,45230.0,425.0,52938.0,31851.0,307192.0,301418.0,110.0,13626.0,8537.0,103051.0,95625.0,366.0,42986.0,31038.0,312695.0,292951.0
2023,49660,0,0,2606,226571.0,1402970.0,1367956.0,159094.0,11271.0,14834.0,890.0,84580.0,59028.0,551430.0,533473.0,288.0,31751.0,16002.0,182217.0,180052.0,40.0,4150.0,3101.0,24053.0,23805.0,365.0,36055.0,24255.0,216637.0,211683.0,123.0,11821.0,7127.0,86374.0,82634.0,318.0,28569.0,21369.0,189368.0,182663.0
2023,30620,0,0,476,40761.0,263080.0,253949.0,28611.0,2578.0,3352.0,159.0,16902.0,10651.0,117079.0,111935.0,64.0,6592.0,3540.0,39170.0,38293.0,8.0,678.0,414.0,4765.0,3786.0,58.0,5981.0,3451.0,37012.0,35438.0,31.0,3510.0,2332.0,27077.0,26539.0,52.0,6076.0,3577.0,41838.0,39934.0
2023,44220,0,0,649,53751.0,326544.0,318066.0,36765.0,2381.0,3440.0,225.0,21464.0,14140.0,139184.0,135398.0,67.0,7056.0,3627.0,39974.0,39659.0,8.0,792.0,649.0,5122.0,5040.0,97.0,9257.0,5800.0,55237.0,53607.0,37.0,4404.0,2431.0,33355.0,32068.0,60.0,5401.0,4092.0,34458.0,33926.0
2023,31900,0,0,452,49725.0,306529.0,297909.0,34767.0,2346.0,4252.0,165.0,19695.0,12931.0,126857.0,122103.0,46.0,7182.0,4061.0,43714.0,43044.0,3.0,316.0,316.0,2212.0,2212.0,60.0,7607.0,4572.0,42790.0,41636.0,29.0,3709.0,3002.0,28012.0,26847.0,61.0,6929.0,4350.0,45987.0,43552.0
2023,46140,0,0,4143,451631.0,2649143.0,2582850.0,293901.0,23482.0,28869.0,1599.0,193844.0,121034.0,1157786.0,1126714.0,518.0,70627.0,31943.0,358879.0,354569.0,55.0,6771.0,5293.0,42733.0,41528.0,633.0,79119.0,40434.0,403031.0,397572.0,305.0,34934.0,24222.0,235371.0,226193.0,597.0,69325.0,48949.0,446417.0,432206.0
2023,36420,1,1,3501,550426.0,3144438.0,3078106.0,338808.0,24901.0,27672.0,1369.0,245223.0,152922.0,1446843.0,1414116.0,490.0,97286.0,38070.0,466700.0,465343.0,57.0,9613.0,7331.0,58207.0,57031.0,541.0,96405.0,48045.0,488027.0,480878.0,227.0,41676.0,30245.0,284667.0,272525.0,519.0,91022.0,63148.0,564660.0,554670.0
2023,30020,0,0,498,47076.0,275364.0,267241.0,27436.0,1537.0,2888.0,194.0,20441.0,10639.0,123724.0,120244.0,83.0,7941.0,2421.0,43117.0,42842.0,6.0,611.0,329.0,2779.0,2779.0,74.0,7380.0,3159.0,40793.0,39536.0,37.0,4101.0,2202.0,26927.0,26264.0,75.0,8259.0,4716.0,54107.0,50940.0
2023,38900,1,1,9455,982753.0,5569177.0,5384952.0,609643.0,48574.0,78232.0,4362.0,480524.0,289611.0,2738460.0,2651023.0,1393.0,170968.0,63593.0,764794.0,757937.0,249.0,26551.0,20147.0,162787.0,157933.0,2049.0,231417.0,108428.0,1106704.0,1085364.0,448.0,53670.0,37321.0,365301.0,348573.0,1627.0,172400.0,126536.0,1104429.0,1063678.0
2023,41420,0,0,1782,181393.0,1042695.0,1020018.0,113153.0,6111.0,10701.0,680.0,79215.0,44575.0,451410.0,443433.0,187.0,26536.0,9187.0,134442.0,133483.0,27.0,4170.0,2890.0,22156.0,22123.0,283.0,32775.0,15694.0,166738.0,165476.0,105.0,13375.0,7810.0,82506.0,80953.0,241.0,27703.0,17279.0,170367.0,165769.0
2023,21660,0,0,1653,158756.0,877810.0,860595.0,93966.0,6812.0,8529.0,551.0,57634.0,32006.0,322661.0,316641.0,182.0,22167.0,6432.0,103331.0,102699.0,30.0,3855.0,2262.0,21683.0,21295.0,235.0,24710.0,12549.0,124342.0,122927.0,70.0,7438.0,4732.0,52233.0,49441.0,210.0,22513.0,12819.0,126764.0,125244.0
2023,10540,0,0,500,45329.0,252747.0,249461.0,29219.0,2058.0,1158.0,177.0,18896.0,11376.0,99490.0,98601.0,74.0,7514.0,3834.0,34272.0,34248.0,10.0,1165.0,923.0,5988.0,5988.0,72.0,8952.0,4170.0,40607.0,40568.0,25.0,2440.0,1854.0,15770.0,15478.0,69.0,5871.0,4213.0,33898.0,33340.0
2023,18700,0,0,493,41757.0,230116.0,225632.0,25515.0,1529.0,2298.0,173.0,13359.0,8400.0,76024.0,74024.0,66.0,5608.0,1993.0,24015.0,23817.0,8.0,399.0,335.0,2598.0,2533.0,84.0,6375.0,3246.0,31631.0,31315.0,21.0,1722.0,1303.0,10981.0,10360.0,67.0,5107.0,3929.0,31784.0,31162.0
2023,32780,0,0,841,87901.0,491700.0,482751.0,59455.0,3126.0,3699.0,280.0,33337.0,20418.0,186674.0,183964.0,81.0,10693.0,3712.0,51795.0,50907.0,6.0,1106.0,513.0,5655.0,5655.0,121.0,14157.0,8327.0,72812.0,71466.0,40.0,5530.0,4367.0,36447.0,35805.0,104.0,11979.0,7080.0,68014.0,67338.0
2023,25420,0,0,2086,241710.0,1516589.0,1463614.0,165367.0,17737.0,21590.0,797.0,101819.0,68386.0,651990.0,627501.0,257.0,32913.0,15677.0,174106.0,170488.0,42.0,4586.0,3784.0,27979.0,27611.0,311.0,40812.0,25087.0,232598.0,224936.0,112.0,15165.0,10196.0,104947.0,101238.0,320.0,40879.0,28808.0,279400.0,267014.0
2023,38300,1,1,9763,972436.0,6201646.0,5970387.0,688735.0,64977.0,95064.0,3510.0,398109.0,275452.0,2672921.0,2539908.0,1210.0,144628.0,68000.0,803418.0,784933.0,223.0,23328.0,18719.0,169426.0,159149.0,1620.0,185646.0,112311.0,1083398.0,1053271.0,380.0,47514.0,31723.0,374737.0,344887.0,1288.0,139517.0,109123.0,1024571.0,963549.0
2023,29540,0,0,1644,204696.0,1327310.0,1273432.0,144620.0,13169.0,24308.0,635.0,86058.0,60389.0,580479.0,552714.0,235.0,30003.0,15931.0,177723.0,172051.0,52.0,6662.0,5140.0,47236.0,44278.0,235.0,32225.0,19998.0,188839.0,185427.0,124.0,17373.0,12992.0,134697.0,124692.0,227.0,29680.0,21867.0,208499.0,196736.0
2023,39740,0,0,1505,157654.0,1043299.0,1004799.0,112278.0,12235.0,17901.0,609.0,71555.0,48303.0,491020.0,470274.0,186.0,23319.0,12902.0,138607.0,135760.0,31.0,3965.0,2883.0,24833.0,23968.0,204.0,25099.0,14957.0,155731.0,152094.0,88.0,8968.0,6665.0,72001.0,65736.0,248.0,29734.0,21892.0,206969.0,199080.0
2023,27780,0,0,884,54697.0,364424.0,348026.0,41613.0,3166.0,6189.0,309.0,20884.0,15496.0,149825.0,140187.0,89.0,5977.0,3531.0,37564.0,36979.0,11.0,598.0,550.0,3935.0,3727.0,111.0,8500.0,4787.0,53538.0,51912.0,43.0,2552.0,1637.0,19400.0,18225.0,127.0,7774.0,7068.0,60048.0,54736.0
2023,21500,0,0,1017,107963.0,676241.0,654422.0,73972.0,6513.0,9035.0,353.0,40717.0,26032.0,277430.0,264049.0,97.0,13604.0,6179.0,74748.0,73245.0,21.0,2597.0,1947.0,16049.0,15692.0,141.0,16398.0,8834.0,95998.0,93795.0,58.0,7313.0,4455.0,59877.0,54097.0,124.0,14931.0,11508.0,101648.0,98624.0
2023,20700,0,0,522,58896.0,381165.0,367412.0,46595.0,2637.0,7273.0,195.0,23084.0,18225.0,158537.0,151179.0,56.0,6259.0,4128.0,37814.0,36873.0,12.0,1559.0,1325.0,10771.0,10231.0,76.0,8027.0,5582.0,49098.0,48129.0,19.0,2206.0,1740.0,16384.0,16041.0,80.0,10758.0,8870.0,80388.0,74390.0
2023,44300,0,0,648,60137.0,374502.0,360416.0,35411.0,3493.0,7046.0,202.0,20458.0,13448.0,141052.0,134335.0,78.0,7758.0,2220.0,39597.0,38946.0,15.0,1385.0,931.0,10620.0,9865.0,74.0,9286.0,4881.0,52939.0,52071.0,29.0,2201.0,1994.0,19652.0,17816.0,83.0,7044.0,5253.0,52430.0,49443.0
2023,42540,0,0,2233,204501.0,1252346.0,1217953.0,135273.0,11438.0,16946.0,776.0,84536.0,54406.0,544554.0,524324.0,231.0,26153.0,11098.0,151080.0,148571.0,35.0,3451.0,2297.0,21387.0,20413.0,325.0,36388.0,22194.0,214699.0,207942.0,85.0,10856.0,6797.0,76939.0,72509.0,300.0,30013.0,19521.0,199749.0,193075.0
2023,49620,0,0,1641,178857.0,1175661.0,1126466.0,134667.0,12661.0,20360.0,623.0,75539.0,56732.0,520258.0,493146.0,199.0,25643.0,14409.0,155494.0,147892.0,42.0,5148.0,3960.0,36463.0,34567.0,226.0,24973.0,16268.0,142668.0,138432.0,88.0,11799.0,8626.0,85080.0,79946.0,245.0,31905.0,26480.0,240461.0,224894.0
2023,30140,0,0,477,56092.0,362517.0,346106.0,39736.0,3061.0,6902.0,174.0,23450.0,16571.0,154994.0,147833.0,57.0,8364.0,3709.0,48090.0,45622.0,6.0,1377.0,487.0,5854.0,5854.0,61.0,8413.0,6123.0,50217.0,48864.0,23.0,3487.0,2208.0,26689.0,23713.0,60.0,8798.0,6815.0,56720.0,54778.0
2023,43900,0,0,1443,132238.0,788897.0,773495.0,95155.0,7192.0,6815.0,505.0,54256.0,38383.0,333274.0,326328.0,181.0,19965.0,12535.0,108541.0,107793.0,35.0,3564.0,2851.0,22210.0,22116.0,175.0,19886.0,11753.0,108062.0,107058.0,81.0,9146.0,6851.0,59895.0,59156.0,220.0,21715.0,17288.0,142523.0,137769.0
2023,24860,0,0,4351,418069.0,2607513.0,2517082.0,297382.0,26025.0,35019.0,1527.0,165511.0,117040.0,1087584.0,1039742.0,516.0,63216.0,30611.0,334140.0,329530.0,81.0,7655.0,6153.0,53441.0,51696.0,595.0,66667.0,41214.0,384547.0,373769.0,231.0,26658.0,19706.0,189727.0,178757.0,657.0,68255.0,51027.0,469738.0,449435.0
2023,17900,0,0,3353,316964.0,2015817.0,1945888.0,221711.0,21022.0,27913.0,1228.0,131611.0,93633.0,880162.0,840689.0,374.0,47710.0,23416.0,248816.0,243905.0,63.0,5391.0,4200.0,34388.0,33153.0,468.0,52227.0,32289.0,297231.0,290683.0,164.0,18602.0,13939.0,143474.0,132938.0,529.0,52774.0,40032.0,372597.0,357510.0
2023,16700,0,0,3254,340405.0,2103678.0,2033870.0,236503.0,20039.0,28039.0,1196.0,143595.0,98586.0,912108.0,878446.0,461.0,54045.0,23015.0,270701.0,267057.0,96.0,9962.0,7869.0,63798.0,61417.0,523.0,63195.0,38638.0,348096.0,338563.0,152.0,21210.0,15701.0,151043.0,145059.0,497.0,55798.0,40348.0,381982.0,366318.0
2023,16740,1,0,716,62698.0,410313.0,396276.0,50843.0,4142.0,6651.0,214.0,24264.0,18136.0,165882.0,160282.0,69.0,7826.0,4698.0,47418.0,46847.0,18.0,2040.0,1739.0,12766.0,12612.0,71.0,8604.0,5772.0,54511.0,53217.0,31.0,3912.0,2635.0,26338.0,25654.0,111.0,11187.0,9354.0,79734.0,76583.0
2023,44940,0,0,492,45475.0,277750.0,272454.0,30466.0,1853.0,2690.0,123.0,14368.0,9139.0,90140.0,88450.0,39.0,5988.0,3314.0,33280.0,33280.0,5.0,524.0,213.0,2935.0,2751.0,41.0,4304.0,2146.0,25319.0,25178.0,19.0,2208.0,1742.0,14015.0,13867.0,52.0,6790.0,3521.0,41932.0,40531.0
2023,28940,0,0,3936,355933.0,2245095.0,2154729.0,253705.0,23346.0,37622.0,1348.0,141703.0,102160.0,927390.0,887135.0,454.0,47291.0,25609.0,252956.0,250241.0,65.0,6308.0,5089.0,40315.0,39455.0,561.0,60726.0,40331.0,350407.0,340956.0,179.0,19163.0,13060.0,140137.0,132754.0,533.0,53367.0,40736.0,366726.0,346988.0
2023,27180,0,0,499,46379.0,287054.0,277482.0,29516.0,2261.0,4293.0,158.0,18070.0,10694.0,117642.0,112429.0,52.0,8162.0,3978.0,49180.0,47741.0,6.0,650.0,650.0,5553.0,5167.0,63.0,7111.0,3894.0,39774.0,38811.0,29.0,3438.0,2408.0,25816.0,24412.0,55.0,6067.0,3633.0,41726.0,39378.0
2023,34980,1,1,6197,729539.0,4424807.0,4229435.0,458891.0,44079.0,72870.0,2728.0,350715.0,226409.0,2186780.0,2083032.0,1012.0,144616.0,59431.0,695387.0,687637.0,188.0,23276.0,17580.0,146382.0,141986.0,1203.0,161647.0,88864.0,865718.0,841769.0,302.0,40718.0,24957.0,296937.0,275419.0,1049.0,128764.0,98122.0,892693.0,841480.0
2023,34980,1,0,1373,133207.0,819307.0,799449.0,100539.0,7517.0,9044.0,461.0,49527.0,36065.0,314374.0,306142.0,157.0,18997.0,10970.0,106102.0,104583.0,23.0,3412.0,2329.0,20362.0,20362.0,169.0,17670.0,11350.0,97378.0,94929.0,78.0,9798.0,7150.0,67621.0,65095.0,188.0,19358.0,14656.0,128551.0,126140.0
2023,17420,0,0,545,49069.0,288683.0,282200.0,33175.0,3156.0,2628.0,203.0,20193.0,13002.0,118097.0,116664.0,71.0,7241.0,4140.0,40438.0,40031.0,5.0,657.0,657.0,4115.0,4115.0,83.0,8295.0,4540.0,42453.0,42031.0,39.0,3731.0,2296.0,24384.0,24278.0,68.0,6546.0,5009.0,41805.0,41415.0
2023,27740,0,0,1034,96006.0,581414.0,567799.0,67921.0,4410.0,6675.0,305.0,32804.0,22322.0,206543.0,201468.0,98.0,11070.0,6090.0,59730.0,59217.0,14.0,1844.0,969.0,10364.0,10259.0,130.0,13536.0,8250.0,80078.0,78320.0,36.0,4908.0,3541.0,30242.0,29767.0,124.0,13655.0,9183.0,88852.0,86291.0
2023,41700,1,1,7595,884417.0,5077440.0,4938108.0,552559.0,40708.0,58801.0,3201.0,434088.0,260852.0,2554047.0,2475440.0,1039.0,156667.0,60880.0,782884.0,768237.0,145.0,16406.0,13035.0,101548.0,99588.0,1242.0,177832.0,85608.0,881326.0,859506.0,485.0,67980.0,45045.0,453929.0,435734.0,1184.0,154485.0,106862.0,1000810.0,972021.0
2023,12420,1,1,8511,967222.0,5338322.0,5186399.0,550029.0,47684.0,65010.0,4096.0,508581.0,301188.0,2908517.0,2819198.0,1514.0,214521.0,64341.0,931122.0,920525.0,267.0,29701.0,22168.0,186548.0,182008.0,1906.0,259616.0,120489.0,1220373.0,1202478.0,380.0,46865.0,31095.0,323777.0,307282.0,1608.0,179897.0,134942.0,1215658.0,1166258.0
2023,26420,1,1,22948,2652519.0,15440046.0,14951880.0,1622385.0,149973.0,213357.0,10174.0,1335129.0,793542.0,7986182.0,7719990.0,3149.0,450910.0,158728.0,2105445.0,2080443.0,533.0,68070.0,43720.0,421342.0,405394.0,3842.0,498379.0,240123.0,2501566.0,2451251.0,1603.0,221932.0,147733.0,1495492.0,1439052.0,3943.0,518455.0,339500.0,3322860.0,3192605.0
2023,21340,0,0,2906,295228.0,1652466.0,1622675.0,186614.0,8162.0,12834.0,1180.0,140196.0,86366.0,803882.0,791613.0,388.0,47885.0,19996.0,235267.0,234192.0,31.0,3386.0,2723.0,20889.0,19965.0,385.0,44646.0,22918.0,224113.0,221790.0,235.0,29763.0,18353.0,186922.0,183090.0,422.0,51879.0,35213.0,306484.0,301933.0
2023,19100,1,1,28667,2887642.0,16873207.0,16275396.0,1720716.0,153419.0,251614.0,13214.0,1480715.0,868082.0,8822156.0,8496187.0,4186.0,528100.0,175057.0,2394567.0,2368163.0,671.0,72129.0,50344.0,451032.0,436280.0,5009.0,581205.0,259861.0,2847819.0,2781892.0,1919.0,218648.0,145708.0,1502659.0,1434357.0,5235.0,563612.0,382624.0,3681443.0,3527520.0
2023,47380,0,0,1096,94282.0,537969.0,528397.0,61459.0,4554.0,4102.0,426.0,38807.0,25610.0,227242.0,223303.0,149.0,12675.0,6280.0,67700.0,67651.0,13.0,1264.0,1083.0,8005.0,8005.0,143.0,13096.0,7284.0,65326.0,64913.0,89.0,8494.0,6107.0,53463.0,52676.0,164.0,14980.0,10679.0,95420.0,92770.0
2023,41700,1,0,509,52080.0,296303.0,292670.0,42165.0,1956.0,2012.0,101.0,12551.0,9146.0,72001.0,71279.0,20.0,3148.0,1763.0,16023.0,16023.0,1.0,65.0,0.0,195.0,195.0,38.0,4749.0,3680.0,24143.0,24023.0,26.0,4600.0,3142.0,26288.0,26088.0,51.0,6328.0,4534.0,36911.0,36717.0
2023,13140,0,0,1479,146601.0,833349.0,822431.0,99972.0,6885.0,5012.0,534.0,62188.0,38679.0,359948.0,357255.0,152.0,22413.0,10352.0,120990.0,118467.0,21.0,2164.0,1938.0,14209.0,14209.0,186.0,20375.0,9926.0,103178.0,103034.0,91.0,11693.0,7347.0,75415.0,73956.0,218.0,25893.0,18354.0,152327.0,150999.0
2023,29700,0,0,804,81631.0,434275.0,427581.0,53192.0,1090.0,2814.0,346.0,41438.0,28094.0,227593.0,223995.0,95.0,12623.0,5311.0,60492.0,60492.0,13.0,2046.0,984.0,9896.0,9896.0,100.0,12116.0,8236.0,59183.0,58818.0,93.0,10747.0,7406.0,66739.0,64600.0,132.0,16832.0,10641.0,91592.0,90918.0
2023,17780,0,0,1030,90883.0,483669.0,471164.0,41781.0,2360.0,5317.0,333.0,34107.0,17633.0,190030.0,184673.0,189.0,16872.0,4862.0,74368.0,73616.0,23.0,2117.0,1025.0,10208.0,10177.0,132.0,14863.0,5549.0,70207.0,69335.0,54.0,5380.0,3923.0,37432.0,35921.0,142.0,14131.0,8470.0,79289.0,77757.0
2023,31180,0,0,1583,125857.0,678233.0,669957.0,65468.0,3128.0,3982.0,546.0,49629.0,26131.0,275955.0,272428.0,216.0,23513.0,7414.0,110102.0,109879.0,19.0,1753.0,1176.0,10289.0,10289.0,237.0,21810.0,8950.0,106414.0,105802.0,80.0,7233.0,4171.0,47220.0,45817.0,196.0,17289.0,10095.0,101301.0,99789.0
2023,15180,0,0,1511,140017.0,696360.0,690985.0,92317.0,2778.0,2787.0,592.0,60744.0,38525.0,311216.0,308981.0,144.0,17982.0,6997.0,78547.0,78260.0,15.0,1721.0,994.0,8234.0,8234.0,177.0,18622.0,11692.0,88986.0,88511.0,136.0,13780.0,7709.0,72340.0,71814.0,228.0,23930.0,16295.0,122682.0,121321.0
2023,36220,0,0,433,65436.0,341904.0,337676.0,42498.0,1368.0,1835.0,170.0,27590.0,18975.0,153206.0,150693.0,52.0,9685.0,6050.0,47811.0,47497.0,7.0,923.0,837.0,4246.0,4246.0,53.0,9605.0,4955.0,44848.0,44848.0,39.0,7370.0,5597.0,46904.0,44813.0,65.0,9639.0,6809.0,56316.0,55894.0
2023,32580,0,0,2857,271170.0,1392254.0,1378313.0,179615.0,4216.0,5440.0,1216.0,126210.0,82804.0,677995.0,672082.0,345.0,40026.0,16233.0,178961.0,178005.0,42.0,4690.0,3194.0,25711.0,25425.0,302.0,32525.0,17097.0,148915.0,147493.0,343.0,36568.0,25763.0,201422.0,200013.0,437.0,45740.0,31486.0,254023.0,251165.0
2023,18580,0,0,1887,177021.0,944288.0,929097.0,110987.0,5908.0,6337.0,645.0,72009.0,43258.0,397617.0,389403.0,219.0,30282.0,11480.0,143134.0,141946.0,26.0,2941.0,2317.0,16681.0,16165.0,244.0,27153.0,12095.0,129522.0,129124.0,112.0,14365.0,10141.0,86254.0,83754.0,228.0,24556.0,17285.0,139627.0,137462.0
2023,46340,0,0,961,80304.0,478186.0,467278.0,55372.0,3306.0,6309.0,321.0,30030.0,18403.0,180933.0,176570.0,113.0,10264.0,4668.0,53235.0,52063.0,17.0,1435.0,1016.0,7982.0,7767.0,110.0,9897.0,4257.0,48947.0,48118.0,80.0,7776.0,4778.0,52485.0,51403.0,122.0,11878.0,9086.0,74012.0,71953.0
2023,11100,0,0,1083,97162.0,542613.0,533695.0,62650.0,4162.0,4052.0,368.0,40777.0,26217.0,232819.0,227923.0,141.0,17037.0,7076.0,83353.0,82721.0,14.0,2162.0,1181.0,12998.0,12946.0,152.0,18667.0,10051.0,91546.0,90424.0,56.0,6756.0,4717.0,45247.0,43019.0,148.0,14336.0,10552.0,91236.0,89736.0
2023,12420,1,0,739,73466.0,414820.0,408847.0,55687.0,2746.0,2491.0,199.0,21719.0,15283.0,120984.0,120512.0,53.0,6902.0,3818.0,34275.0,34127.0,5.0,486.0,403.0,2784.0,2784.0,96.0,11023.0,7115.0,57508.0,57458.0,38.0,5484.0,3798.0,33877.0,33338.0,88.0,10313.0,7962.0,57876.0,57586.0
2023,48660,0,0,698,48267.0,261426.0,258506.0,31009.0,1403.0,1350.0,261.0,20902.0,12148.0,111602.0,110666.0,108.0,9096.0,3876.0,42240.0,42134.0,16.0,1292.0,903.0,6682.0,6682.0,109.0,8473.0,4469.0,40689.0,40520.0,41.0,4326.0,1873.0,25686.0,25380.0,94.0,7014.0,5040.0,39203.0,38821.0
2023,33260,0,0,499,69424.0,397418.0,386660.0,45226.0,2712.0,5281.0,235.0,35848.0,23288.0,208264.0,203542.0,85.0,15395.0,8132.0,84433.0,82470.0,13.0,1273.0,1054.0,8298.0,8298.0,81.0,15877.0,5795.0,70668.0,69726.0,40.0,6133.0,5917.0,42136.0,41079.0,108.0,13670.0,11303.0,93327.0,90604.0
2023,41660,0,0,485,45685.0,239504.0,236832.0,26713.0,1339.0,1160.0,179.0,19272.0,9963.0,102741.0,101932.0,72.0,9157.0,3820.0,45224.0,45140.0,7.0,911.0,117.0,4046.0,4046.0,75.0,8814.0,3799.0,44042.0,43724.0,28.0,3120.0,1788.0,16022.0,16022.0,66.0,6327.0,3283.0,35937.0,35662.0
2023,36260,0,0,1986,213901.0,1531898.0,1418179.0,162006.0,19654.0,41723.0,959.0,109566.0,82947.0,803028.0,746716.0,327.0,39165.0,24446.0,232408.0,225684.0,38.0,3759.0,3161.0,25332.0,24551.0,272.0,33775.0,22483.0,203841.0,196269.0,278.0,30401.0,24923.0,249461.0,229948.0,312.0,35188.0,26706.0,266962.0,245433.0
2023,39340,0,0,2297,211279.0,1540477.0,1398656.0,142471.0,20560.0,47781.0,1174.0,108686.0,81989.0,850119.0,767006.0,449.0,47498.0,27063.0,292031.0,277416.0,63.0,5523.0,4070.0,35327.0,34718.0,237.0,22710.0,14207.0,148858.0,138501.0,468.0,41618.0,35209.0,351951.0,313542.0,364.0,34943.0,25569.0,267221.0,243360.0
2023,41620,1,1,3745,426545.0,2826774.0,2621372.0,278872.0,29180.0,75527.0,1766.0,212766.0,142819.0,1446108.0,1345124.0,659.0,84390.0,34944.0,437279.0,421873.0,107.0,10972.0,7806.0,74006.0,68971.0,713.0,89331.0,48967.0,490593.0,472240.0,339.0,41968.0,33058.0,351631.0,313691.0,589.0,67017.0,50522.0,490448.0,458125.0
2023,41100,0,0,600,69345.0,450609.0,426011.0,50513.0,4744.0,9334.0,201.0,26363.0,17508.0,179787.0,171230.0,49.0,9073.0,4567.0,50683.0,49306.0,6.0,593.0,419.0,3279.0,3279.0,51.0,6915.0,4048.0,45665.0,42479.0,69.0,9857.0,6781.0,74015.0,69651.0,57.0,6621.0,5284.0,39847.0,39271.0
2023,41620,1,0,590,44990.0,311026.0,297966.0,36302.0,5224.0,5645.0,250.0,22548.0,18300.0,161001.0,154357.0,78.0,6622.0,4803.0,42854.0,41947.0,15.0,1234.0,648.0,7197.0,7197.0,65.0,5501.0,4372.0,34485.0,33695.0,85.0,7470.0,6140.0,58689.0,55713.0,80.0,7647.0,6119.0,53549.0,51096.0
2023,47260,1,1,6350,662046.0,4155738.0,4019848.0,413329.0,45021.0,61376.0,2463.0,311026.0,184483.0,1983418.0,1910952.0,935.0,118707.0,48273.0,634131.0,625859.0,131.0,13740.0,10388.0,94217.0,92060.0,995.0,126322.0,68941.0,710933.0,693751.0,310.0,41412.0,22910.0,298162.0,284021.0,932.0,118348.0,77416.0,799545.0,766482.0
2023,40060,0,0,4986,526670.0,3464700.0,3301934.0,352256.0,44291.0,64823.0,2009.0,241448.0,154893.0,1631592.0,1540471.0,709.0,86276.0,35573.0,452791.0,443399.0,137.0,13701.0,10670.0,99485.0,93554.0,824.0,96179.0,56236.0,553277.0,535372.0,220.0,27160.0,18443.0,220291.0,196582.0,808.0,98094.0,69243.0,717662.0,673433.0
2023,31340,0,0,1123,102035.0,655669.0,629821.0,73661.0,6575.0,10462.0,349.0,36382.0,25770.0,243135.0,232029.0,128.0,13387.0,7056.0,77949.0,76482.0,21.0,1641.0,1488.0,11990.0,11437.0,139.0,14197.0,8182.0,80032.0,78808.0,59.0,7003.0,5231.0,56167.0,50637.0,137.0,14082.0,11358.0,95229.0,91979.0
2023,25500,0,0,550,49214.0,317287.0,298861.0,31108.0,2526.0,6290.0,203.0,19255.0,12159.0,138906.0,124768.0,66.0,5889.0,2629.0,33466.0,32422.0,13.0,964.0,513.0,5622.0,5516.0,83.0,6918.0,4387.0,42875.0,40241.0,26.0,2955.0,2334.0,21923.0,20003.0,75.0,7568.0,4032.0,53960.0,48092.0
2023,13980,0,0,817,69841.0,418836.0,405421.0,43912.0,3693.0,5377.0,247.0,23413.0,15377.0,153591.0,147154.0,94.0,8634.0,2677.0,48901.0,48172.0,12.0,1446.0,1084.0,11934.0,10114.0,123.0,12554.0,7175.0,71827.0,71515.0,30.0,2790.0,1816.0,20136.0,18563.0,90.0,8032.0,6445.0,59295.0,55270.0
2023,40220,0,0,1400,139719.0,902235.0,862500.0,96482.0,10081.0,15493.0,488.0,58166.0,37263.0,384336.0,363433.0,159.0,20249.0,9621.0,118712.0,114914.0,22.0,2765.0,2472.0,19363.0,19289.0,198.0,25193.0,15234.0,143065.0,139314.0,60.0,8240.0,5461.0,69350.0,61256.0,200.0,22581.0,15024.0,156050.0,147765.0
2023,42660,1,1,15177,1598079.0,9012799.0,8697747.0,962383.0,87414.0,135302.0,7381.0,822183.0,482183.0,4662286.0,4508169.0,2533.0,318473.0,105255.0,1378976.0,1358465.0,478.0,48634.0,32683.0,304547.0,292967.0,3356.0,394254.0,187420.0,1850691.0,1810454.0,750.0,84389.0,51763.0,565818.0,538510.0,2849.0,298683.0,212722.0,1942241.0,1867101.0
2023,49420,0,0,871,87481.0,504697.0,489658.0,54083.0,3629.0,6779.0,347.0,36412.0,21370.0,216862.0,210318.0,99.0,13670.0,4505.0,71272.0,70225.0,16.0,1745.0,1119.0,11877.0,11607.0,94.0,10957.0,4940.0,56167.0,55125.0,103.0,9596.0,5829.0,61172.0,58364.0,132.0,13631.0,8392.0,83260.0,81055.0
2023,36500,0,0,1033,116221.0,703856.0,678237.0,77457.0,5772.0,8819.0,419.0,50845.0,31788.0,311616.0,301836.0,146.0,18788.0,7105.0,101772.0,99817.0,28.0,3630.0,2385.0,22746.0,21769.0,174.0,20207.0,10017.0,107142.0,106046.0,48.0,6444.0,4884.0,48834.0,45266.0,173.0,21653.0,14977.0,136938.0,132674.0
2023,44060,0,0,2877,260077.0,1624294.0,1542994.0,172436.0,17330.0,32619.0,1030.0,106278.0,68495.0,690334.0,653683.0,331.0,40237.0,17710.0,216885.0,211483.0,46.0,4610.0,3990.0,28161.0,27354.0,425.0,47950.0,25978.0,262394.0,252205.0,162.0,16519.0,11849.0,127720.0,119398.0,390.0,36879.0,26128.0,256633.0,242643.0
2023,13380,0,0,982,91010.0,507267.0,495891.0,57963.0,4335.0,5945.0,366.0,37666.0,24233.0,211332.0,207576.0,136.0,15889.0,6807.0,76613.0,76268.0,21.0,1615.0,1223.0,9285.0,9163.0,171.0,17812.0,8711.0,83091.0,81636.0,48.0,5446.0,4014.0,38053.0,36589.0,126.0,11421.0,9362.0,72371.0,71726.0
2023,34580,0,0,986,51531.0,298197.0,288455.0,35878.0,1833.0,3632.0,294.0,20056.0,12469.0,117973.0,112625.0,88.0,6704.0,2525.0,33458.0,32997.0,14.0,1314.0,464.0,7351.0,7335.0,117.0,8244.0,5090.0,43650.0,42655.0,38.0,2683.0,2014.0,17357.0,16839.0,124.0,8053.0,4872.0,51814.0,48292.0
2023,14740,0,0,1189,106939.0,644844.0,629188.0,75687.0,5533.0,7824.0,469.0,44035.0,29670.0,267690.0,261568.0,149.0,16597.0,6447.0,84956.0,84359.0,35.0,3399.0,2549.0,19586.0,19380.0,180.0,16964.0,9976.0,90981.0,89568.0,66.0,5983.0,4286.0,43606.0,42327.0,206.0,20038.0,14817.0,124768.0,121853.0
2023,48300,0,0,535,48967.0,290828.0,283328.0,32252.0,1598.0,3558.0,187.0,19135.0,11941.0,112384.0,110457.0,44.0,5117.0,2534.0,25966.0,25836.0,8.0,813.0,161.0,4374.0,4374.0,71.0,8362.0,4992.0,42214.0,41831.0,33.0,3162.0,1743.0,21441.0,20824.0,76.0,7462.0,4409.0,46725.0,45903.0
2023,16620,0,0,730,74362.0,468479.0,453421.0,51974.0,3335.0,7098.0,240.0,28481.0,18622.0,183853.0,176457.0,69.0,7195.0,3826.0,40283.0,39716.0,10.0,858.0,590.0,6422.0,5792.0,105.0,12381.0,6696.0,67515.0,65682.0,29.0,2935.0,2259.0,24021.0,22272.0,85.0,10592.0,8485.0,73843.0,69991.0
2023,13220,0,0,377,42873.0,273181.0,264492.0,31422.0,1744.0,4621.0,123.0,16408.0,10517.0,104085.0,99562.0,22.0,3069.0,1573.0,20419.0,19467.0,3.0,328.0,328.0,3525.0,2952.0,50.0,6237.0,4103.0,36353.0,35790.0,15.0,1772.0,1207.0,14040.0,12942.0,61.0,9158.0,5632.0,58029.0,55623.0
2023,33340,1,1,3958,634460.0,3725217.0,3603822.0,391304.0,32149.0,51585.0,1672.0,289446.0,176320.0,1763226.0,1700286.0,585.0,108706.0,40631.0,526288.0,520549.0,99.0,13923.0,10036.0,89273.0,86232.0,734.0,129792.0,65324.0,674934.0,663591.0,215.0,41436.0,27449.0,286535.0,274219.0,602.0,97744.0,70313.0,659292.0,627357.0
2023,48140,0,0,676,56103.0,366917.0,348129.0,41830.0,2829.0,7219.0,283.0,25457.0,18760.0,175084.0,164090.0,74.0,8204.0,5571.0,48652.0,48094.0,14.0,2251.0,1772.0,13837.0,13684.0,103.0,9910.0,6252.0,57606.0,56227.0,55.0,5111.0,3874.0,42510.0,37277.0,102.0,9021.0,7241.0,64286.0,60652.0
2023,36780,0,0,544,69291.0,422605.0,407865.0,45047.0,3705.0,6380.0,204.0,28691.0,18672.0,184686.0,176970.0,67.0,10971.0,4817.0,58739.0,58705.0,9.0,1431.0,1281.0,9937.0,9937.0,79.0,12412.0,6276.0,68206.0,66041.0,28.0,4419.0,3145.0,30913.0,30393.0,79.0,9801.0,8412.0,71619.0,67578.0
2023,29100,0,0,347,49596.0,305907.0,291531.0,31937.0,2712.0,5322.0,133.0,19910.0,13288.0,131395.0,123810.0,51.0,7366.0,3756.0,42371.0,39956.0,4.0,267.0,267.0,2144.0,1916.0,58.0,9337.0,4780.0,52326.0,51339.0,21.0,3309.0,2956.0,25263.0,23840.0,46.0,6068.0,4524.0,45165.0,40093.0
2023,39540,0,0,487,77119.0,476474.0,463719.0,56930.0,4260.0,5336.0,189.0,34202.0,26405.0,216100.0,207353.0,44.0,8661.0,5476.0,47882.0,46670.0,8.0,1152.0,1042.0,8538.0,7600.0,76.0,14647.0,11018.0,81125.0,79822.0,30.0,6447.0,4488.0,44304.0,42512.0,60.0,8911.0,7599.0,61305.0,58192.0
2023,27500,0,0,494,64639.0,408144.0,397363.0,44399.0,5526.0,4412.0,179.0,27615.0,19504.0,187248.0,179558.0,58.0,8904.0,4156.0,56265.0,54777.0,12.0,1889.0,1746.0,12767.0,12715.0,66.0,11007.0,7262.0,69042.0,65570.0,30.0,3817.0,2425.0,29354.0,27795.0,61.0,8696.0,6832.0,63283.0,60624.0
2023,43100,0,0,454,48820.0,308077.0,295570.0,35428.0,3418.0,4697.0,167.0,18977.0,14167.0,125771.0,119929.0,42.0,5108.0,3182.0,31444.0,30961.0,12.0,913.0,913.0,5313.0,5201.0,59.0,7660.0,4510.0,42657.0,42182.0,25.0,3273.0,2853.0,25613.0,23296.0,62.0,6217.0,5360.0,45172.0,42444.0
2023,16940,0,0,359,43022.0,280985.0,264346.0,29336.0,3005.0,5603.0,136.0,18496.0,12520.0,124673.0,116270.0,58.0,7444.0,3857.0,43876.0,42937.0,10.0,1308.0,1171.0,8773.0,8506.0,75.0,9737.0,6046.0,61969.0,57065.0,17.0,2495.0,1653.0,16566.0,16452.0,44.0,6023.0,4580.0,42156.0,39240.0
