{
  "current_bound_best": {
    "reported_median": 1.028539257719458,
    "pension_values_in_window_unique": [
      0.4296
    ],
    "pension_constant_across_i_and_j": true,
    "j_window": [
      12,
      13,
      14
    ],
    "ages_window": [
      66.0,
      70.0,
      74.0
    ],
    "nearest_grid_node_index": 49,
    "nearest_grid_node_ratio": 1.0285392577194576,
    "abs_diff_median_vs_node": 4.440892098500626e-16,
    "median_is_exact_grid_node": true,
    "ratio_step_up": 0.32480187085877676,
    "ratio_step_down": 0.32480187085877676,
    "gap_vs_target": -1.201921522280542,
    "loss_contribution": 1.1556922765769402,
    "objective_jump_if_median_moves_one_node_up": 0.5402211702487492,
    "objective_jump_if_median_moves_one_node_down": 0.7090151787501275,
    "Nb": 120,
    "b_max": 30.0,
    "n_distinct_ratio_values": 120
  },
  "housing_first_best": {
    "reported_median": 0.37893551600190634,
    "pension_values_in_window_unique": [
      0.4296
    ],
    "pension_constant_across_i_and_j": true,
    "j_window": [
      12,
      13,
      14
    ],
    "ages_window": [
      66.0,
      70.0,
      74.0
    ],
    "nearest_grid_node_index": 47,
    "nearest_grid_node_ratio": 0.37893551600190617,
    "abs_diff_median_vs_node": 1.6653345369377348e-16,
    "median_is_exact_grid_node": true,
    "ratio_step_up": 0.3248018708587747,
    "ratio_step_down": 0.37893551600190617,
    "gap_vs_target": -1.8515252639980937,
    "loss_contribution": 2.7425166425785688,
    "objective_jump_if_median_moves_one_node_up": 0.8778091872514999,
    "objective_jump_if_median_moves_one_node_down": 1.2374475903159978,
    "Nb": 120,
    "b_max": 30.0,
    "n_distinct_ratio_values": 120
  }
}