geography_scope,sample,age_kind,age_lower,age_upper,tenure,current_children,young_child,n_records,hhwt,rooms_sum,rooms_capped9_sum,owner_hhwt
active42,DUE,annual,18,18,owner,0,without_young_child,72,5365.0,29275.0,29275.0,5365.0
active42,DUE,annual,18,18,owner,1,with_young_child,17,1510.0,9367.0,9367.0,1510.0
active42,DUE,annual,18,18,owner,2,with_young_child,5,411.0,1954.0,1954.0,411.0
active42,DUE,annual,18,18,owner,3+,with_young_child,2,114.0,588.0,588.0,114.0
active42,DUE,annual,18,18,renter,0,without_young_child,507,65762.0,235850.0,235850.0,0.0
active42,DUE,annual,18,18,renter,1,with_young_child,131,17370.0,68826.0,68826.0,0.0
active42,DUE,annual,18,18,renter,2,with_young_child,50,6215.0,27637.0,27637.0,0.0
active42,DUE,annual,18,18,renter,3+,with_young_child,10,1164.0,5278.0,5278.0,0.0
active42,DUE,annual,19,19,owner,0,without_young_child,169,20431.0,112497.0,112497.0,20431.0
active42,DUE,annual,19,19,owner,1,with_young_child,34,3021.0,17635.0,17635.0,3021.0
active42,DUE,annual,19,19,owner,2,with_young_child,13,1453.0,9136.0,9136.0,1453.0
active42,DUE,annual,19,19,owner,3+,with_young_child,5,746.0,4728.0,4728.0,746.0
active42,DUE,annual,19,19,renter,0,without_young_child,1505,198517.0,761911.0,761911.0,0.0
active42,DUE,annual,19,19,renter,1,with_young_child,236,32141.0,129355.0,129355.0,0.0
active42,DUE,annual,19,19,renter,2,with_young_child,73,10116.0,43409.0,43409.0,0.0
active42,DUE,annual,19,19,renter,3+,with_young_child,24,2868.0,10774.0,10774.0,0.0
active42,DUE,annual,20,20,owner,0,without_young_child,291,34559.0,192184.0,192184.0,34559.0
active42,DUE,annual,20,20,owner,1,with_young_child,38,4468.0,26095.0,26095.0,4468.0
active42,DUE,annual,20,20,owner,2,with_young_child,13,1175.0,5903.0,5903.0,1175.0
active42,DUE,annual,20,20,owner,3+,with_young_child,1,66.0,528.0,528.0,66.0
active42,DUE,annual,20,20,renter,0,without_young_child,2458,344943.0,1329956.0,1329956.0,0.0
active42,DUE,annual,20,20,renter,1,with_young_child,417,65156.0,264903.0,264903.0,0.0
active42,DUE,annual,20,20,renter,2,with_young_child,131,20147.0,83476.0,83476.0,0.0
active42,DUE,annual,20,20,renter,3+,with_young_child,21,3627.0,17125.0,17125.0,0.0
active42,DUE,annual,21,21,owner,0,without_young_child,463,52942.0,293044.0,293044.0,52942.0
active42,DUE,annual,21,21,owner,1,with_young_child,87,8992.0,50750.0,50750.0,8992.0
active42,DUE,annual,21,21,owner,2,with_young_child,24,2251.0,14217.0,14217.0,2251.0
active42,DUE,annual,21,21,owner,3+,with_young_child,6,2089.0,12944.0,12944.0,2089.0
active42,DUE,annual,21,21,renter,0,without_young_child,3191,426640.0,1632117.0,1632117.0,0.0
active42,DUE,annual,21,21,renter,1,with_young_child,661,96832.0,389216.0,389216.0,0.0
active42,DUE,annual,21,21,renter,2,with_young_child,222,32752.0,135790.0,135790.0,0.0
active42,DUE,annual,21,21,renter,3+,with_young_child,72,12232.0,57636.0,57636.0,0.0
active42,DUE,annual,22,22,owner,0,without_young_child,703,76682.0,409516.0,409516.0,76682.0
active42,DUE,annual,22,22,owner,1,with_young_child,162,15373.0,85365.0,85365.0,15373.0
active42,DUE,annual,22,22,owner,2,with_young_child,72,7155.0,40687.0,40687.0,7155.0
active42,DUE,annual,22,22,owner,3+,with_young_child,29,3159.0,18395.0,18395.0,3159.0
active42,DUE,annual,22,22,renter,0,without_young_child,4179,538840.0,2019571.0,2019571.0,0.0
active42,DUE,annual,22,22,renter,1,with_young_child,762,113565.0,463027.0,463027.0,0.0
active42,DUE,annual,22,22,renter,2,with_young_child,358,51694.0,224716.0,224716.0,0.0
active42,DUE,annual,22,22,renter,3+,with_young_child,129,17545.0,83928.0,83928.0,0.0
active42,DUE,annual,23,23,owner,0,without_young_child,1159,122451.0,658708.0,658708.0,122451.0
active42,DUE,annual,23,23,owner,1,with_young_child,283,28664.0,161792.0,161792.0,28664.0
active42,DUE,annual,23,23,owner,2,with_young_child,132,15194.0,89101.0,89101.0,15194.0
active42,DUE,annual,23,23,owner,3+,with_young_child,35,3771.0,25188.0,25188.0,3771.0
active42,DUE,annual,23,23,renter,0,without_young_child,5266,644264.0,2347540.0,2347540.0,0.0
active42,DUE,annual,23,23,renter,1,with_young_child,1003,142419.0,583040.0,583040.0,0.0
active42,DUE,annual,23,23,renter,2,with_young_child,513,73525.0,331754.0,331754.0,0.0
active42,DUE,annual,23,23,renter,3+,with_young_child,187,29113.0,135129.0,135129.0,0.0
active42,DUE,annual,24,24,owner,0,without_young_child,1736,178267.0,967644.0,967644.0,178267.0
active42,DUE,annual,24,24,owner,1,with_young_child,417,43108.0,249385.0,249385.0,43108.0
active42,DUE,annual,24,24,owner,2,with_young_child,213,24041.0,145510.0,145510.0,24041.0
active42,DUE,annual,24,24,owner,3+,with_young_child,61,7086.0,44399.0,44399.0,7086.0
active42,DUE,annual,24,24,renter,0,without_young_child,5633,687850.0,2549737.0,2549737.0,0.0
active42,DUE,annual,24,24,renter,1,with_young_child,1038,145971.0,603049.0,603049.0,0.0
active42,DUE,annual,24,24,renter,2,with_young_child,633,89845.0,398113.0,398113.0,0.0
active42,DUE,annual,24,24,renter,3+,with_young_child,245,39067.0,195214.0,195214.0,0.0
active42,DUE,annual,25,25,owner,0,without_young_child,2481,253411.0,1385524.0,1385524.0,253411.0
active42,DUE,annual,25,25,owner,1,with_young_child,583,61869.0,363185.0,363185.0,61869.0
active42,DUE,annual,25,25,owner,2,with_young_child,361,39883.0,238929.0,238929.0,39883.0
active42,DUE,annual,25,25,owner,3+,with_young_child,112,12499.0,77042.0,77042.0,12499.0
active42,DUE,annual,25,25,renter,0,without_young_child,5947,737882.0,2722545.0,2722545.0,0.0
active42,DUE,annual,25,25,renter,1,with_young_child,1167,163952.0,689379.0,689379.0,0.0
active42,DUE,annual,25,25,renter,2,with_young_child,743,115844.0,522415.0,522415.0,0.0
active42,DUE,annual,25,25,renter,3+,with_young_child,385,56243.0,267384.0,267384.0,0.0
active42,DUE,annual,26,26,owner,0,without_young_child,2967,296017.0,1632894.0,1632894.0,296017.0
active42,DUE,annual,26,26,owner,1,with_young_child,824,85347.0,512318.0,512318.0,85347.0
active42,DUE,annual,26,26,owner,1,without_young_child,1,86.0,344.0,344.0,86.0
active42,DUE,annual,26,26,owner,2,with_young_child,550,61042.0,375627.0,375627.0,61042.0
active42,DUE,annual,26,26,owner,3+,with_young_child,199,24261.0,153049.0,153049.0,24261.0
active42,DUE,annual,26,26,renter,0,without_young_child,5617,691468.0,2552205.0,2552205.0,0.0
active42,DUE,annual,26,26,renter,1,with_young_child,1331,190700.0,810587.0,810587.0,0.0
active42,DUE,annual,26,26,renter,1,without_young_child,1,29.0,145.0,145.0,0.0
active42,DUE,annual,26,26,renter,2,with_young_child,915,129509.0,591917.0,591917.0,0.0
active42,DUE,annual,26,26,renter,3+,with_young_child,499,78052.0,396947.0,396947.0,0.0
active42,DUE,annual,27,27,owner,0,without_young_child,3320,327389.0,1838608.0,1838608.0,327389.0
active42,DUE,annual,27,27,owner,1,with_young_child,1113,117485.0,707534.0,707534.0,117485.0
active42,DUE,annual,27,27,owner,2,with_young_child,698,75966.0,466869.0,466869.0,75966.0
active42,DUE,annual,27,27,owner,3+,with_young_child,316,37108.0,237104.0,237104.0,37108.0
active42,DUE,annual,27,27,renter,0,without_young_child,5371,649430.0,2362462.0,2362462.0,0.0
active42,DUE,annual,27,27,renter,1,with_young_child,1205,172840.0,726821.0,726821.0,0.0
active42,DUE,annual,27,27,renter,2,with_young_child,955,131398.0,597975.0,597975.0,0.0
active42,DUE,annual,27,27,renter,3+,with_young_child,638,96632.0,490979.0,490979.0,0.0
active42,DUE,annual,28,28,owner,0,without_young_child,3709,359588.0,2028521.0,2028521.0,359588.0
active42,DUE,annual,28,28,owner,1,with_young_child,1375,139226.0,852572.0,852572.0,139226.0
active42,DUE,annual,28,28,owner,2,with_young_child,981,105070.0,667052.0,667052.0,105070.0
active42,DUE,annual,28,28,owner,3+,with_young_child,402,48087.0,307030.0,307030.0,48087.0
active42,DUE,annual,28,28,renter,0,without_young_child,5130,626921.0,2299430.0,2299430.0,0.0
active42,DUE,annual,28,28,renter,1,with_young_child,1219,172291.0,729945.0,729945.0,0.0
active42,DUE,annual,28,28,renter,2,with_young_child,1002,145932.0,672689.0,672689.0,0.0
active42,DUE,annual,28,28,renter,3+,with_young_child,693,106130.0,532652.0,532652.0,0.0
active42,DUE,annual,29,29,owner,0,without_young_child,3808,368602.0,2094779.0,2094779.0,368602.0
active42,DUE,annual,29,29,owner,1,with_young_child,1582,160858.0,1016192.0,1016192.0,160858.0
active42,DUE,annual,29,29,owner,1,without_young_child,1,207.0,1242.0,1242.0,207.0
active42,DUE,annual,29,29,owner,2,with_young_child,1238,135513.0,864163.0,864163.0,135513.0
active42,DUE,annual,29,29,owner,3+,with_young_child,535,61287.0,405861.0,405861.0,61287.0
active42,DUE,annual,29,29,renter,0,without_young_child,4585,563918.0,2051719.0,2051719.0,0.0
active42,DUE,annual,29,29,renter,1,with_young_child,1265,167113.0,698021.0,698021.0,0.0
active42,DUE,annual,29,29,renter,2,with_young_child,1035,146750.0,686440.0,686440.0,0.0
active42,DUE,annual,29,29,renter,3+,with_young_child,713,107634.0,548423.0,548423.0,0.0
active42,DUE,annual,30,30,owner,0,without_young_child,3846,411676.0,2309365.0,2309365.0,411676.0
active42,DUE,annual,30,30,owner,1,with_young_child,2036,206353.0,1292280.0,1292280.0,206353.0
active42,DUE,annual,30,30,owner,1,without_young_child,1,254.0,1778.0,1778.0,254.0
active42,DUE,annual,30,30,owner,2,with_young_child,1615,168800.0,1092322.0,1092322.0,168800.0
active42,DUE,annual,30,30,owner,3+,with_young_child,660,74160.0,489572.0,489572.0,74160.0
active42,DUE,annual,30,30,renter,0,without_young_child,4655,655308.0,2397447.0,2397447.0,0.0
active42,DUE,annual,30,30,renter,1,with_young_child,1262,172542.0,729883.0,729883.0,0.0
active42,DUE,annual,30,30,renter,1,without_young_child,2,192.0,1019.0,1019.0,0.0
active42,DUE,annual,30,30,renter,2,with_young_child,1092,150892.0,689352.0,689352.0,0.0
active42,DUE,annual,30,30,renter,3+,with_young_child,753,108096.0,551421.0,551421.0,0.0
active42,DUE,annual,31,31,owner,0,without_young_child,3654,386637.0,2171396.0,2171396.0,386637.0
active42,DUE,annual,31,31,owner,1,with_young_child,2046,205026.0,1307902.0,1307902.0,205026.0
active42,DUE,annual,31,31,owner,1,without_young_child,1,197.0,985.0,985.0,197.0
active42,DUE,annual,31,31,owner,2,with_young_child,1877,189496.0,1245933.0,1245933.0,189496.0
active42,DUE,annual,31,31,owner,2,without_young_child,1,83.0,498.0,498.0,83.0
active42,DUE,annual,31,31,owner,3+,with_young_child,887,94670.0,637863.0,637863.0,94670.0
active42,DUE,annual,31,31,renter,0,without_young_child,3873,526212.0,1877553.0,1877553.0,0.0
active42,DUE,annual,31,31,renter,1,with_young_child,1200,157961.0,680602.0,680602.0,0.0
active42,DUE,annual,31,31,renter,1,without_young_child,6,1018.0,4973.0,4973.0,0.0
active42,DUE,annual,31,31,renter,2,with_young_child,1037,149233.0,687934.0,687934.0,0.0
active42,DUE,annual,31,31,renter,3+,with_young_child,843,119271.0,622064.0,622064.0,0.0
active42,DUE,annual,32,32,owner,0,without_young_child,3653,383145.0,2185345.0,2185345.0,383145.0
active42,DUE,annual,32,32,owner,1,with_young_child,2177,217937.0,1393849.0,1393849.0,217937.0
active42,DUE,annual,32,32,owner,1,without_young_child,4,432.0,2331.0,2331.0,432.0
active42,DUE,annual,32,32,owner,2,with_young_child,2266,234514.0,1565432.0,1565432.0,234514.0
active42,DUE,annual,32,32,owner,3+,with_young_child,1132,122501.0,824839.0,824839.0,122501.0
active42,DUE,annual,32,32,renter,0,without_young_child,3580,483507.0,1753293.0,1753293.0,0.0
active42,DUE,annual,32,32,renter,1,with_young_child,1240,167641.0,717246.0,717246.0,0.0
active42,DUE,annual,32,32,renter,1,without_young_child,5,875.0,3534.0,3534.0,0.0
active42,DUE,annual,32,32,renter,2,with_young_child,1183,159791.0,738613.0,738613.0,0.0
active42,DUE,annual,32,32,renter,2,without_young_child,1,165.0,825.0,825.0,0.0
active42,DUE,annual,32,32,renter,3+,with_young_child,910,135367.0,686526.0,686526.0,0.0
active42,DUE,annual,33,33,owner,0,without_young_child,3589,376380.0,2143530.0,2143530.0,376380.0
active42,DUE,annual,33,33,owner,1,with_young_child,2441,244703.0,1565685.0,1565685.0,244703.0
active42,DUE,annual,33,33,owner,1,without_young_child,6,494.0,3217.0,3217.0,494.0
active42,DUE,annual,33,33,owner,2,with_young_child,2946,293261.0,1975878.0,1975878.0,293261.0
active42,DUE,annual,33,33,owner,3+,with_young_child,1423,153447.0,1047681.0,1047681.0,153447.0
active42,DUE,annual,33,33,renter,0,without_young_child,3472,479782.0,1735128.0,1735128.0,0.0
active42,DUE,annual,33,33,renter,1,with_young_child,1218,166256.0,703769.0,703769.0,0.0
active42,DUE,annual,33,33,renter,1,without_young_child,10,1221.0,6287.0,6287.0,0.0
active42,DUE,annual,33,33,renter,2,with_young_child,1236,170330.0,808112.0,808112.0,0.0
active42,DUE,annual,33,33,renter,3+,with_young_child,1027,142873.0,731429.0,731429.0,0.0
active42,DUE,annual,34,34,owner,0,without_young_child,3817,392264.0,2245429.0,2245429.0,392264.0
active42,DUE,annual,34,34,owner,1,with_young_child,2583,257579.0,1656291.0,1656291.0,257579.0
active42,DUE,annual,34,34,owner,1,without_young_child,23,2311.0,13297.0,13297.0,2311.0
active42,DUE,annual,34,34,owner,2,with_young_child,3509,341725.0,2340094.0,2340094.0,341725.0
active42,DUE,annual,34,34,owner,2,without_young_child,2,177.0,1113.0,1113.0,177.0
active42,DUE,annual,34,34,owner,3+,with_young_child,1756,184578.0,1279750.0,1279750.0,184578.0
active42,DUE,annual,34,34,renter,0,without_young_child,3408,457073.0,1649962.0,1649962.0,0.0
active42,DUE,annual,34,34,renter,1,with_young_child,1197,162833.0,719138.0,719138.0,0.0
active42,DUE,annual,34,34,renter,1,without_young_child,19,2542.0,12594.0,12594.0,0.0
active42,DUE,annual,34,34,renter,2,with_young_child,1265,174289.0,826648.0,826648.0,0.0
active42,DUE,annual,34,34,renter,2,without_young_child,2,416.0,2454.0,2454.0,0.0
active42,DUE,annual,34,34,renter,3+,with_young_child,1247,180457.0,955862.0,955862.0,0.0
active42,DUE,annual,35,35,owner,0,without_young_child,3964,428343.0,2470711.0,2470711.0,428343.0
active42,DUE,annual,35,35,owner,1,with_young_child,2700,272862.0,1762557.0,1762557.0,272862.0
active42,DUE,annual,35,35,owner,1,without_young_child,30,2762.0,16792.0,16792.0,2762.0
active42,DUE,annual,35,35,owner,2,with_young_child,4111,408215.0,2783973.0,2783973.0,408215.0
active42,DUE,annual,35,35,owner,2,without_young_child,6,552.0,3998.0,3998.0,552.0
active42,DUE,annual,35,35,owner,3+,with_young_child,2214,230557.0,1614839.0,1614839.0,230557.0
active42,DUE,annual,35,35,renter,0,without_young_child,3425,492298.0,1791903.0,1791903.0,0.0
active42,DUE,annual,35,35,renter,1,with_young_child,1288,187350.0,821819.0,821819.0,0.0
active42,DUE,annual,35,35,renter,1,without_young_child,31,4458.0,20755.0,20755.0,0.0
active42,DUE,annual,35,35,renter,2,with_young_child,1391,190296.0,893144.0,893144.0,0.0
active42,DUE,annual,35,35,renter,2,without_young_child,3,347.0,1807.0,1807.0,0.0
active42,DUE,annual,35,35,renter,3+,with_young_child,1213,181391.0,935766.0,935766.0,0.0
active42,DUE,annual,36,36,owner,0,without_young_child,3708,391046.0,2234900.0,2234900.0,391046.0
active42,DUE,annual,36,36,owner,1,with_young_child,2564,260661.0,1692115.0,1692115.0,260661.0
active42,DUE,annual,36,36,owner,1,without_young_child,64,7671.0,51442.0,51442.0,7671.0
active42,DUE,annual,36,36,owner,2,with_young_child,4419,444019.0,3066323.0,3066323.0,444019.0
active42,DUE,annual,36,36,owner,2,without_young_child,11,1228.0,8132.0,8132.0,1228.0
active42,DUE,annual,36,36,owner,3+,with_young_child,2361,249291.0,1759755.0,1759755.0,249291.0
active42,DUE,annual,36,36,renter,0,without_young_child,2988,411957.0,1492680.0,1492680.0,0.0
active42,DUE,annual,36,36,renter,1,with_young_child,1177,162697.0,719491.0,719491.0,0.0
active42,DUE,annual,36,36,renter,1,without_young_child,40,6218.0,29142.0,29142.0,0.0
active42,DUE,annual,36,36,renter,2,with_young_child,1327,185810.0,895565.0,895565.0,0.0
active42,DUE,annual,36,36,renter,2,without_young_child,10,1343.0,6788.0,6788.0,0.0
active42,DUE,annual,36,36,renter,3+,with_young_child,1140,160110.0,855387.0,855387.0,0.0
active42,DUE,annual,36,36,renter,3+,without_young_child,1,187.0,561.0,561.0,0.0
active42,DUE,annual,37,37,owner,0,without_young_child,3508,373267.0,2180765.0,2180765.0,373267.0
active42,DUE,annual,37,37,owner,1,with_young_child,2355,241057.0,1562155.0,1562155.0,241057.0
active42,DUE,annual,37,37,owner,1,without_young_child,77,8982.0,54488.0,54488.0,8982.0
active42,DUE,annual,37,37,owner,2,with_young_child,4481,443897.0,3072403.0,3072403.0,443897.0
active42,DUE,annual,37,37,owner,2,without_young_child,5,804.0,5207.0,5207.0,804.0
active42,DUE,annual,37,37,owner,3+,with_young_child,2655,276095.0,1977918.0,1977918.0,276095.0
active42,DUE,annual,37,37,owner,3+,without_young_child,2,70.0,473.0,473.0,70.0
active42,DUE,annual,37,37,renter,0,without_young_child,2841,396004.0,1448376.0,1448376.0,0.0
active42,DUE,annual,37,37,renter,1,with_young_child,1042,137829.0,592879.0,592879.0,0.0
active42,DUE,annual,37,37,renter,1,without_young_child,75,10425.0,44999.0,44999.0,0.0
active42,DUE,annual,37,37,renter,2,with_young_child,1208,160982.0,758751.0,758751.0,0.0
active42,DUE,annual,37,37,renter,2,without_young_child,6,832.0,5259.0,5259.0,0.0
active42,DUE,annual,37,37,renter,3+,with_young_child,1040,139242.0,706828.0,706828.0,0.0
active42,DUE,annual,37,37,renter,3+,without_young_child,1,88.0,616.0,616.0,0.0
active42,DUE,annual,38,38,owner,0,without_young_child,3594,381137.0,2213065.0,2213065.0,381137.0
active42,DUE,annual,38,38,owner,1,with_young_child,2367,239795.0,1567371.0,1567371.0,239795.0
active42,DUE,annual,38,38,owner,1,without_young_child,95,11665.0,73416.0,73416.0,11665.0
active42,DUE,annual,38,38,owner,2,with_young_child,4644,456873.0,3175317.0,3175317.0,456873.0
active42,DUE,annual,38,38,owner,2,without_young_child,26,2776.0,16903.0,16903.0,2776.0
active42,DUE,annual,38,38,owner,3+,with_young_child,2763,283082.0,2006036.0,2006036.0,283082.0
active42,DUE,annual,38,38,owner,3+,without_young_child,4,450.0,2512.0,2512.0,450.0
active42,DUE,annual,38,38,renter,0,without_young_child,2728,380842.0,1409198.0,1409198.0,0.0
active42,DUE,annual,38,38,renter,1,with_young_child,1015,129458.0,566011.0,566011.0,0.0
active42,DUE,annual,38,38,renter,1,without_young_child,93,13284.0,61472.0,61472.0,0.0
active42,DUE,annual,38,38,renter,2,with_young_child,1245,173385.0,824725.0,824725.0,0.0
active42,DUE,annual,38,38,renter,2,without_young_child,24,3487.0,17487.0,17487.0,0.0
active42,DUE,annual,38,38,renter,3+,with_young_child,971,134576.0,691542.0,691542.0,0.0
active42,DUE,annual,38,38,renter,3+,without_young_child,4,785.0,4310.0,4310.0,0.0
active42,DUE,annual,39,39,owner,0,without_young_child,3575,373237.0,2185590.0,2185590.0,373237.0
active42,DUE,annual,39,39,owner,1,with_young_child,2413,234114.0,1517680.0,1517680.0,234114.0
active42,DUE,annual,39,39,owner,1,without_young_child,153,16848.0,108401.0,108401.0,16848.0
active42,DUE,annual,39,39,owner,2,with_young_child,4712,467618.0,3275214.0,3275214.0,467618.0
active42,DUE,annual,39,39,owner,2,without_young_child,37,3853.0,23399.0,23399.0,3853.0
active42,DUE,annual,39,39,owner,3+,with_young_child,2998,307828.0,2210710.0,2210710.0,307828.0
active42,DUE,annual,39,39,owner,3+,without_young_child,4,748.0,4868.0,4868.0,748.0
active42,DUE,annual,39,39,renter,0,without_young_child,2629,359443.0,1336519.0,1336519.0,0.0
active42,DUE,annual,39,39,renter,1,with_young_child,1001,135920.0,581234.0,581234.0,0.0
active42,DUE,annual,39,39,renter,1,without_young_child,108,14953.0,63726.0,63726.0,0.0
active42,DUE,annual,39,39,renter,2,with_young_child,1212,159825.0,776231.0,776231.0,0.0
active42,DUE,annual,39,39,renter,2,without_young_child,36,4378.0,22512.0,22512.0,0.0
active42,DUE,annual,39,39,renter,3+,with_young_child,937,132291.0,684663.0,684663.0,0.0
active42,DUE,annual,39,39,renter,3+,without_young_child,2,165.0,730.0,730.0,0.0
active42,DUE,annual,40,40,owner,0,without_young_child,4085,441472.0,2590122.0,2590122.0,441472.0
active42,DUE,annual,40,40,owner,1,with_young_child,2515,263684.0,1714967.0,1714967.0,263684.0
active42,DUE,annual,40,40,owner,1,without_young_child,267,31137.0,193670.0,193670.0,31137.0
active42,DUE,annual,40,40,owner,2,with_young_child,5284,524228.0,3666199.0,3666199.0,524228.0
active42,DUE,annual,40,40,owner,2,without_young_child,74,9863.0,63432.0,63432.0,9863.0
active42,DUE,annual,40,40,owner,3+,with_young_child,3173,322844.0,2338717.0,2338717.0,322844.0
active42,DUE,annual,40,40,owner,3+,without_young_child,16,1562.0,10510.0,10510.0,1562.0
active42,DUE,annual,40,40,renter,0,without_young_child,2933,414837.0,1550503.0,1550503.0,0.0
active42,DUE,annual,40,40,renter,1,with_young_child,1071,146411.0,640523.0,640523.0,0.0
active42,DUE,annual,40,40,renter,1,without_young_child,209,32531.0,141632.0,141632.0,0.0
active42,DUE,annual,40,40,renter,2,with_young_child,1274,172341.0,831313.0,831313.0,0.0
active42,DUE,annual,40,40,renter,2,without_young_child,45,6786.0,30756.0,30756.0,0.0
active42,DUE,annual,40,40,renter,3+,with_young_child,988,138993.0,731357.0,731357.0,0.0
active42,DUE,annual,40,40,renter,3+,without_young_child,13,1783.0,10936.0,10936.0,0.0
active42,DUE,annual,41,41,owner,0,without_young_child,4153,431265.0,2543266.0,2543266.0,431265.0
active42,DUE,annual,41,41,owner,1,with_young_child,2503,249213.0,1640847.0,1640847.0,249213.0
active42,DUE,annual,41,41,owner,1,without_young_child,334,38304.0,234942.0,234942.0,38304.0
active42,DUE,annual,41,41,owner,2,with_young_child,5312,513173.0,3622136.0,3622136.0,513173.0
active42,DUE,annual,41,41,owner,2,without_young_child,102,10401.0,65822.0,65822.0,10401.0
active42,DUE,annual,41,41,owner,3+,with_young_child,3242,322784.0,2368001.0,2368001.0,322784.0
active42,DUE,annual,41,41,owner,3+,without_young_child,11,1373.0,9152.0,9152.0,1373.0
active42,DUE,annual,41,41,renter,0,without_young_child,2626,355209.0,1317478.0,1317478.0,0.0
active42,DUE,annual,41,41,renter,1,with_young_child,990,136049.0,613609.0,613609.0,0.0
active42,DUE,annual,41,41,renter,1,without_young_child,233,32895.0,153016.0,153016.0,0.0
active42,DUE,annual,41,41,renter,2,with_young_child,1156,151407.0,725401.0,725401.0,0.0
active42,DUE,annual,41,41,renter,2,without_young_child,57,7367.0,37990.0,37990.0,0.0
active42,DUE,annual,41,41,renter,3+,with_young_child,817,109585.0,584791.0,584791.0,0.0
active42,DUE,annual,41,41,renter,3+,without_young_child,9,1204.0,5938.0,5938.0,0.0
active42,DUE,annual,42,42,owner,0,without_young_child,4364,444113.0,2631035.0,2631035.0,444113.0
active42,DUE,annual,42,42,owner,1,with_young_child,2677,270706.0,1763450.0,1763450.0,270706.0
active42,DUE,annual,42,42,owner,1,without_young_child,458,44386.0,277115.0,277115.0,44386.0
active42,DUE,annual,42,42,owner,2,with_young_child,5433,527981.0,3746874.0,3746874.0,527981.0
active42,DUE,annual,42,42,owner,2,without_young_child,136,13522.0,89697.0,89697.0,13522.0
active42,DUE,annual,42,42,owner,3+,with_young_child,3306,318837.0,2340344.0,2340344.0,318837.0
active42,DUE,annual,42,42,owner,3+,without_young_child,30,3058.0,21167.0,21167.0,3058.0
active42,DUE,annual,42,42,renter,0,without_young_child,2766,381203.0,1427297.0,1427297.0,0.0
active42,DUE,annual,42,42,renter,1,with_young_child,1030,133841.0,590931.0,590931.0,0.0
active42,DUE,annual,42,42,renter,1,without_young_child,309,45807.0,210764.0,210764.0,0.0
active42,DUE,annual,42,42,renter,2,with_young_child,1146,146261.0,722318.0,722318.0,0.0
active42,DUE,annual,42,42,renter,2,without_young_child,82,11175.0,54432.0,54432.0,0.0
active42,DUE,annual,42,42,renter,3+,with_young_child,832,106282.0,552280.0,552280.0,0.0
active42,DUE,annual,42,42,renter,3+,without_young_child,13,1829.0,10544.0,10544.0,0.0
active42,DUE,annual,43,43,owner,0,without_young_child,4588,473396.0,2812213.0,2812213.0,473396.0
active42,DUE,annual,43,43,owner,1,with_young_child,2739,263071.0,1766045.0,1766045.0,263071.0
active42,DUE,annual,43,43,owner,1,without_young_child,614,63298.0,404552.0,404552.0,63298.0
active42,DUE,annual,43,43,owner,2,with_young_child,5447,522087.0,3701937.0,3701937.0,522087.0
active42,DUE,annual,43,43,owner,2,without_young_child,189,20213.0,136562.0,136562.0,20213.0
active42,DUE,annual,43,43,owner,3+,with_young_child,3155,313252.0,2313411.0,2313411.0,313252.0
active42,DUE,annual,43,43,owner,3+,without_young_child,26,2900.0,19494.0,19494.0,2900.0
active42,DUE,annual,43,43,renter,0,without_young_child,2759,386362.0,1455077.0,1455077.0,0.0
active42,DUE,annual,43,43,renter,1,with_young_child,941,125055.0,562841.0,562841.0,0.0
active42,DUE,annual,43,43,renter,1,without_young_child,379,54686.0,256978.0,256978.0,0.0
active42,DUE,annual,43,43,renter,2,with_young_child,1009,127010.0,622855.0,622855.0,0.0
active42,DUE,annual,43,43,renter,2,without_young_child,80,11023.0,55432.0,55432.0,0.0
active42,DUE,annual,43,43,renter,3+,with_young_child,729,93374.0,489458.0,489458.0,0.0
active42,DUE,annual,43,43,renter,3+,without_young_child,18,2462.0,12514.0,12514.0,0.0
active42,DUE,annual,44,44,owner,0,without_young_child,4745,485359.0,2907004.0,2907004.0,485359.0
active42,DUE,annual,44,44,owner,1,with_young_child,2641,256247.0,1694188.0,1694188.0,256247.0
active42,DUE,annual,44,44,owner,1,without_young_child,781,82679.0,525160.0,525160.0,82679.0
active42,DUE,annual,44,44,owner,2,with_young_child,5243,503620.0,3597548.0,3597548.0,503620.0
active42,DUE,annual,44,44,owner,2,without_young_child,333,34249.0,224697.0,224697.0,34249.0
active42,DUE,annual,44,44,owner,3+,with_young_child,3098,297673.0,2208797.0,2208797.0,297673.0
active42,DUE,annual,44,44,owner,3+,without_young_child,38,3863.0,26863.0,26863.0,3863.0
active42,DUE,annual,44,44,renter,0,without_young_child,2802,372147.0,1387507.0,1387507.0,0.0
active42,DUE,annual,44,44,renter,1,with_young_child,892,110919.0,493308.0,493308.0,0.0
active42,DUE,annual,44,44,renter,1,without_young_child,386,51622.0,231812.0,231812.0,0.0
active42,DUE,annual,44,44,renter,2,with_young_child,965,123525.0,613538.0,613538.0,0.0
active42,DUE,annual,44,44,renter,2,without_young_child,111,15377.0,80649.0,80649.0,0.0
active42,DUE,annual,44,44,renter,3+,with_young_child,663,90179.0,482802.0,482802.0,0.0
active42,DUE,annual,44,44,renter,3+,without_young_child,17,2700.0,13659.0,13659.0,0.0
active42,DUE,annual,45,45,owner,0,without_young_child,5294,555942.0,3342971.0,3342971.0,555942.0
active42,DUE,annual,45,45,owner,1,with_young_child,2704,259958.0,1742893.0,1742893.0,259958.0
active42,DUE,annual,45,45,owner,1,without_young_child,1004,102504.0,650866.0,650866.0,102504.0
active42,DUE,annual,45,45,owner,2,with_young_child,5206,501634.0,3592419.0,3592419.0,501634.0
active42,DUE,annual,45,45,owner,2,without_young_child,407,41567.0,273337.0,273337.0,41567.0
active42,DUE,annual,45,45,owner,3+,with_young_child,2818,284271.0,2102639.0,2102639.0,284271.0
active42,DUE,annual,45,45,owner,3+,without_young_child,67,7994.0,56722.0,56722.0,7994.0
active42,DUE,annual,45,45,renter,0,without_young_child,3093,412329.0,1540216.0,1540216.0,0.0
active42,DUE,annual,45,45,renter,1,with_young_child,848,110467.0,499761.0,499761.0,0.0
active42,DUE,annual,45,45,renter,1,without_young_child,427,59116.0,273108.0,273108.0,0.0
active42,DUE,annual,45,45,renter,2,with_young_child,911,114562.0,567412.0,567412.0,0.0
active42,DUE,annual,45,45,renter,2,without_young_child,144,19380.0,97898.0,97898.0,0.0
active42,DUE,annual,45,45,renter,3+,with_young_child,624,84195.0,444849.0,444849.0,0.0
active42,DUE,annual,45,45,renter,3+,without_young_child,28,3381.0,16713.0,16713.0,0.0
active42,DUE,annual,46,46,owner,0,without_young_child,5409,537796.0,3247248.0,3247248.0,537796.0
active42,DUE,annual,46,46,owner,1,with_young_child,2640,251286.0,1704163.0,1704163.0,251286.0
active42,DUE,annual,46,46,owner,1,without_young_child,1212,120410.0,777109.0,777109.0,120410.0
active42,DUE,annual,46,46,owner,2,with_young_child,4708,445907.0,3203355.0,3203355.0,445907.0
active42,DUE,annual,46,46,owner,2,without_young_child,532,57011.0,385609.0,385609.0,57011.0
active42,DUE,annual,46,46,owner,3+,with_young_child,2540,243345.0,1801907.0,1801907.0,243345.0
active42,DUE,annual,46,46,owner,3+,without_young_child,76,8946.0,61931.0,61931.0,8946.0
active42,DUE,annual,46,46,renter,0,without_young_child,2922,375041.0,1429074.0,1429074.0,0.0
active42,DUE,annual,46,46,renter,1,with_young_child,761,96604.0,431226.0,431226.0,0.0
active42,DUE,annual,46,46,renter,1,without_young_child,497,64144.0,285093.0,285093.0,0.0
active42,DUE,annual,46,46,renter,2,with_young_child,769,98738.0,485627.0,485627.0,0.0
active42,DUE,annual,46,46,renter,2,without_young_child,143,19004.0,96214.0,96214.0,0.0
active42,DUE,annual,46,46,renter,3+,with_young_child,558,70227.0,367312.0,367312.0,0.0
active42,DUE,annual,46,46,renter,3+,without_young_child,31,4224.0,24766.0,24766.0,0.0
active42,DUE,annual,47,47,owner,0,without_young_child,5885,573849.0,3465021.0,3465021.0,573849.0
active42,DUE,annual,47,47,owner,1,with_young_child,2680,263656.0,1803282.0,1803282.0,263656.0
active42,DUE,annual,47,47,owner,1,without_young_child,1567,160004.0,1031920.0,1031920.0,160004.0
active42,DUE,annual,47,47,owner,2,with_young_child,4473,422771.0,3061188.0,3061188.0,422771.0
active42,DUE,annual,47,47,owner,2,without_young_child,643,63404.0,430391.0,430391.0,63404.0
active42,DUE,annual,47,47,owner,3+,with_young_child,2302,228841.0,1690323.0,1690323.0,228841.0
active42,DUE,annual,47,47,owner,3+,without_young_child,95,9711.0,64370.0,64370.0,9711.0
active42,DUE,annual,47,47,renter,0,without_young_child,3080,394629.0,1510942.0,1510942.0,0.0
active42,DUE,annual,47,47,renter,1,with_young_child,690,85978.0,387726.0,387726.0,0.0
active42,DUE,annual,47,47,renter,1,without_young_child,554,73044.0,332851.0,332851.0,0.0
active42,DUE,annual,47,47,renter,2,with_young_child,724,90284.0,451373.0,451373.0,0.0
active42,DUE,annual,47,47,renter,2,without_young_child,159,19581.0,97485.0,97485.0,0.0
active42,DUE,annual,47,47,renter,3+,with_young_child,430,55552.0,292507.0,292507.0,0.0
active42,DUE,annual,47,47,renter,3+,without_young_child,34,5395.0,29981.0,29981.0,0.0
active42,DUE,annual,48,48,owner,0,without_young_child,6375,616356.0,3760202.0,3760202.0,616356.0
active42,DUE,annual,48,48,owner,1,with_young_child,2632,253662.0,1738392.0,1738392.0,253662.0
active42,DUE,annual,48,48,owner,1,without_young_child,1721,169492.0,1128500.0,1128500.0,169492.0
active42,DUE,annual,48,48,owner,2,with_young_child,3985,372325.0,2683450.0,2683450.0,372325.0
active42,DUE,annual,48,48,owner,2,without_young_child,731,72276.0,489370.0,489370.0,72276.0
active42,DUE,annual,48,48,owner,3+,with_young_child,2033,204466.0,1503848.0,1503848.0,204466.0
active42,DUE,annual,48,48,owner,3+,without_young_child,118,12256.0,84850.0,84850.0,12256.0
active42,DUE,annual,48,48,renter,0,without_young_child,3077,395484.0,1514803.0,1514803.0,0.0
active42,DUE,annual,48,48,renter,1,with_young_child,611,75031.0,341325.0,341325.0,0.0
active42,DUE,annual,48,48,renter,1,without_young_child,600,75587.0,343210.0,343210.0,0.0
active42,DUE,annual,48,48,renter,2,with_young_child,640,80122.0,398499.0,398499.0,0.0
active42,DUE,annual,48,48,renter,2,without_young_child,193,25738.0,123735.0,123735.0,0.0
active42,DUE,annual,48,48,renter,3+,with_young_child,358,49430.0,267686.0,267686.0,0.0
active42,DUE,annual,48,48,renter,3+,without_young_child,27,3742.0,20485.0,20485.0,0.0
active42,DUE,annual,49,49,owner,0,without_young_child,6887,665363.0,4078873.0,4078873.0,665363.0
active42,DUE,annual,49,49,owner,1,with_young_child,2492,235041.0,1617177.0,1617177.0,235041.0
active42,DUE,annual,49,49,owner,1,without_young_child,1961,198463.0,1315595.0,1315595.0,198463.0
active42,DUE,annual,49,49,owner,2,with_young_child,3493,333951.0,2404891.0,2404891.0,333951.0
active42,DUE,annual,49,49,owner,2,without_young_child,916,92258.0,640735.0,640735.0,92258.0
active42,DUE,annual,49,49,owner,3+,with_young_child,1684,163139.0,1205739.0,1205739.0,163139.0
active42,DUE,annual,49,49,owner,3+,without_young_child,137,13630.0,96615.0,96615.0,13630.0
active42,DUE,annual,49,49,renter,0,without_young_child,3037,386564.0,1472515.0,1472515.0,0.0
active42,DUE,annual,49,49,renter,1,with_young_child,598,73933.0,339564.0,339564.0,0.0
active42,DUE,annual,49,49,renter,1,without_young_child,570,72226.0,329886.0,329886.0,0.0
active42,DUE,annual,49,49,renter,2,with_young_child,504,64089.0,320252.0,320252.0,0.0
active42,DUE,annual,49,49,renter,2,without_young_child,183,23247.0,116479.0,116479.0,0.0
active42,DUE,annual,49,49,renter,3+,with_young_child,312,39994.0,214184.0,214184.0,0.0
active42,DUE,annual,49,49,renter,3+,without_young_child,32,3972.0,21842.0,21842.0,0.0
active42,DUE,annual,50,50,owner,0,without_young_child,7932,757241.0,4682113.0,4682113.0,757241.0
active42,DUE,annual,50,50,owner,1,with_young_child,2416,229460.0,1581331.0,1581331.0,229460.0
active42,DUE,annual,50,50,owner,1,without_young_child,2376,234564.0,1551833.0,1551833.0,234564.0
active42,DUE,annual,50,50,owner,2,with_young_child,3024,285194.0,2063085.0,2063085.0,285194.0
active42,DUE,annual,50,50,owner,2,without_young_child,1014,103969.0,716093.0,716093.0,103969.0
active42,DUE,annual,50,50,owner,3+,with_young_child,1508,143737.0,1059318.0,1059318.0,143737.0
active42,DUE,annual,50,50,owner,3+,without_young_child,151,14841.0,105463.0,105463.0,14841.0
active42,DUE,annual,50,50,renter,0,without_young_child,3392,417991.0,1610051.0,1610051.0,0.0
active42,DUE,annual,50,50,renter,1,with_young_child,562,65062.0,298733.0,298733.0,0.0
active42,DUE,annual,50,50,renter,1,without_young_child,678,82121.0,379554.0,379554.0,0.0
active42,DUE,annual,50,50,renter,2,with_young_child,473,56340.0,273689.0,273689.0,0.0
active42,DUE,annual,50,50,renter,2,without_young_child,170,19404.0,96632.0,96632.0,0.0
active42,DUE,annual,50,50,renter,3+,with_young_child,305,38104.0,199131.0,199131.0,0.0
active42,DUE,annual,50,50,renter,3+,without_young_child,39,4708.0,25699.0,25699.0,0.0
active42,DUE,annual,51,51,owner,0,without_young_child,7795,734865.0,4580727.0,4580727.0,734865.0
active42,DUE,annual,51,51,owner,1,with_young_child,2159,194132.0,1357552.0,1357552.0,194132.0
active42,DUE,annual,51,51,owner,1,without_young_child,2336,219723.0,1464923.0,1464923.0,219723.0
active42,DUE,annual,51,51,owner,2,with_young_child,2393,219822.0,1594596.0,1594596.0,219822.0
active42,DUE,annual,51,51,owner,2,without_young_child,977,94326.0,652615.0,652615.0,94326.0
active42,DUE,annual,51,51,owner,3+,with_young_child,1135,108981.0,797502.0,797502.0,108981.0
active42,DUE,annual,51,51,owner,3+,without_young_child,179,18030.0,128925.0,128925.0,18030.0
active42,DUE,annual,51,51,renter,0,without_young_child,3068,363174.0,1395011.0,1395011.0,0.0
active42,DUE,annual,51,51,renter,1,with_young_child,453,56827.0,256542.0,256542.0,0.0
active42,DUE,annual,51,51,renter,1,without_young_child,609,72943.0,335718.0,335718.0,0.0
active42,DUE,annual,51,51,renter,2,with_young_child,370,43108.0,211600.0,211600.0,0.0
active42,DUE,annual,51,51,renter,2,without_young_child,191,24450.0,115919.0,115919.0,0.0
active42,DUE,annual,51,51,renter,3+,with_young_child,238,27568.0,145094.0,145094.0,0.0
active42,DUE,annual,51,51,renter,3+,without_young_child,29,3444.0,20142.0,20142.0,0.0
active42,DUE,annual,52,52,owner,0,without_young_child,8288,764531.0,4782505.0,4782505.0,764531.0
active42,DUE,annual,52,52,owner,1,with_young_child,1825,170356.0,1194203.0,1194203.0,170356.0
active42,DUE,annual,52,52,owner,1,without_young_child,2668,247378.0,1637785.0,1637785.0,247378.0
active42,DUE,annual,52,52,owner,2,with_young_child,1996,182826.0,1332464.0,1332464.0,182826.0
active42,DUE,annual,52,52,owner,2,without_young_child,989,93025.0,644915.0,644915.0,93025.0
active42,DUE,annual,52,52,owner,3+,with_young_child,950,89029.0,656414.0,656414.0,89029.0
active42,DUE,annual,52,52,owner,3+,without_young_child,198,19526.0,137338.0,137338.0,19526.0
active42,DUE,annual,52,52,renter,0,without_young_child,3119,370246.0,1417485.0,1417485.0,0.0
active42,DUE,annual,52,52,renter,1,with_young_child,389,48202.0,224573.0,224573.0,0.0
active42,DUE,annual,52,52,renter,1,without_young_child,603,70232.0,321254.0,321254.0,0.0
active42,DUE,annual,52,52,renter,2,with_young_child,290,32483.0,162483.0,162483.0,0.0
active42,DUE,annual,52,52,renter,2,without_young_child,177,22048.0,106052.0,106052.0,0.0
active42,DUE,annual,52,52,renter,3+,with_young_child,191,23688.0,123157.0,123157.0,0.0
active42,DUE,annual,52,52,renter,3+,without_young_child,43,5511.0,28358.0,28358.0,0.0
active42,DUE,annual,53,53,owner,0,without_young_child,8850,810895.0,5115053.0,5115053.0,810895.0
active42,DUE,annual,53,53,owner,1,with_young_child,1608,147915.0,1040734.0,1040734.0,147915.0
active42,DUE,annual,53,53,owner,1,without_young_child,2720,260215.0,1757214.0,1757214.0,260215.0
active42,DUE,annual,53,53,owner,2,with_young_child,1622,146618.0,1069076.0,1069076.0,146618.0
active42,DUE,annual,53,53,owner,2,without_young_child,1049,93636.0,653608.0,653608.0,93636.0
active42,DUE,annual,53,53,owner,3+,with_young_child,763,72577.0,535889.0,535889.0,72577.0
active42,DUE,annual,53,53,owner,3+,without_young_child,177,15344.0,107602.0,107602.0,15344.0
active42,DUE,annual,53,53,renter,0,without_young_child,3177,371368.0,1456755.0,1456755.0,0.0
active42,DUE,annual,53,53,renter,1,with_young_child,280,31898.0,142021.0,142021.0,0.0
active42,DUE,annual,53,53,renter,1,without_young_child,643,76696.0,350650.0,350650.0,0.0
active42,DUE,annual,53,53,renter,2,with_young_child,245,27909.0,145741.0,145741.0,0.0
active42,DUE,annual,53,53,renter,2,without_young_child,148,17422.0,90254.0,90254.0,0.0
active42,DUE,annual,53,53,renter,3+,with_young_child,158,18402.0,95778.0,95778.0,0.0
active42,DUE,annual,53,53,renter,3+,without_young_child,28,3549.0,19362.0,19362.0,0.0
active42,DUE,annual,54,54,owner,0,without_young_child,9131,834556.0,5289427.0,5289427.0,834556.0
active42,DUE,annual,54,54,owner,1,with_young_child,1307,118447.0,830291.0,830291.0,118447.0
active42,DUE,annual,54,54,owner,1,without_young_child,2718,254949.0,1718192.0,1718192.0,254949.0
active42,DUE,annual,54,54,owner,2,with_young_child,1292,118113.0,845144.0,845144.0,118113.0
active42,DUE,annual,54,54,owner,2,without_young_child,917,89091.0,614165.0,614165.0,89091.0
active42,DUE,annual,54,54,owner,3+,with_young_child,618,57439.0,419510.0,419510.0,57439.0
active42,DUE,annual,54,54,owner,3+,without_young_child,163,16366.0,117708.0,117708.0,16366.0
active42,DUE,annual,54,54,renter,0,without_young_child,3055,345024.0,1333926.0,1333926.0,0.0
active42,DUE,annual,54,54,renter,1,with_young_child,257,29632.0,137123.0,137123.0,0.0
active42,DUE,annual,54,54,renter,1,without_young_child,610,67855.0,316406.0,316406.0,0.0
active42,DUE,annual,54,54,renter,2,with_young_child,196,21067.0,101048.0,101048.0,0.0
active42,DUE,annual,54,54,renter,2,without_young_child,142,16595.0,83441.0,83441.0,0.0
active42,DUE,annual,54,54,renter,3+,with_young_child,121,15361.0,76332.0,76332.0,0.0
active42,DUE,annual,54,54,renter,3+,without_young_child,38,3734.0,19566.0,19566.0,0.0
active42,DUE,annual,55,55,owner,0,without_young_child,9697,896836.0,5704288.0,5704288.0,896836.0
active42,DUE,annual,55,55,owner,1,with_young_child,1119,102884.0,720696.0,720696.0,102884.0
active42,DUE,annual,55,55,owner,1,without_young_child,2753,259073.0,1753555.0,1753555.0,259073.0
active42,DUE,annual,55,55,owner,2,with_young_child,989,91148.0,659363.0,659363.0,91148.0
active42,DUE,annual,55,55,owner,2,without_young_child,874,87402.0,610402.0,610402.0,87402.0
active42,DUE,annual,55,55,owner,3+,with_young_child,441,43337.0,317850.0,317850.0,43337.0
active42,DUE,annual,55,55,owner,3+,without_young_child,142,13680.0,92693.0,92693.0,13680.0
active42,DUE,annual,55,55,renter,0,without_young_child,3156,368139.0,1416372.0,1416372.0,0.0
active42,DUE,annual,55,55,renter,1,with_young_child,191,22686.0,101317.0,101317.0,0.0
active42,DUE,annual,55,55,renter,1,without_young_child,597,72254.0,334175.0,334175.0,0.0
active42,DUE,annual,55,55,renter,2,with_young_child,159,20661.0,101209.0,101209.0,0.0
active42,DUE,annual,55,55,renter,2,without_young_child,184,21036.0,101329.0,101329.0,0.0
active42,DUE,annual,55,55,renter,3+,with_young_child,106,13346.0,74140.0,74140.0,0.0
active42,DUE,annual,55,55,renter,3+,without_young_child,38,4661.0,21568.0,21568.0,0.0
active42,DUE,annual,56,56,owner,0,without_young_child,9778,897628.0,5710806.0,5710806.0,897628.0
active42,DUE,annual,56,56,owner,1,with_young_child,890,83094.0,574978.0,574978.0,83094.0
active42,DUE,annual,56,56,owner,1,without_young_child,2671,251851.0,1710203.0,1710203.0,251851.0
active42,DUE,annual,56,56,owner,2,with_young_child,756,68496.0,489961.0,489961.0,68496.0
active42,DUE,annual,56,56,owner,2,without_young_child,796,78483.0,543797.0,543797.0,78483.0
active42,DUE,annual,56,56,owner,3+,with_young_child,360,34513.0,244799.0,244799.0,34513.0
active42,DUE,annual,56,56,owner,3+,without_young_child,156,16695.0,117044.0,117044.0,16695.0
active42,DUE,annual,56,56,renter,0,without_young_child,3032,346407.0,1361984.0,1361984.0,0.0
active42,DUE,annual,56,56,renter,1,with_young_child,155,19846.0,90047.0,90047.0,0.0
active42,DUE,annual,56,56,renter,1,without_young_child,586,70233.0,329678.0,329678.0,0.0
active42,DUE,annual,56,56,renter,2,with_young_child,117,13351.0,70822.0,70822.0,0.0
active42,DUE,annual,56,56,renter,2,without_young_child,172,18596.0,90746.0,90746.0,0.0
active42,DUE,annual,56,56,renter,3+,with_young_child,67,8760.0,45835.0,45835.0,0.0
active42,DUE,annual,56,56,renter,3+,without_young_child,34,3968.0,22126.0,22126.0,0.0
active42,DUE,annual,57,57,owner,0,without_young_child,10707,977213.0,6276452.0,6276452.0,977213.0
active42,DUE,annual,57,57,owner,1,with_young_child,707,62342.0,440111.0,440111.0,62342.0
active42,DUE,annual,57,57,owner,1,without_young_child,2633,245925.0,1678020.0,1678020.0,245925.0
active42,DUE,annual,57,57,owner,2,with_young_child,623,58084.0,423077.0,423077.0,58084.0
active42,DUE,annual,57,57,owner,2,without_young_child,768,71358.0,499801.0,499801.0,71358.0
active42,DUE,annual,57,57,owner,3+,with_young_child,295,28553.0,200374.0,200374.0,28553.0
active42,DUE,annual,57,57,owner,3+,without_young_child,154,14392.0,99951.0,99951.0,14392.0
active42,DUE,annual,57,57,renter,0,without_young_child,3018,347089.0,1348415.0,1348415.0,0.0
active42,DUE,annual,57,57,renter,1,with_young_child,129,14366.0,69630.0,69630.0,0.0
active42,DUE,annual,57,57,renter,1,without_young_child,559,64741.0,302417.0,302417.0,0.0
active42,DUE,annual,57,57,renter,2,with_young_child,86,9105.0,43018.0,43018.0,0.0
active42,DUE,annual,57,57,renter,2,without_young_child,148,17277.0,87106.0,87106.0,0.0
active42,DUE,annual,57,57,renter,3+,with_young_child,55,5801.0,31455.0,31455.0,0.0
active42,DUE,annual,57,57,renter,3+,without_young_child,32,3408.0,19432.0,19432.0,0.0
active42,DUE,annual,58,58,owner,0,without_young_child,11655,1038059.0,6679721.0,6679721.0,1038059.0
active42,DUE,annual,58,58,owner,1,with_young_child,616,60040.0,421105.0,421105.0,60040.0
active42,DUE,annual,58,58,owner,1,without_young_child,2689,248582.0,1677178.0,1677178.0,248582.0
active42,DUE,annual,58,58,owner,2,with_young_child,475,44593.0,323631.0,323631.0,44593.0
active42,DUE,annual,58,58,owner,2,without_young_child,642,63838.0,446341.0,446341.0,63838.0
active42,DUE,annual,58,58,owner,3+,with_young_child,204,19050.0,137927.0,137927.0,19050.0
active42,DUE,annual,58,58,owner,3+,without_young_child,141,12672.0,89732.0,89732.0,12672.0
active42,DUE,annual,58,58,renter,0,without_young_child,3054,346029.0,1329586.0,1329586.0,0.0
active42,DUE,annual,58,58,renter,1,with_young_child,114,13444.0,60550.0,60550.0,0.0
active42,DUE,annual,58,58,renter,1,without_young_child,548,61732.0,275863.0,275863.0,0.0
active42,DUE,annual,58,58,renter,2,with_young_child,90,9866.0,49609.0,49609.0,0.0
active42,DUE,annual,58,58,renter,2,without_young_child,97,11468.0,56499.0,56499.0,0.0
active42,DUE,annual,58,58,renter,3+,with_young_child,58,6109.0,33264.0,33264.0,0.0
active42,DUE,annual,58,58,renter,3+,without_young_child,37,4287.0,23840.0,23840.0,0.0
active42,DUE,annual,59,59,owner,0,without_young_child,10791,969050.0,6243424.0,6243424.0,969050.0
active42,DUE,annual,59,59,owner,1,with_young_child,461,40992.0,281903.0,281903.0,40992.0
active42,DUE,annual,59,59,owner,1,without_young_child,2328,217636.0,1477922.0,1477922.0,217636.0
active42,DUE,annual,59,59,owner,2,with_young_child,323,29522.0,211842.0,211842.0,29522.0
active42,DUE,annual,59,59,owner,2,without_young_child,625,57630.0,396128.0,396128.0,57630.0
active42,DUE,annual,59,59,owner,3+,with_young_child,154,14627.0,106589.0,106589.0,14627.0
active42,DUE,annual,59,59,owner,3+,without_young_child,111,11425.0,78810.0,78810.0,11425.0
active42,DUE,annual,59,59,renter,0,without_young_child,2782,319092.0,1225795.0,1225795.0,0.0
active42,DUE,annual,59,59,renter,1,with_young_child,80,10701.0,50555.0,50555.0,0.0
active42,DUE,annual,59,59,renter,1,without_young_child,447,51458.0,233153.0,233153.0,0.0
active42,DUE,annual,59,59,renter,2,with_young_child,59,7464.0,35739.0,35739.0,0.0
active42,DUE,annual,59,59,renter,2,without_young_child,92,9973.0,50529.0,50529.0,0.0
active42,DUE,annual,59,59,renter,3+,with_young_child,44,4535.0,24373.0,24373.0,0.0
active42,DUE,annual,59,59,renter,3+,without_young_child,22,2088.0,10758.0,10758.0,0.0
active42,DUE,annual,60,60,owner,0,without_young_child,9758,884807.0,5662313.0,5662313.0,884807.0
active42,DUE,annual,60,60,owner,1,with_young_child,330,30221.0,207818.0,207818.0,30221.0
active42,DUE,annual,60,60,owner,1,without_young_child,1997,187994.0,1261658.0,1261658.0,187994.0
active42,DUE,annual,60,60,owner,2,with_young_child,253,24593.0,175373.0,175373.0,24593.0
active42,DUE,annual,60,60,owner,2,without_young_child,475,45486.0,308706.0,308706.0,45486.0
active42,DUE,annual,60,60,owner,3+,with_young_child,103,9854.0,67358.0,67358.0,9854.0
active42,DUE,annual,60,60,owner,3+,without_young_child,94,9708.0,68596.0,68596.0,9708.0
active42,DUE,annual,60,60,renter,0,without_young_child,2608,293932.0,1125642.0,1125642.0,0.0
active42,DUE,annual,60,60,renter,1,with_young_child,63,7188.0,32137.0,32137.0,0.0
active42,DUE,annual,60,60,renter,1,without_young_child,393,45428.0,200734.0,200734.0,0.0
active42,DUE,annual,60,60,renter,2,with_young_child,38,4460.0,21810.0,21810.0,0.0
active42,DUE,annual,60,60,renter,2,without_young_child,73,9895.0,51100.0,51100.0,0.0
active42,DUE,annual,60,60,renter,3+,with_young_child,35,4189.0,21149.0,21149.0,0.0
active42,DUE,annual,60,60,renter,3+,without_young_child,21,2323.0,12344.0,12344.0,0.0
active42,DUE,annual,61,61,owner,0,without_young_child,9379,841027.0,5418362.0,5418362.0,841027.0
active42,DUE,annual,61,61,owner,1,with_young_child,242,21680.0,149698.0,149698.0,21680.0
active42,DUE,annual,61,61,owner,1,without_young_child,1764,163207.0,1092404.0,1092404.0,163207.0
active42,DUE,annual,61,61,owner,2,with_young_child,186,17541.0,126727.0,126727.0,17541.0
active42,DUE,annual,61,61,owner,2,without_young_child,373,35493.0,241176.0,241176.0,35493.0
active42,DUE,annual,61,61,owner,3+,with_young_child,77,7100.0,49852.0,49852.0,7100.0
active42,DUE,annual,61,61,owner,3+,without_young_child,66,5987.0,42215.0,42215.0,5987.0
active42,DUE,annual,61,61,renter,0,without_young_child,2383,258747.0,979302.0,979302.0,0.0
active42,DUE,annual,61,61,renter,1,with_young_child,49,5140.0,24870.0,24870.0,0.0
active42,DUE,annual,61,61,renter,1,without_young_child,334,38910.0,181677.0,181677.0,0.0
active42,DUE,annual,61,61,renter,2,with_young_child,35,4051.0,20157.0,20157.0,0.0
active42,DUE,annual,61,61,renter,2,without_young_child,74,8212.0,41296.0,41296.0,0.0
active42,DUE,annual,61,61,renter,3+,with_young_child,24,2635.0,14753.0,14753.0,0.0
active42,DUE,annual,61,61,renter,3+,without_young_child,16,1334.0,7464.0,7464.0,0.0
active42,DUE,annual,62,62,owner,0,without_young_child,10057,893264.0,5708230.0,5708230.0,893264.0
active42,DUE,annual,62,62,owner,1,with_young_child,227,22073.0,151655.0,151655.0,22073.0
active42,DUE,annual,62,62,owner,1,without_young_child,1800,164875.0,1110352.0,1110352.0,164875.0
active42,DUE,annual,62,62,owner,2,with_young_child,145,12888.0,93389.0,93389.0,12888.0
active42,DUE,annual,62,62,owner,2,without_young_child,381,36834.0,249901.0,249901.0,36834.0
active42,DUE,annual,62,62,owner,3+,with_young_child,61,6249.0,45013.0,45013.0,6249.0
active42,DUE,annual,62,62,owner,3+,without_young_child,82,9505.0,67982.0,67982.0,9505.0
active42,DUE,annual,62,62,renter,0,without_young_child,2439,279748.0,1062996.0,1062996.0,0.0
active42,DUE,annual,62,62,renter,1,with_young_child,49,5232.0,24069.0,24069.0,0.0
active42,DUE,annual,62,62,renter,1,without_young_child,381,44234.0,209480.0,209480.0,0.0
active42,DUE,annual,62,62,renter,2,with_young_child,22,2241.0,11364.0,11364.0,0.0
active42,DUE,annual,62,62,renter,2,without_young_child,75,8792.0,44090.0,44090.0,0.0
active42,DUE,annual,62,62,renter,3+,with_young_child,27,2736.0,14404.0,14404.0,0.0
active42,DUE,annual,62,62,renter,3+,without_young_child,14,1645.0,7283.0,7283.0,0.0
active42,DUE,annual,63,63,owner,0,without_young_child,9544,842881.0,5354818.0,5354818.0,842881.0
active42,DUE,annual,63,63,owner,1,with_young_child,156,13845.0,97268.0,97268.0,13845.0
active42,DUE,annual,63,63,owner,1,without_young_child,1627,148837.0,988097.0,988097.0,148837.0
active42,DUE,annual,63,63,owner,2,with_young_child,107,9558.0,66285.0,66285.0,9558.0
active42,DUE,annual,63,63,owner,2,without_young_child,325,30675.0,210303.0,210303.0,30675.0
active42,DUE,annual,63,63,owner,3+,with_young_child,59,5923.0,41986.0,41986.0,5923.0
active42,DUE,annual,63,63,owner,3+,without_young_child,63,6228.0,42970.0,42970.0,6228.0
active42,DUE,annual,63,63,renter,0,without_young_child,2254,246182.0,941155.0,941155.0,0.0
active42,DUE,annual,63,63,renter,1,with_young_child,31,4019.0,19313.0,19313.0,0.0
active42,DUE,annual,63,63,renter,1,without_young_child,330,35217.0,161275.0,161275.0,0.0
active42,DUE,annual,63,63,renter,2,with_young_child,30,3655.0,16838.0,16838.0,0.0
active42,DUE,annual,63,63,renter,2,without_young_child,70,8598.0,40876.0,40876.0,0.0
active42,DUE,annual,63,63,renter,3+,with_young_child,21,2129.0,10332.0,10332.0,0.0
active42,DUE,annual,63,63,renter,3+,without_young_child,4,364.0,1873.0,1873.0,0.0
active42,DUE,annual,64,64,owner,0,without_young_child,8879,788566.0,4997301.0,4997301.0,788566.0
active42,DUE,annual,64,64,owner,1,with_young_child,112,11005.0,75758.0,75758.0,11005.0
active42,DUE,annual,64,64,owner,1,without_young_child,1487,132580.0,879042.0,879042.0,132580.0
active42,DUE,annual,64,64,owner,2,with_young_child,74,6785.0,47178.0,47178.0,6785.0
active42,DUE,annual,64,64,owner,2,without_young_child,269,23790.0,153828.0,153828.0,23790.0
active42,DUE,annual,64,64,owner,3+,with_young_child,35,3652.0,27447.0,27447.0,3652.0
active42,DUE,annual,64,64,owner,3+,without_young_child,50,4849.0,35276.0,35276.0,4849.0
active42,DUE,annual,64,64,renter,0,without_young_child,2070,227164.0,853763.0,853763.0,0.0
active42,DUE,annual,64,64,renter,1,with_young_child,37,3998.0,16482.0,16482.0,0.0
active42,DUE,annual,64,64,renter,1,without_young_child,297,32629.0,150227.0,150227.0,0.0
active42,DUE,annual,64,64,renter,2,with_young_child,20,2762.0,13289.0,13289.0,0.0
active42,DUE,annual,64,64,renter,2,without_young_child,54,5899.0,29748.0,29748.0,0.0
active42,DUE,annual,64,64,renter,3+,with_young_child,11,1097.0,6040.0,6040.0,0.0
active42,DUE,annual,64,64,renter,3+,without_young_child,10,1107.0,6763.0,6763.0,0.0
active42,DUE,annual,65,65,owner,0,without_young_child,8451,725859.0,4520024.0,4520024.0,725859.0
active42,DUE,annual,65,65,owner,1,with_young_child,79,6948.0,47476.0,47476.0,6948.0
active42,DUE,annual,65,65,owner,1,without_young_child,1436,130150.0,856403.0,856403.0,130150.0
active42,DUE,annual,65,65,owner,2,with_young_child,53,4744.0,32128.0,32128.0,4744.0
active42,DUE,annual,65,65,owner,2,without_young_child,260,23945.0,163493.0,163493.0,23945.0
active42,DUE,annual,65,65,owner,3+,with_young_child,25,2715.0,19853.0,19853.0,2715.0
active42,DUE,annual,65,65,owner,3+,without_young_child,59,5551.0,36408.0,36408.0,5551.0
active42,DUE,annual,65,65,renter,0,without_young_child,2190,242040.0,887587.0,887587.0,0.0
active42,DUE,annual,65,65,renter,1,with_young_child,11,1119.0,4452.0,4452.0,0.0
active42,DUE,annual,65,65,renter,1,without_young_child,288,32868.0,151407.0,151407.0,0.0
active42,DUE,annual,65,65,renter,2,with_young_child,9,1408.0,7066.0,7066.0,0.0
active42,DUE,annual,65,65,renter,2,without_young_child,46,4751.0,23608.0,23608.0,0.0
active42,DUE,annual,65,65,renter,3+,with_young_child,6,625.0,2223.0,2223.0,0.0
active42,DUE,annual,65,65,renter,3+,without_young_child,10,915.0,4609.0,4609.0,0.0
active42,DUE,annual,66,66,owner,0,without_young_child,7927,678094.0,4271687.0,4271687.0,678094.0
active42,DUE,annual,66,66,owner,1,with_young_child,59,4624.0,32839.0,32839.0,4624.0
active42,DUE,annual,66,66,owner,1,without_young_child,1252,112609.0,736392.0,736392.0,112609.0
active42,DUE,annual,66,66,owner,2,with_young_child,45,4225.0,30613.0,30613.0,4225.0
active42,DUE,annual,66,66,owner,2,without_young_child,197,17651.0,119446.0,119446.0,17651.0
active42,DUE,annual,66,66,owner,3+,with_young_child,15,1139.0,8175.0,8175.0,1139.0
active42,DUE,annual,66,66,owner,3+,without_young_child,48,4513.0,31035.0,31035.0,4513.0
active42,DUE,annual,66,66,renter,0,without_young_child,1952,203191.0,747803.0,747803.0,0.0
active42,DUE,annual,66,66,renter,1,with_young_child,18,1591.0,6901.0,6901.0,0.0
active42,DUE,annual,66,66,renter,1,without_young_child,234,27719.0,124626.0,124626.0,0.0
active42,DUE,annual,66,66,renter,2,with_young_child,11,1180.0,5496.0,5496.0,0.0
active42,DUE,annual,66,66,renter,2,without_young_child,33,3215.0,15963.0,15963.0,0.0
active42,DUE,annual,66,66,renter,3+,with_young_child,10,1305.0,6713.0,6713.0,0.0
active42,DUE,annual,66,66,renter,3+,without_young_child,4,391.0,2135.0,2135.0,0.0
active42,DUE,annual,67,67,owner,0,without_young_child,7990,695764.0,4356395.0,4356395.0,695764.0
active42,DUE,annual,67,67,owner,1,with_young_child,64,5142.0,37024.0,37024.0,5142.0
active42,DUE,annual,67,67,owner,1,without_young_child,1262,113295.0,742172.0,742172.0,113295.0
active42,DUE,annual,67,67,owner,2,with_young_child,41,4040.0,28023.0,28023.0,4040.0
active42,DUE,annual,67,67,owner,2,without_young_child,193,18140.0,118655.0,118655.0,18140.0
active42,DUE,annual,67,67,owner,3+,with_young_child,13,1079.0,6342.0,6342.0,1079.0
active42,DUE,annual,67,67,owner,3+,without_young_child,44,3732.0,24996.0,24996.0,3732.0
active42,DUE,annual,67,67,renter,0,without_young_child,1982,213569.0,792898.0,792898.0,0.0
active42,DUE,annual,67,67,renter,1,with_young_child,10,1044.0,4212.0,4212.0,0.0
active42,DUE,annual,67,67,renter,1,without_young_child,231,26035.0,122528.0,122528.0,0.0
active42,DUE,annual,67,67,renter,2,with_young_child,9,1610.0,7830.0,7830.0,0.0
active42,DUE,annual,67,67,renter,2,without_young_child,30,2971.0,15050.0,15050.0,0.0
active42,DUE,annual,67,67,renter,3+,with_young_child,5,462.0,2601.0,2601.0,0.0
active42,DUE,annual,67,67,renter,3+,without_young_child,8,738.0,3837.0,3837.0,0.0
active42,DUE,annual,68,68,owner,0,without_young_child,7423,642144.0,4011780.0,4011780.0,642144.0
active42,DUE,annual,68,68,owner,1,with_young_child,52,4664.0,30018.0,30018.0,4664.0
active42,DUE,annual,68,68,owner,1,without_young_child,1166,105658.0,688044.0,688044.0,105658.0
active42,DUE,annual,68,68,owner,2,with_young_child,36,3139.0,22200.0,22200.0,3139.0
active42,DUE,annual,68,68,owner,2,without_young_child,205,18720.0,128253.0,128253.0,18720.0
active42,DUE,annual,68,68,owner,3+,with_young_child,13,1192.0,7918.0,7918.0,1192.0
active42,DUE,annual,68,68,owner,3+,without_young_child,30,2751.0,18609.0,18609.0,2751.0
active42,DUE,annual,68,68,renter,0,without_young_child,1782,185688.0,685823.0,685823.0,0.0
active42,DUE,annual,68,68,renter,1,with_young_child,11,929.0,3990.0,3990.0,0.0
active42,DUE,annual,68,68,renter,1,without_young_child,204,23336.0,104904.0,104904.0,0.0
active42,DUE,annual,68,68,renter,2,with_young_child,6,788.0,4312.0,4312.0,0.0
active42,DUE,annual,68,68,renter,2,without_young_child,40,4451.0,21598.0,21598.0,0.0
active42,DUE,annual,68,68,renter,3+,with_young_child,7,727.0,4507.0,4507.0,0.0
active42,DUE,annual,68,68,renter,3+,without_young_child,10,1459.0,8358.0,8358.0,0.0
active42,DUE,annual,69,69,owner,0,without_young_child,7144,607083.0,3754040.0,3754040.0,607083.0
active42,DUE,annual,69,69,owner,1,with_young_child,37,2899.0,20560.0,20560.0,2899.0
active42,DUE,annual,69,69,owner,1,without_young_child,1066,95339.0,609757.0,609757.0,95339.0
active42,DUE,annual,69,69,owner,2,with_young_child,32,2485.0,18661.0,18661.0,2485.0
active42,DUE,annual,69,69,owner,2,without_young_child,180,17077.0,114101.0,114101.0,17077.0
active42,DUE,annual,69,69,owner,3+,with_young_child,17,1205.0,8086.0,8086.0,1205.0
active42,DUE,annual,69,69,owner,3+,without_young_child,26,2591.0,16941.0,16941.0,2591.0
active42,DUE,annual,69,69,renter,0,without_young_child,1770,187538.0,684827.0,684827.0,0.0
active42,DUE,annual,69,69,renter,1,with_young_child,8,571.0,2274.0,2274.0,0.0
active42,DUE,annual,69,69,renter,1,without_young_child,188,19855.0,93113.0,93113.0,0.0
active42,DUE,annual,69,69,renter,2,with_young_child,4,532.0,2026.0,2026.0,0.0
active42,DUE,annual,69,69,renter,2,without_young_child,29,3232.0,17376.0,17376.0,0.0
active42,DUE,annual,69,69,renter,3+,with_young_child,1,65.0,520.0,520.0,0.0
active42,DUE,annual,69,69,renter,3+,without_young_child,5,566.0,3133.0,3133.0,0.0
active42,DUE,annual,70,70,owner,0,without_young_child,7216,618670.0,3799953.0,3799953.0,618670.0
active42,DUE,annual,70,70,owner,1,with_young_child,20,1721.0,10337.0,10337.0,1721.0
active42,DUE,annual,70,70,owner,1,without_young_child,1110,98986.0,634151.0,634151.0,98986.0
active42,DUE,annual,70,70,owner,2,with_young_child,21,1859.0,13212.0,13212.0,1859.0
active42,DUE,annual,70,70,owner,2,without_young_child,200,18678.0,123473.0,123473.0,18678.0
active42,DUE,annual,70,70,owner,3+,with_young_child,10,1144.0,7591.0,7591.0,1144.0
active42,DUE,annual,70,70,owner,3+,without_young_child,36,3642.0,23885.0,23885.0,3642.0
active42,DUE,annual,70,70,renter,0,without_young_child,1827,199028.0,726756.0,726756.0,0.0
active42,DUE,annual,70,70,renter,1,with_young_child,7,659.0,2691.0,2691.0,0.0
active42,DUE,annual,70,70,renter,1,without_young_child,189,20587.0,96566.0,96566.0,0.0
active42,DUE,annual,70,70,renter,2,with_young_child,5,608.0,2708.0,2708.0,0.0
active42,DUE,annual,70,70,renter,2,without_young_child,30,3044.0,15799.0,15799.0,0.0
active42,DUE,annual,70,70,renter,3+,with_young_child,2,136.0,728.0,728.0,0.0
active42,DUE,annual,70,70,renter,3+,without_young_child,9,801.0,3899.0,3899.0,0.0
active42,DUE,annual,71,71,owner,0,without_young_child,6675,574807.0,3537347.0,3537347.0,574807.0
active42,DUE,annual,71,71,owner,1,with_young_child,22,2560.0,15314.0,15314.0,2560.0
active42,DUE,annual,71,71,owner,1,without_young_child,1015,88153.0,563777.0,563777.0,88153.0
active42,DUE,annual,71,71,owner,2,with_young_child,14,1535.0,8510.0,8510.0,1535.0
active42,DUE,annual,71,71,owner,2,without_young_child,145,14786.0,101593.0,101593.0,14786.0
active42,DUE,annual,71,71,owner,3+,with_young_child,7,712.0,5725.0,5725.0,712.0
active42,DUE,annual,71,71,owner,3+,without_young_child,27,2337.0,15289.0,15289.0,2337.0
active42,DUE,annual,71,71,renter,0,without_young_child,1690,174572.0,617591.0,617591.0,0.0
active42,DUE,annual,71,71,renter,1,with_young_child,3,214.0,1126.0,1126.0,0.0
active42,DUE,annual,71,71,renter,1,without_young_child,151,15366.0,73951.0,73951.0,0.0
active42,DUE,annual,71,71,renter,2,with_young_child,3,262.0,1267.0,1267.0,0.0
active42,DUE,annual,71,71,renter,2,without_young_child,30,4144.0,19675.0,19675.0,0.0
active42,DUE,annual,71,71,renter,3+,with_young_child,3,299.0,1793.0,1793.0,0.0
active42,DUE,annual,71,71,renter,3+,without_young_child,13,1183.0,5776.0,5776.0,0.0
active42,DUE,annual,72,72,owner,0,without_young_child,6639,564423.0,3437452.0,3437452.0,564423.0
active42,DUE,annual,72,72,owner,1,with_young_child,12,924.0,6228.0,6228.0,924.0
active42,DUE,annual,72,72,owner,1,without_young_child,1036,90966.0,586135.0,586135.0,90966.0
active42,DUE,annual,72,72,owner,2,with_young_child,17,1266.0,8085.0,8085.0,1266.0
active42,DUE,annual,72,72,owner,2,without_young_child,124,12813.0,86448.0,86448.0,12813.0
active42,DUE,annual,72,72,owner,3+,with_young_child,5,495.0,2489.0,2489.0,495.0
active42,DUE,annual,72,72,owner,3+,without_young_child,32,2625.0,17286.0,17286.0,2625.0
active42,DUE,annual,72,72,renter,0,without_young_child,1742,181464.0,658235.0,658235.0,0.0
active42,DUE,annual,72,72,renter,1,with_young_child,5,427.0,2097.0,2097.0,0.0
active42,DUE,annual,72,72,renter,1,without_young_child,174,18209.0,83410.0,83410.0,0.0
active42,DUE,annual,72,72,renter,2,with_young_child,2,252.0,1260.0,1260.0,0.0
active42,DUE,annual,72,72,renter,2,without_young_child,26,2994.0,15389.0,15389.0,0.0
active42,DUE,annual,72,72,renter,3+,with_young_child,3,433.0,835.0,835.0,0.0
active42,DUE,annual,72,72,renter,3+,without_young_child,6,818.0,4150.0,4150.0,0.0
active42,DUE,annual,73,73,owner,0,without_young_child,6518,552037.0,3355747.0,3355747.0,552037.0
active42,DUE,annual,73,73,owner,1,with_young_child,14,1504.0,10283.0,10283.0,1504.0
active42,DUE,annual,73,73,owner,1,without_young_child,944,82962.0,534091.0,534091.0,82962.0
active42,DUE,annual,73,73,owner,2,with_young_child,6,402.0,3105.0,3105.0,402.0
active42,DUE,annual,73,73,owner,2,without_young_child,140,12555.0,81664.0,81664.0,12555.0
active42,DUE,annual,73,73,owner,3+,with_young_child,2,144.0,1008.0,1008.0,144.0
active42,DUE,annual,73,73,owner,3+,without_young_child,17,2466.0,15240.0,15240.0,2466.0
active42,DUE,annual,73,73,renter,0,without_young_child,1728,177745.0,632844.0,632844.0,0.0
active42,DUE,annual,73,73,renter,1,with_young_child,5,407.0,2011.0,2011.0,0.0
active42,DUE,annual,73,73,renter,1,without_young_child,158,18452.0,88049.0,88049.0,0.0
active42,DUE,annual,73,73,renter,2,with_young_child,3,437.0,1733.0,1733.0,0.0
active42,DUE,annual,73,73,renter,2,without_young_child,26,3512.0,18497.0,18497.0,0.0
active42,DUE,annual,73,73,renter,3+,with_young_child,4,1272.0,5963.0,5963.0,0.0
active42,DUE,annual,73,73,renter,3+,without_young_child,4,479.0,2234.0,2234.0,0.0
active42,DUE,annual,74,74,owner,0,without_young_child,6510,550252.0,3334752.0,3334752.0,550252.0
active42,DUE,annual,74,74,owner,1,with_young_child,8,818.0,5614.0,5614.0,818.0
active42,DUE,annual,74,74,owner,1,without_young_child,924,81283.0,523381.0,523381.0,81283.0
active42,DUE,annual,74,74,owner,2,with_young_child,11,800.0,5030.0,5030.0,800.0
active42,DUE,annual,74,74,owner,2,without_young_child,139,12687.0,87392.0,87392.0,12687.0
active42,DUE,annual,74,74,owner,3+,with_young_child,3,273.0,1833.0,1833.0,273.0
active42,DUE,annual,74,74,owner,3+,without_young_child,32,2692.0,17433.0,17433.0,2692.0
active42,DUE,annual,74,74,renter,0,without_young_child,1657,177940.0,631337.0,631337.0,0.0
active42,DUE,annual,74,74,renter,1,with_young_child,3,231.0,1194.0,1194.0,0.0
active42,DUE,annual,74,74,renter,1,without_young_child,163,17092.0,78669.0,78669.0,0.0
active42,DUE,annual,74,74,renter,2,with_young_child,2,204.0,1356.0,1356.0,0.0
active42,DUE,annual,74,74,renter,2,without_young_child,23,2206.0,11771.0,11771.0,0.0
active42,DUE,annual,74,74,renter,3+,with_young_child,2,331.0,1255.0,1255.0,0.0
active42,DUE,annual,74,74,renter,3+,without_young_child,4,586.0,3513.0,3513.0,0.0
active42,DUE,annual,75,75,owner,0,without_young_child,6442,536164.0,3211325.0,3211325.0,536164.0
active42,DUE,annual,75,75,owner,1,with_young_child,10,900.0,5816.0,5816.0,900.0
active42,DUE,annual,75,75,owner,1,without_young_child,934,80839.0,511994.0,511994.0,80839.0
active42,DUE,annual,75,75,owner,2,with_young_child,7,623.0,4835.0,4835.0,623.0
active42,DUE,annual,75,75,owner,2,without_young_child,151,13085.0,88197.0,88197.0,13085.0
active42,DUE,annual,75,75,owner,3+,with_young_child,4,294.0,1924.0,1924.0,294.0
active42,DUE,annual,75,75,owner,3+,without_young_child,22,1854.0,12355.0,12355.0,1854.0
active42,DUE,annual,75,75,renter,0,without_young_child,1644,172991.0,605674.0,605674.0,0.0
active42,DUE,annual,75,75,renter,1,with_young_child,4,772.0,3389.0,3389.0,0.0
active42,DUE,annual,75,75,renter,1,without_young_child,146,16931.0,80546.0,80546.0,0.0
active42,DUE,annual,75,75,renter,2,without_young_child,17,2037.0,10027.0,10027.0,0.0
active42,DUE,annual,75,75,renter,3+,with_young_child,1,157.0,942.0,942.0,0.0
active42,DUE,annual,75,75,renter,3+,without_young_child,5,797.0,4471.0,4471.0,0.0
active42,DUE,annual,76,76,owner,0,without_young_child,6308,535274.0,3192781.0,3192781.0,535274.0
active42,DUE,annual,76,76,owner,1,with_young_child,10,906.0,5417.0,5417.0,906.0
active42,DUE,annual,76,76,owner,1,without_young_child,896,77685.0,498827.0,498827.0,77685.0
active42,DUE,annual,76,76,owner,2,with_young_child,8,594.0,4150.0,4150.0,594.0
active42,DUE,annual,76,76,owner,2,without_young_child,124,11854.0,81189.0,81189.0,11854.0
active42,DUE,annual,76,76,owner,3+,with_young_child,6,486.0,2785.0,2785.0,486.0
active42,DUE,annual,76,76,owner,3+,without_young_child,22,2048.0,14462.0,14462.0,2048.0
active42,DUE,annual,76,76,renter,0,without_young_child,1648,173486.0,615335.0,615335.0,0.0
active42,DUE,annual,76,76,renter,1,with_young_child,3,546.0,2384.0,2384.0,0.0
active42,DUE,annual,76,76,renter,1,without_young_child,122,14165.0,65914.0,65914.0,0.0
active42,DUE,annual,76,76,renter,2,with_young_child,1,266.0,798.0,798.0,0.0
active42,DUE,annual,76,76,renter,2,without_young_child,12,1134.0,6794.0,6794.0,0.0
active42,DUE,annual,76,76,renter,3+,without_young_child,3,1026.0,5187.0,5187.0,0.0
active42,DUE,annual,77,77,owner,0,without_young_child,6271,527465.0,3126877.0,3126877.0,527465.0
active42,DUE,annual,77,77,owner,1,with_young_child,4,365.0,2482.0,2482.0,365.0
active42,DUE,annual,77,77,owner,1,without_young_child,885,76349.0,483762.0,483762.0,76349.0
active42,DUE,annual,77,77,owner,2,with_young_child,2,187.0,1592.0,1592.0,187.0
active42,DUE,annual,77,77,owner,2,without_young_child,119,10354.0,68953.0,68953.0,10354.0
active42,DUE,annual,77,77,owner,3+,with_young_child,5,501.0,3563.0,3563.0,501.0
active42,DUE,annual,77,77,owner,3+,without_young_child,20,1772.0,12085.0,12085.0,1772.0
active42,DUE,annual,77,77,renter,0,without_young_child,1681,171181.0,603772.0,603772.0,0.0
active42,DUE,annual,77,77,renter,1,with_young_child,3,223.0,1441.0,1441.0,0.0
active42,DUE,annual,77,77,renter,1,without_young_child,121,13890.0,65537.0,65537.0,0.0
active42,DUE,annual,77,77,renter,2,with_young_child,3,260.0,1472.0,1472.0,0.0
active42,DUE,annual,77,77,renter,2,without_young_child,19,1971.0,9963.0,9963.0,0.0
active42,DUE,annual,77,77,renter,3+,without_young_child,4,350.0,1877.0,1877.0,0.0
active42,DUE,annual,78,78,owner,0,without_young_child,5942,502601.0,2949035.0,2949035.0,502601.0
active42,DUE,annual,78,78,owner,1,with_young_child,2,182.0,1098.0,1098.0,182.0
active42,DUE,annual,78,78,owner,1,without_young_child,840,71507.0,448997.0,448997.0,71507.0
active42,DUE,annual,78,78,owner,2,with_young_child,6,698.0,4592.0,4592.0,698.0
active42,DUE,annual,78,78,owner,2,without_young_child,94,7534.0,49942.0,49942.0,7534.0
active42,DUE,annual,78,78,owner,3+,with_young_child,3,404.0,1961.0,1961.0,404.0
active42,DUE,annual,78,78,owner,3+,without_young_child,29,2508.0,15943.0,15943.0,2508.0
active42,DUE,annual,78,78,renter,0,without_young_child,1649,170066.0,600072.0,600072.0,0.0
active42,DUE,annual,78,78,renter,1,without_young_child,144,16289.0,71869.0,71869.0,0.0
active42,DUE,annual,78,78,renter,2,without_young_child,18,2126.0,10285.0,10285.0,0.0
active42,DUE,annual,78,78,renter,3+,with_young_child,1,81.0,486.0,486.0,0.0
active42,DUE,annual,78,78,renter,3+,without_young_child,1,94.0,470.0,470.0,0.0
active42,DUE,annual,79,79,owner,0,without_young_child,5711,484101.0,2828489.0,2828489.0,484101.0
active42,DUE,annual,79,79,owner,1,with_young_child,4,301.0,1956.0,1956.0,301.0
active42,DUE,annual,79,79,owner,1,without_young_child,771,66374.0,419249.0,419249.0,66374.0
active42,DUE,annual,79,79,owner,2,with_young_child,2,147.0,843.0,843.0,147.0
active42,DUE,annual,79,79,owner,2,without_young_child,93,8022.0,52688.0,52688.0,8022.0
active42,DUE,annual,79,79,owner,3+,with_young_child,1,115.0,805.0,805.0,115.0
active42,DUE,annual,79,79,owner,3+,without_young_child,12,993.0,6910.0,6910.0,993.0
active42,DUE,annual,79,79,renter,0,without_young_child,1721,173541.0,617522.0,617522.0,0.0
active42,DUE,annual,79,79,renter,1,with_young_child,1,90.0,810.0,810.0,0.0
active42,DUE,annual,79,79,renter,1,without_young_child,112,11420.0,53097.0,53097.0,0.0
active42,DUE,annual,79,79,renter,2,with_young_child,1,67.0,335.0,335.0,0.0
active42,DUE,annual,79,79,renter,2,without_young_child,21,2350.0,11887.0,11887.0,0.0
active42,DUE,annual,79,79,renter,3+,with_young_child,2,167.0,844.0,844.0,0.0
active42,DUE,annual,79,79,renter,3+,without_young_child,1,217.0,651.0,651.0,0.0
active42,DUE,annual,80,80,owner,0,without_young_child,5395,453409.0,2658476.0,2658476.0,453409.0
active42,DUE,annual,80,80,owner,1,with_young_child,2,147.0,735.0,735.0,147.0
active42,DUE,annual,80,80,owner,1,without_young_child,725,64535.0,401364.0,401364.0,64535.0
active42,DUE,annual,80,80,owner,2,with_young_child,1,90.0,450.0,450.0,90.0
active42,DUE,annual,80,80,owner,2,without_young_child,89,7837.0,52856.0,52856.0,7837.0
active42,DUE,annual,80,80,owner,3+,with_young_child,1,59.0,413.0,413.0,59.0
active42,DUE,annual,80,80,owner,3+,without_young_child,18,1556.0,10428.0,10428.0,1556.0
active42,DUE,annual,80,80,renter,0,without_young_child,1739,180992.0,630637.0,630637.0,0.0
active42,DUE,annual,80,80,renter,1,without_young_child,100,9476.0,42393.0,42393.0,0.0
active42,DUE,annual,80,80,renter,2,without_young_child,12,1122.0,5270.0,5270.0,0.0
active42,DUE,annual,80,80,renter,3+,with_young_child,1,158.0,1106.0,1106.0,0.0
active42,DUE,annual,80,80,renter,3+,without_young_child,2,133.0,869.0,869.0,0.0
active42,DUE,annual,81,81,owner,0,without_young_child,5052,421330.0,2447781.0,2447781.0,421330.0
active42,DUE,annual,81,81,owner,1,without_young_child,657,55574.0,347750.0,347750.0,55574.0
active42,DUE,annual,81,81,owner,2,with_young_child,4,904.0,6760.0,6760.0,904.0
active42,DUE,annual,81,81,owner,2,without_young_child,93,7540.0,51646.0,51646.0,7540.0
active42,DUE,annual,81,81,owner,3+,with_young_child,2,286.0,2114.0,2114.0,286.0
active42,DUE,annual,81,81,owner,3+,without_young_child,12,1103.0,7390.0,7390.0,1103.0
active42,DUE,annual,81,81,renter,0,without_young_child,1614,158819.0,549807.0,549807.0,0.0
active42,DUE,annual,81,81,renter,1,with_young_child,1,69.0,276.0,276.0,0.0
active42,DUE,annual,81,81,renter,1,without_young_child,97,8750.0,39688.0,39688.0,0.0
active42,DUE,annual,81,81,renter,2,with_young_child,1,171.0,855.0,855.0,0.0
active42,DUE,annual,81,81,renter,2,without_young_child,6,702.0,3590.0,3590.0,0.0
active42,DUE,annual,82,82,owner,0,without_young_child,4460,375943.0,2175563.0,2175563.0,375943.0
active42,DUE,annual,82,82,owner,1,with_young_child,3,166.0,1042.0,1042.0,166.0
active42,DUE,annual,82,82,owner,1,without_young_child,662,55890.0,358513.0,358513.0,55890.0
active42,DUE,annual,82,82,owner,2,with_young_child,1,190.0,1710.0,1710.0,190.0
active42,DUE,annual,82,82,owner,2,without_young_child,72,6350.0,42384.0,42384.0,6350.0
active42,DUE,annual,82,82,owner,3+,with_young_child,1,161.0,1288.0,1288.0,161.0
active42,DUE,annual,82,82,owner,3+,without_young_child,14,1220.0,8494.0,8494.0,1220.0
active42,DUE,annual,82,82,renter,0,without_young_child,1638,171540.0,605177.0,605177.0,0.0
active42,DUE,annual,82,82,renter,1,without_young_child,94,10186.0,47277.0,47277.0,0.0
active42,DUE,annual,82,82,renter,2,with_young_child,1,233.0,1398.0,1398.0,0.0
active42,DUE,annual,82,82,renter,2,without_young_child,11,855.0,4769.0,4769.0,0.0
active42,DUE,annual,82,82,renter,3+,without_young_child,3,229.0,1317.0,1317.0,0.0
active42,DUE,annual,83,83,owner,0,without_young_child,4236,356318.0,2036636.0,2036636.0,356318.0
active42,DUE,annual,83,83,owner,1,with_young_child,2,147.0,1087.0,1087.0,147.0
active42,DUE,annual,83,83,owner,1,without_young_child,561,47696.0,296536.0,296536.0,47696.0
active42,DUE,annual,83,83,owner,2,without_young_child,65,6163.0,42342.0,42342.0,6163.0
active42,DUE,annual,83,83,owner,3+,without_young_child,9,1197.0,8911.0,8911.0,1197.0
active42,DUE,annual,83,83,renter,0,without_young_child,1460,145212.0,500166.0,500166.0,0.0
active42,DUE,annual,83,83,renter,1,with_young_child,1,78.0,78.0,78.0,0.0
active42,DUE,annual,83,83,renter,1,without_young_child,77,8213.0,37347.0,37347.0,0.0
active42,DUE,annual,83,83,renter,2,with_young_child,1,83.0,249.0,249.0,0.0
active42,DUE,annual,83,83,renter,2,without_young_child,4,303.0,1524.0,1524.0,0.0
active42,DUE,annual,83,83,renter,3+,without_young_child,1,71.0,497.0,497.0,0.0
active42,DUE,annual,84,84,owner,0,without_young_child,3728,312786.0,1783713.0,1783713.0,312786.0
active42,DUE,annual,84,84,owner,1,without_young_child,510,45432.0,288613.0,288613.0,45432.0
active42,DUE,annual,84,84,owner,2,with_young_child,1,70.0,490.0,490.0,70.0
active42,DUE,annual,84,84,owner,2,without_young_child,56,4751.0,32388.0,32388.0,4751.0
active42,DUE,annual,84,84,owner,3+,with_young_child,1,242.0,1452.0,1452.0,242.0
active42,DUE,annual,84,84,owner,3+,without_young_child,8,604.0,4181.0,4181.0,604.0
active42,DUE,annual,84,84,renter,0,without_young_child,1501,148906.0,518888.0,518888.0,0.0
active42,DUE,annual,84,84,renter,1,without_young_child,83,10005.0,45027.0,45027.0,0.0
active42,DUE,annual,84,84,renter,2,with_young_child,1,195.0,975.0,975.0,0.0
active42,DUE,annual,84,84,renter,2,without_young_child,11,1155.0,6221.0,6221.0,0.0
active42,DUE,annual,84,84,renter,3+,without_young_child,2,156.0,780.0,780.0,0.0
active42,DUE,annual,85,85,owner,0,without_young_child,3287,277009.0,1571583.0,1571583.0,277009.0
active42,DUE,annual,85,85,owner,1,without_young_child,414,34697.0,217550.0,217550.0,34697.0
active42,DUE,annual,85,85,owner,2,without_young_child,40,4047.0,27776.0,27776.0,4047.0
active42,DUE,annual,85,85,owner,3+,without_young_child,6,455.0,3217.0,3217.0,455.0
active42,DUE,annual,85,85,renter,0,without_young_child,1403,139245.0,490534.0,490534.0,0.0
active42,DUE,annual,85,85,renter,1,with_young_child,1,70.0,280.0,280.0,0.0
active42,DUE,annual,85,85,renter,1,without_young_child,64,6718.0,29293.0,29293.0,0.0
active42,DUE,annual,85,85,renter,2,without_young_child,5,335.0,1554.0,1554.0,0.0
active42,DUE,four_year,18,21,owner,0,without_young_child,995,113297.0,627000.0,627000.0,113297.0
active42,DUE,four_year,18,21,owner,1,with_young_child,176,17991.0,103847.0,103847.0,17991.0
active42,DUE,four_year,18,21,owner,2,with_young_child,55,5290.0,31210.0,31210.0,5290.0
active42,DUE,four_year,18,21,owner,3+,with_young_child,14,3015.0,18788.0,18788.0,3015.0
active42,DUE,four_year,18,21,renter,0,without_young_child,7661,1035862.0,3959834.0,3959834.0,0.0
active42,DUE,four_year,18,21,renter,1,with_young_child,1445,211499.0,852300.0,852300.0,0.0
active42,DUE,four_year,18,21,renter,2,with_young_child,476,69230.0,290312.0,290312.0,0.0
active42,DUE,four_year,18,21,renter,3+,with_young_child,127,19891.0,90813.0,90813.0,0.0
active42,DUE,four_year,22,25,owner,0,without_young_child,6079,630811.0,3421392.0,3421392.0,630811.0
active42,DUE,four_year,22,25,owner,1,with_young_child,1445,149014.0,859727.0,859727.0,149014.0
active42,DUE,four_year,22,25,owner,2,with_young_child,778,86273.0,514227.0,514227.0,86273.0
active42,DUE,four_year,22,25,owner,3+,with_young_child,237,26515.0,165024.0,165024.0,26515.0
active42,DUE,four_year,22,25,renter,0,without_young_child,21025,2608836.0,9639393.0,9639393.0,0.0
active42,DUE,four_year,22,25,renter,1,with_young_child,3970,565907.0,2338495.0,2338495.0,0.0
active42,DUE,four_year,22,25,renter,2,with_young_child,2247,330908.0,1476998.0,1476998.0,0.0
active42,DUE,four_year,22,25,renter,3+,with_young_child,946,141968.0,681655.0,681655.0,0.0
active42,DUE,four_year,26,29,owner,0,without_young_child,13804,1351596.0,7594802.0,7594802.0,1351596.0
active42,DUE,four_year,26,29,owner,1,with_young_child,4894,502916.0,3088616.0,3088616.0,502916.0
active42,DUE,four_year,26,29,owner,1,without_young_child,2,293.0,1586.0,1586.0,293.0
active42,DUE,four_year,26,29,owner,2,with_young_child,3467,377591.0,2373711.0,2373711.0,377591.0
active42,DUE,four_year,26,29,owner,3+,with_young_child,1452,170743.0,1103044.0,1103044.0,170743.0
active42,DUE,four_year,26,29,renter,0,without_young_child,20703,2531737.0,9265816.0,9265816.0,0.0
active42,DUE,four_year,26,29,renter,1,with_young_child,5020,702944.0,2965374.0,2965374.0,0.0
active42,DUE,four_year,26,29,renter,1,without_young_child,1,29.0,145.0,145.0,0.0
active42,DUE,four_year,26,29,renter,2,with_young_child,3907,553589.0,2549021.0,2549021.0,0.0
active42,DUE,four_year,26,29,renter,3+,with_young_child,2543,388448.0,1969001.0,1969001.0,0.0
active42,DUE,four_year,30,33,owner,0,without_young_child,14742,1557838.0,8809636.0,8809636.0,1557838.0
active42,DUE,four_year,30,33,owner,1,with_young_child,8700,874019.0,5559716.0,5559716.0,874019.0
active42,DUE,four_year,30,33,owner,1,without_young_child,12,1377.0,8311.0,8311.0,1377.0
active42,DUE,four_year,30,33,owner,2,with_young_child,8704,886071.0,5879565.0,5879565.0,886071.0
active42,DUE,four_year,30,33,owner,2,without_young_child,1,83.0,498.0,498.0,83.0
active42,DUE,four_year,30,33,owner,3+,with_young_child,4102,444778.0,2999955.0,2999955.0,444778.0
active42,DUE,four_year,30,33,renter,0,without_young_child,15580,2144809.0,7763421.0,7763421.0,0.0
active42,DUE,four_year,30,33,renter,1,with_young_child,4920,664400.0,2831500.0,2831500.0,0.0
active42,DUE,four_year,30,33,renter,1,without_young_child,23,3306.0,15813.0,15813.0,0.0
active42,DUE,four_year,30,33,renter,2,with_young_child,4548,630246.0,2924011.0,2924011.0,0.0
active42,DUE,four_year,30,33,renter,2,without_young_child,1,165.0,825.0,825.0,0.0
active42,DUE,four_year,30,33,renter,3+,with_young_child,3533,505607.0,2591440.0,2591440.0,0.0
active42,DUE,four_year,34,37,owner,0,without_young_child,14997,1584920.0,9131805.0,9131805.0,1584920.0
active42,DUE,four_year,34,37,owner,1,with_young_child,10202,1032159.0,6673118.0,6673118.0,1032159.0
active42,DUE,four_year,34,37,owner,1,without_young_child,194,21726.0,136019.0,136019.0,21726.0
active42,DUE,four_year,34,37,owner,2,with_young_child,16520,1637856.0,11262793.0,11262793.0,1637856.0
active42,DUE,four_year,34,37,owner,2,without_young_child,24,2761.0,18450.0,18450.0,2761.0
active42,DUE,four_year,34,37,owner,3+,with_young_child,8986,940521.0,6632262.0,6632262.0,940521.0
active42,DUE,four_year,34,37,owner,3+,without_young_child,2,70.0,473.0,473.0,70.0
active42,DUE,four_year,34,37,renter,0,without_young_child,12662,1757332.0,6382921.0,6382921.0,0.0
active42,DUE,four_year,34,37,renter,1,with_young_child,4704,650709.0,2853327.0,2853327.0,0.0
active42,DUE,four_year,34,37,renter,1,without_young_child,165,23643.0,107490.0,107490.0,0.0
active42,DUE,four_year,34,37,renter,2,with_young_child,5191,711377.0,3374108.0,3374108.0,0.0
active42,DUE,four_year,34,37,renter,2,without_young_child,21,2938.0,16308.0,16308.0,0.0
active42,DUE,four_year,34,37,renter,3+,with_young_child,4640,661200.0,3453843.0,3453843.0,0.0
active42,DUE,four_year,34,37,renter,3+,without_young_child,2,275.0,1177.0,1177.0,0.0
active42,DUE,four_year,38,41,owner,0,without_young_child,15407,1627111.0,9532043.0,9532043.0,1627111.0
active42,DUE,four_year,38,41,owner,1,with_young_child,9798,986806.0,6440865.0,6440865.0,986806.0
active42,DUE,four_year,38,41,owner,1,without_young_child,849,97954.0,610429.0,610429.0,97954.0
active42,DUE,four_year,38,41,owner,2,with_young_child,19952,1961892.0,13738866.0,13738866.0,1961892.0
active42,DUE,four_year,38,41,owner,2,without_young_child,239,26893.0,169556.0,169556.0,26893.0
active42,DUE,four_year,38,41,owner,3+,with_young_child,12176,1236538.0,8923464.0,8923464.0,1236538.0
active42,DUE,four_year,38,41,owner,3+,without_young_child,35,4133.0,27042.0,27042.0,4133.0
active42,DUE,four_year,38,41,renter,0,without_young_child,10916,1510331.0,5613698.0,5613698.0,0.0
active42,DUE,four_year,38,41,renter,1,with_young_child,4077,547838.0,2401377.0,2401377.0,0.0
active42,DUE,four_year,38,41,renter,1,without_young_child,643,93663.0,419846.0,419846.0,0.0
active42,DUE,four_year,38,41,renter,2,with_young_child,4887,656958.0,3157670.0,3157670.0,0.0
active42,DUE,four_year,38,41,renter,2,without_young_child,162,22018.0,108745.0,108745.0,0.0
active42,DUE,four_year,38,41,renter,3+,with_young_child,3713,515445.0,2692353.0,2692353.0,0.0
active42,DUE,four_year,38,41,renter,3+,without_young_child,28,3937.0,21914.0,21914.0,0.0
active42,DUE,four_year,42,45,owner,0,without_young_child,18991,1958810.0,11693223.0,11693223.0,1958810.0
active42,DUE,four_year,42,45,owner,1,with_young_child,10761,1049982.0,6966576.0,6966576.0,1049982.0
active42,DUE,four_year,42,45,owner,1,without_young_child,2857,292867.0,1857693.0,1857693.0,292867.0
active42,DUE,four_year,42,45,owner,2,with_young_child,21329,2055322.0,14638778.0,14638778.0,2055322.0
active42,DUE,four_year,42,45,owner,2,without_young_child,1065,109551.0,724293.0,724293.0,109551.0
active42,DUE,four_year,42,45,owner,3+,with_young_child,12377,1214033.0,8965191.0,8965191.0,1214033.0
active42,DUE,four_year,42,45,owner,3+,without_young_child,161,17815.0,124246.0,124246.0,17815.0
active42,DUE,four_year,42,45,renter,0,without_young_child,11420,1552041.0,5810097.0,5810097.0,0.0
active42,DUE,four_year,42,45,renter,1,with_young_child,3711,480282.0,2146841.0,2146841.0,0.0
active42,DUE,four_year,42,45,renter,1,without_young_child,1501,211231.0,972662.0,972662.0,0.0
active42,DUE,four_year,42,45,renter,2,with_young_child,4031,511358.0,2526123.0,2526123.0,0.0
active42,DUE,four_year,42,45,renter,2,without_young_child,417,56955.0,288411.0,288411.0,0.0
active42,DUE,four_year,42,45,renter,3+,with_young_child,2848,374030.0,1969389.0,1969389.0,0.0
active42,DUE,four_year,42,45,renter,3+,without_young_child,76,10372.0,53430.0,53430.0,0.0
active42,DUE,four_year,46,49,owner,0,without_young_child,24556,2393364.0,14551344.0,14551344.0,2393364.0
active42,DUE,four_year,46,49,owner,1,with_young_child,10444,1003645.0,6863014.0,6863014.0,1003645.0
active42,DUE,four_year,46,49,owner,1,without_young_child,6461,648369.0,4253124.0,4253124.0,648369.0
active42,DUE,four_year,46,49,owner,2,with_young_child,16659,1574954.0,11352884.0,11352884.0,1574954.0
active42,DUE,four_year,46,49,owner,2,without_young_child,2822,284949.0,1946105.0,1946105.0,284949.0
active42,DUE,four_year,46,49,owner,3+,with_young_child,8559,839791.0,6201817.0,6201817.0,839791.0
active42,DUE,four_year,46,49,owner,3+,without_young_child,426,44543.0,307766.0,307766.0,44543.0
active42,DUE,four_year,46,49,renter,0,without_young_child,12116,1551718.0,5927334.0,5927334.0,0.0
active42,DUE,four_year,46,49,renter,1,with_young_child,2660,331546.0,1499841.0,1499841.0,0.0
active42,DUE,four_year,46,49,renter,1,without_young_child,2221,285001.0,1291040.0,1291040.0,0.0
active42,DUE,four_year,46,49,renter,2,with_young_child,2637,333233.0,1655751.0,1655751.0,0.0
active42,DUE,four_year,46,49,renter,2,without_young_child,678,87570.0,433913.0,433913.0,0.0
active42,DUE,four_year,46,49,renter,3+,with_young_child,1658,215203.0,1141689.0,1141689.0,0.0
active42,DUE,four_year,46,49,renter,3+,without_young_child,124,17333.0,97074.0,97074.0,0.0
active42,DUE,four_year,50,53,owner,0,without_young_child,32865,3067532.0,19160398.0,19160398.0,3067532.0
active42,DUE,four_year,50,53,owner,1,with_young_child,8008,741863.0,5173820.0,5173820.0,741863.0
active42,DUE,four_year,50,53,owner,1,without_young_child,10100,961880.0,6411755.0,6411755.0,961880.0
active42,DUE,four_year,50,53,owner,2,with_young_child,9035,834460.0,6059221.0,6059221.0,834460.0
active42,DUE,four_year,50,53,owner,2,without_young_child,4029,384956.0,2667231.0,2667231.0,384956.0
active42,DUE,four_year,50,53,owner,3+,with_young_child,4356,414324.0,3049123.0,3049123.0,414324.0
active42,DUE,four_year,50,53,owner,3+,without_young_child,705,67741.0,479328.0,479328.0,67741.0
active42,DUE,four_year,50,53,renter,0,without_young_child,12756,1522779.0,5879302.0,5879302.0,0.0
active42,DUE,four_year,50,53,renter,1,with_young_child,1684,201989.0,921869.0,921869.0,0.0
active42,DUE,four_year,50,53,renter,1,without_young_child,2533,301992.0,1387176.0,1387176.0,0.0
active42,DUE,four_year,50,53,renter,2,with_young_child,1378,159840.0,793513.0,793513.0,0.0
active42,DUE,four_year,50,53,renter,2,without_young_child,686,83324.0,408857.0,408857.0,0.0
active42,DUE,four_year,50,53,renter,3+,with_young_child,892,107762.0,563160.0,563160.0,0.0
active42,DUE,four_year,50,53,renter,3+,without_young_child,139,17212.0,93561.0,93561.0,0.0
active42,DUE,four_year,54,57,owner,0,without_young_child,39313,3606233.0,22980973.0,22980973.0,3606233.0
active42,DUE,four_year,54,57,owner,1,with_young_child,4023,366767.0,2566076.0,2566076.0,366767.0
active42,DUE,four_year,54,57,owner,1,without_young_child,10775,1011798.0,6859970.0,6859970.0,1011798.0
active42,DUE,four_year,54,57,owner,2,with_young_child,3660,335841.0,2417545.0,2417545.0,335841.0
active42,DUE,four_year,54,57,owner,2,without_young_child,3355,326334.0,2268165.0,2268165.0,326334.0
active42,DUE,four_year,54,57,owner,3+,with_young_child,1714,163842.0,1182533.0,1182533.0,163842.0
active42,DUE,four_year,54,57,owner,3+,without_young_child,615,61133.0,427396.0,427396.0,61133.0
active42,DUE,four_year,54,57,renter,0,without_young_child,12261,1406659.0,5460697.0,5460697.0,0.0
active42,DUE,four_year,54,57,renter,1,with_young_child,732,86530.0,398117.0,398117.0,0.0
active42,DUE,four_year,54,57,renter,1,without_young_child,2352,275083.0,1282676.0,1282676.0,0.0
active42,DUE,four_year,54,57,renter,2,with_young_child,558,64184.0,316097.0,316097.0,0.0
active42,DUE,four_year,54,57,renter,2,without_young_child,646,73504.0,362622.0,362622.0,0.0
active42,DUE,four_year,54,57,renter,3+,with_young_child,349,43268.0,227762.0,227762.0,0.0
active42,DUE,four_year,54,57,renter,3+,without_young_child,142,15771.0,82692.0,82692.0,0.0
active42,DUE,four_year,58,61,owner,0,without_young_child,41583,3732943.0,24003820.0,24003820.0,3732943.0
active42,DUE,four_year,58,61,owner,1,with_young_child,1649,152933.0,1060524.0,1060524.0,152933.0
active42,DUE,four_year,58,61,owner,1,without_young_child,8778,817419.0,5509162.0,5509162.0,817419.0
active42,DUE,four_year,58,61,owner,2,with_young_child,1237,116249.0,837573.0,837573.0,116249.0
active42,DUE,four_year,58,61,owner,2,without_young_child,2115,202447.0,1392351.0,1392351.0,202447.0
active42,DUE,four_year,58,61,owner,3+,with_young_child,538,50631.0,361726.0,361726.0,50631.0
active42,DUE,four_year,58,61,owner,3+,without_young_child,412,39792.0,279353.0,279353.0,39792.0
active42,DUE,four_year,58,61,renter,0,without_young_child,10827,1217800.0,4660325.0,4660325.0,0.0
active42,DUE,four_year,58,61,renter,1,with_young_child,306,36473.0,168112.0,168112.0,0.0
active42,DUE,four_year,58,61,renter,1,without_young_child,1722,197528.0,891427.0,891427.0,0.0
active42,DUE,four_year,58,61,renter,2,with_young_child,222,25841.0,127315.0,127315.0,0.0
active42,DUE,four_year,58,61,renter,2,without_young_child,336,39548.0,199424.0,199424.0,0.0
active42,DUE,four_year,58,61,renter,3+,with_young_child,161,17468.0,93539.0,93539.0,0.0
active42,DUE,four_year,58,61,renter,3+,without_young_child,96,10032.0,54406.0,54406.0,0.0
active42,DUE,four_year,62,65,owner,0,without_young_child,36931,3250570.0,20580373.0,20580373.0,3250570.0
active42,DUE,four_year,62,65,owner,1,with_young_child,574,53871.0,372157.0,372157.0,53871.0
active42,DUE,four_year,62,65,owner,1,without_young_child,6350,576442.0,3833894.0,3833894.0,576442.0
active42,DUE,four_year,62,65,owner,2,with_young_child,379,33975.0,238980.0,238980.0,33975.0
active42,DUE,four_year,62,65,owner,2,without_young_child,1235,115244.0,777525.0,777525.0,115244.0
active42,DUE,four_year,62,65,owner,3+,with_young_child,180,18539.0,134299.0,134299.0,18539.0
active42,DUE,four_year,62,65,owner,3+,without_young_child,254,26133.0,182636.0,182636.0,26133.0
active42,DUE,four_year,62,65,renter,0,without_young_child,8953,995134.0,3745501.0,3745501.0,0.0
active42,DUE,four_year,62,65,renter,1,with_young_child,128,14368.0,64316.0,64316.0,0.0
active42,DUE,four_year,62,65,renter,1,without_young_child,1296,144948.0,672389.0,672389.0,0.0
active42,DUE,four_year,62,65,renter,2,with_young_child,81,10066.0,48557.0,48557.0,0.0
active42,DUE,four_year,62,65,renter,2,without_young_child,245,28040.0,138322.0,138322.0,0.0
active42,DUE,four_year,62,65,renter,3+,with_young_child,65,6587.0,32999.0,32999.0,0.0
active42,DUE,four_year,62,65,renter,3+,without_young_child,38,4031.0,20528.0,20528.0,0.0
active42,DUE,four_year,66,69,owner,0,without_young_child,30484,2623085.0,16393902.0,16393902.0,2623085.0
active42,DUE,four_year,66,69,owner,1,with_young_child,212,17329.0,120441.0,120441.0,17329.0
active42,DUE,four_year,66,69,owner,1,without_young_child,4746,426901.0,2776365.0,2776365.0,426901.0
active42,DUE,four_year,66,69,owner,2,with_young_child,154,13889.0,99497.0,99497.0,13889.0
active42,DUE,four_year,66,69,owner,2,without_young_child,775,71588.0,480455.0,480455.0,71588.0
active42,DUE,four_year,66,69,owner,3+,with_young_child,58,4615.0,30521.0,30521.0,4615.0
active42,DUE,four_year,66,69,owner,3+,without_young_child,148,13587.0,91581.0,91581.0,13587.0
active42,DUE,four_year,66,69,renter,0,without_young_child,7486,789986.0,2911351.0,2911351.0,0.0
active42,DUE,four_year,66,69,renter,1,with_young_child,47,4135.0,17377.0,17377.0,0.0
active42,DUE,four_year,66,69,renter,1,without_young_child,857,96945.0,445171.0,445171.0,0.0
active42,DUE,four_year,66,69,renter,2,with_young_child,30,4110.0,19664.0,19664.0,0.0
active42,DUE,four_year,66,69,renter,2,without_young_child,132,13869.0,69987.0,69987.0,0.0
active42,DUE,four_year,66,69,renter,3+,with_young_child,23,2559.0,14341.0,14341.0,0.0
active42,DUE,four_year,66,69,renter,3+,without_young_child,27,3154.0,17463.0,17463.0,0.0
active42,DUE,four_year,70,73,owner,0,without_young_child,27048,2309937.0,14130499.0,14130499.0,2309937.0
active42,DUE,four_year,70,73,owner,1,with_young_child,68,6709.0,42162.0,42162.0,6709.0
active42,DUE,four_year,70,73,owner,1,without_young_child,4105,361067.0,2318154.0,2318154.0,361067.0
active42,DUE,four_year,70,73,owner,2,with_young_child,58,5062.0,32912.0,32912.0,5062.0
active42,DUE,four_year,70,73,owner,2,without_young_child,609,58832.0,393178.0,393178.0,58832.0
active42,DUE,four_year,70,73,owner,3+,with_young_child,24,2495.0,16813.0,16813.0,2495.0
active42,DUE,four_year,70,73,owner,3+,without_young_child,112,11070.0,71700.0,71700.0,11070.0
active42,DUE,four_year,70,73,renter,0,without_young_child,6987,732809.0,2635426.0,2635426.0,0.0
active42,DUE,four_year,70,73,renter,1,with_young_child,20,1707.0,7925.0,7925.0,0.0
active42,DUE,four_year,70,73,renter,1,without_young_child,672,72614.0,341976.0,341976.0,0.0
active42,DUE,four_year,70,73,renter,2,with_young_child,13,1559.0,6968.0,6968.0,0.0
active42,DUE,four_year,70,73,renter,2,without_young_child,112,13694.0,69360.0,69360.0,0.0
active42,DUE,four_year,70,73,renter,3+,with_young_child,12,2140.0,9319.0,9319.0,0.0
active42,DUE,four_year,70,73,renter,3+,without_young_child,32,3281.0,16059.0,16059.0,0.0
active42,DUE,four_year,74,77,owner,0,without_young_child,25531,2149155.0,12865735.0,12865735.0,2149155.0
active42,DUE,four_year,74,77,owner,1,with_young_child,32,2989.0,19329.0,19329.0,2989.0
active42,DUE,four_year,74,77,owner,1,without_young_child,3639,316156.0,2017964.0,2017964.0,316156.0
active42,DUE,four_year,74,77,owner,2,with_young_child,28,2204.0,15607.0,15607.0,2204.0
active42,DUE,four_year,74,77,owner,2,without_young_child,533,47980.0,325731.0,325731.0,47980.0
active42,DUE,four_year,74,77,owner,3+,with_young_child,18,1554.0,10105.0,10105.0,1554.0
active42,DUE,four_year,74,77,owner,3+,without_young_child,96,8366.0,56335.0,56335.0,8366.0
active42,DUE,four_year,74,77,renter,0,without_young_child,6630,695598.0,2456118.0,2456118.0,0.0
active42,DUE,four_year,74,77,renter,1,with_young_child,13,1772.0,8408.0,8408.0,0.0
active42,DUE,four_year,74,77,renter,1,without_young_child,552,62078.0,290666.0,290666.0,0.0
active42,DUE,four_year,74,77,renter,2,with_young_child,6,730.0,3626.0,3626.0,0.0
active42,DUE,four_year,74,77,renter,2,without_young_child,71,7348.0,38555.0,38555.0,0.0
active42,DUE,four_year,74,77,renter,3+,with_young_child,3,488.0,2197.0,2197.0,0.0
active42,DUE,four_year,74,77,renter,3+,without_young_child,16,2759.0,15048.0,15048.0,0.0
active42,DUE,four_year,78,81,owner,0,without_young_child,22100,1861441.0,10883781.0,10883781.0,1861441.0
active42,DUE,four_year,78,81,owner,1,with_young_child,8,630.0,3789.0,3789.0,630.0
active42,DUE,four_year,78,81,owner,1,without_young_child,2993,257990.0,1617360.0,1617360.0,257990.0
active42,DUE,four_year,78,81,owner,2,with_young_child,13,1839.0,12645.0,12645.0,1839.0
active42,DUE,four_year,78,81,owner,2,without_young_child,369,30933.0,207132.0,207132.0,30933.0
active42,DUE,four_year,78,81,owner,3+,with_young_child,7,864.0,5293.0,5293.0,864.0
active42,DUE,four_year,78,81,owner,3+,without_young_child,71,6160.0,40671.0,40671.0,6160.0
active42,DUE,four_year,78,81,renter,0,without_young_child,6723,683418.0,2398038.0,2398038.0,0.0
active42,DUE,four_year,78,81,renter,1,with_young_child,2,159.0,1086.0,1086.0,0.0
active42,DUE,four_year,78,81,renter,1,without_young_child,453,45935.0,207047.0,207047.0,0.0
active42,DUE,four_year,78,81,renter,2,with_young_child,2,238.0,1190.0,1190.0,0.0
active42,DUE,four_year,78,81,renter,2,without_young_child,57,6300.0,31032.0,31032.0,0.0
active42,DUE,four_year,78,81,renter,3+,with_young_child,4,406.0,2436.0,2436.0,0.0
active42,DUE,four_year,78,81,renter,3+,without_young_child,4,444.0,1990.0,1990.0,0.0
active42,DUE,four_year,82,85,owner,0,without_young_child,15711,1322056.0,7567495.0,7567495.0,1322056.0
active42,DUE,four_year,82,85,owner,1,with_young_child,5,313.0,2129.0,2129.0,313.0
active42,DUE,four_year,82,85,owner,1,without_young_child,2147,183715.0,1161212.0,1161212.0,183715.0
active42,DUE,four_year,82,85,owner,2,with_young_child,2,260.0,2200.0,2200.0,260.0
active42,DUE,four_year,82,85,owner,2,without_young_child,233,21311.0,144890.0,144890.0,21311.0
active42,DUE,four_year,82,85,owner,3+,with_young_child,2,403.0,2740.0,2740.0,403.0
active42,DUE,four_year,82,85,owner,3+,without_young_child,37,3476.0,24803.0,24803.0,3476.0
active42,DUE,four_year,82,85,renter,0,without_young_child,6002,604903.0,2114765.0,2114765.0,0.0
active42,DUE,four_year,82,85,renter,1,with_young_child,2,148.0,358.0,358.0,0.0
active42,DUE,four_year,82,85,renter,1,without_young_child,318,35122.0,158944.0,158944.0,0.0
active42,DUE,four_year,82,85,renter,2,with_young_child,3,511.0,2622.0,2622.0,0.0
active42,DUE,four_year,82,85,renter,2,without_young_child,31,2648.0,14068.0,14068.0,0.0
active42,DUE,four_year,82,85,renter,3+,without_young_child,6,456.0,2594.0,2594.0,0.0
active42,all_structures,annual,18,18,owner,0,without_young_child,77,5692.0,30518.0,30518.0,5692.0
active42,all_structures,annual,18,18,owner,1,with_young_child,22,1975.0,11831.0,11831.0,1975.0
active42,all_structures,annual,18,18,owner,2,with_young_child,5,411.0,1954.0,1954.0,411.0
active42,all_structures,annual,18,18,owner,3+,with_young_child,2,114.0,588.0,588.0,114.0
active42,all_structures,annual,18,18,renter,0,without_young_child,519,67678.0,242565.0,242565.0,0.0
active42,all_structures,annual,18,18,renter,1,with_young_child,135,18057.0,71676.0,71676.0,0.0
active42,all_structures,annual,18,18,renter,2,with_young_child,51,6428.0,28702.0,28702.0,0.0
active42,all_structures,annual,18,18,renter,3+,with_young_child,12,1328.0,5934.0,5934.0,0.0
active42,all_structures,annual,19,19,owner,0,without_young_child,188,22502.0,121605.0,121605.0,22502.0
active42,all_structures,annual,19,19,owner,1,with_young_child,43,4138.0,22784.0,22784.0,4138.0
active42,all_structures,annual,19,19,owner,2,with_young_child,15,1728.0,10399.0,10399.0,1728.0
active42,all_structures,annual,19,19,owner,3+,with_young_child,5,746.0,4728.0,4728.0,746.0
active42,all_structures,annual,19,19,renter,0,without_young_child,1529,201911.0,776919.0,776919.0,0.0
active42,all_structures,annual,19,19,renter,1,with_young_child,245,33134.0,134539.0,134539.0,0.0
active42,all_structures,annual,19,19,renter,2,with_young_child,77,10527.0,45576.0,45576.0,0.0
active42,all_structures,annual,19,19,renter,3+,with_young_child,24,2868.0,10774.0,10774.0,0.0
active42,all_structures,annual,20,20,owner,0,without_young_child,306,36233.0,198915.0,198915.0,36233.0
active42,all_structures,annual,20,20,owner,1,with_young_child,51,6552.0,35846.0,35846.0,6552.0
active42,all_structures,annual,20,20,owner,2,with_young_child,17,1555.0,7576.0,7576.0,1555.0
active42,all_structures,annual,20,20,owner,3+,with_young_child,3,446.0,2508.0,2508.0,446.0
active42,all_structures,annual,20,20,renter,0,without_young_child,2490,351121.0,1356523.0,1356523.0,0.0
active42,all_structures,annual,20,20,renter,1,with_young_child,433,66663.0,271368.0,271368.0,0.0
active42,all_structures,annual,20,20,renter,2,with_young_child,137,21118.0,89171.0,89171.0,0.0
active42,all_structures,annual,20,20,renter,3+,with_young_child,21,3627.0,17125.0,17125.0,0.0
active42,all_structures,annual,21,21,owner,0,without_young_child,497,56755.0,310544.0,310544.0,56755.0
active42,all_structures,annual,21,21,owner,1,with_young_child,99,10189.0,56667.0,56667.0,10189.0
active42,all_structures,annual,21,21,owner,2,with_young_child,33,3637.0,20678.0,20678.0,3637.0
active42,all_structures,annual,21,21,owner,3+,with_young_child,8,2434.0,14804.0,14804.0,2434.0
active42,all_structures,annual,21,21,renter,0,without_young_child,3228,431712.0,1653176.0,1653176.0,0.0
active42,all_structures,annual,21,21,renter,1,with_young_child,685,100629.0,406652.0,406652.0,0.0
active42,all_structures,annual,21,21,renter,2,with_young_child,231,33716.0,139137.0,139137.0,0.0
active42,all_structures,annual,21,21,renter,3+,with_young_child,74,12366.0,58172.0,58172.0,0.0
active42,all_structures,annual,22,22,owner,0,without_young_child,746,82579.0,437123.0,437123.0,82579.0
active42,all_structures,annual,22,22,owner,1,with_young_child,175,17381.0,93932.0,93932.0,17381.0
active42,all_structures,annual,22,22,owner,2,with_young_child,92,9927.0,54895.0,54895.0,9927.0
active42,all_structures,annual,22,22,owner,3+,with_young_child,31,3577.0,20292.0,20292.0,3577.0
active42,all_structures,annual,22,22,renter,0,without_young_child,4230,547182.0,2054774.0,2054774.0,0.0
active42,all_structures,annual,22,22,renter,1,with_young_child,782,117051.0,476847.0,476847.0,0.0
active42,all_structures,annual,22,22,renter,2,with_young_child,369,53302.0,232287.0,232287.0,0.0
active42,all_structures,annual,22,22,renter,3+,with_young_child,137,18482.0,88195.0,88195.0,0.0
active42,all_structures,annual,23,23,owner,0,without_young_child,1211,127681.0,682413.0,682413.0,127681.0
active42,all_structures,annual,23,23,owner,1,with_young_child,320,33038.0,184204.0,184204.0,33038.0
active42,all_structures,annual,23,23,owner,2,with_young_child,148,16839.0,97719.0,97719.0,16839.0
active42,all_structures,annual,23,23,owner,3+,with_young_child,43,4742.0,29897.0,29897.0,4742.0
active42,all_structures,annual,23,23,renter,0,without_young_child,5312,649342.0,2369513.0,2369513.0,0.0
active42,all_structures,annual,23,23,renter,1,with_young_child,1022,144912.0,593669.0,593669.0,0.0
active42,all_structures,annual,23,23,renter,2,with_young_child,534,76445.0,344384.0,344384.0,0.0
active42,all_structures,annual,23,23,renter,3+,with_young_child,194,29990.0,139223.0,139223.0,0.0
active42,all_structures,annual,24,24,owner,0,without_young_child,1784,183928.0,993210.0,993210.0,183928.0
active42,all_structures,annual,24,24,owner,1,with_young_child,454,48113.0,272746.0,272746.0,48113.0
active42,all_structures,annual,24,24,owner,2,with_young_child,240,27246.0,160128.0,160128.0,27246.0
active42,all_structures,annual,24,24,owner,3+,with_young_child,69,8231.0,49796.0,49796.0,8231.0
active42,all_structures,annual,24,24,renter,0,without_young_child,5686,695782.0,2584488.0,2584488.0,0.0
active42,all_structures,annual,24,24,renter,1,with_young_child,1068,149974.0,620551.0,620551.0,0.0
active42,all_structures,annual,24,24,renter,2,with_young_child,653,91919.0,406931.0,406931.0,0.0
active42,all_structures,annual,24,24,renter,3+,with_young_child,254,39915.0,198527.0,198527.0,0.0
active42,all_structures,annual,25,25,owner,0,without_young_child,2535,259039.0,1411104.0,1411104.0,259039.0
active42,all_structures,annual,25,25,owner,1,with_young_child,635,69191.0,393709.0,393709.0,69191.0
active42,all_structures,annual,25,25,owner,2,with_young_child,384,43631.0,254167.0,254167.0,43631.0
active42,all_structures,annual,25,25,owner,3+,with_young_child,124,13800.0,83343.0,83343.0,13800.0
active42,all_structures,annual,25,25,renter,0,without_young_child,6001,745937.0,2757768.0,2757768.0,0.0
active42,all_structures,annual,25,25,renter,1,with_young_child,1198,168578.0,709248.0,709248.0,0.0
active42,all_structures,annual,25,25,renter,2,with_young_child,765,118475.0,532964.0,532964.0,0.0
active42,all_structures,annual,25,25,renter,3+,with_young_child,394,57846.0,274483.0,274483.0,0.0
active42,all_structures,annual,26,26,owner,0,without_young_child,3025,304365.0,1675296.0,1675296.0,304365.0
active42,all_structures,annual,26,26,owner,1,with_young_child,862,89922.0,533174.0,533174.0,89922.0
active42,all_structures,annual,26,26,owner,1,without_young_child,1,86.0,344.0,344.0,86.0
active42,all_structures,annual,26,26,owner,2,with_young_child,588,66585.0,402689.0,402689.0,66585.0
active42,all_structures,annual,26,26,owner,3+,with_young_child,223,28145.0,172851.0,172851.0,28145.0
active42,all_structures,annual,26,26,renter,0,without_young_child,5668,700876.0,2594191.0,2594191.0,0.0
active42,all_structures,annual,26,26,renter,1,with_young_child,1368,195892.0,836261.0,836261.0,0.0
active42,all_structures,annual,26,26,renter,1,without_young_child,1,29.0,145.0,145.0,0.0
active42,all_structures,annual,26,26,renter,2,with_young_child,942,132742.0,605932.0,605932.0,0.0
active42,all_structures,annual,26,26,renter,3+,with_young_child,519,80783.0,409216.0,409216.0,0.0
active42,all_structures,annual,27,27,owner,0,without_young_child,3362,332073.0,1859591.0,1859591.0,332073.0
active42,all_structures,annual,27,27,owner,1,with_young_child,1150,121756.0,728997.0,728997.0,121756.0
active42,all_structures,annual,27,27,owner,2,with_young_child,746,82385.0,499816.0,499816.0,82385.0
active42,all_structures,annual,27,27,owner,3+,with_young_child,352,41308.0,260377.0,260377.0,41308.0
active42,all_structures,annual,27,27,renter,0,without_young_child,5420,658413.0,2399450.0,2399450.0,0.0
active42,all_structures,annual,27,27,renter,1,with_young_child,1230,176921.0,746726.0,746726.0,0.0
active42,all_structures,annual,27,27,renter,2,with_young_child,988,136196.0,620414.0,620414.0,0.0
active42,all_structures,annual,27,27,renter,3+,with_young_child,674,101634.0,515208.0,515208.0,0.0
active42,all_structures,annual,28,28,owner,0,without_young_child,3767,366181.0,2056977.0,2056977.0,366181.0
active42,all_structures,annual,28,28,owner,1,with_young_child,1419,144369.0,879489.0,879489.0,144369.0
active42,all_structures,annual,28,28,owner,2,with_young_child,1041,111815.0,700645.0,700645.0,111815.0
active42,all_structures,annual,28,28,owner,3+,with_young_child,432,53082.0,334205.0,334205.0,53082.0
active42,all_structures,annual,28,28,renter,0,without_young_child,5169,632902.0,2323935.0,2323935.0,0.0
active42,all_structures,annual,28,28,renter,1,with_young_child,1246,175118.0,742619.0,742619.0,0.0
active42,all_structures,annual,28,28,renter,2,with_young_child,1038,151488.0,698643.0,698643.0,0.0
active42,all_structures,annual,28,28,renter,3+,with_young_child,720,109868.0,551905.0,551905.0,0.0
active42,all_structures,annual,29,29,owner,0,without_young_child,3855,374561.0,2123702.0,2123702.0,374561.0
active42,all_structures,annual,29,29,owner,1,with_young_child,1630,165664.0,1039738.0,1039738.0,165664.0
active42,all_structures,annual,29,29,owner,1,without_young_child,1,207.0,1242.0,1242.0,207.0
active42,all_structures,annual,29,29,owner,2,with_young_child,1303,143331.0,904093.0,904093.0,143331.0
active42,all_structures,annual,29,29,owner,3+,with_young_child,569,65821.0,429627.0,429627.0,65821.0
active42,all_structures,annual,29,29,renter,0,without_young_child,4624,570177.0,2075831.0,2075831.0,0.0
active42,all_structures,annual,29,29,renter,1,with_young_child,1288,170473.0,712679.0,712679.0,0.0
active42,all_structures,annual,29,29,renter,2,with_young_child,1064,150966.0,705566.0,705566.0,0.0
active42,all_structures,annual,29,29,renter,3+,with_young_child,743,111808.0,567801.0,567801.0,0.0
active42,all_structures,annual,30,30,owner,0,without_young_child,3915,419874.0,2348583.0,2348583.0,419874.0
active42,all_structures,annual,30,30,owner,1,with_young_child,2091,212966.0,1326183.0,1326183.0,212966.0
active42,all_structures,annual,30,30,owner,1,without_young_child,1,254.0,1778.0,1778.0,254.0
active42,all_structures,annual,30,30,owner,2,with_young_child,1706,179019.0,1144115.0,1144115.0,179019.0
active42,all_structures,annual,30,30,owner,3+,with_young_child,702,80399.0,521348.0,521348.0,80399.0
active42,all_structures,annual,30,30,renter,0,without_young_child,4698,663676.0,2433435.0,2433435.0,0.0
active42,all_structures,annual,30,30,renter,1,with_young_child,1303,179186.0,761276.0,761276.0,0.0
active42,all_structures,annual,30,30,renter,1,without_young_child,2,192.0,1019.0,1019.0,0.0
active42,all_structures,annual,30,30,renter,2,with_young_child,1120,154656.0,706245.0,706245.0,0.0
active42,all_structures,annual,30,30,renter,3+,with_young_child,782,111090.0,566357.0,566357.0,0.0
active42,all_structures,annual,31,31,owner,0,without_young_child,3726,394896.0,2211376.0,2211376.0,394896.0
active42,all_structures,annual,31,31,owner,1,with_young_child,2105,211910.0,1343026.0,1343026.0,211910.0
active42,all_structures,annual,31,31,owner,1,without_young_child,1,197.0,985.0,985.0,197.0
active42,all_structures,annual,31,31,owner,2,with_young_child,1934,195876.0,1278856.0,1278856.0,195876.0
active42,all_structures,annual,31,31,owner,2,without_young_child,1,83.0,498.0,498.0,83.0
active42,all_structures,annual,31,31,owner,3+,with_young_child,939,101037.0,671069.0,671069.0,101037.0
active42,all_structures,annual,31,31,renter,0,without_young_child,3904,531816.0,1898181.0,1898181.0,0.0
active42,all_structures,annual,31,31,renter,1,with_young_child,1226,161692.0,697549.0,697549.0,0.0
active42,all_structures,annual,31,31,renter,1,without_young_child,6,1018.0,4973.0,4973.0,0.0
active42,all_structures,annual,31,31,renter,2,with_young_child,1077,154879.0,715300.0,715300.0,0.0
active42,all_structures,annual,31,31,renter,3+,with_young_child,863,121623.0,634801.0,634801.0,0.0
active42,all_structures,annual,32,32,owner,0,without_young_child,3717,391156.0,2221913.0,2221913.0,391156.0
active42,all_structures,annual,32,32,owner,1,with_young_child,2230,222896.0,1419368.0,1419368.0,222896.0
active42,all_structures,annual,32,32,owner,1,without_young_child,4,432.0,2331.0,2331.0,432.0
active42,all_structures,annual,32,32,owner,2,with_young_child,2350,243604.0,1615482.0,1615482.0,243604.0
active42,all_structures,annual,32,32,owner,3+,with_young_child,1197,130438.0,867744.0,867744.0,130438.0
active42,all_structures,annual,32,32,renter,0,without_young_child,3632,491015.0,1784276.0,1784276.0,0.0
active42,all_structures,annual,32,32,renter,1,with_young_child,1269,171326.0,732883.0,732883.0,0.0
active42,all_structures,annual,32,32,renter,1,without_young_child,5,875.0,3534.0,3534.0,0.0
active42,all_structures,annual,32,32,renter,2,with_young_child,1220,163846.0,759091.0,759091.0,0.0
active42,all_structures,annual,32,32,renter,2,without_young_child,1,165.0,825.0,825.0,0.0
active42,all_structures,annual,32,32,renter,3+,with_young_child,935,138926.0,704707.0,704707.0,0.0
active42,all_structures,annual,33,33,owner,0,without_young_child,3661,385067.0,2181557.0,2181557.0,385067.0
active42,all_structures,annual,33,33,owner,1,with_young_child,2485,248510.0,1585678.0,1585678.0,248510.0
active42,all_structures,annual,33,33,owner,1,without_young_child,6,494.0,3217.0,3217.0,494.0
active42,all_structures,annual,33,33,owner,2,with_young_child,3022,301700.0,2022337.0,2022337.0,301700.0
active42,all_structures,annual,33,33,owner,3+,with_young_child,1475,159580.0,1077883.0,1077883.0,159580.0
active42,all_structures,annual,33,33,renter,0,without_young_child,3520,486630.0,1762569.0,1762569.0,0.0
active42,all_structures,annual,33,33,renter,1,with_young_child,1244,169309.0,717215.0,717215.0,0.0
active42,all_structures,annual,33,33,renter,1,without_young_child,10,1221.0,6287.0,6287.0,0.0
active42,all_structures,annual,33,33,renter,2,with_young_child,1270,175048.0,832928.0,832928.0,0.0
active42,all_structures,annual,33,33,renter,3+,with_young_child,1055,147493.0,753757.0,753757.0,0.0
active42,all_structures,annual,34,34,owner,0,without_young_child,3878,398594.0,2275648.0,2275648.0,398594.0
active42,all_structures,annual,34,34,owner,1,with_young_child,2639,263471.0,1688019.0,1688019.0,263471.0
active42,all_structures,annual,34,34,owner,1,without_young_child,23,2311.0,13297.0,13297.0,2311.0
active42,all_structures,annual,34,34,owner,2,with_young_child,3600,351952.0,2397158.0,2397158.0,351952.0
active42,all_structures,annual,34,34,owner,2,without_young_child,2,177.0,1113.0,1113.0,177.0
active42,all_structures,annual,34,34,owner,3+,with_young_child,1819,192078.0,1321438.0,1321438.0,192078.0
active42,all_structures,annual,34,34,renter,0,without_young_child,3434,461034.0,1667323.0,1667323.0,0.0
active42,all_structures,annual,34,34,renter,1,with_young_child,1216,165167.0,729321.0,729321.0,0.0
active42,all_structures,annual,34,34,renter,1,without_young_child,19,2542.0,12594.0,12594.0,0.0
active42,all_structures,annual,34,34,renter,2,with_young_child,1299,178473.0,845637.0,845637.0,0.0
active42,all_structures,annual,34,34,renter,2,without_young_child,2,416.0,2454.0,2454.0,0.0
active42,all_structures,annual,34,34,renter,3+,with_young_child,1282,186104.0,983152.0,983152.0,0.0
active42,all_structures,annual,35,35,owner,0,without_young_child,4050,438298.0,2519273.0,2519273.0,438298.0
active42,all_structures,annual,35,35,owner,1,with_young_child,2756,279560.0,1796325.0,1796325.0,279560.0
active42,all_structures,annual,35,35,owner,1,without_young_child,33,3035.0,18055.0,18055.0,3035.0
active42,all_structures,annual,35,35,owner,2,with_young_child,4200,417094.0,2830169.0,2830169.0,417094.0
active42,all_structures,annual,35,35,owner,2,without_young_child,6,552.0,3998.0,3998.0,552.0
active42,all_structures,annual,35,35,owner,3+,with_young_child,2302,240120.0,1668337.0,1668337.0,240120.0
active42,all_structures,annual,35,35,renter,0,without_young_child,3462,497662.0,1812700.0,1812700.0,0.0
active42,all_structures,annual,35,35,renter,1,with_young_child,1314,191726.0,842754.0,842754.0,0.0
active42,all_structures,annual,35,35,renter,1,without_young_child,31,4458.0,20755.0,20755.0,0.0
active42,all_structures,annual,35,35,renter,2,with_young_child,1426,194319.0,912037.0,912037.0,0.0
active42,all_structures,annual,35,35,renter,2,without_young_child,3,347.0,1807.0,1807.0,0.0
active42,all_structures,annual,35,35,renter,3+,with_young_child,1247,185423.0,954602.0,954602.0,0.0
active42,all_structures,annual,36,36,owner,0,without_young_child,3780,398958.0,2273825.0,2273825.0,398958.0
active42,all_structures,annual,36,36,owner,1,with_young_child,2615,265048.0,1714475.0,1714475.0,265048.0
active42,all_structures,annual,36,36,owner,1,without_young_child,67,8309.0,55188.0,55188.0,8309.0
active42,all_structures,annual,36,36,owner,2,with_young_child,4534,456896.0,3134098.0,3134098.0,456896.0
active42,all_structures,annual,36,36,owner,2,without_young_child,11,1228.0,8132.0,8132.0,1228.0
active42,all_structures,annual,36,36,owner,3+,with_young_child,2440,258594.0,1811289.0,1811289.0,258594.0
active42,all_structures,annual,36,36,renter,0,without_young_child,3023,417304.0,1514970.0,1514970.0,0.0
active42,all_structures,annual,36,36,renter,1,with_young_child,1197,165003.0,730694.0,730694.0,0.0
active42,all_structures,annual,36,36,renter,1,without_young_child,41,6368.0,29742.0,29742.0,0.0
active42,all_structures,annual,36,36,renter,2,with_young_child,1354,189176.0,911526.0,911526.0,0.0
active42,all_structures,annual,36,36,renter,2,without_young_child,10,1343.0,6788.0,6788.0,0.0
active42,all_structures,annual,36,36,renter,3+,with_young_child,1167,164183.0,876558.0,876558.0,0.0
active42,all_structures,annual,36,36,renter,3+,without_young_child,1,187.0,561.0,561.0,0.0
active42,all_structures,annual,37,37,owner,0,without_young_child,3602,383765.0,2227152.0,2227152.0,383765.0
active42,all_structures,annual,37,37,owner,1,with_young_child,2427,249185.0,1602154.0,1602154.0,249185.0
active42,all_structures,annual,37,37,owner,1,without_young_child,88,10056.0,59422.0,59422.0,10056.0
active42,all_structures,annual,37,37,owner,2,with_young_child,4573,452925.0,3121149.0,3121149.0,452925.0
active42,all_structures,annual,37,37,owner,2,without_young_child,5,804.0,5207.0,5207.0,804.0
active42,all_structures,annual,37,37,owner,3+,with_young_child,2730,283620.0,2018522.0,2018522.0,283620.0
active42,all_structures,annual,37,37,owner,3+,without_young_child,2,70.0,473.0,473.0,70.0
active42,all_structures,annual,37,37,renter,0,without_young_child,2876,400764.0,1468312.0,1468312.0,0.0
active42,all_structures,annual,37,37,renter,1,with_young_child,1068,140538.0,603624.0,603624.0,0.0
active42,all_structures,annual,37,37,renter,1,without_young_child,80,11058.0,47923.0,47923.0,0.0
active42,all_structures,annual,37,37,renter,2,with_young_child,1235,164794.0,776547.0,776547.0,0.0
active42,all_structures,annual,37,37,renter,2,without_young_child,6,832.0,5259.0,5259.0,0.0
active42,all_structures,annual,37,37,renter,3+,with_young_child,1063,142927.0,723986.0,723986.0,0.0
active42,all_structures,annual,37,37,renter,3+,without_young_child,1,88.0,616.0,616.0,0.0
active42,all_structures,annual,38,38,owner,0,without_young_child,3678,391160.0,2256980.0,2256980.0,391160.0
active42,all_structures,annual,38,38,owner,1,with_young_child,2437,248141.0,1609271.0,1609271.0,248141.0
active42,all_structures,annual,38,38,owner,1,without_young_child,98,11979.0,75064.0,75064.0,11979.0
active42,all_structures,annual,38,38,owner,2,with_young_child,4739,464946.0,3220772.0,3220772.0,464946.0
active42,all_structures,annual,38,38,owner,2,without_young_child,26,2776.0,16903.0,16903.0,2776.0
active42,all_structures,annual,38,38,owner,3+,with_young_child,2825,289784.0,2045515.0,2045515.0,289784.0
active42,all_structures,annual,38,38,owner,3+,without_young_child,4,450.0,2512.0,2512.0,450.0
active42,all_structures,annual,38,38,renter,0,without_young_child,2761,384656.0,1423365.0,1423365.0,0.0
active42,all_structures,annual,38,38,renter,1,with_young_child,1038,132540.0,580247.0,580247.0,0.0
active42,all_structures,annual,38,38,renter,1,without_young_child,99,14336.0,65816.0,65816.0,0.0
active42,all_structures,annual,38,38,renter,2,with_young_child,1276,177647.0,844885.0,844885.0,0.0
active42,all_structures,annual,38,38,renter,2,without_young_child,25,3685.0,18477.0,18477.0,0.0
active42,all_structures,annual,38,38,renter,3+,with_young_child,989,137528.0,705784.0,705784.0,0.0
active42,all_structures,annual,38,38,renter,3+,without_young_child,5,872.0,4658.0,4658.0,0.0
active42,all_structures,annual,39,39,owner,0,without_young_child,3694,387740.0,2249136.0,2249136.0,387740.0
active42,all_structures,annual,39,39,owner,1,with_young_child,2471,239417.0,1546331.0,1546331.0,239417.0
active42,all_structures,annual,39,39,owner,1,without_young_child,158,17471.0,111026.0,111026.0,17471.0
active42,all_structures,annual,39,39,owner,2,with_young_child,4798,477307.0,3326273.0,3326273.0,477307.0
active42,all_structures,annual,39,39,owner,2,without_young_child,39,3954.0,24042.0,24042.0,3954.0
active42,all_structures,annual,39,39,owner,3+,with_young_child,3084,316930.0,2258719.0,2258719.0,316930.0
active42,all_structures,annual,39,39,owner,3+,without_young_child,5,845.0,5547.0,5547.0,845.0
active42,all_structures,annual,39,39,renter,0,without_young_child,2679,366399.0,1364802.0,1364802.0,0.0
active42,all_structures,annual,39,39,renter,1,with_young_child,1023,138441.0,592616.0,592616.0,0.0
active42,all_structures,annual,39,39,renter,1,without_young_child,113,15441.0,65006.0,65006.0,0.0
active42,all_structures,annual,39,39,renter,2,with_young_child,1238,162471.0,789337.0,789337.0,0.0
active42,all_structures,annual,39,39,renter,2,without_young_child,36,4378.0,22512.0,22512.0,0.0
active42,all_structures,annual,39,39,renter,3+,with_young_child,964,135711.0,702337.0,702337.0,0.0
active42,all_structures,annual,39,39,renter,3+,without_young_child,2,165.0,730.0,730.0,0.0
active42,all_structures,annual,40,40,owner,0,without_young_child,4196,454331.0,2648647.0,2648647.0,454331.0
active42,all_structures,annual,40,40,owner,1,with_young_child,2582,271168.0,1751703.0,1751703.0,271168.0
active42,all_structures,annual,40,40,owner,1,without_young_child,283,33221.0,203605.0,203605.0,33221.0
active42,all_structures,annual,40,40,owner,2,with_young_child,5380,534591.0,3722091.0,3722091.0,534591.0
active42,all_structures,annual,40,40,owner,2,without_young_child,78,10121.0,64534.0,64534.0,10121.0
active42,all_structures,annual,40,40,owner,3+,with_young_child,3240,330589.0,2382536.0,2382536.0,330589.0
active42,all_structures,annual,40,40,owner,3+,without_young_child,17,1630.0,10850.0,10850.0,1630.0
active42,all_structures,annual,40,40,renter,0,without_young_child,2987,422207.0,1579707.0,1579707.0,0.0
active42,all_structures,annual,40,40,renter,1,with_young_child,1090,149051.0,653130.0,653130.0,0.0
active42,all_structures,annual,40,40,renter,1,without_young_child,213,33139.0,143774.0,143774.0,0.0
active42,all_structures,annual,40,40,renter,2,with_young_child,1300,175821.0,848502.0,848502.0,0.0
active42,all_structures,annual,40,40,renter,2,without_young_child,46,6952.0,31752.0,31752.0,0.0
active42,all_structures,annual,40,40,renter,3+,with_young_child,1008,142154.0,747390.0,747390.0,0.0
active42,all_structures,annual,40,40,renter,3+,without_young_child,13,1783.0,10936.0,10936.0,0.0
active42,all_structures,annual,41,41,owner,0,without_young_child,4307,448658.0,2622814.0,2622814.0,448658.0
active42,all_structures,annual,41,41,owner,1,with_young_child,2573,257706.0,1685901.0,1685901.0,257706.0
active42,all_structures,annual,41,41,owner,1,without_young_child,355,41076.0,248406.0,248406.0,41076.0
active42,all_structures,annual,41,41,owner,2,with_young_child,5404,521765.0,3668493.0,3668493.0,521765.0
active42,all_structures,annual,41,41,owner,2,without_young_child,104,10590.0,66873.0,66873.0,10590.0
active42,all_structures,annual,41,41,owner,3+,with_young_child,3304,330098.0,2407358.0,2407358.0,330098.0
active42,all_structures,annual,41,41,owner,3+,without_young_child,11,1373.0,9152.0,9152.0,1373.0
active42,all_structures,annual,41,41,renter,0,without_young_child,2678,362077.0,1346119.0,1346119.0,0.0
active42,all_structures,annual,41,41,renter,1,with_young_child,1006,137480.0,619853.0,619853.0,0.0
active42,all_structures,annual,41,41,renter,1,without_young_child,236,33108.0,154081.0,154081.0,0.0
active42,all_structures,annual,41,41,renter,2,with_young_child,1182,154501.0,738885.0,738885.0,0.0
active42,all_structures,annual,41,41,renter,2,without_young_child,58,7443.0,38294.0,38294.0,0.0
active42,all_structures,annual,41,41,renter,3+,with_young_child,840,112724.0,600590.0,600590.0,0.0
active42,all_structures,annual,41,41,renter,3+,without_young_child,9,1204.0,5938.0,5938.0,0.0
active42,all_structures,annual,42,42,owner,0,without_young_child,4501,458423.0,2696540.0,2696540.0,458423.0
active42,all_structures,annual,42,42,owner,1,with_young_child,2747,278090.0,1805130.0,1805130.0,278090.0
active42,all_structures,annual,42,42,owner,1,without_young_child,479,46802.0,289971.0,289971.0,46802.0
active42,all_structures,annual,42,42,owner,2,with_young_child,5538,538147.0,3800299.0,3800299.0,538147.0
active42,all_structures,annual,42,42,owner,2,without_young_child,149,14861.0,96670.0,96670.0,14861.0
active42,all_structures,annual,42,42,owner,3+,with_young_child,3375,327535.0,2387704.0,2387704.0,327535.0
active42,all_structures,annual,42,42,owner,3+,without_young_child,30,3058.0,21167.0,21167.0,3058.0
active42,all_structures,annual,42,42,renter,0,without_young_child,2838,391463.0,1469703.0,1469703.0,0.0
active42,all_structures,annual,42,42,renter,1,with_young_child,1051,135996.0,600248.0,600248.0,0.0
active42,all_structures,annual,42,42,renter,1,without_young_child,317,46923.0,214750.0,214750.0,0.0
active42,all_structures,annual,42,42,renter,2,with_young_child,1165,148488.0,733958.0,733958.0,0.0
active42,all_structures,annual,42,42,renter,2,without_young_child,84,11495.0,55780.0,55780.0,0.0
active42,all_structures,annual,42,42,renter,3+,with_young_child,851,108889.0,565253.0,565253.0,0.0
active42,all_structures,annual,42,42,renter,3+,without_young_child,14,2007.0,11612.0,11612.0,0.0
active42,all_structures,annual,43,43,owner,0,without_young_child,4782,493685.0,2908244.0,2908244.0,493685.0
active42,all_structures,annual,43,43,owner,1,with_young_child,2829,271686.0,1809082.0,1809082.0,271686.0
active42,all_structures,annual,43,43,owner,1,without_young_child,651,67117.0,426116.0,426116.0,67117.0
active42,all_structures,annual,43,43,owner,2,with_young_child,5541,533189.0,3761285.0,3761285.0,533189.0
active42,all_structures,annual,43,43,owner,2,without_young_child,198,21199.0,142628.0,142628.0,21199.0
active42,all_structures,annual,43,43,owner,3+,with_young_child,3219,319478.0,2349074.0,2349074.0,319478.0
active42,all_structures,annual,43,43,owner,3+,without_young_child,28,3088.0,20562.0,20562.0,3088.0
active42,all_structures,annual,43,43,renter,0,without_young_child,2828,394948.0,1490002.0,1490002.0,0.0
active42,all_structures,annual,43,43,renter,1,with_young_child,967,128434.0,579496.0,579496.0,0.0
active42,all_structures,annual,43,43,renter,1,without_young_child,386,55375.0,259946.0,259946.0,0.0
active42,all_structures,annual,43,43,renter,2,with_young_child,1026,128657.0,629666.0,629666.0,0.0
active42,all_structures,annual,43,43,renter,2,without_young_child,81,11124.0,55937.0,55937.0,0.0
active42,all_structures,annual,43,43,renter,3+,with_young_child,745,95479.0,499623.0,499623.0,0.0
active42,all_structures,annual,43,43,renter,3+,without_young_child,18,2462.0,12514.0,12514.0,0.0
active42,all_structures,annual,44,44,owner,0,without_young_child,4928,503431.0,2989807.0,2989807.0,503431.0
active42,all_structures,annual,44,44,owner,1,with_young_child,2718,264395.0,1734667.0,1734667.0,264395.0
active42,all_structures,annual,44,44,owner,1,without_young_child,812,86393.0,544953.0,544953.0,86393.0
active42,all_structures,annual,44,44,owner,2,with_young_child,5337,513005.0,3645914.0,3645914.0,513005.0
active42,all_structures,annual,44,44,owner,2,without_young_child,340,34703.0,227492.0,227492.0,34703.0
active42,all_structures,annual,44,44,owner,3+,with_young_child,3148,302632.0,2237291.0,2237291.0,302632.0
active42,all_structures,annual,44,44,owner,3+,without_young_child,39,4077.0,28147.0,28147.0,4077.0
active42,all_structures,annual,44,44,renter,0,without_young_child,2869,380782.0,1424087.0,1424087.0,0.0
active42,all_structures,annual,44,44,renter,1,with_young_child,913,113910.0,506712.0,506712.0,0.0
active42,all_structures,annual,44,44,renter,1,without_young_child,394,52551.0,235813.0,235813.0,0.0
active42,all_structures,annual,44,44,renter,2,with_young_child,981,125710.0,622910.0,622910.0,0.0
active42,all_structures,annual,44,44,renter,2,without_young_child,115,15751.0,82476.0,82476.0,0.0
active42,all_structures,annual,44,44,renter,3+,with_young_child,671,91041.0,486832.0,486832.0,0.0
active42,all_structures,annual,44,44,renter,3+,without_young_child,18,2788.0,14187.0,14187.0,0.0
active42,all_structures,annual,45,45,owner,0,without_young_child,5526,580679.0,3461963.0,3461963.0,580679.0
active42,all_structures,annual,45,45,owner,1,with_young_child,2774,267396.0,1778451.0,1778451.0,267396.0
active42,all_structures,annual,45,45,owner,1,without_young_child,1056,108477.0,681929.0,681929.0,108477.0
active42,all_structures,annual,45,45,owner,2,with_young_child,5307,510856.0,3644914.0,3644914.0,510856.0
active42,all_structures,annual,45,45,owner,2,without_young_child,419,42598.0,279225.0,279225.0,42598.0
active42,all_structures,annual,45,45,owner,3+,with_young_child,2876,290532.0,2138055.0,2138055.0,290532.0
active42,all_structures,annual,45,45,owner,3+,without_young_child,70,8490.0,59523.0,59523.0,8490.0
active42,all_structures,annual,45,45,renter,0,without_young_child,3152,420246.0,1573959.0,1573959.0,0.0
active42,all_structures,annual,45,45,renter,1,with_young_child,867,113639.0,513795.0,513795.0,0.0
active42,all_structures,annual,45,45,renter,1,without_young_child,435,59999.0,276785.0,276785.0,0.0
active42,all_structures,annual,45,45,renter,2,with_young_child,920,115823.0,574223.0,574223.0,0.0
active42,all_structures,annual,45,45,renter,2,without_young_child,146,19845.0,99392.0,99392.0,0.0
active42,all_structures,annual,45,45,renter,3+,with_young_child,642,86094.0,453512.0,453512.0,0.0
active42,all_structures,annual,45,45,renter,3+,without_young_child,28,3381.0,16713.0,16713.0,0.0
active42,all_structures,annual,46,46,owner,0,without_young_child,5648,562257.0,3356554.0,3356554.0,562257.0
active42,all_structures,annual,46,46,owner,1,with_young_child,2707,258097.0,1739528.0,1739528.0,258097.0
active42,all_structures,annual,46,46,owner,1,without_young_child,1264,125103.0,802660.0,802660.0,125103.0
active42,all_structures,annual,46,46,owner,2,with_young_child,4768,451746.0,3235542.0,3235542.0,451746.0
active42,all_structures,annual,46,46,owner,2,without_young_child,547,59058.0,395282.0,395282.0,59058.0
active42,all_structures,annual,46,46,owner,3+,with_young_child,2573,246381.0,1819129.0,1819129.0,246381.0
active42,all_structures,annual,46,46,owner,3+,without_young_child,77,9003.0,62387.0,62387.0,9003.0
active42,all_structures,annual,46,46,renter,0,without_young_child,2986,384258.0,1465753.0,1465753.0,0.0
active42,all_structures,annual,46,46,renter,1,with_young_child,782,99050.0,444419.0,444419.0,0.0
active42,all_structures,annual,46,46,renter,1,without_young_child,507,65330.0,290124.0,290124.0,0.0
active42,all_structures,annual,46,46,renter,2,with_young_child,780,100663.0,497068.0,497068.0,0.0
active42,all_structures,annual,46,46,renter,2,without_young_child,146,19467.0,98436.0,98436.0,0.0
active42,all_structures,annual,46,46,renter,3+,with_young_child,571,72180.0,375937.0,375937.0,0.0
active42,all_structures,annual,46,46,renter,3+,without_young_child,32,4451.0,25674.0,25674.0,0.0
active42,all_structures,annual,47,47,owner,0,without_young_child,6137,599034.0,3584094.0,3584094.0,599034.0
active42,all_structures,annual,47,47,owner,1,with_young_child,2730,267646.0,1825123.0,1825123.0,267646.0
active42,all_structures,annual,47,47,owner,1,without_young_child,1628,166472.0,1065584.0,1065584.0,166472.0
active42,all_structures,annual,47,47,owner,2,with_young_child,4534,428040.0,3091587.0,3091587.0,428040.0
active42,all_structures,annual,47,47,owner,2,without_young_child,663,65565.0,442521.0,442521.0,65565.0
active42,all_structures,annual,47,47,owner,3+,with_young_child,2327,231614.0,1705513.0,1705513.0,231614.0
active42,all_structures,annual,47,47,owner,3+,without_young_child,96,9935.0,65938.0,65938.0,9935.0
active42,all_structures,annual,47,47,renter,0,without_young_child,3153,403470.0,1547384.0,1547384.0,0.0
active42,all_structures,annual,47,47,renter,1,with_young_child,709,87832.0,395996.0,395996.0,0.0
active42,all_structures,annual,47,47,renter,1,without_young_child,563,74241.0,338363.0,338363.0,0.0
active42,all_structures,annual,47,47,renter,2,with_young_child,750,92722.0,463128.0,463128.0,0.0
active42,all_structures,annual,47,47,renter,2,without_young_child,165,20008.0,99590.0,99590.0,0.0
active42,all_structures,annual,47,47,renter,3+,with_young_child,441,57426.0,301775.0,301775.0,0.0
active42,all_structures,annual,47,47,renter,3+,without_young_child,34,5395.0,29981.0,29981.0,0.0
active42,all_structures,annual,48,48,owner,0,without_young_child,6677,647832.0,3910836.0,3910836.0,647832.0
active42,all_structures,annual,48,48,owner,1,with_young_child,2682,257989.0,1760469.0,1760469.0,257989.0
active42,all_structures,annual,48,48,owner,1,without_young_child,1790,176268.0,1164507.0,1164507.0,176268.0
active42,all_structures,annual,48,48,owner,2,with_young_child,4022,376516.0,2708730.0,2708730.0,376516.0
active42,all_structures,annual,48,48,owner,2,without_young_child,743,73452.0,495557.0,495557.0,73452.0
active42,all_structures,annual,48,48,owner,3+,with_young_child,2055,206848.0,1519012.0,1519012.0,206848.0
active42,all_structures,annual,48,48,owner,3+,without_young_child,118,12256.0,84850.0,84850.0,12256.0
active42,all_structures,annual,48,48,renter,0,without_young_child,3143,405002.0,1551841.0,1551841.0,0.0
active42,all_structures,annual,48,48,renter,1,with_young_child,622,75902.0,344753.0,344753.0,0.0
active42,all_structures,annual,48,48,renter,1,without_young_child,607,76334.0,346803.0,346803.0,0.0
active42,all_structures,annual,48,48,renter,2,with_young_child,647,80900.0,403470.0,403470.0,0.0
active42,all_structures,annual,48,48,renter,2,without_young_child,193,25738.0,123735.0,123735.0,0.0
active42,all_structures,annual,48,48,renter,3+,with_young_child,366,49978.0,270547.0,270547.0,0.0
active42,all_structures,annual,48,48,renter,3+,without_young_child,27,3742.0,20485.0,20485.0,0.0
active42,all_structures,annual,49,49,owner,0,without_young_child,7206,696607.0,4224960.0,4224960.0,696607.0
active42,all_structures,annual,49,49,owner,1,with_young_child,2551,240812.0,1650429.0,1650429.0,240812.0
active42,all_structures,annual,49,49,owner,1,without_young_child,2042,206895.0,1358799.0,1358799.0,206895.0
active42,all_structures,annual,49,49,owner,2,with_young_child,3535,337972.0,2429065.0,2429065.0,337972.0
active42,all_structures,annual,49,49,owner,2,without_young_child,934,94322.0,653142.0,653142.0,94322.0
active42,all_structures,annual,49,49,owner,3+,with_young_child,1709,165233.0,1217476.0,1217476.0,165233.0
active42,all_structures,annual,49,49,owner,3+,without_young_child,139,13774.0,97637.0,97637.0,13774.0
active42,all_structures,annual,49,49,renter,0,without_young_child,3100,394211.0,1502898.0,1502898.0,0.0
active42,all_structures,annual,49,49,renter,1,with_young_child,606,75053.0,344536.0,344536.0,0.0
active42,all_structures,annual,49,49,renter,1,without_young_child,580,73693.0,336833.0,336833.0,0.0
active42,all_structures,annual,49,49,renter,2,with_young_child,510,64633.0,323215.0,323215.0,0.0
active42,all_structures,annual,49,49,renter,2,without_young_child,189,24454.0,122580.0,122580.0,0.0
active42,all_structures,annual,49,49,renter,3+,with_young_child,319,40524.0,216908.0,216908.0,0.0
active42,all_structures,annual,49,49,renter,3+,without_young_child,32,3972.0,21842.0,21842.0,0.0
active42,all_structures,annual,50,50,owner,0,without_young_child,8231,786202.0,4813179.0,4813179.0,786202.0
active42,all_structures,annual,50,50,owner,1,with_young_child,2458,233765.0,1603017.0,1603017.0,233765.0
active42,all_structures,annual,50,50,owner,1,without_young_child,2443,241115.0,1586399.0,1586399.0,241115.0
active42,all_structures,annual,50,50,owner,2,with_young_child,3060,287993.0,2079656.0,2079656.0,287993.0
active42,all_structures,annual,50,50,owner,2,without_young_child,1037,106451.0,730499.0,730499.0,106451.0
active42,all_structures,annual,50,50,owner,3+,with_young_child,1523,145186.0,1068391.0,1068391.0,145186.0
active42,all_structures,annual,50,50,owner,3+,without_young_child,151,14841.0,105463.0,105463.0,14841.0
active42,all_structures,annual,50,50,renter,0,without_young_child,3467,426816.0,1648087.0,1648087.0,0.0
active42,all_structures,annual,50,50,renter,1,with_young_child,573,66254.0,303932.0,303932.0,0.0
active42,all_structures,annual,50,50,renter,1,without_young_child,689,83307.0,385154.0,385154.0,0.0
active42,all_structures,annual,50,50,renter,2,with_young_child,477,57066.0,277444.0,277444.0,0.0
active42,all_structures,annual,50,50,renter,2,without_young_child,173,19642.0,97602.0,97602.0,0.0
active42,all_structures,annual,50,50,renter,3+,with_young_child,310,38661.0,201723.0,201723.0,0.0
active42,all_structures,annual,50,50,renter,3+,without_young_child,39,4708.0,25699.0,25699.0,0.0
active42,all_structures,annual,51,51,owner,0,without_young_child,8126,766357.0,4727735.0,4727735.0,766357.0
active42,all_structures,annual,51,51,owner,1,with_young_child,2189,196896.0,1372322.0,1372322.0,196896.0
active42,all_structures,annual,51,51,owner,1,without_young_child,2391,224948.0,1491713.0,1491713.0,224948.0
active42,all_structures,annual,51,51,owner,2,with_young_child,2415,221901.0,1606318.0,1606318.0,221901.0
active42,all_structures,annual,51,51,owner,2,without_young_child,994,95839.0,660381.0,660381.0,95839.0
active42,all_structures,annual,51,51,owner,3+,with_young_child,1148,109964.0,802543.0,802543.0,109964.0
active42,all_structures,annual,51,51,owner,3+,without_young_child,180,18051.0,129051.0,129051.0,18051.0
active42,all_structures,annual,51,51,renter,0,without_young_child,3141,371883.0,1431326.0,1431326.0,0.0
active42,all_structures,annual,51,51,renter,1,with_young_child,459,57630.0,260628.0,260628.0,0.0
active42,all_structures,annual,51,51,renter,1,without_young_child,625,74924.0,344777.0,344777.0,0.0
active42,all_structures,annual,51,51,renter,2,with_young_child,373,43479.0,212812.0,212812.0,0.0
active42,all_structures,annual,51,51,renter,2,without_young_child,192,24616.0,116749.0,116749.0,0.0
active42,all_structures,annual,51,51,renter,3+,with_young_child,240,27629.0,145426.0,145426.0,0.0
active42,all_structures,annual,51,51,renter,3+,without_young_child,30,3693.0,21387.0,21387.0,0.0
active42,all_structures,annual,52,52,owner,0,without_young_child,8632,794108.0,4916349.0,4916349.0,794108.0
active42,all_structures,annual,52,52,owner,1,with_young_child,1872,174623.0,1216334.0,1216334.0,174623.0
active42,all_structures,annual,52,52,owner,1,without_young_child,2738,253966.0,1673169.0,1673169.0,253966.0
active42,all_structures,annual,52,52,owner,2,with_young_child,2032,186683.0,1352882.0,1352882.0,186683.0
active42,all_structures,annual,52,52,owner,2,without_young_child,1010,95539.0,659409.0,659409.0,95539.0
active42,all_structures,annual,52,52,owner,3+,with_young_child,965,90556.0,665378.0,665378.0,90556.0
active42,all_structures,annual,52,52,owner,3+,without_young_child,203,20016.0,139680.0,139680.0,20016.0
active42,all_structures,annual,52,52,renter,0,without_young_child,3200,379874.0,1454965.0,1454965.0,0.0
active42,all_structures,annual,52,52,renter,1,with_young_child,394,48550.0,226400.0,226400.0,0.0
active42,all_structures,annual,52,52,renter,1,without_young_child,619,71965.0,328654.0,328654.0,0.0
active42,all_structures,annual,52,52,renter,2,with_young_child,296,33129.0,167036.0,167036.0,0.0
active42,all_structures,annual,52,52,renter,2,without_young_child,181,22364.0,107709.0,107709.0,0.0
active42,all_structures,annual,52,52,renter,3+,with_young_child,195,23986.0,124046.0,124046.0,0.0
active42,all_structures,annual,52,52,renter,3+,without_young_child,43,5511.0,28358.0,28358.0,0.0
active42,all_structures,annual,53,53,owner,0,without_young_child,9199,845176.0,5276823.0,5276823.0,845176.0
active42,all_structures,annual,53,53,owner,1,with_young_child,1633,150093.0,1052709.0,1052709.0,150093.0
active42,all_structures,annual,53,53,owner,1,without_young_child,2798,267708.0,1796943.0,1796943.0,267708.0
active42,all_structures,annual,53,53,owner,2,with_young_child,1643,148284.0,1077841.0,1077841.0,148284.0
active42,all_structures,annual,53,53,owner,2,without_young_child,1066,94802.0,660809.0,660809.0,94802.0
active42,all_structures,annual,53,53,owner,3+,with_young_child,772,73430.0,540851.0,540851.0,73430.0
active42,all_structures,annual,53,53,owner,3+,without_young_child,181,15678.0,109422.0,109422.0,15678.0
active42,all_structures,annual,53,53,renter,0,without_young_child,3241,379089.0,1489778.0,1489778.0,0.0
active42,all_structures,annual,53,53,renter,1,with_young_child,285,32779.0,146143.0,146143.0,0.0
active42,all_structures,annual,53,53,renter,1,without_young_child,654,78811.0,359373.0,359373.0,0.0
active42,all_structures,annual,53,53,renter,2,with_young_child,248,28200.0,147048.0,147048.0,0.0
active42,all_structures,annual,53,53,renter,2,without_young_child,152,17863.0,92404.0,92404.0,0.0
active42,all_structures,annual,53,53,renter,3+,with_young_child,158,18402.0,95778.0,95778.0,0.0
active42,all_structures,annual,53,53,renter,3+,without_young_child,29,3604.0,19857.0,19857.0,0.0
active42,all_structures,annual,54,54,owner,0,without_young_child,9501,868708.0,5448945.0,5448945.0,868708.0
active42,all_structures,annual,54,54,owner,1,with_young_child,1330,120276.0,838510.0,838510.0,120276.0
active42,all_structures,annual,54,54,owner,1,without_young_child,2782,260799.0,1748720.0,1748720.0,260799.0
active42,all_structures,annual,54,54,owner,2,with_young_child,1299,118572.0,848056.0,848056.0,118572.0
active42,all_structures,annual,54,54,owner,2,without_young_child,927,89898.0,619258.0,619258.0,89898.0
active42,all_structures,annual,54,54,owner,3+,with_young_child,625,58223.0,423502.0,423502.0,58223.0
active42,all_structures,annual,54,54,owner,3+,without_young_child,165,16512.0,118584.0,118584.0,16512.0
active42,all_structures,annual,54,54,renter,0,without_young_child,3116,351521.0,1359753.0,1359753.0,0.0
active42,all_structures,annual,54,54,renter,1,with_young_child,263,30062.0,139061.0,139061.0,0.0
active42,all_structures,annual,54,54,renter,1,without_young_child,620,68870.0,321673.0,321673.0,0.0
active42,all_structures,annual,54,54,renter,2,with_young_child,201,21393.0,102490.0,102490.0,0.0
active42,all_structures,annual,54,54,renter,2,without_young_child,142,16595.0,83441.0,83441.0,0.0
active42,all_structures,annual,54,54,renter,3+,with_young_child,122,15544.0,76698.0,76698.0,0.0
active42,all_structures,annual,54,54,renter,3+,without_young_child,38,3734.0,19566.0,19566.0,0.0
active42,all_structures,annual,55,55,owner,0,without_young_child,10092,931875.0,5874146.0,5874146.0,931875.0
active42,all_structures,annual,55,55,owner,1,with_young_child,1138,104622.0,730239.0,730239.0,104622.0
active42,all_structures,annual,55,55,owner,1,without_young_child,2810,265004.0,1784040.0,1784040.0,265004.0
active42,all_structures,annual,55,55,owner,2,with_young_child,1008,93110.0,670798.0,670798.0,93110.0
active42,all_structures,annual,55,55,owner,2,without_young_child,887,88347.0,615863.0,615863.0,88347.0
active42,all_structures,annual,55,55,owner,3+,with_young_child,444,43537.0,319105.0,319105.0,43537.0
active42,all_structures,annual,55,55,owner,3+,without_young_child,143,13749.0,92969.0,92969.0,13749.0
active42,all_structures,annual,55,55,renter,0,without_young_child,3225,377198.0,1453158.0,1453158.0,0.0
active42,all_structures,annual,55,55,renter,1,with_young_child,192,22733.0,101458.0,101458.0,0.0
active42,all_structures,annual,55,55,renter,1,without_young_child,603,73003.0,337778.0,337778.0,0.0
active42,all_structures,annual,55,55,renter,2,with_young_child,163,20892.0,102004.0,102004.0,0.0
active42,all_structures,annual,55,55,renter,2,without_young_child,187,21604.0,103322.0,103322.0,0.0
active42,all_structures,annual,55,55,renter,3+,with_young_child,108,13549.0,75421.0,75421.0,0.0
active42,all_structures,annual,55,55,renter,3+,without_young_child,38,4661.0,21568.0,21568.0,0.0
active42,all_structures,annual,56,56,owner,0,without_young_child,10168,931452.0,5875765.0,5875765.0,931452.0
active42,all_structures,annual,56,56,owner,1,with_young_child,905,84443.0,582390.0,582390.0,84443.0
active42,all_structures,annual,56,56,owner,1,without_young_child,2731,258208.0,1744000.0,1744000.0,258208.0
active42,all_structures,annual,56,56,owner,2,with_young_child,762,68881.0,491785.0,491785.0,68881.0
active42,all_structures,annual,56,56,owner,2,without_young_child,809,80194.0,553025.0,553025.0,80194.0
active42,all_structures,annual,56,56,owner,3+,with_young_child,364,34990.0,246994.0,246994.0,34990.0
active42,all_structures,annual,56,56,owner,3+,without_young_child,160,17210.0,119887.0,119887.0,17210.0
active42,all_structures,annual,56,56,renter,0,without_young_child,3094,354134.0,1393406.0,1393406.0,0.0
active42,all_structures,annual,56,56,renter,1,with_young_child,158,20190.0,91657.0,91657.0,0.0
active42,all_structures,annual,56,56,renter,1,without_young_child,597,71555.0,333759.0,333759.0,0.0
active42,all_structures,annual,56,56,renter,2,with_young_child,119,13543.0,71800.0,71800.0,0.0
active42,all_structures,annual,56,56,renter,2,without_young_child,173,18648.0,91006.0,91006.0,0.0
active42,all_structures,annual,56,56,renter,3+,with_young_child,69,9076.0,47188.0,47188.0,0.0
active42,all_structures,annual,56,56,renter,3+,without_young_child,35,4024.0,22462.0,22462.0,0.0
active42,all_structures,annual,57,57,owner,0,without_young_child,11125,1015813.0,6465466.0,6465466.0,1015813.0
active42,all_structures,annual,57,57,owner,1,with_young_child,721,63468.0,446056.0,446056.0,63468.0
active42,all_structures,annual,57,57,owner,1,without_young_child,2705,251899.0,1711744.0,1711744.0,251899.0
active42,all_structures,annual,57,57,owner,2,with_young_child,627,58410.0,424875.0,424875.0,58410.0
active42,all_structures,annual,57,57,owner,2,without_young_child,779,72873.0,508030.0,508030.0,72873.0
active42,all_structures,annual,57,57,owner,3+,with_young_child,299,28822.0,201986.0,201986.0,28822.0
active42,all_structures,annual,57,57,owner,3+,without_young_child,156,14604.0,101223.0,101223.0,14604.0
active42,all_structures,annual,57,57,renter,0,without_young_child,3079,353757.0,1375561.0,1375561.0,0.0
active42,all_structures,annual,57,57,renter,1,with_young_child,129,14366.0,69630.0,69630.0,0.0
active42,all_structures,annual,57,57,renter,1,without_young_child,569,65584.0,306162.0,306162.0,0.0
active42,all_structures,annual,57,57,renter,2,with_young_child,87,9205.0,43318.0,43318.0,0.0
active42,all_structures,annual,57,57,renter,2,without_young_child,152,18012.0,90985.0,90985.0,0.0
active42,all_structures,annual,57,57,renter,3+,with_young_child,58,6122.0,33160.0,33160.0,0.0
active42,all_structures,annual,57,57,renter,3+,without_young_child,32,3408.0,19432.0,19432.0,0.0
active42,all_structures,annual,58,58,owner,0,without_young_child,12122,1078560.0,6875282.0,6875282.0,1078560.0
active42,all_structures,annual,58,58,owner,1,with_young_child,629,61170.0,426990.0,426990.0,61170.0
active42,all_structures,annual,58,58,owner,1,without_young_child,2768,255139.0,1712243.0,1712243.0,255139.0
active42,all_structures,annual,58,58,owner,2,with_young_child,485,45436.0,328770.0,328770.0,45436.0
active42,all_structures,annual,58,58,owner,2,without_young_child,653,65081.0,452962.0,452962.0,65081.0
active42,all_structures,annual,58,58,owner,3+,with_young_child,208,19358.0,139657.0,139657.0,19358.0
active42,all_structures,annual,58,58,owner,3+,without_young_child,144,12846.0,90719.0,90719.0,12846.0
active42,all_structures,annual,58,58,renter,0,without_young_child,3120,354946.0,1365988.0,1365988.0,0.0
active42,all_structures,annual,58,58,renter,1,with_young_child,115,13656.0,61398.0,61398.0,0.0
active42,all_structures,annual,58,58,renter,1,without_young_child,561,63584.0,283538.0,283538.0,0.0
active42,all_structures,annual,58,58,renter,2,with_young_child,90,9866.0,49609.0,49609.0,0.0
active42,all_structures,annual,58,58,renter,2,without_young_child,98,11728.0,57279.0,57279.0,0.0
active42,all_structures,annual,58,58,renter,3+,with_young_child,58,6109.0,33264.0,33264.0,0.0
active42,all_structures,annual,58,58,renter,3+,without_young_child,37,4287.0,23840.0,23840.0,0.0
active42,all_structures,annual,59,59,owner,0,without_young_child,11209,1006785.0,6421963.0,6421963.0,1006785.0
active42,all_structures,annual,59,59,owner,1,with_young_child,471,42094.0,288274.0,288274.0,42094.0
active42,all_structures,annual,59,59,owner,1,without_young_child,2396,223737.0,1510580.0,1510580.0,223737.0
active42,all_structures,annual,59,59,owner,2,with_young_child,326,29770.0,213072.0,213072.0,29770.0
active42,all_structures,annual,59,59,owner,2,without_young_child,641,58838.0,403205.0,403205.0,58838.0
active42,all_structures,annual,59,59,owner,3+,with_young_child,159,15062.0,108979.0,108979.0,15062.0
active42,all_structures,annual,59,59,owner,3+,without_young_child,111,11425.0,78810.0,78810.0,11425.0
active42,all_structures,annual,59,59,renter,0,without_young_child,2847,326893.0,1258861.0,1258861.0,0.0
active42,all_structures,annual,59,59,renter,1,with_young_child,80,10701.0,50555.0,50555.0,0.0
active42,all_structures,annual,59,59,renter,1,without_young_child,454,52215.0,236690.0,236690.0,0.0
active42,all_structures,annual,59,59,renter,2,with_young_child,60,7532.0,36147.0,36147.0,0.0
active42,all_structures,annual,59,59,renter,2,without_young_child,93,10070.0,50917.0,50917.0,0.0
active42,all_structures,annual,59,59,renter,3+,with_young_child,45,4586.0,24628.0,24628.0,0.0
active42,all_structures,annual,59,59,renter,3+,without_young_child,22,2088.0,10758.0,10758.0,0.0
active42,all_structures,annual,60,60,owner,0,without_young_child,10135,919227.0,5825011.0,5825011.0,919227.0
active42,all_structures,annual,60,60,owner,1,with_young_child,334,30586.0,209723.0,209723.0,30586.0
active42,all_structures,annual,60,60,owner,1,without_young_child,2050,192995.0,1288223.0,1288223.0,192995.0
active42,all_structures,annual,60,60,owner,2,with_young_child,255,24688.0,175848.0,175848.0,24688.0
active42,all_structures,annual,60,60,owner,2,without_young_child,484,46337.0,313195.0,313195.0,46337.0
active42,all_structures,annual,60,60,owner,3+,with_young_child,106,10066.0,68570.0,68570.0,10066.0
active42,all_structures,annual,60,60,owner,3+,without_young_child,94,9708.0,68596.0,68596.0,9708.0
active42,all_structures,annual,60,60,renter,0,without_young_child,2644,298390.0,1143047.0,1143047.0,0.0
active42,all_structures,annual,60,60,renter,1,with_young_child,65,7557.0,33982.0,33982.0,0.0
active42,all_structures,annual,60,60,renter,1,without_young_child,400,46219.0,204607.0,204607.0,0.0
active42,all_structures,annual,60,60,renter,2,with_young_child,38,4460.0,21810.0,21810.0,0.0
active42,all_structures,annual,60,60,renter,2,without_young_child,73,9895.0,51100.0,51100.0,0.0
active42,all_structures,annual,60,60,renter,3+,with_young_child,35,4189.0,21149.0,21149.0,0.0
active42,all_structures,annual,60,60,renter,3+,without_young_child,21,2323.0,12344.0,12344.0,0.0
active42,all_structures,annual,61,61,owner,0,without_young_child,9791,877995.0,5595769.0,5595769.0,877995.0
active42,all_structures,annual,61,61,owner,1,with_young_child,248,22077.0,151679.0,151679.0,22077.0
active42,all_structures,annual,61,61,owner,1,without_young_child,1821,168268.0,1120518.0,1120518.0,168268.0
active42,all_structures,annual,61,61,owner,2,with_young_child,188,17672.0,127382.0,127382.0,17672.0
active42,all_structures,annual,61,61,owner,2,without_young_child,377,35923.0,243465.0,243465.0,35923.0
active42,all_structures,annual,61,61,owner,3+,with_young_child,77,7100.0,49852.0,49852.0,7100.0
active42,all_structures,annual,61,61,owner,3+,without_young_child,67,6078.0,42943.0,42943.0,6078.0
active42,all_structures,annual,61,61,renter,0,without_young_child,2433,265090.0,1002721.0,1002721.0,0.0
active42,all_structures,annual,61,61,renter,1,with_young_child,49,5140.0,24870.0,24870.0,0.0
active42,all_structures,annual,61,61,renter,1,without_young_child,344,39951.0,186193.0,186193.0,0.0
active42,all_structures,annual,61,61,renter,2,with_young_child,36,4119.0,20565.0,20565.0,0.0
active42,all_structures,annual,61,61,renter,2,without_young_child,74,8212.0,41296.0,41296.0,0.0
active42,all_structures,annual,61,61,renter,3+,with_young_child,24,2635.0,14753.0,14753.0,0.0
active42,all_structures,annual,61,61,renter,3+,without_young_child,16,1334.0,7464.0,7464.0,0.0
active42,all_structures,annual,62,62,owner,0,without_young_child,10516,933481.0,5900929.0,5900929.0,933481.0
active42,all_structures,annual,62,62,owner,1,with_young_child,231,22344.0,153080.0,153080.0,22344.0
active42,all_structures,annual,62,62,owner,1,without_young_child,1861,170364.0,1139761.0,1139761.0,170364.0
active42,all_structures,annual,62,62,owner,2,with_young_child,148,13268.0,95187.0,95187.0,13268.0
active42,all_structures,annual,62,62,owner,2,without_young_child,387,37524.0,253332.0,253332.0,37524.0
active42,all_structures,annual,62,62,owner,3+,with_young_child,61,6249.0,45013.0,45013.0,6249.0
active42,all_structures,annual,62,62,owner,3+,without_young_child,82,9505.0,67982.0,67982.0,9505.0
active42,all_structures,annual,62,62,renter,0,without_young_child,2513,288381.0,1096220.0,1096220.0,0.0
active42,all_structures,annual,62,62,renter,1,with_young_child,50,5303.0,24353.0,24353.0,0.0
active42,all_structures,annual,62,62,renter,1,without_young_child,387,45715.0,215962.0,215962.0,0.0
active42,all_structures,annual,62,62,renter,2,with_young_child,22,2241.0,11364.0,11364.0,0.0
active42,all_structures,annual,62,62,renter,2,without_young_child,76,8839.0,44278.0,44278.0,0.0
active42,all_structures,annual,62,62,renter,3+,with_young_child,27,2736.0,14404.0,14404.0,0.0
active42,all_structures,annual,62,62,renter,3+,without_young_child,14,1645.0,7283.0,7283.0,0.0
active42,all_structures,annual,63,63,owner,0,without_young_child,9990,882196.0,5542949.0,5542949.0,882196.0
active42,all_structures,annual,63,63,owner,1,with_young_child,160,14293.0,99973.0,99973.0,14293.0
active42,all_structures,annual,63,63,owner,1,without_young_child,1674,153294.0,1011120.0,1011120.0,153294.0
active42,all_structures,annual,63,63,owner,2,with_young_child,108,9603.0,66645.0,66645.0,9603.0
active42,all_structures,annual,63,63,owner,2,without_young_child,328,30775.0,210803.0,210803.0,30775.0
active42,all_structures,annual,63,63,owner,3+,with_young_child,59,5923.0,41986.0,41986.0,5923.0
active42,all_structures,annual,63,63,owner,3+,without_young_child,66,6452.0,44306.0,44306.0,6452.0
active42,all_structures,annual,63,63,renter,0,without_young_child,2305,250908.0,960248.0,960248.0,0.0
active42,all_structures,annual,63,63,renter,1,with_young_child,31,4019.0,19313.0,19313.0,0.0
active42,all_structures,annual,63,63,renter,1,without_young_child,334,35617.0,163025.0,163025.0,0.0
active42,all_structures,annual,63,63,renter,2,with_young_child,31,3741.0,17268.0,17268.0,0.0
active42,all_structures,annual,63,63,renter,2,without_young_child,71,8664.0,41206.0,41206.0,0.0
active42,all_structures,annual,63,63,renter,3+,with_young_child,21,2129.0,10332.0,10332.0,0.0
active42,all_structures,annual,63,63,renter,3+,without_young_child,4,364.0,1873.0,1873.0,0.0
active42,all_structures,annual,64,64,owner,0,without_young_child,9313,826786.0,5179848.0,5179848.0,826786.0
active42,all_structures,annual,64,64,owner,1,with_young_child,116,11260.0,77021.0,77021.0,11260.0
active42,all_structures,annual,64,64,owner,1,without_young_child,1541,136994.0,902439.0,902439.0,136994.0
active42,all_structures,annual,64,64,owner,2,with_young_child,75,6878.0,47922.0,47922.0,6878.0
active42,all_structures,annual,64,64,owner,2,without_young_child,272,24041.0,155506.0,155506.0,24041.0
active42,all_structures,annual,64,64,owner,3+,with_young_child,35,3652.0,27447.0,27447.0,3652.0
active42,all_structures,annual,64,64,owner,3+,without_young_child,52,5086.0,36755.0,36755.0,5086.0
active42,all_structures,annual,64,64,renter,0,without_young_child,2119,232462.0,871798.0,871798.0,0.0
active42,all_structures,annual,64,64,renter,1,with_young_child,37,3998.0,16482.0,16482.0,0.0
active42,all_structures,annual,64,64,renter,1,without_young_child,304,33633.0,154504.0,154504.0,0.0
active42,all_structures,annual,64,64,renter,2,with_young_child,20,2762.0,13289.0,13289.0,0.0
active42,all_structures,annual,64,64,renter,2,without_young_child,57,6437.0,31847.0,31847.0,0.0
active42,all_structures,annual,64,64,renter,3+,with_young_child,11,1097.0,6040.0,6040.0,0.0
active42,all_structures,annual,64,64,renter,3+,without_young_child,10,1107.0,6763.0,6763.0,0.0
active42,all_structures,annual,65,65,owner,0,without_young_child,8888,764544.0,4699572.0,4699572.0,764544.0
active42,all_structures,annual,65,65,owner,1,with_young_child,80,7023.0,47776.0,47776.0,7023.0
active42,all_structures,annual,65,65,owner,1,without_young_child,1473,133449.0,873509.0,873509.0,133449.0
active42,all_structures,annual,65,65,owner,2,with_young_child,53,4744.0,32128.0,32128.0,4744.0
active42,all_structures,annual,65,65,owner,2,without_young_child,265,24226.0,165465.0,165465.0,24226.0
active42,all_structures,annual,65,65,owner,3+,with_young_child,25,2715.0,19853.0,19853.0,2715.0
active42,all_structures,annual,65,65,owner,3+,without_young_child,60,5621.0,36688.0,36688.0,5621.0
active42,all_structures,annual,65,65,renter,0,without_young_child,2235,246579.0,905076.0,905076.0,0.0
active42,all_structures,annual,65,65,renter,1,with_young_child,11,1119.0,4452.0,4452.0,0.0
active42,all_structures,annual,65,65,renter,1,without_young_child,296,33770.0,155723.0,155723.0,0.0
active42,all_structures,annual,65,65,renter,2,with_young_child,9,1408.0,7066.0,7066.0,0.0
active42,all_structures,annual,65,65,renter,2,without_young_child,46,4751.0,23608.0,23608.0,0.0
active42,all_structures,annual,65,65,renter,3+,with_young_child,6,625.0,2223.0,2223.0,0.0
active42,all_structures,annual,65,65,renter,3+,without_young_child,10,915.0,4609.0,4609.0,0.0
active42,all_structures,annual,66,66,owner,0,without_young_child,8322,710886.0,4428387.0,4428387.0,710886.0
active42,all_structures,annual,66,66,owner,1,with_young_child,59,4624.0,32839.0,32839.0,4624.0
active42,all_structures,annual,66,66,owner,1,without_young_child,1288,117017.0,759671.0,759671.0,117017.0
active42,all_structures,annual,66,66,owner,2,with_young_child,46,4282.0,30898.0,30898.0,4282.0
active42,all_structures,annual,66,66,owner,2,without_young_child,201,18078.0,121451.0,121451.0,18078.0
active42,all_structures,annual,66,66,owner,3+,with_young_child,15,1139.0,8175.0,8175.0,1139.0
active42,all_structures,annual,66,66,owner,3+,without_young_child,49,4610.0,31811.0,31811.0,4610.0
active42,all_structures,annual,66,66,renter,0,without_young_child,1988,207089.0,762180.0,762180.0,0.0
active42,all_structures,annual,66,66,renter,1,with_young_child,18,1591.0,6901.0,6901.0,0.0
active42,all_structures,annual,66,66,renter,1,without_young_child,239,28253.0,127027.0,127027.0,0.0
active42,all_structures,annual,66,66,renter,2,with_young_child,11,1180.0,5496.0,5496.0,0.0
active42,all_structures,annual,66,66,renter,2,without_young_child,33,3215.0,15963.0,15963.0,0.0
active42,all_structures,annual,66,66,renter,3+,with_young_child,10,1305.0,6713.0,6713.0,0.0
active42,all_structures,annual,66,66,renter,3+,without_young_child,4,391.0,2135.0,2135.0,0.0
active42,all_structures,annual,67,67,owner,0,without_young_child,8412,732691.0,4529306.0,4529306.0,732691.0
active42,all_structures,annual,67,67,owner,1,with_young_child,65,5266.0,37892.0,37892.0,5266.0
active42,all_structures,annual,67,67,owner,1,without_young_child,1301,116601.0,759923.0,759923.0,116601.0
active42,all_structures,annual,67,67,owner,2,with_young_child,41,4040.0,28023.0,28023.0,4040.0
active42,all_structures,annual,67,67,owner,2,without_young_child,198,18515.0,120691.0,120691.0,18515.0
active42,all_structures,annual,67,67,owner,3+,with_young_child,13,1079.0,6342.0,6342.0,1079.0
active42,all_structures,annual,67,67,owner,3+,without_young_child,44,3732.0,24996.0,24996.0,3732.0
active42,all_structures,annual,67,67,renter,0,without_young_child,2028,219064.0,814616.0,814616.0,0.0
active42,all_structures,annual,67,67,renter,1,with_young_child,10,1044.0,4212.0,4212.0,0.0
active42,all_structures,annual,67,67,renter,1,without_young_child,235,26265.0,123617.0,123617.0,0.0
active42,all_structures,annual,67,67,renter,2,with_young_child,9,1610.0,7830.0,7830.0,0.0
active42,all_structures,annual,67,67,renter,2,without_young_child,31,2994.0,15188.0,15188.0,0.0
active42,all_structures,annual,67,67,renter,3+,with_young_child,5,462.0,2601.0,2601.0,0.0
active42,all_structures,annual,67,67,renter,3+,without_young_child,8,738.0,3837.0,3837.0,0.0
active42,all_structures,annual,68,68,owner,0,without_young_child,7854,678167.0,4183760.0,4183760.0,678167.0
active42,all_structures,annual,68,68,owner,1,with_young_child,52,4664.0,30018.0,30018.0,4664.0
active42,all_structures,annual,68,68,owner,1,without_young_child,1207,109200.0,706831.0,706831.0,109200.0
active42,all_structures,annual,68,68,owner,2,with_young_child,37,3234.0,22960.0,22960.0,3234.0
active42,all_structures,annual,68,68,owner,2,without_young_child,208,18899.0,129340.0,129340.0,18899.0
active42,all_structures,annual,68,68,owner,3+,with_young_child,13,1192.0,7918.0,7918.0,1192.0
active42,all_structures,annual,68,68,owner,3+,without_young_child,32,2957.0,19855.0,19855.0,2957.0
active42,all_structures,annual,68,68,renter,0,without_young_child,1812,189440.0,700893.0,700893.0,0.0
active42,all_structures,annual,68,68,renter,1,with_young_child,11,929.0,3990.0,3990.0,0.0
active42,all_structures,annual,68,68,renter,1,without_young_child,211,24215.0,109580.0,109580.0,0.0
active42,all_structures,annual,68,68,renter,2,with_young_child,6,788.0,4312.0,4312.0,0.0
active42,all_structures,annual,68,68,renter,2,without_young_child,40,4451.0,21598.0,21598.0,0.0
active42,all_structures,annual,68,68,renter,3+,with_young_child,7,727.0,4507.0,4507.0,0.0
active42,all_structures,annual,68,68,renter,3+,without_young_child,10,1459.0,8358.0,8358.0,0.0
active42,all_structures,annual,69,69,owner,0,without_young_child,7576,644169.0,3922939.0,3922939.0,644169.0
active42,all_structures,annual,69,69,owner,1,with_young_child,39,3045.0,21216.0,21216.0,3045.0
active42,all_structures,annual,69,69,owner,1,without_young_child,1109,99784.0,631139.0,631139.0,99784.0
active42,all_structures,annual,69,69,owner,2,with_young_child,32,2485.0,18661.0,18661.0,2485.0
active42,all_structures,annual,69,69,owner,2,without_young_child,184,17649.0,116964.0,116964.0,17649.0
active42,all_structures,annual,69,69,owner,3+,with_young_child,17,1205.0,8086.0,8086.0,1205.0
active42,all_structures,annual,69,69,owner,3+,without_young_child,27,2640.0,17235.0,17235.0,2640.0
active42,all_structures,annual,69,69,renter,0,without_young_child,1803,190481.0,695958.0,695958.0,0.0
active42,all_structures,annual,69,69,renter,1,with_young_child,8,571.0,2274.0,2274.0,0.0
active42,all_structures,annual,69,69,renter,1,without_young_child,191,20292.0,95155.0,95155.0,0.0
active42,all_structures,annual,69,69,renter,2,with_young_child,4,532.0,2026.0,2026.0,0.0
active42,all_structures,annual,69,69,renter,2,without_young_child,29,3232.0,17376.0,17376.0,0.0
active42,all_structures,annual,69,69,renter,3+,with_young_child,1,65.0,520.0,520.0,0.0
active42,all_structures,annual,69,69,renter,3+,without_young_child,5,566.0,3133.0,3133.0,0.0
active42,all_structures,annual,70,70,owner,0,without_young_child,7623,653517.0,3962999.0,3962999.0,653517.0
active42,all_structures,annual,70,70,owner,1,with_young_child,21,1740.0,10432.0,10432.0,1740.0
active42,all_structures,annual,70,70,owner,1,without_young_child,1144,102106.0,649628.0,649628.0,102106.0
active42,all_structures,annual,70,70,owner,2,with_young_child,21,1859.0,13212.0,13212.0,1859.0
active42,all_structures,annual,70,70,owner,2,without_young_child,205,19123.0,125632.0,125632.0,19123.0
active42,all_structures,annual,70,70,owner,3+,with_young_child,10,1144.0,7591.0,7591.0,1144.0
active42,all_structures,annual,70,70,owner,3+,without_young_child,36,3642.0,23885.0,23885.0,3642.0
active42,all_structures,annual,70,70,renter,0,without_young_child,1857,202555.0,739546.0,739546.0,0.0
active42,all_structures,annual,70,70,renter,1,with_young_child,7,659.0,2691.0,2691.0,0.0
active42,all_structures,annual,70,70,renter,1,without_young_child,190,20617.0,96716.0,96716.0,0.0
active42,all_structures,annual,70,70,renter,2,with_young_child,5,608.0,2708.0,2708.0,0.0
active42,all_structures,annual,70,70,renter,2,without_young_child,30,3044.0,15799.0,15799.0,0.0
active42,all_structures,annual,70,70,renter,3+,with_young_child,2,136.0,728.0,728.0,0.0
active42,all_structures,annual,70,70,renter,3+,without_young_child,9,801.0,3899.0,3899.0,0.0
active42,all_structures,annual,71,71,owner,0,without_young_child,7080,610324.0,3701428.0,3701428.0,610324.0
active42,all_structures,annual,71,71,owner,1,with_young_child,22,2560.0,15314.0,15314.0,2560.0
active42,all_structures,annual,71,71,owner,1,without_young_child,1051,91484.0,580852.0,580852.0,91484.0
active42,all_structures,annual,71,71,owner,2,with_young_child,14,1535.0,8510.0,8510.0,1535.0
active42,all_structures,annual,71,71,owner,2,without_young_child,149,15175.0,103687.0,103687.0,15175.0
active42,all_structures,annual,71,71,owner,3+,with_young_child,7,712.0,5725.0,5725.0,712.0
active42,all_structures,annual,71,71,owner,3+,without_young_child,28,2404.0,15892.0,15892.0,2404.0
active42,all_structures,annual,71,71,renter,0,without_young_child,1716,176912.0,627387.0,627387.0,0.0
active42,all_structures,annual,71,71,renter,1,with_young_child,3,214.0,1126.0,1126.0,0.0
active42,all_structures,annual,71,71,renter,1,without_young_child,153,15720.0,75295.0,75295.0,0.0
active42,all_structures,annual,71,71,renter,2,with_young_child,3,262.0,1267.0,1267.0,0.0
active42,all_structures,annual,71,71,renter,2,without_young_child,30,4144.0,19675.0,19675.0,0.0
active42,all_structures,annual,71,71,renter,3+,with_young_child,3,299.0,1793.0,1793.0,0.0
active42,all_structures,annual,71,71,renter,3+,without_young_child,13,1183.0,5776.0,5776.0,0.0
active42,all_structures,annual,72,72,owner,0,without_young_child,7024,595880.0,3583551.0,3583551.0,595880.0
active42,all_structures,annual,72,72,owner,1,with_young_child,13,1031.0,6442.0,6442.0,1031.0
active42,all_structures,annual,72,72,owner,1,without_young_child,1087,95921.0,610729.0,610729.0,95921.0
active42,all_structures,annual,72,72,owner,2,with_young_child,17,1266.0,8085.0,8085.0,1266.0
active42,all_structures,annual,72,72,owner,2,without_young_child,128,13222.0,88280.0,88280.0,13222.0
active42,all_structures,annual,72,72,owner,3+,with_young_child,5,495.0,2489.0,2489.0,495.0
active42,all_structures,annual,72,72,owner,3+,without_young_child,35,2998.0,19289.0,19289.0,2998.0
active42,all_structures,annual,72,72,renter,0,without_young_child,1779,185865.0,675521.0,675521.0,0.0
active42,all_structures,annual,72,72,renter,1,with_young_child,5,427.0,2097.0,2097.0,0.0
active42,all_structures,annual,72,72,renter,1,without_young_child,178,18739.0,85740.0,85740.0,0.0
active42,all_structures,annual,72,72,renter,2,with_young_child,2,252.0,1260.0,1260.0,0.0
active42,all_structures,annual,72,72,renter,2,without_young_child,27,3145.0,15691.0,15691.0,0.0
active42,all_structures,annual,72,72,renter,3+,with_young_child,3,433.0,835.0,835.0,0.0
active42,all_structures,annual,72,72,renter,3+,without_young_child,6,818.0,4150.0,4150.0,0.0
active42,all_structures,annual,73,73,owner,0,without_young_child,6911,585311.0,3510302.0,3510302.0,585311.0
active42,all_structures,annual,73,73,owner,1,with_young_child,14,1504.0,10283.0,10283.0,1504.0
active42,all_structures,annual,73,73,owner,1,without_young_child,982,86293.0,551495.0,551495.0,86293.0
active42,all_structures,annual,73,73,owner,2,with_young_child,6,402.0,3105.0,3105.0,402.0
active42,all_structures,annual,73,73,owner,2,without_young_child,145,12987.0,84189.0,84189.0,12987.0
active42,all_structures,annual,73,73,owner,3+,with_young_child,3,225.0,1251.0,1251.0,225.0
active42,all_structures,annual,73,73,owner,3+,without_young_child,17,2466.0,15240.0,15240.0,2466.0
active42,all_structures,annual,73,73,renter,0,without_young_child,1760,181581.0,647608.0,647608.0,0.0
active42,all_structures,annual,73,73,renter,1,with_young_child,5,407.0,2011.0,2011.0,0.0
active42,all_structures,annual,73,73,renter,1,without_young_child,164,19056.0,90349.0,90349.0,0.0
active42,all_structures,annual,73,73,renter,2,with_young_child,3,437.0,1733.0,1733.0,0.0
active42,all_structures,annual,73,73,renter,2,without_young_child,27,3642.0,19017.0,19017.0,0.0
active42,all_structures,annual,73,73,renter,3+,with_young_child,4,1272.0,5963.0,5963.0,0.0
active42,all_structures,annual,73,73,renter,3+,without_young_child,4,479.0,2234.0,2234.0,0.0
active42,all_structures,annual,74,74,owner,0,without_young_child,6904,584484.0,3494101.0,3494101.0,584484.0
active42,all_structures,annual,74,74,owner,1,with_young_child,8,818.0,5614.0,5614.0,818.0
active42,all_structures,annual,74,74,owner,1,without_young_child,966,84386.0,539197.0,539197.0,84386.0
active42,all_structures,annual,74,74,owner,2,with_young_child,11,800.0,5030.0,5030.0,800.0
active42,all_structures,annual,74,74,owner,2,without_young_child,141,12835.0,88132.0,88132.0,12835.0
active42,all_structures,annual,74,74,owner,3+,with_young_child,3,273.0,1833.0,1833.0,273.0
active42,all_structures,annual,74,74,owner,3+,without_young_child,32,2692.0,17433.0,17433.0,2692.0
active42,all_structures,annual,74,74,renter,0,without_young_child,1696,182088.0,646838.0,646838.0,0.0
active42,all_structures,annual,74,74,renter,1,with_young_child,3,231.0,1194.0,1194.0,0.0
active42,all_structures,annual,74,74,renter,1,without_young_child,163,17092.0,78669.0,78669.0,0.0
active42,all_structures,annual,74,74,renter,2,with_young_child,2,204.0,1356.0,1356.0,0.0
active42,all_structures,annual,74,74,renter,2,without_young_child,23,2206.0,11771.0,11771.0,0.0
active42,all_structures,annual,74,74,renter,3+,with_young_child,2,331.0,1255.0,1255.0,0.0
active42,all_structures,annual,74,74,renter,3+,without_young_child,4,586.0,3513.0,3513.0,0.0
active42,all_structures,annual,75,75,owner,0,without_young_child,6825,568790.0,3362177.0,3362177.0,568790.0
active42,all_structures,annual,75,75,owner,1,with_young_child,11,1030.0,6336.0,6336.0,1030.0
active42,all_structures,annual,75,75,owner,1,without_young_child,963,83232.0,524170.0,524170.0,83232.0
active42,all_structures,annual,75,75,owner,2,with_young_child,7,623.0,4835.0,4835.0,623.0
active42,all_structures,annual,75,75,owner,2,without_young_child,154,13274.0,89142.0,89142.0,13274.0
active42,all_structures,annual,75,75,owner,3+,with_young_child,4,294.0,1924.0,1924.0,294.0
active42,all_structures,annual,75,75,owner,3+,without_young_child,22,1854.0,12355.0,12355.0,1854.0
active42,all_structures,annual,75,75,renter,0,without_young_child,1678,176501.0,618848.0,618848.0,0.0
active42,all_structures,annual,75,75,renter,1,with_young_child,4,772.0,3389.0,3389.0,0.0
active42,all_structures,annual,75,75,renter,1,without_young_child,150,17443.0,83328.0,83328.0,0.0
active42,all_structures,annual,75,75,renter,2,without_young_child,17,2037.0,10027.0,10027.0,0.0
active42,all_structures,annual,75,75,renter,3+,with_young_child,1,157.0,942.0,942.0,0.0
active42,all_structures,annual,75,75,renter,3+,without_young_child,5,797.0,4471.0,4471.0,0.0
active42,all_structures,annual,76,76,owner,0,without_young_child,6679,566530.0,3335941.0,3335941.0,566530.0
active42,all_structures,annual,76,76,owner,1,with_young_child,10,906.0,5417.0,5417.0,906.0
active42,all_structures,annual,76,76,owner,1,without_young_child,924,80015.0,512258.0,512258.0,80015.0
active42,all_structures,annual,76,76,owner,2,with_young_child,8,594.0,4150.0,4150.0,594.0
active42,all_structures,annual,76,76,owner,2,without_young_child,128,12163.0,82968.0,82968.0,12163.0
active42,all_structures,annual,76,76,owner,3+,with_young_child,7,568.0,3523.0,3523.0,568.0
active42,all_structures,annual,76,76,owner,3+,without_young_child,22,2048.0,14462.0,14462.0,2048.0
active42,all_structures,annual,76,76,renter,0,without_young_child,1677,176107.0,626117.0,626117.0,0.0
active42,all_structures,annual,76,76,renter,1,with_young_child,3,546.0,2384.0,2384.0,0.0
active42,all_structures,annual,76,76,renter,1,without_young_child,126,14435.0,67158.0,67158.0,0.0
active42,all_structures,annual,76,76,renter,2,with_young_child,1,266.0,798.0,798.0,0.0
active42,all_structures,annual,76,76,renter,2,without_young_child,12,1134.0,6794.0,6794.0,0.0
active42,all_structures,annual,76,76,renter,3+,without_young_child,3,1026.0,5187.0,5187.0,0.0
active42,all_structures,annual,77,77,owner,0,without_young_child,6617,558308.0,3267205.0,3267205.0,558308.0
active42,all_structures,annual,77,77,owner,1,with_young_child,5,568.0,3294.0,3294.0,568.0
active42,all_structures,annual,77,77,owner,1,without_young_child,925,80160.0,503545.0,503545.0,80160.0
active42,all_structures,annual,77,77,owner,2,with_young_child,3,278.0,1956.0,1956.0,278.0
active42,all_structures,annual,77,77,owner,2,without_young_child,121,10511.0,69945.0,69945.0,10511.0
active42,all_structures,annual,77,77,owner,3+,with_young_child,5,501.0,3563.0,3563.0,501.0
active42,all_structures,annual,77,77,owner,3+,without_young_child,21,1865.0,12643.0,12643.0,1865.0
active42,all_structures,annual,77,77,renter,0,without_young_child,1715,174309.0,615834.0,615834.0,0.0
active42,all_structures,annual,77,77,renter,1,with_young_child,3,223.0,1441.0,1441.0,0.0
active42,all_structures,annual,77,77,renter,1,without_young_child,127,14366.0,67634.0,67634.0,0.0
active42,all_structures,annual,77,77,renter,2,with_young_child,3,260.0,1472.0,1472.0,0.0
active42,all_structures,annual,77,77,renter,2,without_young_child,19,1971.0,9963.0,9963.0,0.0
active42,all_structures,annual,77,77,renter,3+,without_young_child,4,350.0,1877.0,1877.0,0.0
active42,all_structures,annual,78,78,owner,0,without_young_child,6280,533984.0,3094884.0,3094884.0,533984.0
active42,all_structures,annual,78,78,owner,1,with_young_child,2,182.0,1098.0,1098.0,182.0
active42,all_structures,annual,78,78,owner,1,without_young_child,862,73600.0,459400.0,459400.0,73600.0
active42,all_structures,annual,78,78,owner,2,with_young_child,6,698.0,4592.0,4592.0,698.0
active42,all_structures,annual,78,78,owner,2,without_young_child,97,7727.0,50731.0,50731.0,7727.0
active42,all_structures,annual,78,78,owner,3+,with_young_child,4,599.0,2936.0,2936.0,599.0
active42,all_structures,annual,78,78,owner,3+,without_young_child,29,2508.0,15943.0,15943.0,2508.0
active42,all_structures,annual,78,78,renter,0,without_young_child,1669,172517.0,609632.0,609632.0,0.0
active42,all_structures,annual,78,78,renter,1,without_young_child,148,16960.0,74628.0,74628.0,0.0
active42,all_structures,annual,78,78,renter,2,without_young_child,18,2126.0,10285.0,10285.0,0.0
active42,all_structures,annual,78,78,renter,3+,with_young_child,1,81.0,486.0,486.0,0.0
active42,all_structures,annual,78,78,renter,3+,without_young_child,1,94.0,470.0,470.0,0.0
active42,all_structures,annual,79,79,owner,0,without_young_child,6035,513506.0,2961671.0,2961671.0,513506.0
active42,all_structures,annual,79,79,owner,1,with_young_child,4,301.0,1956.0,1956.0,301.0
active42,all_structures,annual,79,79,owner,1,without_young_child,797,68886.0,431796.0,431796.0,68886.0
active42,all_structures,annual,79,79,owner,2,with_young_child,2,147.0,843.0,843.0,147.0
active42,all_structures,annual,79,79,owner,2,without_young_child,96,8379.0,54206.0,54206.0,8379.0
active42,all_structures,annual,79,79,owner,3+,with_young_child,1,115.0,805.0,805.0,115.0
active42,all_structures,annual,79,79,owner,3+,without_young_child,12,993.0,6910.0,6910.0,993.0
active42,all_structures,annual,79,79,renter,0,without_young_child,1740,175683.0,625555.0,625555.0,0.0
active42,all_structures,annual,79,79,renter,1,with_young_child,1,90.0,810.0,810.0,0.0
active42,all_structures,annual,79,79,renter,1,without_young_child,114,11571.0,53613.0,53613.0,0.0
active42,all_structures,annual,79,79,renter,2,with_young_child,1,67.0,335.0,335.0,0.0
active42,all_structures,annual,79,79,renter,2,without_young_child,21,2350.0,11887.0,11887.0,0.0
active42,all_structures,annual,79,79,renter,3+,with_young_child,2,167.0,844.0,844.0,0.0
active42,all_structures,annual,79,79,renter,3+,without_young_child,1,217.0,651.0,651.0,0.0
active42,all_structures,annual,80,80,owner,0,without_young_child,5683,476708.0,2764589.0,2764589.0,476708.0
active42,all_structures,annual,80,80,owner,1,with_young_child,2,147.0,735.0,735.0,147.0
active42,all_structures,annual,80,80,owner,1,without_young_child,752,66897.0,413226.0,413226.0,66897.0
active42,all_structures,annual,80,80,owner,2,with_young_child,1,90.0,450.0,450.0,90.0
active42,all_structures,annual,80,80,owner,2,without_young_child,90,7900.0,53171.0,53171.0,7900.0
active42,all_structures,annual,80,80,owner,3+,with_young_child,1,59.0,413.0,413.0,59.0
active42,all_structures,annual,80,80,owner,3+,without_young_child,18,1556.0,10428.0,10428.0,1556.0
active42,all_structures,annual,80,80,renter,0,without_young_child,1755,182725.0,637177.0,637177.0,0.0
active42,all_structures,annual,80,80,renter,1,without_young_child,107,10440.0,46980.0,46980.0,0.0
active42,all_structures,annual,80,80,renter,2,without_young_child,12,1122.0,5270.0,5270.0,0.0
active42,all_structures,annual,80,80,renter,3+,with_young_child,1,158.0,1106.0,1106.0,0.0
active42,all_structures,annual,80,80,renter,3+,without_young_child,2,133.0,869.0,869.0,0.0
active42,all_structures,annual,81,81,owner,0,without_young_child,5316,444710.0,2555592.0,2555592.0,444710.0
active42,all_structures,annual,81,81,owner,1,without_young_child,685,58187.0,360674.0,360674.0,58187.0
active42,all_structures,annual,81,81,owner,2,with_young_child,4,904.0,6760.0,6760.0,904.0
active42,all_structures,annual,81,81,owner,2,without_young_child,95,7709.0,52590.0,52590.0,7709.0
active42,all_structures,annual,81,81,owner,3+,with_young_child,2,286.0,2114.0,2114.0,286.0
active42,all_structures,annual,81,81,owner,3+,without_young_child,12,1103.0,7390.0,7390.0,1103.0
active42,all_structures,annual,81,81,renter,0,without_young_child,1637,161762.0,562412.0,562412.0,0.0
active42,all_structures,annual,81,81,renter,1,with_young_child,1,69.0,276.0,276.0,0.0
active42,all_structures,annual,81,81,renter,1,without_young_child,99,8922.0,40453.0,40453.0,0.0
active42,all_structures,annual,81,81,renter,2,with_young_child,1,171.0,855.0,855.0,0.0
active42,all_structures,annual,81,81,renter,2,without_young_child,6,702.0,3590.0,3590.0,0.0
active42,all_structures,annual,82,82,owner,0,without_young_child,4717,397044.0,2274063.0,2274063.0,397044.0
active42,all_structures,annual,82,82,owner,1,with_young_child,3,166.0,1042.0,1042.0,166.0
active42,all_structures,annual,82,82,owner,1,without_young_child,683,57596.0,367225.0,367225.0,57596.0
active42,all_structures,annual,82,82,owner,2,with_young_child,2,261.0,2065.0,2065.0,261.0
active42,all_structures,annual,82,82,owner,2,without_young_child,72,6350.0,42384.0,42384.0,6350.0
active42,all_structures,annual,82,82,owner,3+,with_young_child,1,161.0,1288.0,1288.0,161.0
active42,all_structures,annual,82,82,owner,3+,without_young_child,14,1220.0,8494.0,8494.0,1220.0
active42,all_structures,annual,82,82,renter,0,without_young_child,1663,173617.0,613188.0,613188.0,0.0
active42,all_structures,annual,82,82,renter,1,without_young_child,97,10429.0,48293.0,48293.0,0.0
active42,all_structures,annual,82,82,renter,2,with_young_child,1,233.0,1398.0,1398.0,0.0
active42,all_structures,annual,82,82,renter,2,without_young_child,11,855.0,4769.0,4769.0,0.0
active42,all_structures,annual,82,82,renter,3+,without_young_child,3,229.0,1317.0,1317.0,0.0
active42,all_structures,annual,83,83,owner,0,without_young_child,4457,374790.0,2122829.0,2122829.0,374790.0
active42,all_structures,annual,83,83,owner,1,with_young_child,2,147.0,1087.0,1087.0,147.0
active42,all_structures,annual,83,83,owner,1,without_young_child,578,48800.0,302428.0,302428.0,48800.0
active42,all_structures,annual,83,83,owner,2,without_young_child,65,6163.0,42342.0,42342.0,6163.0
active42,all_structures,annual,83,83,owner,3+,without_young_child,9,1197.0,8911.0,8911.0,1197.0
active42,all_structures,annual,83,83,renter,0,without_young_child,1478,146863.0,506775.0,506775.0,0.0
active42,all_structures,annual,83,83,renter,1,with_young_child,1,78.0,78.0,78.0,0.0
active42,all_structures,annual,83,83,renter,1,without_young_child,79,8388.0,38004.0,38004.0,0.0
active42,all_structures,annual,83,83,renter,2,with_young_child,1,83.0,249.0,249.0,0.0
active42,all_structures,annual,83,83,renter,2,without_young_child,4,303.0,1524.0,1524.0,0.0
active42,all_structures,annual,83,83,renter,3+,without_young_child,1,71.0,497.0,497.0,0.0
active42,all_structures,annual,84,84,owner,0,without_young_child,3934,329699.0,1860693.0,1860693.0,329699.0
active42,all_structures,annual,84,84,owner,1,without_young_child,529,47017.0,296101.0,296101.0,47017.0
active42,all_structures,annual,84,84,owner,2,with_young_child,1,70.0,490.0,490.0,70.0
active42,all_structures,annual,84,84,owner,2,without_young_child,57,4797.0,32664.0,32664.0,4797.0
active42,all_structures,annual,84,84,owner,3+,with_young_child,1,242.0,1452.0,1452.0,242.0
active42,all_structures,annual,84,84,owner,3+,without_young_child,8,604.0,4181.0,4181.0,604.0
active42,all_structures,annual,84,84,renter,0,without_young_child,1522,151432.0,529986.0,529986.0,0.0
active42,all_structures,annual,84,84,renter,1,without_young_child,85,10124.0,45557.0,45557.0,0.0
active42,all_structures,annual,84,84,renter,2,with_young_child,1,195.0,975.0,975.0,0.0
active42,all_structures,annual,84,84,renter,2,without_young_child,11,1155.0,6221.0,6221.0,0.0
active42,all_structures,annual,84,84,renter,3+,without_young_child,2,156.0,780.0,780.0,0.0
active42,all_structures,annual,85,85,owner,0,without_young_child,3449,292094.0,1639164.0,1639164.0,292094.0
active42,all_structures,annual,85,85,owner,1,without_young_child,425,35440.0,221162.0,221162.0,35440.0
active42,all_structures,annual,85,85,owner,2,without_young_child,40,4047.0,27776.0,27776.0,4047.0
active42,all_structures,annual,85,85,owner,3+,without_young_child,6,455.0,3217.0,3217.0,455.0
active42,all_structures,annual,85,85,renter,0,without_young_child,1416,140345.0,494559.0,494559.0,0.0
active42,all_structures,annual,85,85,renter,1,with_young_child,1,70.0,280.0,280.0,0.0
active42,all_structures,annual,85,85,renter,1,without_young_child,64,6718.0,29293.0,29293.0,0.0
active42,all_structures,annual,85,85,renter,2,without_young_child,5,335.0,1554.0,1554.0,0.0
active42,all_structures,four_year,18,21,owner,0,without_young_child,1068,121182.0,661582.0,661582.0,121182.0
active42,all_structures,four_year,18,21,owner,1,with_young_child,215,22854.0,127128.0,127128.0,22854.0
active42,all_structures,four_year,18,21,owner,2,with_young_child,70,7331.0,40607.0,40607.0,7331.0
active42,all_structures,four_year,18,21,owner,3+,with_young_child,18,3740.0,22628.0,22628.0,3740.0
active42,all_structures,four_year,18,21,renter,0,without_young_child,7766,1052422.0,4029183.0,4029183.0,0.0
active42,all_structures,four_year,18,21,renter,1,with_young_child,1498,218483.0,884235.0,884235.0,0.0
active42,all_structures,four_year,18,21,renter,2,with_young_child,496,71789.0,302586.0,302586.0,0.0
active42,all_structures,four_year,18,21,renter,3+,with_young_child,131,20189.0,92005.0,92005.0,0.0
active42,all_structures,four_year,22,25,owner,0,without_young_child,6276,653227.0,3523850.0,3523850.0,653227.0
active42,all_structures,four_year,22,25,owner,1,with_young_child,1584,167723.0,944591.0,944591.0,167723.0
active42,all_structures,four_year,22,25,owner,2,with_young_child,864,97643.0,566909.0,566909.0,97643.0
active42,all_structures,four_year,22,25,owner,3+,with_young_child,267,30350.0,183328.0,183328.0,30350.0
active42,all_structures,four_year,22,25,renter,0,without_young_child,21229,2638243.0,9766543.0,9766543.0,0.0
active42,all_structures,four_year,22,25,renter,1,with_young_child,4070,580515.0,2400315.0,2400315.0,0.0
active42,all_structures,four_year,22,25,renter,2,with_young_child,2321,340141.0,1516566.0,1516566.0,0.0
active42,all_structures,four_year,22,25,renter,3+,with_young_child,979,146233.0,700428.0,700428.0,0.0
active42,all_structures,four_year,26,29,owner,0,without_young_child,14009,1377180.0,7715566.0,7715566.0,1377180.0
active42,all_structures,four_year,26,29,owner,1,with_young_child,5061,521711.0,3181398.0,3181398.0,521711.0
active42,all_structures,four_year,26,29,owner,1,without_young_child,2,293.0,1586.0,1586.0,293.0
active42,all_structures,four_year,26,29,owner,2,with_young_child,3678,404116.0,2507243.0,2507243.0,404116.0
active42,all_structures,four_year,26,29,owner,3+,with_young_child,1576,188356.0,1197060.0,1197060.0,188356.0
active42,all_structures,four_year,26,29,renter,0,without_young_child,20881,2562368.0,9393407.0,9393407.0,0.0
active42,all_structures,four_year,26,29,renter,1,with_young_child,5132,718404.0,3038285.0,3038285.0,0.0
active42,all_structures,four_year,26,29,renter,1,without_young_child,1,29.0,145.0,145.0,0.0
active42,all_structures,four_year,26,29,renter,2,with_young_child,4032,571392.0,2630555.0,2630555.0,0.0
active42,all_structures,four_year,26,29,renter,3+,with_young_child,2656,404093.0,2044130.0,2044130.0,0.0
active42,all_structures,four_year,30,33,owner,0,without_young_child,15019,1590993.0,8963429.0,8963429.0,1590993.0
active42,all_structures,four_year,30,33,owner,1,with_young_child,8911,896282.0,5674255.0,5674255.0,896282.0
active42,all_structures,four_year,30,33,owner,1,without_young_child,12,1377.0,8311.0,8311.0,1377.0
active42,all_structures,four_year,30,33,owner,2,with_young_child,9012,920199.0,6060790.0,6060790.0,920199.0
active42,all_structures,four_year,30,33,owner,2,without_young_child,1,83.0,498.0,498.0,83.0
active42,all_structures,four_year,30,33,owner,3+,with_young_child,4313,471454.0,3138044.0,3138044.0,471454.0
active42,all_structures,four_year,30,33,renter,0,without_young_child,15754,2173137.0,7878461.0,7878461.0,0.0
active42,all_structures,four_year,30,33,renter,1,with_young_child,5042,681513.0,2908923.0,2908923.0,0.0
active42,all_structures,four_year,30,33,renter,1,without_young_child,23,3306.0,15813.0,15813.0,0.0
active42,all_structures,four_year,30,33,renter,2,with_young_child,4687,648429.0,3013564.0,3013564.0,0.0
active42,all_structures,four_year,30,33,renter,2,without_young_child,1,165.0,825.0,825.0,0.0
active42,all_structures,four_year,30,33,renter,3+,with_young_child,3635,519132.0,2659622.0,2659622.0,0.0
active42,all_structures,four_year,34,37,owner,0,without_young_child,15310,1619615.0,9295898.0,9295898.0,1619615.0
active42,all_structures,four_year,34,37,owner,1,with_young_child,10437,1057264.0,6800973.0,6800973.0,1057264.0
active42,all_structures,four_year,34,37,owner,1,without_young_child,211,23711.0,145962.0,145962.0,23711.0
active42,all_structures,four_year,34,37,owner,2,with_young_child,16907,1678867.0,11482574.0,11482574.0,1678867.0
active42,all_structures,four_year,34,37,owner,2,without_young_child,24,2761.0,18450.0,18450.0,2761.0
active42,all_structures,four_year,34,37,owner,3+,with_young_child,9291,974412.0,6819586.0,6819586.0,974412.0
active42,all_structures,four_year,34,37,owner,3+,without_young_child,2,70.0,473.0,473.0,70.0
active42,all_structures,four_year,34,37,renter,0,without_young_child,12795,1776764.0,6463305.0,6463305.0,0.0
active42,all_structures,four_year,34,37,renter,1,with_young_child,4795,662434.0,2906393.0,2906393.0,0.0
active42,all_structures,four_year,34,37,renter,1,without_young_child,171,24426.0,111014.0,111014.0,0.0
active42,all_structures,four_year,34,37,renter,2,with_young_child,5314,726762.0,3445747.0,3445747.0,0.0
active42,all_structures,four_year,34,37,renter,2,without_young_child,21,2938.0,16308.0,16308.0,0.0
active42,all_structures,four_year,34,37,renter,3+,with_young_child,4759,678637.0,3538298.0,3538298.0,0.0
active42,all_structures,four_year,34,37,renter,3+,without_young_child,2,275.0,1177.0,1177.0,0.0
active42,all_structures,four_year,38,41,owner,0,without_young_child,15875,1681889.0,9777577.0,9777577.0,1681889.0
active42,all_structures,four_year,38,41,owner,1,with_young_child,10063,1016432.0,6593206.0,6593206.0,1016432.0
active42,all_structures,four_year,38,41,owner,1,without_young_child,894,103747.0,638101.0,638101.0,103747.0
active42,all_structures,four_year,38,41,owner,2,with_young_child,20321,1998609.0,13937629.0,13937629.0,1998609.0
active42,all_structures,four_year,38,41,owner,2,without_young_child,247,27441.0,172352.0,172352.0,27441.0
active42,all_structures,four_year,38,41,owner,3+,with_young_child,12453,1267401.0,9094128.0,9094128.0,1267401.0
active42,all_structures,four_year,38,41,owner,3+,without_young_child,37,4298.0,28061.0,28061.0,4298.0
active42,all_structures,four_year,38,41,renter,0,without_young_child,11105,1535339.0,5713993.0,5713993.0,0.0
active42,all_structures,four_year,38,41,renter,1,with_young_child,4157,557512.0,2445846.0,2445846.0,0.0
active42,all_structures,four_year,38,41,renter,1,without_young_child,661,96024.0,428677.0,428677.0,0.0
active42,all_structures,four_year,38,41,renter,2,with_young_child,4996,670440.0,3221609.0,3221609.0,0.0
active42,all_structures,four_year,38,41,renter,2,without_young_child,165,22458.0,111035.0,111035.0,0.0
active42,all_structures,four_year,38,41,renter,3+,with_young_child,3801,528117.0,2756101.0,2756101.0,0.0
active42,all_structures,four_year,38,41,renter,3+,without_young_child,29,4024.0,22262.0,22262.0,0.0
active42,all_structures,four_year,42,45,owner,0,without_young_child,19737,2036218.0,12056554.0,12056554.0,2036218.0
active42,all_structures,four_year,42,45,owner,1,with_young_child,11068,1081567.0,7127330.0,7127330.0,1081567.0
active42,all_structures,four_year,42,45,owner,1,without_young_child,2998,308789.0,1942969.0,1942969.0,308789.0
active42,all_structures,four_year,42,45,owner,2,with_young_child,21723,2095197.0,14852412.0,14852412.0,2095197.0
active42,all_structures,four_year,42,45,owner,2,without_young_child,1106,113361.0,746015.0,746015.0,113361.0
active42,all_structures,four_year,42,45,owner,3+,with_young_child,12618,1240177.0,9112124.0,9112124.0,1240177.0
active42,all_structures,four_year,42,45,owner,3+,without_young_child,167,18713.0,129399.0,129399.0,18713.0
active42,all_structures,four_year,42,45,renter,0,without_young_child,11687,1587439.0,5957751.0,5957751.0,0.0
active42,all_structures,four_year,42,45,renter,1,with_young_child,3798,491979.0,2200251.0,2200251.0,0.0
active42,all_structures,four_year,42,45,renter,1,without_young_child,1532,214848.0,987294.0,987294.0,0.0
active42,all_structures,four_year,42,45,renter,2,with_young_child,4092,518678.0,2560757.0,2560757.0,0.0
active42,all_structures,four_year,42,45,renter,2,without_young_child,426,58215.0,293585.0,293585.0,0.0
active42,all_structures,four_year,42,45,renter,3+,with_young_child,2909,381503.0,2005220.0,2005220.0,0.0
active42,all_structures,four_year,42,45,renter,3+,without_young_child,78,10638.0,55026.0,55026.0,0.0
active42,all_structures,four_year,46,49,owner,0,without_young_child,25668,2505730.0,15076444.0,15076444.0,2505730.0
active42,all_structures,four_year,46,49,owner,1,with_young_child,10670,1024544.0,6975549.0,6975549.0,1024544.0
active42,all_structures,four_year,46,49,owner,1,without_young_child,6724,674738.0,4391550.0,4391550.0,674738.0
active42,all_structures,four_year,46,49,owner,2,with_young_child,16859,1594274.0,11464924.0,11464924.0,1594274.0
active42,all_structures,four_year,46,49,owner,2,without_young_child,2887,292397.0,1986502.0,1986502.0,292397.0
active42,all_structures,four_year,46,49,owner,3+,with_young_child,8664,850076.0,6261130.0,6261130.0,850076.0
active42,all_structures,four_year,46,49,owner,3+,without_young_child,430,44968.0,310812.0,310812.0,44968.0
active42,all_structures,four_year,46,49,renter,0,without_young_child,12382,1586941.0,6067876.0,6067876.0,0.0
active42,all_structures,four_year,46,49,renter,1,with_young_child,2719,337837.0,1529704.0,1529704.0,0.0
active42,all_structures,four_year,46,49,renter,1,without_young_child,2257,289598.0,1312123.0,1312123.0,0.0
active42,all_structures,four_year,46,49,renter,2,with_young_child,2687,338918.0,1686881.0,1686881.0,0.0
active42,all_structures,four_year,46,49,renter,2,without_young_child,693,89667.0,444341.0,444341.0,0.0
active42,all_structures,four_year,46,49,renter,3+,with_young_child,1697,220108.0,1165167.0,1165167.0,0.0
active42,all_structures,four_year,46,49,renter,3+,without_young_child,125,17560.0,97982.0,97982.0,0.0
active42,all_structures,four_year,50,53,owner,0,without_young_child,34188,3191843.0,19734086.0,19734086.0,3191843.0
active42,all_structures,four_year,50,53,owner,1,with_young_child,8152,755377.0,5244382.0,5244382.0,755377.0
active42,all_structures,four_year,50,53,owner,1,without_young_child,10370,987737.0,6548224.0,6548224.0,987737.0
active42,all_structures,four_year,50,53,owner,2,with_young_child,9150,844861.0,6116697.0,6116697.0,844861.0
active42,all_structures,four_year,50,53,owner,2,without_young_child,4107,392631.0,2711098.0,2711098.0,392631.0
active42,all_structures,four_year,50,53,owner,3+,with_young_child,4408,419136.0,3077163.0,3077163.0,419136.0
active42,all_structures,four_year,50,53,owner,3+,without_young_child,715,68586.0,483616.0,483616.0,68586.0
active42,all_structures,four_year,50,53,renter,0,without_young_child,13049,1557662.0,6024156.0,6024156.0,0.0
active42,all_structures,four_year,50,53,renter,1,with_young_child,1711,205213.0,937103.0,937103.0,0.0
active42,all_structures,four_year,50,53,renter,1,without_young_child,2587,309007.0,1417958.0,1417958.0,0.0
active42,all_structures,four_year,50,53,renter,2,with_young_child,1394,161874.0,804340.0,804340.0,0.0
active42,all_structures,four_year,50,53,renter,2,without_young_child,698,84485.0,414464.0,414464.0,0.0
active42,all_structures,four_year,50,53,renter,3+,with_young_child,903,108678.0,566973.0,566973.0,0.0
active42,all_structures,four_year,50,53,renter,3+,without_young_child,141,17516.0,95301.0,95301.0,0.0
active42,all_structures,four_year,54,57,owner,0,without_young_child,40886,3747848.0,23664322.0,23664322.0,3747848.0
active42,all_structures,four_year,54,57,owner,1,with_young_child,4094,372809.0,2597195.0,2597195.0,372809.0
active42,all_structures,four_year,54,57,owner,1,without_young_child,11028,1035910.0,6988504.0,6988504.0,1035910.0
active42,all_structures,four_year,54,57,owner,2,with_young_child,3696,338973.0,2435514.0,2435514.0,338973.0
active42,all_structures,four_year,54,57,owner,2,without_young_child,3402,331312.0,2296176.0,2296176.0,331312.0
active42,all_structures,four_year,54,57,owner,3+,with_young_child,1732,165572.0,1191587.0,1191587.0,165572.0
active42,all_structures,four_year,54,57,owner,3+,without_young_child,624,62075.0,432663.0,432663.0,62075.0
active42,all_structures,four_year,54,57,renter,0,without_young_child,12514,1436610.0,5581878.0,5581878.0,0.0
active42,all_structures,four_year,54,57,renter,1,with_young_child,742,87351.0,401806.0,401806.0,0.0
active42,all_structures,four_year,54,57,renter,1,without_young_child,2389,279012.0,1299372.0,1299372.0,0.0
active42,all_structures,four_year,54,57,renter,2,with_young_child,570,65033.0,319612.0,319612.0,0.0
active42,all_structures,four_year,54,57,renter,2,without_young_child,654,74859.0,368754.0,368754.0,0.0
active42,all_structures,four_year,54,57,renter,3+,with_young_child,357,44291.0,232467.0,232467.0,0.0
active42,all_structures,four_year,54,57,renter,3+,without_young_child,143,15827.0,83028.0,83028.0,0.0
active42,all_structures,four_year,58,61,owner,0,without_young_child,43257,3882567.0,24718025.0,24718025.0,3882567.0
active42,all_structures,four_year,58,61,owner,1,with_young_child,1682,155927.0,1076666.0,1076666.0,155927.0
active42,all_structures,four_year,58,61,owner,1,without_young_child,9035,840139.0,5631564.0,5631564.0,840139.0
active42,all_structures,four_year,58,61,owner,2,with_young_child,1254,117566.0,845072.0,845072.0,117566.0
active42,all_structures,four_year,58,61,owner,2,without_young_child,2155,206179.0,1412827.0,1412827.0,206179.0
active42,all_structures,four_year,58,61,owner,3+,with_young_child,550,51586.0,367058.0,367058.0,51586.0
active42,all_structures,four_year,58,61,owner,3+,without_young_child,416,40057.0,281068.0,281068.0,40057.0
active42,all_structures,four_year,58,61,renter,0,without_young_child,11044,1245319.0,4770617.0,4770617.0,0.0
active42,all_structures,four_year,58,61,renter,1,with_young_child,309,37054.0,170805.0,170805.0,0.0
active42,all_structures,four_year,58,61,renter,1,without_young_child,1759,201969.0,911028.0,911028.0,0.0
active42,all_structures,four_year,58,61,renter,2,with_young_child,224,25977.0,128131.0,128131.0,0.0
active42,all_structures,four_year,58,61,renter,2,without_young_child,338,39905.0,200592.0,200592.0,0.0
active42,all_structures,four_year,58,61,renter,3+,with_young_child,162,17519.0,93794.0,93794.0,0.0
active42,all_structures,four_year,58,61,renter,3+,without_young_child,96,10032.0,54406.0,54406.0,0.0
active42,all_structures,four_year,62,65,owner,0,without_young_child,38707,3407007.0,21323298.0,21323298.0,3407007.0
active42,all_structures,four_year,62,65,owner,1,with_young_child,587,54920.0,377850.0,377850.0,54920.0
active42,all_structures,four_year,62,65,owner,1,without_young_child,6549,594101.0,3926829.0,3926829.0,594101.0
active42,all_structures,four_year,62,65,owner,2,with_young_child,384,34493.0,241882.0,241882.0,34493.0
active42,all_structures,four_year,62,65,owner,2,without_young_child,1252,116566.0,785106.0,785106.0,116566.0
active42,all_structures,four_year,62,65,owner,3+,with_young_child,180,18539.0,134299.0,134299.0,18539.0
active42,all_structures,four_year,62,65,owner,3+,without_young_child,260,26664.0,185731.0,185731.0,26664.0
active42,all_structures,four_year,62,65,renter,0,without_young_child,9172,1018330.0,3833342.0,3833342.0,0.0
active42,all_structures,four_year,62,65,renter,1,with_young_child,129,14439.0,64600.0,64600.0,0.0
active42,all_structures,four_year,62,65,renter,1,without_young_child,1321,148735.0,689214.0,689214.0,0.0
active42,all_structures,four_year,62,65,renter,2,with_young_child,82,10152.0,48987.0,48987.0,0.0
active42,all_structures,four_year,62,65,renter,2,without_young_child,250,28691.0,140939.0,140939.0,0.0
active42,all_structures,four_year,62,65,renter,3+,with_young_child,65,6587.0,32999.0,32999.0,0.0
active42,all_structures,four_year,62,65,renter,3+,without_young_child,38,4031.0,20528.0,20528.0,0.0
active42,all_structures,four_year,66,69,owner,0,without_young_child,32164,2765913.0,17064392.0,17064392.0,2765913.0
active42,all_structures,four_year,66,69,owner,1,with_young_child,215,17599.0,121965.0,121965.0,17599.0
active42,all_structures,four_year,66,69,owner,1,without_young_child,4905,442602.0,2857564.0,2857564.0,442602.0
active42,all_structures,four_year,66,69,owner,2,with_young_child,156,14041.0,100542.0,100542.0,14041.0
active42,all_structures,four_year,66,69,owner,2,without_young_child,791,73141.0,488446.0,488446.0,73141.0
active42,all_structures,four_year,66,69,owner,3+,with_young_child,58,4615.0,30521.0,30521.0,4615.0
active42,all_structures,four_year,66,69,owner,3+,without_young_child,152,13939.0,93897.0,93897.0,13939.0
active42,all_structures,four_year,66,69,renter,0,without_young_child,7631,806074.0,2973647.0,2973647.0,0.0
active42,all_structures,four_year,66,69,renter,1,with_young_child,47,4135.0,17377.0,17377.0,0.0
active42,all_structures,four_year,66,69,renter,1,without_young_child,876,99025.0,455379.0,455379.0,0.0
active42,all_structures,four_year,66,69,renter,2,with_young_child,30,4110.0,19664.0,19664.0,0.0
active42,all_structures,four_year,66,69,renter,2,without_young_child,133,13892.0,70125.0,70125.0,0.0
active42,all_structures,four_year,66,69,renter,3+,with_young_child,23,2559.0,14341.0,14341.0,0.0
active42,all_structures,four_year,66,69,renter,3+,without_young_child,27,3154.0,17463.0,17463.0,0.0
active42,all_structures,four_year,70,73,owner,0,without_young_child,28638,2445032.0,14758280.0,14758280.0,2445032.0
active42,all_structures,four_year,70,73,owner,1,with_young_child,70,6835.0,42471.0,42471.0,6835.0
active42,all_structures,four_year,70,73,owner,1,without_young_child,4264,375804.0,2392704.0,2392704.0,375804.0
active42,all_structures,four_year,70,73,owner,2,with_young_child,58,5062.0,32912.0,32912.0,5062.0
active42,all_structures,four_year,70,73,owner,2,without_young_child,627,60507.0,401788.0,401788.0,60507.0
active42,all_structures,four_year,70,73,owner,3+,with_young_child,25,2576.0,17056.0,17056.0,2576.0
active42,all_structures,four_year,70,73,owner,3+,without_young_child,116,11510.0,74306.0,74306.0,11510.0
active42,all_structures,four_year,70,73,renter,0,without_young_child,7112,746913.0,2690062.0,2690062.0,0.0
active42,all_structures,four_year,70,73,renter,1,with_young_child,20,1707.0,7925.0,7925.0,0.0
active42,all_structures,four_year,70,73,renter,1,without_young_child,685,74132.0,348100.0,348100.0,0.0
active42,all_structures,four_year,70,73,renter,2,with_young_child,13,1559.0,6968.0,6968.0,0.0
active42,all_structures,four_year,70,73,renter,2,without_young_child,114,13975.0,70182.0,70182.0,0.0
active42,all_structures,four_year,70,73,renter,3+,with_young_child,12,2140.0,9319.0,9319.0,0.0
active42,all_structures,four_year,70,73,renter,3+,without_young_child,32,3281.0,16059.0,16059.0,0.0
active42,all_structures,four_year,74,77,owner,0,without_young_child,27025,2278112.0,13459424.0,13459424.0,2278112.0
active42,all_structures,four_year,74,77,owner,1,with_young_child,34,3322.0,20661.0,20661.0,3322.0
active42,all_structures,four_year,74,77,owner,1,without_young_child,3778,327793.0,2079170.0,2079170.0,327793.0
active42,all_structures,four_year,74,77,owner,2,with_young_child,29,2295.0,15971.0,15971.0,2295.0
active42,all_structures,four_year,74,77,owner,2,without_young_child,544,48783.0,330187.0,330187.0,48783.0
active42,all_structures,four_year,74,77,owner,3+,with_young_child,19,1636.0,10843.0,10843.0,1636.0
active42,all_structures,four_year,74,77,owner,3+,without_young_child,97,8459.0,56893.0,56893.0,8459.0
active42,all_structures,four_year,74,77,renter,0,without_young_child,6766,709005.0,2507637.0,2507637.0,0.0
active42,all_structures,four_year,74,77,renter,1,with_young_child,13,1772.0,8408.0,8408.0,0.0
active42,all_structures,four_year,74,77,renter,1,without_young_child,566,63336.0,296789.0,296789.0,0.0
active42,all_structures,four_year,74,77,renter,2,with_young_child,6,730.0,3626.0,3626.0,0.0
active42,all_structures,four_year,74,77,renter,2,without_young_child,71,7348.0,38555.0,38555.0,0.0
active42,all_structures,four_year,74,77,renter,3+,with_young_child,3,488.0,2197.0,2197.0,0.0
active42,all_structures,four_year,74,77,renter,3+,without_young_child,16,2759.0,15048.0,15048.0,0.0
active42,all_structures,four_year,78,81,owner,0,without_young_child,23314,1968908.0,11376736.0,11376736.0,1968908.0
active42,all_structures,four_year,78,81,owner,1,with_young_child,8,630.0,3789.0,3789.0,630.0
active42,all_structures,four_year,78,81,owner,1,without_young_child,3096,267570.0,1665096.0,1665096.0,267570.0
active42,all_structures,four_year,78,81,owner,2,with_young_child,13,1839.0,12645.0,12645.0,1839.0
active42,all_structures,four_year,78,81,owner,2,without_young_child,378,31715.0,210698.0,210698.0,31715.0
active42,all_structures,four_year,78,81,owner,3+,with_young_child,8,1059.0,6268.0,6268.0,1059.0
active42,all_structures,four_year,78,81,owner,3+,without_young_child,71,6160.0,40671.0,40671.0,6160.0
active42,all_structures,four_year,78,81,renter,0,without_young_child,6801,692687.0,2434776.0,2434776.0,0.0
active42,all_structures,four_year,78,81,renter,1,with_young_child,2,159.0,1086.0,1086.0,0.0
active42,all_structures,four_year,78,81,renter,1,without_young_child,468,47893.0,215674.0,215674.0,0.0
active42,all_structures,four_year,78,81,renter,2,with_young_child,2,238.0,1190.0,1190.0,0.0
active42,all_structures,four_year,78,81,renter,2,without_young_child,57,6300.0,31032.0,31032.0,0.0
active42,all_structures,four_year,78,81,renter,3+,with_young_child,4,406.0,2436.0,2436.0,0.0
active42,all_structures,four_year,78,81,renter,3+,without_young_child,4,444.0,1990.0,1990.0,0.0
active42,all_structures,four_year,82,85,owner,0,without_young_child,16557,1393627.0,7896749.0,7896749.0,1393627.0
active42,all_structures,four_year,82,85,owner,1,with_young_child,5,313.0,2129.0,2129.0,313.0
active42,all_structures,four_year,82,85,owner,1,without_young_child,2215,188853.0,1186916.0,1186916.0,188853.0
active42,all_structures,four_year,82,85,owner,2,with_young_child,3,331.0,2555.0,2555.0,331.0
active42,all_structures,four_year,82,85,owner,2,without_young_child,234,21357.0,145166.0,145166.0,21357.0
active42,all_structures,four_year,82,85,owner,3+,with_young_child,2,403.0,2740.0,2740.0,403.0
active42,all_structures,four_year,82,85,owner,3+,without_young_child,37,3476.0,24803.0,24803.0,3476.0
active42,all_structures,four_year,82,85,renter,0,without_young_child,6079,612257.0,2144508.0,2144508.0,0.0
active42,all_structures,four_year,82,85,renter,1,with_young_child,2,148.0,358.0,358.0,0.0
active42,all_structures,four_year,82,85,renter,1,without_young_child,325,35659.0,161147.0,161147.0,0.0
active42,all_structures,four_year,82,85,renter,2,with_young_child,3,511.0,2622.0,2622.0,0.0
active42,all_structures,four_year,82,85,renter,2,without_young_child,31,2648.0,14068.0,14068.0,0.0
active42,all_structures,four_year,82,85,renter,3+,without_young_child,6,456.0,2594.0,2594.0,0.0
national,DUE,annual,18,18,owner,0,without_young_child,177,15614.0,84966.0,84966.0,15614.0
national,DUE,annual,18,18,owner,1,with_young_child,38,3301.0,17823.0,17823.0,3301.0
national,DUE,annual,18,18,owner,1,without_young_child,1,45.0,225.0,225.0,45.0
national,DUE,annual,18,18,owner,2,with_young_child,12,927.0,4918.0,4918.0,927.0
national,DUE,annual,18,18,owner,3+,with_young_child,9,718.0,4243.0,4243.0,718.0
national,DUE,annual,18,18,renter,0,without_young_child,1315,171046.0,641362.0,641362.0,0.0
national,DUE,annual,18,18,renter,1,with_young_child,327,43866.0,178422.0,178422.0,0.0
national,DUE,annual,18,18,renter,2,with_young_child,127,15215.0,69695.0,69695.0,0.0
national,DUE,annual,18,18,renter,3+,with_young_child,27,3149.0,15887.0,15887.0,0.0
national,DUE,annual,19,19,owner,0,without_young_child,443,50274.0,273537.0,273537.0,50274.0
national,DUE,annual,19,19,owner,1,with_young_child,78,7066.0,40195.0,40195.0,7066.0
national,DUE,annual,19,19,owner,2,with_young_child,30,2968.0,18897.0,18897.0,2968.0
national,DUE,annual,19,19,owner,3+,with_young_child,9,922.0,5446.0,5446.0,922.0
national,DUE,annual,19,19,renter,0,without_young_child,3596,458115.0,1789886.0,1789886.0,0.0
national,DUE,annual,19,19,renter,1,with_young_child,716,93363.0,384072.0,384072.0,0.0
national,DUE,annual,19,19,renter,2,with_young_child,175,25448.0,110416.0,110416.0,0.0
national,DUE,annual,19,19,renter,3+,with_young_child,47,5915.0,25853.0,25853.0,0.0
national,DUE,annual,20,20,owner,0,without_young_child,775,85664.0,472986.0,472986.0,85664.0
national,DUE,annual,20,20,owner,1,with_young_child,156,17647.0,97135.0,97135.0,17647.0
national,DUE,annual,20,20,owner,2,with_young_child,33,3930.0,20976.0,20976.0,3930.0
national,DUE,annual,20,20,owner,3+,with_young_child,11,1326.0,8847.0,8847.0,1326.0
national,DUE,annual,20,20,renter,0,without_young_child,5916,836241.0,3326748.0,3326748.0,0.0
national,DUE,annual,20,20,renter,1,with_young_child,1164,172134.0,714281.0,714281.0,0.0
national,DUE,annual,20,20,renter,2,with_young_child,315,47014.0,200662.0,200662.0,0.0
national,DUE,annual,20,20,renter,3+,with_young_child,44,6214.0,29682.0,29682.0,0.0
national,DUE,annual,21,21,owner,0,without_young_child,1196,133738.0,741178.0,741178.0,133738.0
national,DUE,annual,21,21,owner,1,with_young_child,291,30254.0,173051.0,173051.0,30254.0
national,DUE,annual,21,21,owner,2,with_young_child,109,10940.0,64812.0,64812.0,10940.0
national,DUE,annual,21,21,owner,3+,with_young_child,21,3637.0,22567.0,22567.0,3637.0
national,DUE,annual,21,21,renter,0,without_young_child,7629,1061439.0,4226354.0,4226354.0,0.0
national,DUE,annual,21,21,renter,1,with_young_child,1698,241548.0,1004033.0,1004033.0,0.0
national,DUE,annual,21,21,renter,2,with_young_child,571,81173.0,346036.0,346036.0,0.0
national,DUE,annual,21,21,renter,3+,with_young_child,162,26155.0,127619.0,127619.0,0.0
national,DUE,annual,22,22,owner,0,without_young_child,1719,183082.0,994915.0,994915.0,183082.0
national,DUE,annual,22,22,owner,1,with_young_child,516,52102.0,287686.0,287686.0,52102.0
national,DUE,annual,22,22,owner,2,with_young_child,223,22726.0,131063.0,131063.0,22726.0
national,DUE,annual,22,22,owner,3+,with_young_child,84,8926.0,54115.0,54115.0,8926.0
national,DUE,annual,22,22,renter,0,without_young_child,9039,1230157.0,4795602.0,4795602.0,0.0
national,DUE,annual,22,22,renter,1,with_young_child,1911,268696.0,1144796.0,1144796.0,0.0
national,DUE,annual,22,22,renter,2,with_young_child,918,132550.0,593556.0,593556.0,0.0
national,DUE,annual,22,22,renter,3+,with_young_child,329,47517.0,234275.0,234275.0,0.0
national,DUE,annual,23,23,owner,0,without_young_child,2711,286249.0,1561042.0,1561042.0,286249.0
national,DUE,annual,23,23,owner,1,with_young_child,845,83758.0,471916.0,471916.0,83758.0
national,DUE,annual,23,23,owner,2,with_young_child,427,45488.0,260258.0,260258.0,45488.0
national,DUE,annual,23,23,owner,3+,with_young_child,123,14403.0,87903.0,87903.0,14403.0
national,DUE,annual,23,23,renter,0,without_young_child,10370,1328669.0,5066759.0,5066759.0,0.0
national,DUE,annual,23,23,renter,1,with_young_child,2360,323802.0,1392846.0,1392846.0,0.0
national,DUE,annual,23,23,renter,2,with_young_child,1197,170808.0,788713.0,788713.0,0.0
national,DUE,annual,23,23,renter,3+,with_young_child,454,66024.0,318774.0,318774.0,0.0
national,DUE,annual,24,24,owner,0,without_young_child,3841,392100.0,2163871.0,2163871.0,392100.0
national,DUE,annual,24,24,owner,1,with_young_child,1191,122424.0,707641.0,707641.0,122424.0
national,DUE,annual,24,24,owner,2,with_young_child,662,69105.0,415195.0,415195.0,69105.0
national,DUE,annual,24,24,owner,3+,with_young_child,180,20851.0,130065.0,130065.0,20851.0
national,DUE,annual,24,24,renter,0,without_young_child,10576,1352352.0,5149328.0,5149328.0,0.0
national,DUE,annual,24,24,renter,1,with_young_child,2457,337188.0,1440543.0,1440543.0,0.0
national,DUE,annual,24,24,renter,1,without_young_child,1,419.0,2514.0,2514.0,0.0
national,DUE,annual,24,24,renter,2,with_young_child,1495,204405.0,942558.0,942558.0,0.0
national,DUE,annual,24,24,renter,3+,with_young_child,613,92312.0,465929.0,465929.0,0.0
national,DUE,annual,25,25,owner,0,without_young_child,5126,540355.0,2996769.0,2996769.0,540355.0
national,DUE,annual,25,25,owner,1,with_young_child,1613,168269.0,991507.0,991507.0,168269.0
national,DUE,annual,25,25,owner,2,with_young_child,1044,115164.0,688549.0,688549.0,115164.0
national,DUE,annual,25,25,owner,3+,with_young_child,362,39409.0,239046.0,239046.0,39409.0
national,DUE,annual,25,25,renter,0,without_young_child,10707,1385198.0,5296067.0,5296067.0,0.0
national,DUE,annual,25,25,renter,1,with_young_child,2584,357168.0,1540098.0,1540098.0,0.0
national,DUE,annual,25,25,renter,2,with_young_child,1698,242613.0,1132185.0,1132185.0,0.0
national,DUE,annual,25,25,renter,3+,with_young_child,871,132070.0,664017.0,664017.0,0.0
national,DUE,annual,26,26,owner,0,without_young_child,5928,605480.0,3415012.0,3415012.0,605480.0
national,DUE,annual,26,26,owner,1,with_young_child,2103,217368.0,1286496.0,1286496.0,217368.0
national,DUE,annual,26,26,owner,1,without_young_child,1,86.0,344.0,344.0,86.0
national,DUE,annual,26,26,owner,2,with_young_child,1509,160369.0,981149.0,981149.0,160369.0
national,DUE,annual,26,26,owner,3+,with_young_child,566,61483.0,386997.0,386997.0,61483.0
national,DUE,annual,26,26,renter,0,without_young_child,9708,1251156.0,4772697.0,4772697.0,0.0
national,DUE,annual,26,26,renter,1,with_young_child,2745,381055.0,1678080.0,1678080.0,0.0
national,DUE,annual,26,26,renter,1,without_young_child,1,29.0,145.0,145.0,0.0
national,DUE,annual,26,26,renter,2,with_young_child,2072,288468.0,1365906.0,1365906.0,0.0
national,DUE,annual,26,26,renter,3+,with_young_child,1180,172302.0,892771.0,892771.0,0.0
national,DUE,annual,27,27,owner,0,without_young_child,6298,638339.0,3621231.0,3621231.0,638339.0
national,DUE,annual,27,27,owner,1,with_young_child,2653,275637.0,1656507.0,1656507.0,275637.0
national,DUE,annual,27,27,owner,1,without_young_child,1,343.0,1715.0,1715.0,343.0
national,DUE,annual,27,27,owner,2,with_young_child,1939,203487.0,1244327.0,1244327.0,203487.0
national,DUE,annual,27,27,owner,3+,with_young_child,850,92993.0,587439.0,587439.0,92993.0
national,DUE,annual,27,27,renter,0,without_young_child,8963,1126986.0,4222184.0,4222184.0,0.0
national,DUE,annual,27,27,renter,1,with_young_child,2482,342440.0,1494345.0,1494345.0,0.0
national,DUE,annual,27,27,renter,1,without_young_child,1,107.0,535.0,535.0,0.0
national,DUE,annual,27,27,renter,2,with_young_child,2148,295958.0,1410940.0,1410940.0,0.0
national,DUE,annual,27,27,renter,3+,with_young_child,1490,215468.0,1126686.0,1126686.0,0.0
national,DUE,annual,28,28,owner,0,without_young_child,6624,672085.0,3841027.0,3841027.0,672085.0
national,DUE,annual,28,28,owner,1,with_young_child,3163,322648.0,1965137.0,1965137.0,322648.0
national,DUE,annual,28,28,owner,1,without_young_child,3,439.0,3411.0,3411.0,439.0
national,DUE,annual,28,28,owner,2,with_young_child,2553,265218.0,1664614.0,1664614.0,265218.0
national,DUE,annual,28,28,owner,3+,with_young_child,1159,128092.0,820642.0,820642.0,128092.0
national,DUE,annual,28,28,renter,0,without_young_child,8387,1073648.0,4065086.0,4065086.0,0.0
national,DUE,annual,28,28,renter,1,with_young_child,2439,335691.0,1480014.0,1480014.0,0.0
national,DUE,annual,28,28,renter,2,with_young_child,2208,304989.0,1458251.0,1458251.0,0.0
national,DUE,annual,28,28,renter,3+,with_young_child,1544,226739.0,1171380.0,1171380.0,0.0
national,DUE,annual,29,29,owner,0,without_young_child,6718,673269.0,3860160.0,3860160.0,673269.0
national,DUE,annual,29,29,owner,1,with_young_child,3476,351632.0,2183115.0,2183115.0,351632.0
national,DUE,annual,29,29,owner,1,without_young_child,2,291.0,1746.0,1746.0,291.0
national,DUE,annual,29,29,owner,2,with_young_child,3039,319646.0,2007679.0,2007679.0,319646.0
national,DUE,annual,29,29,owner,3+,with_young_child,1504,163317.0,1062406.0,1062406.0,163317.0
national,DUE,annual,29,29,renter,0,without_young_child,7329,935981.0,3525504.0,3525504.0,0.0
national,DUE,annual,29,29,renter,1,with_young_child,2422,317626.0,1393949.0,1393949.0,0.0
national,DUE,annual,29,29,renter,1,without_young_child,1,148.0,592.0,592.0,0.0
national,DUE,annual,29,29,renter,2,with_young_child,2209,301677.0,1460165.0,1460165.0,0.0
national,DUE,annual,29,29,renter,3+,with_young_child,1602,226851.0,1196059.0,1196059.0,0.0
national,DUE,annual,30,30,owner,0,without_young_child,6769,712591.0,4052365.0,4052365.0,712591.0
national,DUE,annual,30,30,owner,1,with_young_child,4134,406296.0,2535018.0,2535018.0,406296.0
national,DUE,annual,30,30,owner,1,without_young_child,6,711.0,4835.0,4835.0,711.0
national,DUE,annual,30,30,owner,2,with_young_child,3884,377727.0,2418986.0,2418986.0,377727.0
national,DUE,annual,30,30,owner,3+,with_young_child,1815,185988.0,1223133.0,1223133.0,185988.0
national,DUE,annual,30,30,owner,3+,without_young_child,1,58.0,464.0,464.0,58.0
national,DUE,annual,30,30,renter,0,without_young_child,7356,1015484.0,3817756.0,3817756.0,0.0
national,DUE,annual,30,30,renter,1,with_young_child,2403,313229.0,1378218.0,1378218.0,0.0
national,DUE,annual,30,30,renter,1,without_young_child,7,734.0,4048.0,4048.0,0.0
national,DUE,annual,30,30,renter,2,with_young_child,2314,300567.0,1446240.0,1446240.0,0.0
national,DUE,annual,30,30,renter,3+,with_young_child,1628,216188.0,1135478.0,1135478.0,0.0
national,DUE,annual,31,31,owner,0,without_young_child,6288,648897.0,3707519.0,3707519.0,648897.0
national,DUE,annual,31,31,owner,1,with_young_child,4063,394376.0,2478417.0,2478417.0,394376.0
national,DUE,annual,31,31,owner,1,without_young_child,7,476.0,2864.0,2864.0,476.0
national,DUE,annual,31,31,owner,2,with_young_child,4423,422233.0,2748578.0,2748578.0,422233.0
national,DUE,annual,31,31,owner,2,without_young_child,1,83.0,498.0,498.0,83.0
national,DUE,annual,31,31,owner,3+,with_young_child,2303,225886.0,1506928.0,1506928.0,225886.0
national,DUE,annual,31,31,renter,0,without_young_child,6125,819395.0,3050175.0,3050175.0,0.0
national,DUE,annual,31,31,renter,1,with_young_child,2158,278741.0,1235494.0,1235494.0,0.0
national,DUE,annual,31,31,renter,1,without_young_child,11,1803.0,8814.0,8814.0,0.0
national,DUE,annual,31,31,renter,2,with_young_child,2167,288069.0,1396674.0,1396674.0,0.0
national,DUE,annual,31,31,renter,3+,with_young_child,1891,255742.0,1372350.0,1372350.0,0.0
national,DUE,annual,32,32,owner,0,without_young_child,6279,642477.0,3710656.0,3710656.0,642477.0
national,DUE,annual,32,32,owner,1,with_young_child,4360,421837.0,2664915.0,2664915.0,421837.0
national,DUE,annual,32,32,owner,1,without_young_child,16,1677.0,9992.0,9992.0,1677.0
national,DUE,annual,32,32,owner,2,with_young_child,5233,513122.0,3360405.0,3360405.0,513122.0
national,DUE,annual,32,32,owner,3+,with_young_child,2820,283814.0,1907753.0,1907753.0,283814.0
national,DUE,annual,32,32,renter,0,without_young_child,5687,759481.0,2855619.0,2855619.0,0.0
national,DUE,annual,32,32,renter,1,with_young_child,2196,280814.0,1244488.0,1244488.0,0.0
national,DUE,annual,32,32,renter,1,without_young_child,7,1207.0,5139.0,5139.0,0.0
national,DUE,annual,32,32,renter,2,with_young_child,2381,307711.0,1488790.0,1488790.0,0.0
national,DUE,annual,32,32,renter,2,without_young_child,3,306.0,1530.0,1530.0,0.0
national,DUE,annual,32,32,renter,3+,with_young_child,1999,271545.0,1440910.0,1440910.0,0.0
national,DUE,annual,33,33,owner,0,without_young_child,6207,641838.0,3695390.0,3695390.0,641838.0
national,DUE,annual,33,33,owner,1,with_young_child,4585,445061.0,2823899.0,2823899.0,445061.0
national,DUE,annual,33,33,owner,1,without_young_child,20,1998.0,11761.0,11761.0,1998.0
national,DUE,annual,33,33,owner,2,with_young_child,6363,604784.0,4014342.0,4014342.0,604784.0
national,DUE,annual,33,33,owner,2,without_young_child,1,59.0,354.0,354.0,59.0
national,DUE,annual,33,33,owner,3+,with_young_child,3494,341981.0,2325330.0,2325330.0,341981.0
national,DUE,annual,33,33,renter,0,without_young_child,5518,747699.0,2819161.0,2819161.0,0.0
national,DUE,annual,33,33,renter,1,with_young_child,2163,287836.0,1264473.0,1264473.0,0.0
national,DUE,annual,33,33,renter,1,without_young_child,20,2549.0,12685.0,12685.0,0.0
national,DUE,annual,33,33,renter,2,with_young_child,2464,319014.0,1581646.0,1581646.0,0.0
national,DUE,annual,33,33,renter,3+,with_young_child,2144,287372.0,1531229.0,1531229.0,0.0
national,DUE,annual,34,34,owner,0,without_young_child,6592,666219.0,3840837.0,3840837.0,666219.0
national,DUE,annual,34,34,owner,1,with_young_child,4831,463849.0,2962956.0,2962956.0,463849.0
national,DUE,annual,34,34,owner,1,without_young_child,48,4264.0,24748.0,24748.0,4264.0
national,DUE,annual,34,34,owner,2,with_young_child,7545,711431.0,4770787.0,4770787.0,711431.0
national,DUE,annual,34,34,owner,2,without_young_child,4,593.0,4240.0,4240.0,593.0
national,DUE,annual,34,34,owner,3+,with_young_child,4313,425159.0,2911448.0,2911448.0,425159.0
national,DUE,annual,34,34,owner,3+,without_young_child,1,110.0,660.0,660.0,110.0
national,DUE,annual,34,34,renter,0,without_young_child,5445,727867.0,2717579.0,2717579.0,0.0
national,DUE,annual,34,34,renter,1,with_young_child,2156,276379.0,1258414.0,1258414.0,0.0
national,DUE,annual,34,34,renter,1,without_young_child,33,4153.0,19710.0,19710.0,0.0
national,DUE,annual,34,34,renter,2,with_young_child,2597,336209.0,1662632.0,1662632.0,0.0
national,DUE,annual,34,34,renter,2,without_young_child,4,600.0,3231.0,3231.0,0.0
national,DUE,annual,34,34,renter,3+,with_young_child,2483,336426.0,1827155.0,1827155.0,0.0
national,DUE,annual,35,35,owner,0,without_young_child,6887,710525.0,4120030.0,4120030.0,710525.0
national,DUE,annual,35,35,owner,1,with_young_child,5144,494937.0,3168742.0,3168742.0,494937.0
national,DUE,annual,35,35,owner,1,without_young_child,78,8730.0,51817.0,51817.0,8730.0
national,DUE,annual,35,35,owner,2,with_young_child,8532,814861.0,5466932.0,5466932.0,814861.0
national,DUE,annual,35,35,owner,2,without_young_child,9,1243.0,9501.0,9501.0,1243.0
national,DUE,annual,35,35,owner,3+,with_young_child,5107,494373.0,3446927.0,3446927.0,494373.0
national,DUE,annual,35,35,renter,0,without_young_child,5491,761162.0,2860472.0,2860472.0,0.0
national,DUE,annual,35,35,renter,1,with_young_child,2359,323428.0,1463591.0,1463591.0,0.0
national,DUE,annual,35,35,renter,1,without_young_child,63,8061.0,39622.0,39622.0,0.0
national,DUE,annual,35,35,renter,2,with_young_child,2668,347481.0,1716456.0,1716456.0,0.0
national,DUE,annual,35,35,renter,2,without_young_child,3,347.0,1807.0,1807.0,0.0
national,DUE,annual,35,35,renter,3+,with_young_child,2443,334666.0,1805248.0,1805248.0,0.0
national,DUE,annual,36,36,owner,0,without_young_child,6595,668706.0,3846653.0,3846653.0,668706.0
national,DUE,annual,36,36,owner,1,with_young_child,4947,481512.0,3089547.0,3089547.0,481512.0
national,DUE,annual,36,36,owner,1,without_young_child,129,14223.0,92381.0,92381.0,14223.0
national,DUE,annual,36,36,owner,2,with_young_child,8988,853172.0,5795775.0,5795775.0,853172.0
national,DUE,annual,36,36,owner,2,without_young_child,19,1980.0,12711.0,12711.0,1980.0
national,DUE,annual,36,36,owner,3+,with_young_child,5374,519859.0,3633980.0,3633980.0,519859.0
national,DUE,annual,36,36,renter,0,without_young_child,4944,674710.0,2557554.0,2557554.0,0.0
national,DUE,annual,36,36,renter,1,with_young_child,2099,269422.0,1222899.0,1222899.0,0.0
national,DUE,annual,36,36,renter,1,without_young_child,72,10166.0,47999.0,47999.0,0.0
national,DUE,annual,36,36,renter,2,with_young_child,2538,329733.0,1646535.0,1646535.0,0.0
national,DUE,annual,36,36,renter,2,without_young_child,17,1906.0,8969.0,8969.0,0.0
national,DUE,annual,36,36,renter,3+,with_young_child,2273,301021.0,1650308.0,1650308.0,0.0
national,DUE,annual,36,36,renter,3+,without_young_child,1,187.0,561.0,561.0,0.0
national,DUE,annual,37,37,owner,0,without_young_child,6317,637095.0,3740334.0,3740334.0,637095.0
national,DUE,annual,37,37,owner,1,with_young_child,4682,455298.0,2911072.0,2911072.0,455298.0
national,DUE,annual,37,37,owner,1,without_young_child,177,17206.0,107245.0,107245.0,17206.0
national,DUE,annual,37,37,owner,2,with_young_child,9141,859754.0,5852386.0,5852386.0,859754.0
national,DUE,annual,37,37,owner,2,without_young_child,17,1931.0,12324.0,12324.0,1931.0
national,DUE,annual,37,37,owner,3+,with_young_child,5796,553031.0,3895227.0,3895227.0,553031.0
national,DUE,annual,37,37,owner,3+,without_young_child,4,253.0,1595.0,1595.0,253.0
national,DUE,annual,37,37,renter,0,without_young_child,4617,623079.0,2366140.0,2366140.0,0.0
national,DUE,annual,37,37,renter,1,with_young_child,1990,253850.0,1138516.0,1138516.0,0.0
national,DUE,annual,37,37,renter,1,without_young_child,146,20852.0,95247.0,95247.0,0.0
national,DUE,annual,37,37,renter,2,with_young_child,2495,306924.0,1525121.0,1525121.0,0.0
national,DUE,annual,37,37,renter,2,without_young_child,18,2083.0,11897.0,11897.0,0.0
national,DUE,annual,37,37,renter,3+,with_young_child,2083,262729.0,1409689.0,1409689.0,0.0
national,DUE,annual,37,37,renter,3+,without_young_child,2,194.0,1146.0,1146.0,0.0
national,DUE,annual,38,38,owner,0,without_young_child,6587,663602.0,3880360.0,3880360.0,663602.0
national,DUE,annual,38,38,owner,1,with_young_child,4846,468158.0,3006026.0,3006026.0,468158.0
national,DUE,annual,38,38,owner,1,without_young_child,260,27870.0,173027.0,173027.0,27870.0
national,DUE,annual,38,38,owner,2,with_young_child,9436,885852.0,6057296.0,6057296.0,885852.0
national,DUE,annual,38,38,owner,2,without_young_child,54,6095.0,35796.0,35796.0,6095.0
national,DUE,annual,38,38,owner,3+,with_young_child,6052,568721.0,4021598.0,4021598.0,568721.0
national,DUE,annual,38,38,owner,3+,without_young_child,6,554.0,3372.0,3372.0,554.0
national,DUE,annual,38,38,renter,0,without_young_child,4561,607727.0,2322253.0,2322253.0,0.0
national,DUE,annual,38,38,renter,1,with_young_child,1891,233716.0,1054742.0,1054742.0,0.0
national,DUE,annual,38,38,renter,1,without_young_child,190,27202.0,127733.0,127733.0,0.0
national,DUE,annual,38,38,renter,2,with_young_child,2429,311351.0,1555216.0,1555216.0,0.0
national,DUE,annual,38,38,renter,2,without_young_child,38,4760.0,24539.0,24539.0,0.0
national,DUE,annual,38,38,renter,3+,with_young_child,1919,246849.0,1341312.0,1341312.0,0.0
national,DUE,annual,38,38,renter,3+,without_young_child,4,785.0,4310.0,4310.0,0.0
national,DUE,annual,39,39,owner,0,without_young_child,6597,657195.0,3856058.0,3856058.0,657195.0
national,DUE,annual,39,39,owner,1,with_young_child,4864,456911.0,2925104.0,2925104.0,456911.0
national,DUE,annual,39,39,owner,1,without_young_child,378,37520.0,236197.0,236197.0,37520.0
national,DUE,annual,39,39,owner,2,with_young_child,9557,901278.0,6211231.0,6211231.0,901278.0
national,DUE,annual,39,39,owner,2,without_young_child,90,8744.0,52662.0,52662.0,8744.0
national,DUE,annual,39,39,owner,3+,with_young_child,6162,590116.0,4230374.0,4230374.0,590116.0
national,DUE,annual,39,39,owner,3+,without_young_child,9,1235.0,8189.0,8189.0,1235.0
national,DUE,annual,39,39,renter,0,without_young_child,4467,598222.0,2311119.0,2311119.0,0.0
national,DUE,annual,39,39,renter,1,with_young_child,1903,242054.0,1098856.0,1098856.0,0.0
national,DUE,annual,39,39,renter,1,without_young_child,244,31295.0,142926.0,142926.0,0.0
national,DUE,annual,39,39,renter,2,with_young_child,2326,290268.0,1455380.0,1455380.0,0.0
national,DUE,annual,39,39,renter,2,without_young_child,64,8567.0,45401.0,45401.0,0.0
national,DUE,annual,39,39,renter,3+,with_young_child,1760,233198.0,1264335.0,1264335.0,0.0
national,DUE,annual,39,39,renter,3+,without_young_child,5,612.0,3545.0,3545.0,0.0
national,DUE,annual,40,40,owner,0,without_young_child,7741,789266.0,4632378.0,4632378.0,789266.0
national,DUE,annual,40,40,owner,1,with_young_child,5250,506006.0,3243852.0,3243852.0,506006.0
national,DUE,annual,40,40,owner,1,without_young_child,665,70106.0,432151.0,432151.0,70106.0
national,DUE,annual,40,40,owner,2,with_young_child,10521,988015.0,6828400.0,6828400.0,988015.0
national,DUE,annual,40,40,owner,2,without_young_child,178,18897.0,122496.0,122496.0,18897.0
national,DUE,annual,40,40,owner,3+,with_young_child,6494,620777.0,4467362.0,4467362.0,620777.0
national,DUE,annual,40,40,owner,3+,without_young_child,27,2622.0,17996.0,17996.0,2622.0
national,DUE,annual,40,40,renter,0,without_young_child,4942,668298.0,2582988.0,2582988.0,0.0
national,DUE,annual,40,40,renter,1,with_young_child,1999,260148.0,1195996.0,1195996.0,0.0
national,DUE,annual,40,40,renter,1,without_young_child,404,56612.0,257188.0,257188.0,0.0
national,DUE,annual,40,40,renter,2,with_young_child,2362,293122.0,1469077.0,1469077.0,0.0
national,DUE,annual,40,40,renter,2,without_young_child,85,11431.0,56893.0,56893.0,0.0
national,DUE,annual,40,40,renter,3+,with_young_child,1857,245465.0,1339891.0,1339891.0,0.0
national,DUE,annual,40,40,renter,3+,without_young_child,16,2087.0,12456.0,12456.0,0.0
national,DUE,annual,41,41,owner,0,without_young_child,8012,787028.0,4624664.0,4624664.0,787028.0
national,DUE,annual,41,41,owner,1,with_young_child,5260,497848.0,3207534.0,3207534.0,497848.0
national,DUE,annual,41,41,owner,1,without_young_child,846,85684.0,528943.0,528943.0,85684.0
national,DUE,annual,41,41,owner,2,with_young_child,10659,984043.0,6845154.0,6845154.0,984043.0
national,DUE,annual,41,41,owner,2,without_young_child,244,24799.0,156399.0,156399.0,24799.0
national,DUE,annual,41,41,owner,3+,with_young_child,6603,619224.0,4518764.0,4518764.0,619224.0
national,DUE,annual,41,41,owner,3+,without_young_child,35,3596.0,23403.0,23403.0,3596.0
national,DUE,annual,41,41,renter,0,without_young_child,4718,611883.0,2355381.0,2355381.0,0.0
national,DUE,annual,41,41,renter,1,with_young_child,1931,244137.0,1128599.0,1128599.0,0.0
national,DUE,annual,41,41,renter,1,without_young_child,466,64375.0,305609.0,305609.0,0.0
national,DUE,annual,41,41,renter,2,with_young_child,2167,258908.0,1299577.0,1299577.0,0.0
national,DUE,annual,41,41,renter,2,without_young_child,111,14821.0,81010.0,81010.0,0.0
national,DUE,annual,41,41,renter,3+,with_young_child,1563,194695.0,1068100.0,1068100.0,0.0
national,DUE,annual,41,41,renter,3+,without_young_child,21,2623.0,14126.0,14126.0,0.0
national,DUE,annual,42,42,owner,0,without_young_child,8748,838008.0,4946749.0,4946749.0,838008.0
national,DUE,annual,42,42,owner,1,with_young_child,5686,538457.0,3471671.0,3471671.0,538457.0
national,DUE,annual,42,42,owner,1,without_young_child,1219,115550.0,725181.0,725181.0,115550.0
national,DUE,annual,42,42,owner,2,with_young_child,11002,1015675.0,7094297.0,7094297.0,1015675.0
national,DUE,annual,42,42,owner,2,without_young_child,352,34528.0,225220.0,225220.0,34528.0
national,DUE,annual,42,42,owner,3+,with_young_child,6623,607907.0,4413010.0,4413010.0,607907.0
national,DUE,annual,42,42,owner,3+,without_young_child,51,4702.0,32366.0,32366.0,4702.0
national,DUE,annual,42,42,renter,0,without_young_child,5028,659913.0,2570276.0,2570276.0,0.0
national,DUE,annual,42,42,renter,1,with_young_child,1970,245545.0,1131088.0,1131088.0,0.0
national,DUE,annual,42,42,renter,1,without_young_child,574,77585.0,363532.0,363532.0,0.0
national,DUE,annual,42,42,renter,2,with_young_child,2113,257938.0,1305186.0,1305186.0,0.0
national,DUE,annual,42,42,renter,2,without_young_child,150,20215.0,102132.0,102132.0,0.0
national,DUE,annual,42,42,renter,3+,with_young_child,1479,178153.0,964424.0,964424.0,0.0
national,DUE,annual,42,42,renter,3+,without_young_child,22,2881.0,16503.0,16503.0,0.0
national,DUE,annual,43,43,owner,0,without_young_child,9280,890492.0,5298875.0,5298875.0,890492.0
national,DUE,annual,43,43,owner,1,with_young_child,5898,539763.0,3544731.0,3544731.0,539763.0
national,DUE,annual,43,43,owner,1,without_young_child,1603,151415.0,955478.0,955478.0,151415.0
national,DUE,annual,43,43,owner,2,with_young_child,10843,993384.0,6944819.0,6944819.0,993384.0
national,DUE,annual,43,43,owner,2,without_young_child,480,46274.0,306407.0,306407.0,46274.0
national,DUE,annual,43,43,owner,3+,with_young_child,6328,586877.0,4301472.0,4301472.0,586877.0
national,DUE,annual,43,43,owner,3+,without_young_child,63,6782.0,46042.0,46042.0,6782.0
national,DUE,annual,43,43,renter,0,without_young_child,5078,666166.0,2589008.0,2589008.0,0.0
national,DUE,annual,43,43,renter,1,with_young_child,1789,223973.0,1044939.0,1044939.0,0.0
national,DUE,annual,43,43,renter,1,without_young_child,730,97169.0,463197.0,463197.0,0.0
national,DUE,annual,43,43,renter,2,with_young_child,1890,230361.0,1175569.0,1175569.0,0.0
national,DUE,annual,43,43,renter,2,without_young_child,172,20645.0,106742.0,106742.0,0.0
national,DUE,annual,43,43,renter,3+,with_young_child,1319,159677.0,873219.0,873219.0,0.0
national,DUE,annual,43,43,renter,3+,without_young_child,33,4806.0,24727.0,24727.0,0.0
national,DUE,annual,44,44,owner,0,without_young_child,10230,971250.0,5778512.0,5778512.0,971250.0
national,DUE,annual,44,44,owner,1,with_young_child,5856,537913.0,3521235.0,3521235.0,537913.0
national,DUE,annual,44,44,owner,1,without_young_child,2040,195368.0,1230672.0,1230672.0,195368.0
national,DUE,annual,44,44,owner,2,with_young_child,10497,959231.0,6753824.0,6753824.0,959231.0
national,DUE,annual,44,44,owner,2,without_young_child,677,65257.0,423215.0,423215.0,65257.0
national,DUE,annual,44,44,owner,3+,with_young_child,6054,552366.0,4066688.0,4066688.0,552366.0
national,DUE,annual,44,44,owner,3+,without_young_child,79,7404.0,49254.0,49254.0,7404.0
national,DUE,annual,44,44,renter,0,without_young_child,5266,661084.0,2582768.0,2582768.0,0.0
national,DUE,annual,44,44,renter,1,with_young_child,1694,201984.0,944406.0,944406.0,0.0
national,DUE,annual,44,44,renter,1,without_young_child,782,102840.0,486330.0,486330.0,0.0
national,DUE,annual,44,44,renter,2,with_young_child,1782,209579.0,1075865.0,1075865.0,0.0
national,DUE,annual,44,44,renter,2,without_young_child,202,24357.0,130654.0,130654.0,0.0
national,DUE,annual,44,44,renter,3+,with_young_child,1154,145191.0,799717.0,799717.0,0.0
national,DUE,annual,44,44,renter,3+,without_young_child,33,5375.0,29169.0,29169.0,0.0
national,DUE,annual,45,45,owner,0,without_young_child,11501,1097364.0,6565960.0,6565960.0,1097364.0
national,DUE,annual,45,45,owner,1,with_young_child,6032,541679.0,3587010.0,3587010.0,541679.0
national,DUE,annual,45,45,owner,1,without_young_child,2632,243752.0,1552023.0,1552023.0,243752.0
national,DUE,annual,45,45,owner,2,with_young_child,10198,930053.0,6573815.0,6573815.0,930053.0
national,DUE,annual,45,45,owner,2,without_young_child,893,83560.0,551637.0,551637.0,83560.0
national,DUE,annual,45,45,owner,3+,with_young_child,5628,530187.0,3897943.0,3897943.0,530187.0
national,DUE,annual,45,45,owner,3+,without_young_child,144,16832.0,117912.0,117912.0,16832.0
national,DUE,annual,45,45,renter,0,without_young_child,5741,717752.0,2788577.0,2788577.0,0.0
national,DUE,annual,45,45,renter,1,with_young_child,1617,196561.0,928364.0,928364.0,0.0
national,DUE,annual,45,45,renter,1,without_young_child,870,107599.0,510228.0,510228.0,0.0
national,DUE,annual,45,45,renter,2,with_young_child,1631,196621.0,1010004.0,1010004.0,0.0
national,DUE,annual,45,45,renter,2,without_young_child,262,33353.0,173156.0,173156.0,0.0
national,DUE,annual,45,45,renter,3+,with_young_child,1094,134241.0,734198.0,734198.0,0.0
national,DUE,annual,45,45,renter,3+,without_young_child,50,6484.0,33707.0,33707.0,0.0
national,DUE,annual,46,46,owner,0,without_young_child,12147,1118144.0,6744675.0,6744675.0,1118144.0
national,DUE,annual,46,46,owner,1,with_young_child,5822,514998.0,3449744.0,3449744.0,514998.0
national,DUE,annual,46,46,owner,1,without_young_child,3004,268321.0,1724952.0,1724952.0,268321.0
national,DUE,annual,46,46,owner,2,with_young_child,9141,820367.0,5819235.0,5819235.0,820367.0
national,DUE,annual,46,46,owner,2,without_young_child,1137,109403.0,732884.0,732884.0,109403.0
national,DUE,annual,46,46,owner,3+,with_young_child,4934,447012.0,3299999.0,3299999.0,447012.0
national,DUE,annual,46,46,owner,3+,without_young_child,149,15126.0,104882.0,104882.0,15126.0
national,DUE,annual,46,46,renter,0,without_young_child,5610,675308.0,2649579.0,2649579.0,0.0
national,DUE,annual,46,46,renter,1,with_young_child,1462,171556.0,800452.0,800452.0,0.0
national,DUE,annual,46,46,renter,1,without_young_child,925,109056.0,508137.0,508137.0,0.0
national,DUE,annual,46,46,renter,2,with_young_child,1420,169576.0,872486.0,872486.0,0.0
national,DUE,annual,46,46,renter,2,without_young_child,247,30266.0,159766.0,159766.0,0.0
national,DUE,annual,46,46,renter,3+,with_young_child,946,110891.0,606320.0,606320.0,0.0
national,DUE,annual,46,46,renter,3+,without_young_child,49,6678.0,38498.0,38498.0,0.0
national,DUE,annual,47,47,owner,0,without_young_child,13495,1212615.0,7327480.0,7327480.0,1212615.0
national,DUE,annual,47,47,owner,1,with_young_child,5862,536817.0,3614559.0,3614559.0,536817.0
national,DUE,annual,47,47,owner,1,without_young_child,3752,339698.0,2178839.0,2178839.0,339698.0
national,DUE,annual,47,47,owner,2,with_young_child,8573,765423.0,5457395.0,5457395.0,765423.0
national,DUE,annual,47,47,owner,2,without_young_child,1375,124530.0,844410.0,844410.0,124530.0
national,DUE,annual,47,47,owner,3+,with_young_child,4453,412572.0,3036452.0,3036452.0,412572.0
national,DUE,annual,47,47,owner,3+,without_young_child,183,17586.0,118003.0,118003.0,17586.0
national,DUE,annual,47,47,renter,0,without_young_child,5868,705192.0,2796562.0,2796562.0,0.0
national,DUE,annual,47,47,renter,1,with_young_child,1321,155341.0,730011.0,730011.0,0.0
national,DUE,annual,47,47,renter,1,without_young_child,1070,132705.0,626682.0,626682.0,0.0
national,DUE,annual,47,47,renter,2,with_young_child,1274,149060.0,767807.0,767807.0,0.0
national,DUE,annual,47,47,renter,2,without_young_child,284,32204.0,163282.0,163282.0,0.0
national,DUE,annual,47,47,renter,3+,with_young_child,767,91281.0,501668.0,501668.0,0.0
national,DUE,annual,47,47,renter,3+,without_young_child,55,8608.0,48081.0,48081.0,0.0
national,DUE,annual,48,48,owner,0,without_young_child,15026,1337491.0,8139298.0,8139298.0,1337491.0
national,DUE,annual,48,48,owner,1,with_young_child,5679,506701.0,3433959.0,3433959.0,506701.0
national,DUE,annual,48,48,owner,1,without_young_child,4229,384453.0,2520980.0,2520980.0,384453.0
national,DUE,annual,48,48,owner,2,with_young_child,7741,685440.0,4881065.0,4881065.0,685440.0
national,DUE,annual,48,48,owner,2,without_young_child,1535,139907.0,941211.0,941211.0,139907.0
national,DUE,annual,48,48,owner,3+,with_young_child,3920,366752.0,2698595.0,2698595.0,366752.0
national,DUE,annual,48,48,owner,3+,without_young_child,240,21906.0,152198.0,152198.0,21906.0
national,DUE,annual,48,48,renter,0,without_young_child,6020,718197.0,2847736.0,2847736.0,0.0
national,DUE,annual,48,48,renter,1,with_young_child,1218,140366.0,665097.0,665097.0,0.0
national,DUE,annual,48,48,renter,1,without_young_child,1074,127201.0,597452.0,597452.0,0.0
national,DUE,annual,48,48,renter,2,with_young_child,1116,130744.0,672698.0,672698.0,0.0
national,DUE,annual,48,48,renter,2,without_young_child,314,38104.0,194082.0,194082.0,0.0
national,DUE,annual,48,48,renter,3+,with_young_child,647,79421.0,445729.0,445729.0,0.0
national,DUE,annual,48,48,renter,3+,without_young_child,45,5997.0,35739.0,35739.0,0.0
national,DUE,annual,49,49,owner,0,without_young_child,16430,1465121.0,8960152.0,8960152.0,1465121.0
national,DUE,annual,49,49,owner,1,with_young_child,5273,462433.0,3137670.0,3137670.0,462433.0
national,DUE,annual,49,49,owner,1,without_young_child,4686,425700.0,2799442.0,2799442.0,425700.0
national,DUE,annual,49,49,owner,2,with_young_child,6576,595282.0,4236355.0,4236355.0,595282.0
national,DUE,annual,49,49,owner,2,without_young_child,1727,163010.0,1122521.0,1122521.0,163010.0
national,DUE,annual,49,49,owner,3+,with_young_child,3129,288972.0,2128775.0,2128775.0,288972.0
national,DUE,annual,49,49,owner,3+,without_young_child,250,23765.0,167270.0,167270.0,23765.0
national,DUE,annual,49,49,renter,0,without_young_child,6083,716753.0,2853535.0,2853535.0,0.0
national,DUE,annual,49,49,renter,1,with_young_child,1145,129368.0,627114.0,627114.0,0.0
national,DUE,annual,49,49,renter,1,without_young_child,1090,127415.0,608517.0,608517.0,0.0
national,DUE,annual,49,49,renter,2,with_young_child,914,105502.0,542178.0,542178.0,0.0
national,DUE,annual,49,49,renter,2,without_young_child,315,37905.0,193312.0,193312.0,0.0
national,DUE,annual,49,49,renter,3+,with_young_child,543,65856.0,357751.0,357751.0,0.0
national,DUE,annual,49,49,renter,3+,without_young_child,41,4725.0,26482.0,26482.0,0.0
national,DUE,annual,50,50,owner,0,without_young_child,18893,1635708.0,10073669.0,10073669.0,1635708.0
national,DUE,annual,50,50,owner,1,with_young_child,5102,447691.0,3035684.0,3035684.0,447691.0
national,DUE,annual,50,50,owner,1,without_young_child,5330,479332.0,3149244.0,3149244.0,479332.0
national,DUE,annual,50,50,owner,2,with_young_child,5589,501960.0,3583209.0,3583209.0,501960.0
national,DUE,annual,50,50,owner,2,without_young_child,1944,180067.0,1242175.0,1242175.0,180067.0
national,DUE,annual,50,50,owner,3+,with_young_child,2747,245913.0,1799339.0,1799339.0,245913.0
national,DUE,annual,50,50,owner,3+,without_young_child,264,25888.0,182441.0,182441.0,25888.0
national,DUE,annual,50,50,renter,0,without_young_child,6528,741306.0,2975285.0,2975285.0,0.0
national,DUE,annual,50,50,renter,1,with_young_child,990,110164.0,517196.0,517196.0,0.0
national,DUE,annual,50,50,renter,1,without_young_child,1218,141326.0,676553.0,676553.0,0.0
national,DUE,annual,50,50,renter,2,with_young_child,802,87357.0,442516.0,442516.0,0.0
national,DUE,annual,50,50,renter,2,without_young_child,307,32774.0,168955.0,168955.0,0.0
national,DUE,annual,50,50,renter,3+,with_young_child,516,59995.0,329234.0,329234.0,0.0
national,DUE,annual,50,50,renter,3+,without_young_child,66,7927.0,45241.0,45241.0,0.0
national,DUE,annual,51,51,owner,0,without_young_child,18777,1605409.0,9966410.0,9966410.0,1605409.0
national,DUE,annual,51,51,owner,1,with_young_child,4434,380641.0,2617874.0,2617874.0,380641.0
national,DUE,annual,51,51,owner,1,without_young_child,5429,466812.0,3105157.0,3105157.0,466812.0
national,DUE,annual,51,51,owner,2,with_young_child,4547,399216.0,2863670.0,2863670.0,399216.0
national,DUE,annual,51,51,owner,2,without_young_child,1827,165063.0,1131310.0,1131310.0,165063.0
national,DUE,annual,51,51,owner,3+,with_young_child,2100,190640.0,1399826.0,1399826.0,190640.0
national,DUE,annual,51,51,owner,3+,without_young_child,293,27859.0,197629.0,197629.0,27859.0
national,DUE,annual,51,51,renter,0,without_young_child,6060,678719.0,2708984.0,2708984.0,0.0
national,DUE,annual,51,51,renter,1,with_young_child,862,99336.0,469175.0,469175.0,0.0
national,DUE,annual,51,51,renter,1,without_young_child,1139,128206.0,614245.0,614245.0,0.0
national,DUE,annual,51,51,renter,2,with_young_child,627,68459.0,346098.0,346098.0,0.0
national,DUE,annual,51,51,renter,2,without_young_child,307,37195.0,185348.0,185348.0,0.0
national,DUE,annual,51,51,renter,3+,with_young_child,377,41480.0,227366.0,227366.0,0.0
national,DUE,annual,51,51,renter,3+,without_young_child,42,4845.0,28997.0,28997.0,0.0
national,DUE,annual,52,52,owner,0,without_young_child,20480,1744894.0,10865468.0,10865468.0,1744894.0
national,DUE,annual,52,52,owner,1,with_young_child,3817,333938.0,2304537.0,2304537.0,333938.0
national,DUE,annual,52,52,owner,1,without_young_child,5797,497232.0,3293566.0,3293566.0,497232.0
national,DUE,annual,52,52,owner,2,with_young_child,3753,327159.0,2346424.0,2346424.0,327159.0
national,DUE,annual,52,52,owner,2,without_young_child,1854,166792.0,1151140.0,1151140.0,166792.0
national,DUE,annual,52,52,owner,3+,with_young_child,1772,156224.0,1153363.0,1153363.0,156224.0
national,DUE,annual,52,52,owner,3+,without_young_child,292,27390.0,191245.0,191245.0,27390.0
national,DUE,annual,52,52,renter,0,without_young_child,6167,685803.0,2754793.0,2754793.0,0.0
national,DUE,annual,52,52,renter,1,with_young_child,686,78679.0,375879.0,375879.0,0.0
national,DUE,annual,52,52,renter,1,without_young_child,1106,123825.0,595113.0,595113.0,0.0
national,DUE,annual,52,52,renter,2,with_young_child,503,54370.0,279840.0,279840.0,0.0
national,DUE,annual,52,52,renter,2,without_young_child,278,30443.0,151622.0,151622.0,0.0
national,DUE,annual,52,52,renter,3+,with_young_child,303,36923.0,199149.0,199149.0,0.0
national,DUE,annual,52,52,renter,3+,without_young_child,61,7533.0,39006.0,39006.0,0.0
national,DUE,annual,53,53,owner,0,without_young_child,21661,1811572.0,11380447.0,11380447.0,1811572.0
national,DUE,annual,53,53,owner,1,with_young_child,3325,288090.0,1989103.0,1989103.0,288090.0
national,DUE,annual,53,53,owner,1,without_young_child,5831,510101.0,3409758.0,3409758.0,510101.0
national,DUE,annual,53,53,owner,2,with_young_child,3083,270110.0,1939154.0,1939154.0,270110.0
national,DUE,annual,53,53,owner,2,without_young_child,1812,155196.0,1075064.0,1075064.0,155196.0
national,DUE,annual,53,53,owner,3+,with_young_child,1378,122088.0,902202.0,902202.0,122088.0
national,DUE,annual,53,53,owner,3+,without_young_child,279,23908.0,165915.0,165915.0,23908.0
national,DUE,annual,53,53,renter,0,without_young_child,6316,686982.0,2793959.0,2793959.0,0.0
national,DUE,annual,53,53,renter,1,with_young_child,551,57944.0,272746.0,272746.0,0.0
national,DUE,annual,53,53,renter,1,without_young_child,1154,128537.0,613011.0,613011.0,0.0
national,DUE,annual,53,53,renter,2,with_young_child,435,47443.0,252979.0,252979.0,0.0
national,DUE,annual,53,53,renter,2,without_young_child,251,27744.0,149371.0,149371.0,0.0
national,DUE,annual,53,53,renter,3+,with_young_child,288,32544.0,178382.0,178382.0,0.0
national,DUE,annual,53,53,renter,3+,without_young_child,49,5831.0,33826.0,33826.0,0.0
national,DUE,annual,54,54,owner,0,without_young_child,22684,1896249.0,11970005.0,11970005.0,1896249.0
national,DUE,annual,54,54,owner,1,with_young_child,2774,235800.0,1635395.0,1635395.0,235800.0
national,DUE,annual,54,54,owner,1,without_young_child,5811,503034.0,3362457.0,3362457.0,503034.0
national,DUE,annual,54,54,owner,2,with_young_child,2339,205427.0,1464739.0,1464739.0,205427.0
national,DUE,annual,54,54,owner,2,without_young_child,1609,151194.0,1043019.0,1043019.0,151194.0
national,DUE,annual,54,54,owner,3+,with_young_child,1114,100122.0,731429.0,731429.0,100122.0
national,DUE,annual,54,54,owner,3+,without_young_child,256,24657.0,176981.0,176981.0,24657.0
national,DUE,annual,54,54,renter,0,without_young_child,5990,637744.0,2543998.0,2543998.0,0.0
national,DUE,annual,54,54,renter,1,with_young_child,452,48850.0,234527.0,234527.0,0.0
national,DUE,annual,54,54,renter,1,without_young_child,1083,115045.0,556701.0,556701.0,0.0
national,DUE,annual,54,54,renter,2,with_young_child,336,35128.0,176346.0,176346.0,0.0
national,DUE,annual,54,54,renter,2,without_young_child,217,23431.0,122227.0,122227.0,0.0
national,DUE,annual,54,54,renter,3+,with_young_child,208,22955.0,121278.0,121278.0,0.0
national,DUE,annual,54,54,renter,3+,without_young_child,54,5164.0,28549.0,28549.0,0.0
national,DUE,annual,55,55,owner,0,without_young_child,23763,1985370.0,12544540.0,12544540.0,1985370.0
national,DUE,annual,55,55,owner,1,with_young_child,2325,196510.0,1359733.0,1359733.0,196510.0
national,DUE,annual,55,55,owner,1,without_young_child,5691,496672.0,3334638.0,3334638.0,496672.0
national,DUE,annual,55,55,owner,2,with_young_child,1804,159349.0,1136975.0,1136975.0,159349.0
national,DUE,annual,55,55,owner,2,without_young_child,1561,145760.0,1003952.0,1003952.0,145760.0
national,DUE,annual,55,55,owner,3+,with_young_child,787,71971.0,529142.0,529142.0,71971.0
national,DUE,annual,55,55,owner,3+,without_young_child,229,21389.0,149217.0,149217.0,21389.0
national,DUE,annual,55,55,renter,0,without_young_child,6189,671050.0,2692868.0,2692868.0,0.0
national,DUE,annual,55,55,renter,1,with_young_child,377,41300.0,196023.0,196023.0,0.0
national,DUE,annual,55,55,renter,1,without_young_child,1046,116103.0,556086.0,556086.0,0.0
national,DUE,annual,55,55,renter,2,with_young_child,270,30886.0,156900.0,156900.0,0.0
national,DUE,annual,55,55,renter,2,without_young_child,273,30200.0,150104.0,150104.0,0.0
national,DUE,annual,55,55,renter,3+,with_young_child,168,20281.0,113009.0,113009.0,0.0
national,DUE,annual,55,55,renter,3+,without_young_child,46,5081.0,23887.0,23887.0,0.0
national,DUE,annual,56,56,owner,0,without_young_child,24168,2005522.0,12717901.0,12717901.0,2005522.0
national,DUE,annual,56,56,owner,1,with_young_child,1789,154402.0,1055607.0,1055607.0,154402.0
national,DUE,annual,56,56,owner,1,without_young_child,5445,471674.0,3177026.0,3177026.0,471674.0
national,DUE,annual,56,56,owner,2,with_young_child,1439,124647.0,892823.0,892823.0,124647.0
national,DUE,annual,56,56,owner,2,without_young_child,1323,122088.0,845228.0,845228.0,122088.0
national,DUE,annual,56,56,owner,3+,with_young_child,608,55288.0,393892.0,393892.0,55288.0
national,DUE,annual,56,56,owner,3+,without_young_child,224,22823.0,161116.0,161116.0,22823.0
national,DUE,annual,56,56,renter,0,without_young_child,5879,629773.0,2560721.0,2560721.0,0.0
national,DUE,annual,56,56,renter,1,with_young_child,275,32464.0,151904.0,151904.0,0.0
national,DUE,annual,56,56,renter,1,without_young_child,1017,110129.0,535663.0,535663.0,0.0
national,DUE,annual,56,56,renter,2,with_young_child,206,23426.0,122387.0,122387.0,0.0
national,DUE,annual,56,56,renter,2,without_young_child,251,26411.0,135049.0,135049.0,0.0
national,DUE,annual,56,56,renter,3+,with_young_child,116,12669.0,71315.0,71315.0,0.0
national,DUE,annual,56,56,renter,3+,without_young_child,53,5773.0,32844.0,32844.0,0.0
national,DUE,annual,57,57,owner,0,without_young_child,26197,2157375.0,13763355.0,13763355.0,2157375.0
national,DUE,annual,57,57,owner,1,with_young_child,1482,123350.0,842267.0,842267.0,123350.0
national,DUE,annual,57,57,owner,1,without_young_child,5342,455538.0,3076551.0,3076551.0,455538.0
national,DUE,annual,57,57,owner,2,with_young_child,1100,95836.0,688657.0,688657.0,95836.0
national,DUE,annual,57,57,owner,2,without_young_child,1354,120025.0,834368.0,834368.0,120025.0
national,DUE,annual,57,57,owner,3+,with_young_child,519,46526.0,331030.0,331030.0,46526.0
national,DUE,annual,57,57,owner,3+,without_young_child,249,21905.0,153018.0,153018.0,21905.0
national,DUE,annual,57,57,renter,0,without_young_child,5976,630875.0,2536176.0,2536176.0,0.0
national,DUE,annual,57,57,renter,1,with_young_child,268,28351.0,140597.0,140597.0,0.0
national,DUE,annual,57,57,renter,1,without_young_child,942,99721.0,481056.0,481056.0,0.0
national,DUE,annual,57,57,renter,2,with_young_child,148,14585.0,72567.0,72567.0,0.0
national,DUE,annual,57,57,renter,2,without_young_child,236,25479.0,133659.0,133659.0,0.0
national,DUE,annual,57,57,renter,3+,with_young_child,98,9805.0,55224.0,55224.0,0.0
national,DUE,annual,57,57,renter,3+,without_young_child,47,5011.0,27199.0,27199.0,0.0
national,DUE,annual,58,58,owner,0,without_young_child,28051,2285719.0,14580202.0,14580202.0,2285719.0
national,DUE,annual,58,58,owner,1,with_young_child,1305,115121.0,788514.0,788514.0,115121.0
national,DUE,annual,58,58,owner,1,without_young_child,5398,464536.0,3113564.0,3113564.0,464536.0
national,DUE,annual,58,58,owner,2,with_young_child,838,73609.0,526818.0,526818.0,73609.0
national,DUE,annual,58,58,owner,2,without_young_child,1139,103590.0,715687.0,715687.0,103590.0
national,DUE,annual,58,58,owner,3+,with_young_child,418,36452.0,260746.0,260746.0,36452.0
national,DUE,annual,58,58,owner,3+,without_young_child,212,18699.0,131938.0,131938.0,18699.0
national,DUE,annual,58,58,renter,0,without_young_child,5986,629159.0,2521275.0,2521275.0,0.0
national,DUE,annual,58,58,renter,1,with_young_child,223,23669.0,111089.0,111089.0,0.0
national,DUE,annual,58,58,renter,1,without_young_child,939,101651.0,474730.0,474730.0,0.0
national,DUE,annual,58,58,renter,2,with_young_child,143,14201.0,73566.0,73566.0,0.0
national,DUE,annual,58,58,renter,2,without_young_child,159,18254.0,94165.0,94165.0,0.0
national,DUE,annual,58,58,renter,3+,with_young_child,91,9550.0,54237.0,54237.0,0.0
national,DUE,annual,58,58,renter,3+,without_young_child,48,5718.0,34052.0,34052.0,0.0
national,DUE,annual,59,59,owner,0,without_young_child,26195,2134484.0,13583870.0,13583870.0,2134484.0
national,DUE,annual,59,59,owner,1,with_young_child,914,77398.0,529654.0,529654.0,77398.0
national,DUE,annual,59,59,owner,1,without_young_child,4665,400231.0,2687166.0,2687166.0,400231.0
national,DUE,annual,59,59,owner,2,with_young_child,607,53029.0,378851.0,378851.0,53029.0
national,DUE,annual,59,59,owner,2,without_young_child,1018,90528.0,622611.0,622611.0,90528.0
national,DUE,annual,59,59,owner,3+,with_young_child,285,25168.0,180909.0,180909.0,25168.0
national,DUE,annual,59,59,owner,3+,without_young_child,174,16836.0,115985.0,115985.0,16836.0
national,DUE,annual,59,59,renter,0,without_young_child,5541,581052.0,2331559.0,2331559.0,0.0
national,DUE,annual,59,59,renter,1,with_young_child,138,15854.0,75732.0,75732.0,0.0
national,DUE,annual,59,59,renter,1,without_young_child,803,85992.0,407818.0,407818.0,0.0
national,DUE,annual,59,59,renter,2,with_young_child,101,10923.0,53617.0,53617.0,0.0
national,DUE,annual,59,59,renter,2,without_young_child,134,13558.0,69041.0,69041.0,0.0
national,DUE,annual,59,59,renter,3+,with_young_child,66,6999.0,37305.0,37305.0,0.0
national,DUE,annual,59,59,renter,3+,without_young_child,29,2661.0,13881.0,13881.0,0.0
national,DUE,annual,60,60,owner,0,without_young_child,23539,1919052.0,12165922.0,12165922.0,1919052.0
national,DUE,annual,60,60,owner,1,with_young_child,692,58090.0,397870.0,397870.0,58090.0
national,DUE,annual,60,60,owner,1,without_young_child,4003,344004.0,2281708.0,2281708.0,344004.0
national,DUE,annual,60,60,owner,2,with_young_child,445,40436.0,282777.0,282777.0,40436.0
national,DUE,annual,60,60,owner,2,without_young_child,820,72454.0,483846.0,483846.0,72454.0
national,DUE,annual,60,60,owner,3+,with_young_child,169,16141.0,108448.0,108448.0,16141.0
national,DUE,annual,60,60,owner,3+,without_young_child,137,13943.0,98157.0,98157.0,13943.0
national,DUE,annual,60,60,renter,0,without_young_child,4994,521623.0,2075164.0,2075164.0,0.0
national,DUE,annual,60,60,renter,1,with_young_child,116,12043.0,55908.0,55908.0,0.0
national,DUE,annual,60,60,renter,1,without_young_child,691,75795.0,349806.0,349806.0,0.0
national,DUE,annual,60,60,renter,2,with_young_child,63,6698.0,33447.0,33447.0,0.0
national,DUE,annual,60,60,renter,2,without_young_child,126,13939.0,73053.0,73053.0,0.0
national,DUE,annual,60,60,renter,3+,with_young_child,47,5157.0,27881.0,27881.0,0.0
national,DUE,annual,60,60,renter,3+,without_young_child,30,2992.0,15794.0,15794.0,0.0
national,DUE,annual,61,61,owner,0,without_young_child,23035,1870163.0,11885739.0,11885739.0,1870163.0
national,DUE,annual,61,61,owner,1,with_young_child,490,41102.0,279105.0,279105.0,41102.0
national,DUE,annual,61,61,owner,1,without_young_child,3517,300281.0,1987094.0,1987094.0,300281.0
national,DUE,annual,61,61,owner,2,with_young_child,338,30415.0,217148.0,217148.0,30415.0
national,DUE,annual,61,61,owner,2,without_young_child,666,59972.0,405683.0,405683.0,59972.0
national,DUE,annual,61,61,owner,3+,with_young_child,150,13860.0,97381.0,97381.0,13860.0
national,DUE,annual,61,61,owner,3+,without_young_child,99,9160.0,64008.0,64008.0,9160.0
national,DUE,annual,61,61,renter,0,without_young_child,4584,463520.0,1825355.0,1825355.0,0.0
national,DUE,annual,61,61,renter,1,with_young_child,101,9912.0,49045.0,49045.0,0.0
national,DUE,annual,61,61,renter,1,without_young_child,608,65115.0,309573.0,309573.0,0.0
national,DUE,annual,61,61,renter,2,with_young_child,54,6057.0,31211.0,31211.0,0.0
national,DUE,annual,61,61,renter,2,without_young_child,116,12071.0,62406.0,62406.0,0.0
national,DUE,annual,61,61,renter,3+,with_young_child,43,4577.0,24949.0,24949.0,0.0
national,DUE,annual,61,61,renter,3+,without_young_child,25,2221.0,11582.0,11582.0,0.0
national,DUE,annual,62,62,owner,0,without_young_child,24926,1999059.0,12650512.0,12650512.0,1999059.0
national,DUE,annual,62,62,owner,1,with_young_child,462,41386.0,278715.0,278715.0,41386.0
national,DUE,annual,62,62,owner,1,without_young_child,3657,308769.0,2052400.0,2052400.0,308769.0
national,DUE,annual,62,62,owner,2,with_young_child,261,21911.0,157702.0,157702.0,21911.0
national,DUE,annual,62,62,owner,2,without_young_child,666,61996.0,420985.0,420985.0,61996.0
national,DUE,annual,62,62,owner,3+,with_young_child,121,11076.0,81114.0,81114.0,11076.0
national,DUE,annual,62,62,owner,3+,without_young_child,131,13555.0,97077.0,97077.0,13555.0
national,DUE,annual,62,62,renter,0,without_young_child,4778,494282.0,1961284.0,1961284.0,0.0
national,DUE,annual,62,62,renter,1,with_young_child,79,8667.0,40274.0,40274.0,0.0
national,DUE,annual,62,62,renter,1,without_young_child,647,71450.0,344619.0,344619.0,0.0
national,DUE,annual,62,62,renter,2,with_young_child,39,3331.0,17970.0,17970.0,0.0
national,DUE,annual,62,62,renter,2,without_young_child,114,12735.0,65538.0,65538.0,0.0
national,DUE,annual,62,62,renter,3+,with_young_child,33,3368.0,19089.0,19089.0,0.0
national,DUE,annual,62,62,renter,3+,without_young_child,23,2915.0,14920.0,14920.0,0.0
national,DUE,annual,63,63,owner,0,without_young_child,23940,1893592.0,11939390.0,11939390.0,1893592.0
national,DUE,annual,63,63,owner,1,with_young_child,343,28818.0,198774.0,198774.0,28818.0
national,DUE,annual,63,63,owner,1,without_young_child,3317,279699.0,1840226.0,1840226.0,279699.0
national,DUE,annual,63,63,owner,2,with_young_child,211,18130.0,122569.0,122569.0,18130.0
national,DUE,annual,63,63,owner,2,without_young_child,561,49354.0,332978.0,332978.0,49354.0
national,DUE,annual,63,63,owner,3+,with_young_child,94,8221.0,57538.0,57538.0,8221.0
national,DUE,annual,63,63,owner,3+,without_young_child,102,9252.0,63422.0,63422.0,9252.0
national,DUE,annual,63,63,renter,0,without_young_child,4630,465002.0,1847456.0,1847456.0,0.0
national,DUE,annual,63,63,renter,1,with_young_child,67,7241.0,36675.0,36675.0,0.0
national,DUE,annual,63,63,renter,1,without_young_child,568,58149.0,275954.0,275954.0,0.0
national,DUE,annual,63,63,renter,2,with_young_child,41,4761.0,23241.0,23241.0,0.0
national,DUE,annual,63,63,renter,2,without_young_child,99,11186.0,56066.0,56066.0,0.0
national,DUE,annual,63,63,renter,3+,with_young_child,32,4260.0,21791.0,21791.0,0.0
national,DUE,annual,63,63,renter,3+,without_young_child,10,821.0,4712.0,4712.0,0.0
national,DUE,annual,64,64,owner,0,without_young_child,22250,1768406.0,11111340.0,11111340.0,1768406.0
national,DUE,annual,64,64,owner,1,with_young_child,254,22123.0,151588.0,151588.0,22123.0
national,DUE,annual,64,64,owner,1,without_young_child,2962,247208.0,1614902.0,1614902.0,247208.0
national,DUE,annual,64,64,owner,2,with_young_child,153,12428.0,86024.0,86024.0,12428.0
national,DUE,annual,64,64,owner,2,without_young_child,485,41404.0,273723.0,273723.0,41404.0
national,DUE,annual,64,64,owner,3+,with_young_child,65,5887.0,41598.0,41598.0,5887.0
national,DUE,annual,64,64,owner,3+,without_young_child,86,7798.0,55715.0,55715.0,7798.0
national,DUE,annual,64,64,renter,0,without_young_child,4222,418890.0,1635396.0,1635396.0,0.0
national,DUE,annual,64,64,renter,1,with_young_child,58,6970.0,30792.0,30792.0,0.0
national,DUE,annual,64,64,renter,1,without_young_child,512,52758.0,248682.0,248682.0,0.0
national,DUE,annual,64,64,renter,2,with_young_child,28,3470.0,16783.0,16783.0,0.0
national,DUE,annual,64,64,renter,2,without_young_child,84,8756.0,45623.0,45623.0,0.0
national,DUE,annual,64,64,renter,3+,with_young_child,20,1871.0,10159.0,10159.0,0.0
national,DUE,annual,64,64,renter,3+,without_young_child,16,1590.0,9645.0,9645.0,0.0
national,DUE,annual,65,65,owner,0,without_young_child,21790,1690148.0,10480911.0,10480911.0,1690148.0
national,DUE,annual,65,65,owner,1,with_young_child,161,13589.0,90255.0,90255.0,13589.0
national,DUE,annual,65,65,owner,1,without_young_child,2923,242694.0,1575066.0,1575066.0,242694.0
national,DUE,annual,65,65,owner,2,with_young_child,101,8550.0,57773.0,57773.0,8550.0
national,DUE,annual,65,65,owner,2,without_young_child,474,40053.0,265833.0,265833.0,40053.0
national,DUE,annual,65,65,owner,3+,with_young_child,48,4695.0,34778.0,34778.0,4695.0
national,DUE,annual,65,65,owner,3+,without_young_child,93,9023.0,58297.0,58297.0,9023.0
national,DUE,annual,65,65,renter,0,without_young_child,4320,433480.0,1668080.0,1668080.0,0.0
national,DUE,annual,65,65,renter,1,with_young_child,25,2147.0,9099.0,9099.0,0.0
national,DUE,annual,65,65,renter,1,without_young_child,482,50955.0,239582.0,239582.0,0.0
national,DUE,annual,65,65,renter,2,with_young_child,17,2204.0,11394.0,11394.0,0.0
national,DUE,annual,65,65,renter,2,without_young_child,66,6649.0,33634.0,33634.0,0.0
national,DUE,annual,65,65,renter,3+,with_young_child,10,1262.0,5485.0,5485.0,0.0
national,DUE,annual,65,65,renter,3+,without_young_child,20,1784.0,9287.0,9287.0,0.0
national,DUE,annual,66,66,owner,0,without_young_child,20344,1574517.0,9797340.0,9797340.0,1574517.0
national,DUE,annual,66,66,owner,1,with_young_child,158,12059.0,82506.0,82506.0,12059.0
national,DUE,annual,66,66,owner,1,without_young_child,2580,214553.0,1388666.0,1388666.0,214553.0
national,DUE,annual,66,66,owner,2,with_young_child,99,7944.0,56586.0,56586.0,7944.0
national,DUE,annual,66,66,owner,2,without_young_child,386,32696.0,218756.0,218756.0,32696.0
national,DUE,annual,66,66,owner,3+,with_young_child,33,2369.0,16720.0,16720.0,2369.0
national,DUE,annual,66,66,owner,3+,without_young_child,77,7077.0,48949.0,48949.0,7077.0
national,DUE,annual,66,66,renter,0,without_young_child,3869,373418.0,1438129.0,1438129.0,0.0
national,DUE,annual,66,66,renter,1,with_young_child,25,2496.0,11232.0,11232.0,0.0
national,DUE,annual,66,66,renter,1,without_young_child,404,44506.0,206954.0,206954.0,0.0
national,DUE,annual,66,66,renter,2,with_young_child,17,1659.0,8017.0,8017.0,0.0
national,DUE,annual,66,66,renter,2,without_young_child,69,6090.0,31494.0,31494.0,0.0
national,DUE,annual,66,66,renter,3+,with_young_child,13,1650.0,8645.0,8645.0,0.0
national,DUE,annual,66,66,renter,3+,without_young_child,13,1483.0,8019.0,8019.0,0.0
national,DUE,annual,67,67,owner,0,without_young_child,20639,1610418.0,10012014.0,10012014.0,1610418.0
national,DUE,annual,67,67,owner,1,with_young_child,151,11884.0,81335.0,81335.0,11884.0
national,DUE,annual,67,67,owner,1,without_young_child,2623,218425.0,1415478.0,1415478.0,218425.0
national,DUE,annual,67,67,owner,2,with_young_child,77,8043.0,53617.0,53617.0,8043.0
national,DUE,annual,67,67,owner,2,without_young_child,348,30171.0,198083.0,198083.0,30171.0
national,DUE,annual,67,67,owner,3+,with_young_child,28,2058.0,13911.0,13911.0,2058.0
national,DUE,annual,67,67,owner,3+,without_young_child,73,5839.0,38702.0,38702.0,5839.0
national,DUE,annual,67,67,renter,0,without_young_child,3948,385925.0,1500638.0,1500638.0,0.0
national,DUE,annual,67,67,renter,1,with_young_child,19,1988.0,8918.0,8918.0,0.0
national,DUE,annual,67,67,renter,1,without_young_child,397,42071.0,199362.0,199362.0,0.0
national,DUE,annual,67,67,renter,2,with_young_child,21,2787.0,14153.0,14153.0,0.0
national,DUE,annual,67,67,renter,2,without_young_child,44,4282.0,22128.0,22128.0,0.0
national,DUE,annual,67,67,renter,3+,with_young_child,8,767.0,4083.0,4083.0,0.0
national,DUE,annual,67,67,renter,3+,without_young_child,14,1084.0,5733.0,5733.0,0.0
national,DUE,annual,68,68,owner,0,without_young_child,19236,1487108.0,9220335.0,9220335.0,1487108.0
national,DUE,annual,68,68,owner,1,with_young_child,116,9354.0,60135.0,60135.0,9354.0
national,DUE,annual,68,68,owner,1,without_young_child,2475,205120.0,1318955.0,1318955.0,205120.0
national,DUE,annual,68,68,owner,2,with_young_child,72,5940.0,41107.0,41107.0,5940.0
national,DUE,annual,68,68,owner,2,without_young_child,361,30702.0,204288.0,204288.0,30702.0
national,DUE,annual,68,68,owner,3+,with_young_child,25,2055.0,13633.0,13633.0,2055.0
national,DUE,annual,68,68,owner,3+,without_young_child,53,4948.0,32994.0,32994.0,4948.0
national,DUE,annual,68,68,renter,0,without_young_child,3603,344953.0,1330203.0,1330203.0,0.0
national,DUE,annual,68,68,renter,1,with_young_child,15,1329.0,6222.0,6222.0,0.0
national,DUE,annual,68,68,renter,1,without_young_child,361,36754.0,175180.0,175180.0,0.0
national,DUE,annual,68,68,renter,2,with_young_child,13,1660.0,9300.0,9300.0,0.0
national,DUE,annual,68,68,renter,2,without_young_child,59,6091.0,30787.0,30787.0,0.0
national,DUE,annual,68,68,renter,3+,with_young_child,10,1098.0,6490.0,6490.0,0.0
national,DUE,annual,68,68,renter,3+,without_young_child,13,1816.0,10704.0,10704.0,0.0
national,DUE,annual,69,69,owner,0,without_young_child,18696,1440030.0,8854577.0,8854577.0,1440030.0
national,DUE,annual,69,69,owner,1,with_young_child,85,6410.0,43576.0,43576.0,6410.0
national,DUE,annual,69,69,owner,1,without_young_child,2283,186011.0,1184295.0,1184295.0,186011.0
national,DUE,annual,69,69,owner,2,with_young_child,62,4768.0,33322.0,33322.0,4768.0
national,DUE,annual,69,69,owner,2,without_young_child,324,28116.0,186796.0,186796.0,28116.0
national,DUE,annual,69,69,owner,3+,with_young_child,24,1557.0,10703.0,10703.0,1557.0
national,DUE,annual,69,69,owner,3+,without_young_child,59,5778.0,39835.0,39835.0,5778.0
national,DUE,annual,69,69,renter,0,without_young_child,3665,354199.0,1355350.0,1355350.0,0.0
national,DUE,annual,69,69,renter,1,with_young_child,14,1175.0,5065.0,5065.0,0.0
national,DUE,annual,69,69,renter,1,without_young_child,331,33331.0,159442.0,159442.0,0.0
national,DUE,annual,69,69,renter,2,with_young_child,7,1004.0,4164.0,4164.0,0.0
national,DUE,annual,69,69,renter,2,without_young_child,48,4860.0,26383.0,26383.0,0.0
national,DUE,annual,69,69,renter,3+,with_young_child,4,348.0,2357.0,2357.0,0.0
national,DUE,annual,69,69,renter,3+,without_young_child,6,644.0,3523.0,3523.0,0.0
national,DUE,annual,70,70,owner,0,without_young_child,19100,1472891.0,8984072.0,8984072.0,1472891.0
national,DUE,annual,70,70,owner,1,with_young_child,63,4797.0,30625.0,30625.0,4797.0
national,DUE,annual,70,70,owner,1,without_young_child,2404,197357.0,1254067.0,1254067.0,197357.0
national,DUE,annual,70,70,owner,2,with_young_child,49,4372.0,29797.0,29797.0,4372.0
national,DUE,annual,70,70,owner,2,without_young_child,356,30522.0,197926.0,197926.0,30522.0
national,DUE,annual,70,70,owner,3+,with_young_child,22,2267.0,15002.0,15002.0,2267.0
national,DUE,annual,70,70,owner,3+,without_young_child,64,6019.0,38752.0,38752.0,6019.0
national,DUE,annual,70,70,renter,0,without_young_child,3780,370000.0,1428646.0,1428646.0,0.0
national,DUE,annual,70,70,renter,1,with_young_child,14,1367.0,6281.0,6281.0,0.0
national,DUE,annual,70,70,renter,1,without_young_child,345,34418.0,167224.0,167224.0,0.0
national,DUE,annual,70,70,renter,2,with_young_child,9,941.0,4516.0,4516.0,0.0
national,DUE,annual,70,70,renter,2,without_young_child,46,5001.0,25707.0,25707.0,0.0
national,DUE,annual,70,70,renter,3+,with_young_child,3,200.0,984.0,984.0,0.0
national,DUE,annual,70,70,renter,3+,without_young_child,14,1348.0,7403.0,7403.0,0.0
national,DUE,annual,71,71,owner,0,without_young_child,17681,1359343.0,8296190.0,8296190.0,1359343.0
national,DUE,annual,71,71,owner,1,with_young_child,58,5229.0,33066.0,33066.0,5229.0
national,DUE,annual,71,71,owner,1,without_young_child,2183,177641.0,1130317.0,1130317.0,177641.0
national,DUE,annual,71,71,owner,2,with_young_child,31,3695.0,23738.0,23738.0,3695.0
national,DUE,annual,71,71,owner,2,without_young_child,266,24386.0,165439.0,165439.0,24386.0
national,DUE,annual,71,71,owner,3+,with_young_child,19,1582.0,11503.0,11503.0,1582.0
national,DUE,annual,71,71,owner,3+,without_young_child,50,3847.0,25314.0,25314.0,3847.0
national,DUE,annual,71,71,renter,0,without_young_child,3371,316591.0,1180271.0,1180271.0,0.0
national,DUE,annual,71,71,renter,1,with_young_child,7,764.0,5016.0,5016.0,0.0
national,DUE,annual,71,71,renter,1,without_young_child,282,27311.0,133902.0,133902.0,0.0
national,DUE,annual,71,71,renter,2,with_young_child,5,464.0,2185.0,2185.0,0.0
national,DUE,annual,71,71,renter,2,without_young_child,49,6352.0,31361.0,31361.0,0.0
national,DUE,annual,71,71,renter,3+,with_young_child,5,708.0,3838.0,3838.0,0.0
national,DUE,annual,71,71,renter,3+,without_young_child,18,1641.0,8619.0,8619.0,0.0
national,DUE,annual,72,72,owner,0,without_young_child,17375,1327273.0,8048223.0,8048223.0,1327273.0
national,DUE,annual,72,72,owner,1,with_young_child,36,2642.0,17579.0,17579.0,2642.0
national,DUE,annual,72,72,owner,1,without_young_child,2255,183357.0,1164621.0,1164621.0,183357.0
national,DUE,annual,72,72,owner,2,with_young_child,36,3425.0,20280.0,20280.0,3425.0
national,DUE,annual,72,72,owner,2,without_young_child,258,22904.0,151175.0,151175.0,22904.0
national,DUE,annual,72,72,owner,3+,with_young_child,13,1280.0,7112.0,7112.0,1280.0
national,DUE,annual,72,72,owner,3+,without_young_child,52,4609.0,30218.0,30218.0,4609.0
national,DUE,annual,72,72,renter,0,without_young_child,3473,328726.0,1235686.0,1235686.0,0.0
national,DUE,annual,72,72,renter,1,with_young_child,5,427.0,2097.0,2097.0,0.0
national,DUE,annual,72,72,renter,1,without_young_child,315,30352.0,143739.0,143739.0,0.0
national,DUE,annual,72,72,renter,2,with_young_child,5,433.0,2124.0,2124.0,0.0
national,DUE,annual,72,72,renter,2,without_young_child,47,5240.0,28516.0,28516.0,0.0
national,DUE,annual,72,72,renter,3+,with_young_child,7,894.0,3524.0,3524.0,0.0
national,DUE,annual,72,72,renter,3+,without_young_child,9,1142.0,5408.0,5408.0,0.0
national,DUE,annual,73,73,owner,0,without_young_child,17173,1317229.0,7972386.0,7972386.0,1317229.0
national,DUE,annual,73,73,owner,1,with_young_child,30,2811.0,18700.0,18700.0,2811.0
national,DUE,annual,73,73,owner,1,without_young_child,2135,169488.0,1070753.0,1070753.0,169488.0
national,DUE,annual,73,73,owner,2,with_young_child,18,1388.0,10246.0,10246.0,1388.0
national,DUE,annual,73,73,owner,2,without_young_child,272,23159.0,149376.0,149376.0,23159.0
national,DUE,annual,73,73,owner,3+,with_young_child,8,519.0,3612.0,3612.0,519.0
national,DUE,annual,73,73,owner,3+,without_young_child,39,4052.0,26460.0,26460.0,4052.0
national,DUE,annual,73,73,renter,0,without_young_child,3483,326263.0,1230975.0,1230975.0,0.0
national,DUE,annual,73,73,renter,1,with_young_child,9,911.0,4061.0,4061.0,0.0
national,DUE,annual,73,73,renter,1,without_young_child,293,30623.0,149058.0,149058.0,0.0
national,DUE,annual,73,73,renter,2,with_young_child,6,713.0,3211.0,3211.0,0.0
national,DUE,annual,73,73,renter,2,without_young_child,42,5181.0,27619.0,27619.0,0.0
national,DUE,annual,73,73,renter,3+,with_young_child,5,1321.0,6208.0,6208.0,0.0
national,DUE,annual,73,73,renter,3+,without_young_child,5,561.0,2808.0,2808.0,0.0
national,DUE,annual,74,74,owner,0,without_young_child,16973,1298428.0,7838211.0,7838211.0,1298428.0
national,DUE,annual,74,74,owner,1,with_young_child,27,2145.0,13835.0,13835.0,2145.0
national,DUE,annual,74,74,owner,1,without_young_child,2041,167449.0,1059516.0,1059516.0,167449.0
national,DUE,annual,74,74,owner,2,with_young_child,24,1485.0,9542.0,9542.0,1485.0
national,DUE,annual,74,74,owner,2,without_young_child,292,24087.0,161542.0,161542.0,24087.0
national,DUE,annual,74,74,owner,3+,with_young_child,7,907.0,6343.0,6343.0,907.0
national,DUE,annual,74,74,owner,3+,without_young_child,48,3676.0,24506.0,24506.0,3676.0
national,DUE,annual,74,74,renter,0,without_young_child,3410,332123.0,1237012.0,1237012.0,0.0
national,DUE,annual,74,74,renter,1,with_young_child,6,317.0,1677.0,1677.0,0.0
national,DUE,annual,74,74,renter,1,without_young_child,277,28123.0,137784.0,137784.0,0.0
national,DUE,annual,74,74,renter,2,with_young_child,2,204.0,1356.0,1356.0,0.0
national,DUE,annual,74,74,renter,2,without_young_child,32,2988.0,16341.0,16341.0,0.0
national,DUE,annual,74,74,renter,3+,with_young_child,3,393.0,1689.0,1689.0,0.0
national,DUE,annual,74,74,renter,3+,without_young_child,8,838.0,5389.0,5389.0,0.0
national,DUE,annual,75,75,owner,0,without_young_child,17106,1312481.0,7856409.0,7856409.0,1312481.0
national,DUE,annual,75,75,owner,1,with_young_child,29,2251.0,14853.0,14853.0,2251.0
national,DUE,annual,75,75,owner,1,without_young_child,2030,162112.0,1011240.0,1011240.0,162112.0
national,DUE,annual,75,75,owner,2,with_young_child,20,1795.0,12154.0,12154.0,1795.0
national,DUE,annual,75,75,owner,2,without_young_child,291,24057.0,160736.0,160736.0,24057.0
national,DUE,annual,75,75,owner,3+,with_young_child,5,547.0,3189.0,3189.0,547.0
national,DUE,annual,75,75,owner,3+,without_young_child,37,3184.0,21858.0,21858.0,3184.0
national,DUE,annual,75,75,renter,0,without_young_child,3472,332729.0,1228024.0,1228024.0,0.0
national,DUE,annual,75,75,renter,1,with_young_child,5,882.0,3829.0,3829.0,0.0
national,DUE,annual,75,75,renter,1,without_young_child,267,28331.0,131484.0,131484.0,0.0
national,DUE,annual,75,75,renter,2,without_young_child,36,3792.0,18789.0,18789.0,0.0
national,DUE,annual,75,75,renter,3+,with_young_child,2,226.0,1218.0,1218.0,0.0
national,DUE,annual,75,75,renter,3+,without_young_child,7,1061.0,5755.0,5755.0,0.0
national,DUE,annual,76,76,owner,0,without_young_child,16397,1277791.0,7615554.0,7615554.0,1277791.0
national,DUE,annual,76,76,owner,1,with_young_child,23,1827.0,11114.0,11114.0,1827.0
national,DUE,annual,76,76,owner,1,without_young_child,1970,160617.0,1014714.0,1014714.0,160617.0
national,DUE,annual,76,76,owner,2,with_young_child,12,1032.0,6582.0,6582.0,1032.0
national,DUE,annual,76,76,owner,2,without_young_child,252,20768.0,140824.0,140824.0,20768.0
national,DUE,annual,76,76,owner,3+,with_young_child,6,486.0,2785.0,2785.0,486.0
national,DUE,annual,76,76,owner,3+,without_young_child,38,3094.0,20730.0,20730.0,3094.0
national,DUE,annual,76,76,renter,0,without_young_child,3492,329085.0,1226971.0,1226971.0,0.0
national,DUE,annual,76,76,renter,1,with_young_child,6,678.0,2936.0,2936.0,0.0
national,DUE,annual,76,76,renter,1,without_young_child,231,23843.0,112230.0,112230.0,0.0
national,DUE,annual,76,76,renter,2,with_young_child,4,464.0,1853.0,1853.0,0.0
national,DUE,annual,76,76,renter,2,without_young_child,30,2779.0,16353.0,16353.0,0.0
national,DUE,annual,76,76,renter,3+,without_young_child,7,1339.0,6684.0,6684.0,0.0
national,DUE,annual,77,77,owner,0,without_young_child,15981,1240991.0,7356547.0,7356547.0,1240991.0
national,DUE,annual,77,77,owner,1,with_young_child,14,1354.0,8514.0,8514.0,1354.0
national,DUE,annual,77,77,owner,1,without_young_child,1952,157470.0,985953.0,985953.0,157470.0
national,DUE,annual,77,77,owner,2,with_young_child,10,641.0,5102.0,5102.0,641.0
national,DUE,annual,77,77,owner,2,without_young_child,218,17935.0,117749.0,117749.0,17935.0
national,DUE,annual,77,77,owner,3+,with_young_child,6,710.0,5026.0,5026.0,710.0
national,DUE,annual,77,77,owner,3+,without_young_child,36,3220.0,21672.0,21672.0,3220.0
national,DUE,annual,77,77,renter,0,without_young_child,3482,328035.0,1215646.0,1215646.0,0.0
national,DUE,annual,77,77,renter,1,with_young_child,5,590.0,3461.0,3461.0,0.0
national,DUE,annual,77,77,renter,1,without_young_child,225,23730.0,115000.0,115000.0,0.0
national,DUE,annual,77,77,renter,2,with_young_child,4,397.0,2157.0,2157.0,0.0
national,DUE,annual,77,77,renter,2,without_young_child,32,3035.0,14606.0,14606.0,0.0
national,DUE,annual,77,77,renter,3+,without_young_child,6,446.0,2214.0,2214.0,0.0
national,DUE,annual,78,78,owner,0,without_young_child,15295,1192832.0,7021653.0,7021653.0,1192832.0
national,DUE,annual,78,78,owner,1,with_young_child,15,1478.0,10356.0,10356.0,1478.0
national,DUE,annual,78,78,owner,1,without_young_child,1834,147884.0,918630.0,918630.0,147884.0
national,DUE,annual,78,78,owner,2,with_young_child,15,1338.0,8907.0,8907.0,1338.0
national,DUE,annual,78,78,owner,2,without_young_child,202,15087.0,101353.0,101353.0,15087.0
national,DUE,annual,78,78,owner,3+,with_young_child,7,714.0,4454.0,4454.0,714.0
national,DUE,annual,78,78,owner,3+,without_young_child,44,3898.0,25181.0,25181.0,3898.0
national,DUE,annual,78,78,renter,0,without_young_child,3411,319772.0,1181996.0,1181996.0,0.0
national,DUE,annual,78,78,renter,1,with_young_child,1,63.0,252.0,252.0,0.0
national,DUE,annual,78,78,renter,1,without_young_child,240,25660.0,118943.0,118943.0,0.0
national,DUE,annual,78,78,renter,2,with_young_child,2,117.0,585.0,585.0,0.0
national,DUE,annual,78,78,renter,2,without_young_child,31,3479.0,17050.0,17050.0,0.0
national,DUE,annual,78,78,renter,3+,with_young_child,2,112.0,734.0,734.0,0.0
national,DUE,annual,78,78,renter,3+,without_young_child,3,168.0,988.0,988.0,0.0
national,DUE,annual,79,79,owner,0,without_young_child,14541,1134808.0,6645117.0,6645117.0,1134808.0
national,DUE,annual,79,79,owner,1,with_young_child,9,941.0,5800.0,5800.0,941.0
national,DUE,annual,79,79,owner,1,without_young_child,1679,136675.0,854348.0,854348.0,136675.0
national,DUE,annual,79,79,owner,2,with_young_child,4,302.0,1708.0,1708.0,302.0
national,DUE,annual,79,79,owner,2,without_young_child,192,15544.0,100814.0,100814.0,15544.0
national,DUE,annual,79,79,owner,3+,with_young_child,2,401.0,2521.0,2521.0,401.0
national,DUE,annual,79,79,owner,3+,without_young_child,23,2027.0,13662.0,13662.0,2027.0
national,DUE,annual,79,79,renter,0,without_young_child,3572,334708.0,1244180.0,1244180.0,0.0
national,DUE,annual,79,79,renter,1,with_young_child,1,90.0,810.0,810.0,0.0
national,DUE,annual,79,79,renter,1,without_young_child,226,21458.0,104132.0,104132.0,0.0
national,DUE,annual,79,79,renter,2,with_young_child,2,135.0,607.0,607.0,0.0
national,DUE,annual,79,79,renter,2,without_young_child,30,3042.0,15899.0,15899.0,0.0
national,DUE,annual,79,79,renter,3+,with_young_child,2,167.0,844.0,844.0,0.0
national,DUE,annual,79,79,renter,3+,without_young_child,1,217.0,651.0,651.0,0.0
national,DUE,annual,80,80,owner,0,without_young_child,13755,1077332.0,6301230.0,6301230.0,1077332.0
national,DUE,annual,80,80,owner,1,with_young_child,7,780.0,3828.0,3828.0,780.0
national,DUE,annual,80,80,owner,1,without_young_child,1628,135375.0,838816.0,838816.0,135375.0
national,DUE,annual,80,80,owner,2,with_young_child,5,516.0,3003.0,3003.0,516.0
national,DUE,annual,80,80,owner,2,without_young_child,183,14567.0,94851.0,94851.0,14567.0
national,DUE,annual,80,80,owner,3+,with_young_child,2,124.0,998.0,998.0,124.0
national,DUE,annual,80,80,owner,3+,without_young_child,31,2564.0,17507.0,17507.0,2564.0
national,DUE,annual,80,80,renter,0,without_young_child,3642,350740.0,1283616.0,1283616.0,0.0
national,DUE,annual,80,80,renter,1,without_young_child,208,19670.0,89861.0,89861.0,0.0
national,DUE,annual,80,80,renter,2,without_young_child,19,1730.0,8806.0,8806.0,0.0
national,DUE,annual,80,80,renter,3+,with_young_child,1,158.0,1106.0,1106.0,0.0
national,DUE,annual,80,80,renter,3+,without_young_child,5,339.0,2141.0,2141.0,0.0
national,DUE,annual,81,81,owner,0,without_young_child,12732,983905.0,5734021.0,5734021.0,983905.0
national,DUE,annual,81,81,owner,1,with_young_child,3,115.0,668.0,668.0,115.0
national,DUE,annual,81,81,owner,1,without_young_child,1483,118495.0,746677.0,746677.0,118495.0
national,DUE,annual,81,81,owner,2,with_young_child,6,975.0,7139.0,7139.0,975.0
national,DUE,annual,81,81,owner,2,without_young_child,183,14305.0,94679.0,94679.0,14305.0
national,DUE,annual,81,81,owner,3+,with_young_child,2,286.0,2114.0,2114.0,286.0
national,DUE,annual,81,81,owner,3+,without_young_child,29,2621.0,17723.0,17723.0,2621.0
national,DUE,annual,81,81,renter,0,without_young_child,3388,318945.0,1169032.0,1169032.0,0.0
national,DUE,annual,81,81,renter,1,with_young_child,2,142.0,641.0,641.0,0.0
national,DUE,annual,81,81,renter,1,without_young_child,174,15241.0,70564.0,70564.0,0.0
national,DUE,annual,81,81,renter,2,with_young_child,2,273.0,1773.0,1773.0,0.0
national,DUE,annual,81,81,renter,2,without_young_child,10,966.0,5009.0,5009.0,0.0
national,DUE,annual,81,81,renter,3+,without_young_child,1,57.0,285.0,285.0,0.0
national,DUE,annual,82,82,owner,0,without_young_child,11518,899274.0,5208248.0,5208248.0,899274.0
national,DUE,annual,82,82,owner,1,with_young_child,6,327.0,1890.0,1890.0,327.0
national,DUE,annual,82,82,owner,1,without_young_child,1441,116760.0,735079.0,735079.0,116760.0
national,DUE,annual,82,82,owner,2,with_young_child,2,284.0,2556.0,2556.0,284.0
national,DUE,annual,82,82,owner,2,without_young_child,121,10451.0,69708.0,69708.0,10451.0
national,DUE,annual,82,82,owner,3+,with_young_child,1,161.0,1288.0,1288.0,161.0
national,DUE,annual,82,82,owner,3+,without_young_child,27,2290.0,15614.0,15614.0,2290.0
national,DUE,annual,82,82,renter,0,without_young_child,3450,331368.0,1219597.0,1219597.0,0.0
national,DUE,annual,82,82,renter,1,without_young_child,173,17375.0,83606.0,83606.0,0.0
national,DUE,annual,82,82,renter,2,with_young_child,1,233.0,1398.0,1398.0,0.0
national,DUE,annual,82,82,renter,2,without_young_child,20,1746.0,9958.0,9958.0,0.0
national,DUE,annual,82,82,renter,3+,without_young_child,5,412.0,2688.0,2688.0,0.0
national,DUE,annual,83,83,owner,0,without_young_child,10753,833259.0,4793168.0,4793168.0,833259.0
national,DUE,annual,83,83,owner,1,with_young_child,5,445.0,3209.0,3209.0,445.0
national,DUE,annual,83,83,owner,1,without_young_child,1255,99044.0,613888.0,613888.0,99044.0
national,DUE,annual,83,83,owner,2,with_young_child,2,103.0,681.0,681.0,103.0
national,DUE,annual,83,83,owner,2,without_young_child,124,10807.0,70953.0,70953.0,10807.0
national,DUE,annual,83,83,owner,3+,with_young_child,2,100.0,550.0,550.0,100.0
national,DUE,annual,83,83,owner,3+,without_young_child,19,2204.0,15113.0,15113.0,2204.0
national,DUE,annual,83,83,renter,0,without_young_child,3164,293226.0,1070087.0,1070087.0,0.0
national,DUE,annual,83,83,renter,1,with_young_child,3,416.0,1668.0,1668.0,0.0
national,DUE,annual,83,83,renter,1,without_young_child,145,13956.0,65781.0,65781.0,0.0
national,DUE,annual,83,83,renter,2,with_young_child,1,83.0,249.0,249.0,0.0
national,DUE,annual,83,83,renter,2,without_young_child,9,568.0,2781.0,2781.0,0.0
national,DUE,annual,83,83,renter,3+,without_young_child,2,87.0,593.0,593.0,0.0
national,DUE,annual,84,84,owner,0,without_young_child,9509,738256.0,4236596.0,4236596.0,738256.0
national,DUE,annual,84,84,owner,1,with_young_child,2,142.0,852.0,852.0,142.0
national,DUE,annual,84,84,owner,1,without_young_child,1119,92471.0,577736.0,577736.0,92471.0
national,DUE,annual,84,84,owner,2,with_young_child,1,70.0,490.0,490.0,70.0
national,DUE,annual,84,84,owner,2,without_young_child,106,8841.0,59124.0,59124.0,8841.0
national,DUE,annual,84,84,owner,3+,with_young_child,1,242.0,1452.0,1452.0,242.0
national,DUE,annual,84,84,owner,3+,without_young_child,17,1344.0,8938.0,8938.0,1344.0
national,DUE,annual,84,84,renter,0,without_young_child,3157,295368.0,1070684.0,1070684.0,0.0
national,DUE,annual,84,84,renter,1,without_young_child,126,14014.0,64419.0,64419.0,0.0
national,DUE,annual,84,84,renter,2,with_young_child,1,195.0,975.0,975.0,0.0
national,DUE,annual,84,84,renter,2,without_young_child,14,1305.0,7095.0,7095.0,0.0
national,DUE,annual,84,84,renter,3+,without_young_child,4,328.0,1391.0,1391.0,0.0
national,DUE,annual,85,85,owner,0,without_young_child,8381,655138.0,3743675.0,3743675.0,655138.0
national,DUE,annual,85,85,owner,1,without_young_child,986,76793.0,476304.0,476304.0,76793.0
national,DUE,annual,85,85,owner,2,without_young_child,97,8332.0,54887.0,54887.0,8332.0
national,DUE,annual,85,85,owner,3+,without_young_child,14,1049.0,7429.0,7429.0,1049.0
national,DUE,annual,85,85,renter,0,without_young_child,2971,271703.0,992192.0,992192.0,0.0
national,DUE,annual,85,85,renter,1,with_young_child,1,70.0,280.0,280.0,0.0
national,DUE,annual,85,85,renter,1,without_young_child,115,11660.0,54318.0,54318.0,0.0
national,DUE,annual,85,85,renter,2,without_young_child,11,810.0,3810.0,3810.0,0.0
national,DUE,annual,85,85,renter,3+,with_young_child,1,100.0,300.0,300.0,0.0
national,DUE,four_year,18,21,owner,0,without_young_child,2591,285290.0,1572667.0,1572667.0,285290.0
national,DUE,four_year,18,21,owner,1,with_young_child,563,58268.0,328204.0,328204.0,58268.0
national,DUE,four_year,18,21,owner,1,without_young_child,1,45.0,225.0,225.0,45.0
national,DUE,four_year,18,21,owner,2,with_young_child,184,18765.0,109603.0,109603.0,18765.0
national,DUE,four_year,18,21,owner,3+,with_young_child,50,6603.0,41103.0,41103.0,6603.0
national,DUE,four_year,18,21,renter,0,without_young_child,18456,2526841.0,9984350.0,9984350.0,0.0
national,DUE,four_year,18,21,renter,1,with_young_child,3905,550911.0,2280808.0,2280808.0,0.0
national,DUE,four_year,18,21,renter,2,with_young_child,1188,168850.0,726809.0,726809.0,0.0
national,DUE,four_year,18,21,renter,3+,with_young_child,280,41433.0,199041.0,199041.0,0.0
national,DUE,four_year,22,25,owner,0,without_young_child,13397,1401786.0,7716597.0,7716597.0,1401786.0
national,DUE,four_year,22,25,owner,1,with_young_child,4165,426553.0,2458750.0,2458750.0,426553.0
national,DUE,four_year,22,25,owner,2,with_young_child,2356,252483.0,1495065.0,1495065.0,252483.0
national,DUE,four_year,22,25,owner,3+,with_young_child,749,83589.0,511129.0,511129.0,83589.0
national,DUE,four_year,22,25,renter,0,without_young_child,40692,5296376.0,20307756.0,20307756.0,0.0
national,DUE,four_year,22,25,renter,1,with_young_child,9312,1286854.0,5518283.0,5518283.0,0.0
national,DUE,four_year,22,25,renter,1,without_young_child,1,419.0,2514.0,2514.0,0.0
national,DUE,four_year,22,25,renter,2,with_young_child,5308,750376.0,3457012.0,3457012.0,0.0
national,DUE,four_year,22,25,renter,3+,with_young_child,2267,337923.0,1682995.0,1682995.0,0.0
national,DUE,four_year,26,29,owner,0,without_young_child,25568,2589173.0,14737430.0,14737430.0,2589173.0
national,DUE,four_year,26,29,owner,1,with_young_child,11395,1167285.0,7091255.0,7091255.0,1167285.0
national,DUE,four_year,26,29,owner,1,without_young_child,7,1159.0,7216.0,7216.0,1159.0
national,DUE,four_year,26,29,owner,2,with_young_child,9040,948720.0,5897769.0,5897769.0,948720.0
national,DUE,four_year,26,29,owner,3+,with_young_child,4079,445885.0,2857484.0,2857484.0,445885.0
national,DUE,four_year,26,29,renter,0,without_young_child,34387,4387771.0,16585471.0,16585471.0,0.0
national,DUE,four_year,26,29,renter,1,with_young_child,10088,1376812.0,6046388.0,6046388.0,0.0
national,DUE,four_year,26,29,renter,1,without_young_child,3,284.0,1272.0,1272.0,0.0
national,DUE,four_year,26,29,renter,2,with_young_child,8637,1191092.0,5695262.0,5695262.0,0.0
national,DUE,four_year,26,29,renter,3+,with_young_child,5816,841360.0,4386896.0,4386896.0,0.0
national,DUE,four_year,30,33,owner,0,without_young_child,25543,2645803.0,15165930.0,15165930.0,2645803.0
national,DUE,four_year,30,33,owner,1,with_young_child,17142,1667570.0,10502249.0,10502249.0,1667570.0
national,DUE,four_year,30,33,owner,1,without_young_child,49,4862.0,29452.0,29452.0,4862.0
national,DUE,four_year,30,33,owner,2,with_young_child,19903,1917866.0,12542311.0,12542311.0,1917866.0
national,DUE,four_year,30,33,owner,2,without_young_child,2,142.0,852.0,852.0,142.0
national,DUE,four_year,30,33,owner,3+,with_young_child,10432,1037669.0,6963144.0,6963144.0,1037669.0
national,DUE,four_year,30,33,owner,3+,without_young_child,1,58.0,464.0,464.0,58.0
national,DUE,four_year,30,33,renter,0,without_young_child,24686,3342059.0,12542711.0,12542711.0,0.0
national,DUE,four_year,30,33,renter,1,with_young_child,8920,1160620.0,5122673.0,5122673.0,0.0
national,DUE,four_year,30,33,renter,1,without_young_child,45,6293.0,30686.0,30686.0,0.0
national,DUE,four_year,30,33,renter,2,with_young_child,9326,1215361.0,5913350.0,5913350.0,0.0
national,DUE,four_year,30,33,renter,2,without_young_child,3,306.0,1530.0,1530.0,0.0
national,DUE,four_year,30,33,renter,3+,with_young_child,7662,1030847.0,5479967.0,5479967.0,0.0
national,DUE,four_year,34,37,owner,0,without_young_child,26391,2682545.0,15547854.0,15547854.0,2682545.0
national,DUE,four_year,34,37,owner,1,with_young_child,19604,1895596.0,12132317.0,12132317.0,1895596.0
national,DUE,four_year,34,37,owner,1,without_young_child,432,44423.0,276191.0,276191.0,44423.0
national,DUE,four_year,34,37,owner,2,with_young_child,34206,3239218.0,21885880.0,21885880.0,3239218.0
national,DUE,four_year,34,37,owner,2,without_young_child,49,5747.0,38776.0,38776.0,5747.0
national,DUE,four_year,34,37,owner,3+,with_young_child,20590,1992422.0,13887582.0,13887582.0,1992422.0
national,DUE,four_year,34,37,owner,3+,without_young_child,5,363.0,2255.0,2255.0,363.0
national,DUE,four_year,34,37,renter,0,without_young_child,20497,2786818.0,10501745.0,10501745.0,0.0
national,DUE,four_year,34,37,renter,1,with_young_child,8604,1123079.0,5083420.0,5083420.0,0.0
national,DUE,four_year,34,37,renter,1,without_young_child,314,43232.0,202578.0,202578.0,0.0
national,DUE,four_year,34,37,renter,2,with_young_child,10298,1320347.0,6550744.0,6550744.0,0.0
national,DUE,four_year,34,37,renter,2,without_young_child,42,4936.0,25904.0,25904.0,0.0
national,DUE,four_year,34,37,renter,3+,with_young_child,9282,1234842.0,6692400.0,6692400.0,0.0
national,DUE,four_year,34,37,renter,3+,without_young_child,3,381.0,1707.0,1707.0,0.0
national,DUE,four_year,38,41,owner,0,without_young_child,28937,2897091.0,16993460.0,16993460.0,2897091.0
national,DUE,four_year,38,41,owner,1,with_young_child,20220,1928923.0,12382516.0,12382516.0,1928923.0
national,DUE,four_year,38,41,owner,1,without_young_child,2149,221180.0,1370318.0,1370318.0,221180.0
national,DUE,four_year,38,41,owner,2,with_young_child,40173,3759188.0,25942081.0,25942081.0,3759188.0
national,DUE,four_year,38,41,owner,2,without_young_child,566,58535.0,367353.0,367353.0,58535.0
national,DUE,four_year,38,41,owner,3+,with_young_child,25311,2398838.0,17238098.0,17238098.0,2398838.0
national,DUE,four_year,38,41,owner,3+,without_young_child,77,8007.0,52960.0,52960.0,8007.0
national,DUE,four_year,38,41,renter,0,without_young_child,18688,2486130.0,9571741.0,9571741.0,0.0
national,DUE,four_year,38,41,renter,1,with_young_child,7724,980055.0,4478193.0,4478193.0,0.0
national,DUE,four_year,38,41,renter,1,without_young_child,1304,179484.0,833456.0,833456.0,0.0
national,DUE,four_year,38,41,renter,2,with_young_child,9284,1153649.0,5779250.0,5779250.0,0.0
national,DUE,four_year,38,41,renter,2,without_young_child,298,39579.0,207843.0,207843.0,0.0
national,DUE,four_year,38,41,renter,3+,with_young_child,7099,920207.0,5013638.0,5013638.0,0.0
national,DUE,four_year,38,41,renter,3+,without_young_child,46,6107.0,34437.0,34437.0,0.0
national,DUE,four_year,42,45,owner,0,without_young_child,39759,3797114.0,22590096.0,22590096.0,3797114.0
national,DUE,four_year,42,45,owner,1,with_young_child,23472,2157812.0,14124647.0,14124647.0,2157812.0
national,DUE,four_year,42,45,owner,1,without_young_child,7494,706085.0,4463354.0,4463354.0,706085.0
national,DUE,four_year,42,45,owner,2,with_young_child,42540,3898343.0,27366755.0,27366755.0,3898343.0
national,DUE,four_year,42,45,owner,2,without_young_child,2402,229619.0,1506479.0,1506479.0,229619.0
national,DUE,four_year,42,45,owner,3+,with_young_child,24633,2277337.0,16679113.0,16679113.0,2277337.0
national,DUE,four_year,42,45,owner,3+,without_young_child,337,35720.0,245574.0,245574.0,35720.0
national,DUE,four_year,42,45,renter,0,without_young_child,21113,2704915.0,10530629.0,10530629.0,0.0
national,DUE,four_year,42,45,renter,1,with_young_child,7070,868063.0,4048797.0,4048797.0,0.0
national,DUE,four_year,42,45,renter,1,without_young_child,2956,385193.0,1823287.0,1823287.0,0.0
national,DUE,four_year,42,45,renter,2,with_young_child,7416,894499.0,4566624.0,4566624.0,0.0
national,DUE,four_year,42,45,renter,2,without_young_child,786,98570.0,512684.0,512684.0,0.0
national,DUE,four_year,42,45,renter,3+,with_young_child,5046,617262.0,3371558.0,3371558.0,0.0
national,DUE,four_year,42,45,renter,3+,without_young_child,138,19546.0,104106.0,104106.0,0.0
national,DUE,four_year,46,49,owner,0,without_young_child,57098,5133371.0,31171605.0,31171605.0,5133371.0
national,DUE,four_year,46,49,owner,1,with_young_child,22636,2020949.0,13635932.0,13635932.0,2020949.0
national,DUE,four_year,46,49,owner,1,without_young_child,15671,1418172.0,9224213.0,9224213.0,1418172.0
national,DUE,four_year,46,49,owner,2,with_young_child,32031,2866512.0,20394050.0,20394050.0,2866512.0
national,DUE,four_year,46,49,owner,2,without_young_child,5774,536850.0,3641026.0,3641026.0,536850.0
national,DUE,four_year,46,49,owner,3+,with_young_child,16436,1515308.0,11163821.0,11163821.0,1515308.0
national,DUE,four_year,46,49,owner,3+,without_young_child,822,78383.0,542353.0,542353.0,78383.0
national,DUE,four_year,46,49,renter,0,without_young_child,23581,2815450.0,11147412.0,11147412.0,0.0
national,DUE,four_year,46,49,renter,1,with_young_child,5146,596631.0,2822674.0,2822674.0,0.0
national,DUE,four_year,46,49,renter,1,without_young_child,4159,496377.0,2340788.0,2340788.0,0.0
national,DUE,four_year,46,49,renter,2,with_young_child,4724,554882.0,2855169.0,2855169.0,0.0
national,DUE,four_year,46,49,renter,2,without_young_child,1160,138479.0,710442.0,710442.0,0.0
national,DUE,four_year,46,49,renter,3+,with_young_child,2903,347449.0,1911468.0,1911468.0,0.0
national,DUE,four_year,46,49,renter,3+,without_young_child,190,26008.0,148800.0,148800.0,0.0
national,DUE,four_year,50,53,owner,0,without_young_child,79811,6797583.0,42285994.0,42285994.0,6797583.0
national,DUE,four_year,50,53,owner,1,with_young_child,16678,1450360.0,9947198.0,9947198.0,1450360.0
national,DUE,four_year,50,53,owner,1,without_young_child,22387,1953477.0,12957725.0,12957725.0,1953477.0
national,DUE,four_year,50,53,owner,2,with_young_child,16972,1498445.0,10732457.0,10732457.0,1498445.0
national,DUE,four_year,50,53,owner,2,without_young_child,7437,667118.0,4599689.0,4599689.0,667118.0
national,DUE,four_year,50,53,owner,3+,with_young_child,7997,714865.0,5254730.0,5254730.0,714865.0
national,DUE,four_year,50,53,owner,3+,without_young_child,1128,105045.0,737230.0,737230.0,105045.0
national,DUE,four_year,50,53,renter,0,without_young_child,25071,2792810.0,11233021.0,11233021.0,0.0
national,DUE,four_year,50,53,renter,1,with_young_child,3089,346123.0,1634996.0,1634996.0,0.0
national,DUE,four_year,50,53,renter,1,without_young_child,4617,521894.0,2498922.0,2498922.0,0.0
national,DUE,four_year,50,53,renter,2,with_young_child,2367,257629.0,1321433.0,1321433.0,0.0
national,DUE,four_year,50,53,renter,2,without_young_child,1143,128156.0,655296.0,655296.0,0.0
national,DUE,four_year,50,53,renter,3+,with_young_child,1484,170942.0,934131.0,934131.0,0.0
national,DUE,four_year,50,53,renter,3+,without_young_child,218,26136.0,147070.0,147070.0,0.0
national,DUE,four_year,54,57,owner,0,without_young_child,96812,8044516.0,50995801.0,50995801.0,8044516.0
national,DUE,four_year,54,57,owner,1,with_young_child,8370,710062.0,4893002.0,4893002.0,710062.0
national,DUE,four_year,54,57,owner,1,without_young_child,22289,1926918.0,12950672.0,12950672.0,1926918.0
national,DUE,four_year,54,57,owner,2,with_young_child,6682,585259.0,4183194.0,4183194.0,585259.0
national,DUE,four_year,54,57,owner,2,without_young_child,5847,539067.0,3726567.0,3726567.0,539067.0
national,DUE,four_year,54,57,owner,3+,with_young_child,3028,273907.0,1985493.0,1985493.0,273907.0
national,DUE,four_year,54,57,owner,3+,without_young_child,958,90774.0,640332.0,640332.0,90774.0
national,DUE,four_year,54,57,renter,0,without_young_child,24034,2569442.0,10333763.0,10333763.0,0.0
national,DUE,four_year,54,57,renter,1,with_young_child,1372,150965.0,723051.0,723051.0,0.0
national,DUE,four_year,54,57,renter,1,without_young_child,4088,440998.0,2129506.0,2129506.0,0.0
national,DUE,four_year,54,57,renter,2,with_young_child,960,104025.0,528200.0,528200.0,0.0
national,DUE,four_year,54,57,renter,2,without_young_child,977,105521.0,541039.0,541039.0,0.0
national,DUE,four_year,54,57,renter,3+,with_young_child,590,65710.0,360826.0,360826.0,0.0
national,DUE,four_year,54,57,renter,3+,without_young_child,200,21029.0,112479.0,112479.0,0.0
national,DUE,four_year,58,61,owner,0,without_young_child,100820,8209418.0,52215733.0,52215733.0,8209418.0
national,DUE,four_year,58,61,owner,1,with_young_child,3401,291711.0,1995143.0,1995143.0,291711.0
national,DUE,four_year,58,61,owner,1,without_young_child,17583,1509052.0,10069532.0,10069532.0,1509052.0
national,DUE,four_year,58,61,owner,2,with_young_child,2228,197489.0,1405594.0,1405594.0,197489.0
national,DUE,four_year,58,61,owner,2,without_young_child,3643,326544.0,2227827.0,2227827.0,326544.0
national,DUE,four_year,58,61,owner,3+,with_young_child,1022,91621.0,647484.0,647484.0,91621.0
national,DUE,four_year,58,61,owner,3+,without_young_child,622,58638.0,410088.0,410088.0,58638.0
national,DUE,four_year,58,61,renter,0,without_young_child,21105,2195354.0,8753353.0,8753353.0,0.0
national,DUE,four_year,58,61,renter,1,with_young_child,578,61478.0,291774.0,291774.0,0.0
national,DUE,four_year,58,61,renter,1,without_young_child,3041,328553.0,1541927.0,1541927.0,0.0
national,DUE,four_year,58,61,renter,2,with_young_child,361,37879.0,191841.0,191841.0,0.0
national,DUE,four_year,58,61,renter,2,without_young_child,535,57822.0,298665.0,298665.0,0.0
national,DUE,four_year,58,61,renter,3+,with_young_child,247,26283.0,144372.0,144372.0,0.0
national,DUE,four_year,58,61,renter,3+,without_young_child,132,13592.0,75309.0,75309.0,0.0
national,DUE,four_year,62,65,owner,0,without_young_child,92906,7351205.0,46182153.0,46182153.0,7351205.0
national,DUE,four_year,62,65,owner,1,with_young_child,1220,105916.0,719332.0,719332.0,105916.0
national,DUE,four_year,62,65,owner,1,without_young_child,12859,1078370.0,7082594.0,7082594.0,1078370.0
national,DUE,four_year,62,65,owner,2,with_young_child,726,61019.0,424068.0,424068.0,61019.0
national,DUE,four_year,62,65,owner,2,without_young_child,2186,192807.0,1293519.0,1293519.0,192807.0
national,DUE,four_year,62,65,owner,3+,with_young_child,328,29879.0,215028.0,215028.0,29879.0
national,DUE,four_year,62,65,owner,3+,without_young_child,412,39628.0,274511.0,274511.0,39628.0
national,DUE,four_year,62,65,renter,0,without_young_child,17950,1811654.0,7112216.0,7112216.0,0.0
national,DUE,four_year,62,65,renter,1,with_young_child,229,25025.0,116840.0,116840.0,0.0
national,DUE,four_year,62,65,renter,1,without_young_child,2209,233312.0,1108837.0,1108837.0,0.0
national,DUE,four_year,62,65,renter,2,with_young_child,125,13766.0,69388.0,69388.0,0.0
national,DUE,four_year,62,65,renter,2,without_young_child,363,39326.0,200861.0,200861.0,0.0
national,DUE,four_year,62,65,renter,3+,with_young_child,95,10761.0,56524.0,56524.0,0.0
national,DUE,four_year,62,65,renter,3+,without_young_child,69,7110.0,38564.0,38564.0,0.0
national,DUE,four_year,66,69,owner,0,without_young_child,78915,6112073.0,37884266.0,37884266.0,6112073.0
national,DUE,four_year,66,69,owner,1,with_young_child,510,39707.0,267552.0,267552.0,39707.0
national,DUE,four_year,66,69,owner,1,without_young_child,9961,824109.0,5307394.0,5307394.0,824109.0
national,DUE,four_year,66,69,owner,2,with_young_child,310,26695.0,184632.0,184632.0,26695.0
national,DUE,four_year,66,69,owner,2,without_young_child,1419,121685.0,807923.0,807923.0,121685.0
national,DUE,four_year,66,69,owner,3+,with_young_child,110,8039.0,54967.0,54967.0,8039.0
national,DUE,four_year,66,69,owner,3+,without_young_child,262,23642.0,160480.0,160480.0,23642.0
national,DUE,four_year,66,69,renter,0,without_young_child,15085,1458495.0,5624320.0,5624320.0,0.0
national,DUE,four_year,66,69,renter,1,with_young_child,73,6988.0,31437.0,31437.0,0.0
national,DUE,four_year,66,69,renter,1,without_young_child,1493,156662.0,740938.0,740938.0,0.0
national,DUE,four_year,66,69,renter,2,with_young_child,58,7110.0,35634.0,35634.0,0.0
national,DUE,four_year,66,69,renter,2,without_young_child,220,21323.0,110792.0,110792.0,0.0
national,DUE,four_year,66,69,renter,3+,with_young_child,35,3863.0,21575.0,21575.0,0.0
national,DUE,four_year,66,69,renter,3+,without_young_child,46,5027.0,27979.0,27979.0,0.0
national,DUE,four_year,70,73,owner,0,without_young_child,71329,5476736.0,33300871.0,33300871.0,5476736.0
national,DUE,four_year,70,73,owner,1,with_young_child,187,15479.0,99970.0,99970.0,15479.0
national,DUE,four_year,70,73,owner,1,without_young_child,8977,727843.0,4619758.0,4619758.0,727843.0
national,DUE,four_year,70,73,owner,2,with_young_child,134,12880.0,84061.0,84061.0,12880.0
national,DUE,four_year,70,73,owner,2,without_young_child,1152,100971.0,663916.0,663916.0,100971.0
national,DUE,four_year,70,73,owner,3+,with_young_child,62,5648.0,37229.0,37229.0,5648.0
national,DUE,four_year,70,73,owner,3+,without_young_child,205,18527.0,120744.0,120744.0,18527.0
national,DUE,four_year,70,73,renter,0,without_young_child,14107,1341580.0,5075578.0,5075578.0,0.0
national,DUE,four_year,70,73,renter,1,with_young_child,35,3469.0,17455.0,17455.0,0.0
national,DUE,four_year,70,73,renter,1,without_young_child,1235,122704.0,593923.0,593923.0,0.0
national,DUE,four_year,70,73,renter,2,with_young_child,25,2551.0,12036.0,12036.0,0.0
national,DUE,four_year,70,73,renter,2,without_young_child,184,21774.0,113203.0,113203.0,0.0
national,DUE,four_year,70,73,renter,3+,with_young_child,20,3123.0,14554.0,14554.0,0.0
national,DUE,four_year,70,73,renter,3+,without_young_child,46,4692.0,24238.0,24238.0,0.0
national,DUE,four_year,74,77,owner,0,without_young_child,66457,5129691.0,30666721.0,30666721.0,5129691.0
national,DUE,four_year,74,77,owner,1,with_young_child,93,7577.0,48316.0,48316.0,7577.0
national,DUE,four_year,74,77,owner,1,without_young_child,7993,647648.0,4071423.0,4071423.0,647648.0
national,DUE,four_year,74,77,owner,2,with_young_child,66,4953.0,33380.0,33380.0,4953.0
national,DUE,four_year,74,77,owner,2,without_young_child,1053,86847.0,580851.0,580851.0,86847.0
national,DUE,four_year,74,77,owner,3+,with_young_child,24,2650.0,17343.0,17343.0,2650.0
national,DUE,four_year,74,77,owner,3+,without_young_child,159,13174.0,88766.0,88766.0,13174.0
national,DUE,four_year,74,77,renter,0,without_young_child,13856,1321972.0,4907653.0,4907653.0,0.0
national,DUE,four_year,74,77,renter,1,with_young_child,22,2467.0,11903.0,11903.0,0.0
national,DUE,four_year,74,77,renter,1,without_young_child,1000,104027.0,496498.0,496498.0,0.0
national,DUE,four_year,74,77,renter,2,with_young_child,10,1065.0,5366.0,5366.0,0.0
national,DUE,four_year,74,77,renter,2,without_young_child,130,12594.0,66089.0,66089.0,0.0
national,DUE,four_year,74,77,renter,3+,with_young_child,5,619.0,2907.0,2907.0,0.0
national,DUE,four_year,74,77,renter,3+,without_young_child,28,3684.0,20042.0,20042.0,0.0
national,DUE,four_year,78,81,owner,0,without_young_child,56323,4388877.0,25702021.0,25702021.0,4388877.0
national,DUE,four_year,78,81,owner,1,with_young_child,34,3314.0,20652.0,20652.0,3314.0
national,DUE,four_year,78,81,owner,1,without_young_child,6624,538429.0,3358471.0,3358471.0,538429.0
national,DUE,four_year,78,81,owner,2,with_young_child,30,3131.0,20757.0,20757.0,3131.0
national,DUE,four_year,78,81,owner,2,without_young_child,760,59503.0,391697.0,391697.0,59503.0
national,DUE,four_year,78,81,owner,3+,with_young_child,13,1525.0,10087.0,10087.0,1525.0
national,DUE,four_year,78,81,owner,3+,without_young_child,127,11110.0,74073.0,74073.0,11110.0
national,DUE,four_year,78,81,renter,0,without_young_child,14013,1324165.0,4878824.0,4878824.0,0.0
national,DUE,four_year,78,81,renter,1,with_young_child,4,295.0,1703.0,1703.0,0.0
national,DUE,four_year,78,81,renter,1,without_young_child,848,82029.0,383500.0,383500.0,0.0
national,DUE,four_year,78,81,renter,2,with_young_child,6,525.0,2965.0,2965.0,0.0
national,DUE,four_year,78,81,renter,2,without_young_child,90,9217.0,46764.0,46764.0,0.0
national,DUE,four_year,78,81,renter,3+,with_young_child,5,437.0,2684.0,2684.0,0.0
national,DUE,four_year,78,81,renter,3+,without_young_child,10,781.0,4065.0,4065.0,0.0
national,DUE,four_year,82,85,owner,0,without_young_child,40161,3125927.0,17981687.0,17981687.0,3125927.0
national,DUE,four_year,82,85,owner,1,with_young_child,13,914.0,5951.0,5951.0,914.0
national,DUE,four_year,82,85,owner,1,without_young_child,4801,385068.0,2403007.0,2403007.0,385068.0
national,DUE,four_year,82,85,owner,2,with_young_child,5,457.0,3727.0,3727.0,457.0
national,DUE,four_year,82,85,owner,2,without_young_child,448,38431.0,254672.0,254672.0,38431.0
national,DUE,four_year,82,85,owner,3+,with_young_child,4,503.0,3290.0,3290.0,503.0
national,DUE,four_year,82,85,owner,3+,without_young_child,77,6887.0,47094.0,47094.0,6887.0
national,DUE,four_year,82,85,renter,0,without_young_child,12742,1191665.0,4352560.0,4352560.0,0.0
national,DUE,four_year,82,85,renter,1,with_young_child,4,486.0,1948.0,1948.0,0.0
national,DUE,four_year,82,85,renter,1,without_young_child,559,57005.0,268124.0,268124.0,0.0
national,DUE,four_year,82,85,renter,2,with_young_child,3,511.0,2622.0,2622.0,0.0
national,DUE,four_year,82,85,renter,2,without_young_child,54,4429.0,23644.0,23644.0,0.0
national,DUE,four_year,82,85,renter,3+,with_young_child,1,100.0,300.0,300.0,0.0
national,DUE,four_year,82,85,renter,3+,without_young_child,11,827.0,4672.0,4672.0,0.0
national,all_structures,annual,18,18,owner,0,without_young_child,220,21206.0,109409.0,109409.0,21206.0
national,all_structures,annual,18,18,owner,1,with_young_child,53,5066.0,26155.0,26155.0,5066.0
national,all_structures,annual,18,18,owner,1,without_young_child,1,45.0,225.0,225.0,45.0
national,all_structures,annual,18,18,owner,2,with_young_child,17,1894.0,8957.0,8957.0,1894.0
national,all_structures,annual,18,18,owner,3+,with_young_child,9,718.0,4243.0,4243.0,718.0
national,all_structures,annual,18,18,renter,0,without_young_child,1412,182168.0,687213.0,687213.0,0.0
national,all_structures,annual,18,18,renter,1,with_young_child,359,46857.0,191162.0,191162.0,0.0
national,all_structures,annual,18,18,renter,2,with_young_child,142,17329.0,79198.0,79198.0,0.0
national,all_structures,annual,18,18,renter,3+,with_young_child,33,3668.0,18080.0,18080.0,0.0
national,all_structures,annual,19,19,owner,0,without_young_child,549,61997.0,328487.0,328487.0,61997.0
national,all_structures,annual,19,19,owner,1,with_young_child,119,10935.0,56927.0,56927.0,10935.0
national,all_structures,annual,19,19,owner,2,with_young_child,38,4089.0,24405.0,24405.0,4089.0
national,all_structures,annual,19,19,owner,3+,with_young_child,11,1103.0,6257.0,6257.0,1103.0
national,all_structures,annual,19,19,renter,0,without_young_child,3782,481937.0,1889642.0,1889642.0,0.0
national,all_structures,annual,19,19,renter,1,with_young_child,769,98533.0,406572.0,406572.0,0.0
national,all_structures,annual,19,19,renter,2,with_young_child,189,27212.0,118848.0,118848.0,0.0
national,all_structures,annual,19,19,renter,3+,with_young_child,50,6442.0,28337.0,28337.0,0.0
national,all_structures,annual,20,20,owner,0,without_young_child,906,102737.0,545658.0,545658.0,102737.0
national,all_structures,annual,20,20,owner,1,with_young_child,233,27996.0,143720.0,143720.0,27996.0
national,all_structures,annual,20,20,owner,2,with_young_child,58,6170.0,31278.0,31278.0,6170.0
national,all_structures,annual,20,20,owner,3+,with_young_child,16,1980.0,11879.0,11879.0,1980.0
national,all_structures,annual,20,20,renter,0,without_young_child,6169,874519.0,3484568.0,3484568.0,0.0
national,all_structures,annual,20,20,renter,1,with_young_child,1285,185614.0,771989.0,771989.0,0.0
national,all_structures,annual,20,20,renter,2,with_young_child,345,50952.0,219294.0,219294.0,0.0
national,all_structures,annual,20,20,renter,3+,with_young_child,50,7214.0,33845.0,33845.0,0.0
national,all_structures,annual,21,21,owner,0,without_young_child,1419,159874.0,861388.0,861388.0,159874.0
national,all_structures,annual,21,21,owner,1,with_young_child,395,42435.0,227831.0,227831.0,42435.0
national,all_structures,annual,21,21,owner,2,with_young_child,157,17206.0,94235.0,94235.0,17206.0
national,all_structures,annual,21,21,owner,3+,with_young_child,28,4470.0,26680.0,26680.0,4470.0
national,all_structures,annual,21,21,renter,0,without_young_child,7913,1097862.0,4382315.0,4382315.0,0.0
national,all_structures,annual,21,21,renter,1,with_young_child,1854,263350.0,1097820.0,1097820.0,0.0
national,all_structures,annual,21,21,renter,1,without_young_child,1,218.0,1090.0,1090.0,0.0
national,all_structures,annual,21,21,renter,2,with_young_child,643,90362.0,386392.0,386392.0,0.0
national,all_structures,annual,21,21,renter,3+,with_young_child,180,28456.0,138488.0,138488.0,0.0
national,all_structures,annual,22,22,owner,0,without_young_child,1954,209723.0,1116367.0,1116367.0,209723.0
national,all_structures,annual,22,22,owner,1,with_young_child,631,65845.0,350018.0,350018.0,65845.0
national,all_structures,annual,22,22,owner,2,with_young_child,313,34426.0,186061.0,186061.0,34426.0
national,all_structures,annual,22,22,owner,3+,with_young_child,108,12157.0,70994.0,70994.0,12157.0
national,all_structures,annual,22,22,renter,0,without_young_child,9366,1276285.0,4993733.0,4993733.0,0.0
national,all_structures,annual,22,22,renter,1,with_young_child,2082,291314.0,1241954.0,1241954.0,0.0
national,all_structures,annual,22,22,renter,2,with_young_child,1019,144734.0,649385.0,649385.0,0.0
national,all_structures,annual,22,22,renter,3+,with_young_child,366,52733.0,259450.0,259450.0,0.0
national,all_structures,annual,23,23,owner,0,without_young_child,3005,317615.0,1705002.0,1705002.0,317615.0
national,all_structures,annual,23,23,owner,1,with_young_child,1025,105231.0,579125.0,579125.0,105231.0
national,all_structures,annual,23,23,owner,2,with_young_child,526,55828.0,309800.0,309800.0,55828.0
national,all_structures,annual,23,23,owner,3+,with_young_child,152,17811.0,105287.0,105287.0,17811.0
national,all_structures,annual,23,23,renter,0,without_young_child,10666,1366458.0,5229054.0,5229054.0,0.0
national,all_structures,annual,23,23,renter,1,with_young_child,2558,351384.0,1512873.0,1512873.0,0.0
national,all_structures,annual,23,23,renter,2,with_young_child,1330,188298.0,866130.0,866130.0,0.0
national,all_structures,annual,23,23,renter,3+,with_young_child,506,73839.0,354154.0,354154.0,0.0
national,all_structures,annual,24,24,owner,0,without_young_child,4169,432817.0,2350112.0,2350112.0,432817.0
national,all_structures,annual,24,24,owner,1,with_young_child,1398,146766.0,825336.0,825336.0,146766.0
national,all_structures,annual,24,24,owner,2,with_young_child,838,89873.0,515924.0,515924.0,89873.0
national,all_structures,annual,24,24,owner,3+,with_young_child,237,27844.0,167669.0,167669.0,27844.0
national,all_structures,annual,24,24,renter,0,without_young_child,10902,1394431.0,5323045.0,5323045.0,0.0
national,all_structures,annual,24,24,renter,1,with_young_child,2647,362733.0,1556546.0,1556546.0,0.0
national,all_structures,annual,24,24,renter,1,without_young_child,1,419.0,2514.0,2514.0,0.0
national,all_structures,annual,24,24,renter,2,with_young_child,1660,224611.0,1035363.0,1035363.0,0.0
national,all_structures,annual,24,24,renter,3+,with_young_child,665,97722.0,491254.0,491254.0,0.0
national,all_structures,annual,25,25,owner,0,without_young_child,5452,576801.0,3160406.0,3160406.0,576801.0
national,all_structures,annual,25,25,owner,1,with_young_child,1852,197191.0,1128375.0,1128375.0,197191.0
national,all_structures,annual,25,25,owner,2,with_young_child,1243,139978.0,805680.0,805680.0,139978.0
national,all_structures,annual,25,25,owner,3+,with_young_child,447,49277.0,288543.0,288543.0,49277.0
national,all_structures,annual,25,25,renter,0,without_young_child,11027,1429006.0,5492778.0,5492778.0,0.0
national,all_structures,annual,25,25,renter,1,with_young_child,2795,386179.0,1664348.0,1664348.0,0.0
national,all_structures,annual,25,25,renter,2,with_young_child,1872,265331.0,1234825.0,1234825.0,0.0
national,all_structures,annual,25,25,renter,3+,with_young_child,957,144994.0,724385.0,724385.0,0.0
national,all_structures,annual,26,26,owner,0,without_young_child,6269,647319.0,3609962.0,3609962.0,647319.0
national,all_structures,annual,26,26,owner,1,with_young_child,2345,244879.0,1417697.0,1417697.0,244879.0
national,all_structures,annual,26,26,owner,1,without_young_child,1,86.0,344.0,344.0,86.0
national,all_structures,annual,26,26,owner,2,with_young_child,1763,189819.0,1125438.0,1125438.0,189819.0
national,all_structures,annual,26,26,owner,3+,with_young_child,702,79658.0,484296.0,484296.0,79658.0
national,all_structures,annual,26,26,renter,0,without_young_child,9995,1293462.0,4957245.0,4957245.0,0.0
national,all_structures,annual,26,26,renter,1,with_young_child,2944,407059.0,1792030.0,1792030.0,0.0
national,all_structures,annual,26,26,renter,1,without_young_child,1,29.0,145.0,145.0,0.0
national,all_structures,annual,26,26,renter,2,with_young_child,2259,315150.0,1492760.0,1492760.0,0.0
national,all_structures,annual,26,26,renter,3+,with_young_child,1292,188621.0,970258.0,970258.0,0.0
national,all_structures,annual,27,27,owner,0,without_young_child,6606,678330.0,3809545.0,3809545.0,678330.0
national,all_structures,annual,27,27,owner,1,with_young_child,2895,304924.0,1798367.0,1798367.0,304924.0
national,all_structures,annual,27,27,owner,1,without_young_child,1,343.0,1715.0,1715.0,343.0
national,all_structures,annual,27,27,owner,2,with_young_child,2232,238383.0,1421182.0,1421182.0,238383.0
national,all_structures,annual,27,27,owner,3+,with_young_child,1031,115025.0,705194.0,705194.0,115025.0
national,all_structures,annual,27,27,renter,0,without_young_child,9248,1169752.0,4402743.0,4402743.0,0.0
national,all_structures,annual,27,27,renter,1,with_young_child,2661,368039.0,1614483.0,1614483.0,0.0
national,all_structures,annual,27,27,renter,1,without_young_child,2,135.0,703.0,703.0,0.0
national,all_structures,annual,27,27,renter,2,with_young_child,2357,324026.0,1545525.0,1545525.0,0.0
national,all_structures,annual,27,27,renter,3+,with_young_child,1651,239136.0,1242665.0,1242665.0,0.0
national,all_structures,annual,28,28,owner,0,without_young_child,6946,709598.0,4018821.0,4018821.0,709598.0
national,all_structures,annual,28,28,owner,1,with_young_child,3453,358042.0,2141507.0,2141507.0,358042.0
national,all_structures,annual,28,28,owner,1,without_young_child,4,525.0,3841.0,3841.0,525.0
national,all_structures,annual,28,28,owner,2,with_young_child,2929,309055.0,1886741.0,1886741.0,309055.0
national,all_structures,annual,28,28,owner,3+,with_young_child,1336,151888.0,942883.0,942883.0,151888.0
national,all_structures,annual,28,28,renter,0,without_young_child,8637,1108932.0,4213423.0,4213423.0,0.0
national,all_structures,annual,28,28,renter,1,with_young_child,2618,359114.0,1587351.0,1587351.0,0.0
national,all_structures,annual,28,28,renter,2,with_young_child,2401,332531.0,1587495.0,1587495.0,0.0
national,all_structures,annual,28,28,renter,3+,with_young_child,1668,243589.0,1258701.0,1258701.0,0.0
national,all_structures,annual,29,29,owner,0,without_young_child,7020,713114.0,4046319.0,4046319.0,713114.0
national,all_structures,annual,29,29,owner,1,with_young_child,3741,381769.0,2331271.0,2331271.0,381769.0
national,all_structures,annual,29,29,owner,1,without_young_child,3,374.0,2078.0,2078.0,374.0
national,all_structures,annual,29,29,owner,2,with_young_child,3405,362563.0,2222313.0,2222313.0,362563.0
national,all_structures,annual,29,29,owner,3+,with_young_child,1716,189164.0,1197282.0,1197282.0,189164.0
national,all_structures,annual,29,29,renter,0,without_young_child,7553,968631.0,3660736.0,3660736.0,0.0
national,all_structures,annual,29,29,renter,1,with_young_child,2570,338198.0,1485501.0,1485501.0,0.0
national,all_structures,annual,29,29,renter,1,without_young_child,1,148.0,592.0,592.0,0.0
national,all_structures,annual,29,29,renter,2,with_young_child,2401,325744.0,1573505.0,1573505.0,0.0
national,all_structures,annual,29,29,renter,3+,with_young_child,1751,248096.0,1299597.0,1299597.0,0.0
national,all_structures,annual,30,30,owner,0,without_young_child,7105,747175.0,4217298.0,4217298.0,747175.0
national,all_structures,annual,30,30,owner,1,with_young_child,4406,435148.0,2677489.0,2677489.0,435148.0
national,all_structures,annual,30,30,owner,1,without_young_child,6,711.0,4835.0,4835.0,711.0
national,all_structures,annual,30,30,owner,2,with_young_child,4296,419211.0,2631451.0,2631451.0,419211.0
national,all_structures,annual,30,30,owner,3+,with_young_child,2074,215236.0,1380280.0,1380280.0,215236.0
national,all_structures,annual,30,30,owner,3+,without_young_child,1,58.0,464.0,464.0,58.0
national,all_structures,annual,30,30,renter,0,without_young_child,7597,1050464.0,3966209.0,3966209.0,0.0
national,all_structures,annual,30,30,renter,1,with_young_child,2565,333815.0,1473973.0,1473973.0,0.0
national,all_structures,annual,30,30,renter,1,without_young_child,7,734.0,4048.0,4048.0,0.0
national,all_structures,annual,30,30,renter,2,with_young_child,2510,323735.0,1552087.0,1552087.0,0.0
national,all_structures,annual,30,30,renter,3+,with_young_child,1786,236209.0,1232207.0,1232207.0,0.0
national,all_structures,annual,31,31,owner,0,without_young_child,6646,687143.0,3890352.0,3890352.0,687143.0
national,all_structures,annual,31,31,owner,1,with_young_child,4337,425514.0,2634407.0,2634407.0,425514.0
national,all_structures,annual,31,31,owner,1,without_young_child,9,576.0,3304.0,3304.0,576.0
national,all_structures,annual,31,31,owner,2,with_young_child,4816,466112.0,2974928.0,2974928.0,466112.0
national,all_structures,annual,31,31,owner,2,without_young_child,1,83.0,498.0,498.0,83.0
national,all_structures,annual,31,31,owner,3+,with_young_child,2595,257054.0,1682427.0,1682427.0,257054.0
national,all_structures,annual,31,31,renter,0,without_young_child,6334,846535.0,3164143.0,3164143.0,0.0
national,all_structures,annual,31,31,renter,1,with_young_child,2275,292885.0,1298206.0,1298206.0,0.0
national,all_structures,annual,31,31,renter,1,without_young_child,11,1803.0,8814.0,8814.0,0.0
national,all_structures,annual,31,31,renter,2,with_young_child,2378,312239.0,1509377.0,1509377.0,0.0
national,all_structures,annual,31,31,renter,3+,with_young_child,2054,277657.0,1478058.0,1478058.0,0.0
national,all_structures,annual,32,32,owner,0,without_young_child,6646,683691.0,3903106.0,3903106.0,683691.0
national,all_structures,annual,32,32,owner,1,with_young_child,4655,451922.0,2814680.0,2814680.0,451922.0
national,all_structures,annual,32,32,owner,1,without_young_child,17,1695.0,10082.0,10082.0,1695.0
national,all_structures,annual,32,32,owner,2,with_young_child,5722,561432.0,3621866.0,3621866.0,561432.0
national,all_structures,annual,32,32,owner,2,without_young_child,1,106.0,636.0,636.0,106.0
national,all_structures,annual,32,32,owner,3+,with_young_child,3171,319599.0,2107276.0,2107276.0,319599.0
national,all_structures,annual,32,32,renter,0,without_young_child,5916,791653.0,2984878.0,2984878.0,0.0
national,all_structures,annual,32,32,renter,1,with_young_child,2342,298384.0,1322222.0,1322222.0,0.0
national,all_structures,annual,32,32,renter,1,without_young_child,7,1207.0,5139.0,5139.0,0.0
national,all_structures,annual,32,32,renter,2,with_young_child,2555,329150.0,1590344.0,1590344.0,0.0
national,all_structures,annual,32,32,renter,2,without_young_child,4,407.0,1934.0,1934.0,0.0
national,all_structures,annual,32,32,renter,3+,with_young_child,2145,289358.0,1530097.0,1530097.0,0.0
national,all_structures,annual,33,33,owner,0,without_young_child,6596,685675.0,3898883.0,3898883.0,685675.0
national,all_structures,annual,33,33,owner,1,with_young_child,4913,478808.0,2996447.0,2996447.0,478808.0
national,all_structures,annual,33,33,owner,1,without_young_child,25,2407.0,13788.0,13788.0,2407.0
national,all_structures,annual,33,33,owner,2,with_young_child,6868,657073.0,4290949.0,4290949.0,657073.0
national,all_structures,annual,33,33,owner,2,without_young_child,1,59.0,354.0,354.0,59.0
national,all_structures,annual,33,33,owner,3+,with_young_child,3838,378819.0,2515491.0,2515491.0,378819.0
national,all_structures,annual,33,33,renter,0,without_young_child,5752,777758.0,2944469.0,2944469.0,0.0
national,all_structures,annual,33,33,renter,1,with_young_child,2299,302942.0,1331946.0,1331946.0,0.0
national,all_structures,annual,33,33,renter,1,without_young_child,23,3146.0,15165.0,15165.0,0.0
national,all_structures,annual,33,33,renter,2,with_young_child,2648,341152.0,1691928.0,1691928.0,0.0
national,all_structures,annual,33,33,renter,3+,with_young_child,2306,306262.0,1629154.0,1629154.0,0.0
national,all_structures,annual,34,34,owner,0,without_young_child,6994,710027.0,4041920.0,4041920.0,710027.0
national,all_structures,annual,34,34,owner,1,with_young_child,5180,501670.0,3153693.0,3153693.0,501670.0
national,all_structures,annual,34,34,owner,1,without_young_child,52,4832.0,27588.0,27588.0,4832.0
national,all_structures,annual,34,34,owner,2,with_young_child,8114,769145.0,5080843.0,5080843.0,769145.0
national,all_structures,annual,34,34,owner,2,without_young_child,5,660.0,4575.0,4575.0,660.0
national,all_structures,annual,34,34,owner,3+,with_young_child,4719,468372.0,3154172.0,3154172.0,468372.0
national,all_structures,annual,34,34,owner,3+,without_young_child,1,110.0,660.0,660.0,110.0
national,all_structures,annual,34,34,renter,0,without_young_child,5649,755103.0,2833793.0,2833793.0,0.0
national,all_structures,annual,34,34,renter,1,with_young_child,2288,293383.0,1333724.0,1333724.0,0.0
national,all_structures,annual,34,34,renter,1,without_young_child,34,4181.0,19850.0,19850.0,0.0
national,all_structures,annual,34,34,renter,2,with_young_child,2815,362272.0,1788155.0,1788155.0,0.0
national,all_structures,annual,34,34,renter,2,without_young_child,4,600.0,3231.0,3231.0,0.0
national,all_structures,annual,34,34,renter,3+,with_young_child,2659,358778.0,1940242.0,1940242.0,0.0
national,all_structures,annual,35,35,owner,0,without_young_child,7323,759006.0,4348709.0,4348709.0,759006.0
national,all_structures,annual,35,35,owner,1,with_young_child,5494,529237.0,3340325.0,3340325.0,529237.0
national,all_structures,annual,35,35,owner,1,without_young_child,92,10327.0,59845.0,59845.0,10327.0
national,all_structures,annual,35,35,owner,2,with_young_child,9115,871671.0,5771708.0,5771708.0,871671.0
national,all_structures,annual,35,35,owner,2,without_young_child,9,1243.0,9501.0,9501.0,1243.0
national,all_structures,annual,35,35,owner,3+,with_young_child,5537,537900.0,3691182.0,3691182.0,537900.0
national,all_structures,annual,35,35,renter,0,without_young_child,5721,791118.0,2985924.0,2985924.0,0.0
national,all_structures,annual,35,35,renter,1,with_young_child,2492,339769.0,1539139.0,1539139.0,0.0
national,all_structures,annual,35,35,renter,1,without_young_child,68,8795.0,42715.0,42715.0,0.0
national,all_structures,annual,35,35,renter,2,with_young_child,2867,368761.0,1817672.0,1817672.0,0.0
national,all_structures,annual,35,35,renter,2,without_young_child,3,347.0,1807.0,1807.0,0.0
national,all_structures,annual,35,35,renter,3+,with_young_child,2625,355373.0,1908173.0,1908173.0,0.0
national,all_structures,annual,36,36,owner,0,without_young_child,7012,712727.0,4054248.0,4054248.0,712727.0
national,all_structures,annual,36,36,owner,1,with_young_child,5267,511620.0,3245148.0,3245148.0,511620.0
national,all_structures,annual,36,36,owner,1,without_young_child,151,17247.0,107668.0,107668.0,17247.0
national,all_structures,annual,36,36,owner,2,with_young_child,9606,912426.0,6115365.0,6115365.0,912426.0
national,all_structures,annual,36,36,owner,2,without_young_child,23,2692.0,16143.0,16143.0,2692.0
national,all_structures,annual,36,36,owner,3+,with_young_child,5760,558584.0,3846330.0,3846330.0,558584.0
national,all_structures,annual,36,36,renter,0,without_young_child,5142,698836.0,2658413.0,2658413.0,0.0
national,all_structures,annual,36,36,renter,1,with_young_child,2235,284954.0,1291936.0,1291936.0,0.0
national,all_structures,annual,36,36,renter,1,without_young_child,85,11453.0,53651.0,53651.0,0.0
national,all_structures,annual,36,36,renter,2,with_young_child,2740,352006.0,1752289.0,1752289.0,0.0
national,all_structures,annual,36,36,renter,2,without_young_child,18,2102.0,9753.0,9753.0,0.0
national,all_structures,annual,36,36,renter,3+,with_young_child,2434,319467.0,1743973.0,1743973.0,0.0
national,all_structures,annual,36,36,renter,3+,without_young_child,1,187.0,561.0,561.0,0.0
national,all_structures,annual,37,37,owner,0,without_young_child,6812,692220.0,3996186.0,3996186.0,692220.0
national,all_structures,annual,37,37,owner,1,with_young_child,5045,492772.0,3095926.0,3095926.0,492772.0
national,all_structures,annual,37,37,owner,1,without_young_child,218,20861.0,124481.0,124481.0,20861.0
national,all_structures,annual,37,37,owner,2,with_young_child,9708,914677.0,6151691.0,6151691.0,914677.0
national,all_structures,annual,37,37,owner,2,without_young_child,17,1931.0,12324.0,12324.0,1931.0
national,all_structures,annual,37,37,owner,3+,with_young_child,6218,594149.0,4125228.0,4125228.0,594149.0
national,all_structures,annual,37,37,owner,3+,without_young_child,4,253.0,1595.0,1595.0,253.0
national,all_structures,annual,37,37,renter,0,without_young_child,4821,648112.0,2471253.0,2471253.0,0.0
national,all_structures,annual,37,37,renter,1,with_young_child,2113,268226.0,1201475.0,1201475.0,0.0
national,all_structures,annual,37,37,renter,1,without_young_child,158,22484.0,103407.0,103407.0,0.0
national,all_structures,annual,37,37,renter,2,with_young_child,2650,324812.0,1614513.0,1614513.0,0.0
national,all_structures,annual,37,37,renter,2,without_young_child,18,2083.0,11897.0,11897.0,0.0
national,all_structures,annual,37,37,renter,3+,with_young_child,2234,281665.0,1501921.0,1501921.0,0.0
national,all_structures,annual,37,37,renter,3+,without_young_child,2,194.0,1146.0,1146.0,0.0
national,all_structures,annual,38,38,owner,0,without_young_child,7094,718685.0,4134677.0,4134677.0,718685.0
national,all_structures,annual,38,38,owner,1,with_young_child,5228,507036.0,3203370.0,3203370.0,507036.0
national,all_structures,annual,38,38,owner,1,without_young_child,304,32655.0,197665.0,197665.0,32655.0
national,all_structures,annual,38,38,owner,2,with_young_child,10005,941540.0,6361637.0,6361637.0,941540.0
national,all_structures,annual,38,38,owner,2,without_young_child,62,6665.0,39200.0,39200.0,6665.0
national,all_structures,annual,38,38,owner,3+,with_young_child,6421,607919.0,4242509.0,4242509.0,607919.0
national,all_structures,annual,38,38,owner,3+,without_young_child,6,554.0,3372.0,3372.0,554.0
national,all_structures,annual,38,38,renter,0,without_young_child,4786,636826.0,2443189.0,2443189.0,0.0
national,all_structures,annual,38,38,renter,1,with_young_child,2009,247496.0,1118311.0,1118311.0,0.0
national,all_structures,annual,38,38,renter,1,without_young_child,216,31050.0,145047.0,145047.0,0.0
national,all_structures,annual,38,38,renter,2,with_young_child,2616,335804.0,1671310.0,1671310.0,0.0
national,all_structures,annual,38,38,renter,2,without_young_child,39,4958.0,25529.0,25529.0,0.0
national,all_structures,annual,38,38,renter,3+,with_young_child,2041,262319.0,1418107.0,1418107.0,0.0
national,all_structures,annual,38,38,renter,3+,without_young_child,5,872.0,4658.0,4658.0,0.0
national,all_structures,annual,39,39,owner,0,without_young_child,7167,716221.0,4126563.0,4126563.0,716221.0
national,all_structures,annual,39,39,owner,1,with_young_child,5252,496857.0,3130567.0,3130567.0,496857.0
national,all_structures,annual,39,39,owner,1,without_young_child,455,45111.0,275456.0,275456.0,45111.0
national,all_structures,annual,39,39,owner,2,with_young_child,10081,955323.0,6505385.0,6505385.0,955323.0
national,all_structures,annual,39,39,owner,2,without_young_child,103,9904.0,58592.0,58592.0,9904.0
national,all_structures,annual,39,39,owner,3+,with_young_child,6543,626624.0,4436838.0,4436838.0,626624.0
national,all_structures,annual,39,39,owner,3+,without_young_child,13,1708.0,10173.0,10173.0,1708.0
national,all_structures,annual,39,39,renter,0,without_young_child,4710,627736.0,2432699.0,2432699.0,0.0
national,all_structures,annual,39,39,renter,1,with_young_child,2025,257552.0,1167712.0,1167712.0,0.0
national,all_structures,annual,39,39,renter,1,without_young_child,266,33871.0,154808.0,154808.0,0.0
national,all_structures,annual,39,39,renter,2,with_young_child,2495,309075.0,1546363.0,1546363.0,0.0
national,all_structures,annual,39,39,renter,2,without_young_child,67,9716.0,48102.0,48102.0,0.0
national,all_structures,annual,39,39,renter,3+,with_young_child,1897,248370.0,1341689.0,1341689.0,0.0
national,all_structures,annual,39,39,renter,3+,without_young_child,7,866.0,4561.0,4561.0,0.0
national,all_structures,annual,40,40,owner,0,without_young_child,8426,861199.0,4965460.0,4965460.0,861199.0
national,all_structures,annual,40,40,owner,1,with_young_child,5704,552499.0,3480148.0,3480148.0,552499.0
national,all_structures,annual,40,40,owner,1,without_young_child,754,78882.0,478158.0,478158.0,78882.0
national,all_structures,annual,40,40,owner,2,with_young_child,11072,1040449.0,7111762.0,7111762.0,1040449.0
national,all_structures,annual,40,40,owner,2,without_young_child,198,21322.0,135435.0,135435.0,21322.0
national,all_structures,annual,40,40,owner,3+,with_young_child,6843,655094.0,4664944.0,4664944.0,655094.0
national,all_structures,annual,40,40,owner,3+,without_young_child,31,2902.0,19619.0,19619.0,2902.0
national,all_structures,annual,40,40,renter,0,without_young_child,5194,700626.0,2715519.0,2715519.0,0.0
national,all_structures,annual,40,40,renter,1,with_young_child,2110,274751.0,1264405.0,1264405.0,0.0
national,all_structures,annual,40,40,renter,1,without_young_child,439,61191.0,276926.0,276926.0,0.0
national,all_structures,annual,40,40,renter,2,with_young_child,2513,310207.0,1554954.0,1554954.0,0.0
national,all_structures,annual,40,40,renter,2,without_young_child,89,11768.0,58718.0,58718.0,0.0
national,all_structures,annual,40,40,renter,3+,with_young_child,1951,256413.0,1397227.0,1397227.0,0.0
national,all_structures,annual,40,40,renter,3+,without_young_child,16,2087.0,12456.0,12456.0,0.0
national,all_structures,annual,41,41,owner,0,without_young_child,8813,865596.0,4997768.0,4997768.0,865596.0
national,all_structures,annual,41,41,owner,1,with_young_child,5726,544045.0,3444054.0,3444054.0,544045.0
national,all_structures,annual,41,41,owner,1,without_young_child,979,98763.0,596967.0,596967.0,98763.0
national,all_structures,annual,41,41,owner,2,with_young_child,11204,1033633.0,7116230.0,7116230.0,1033633.0
national,all_structures,annual,41,41,owner,2,without_young_child,265,26835.0,166670.0,166670.0,26835.0
national,all_structures,annual,41,41,owner,3+,with_young_child,6947,653280.0,4711961.0,4711961.0,653280.0
national,all_structures,annual,41,41,owner,3+,without_young_child,39,4038.0,25892.0,25892.0,4038.0
national,all_structures,annual,41,41,renter,0,without_young_child,5004,646301.0,2498980.0,2498980.0,0.0
national,all_structures,annual,41,41,renter,1,with_young_child,2059,257222.0,1190830.0,1190830.0,0.0
national,all_structures,annual,41,41,renter,1,without_young_child,507,68586.0,325171.0,325171.0,0.0
national,all_structures,annual,41,41,renter,2,with_young_child,2307,274188.0,1374194.0,1374194.0,0.0
national,all_structures,annual,41,41,renter,2,without_young_child,117,15510.0,84339.0,84339.0,0.0
national,all_structures,annual,41,41,renter,3+,with_young_child,1676,208475.0,1137966.0,1137966.0,0.0
national,all_structures,annual,41,41,renter,3+,without_young_child,23,2958.0,16136.0,16136.0,0.0
national,all_structures,annual,42,42,owner,0,without_young_child,9560,919381.0,5333839.0,5333839.0,919381.0
national,all_structures,annual,42,42,owner,1,with_young_child,6141,582995.0,3707170.0,3707170.0,582995.0
national,all_structures,annual,42,42,owner,1,without_young_child,1404,132532.0,814647.0,814647.0,132532.0
national,all_structures,annual,42,42,owner,2,with_young_child,11503,1064597.0,7359109.0,7359109.0,1064597.0
national,all_structures,annual,42,42,owner,2,without_young_child,396,38972.0,249228.0,249228.0,38972.0
national,all_structures,annual,42,42,owner,3+,with_young_child,6938,639221.0,4590412.0,4590412.0,639221.0
national,all_structures,annual,42,42,owner,3+,without_young_child,55,5035.0,34302.0,34302.0,5035.0
national,all_structures,annual,42,42,renter,0,without_young_child,5358,701354.0,2734178.0,2734178.0,0.0
national,all_structures,annual,42,42,renter,1,with_young_child,2109,261215.0,1200621.0,1200621.0,0.0
national,all_structures,annual,42,42,renter,1,without_young_child,618,82160.0,383488.0,383488.0,0.0
national,all_structures,annual,42,42,renter,2,with_young_child,2233,272087.0,1374128.0,1374128.0,0.0
national,all_structures,annual,42,42,renter,2,without_young_child,162,21727.0,109411.0,109411.0,0.0
national,all_structures,annual,42,42,renter,3+,with_young_child,1560,187492.0,1008551.0,1008551.0,0.0
national,all_structures,annual,42,42,renter,3+,without_young_child,24,3124.0,17896.0,17896.0,0.0
national,all_structures,annual,43,43,owner,0,without_young_child,10237,986611.0,5755243.0,5755243.0,986611.0
national,all_structures,annual,43,43,owner,1,with_young_child,6367,584865.0,3783141.0,3783141.0,584865.0
national,all_structures,annual,43,43,owner,1,without_young_child,1812,170774.0,1057329.0,1057329.0,170774.0
national,all_structures,annual,43,43,owner,2,with_young_child,11352,1042443.0,7214535.0,7214535.0,1042443.0
national,all_structures,annual,43,43,owner,2,without_young_child,539,51769.0,337664.0,337664.0,51769.0
national,all_structures,annual,43,43,owner,3+,with_young_child,6597,612565.0,4446772.0,4446772.0,612565.0
national,all_structures,annual,43,43,owner,3+,without_young_child,69,7414.0,49223.0,49223.0,7414.0
national,all_structures,annual,43,43,renter,0,without_young_child,5380,704568.0,2750498.0,2750498.0,0.0
national,all_structures,annual,43,43,renter,1,with_young_child,1923,239935.0,1119539.0,1119539.0,0.0
national,all_structures,annual,43,43,renter,1,without_young_child,781,102903.0,487795.0,487795.0,0.0
national,all_structures,annual,43,43,renter,2,with_young_child,1990,241531.0,1228260.0,1228260.0,0.0
national,all_structures,annual,43,43,renter,2,without_young_child,184,22092.0,114449.0,114449.0,0.0
national,all_structures,annual,43,43,renter,3+,with_young_child,1399,168644.0,918653.0,918653.0,0.0
national,all_structures,annual,43,43,renter,3+,without_young_child,35,4979.0,25984.0,25984.0,0.0
national,all_structures,annual,44,44,owner,0,without_young_child,11280,1065126.0,6230593.0,6230593.0,1065126.0
national,all_structures,annual,44,44,owner,1,with_young_child,6312,582466.0,3750140.0,3750140.0,582466.0
national,all_structures,annual,44,44,owner,1,without_young_child,2313,222964.0,1379663.0,1379663.0,222964.0
national,all_structures,annual,44,44,owner,2,with_young_child,10927,1002340.0,6994195.0,6994195.0,1002340.0
national,all_structures,annual,44,44,owner,2,without_young_child,743,71843.0,463600.0,463600.0,71843.0
national,all_structures,annual,44,44,owner,3+,with_young_child,6287,574678.0,4191996.0,4191996.0,574678.0
national,all_structures,annual,44,44,owner,3+,without_young_child,86,8176.0,54609.0,54609.0,8176.0
national,all_structures,annual,44,44,renter,0,without_young_child,5632,704733.0,2764179.0,2764179.0,0.0
national,all_structures,annual,44,44,renter,1,with_young_child,1798,214020.0,999018.0,999018.0,0.0
national,all_structures,annual,44,44,renter,1,without_young_child,850,110958.0,524604.0,524604.0,0.0
national,all_structures,annual,44,44,renter,2,with_young_child,1886,221093.0,1128013.0,1128013.0,0.0
national,all_structures,annual,44,44,renter,2,without_young_child,209,25104.0,134342.0,134342.0,0.0
national,all_structures,annual,44,44,renter,3+,with_young_child,1212,151490.0,832760.0,832760.0,0.0
national,all_structures,annual,44,44,renter,3+,without_young_child,35,5486.0,29789.0,29789.0,0.0
national,all_structures,annual,45,45,owner,0,without_young_child,12730,1209670.0,7099781.0,7099781.0,1209670.0
national,all_structures,annual,45,45,owner,1,with_young_child,6447,576486.0,3770769.0,3770769.0,576486.0
national,all_structures,annual,45,45,owner,1,without_young_child,2947,273244.0,1703942.0,1703942.0,273244.0
national,all_structures,annual,45,45,owner,2,with_young_child,10622,967811.0,6783407.0,6783407.0,967811.0
national,all_structures,annual,45,45,owner,2,without_young_child,970,90346.0,588975.0,588975.0,90346.0
national,all_structures,annual,45,45,owner,3+,with_young_child,5858,552140.0,4025590.0,4025590.0,552140.0
national,all_structures,annual,45,45,owner,3+,without_young_child,157,18704.0,128173.0,128173.0,18704.0
national,all_structures,annual,45,45,renter,0,without_young_child,6079,756656.0,2948942.0,2948942.0,0.0
national,all_structures,annual,45,45,renter,1,with_young_child,1728,208839.0,982742.0,982742.0,0.0
national,all_structures,annual,45,45,renter,1,without_young_child,935,115740.0,547057.0,547057.0,0.0
national,all_structures,annual,45,45,renter,2,with_young_child,1720,206179.0,1056532.0,1056532.0,0.0
national,all_structures,annual,45,45,renter,2,without_young_child,279,35388.0,183001.0,183001.0,0.0
national,all_structures,annual,45,45,renter,3+,with_young_child,1164,141639.0,772239.0,772239.0,0.0
national,all_structures,annual,45,45,renter,3+,without_young_child,51,6599.0,34167.0,34167.0,0.0
national,all_structures,annual,46,46,owner,0,without_young_child,13418,1235666.0,7300108.0,7300108.0,1235666.0
national,all_structures,annual,46,46,owner,1,with_young_child,6240,551970.0,3641413.0,3641413.0,551970.0
national,all_structures,annual,46,46,owner,1,without_young_child,3320,296716.0,1877107.0,1877107.0,296716.0
national,all_structures,annual,46,46,owner,2,with_young_child,9496,848889.0,5975834.0,5975834.0,848889.0
national,all_structures,annual,46,46,owner,2,without_young_child,1198,116643.0,773979.0,773979.0,116643.0
national,all_structures,annual,46,46,owner,3+,with_young_child,5092,459745.0,3373828.0,3373828.0,459745.0
national,all_structures,annual,46,46,owner,3+,without_young_child,161,16556.0,114146.0,114146.0,16556.0
national,all_structures,annual,46,46,renter,0,without_young_child,5975,715544.0,2814521.0,2814521.0,0.0
national,all_structures,annual,46,46,renter,1,with_young_child,1554,180728.0,846114.0,846114.0,0.0
national,all_structures,annual,46,46,renter,1,without_young_child,987,115996.0,538688.0,538688.0,0.0
national,all_structures,annual,46,46,renter,2,with_young_child,1488,177272.0,912901.0,912901.0,0.0
national,all_structures,annual,46,46,renter,2,without_young_child,259,31873.0,167978.0,167978.0,0.0
national,all_structures,annual,46,46,renter,3+,with_young_child,991,116038.0,630647.0,630647.0,0.0
national,all_structures,annual,46,46,renter,3+,without_young_child,51,6985.0,39806.0,39806.0,0.0
national,all_structures,annual,47,47,owner,0,without_young_child,14883,1332440.0,7906050.0,7906050.0,1332440.0
national,all_structures,annual,47,47,owner,1,with_young_child,6217,567629.0,3774487.0,3774487.0,567629.0
national,all_structures,annual,47,47,owner,1,without_young_child,4092,371211.0,2347281.0,2347281.0,371211.0
national,all_structures,annual,47,47,owner,2,with_young_child,8891,793590.0,5614978.0,5614978.0,793590.0
national,all_structures,annual,47,47,owner,2,without_young_child,1457,131966.0,887074.0,887074.0,131966.0
national,all_structures,annual,47,47,owner,3+,with_young_child,4590,426212.0,3112242.0,3112242.0,426212.0
national,all_structures,annual,47,47,owner,3+,without_young_child,193,18514.0,123817.0,123817.0,18514.0
national,all_structures,annual,47,47,renter,0,without_young_child,6256,745968.0,2969859.0,2969859.0,0.0
national,all_structures,annual,47,47,renter,1,with_young_child,1398,162948.0,763684.0,763684.0,0.0
national,all_structures,annual,47,47,renter,1,without_young_child,1124,138692.0,655497.0,655497.0,0.0
national,all_structures,annual,47,47,renter,2,with_young_child,1345,157035.0,810189.0,810189.0,0.0
national,all_structures,annual,47,47,renter,2,without_young_child,296,33275.0,169624.0,169624.0,0.0
national,all_structures,annual,47,47,renter,3+,with_young_child,807,95918.0,526093.0,526093.0,0.0
national,all_structures,annual,47,47,renter,3+,without_young_child,56,8648.0,48281.0,48281.0,0.0
national,all_structures,annual,48,48,owner,0,without_young_child,16618,1485652.0,8851250.0,8851250.0,1485652.0
national,all_structures,annual,48,48,owner,1,with_young_child,6004,534596.0,3579752.0,3579752.0,534596.0
national,all_structures,annual,48,48,owner,1,without_young_child,4594,418385.0,2700460.0,2700460.0,418385.0
national,all_structures,annual,48,48,owner,2,with_young_child,7995,710327.0,5020231.0,5020231.0,710327.0
national,all_structures,annual,48,48,owner,2,without_young_child,1613,147139.0,978630.0,978630.0,147139.0
national,all_structures,annual,48,48,owner,3+,with_young_child,4039,376521.0,2755137.0,2755137.0,376521.0
national,all_structures,annual,48,48,owner,3+,without_young_child,251,22862.0,157835.0,157835.0,22862.0
national,all_structures,annual,48,48,renter,0,without_young_child,6429,763374.0,3034925.0,3034925.0,0.0
national,all_structures,annual,48,48,renter,1,with_young_child,1291,146497.0,692723.0,692723.0,0.0
national,all_structures,annual,48,48,renter,1,without_young_child,1126,131426.0,618341.0,618341.0,0.0
national,all_structures,annual,48,48,renter,2,with_young_child,1151,134508.0,692627.0,692627.0,0.0
national,all_structures,annual,48,48,renter,2,without_young_child,324,39042.0,198537.0,198537.0,0.0
national,all_structures,annual,48,48,renter,3+,with_young_child,678,83018.0,462975.0,462975.0,0.0
national,all_structures,annual,48,48,renter,3+,without_young_child,48,6395.0,37502.0,37502.0,0.0
national,all_structures,annual,49,49,owner,0,without_young_child,17954,1603003.0,9632524.0,9632524.0,1603003.0
national,all_structures,annual,49,49,owner,1,with_young_child,5584,488846.0,3281794.0,3281794.0,488846.0
national,all_structures,annual,49,49,owner,1,without_young_child,5087,462616.0,2999040.0,2999040.0,462616.0
national,all_structures,annual,49,49,owner,2,with_young_child,6787,614486.0,4346652.0,4346652.0,614486.0
national,all_structures,annual,49,49,owner,2,without_young_child,1811,170590.0,1166476.0,1166476.0,170590.0
national,all_structures,annual,49,49,owner,3+,with_young_child,3224,297304.0,2177409.0,2177409.0,297304.0
national,all_structures,annual,49,49,owner,3+,without_young_child,260,24996.0,174713.0,174713.0,24996.0
national,all_structures,annual,49,49,renter,0,without_young_child,6468,761106.0,3035530.0,3035530.0,0.0
national,all_structures,annual,49,49,renter,1,with_young_child,1192,134625.0,651335.0,651335.0,0.0
national,all_structures,annual,49,49,renter,1,without_young_child,1144,134252.0,640838.0,640838.0,0.0
national,all_structures,annual,49,49,renter,2,with_young_child,958,109795.0,563960.0,563960.0,0.0
national,all_structures,annual,49,49,renter,2,without_young_child,330,40228.0,205470.0,205470.0,0.0
national,all_structures,annual,49,49,renter,3+,with_young_child,570,68384.0,370072.0,370072.0,0.0
national,all_structures,annual,49,49,renter,3+,without_young_child,41,4725.0,26482.0,26482.0,0.0
national,all_structures,annual,50,50,owner,0,without_young_child,20537,1777767.0,10750361.0,10750361.0,1777767.0
national,all_structures,annual,50,50,owner,1,with_young_child,5351,468897.0,3145101.0,3145101.0,468897.0
national,all_structures,annual,50,50,owner,1,without_young_child,5699,510861.0,3318145.0,3318145.0,510861.0
national,all_structures,annual,50,50,owner,2,with_young_child,5780,518891.0,3675829.0,3675829.0,518891.0
national,all_structures,annual,50,50,owner,2,without_young_child,2032,187488.0,1285120.0,1285120.0,187488.0
national,all_structures,annual,50,50,owner,3+,with_young_child,2829,253019.0,1838518.0,1838518.0,253019.0
national,all_structures,annual,50,50,owner,3+,without_young_child,270,26201.0,184186.0,184186.0,26201.0
national,all_structures,annual,50,50,renter,0,without_young_child,6945,783577.0,3152446.0,3152446.0,0.0
national,all_structures,annual,50,50,renter,1,with_young_child,1035,114488.0,537240.0,537240.0,0.0
national,all_structures,annual,50,50,renter,1,without_young_child,1282,148941.0,712328.0,712328.0,0.0
national,all_structures,annual,50,50,renter,2,with_young_child,837,91624.0,462720.0,462720.0,0.0
national,all_structures,annual,50,50,renter,2,without_young_child,325,34967.0,179158.0,179158.0,0.0
national,all_structures,annual,50,50,renter,3+,with_young_child,539,62963.0,344742.0,344742.0,0.0
national,all_structures,annual,50,50,renter,3+,without_young_child,68,8024.0,45683.0,45683.0,0.0
national,all_structures,annual,51,51,owner,0,without_young_child,20464,1750724.0,10667538.0,10667538.0,1750724.0
national,all_structures,annual,51,51,owner,1,with_young_child,4618,395368.0,2694676.0,2694676.0,395368.0
national,all_structures,annual,51,51,owner,1,without_young_child,5743,491862.0,3236131.0,3236131.0,491862.0
national,all_structures,annual,51,51,owner,2,with_young_child,4674,410364.0,2925707.0,2925707.0,410364.0
national,all_structures,annual,51,51,owner,2,without_young_child,1902,171608.0,1167846.0,1167846.0,171608.0
national,all_structures,annual,51,51,owner,3+,with_young_child,2161,195657.0,1428011.0,1428011.0,195657.0
national,all_structures,annual,51,51,owner,3+,without_young_child,301,28399.0,200604.0,200604.0,28399.0
national,all_structures,annual,51,51,renter,0,without_young_child,6446,719163.0,2880914.0,2880914.0,0.0
national,all_structures,annual,51,51,renter,1,with_young_child,904,103763.0,490395.0,490395.0,0.0
national,all_structures,annual,51,51,renter,1,without_young_child,1211,135839.0,650577.0,650577.0,0.0
national,all_structures,annual,51,51,renter,2,with_young_child,654,71016.0,358891.0,358891.0,0.0
national,all_structures,annual,51,51,renter,2,without_young_child,314,37998.0,189346.0,189346.0,0.0
national,all_structures,annual,51,51,renter,3+,with_young_child,391,42896.0,234031.0,234031.0,0.0
national,all_structures,annual,51,51,renter,3+,without_young_child,44,5183.0,30687.0,30687.0,0.0
national,all_structures,annual,52,52,owner,0,without_young_child,22173,1884201.0,11525135.0,11525135.0,1884201.0
national,all_structures,annual,52,52,owner,1,with_young_child,4031,351726.0,2397857.0,2397857.0,351726.0
national,all_structures,annual,52,52,owner,1,without_young_child,6167,529056.0,3462672.0,3462672.0,529056.0
national,all_structures,annual,52,52,owner,2,with_young_child,3887,339051.0,2413678.0,2413678.0,339051.0
national,all_structures,annual,52,52,owner,2,without_young_child,1936,174450.0,1192730.0,1192730.0,174450.0
national,all_structures,annual,52,52,owner,3+,with_young_child,1831,161412.0,1183960.0,1183960.0,161412.0
national,all_structures,annual,52,52,owner,3+,without_young_child,303,28395.0,196581.0,196581.0,28395.0
national,all_structures,annual,52,52,renter,0,without_young_child,6527,724745.0,2915085.0,2915085.0,0.0
national,all_structures,annual,52,52,renter,1,with_young_child,726,82751.0,394448.0,394448.0,0.0
national,all_structures,annual,52,52,renter,1,without_young_child,1162,130391.0,624627.0,624627.0,0.0
national,all_structures,annual,52,52,renter,2,with_young_child,530,57017.0,294497.0,294497.0,0.0
national,all_structures,annual,52,52,renter,2,without_young_child,288,31365.0,155998.0,155998.0,0.0
national,all_structures,annual,52,52,renter,3+,with_young_child,313,38386.0,205996.0,205996.0,0.0
national,all_structures,annual,52,52,renter,3+,without_young_child,61,7533.0,39006.0,39006.0,0.0
national,all_structures,annual,53,53,owner,0,without_young_child,23436,1956943.0,12086704.0,12086704.0,1956943.0
national,all_structures,annual,53,53,owner,1,with_young_child,3462,298543.0,2045563.0,2045563.0,298543.0
national,all_structures,annual,53,53,owner,1,without_young_child,6204,543080.0,3589104.0,3589104.0,543080.0
national,all_structures,annual,53,53,owner,2,with_young_child,3180,278105.0,1983611.0,1983611.0,278105.0
national,all_structures,annual,53,53,owner,2,without_young_child,1879,160942.0,1109075.0,1109075.0,160942.0
national,all_structures,annual,53,53,owner,3+,with_young_child,1428,126875.0,930538.0,930538.0,126875.0
national,all_structures,annual,53,53,owner,3+,without_young_child,288,24765.0,170592.0,170592.0,24765.0
national,all_structures,annual,53,53,renter,0,without_young_child,6666,721220.0,2938542.0,2938542.0,0.0
national,all_structures,annual,53,53,renter,1,with_young_child,582,60893.0,286276.0,286276.0,0.0
national,all_structures,annual,53,53,renter,1,without_young_child,1204,135503.0,643875.0,643875.0,0.0
national,all_structures,annual,53,53,renter,2,with_young_child,453,48695.0,258201.0,258201.0,0.0
national,all_structures,annual,53,53,renter,2,without_young_child,261,28757.0,155516.0,155516.0,0.0
national,all_structures,annual,53,53,renter,3+,with_young_child,292,32962.0,180603.0,180603.0,0.0
national,all_structures,annual,53,53,renter,3+,without_young_child,51,5931.0,34501.0,34501.0,0.0
national,all_structures,annual,54,54,owner,0,without_young_child,24539,2055592.0,12734713.0,12734713.0,2055592.0
national,all_structures,annual,54,54,owner,1,with_young_child,2891,246279.0,1688936.0,1688936.0,246279.0
national,all_structures,annual,54,54,owner,1,without_young_child,6147,530142.0,3506440.0,3506440.0,530142.0
national,all_structures,annual,54,54,owner,2,with_young_child,2404,209789.0,1489256.0,1489256.0,209789.0
national,all_structures,annual,54,54,owner,2,without_young_child,1673,156064.0,1070856.0,1070856.0,156064.0
national,all_structures,annual,54,54,owner,3+,with_young_child,1155,103584.0,750376.0,750376.0,103584.0
national,all_structures,annual,54,54,owner,3+,without_young_child,265,25408.0,181348.0,181348.0,25408.0
national,all_structures,annual,54,54,renter,0,without_young_child,6302,668586.0,2668642.0,2668642.0,0.0
national,all_structures,annual,54,54,renter,1,with_young_child,485,52443.0,250661.0,250661.0,0.0
national,all_structures,annual,54,54,renter,1,without_young_child,1137,120226.0,580763.0,580763.0,0.0
national,all_structures,annual,54,54,renter,2,with_young_child,357,36951.0,185267.0,185267.0,0.0
national,all_structures,annual,54,54,renter,2,without_young_child,224,24071.0,125333.0,125333.0,0.0
national,all_structures,annual,54,54,renter,3+,with_young_child,215,23577.0,123809.0,123809.0,0.0
national,all_structures,annual,54,54,renter,3+,without_young_child,57,5429.0,29756.0,29756.0,0.0
national,all_structures,annual,55,55,owner,0,without_young_child,25763,2146344.0,13335482.0,13335482.0,2146344.0
national,all_structures,annual,55,55,owner,1,with_young_child,2436,206461.0,1414836.0,1414836.0,206461.0
national,all_structures,annual,55,55,owner,1,without_young_child,6014,525549.0,3492634.0,3492634.0,525549.0
national,all_structures,annual,55,55,owner,2,with_young_child,1882,166064.0,1176808.0,1176808.0,166064.0
national,all_structures,annual,55,55,owner,2,without_young_child,1622,150824.0,1032165.0,1032165.0,150824.0
national,all_structures,annual,55,55,owner,3+,with_young_child,805,73206.0,535169.0,535169.0,73206.0
national,all_structures,annual,55,55,owner,3+,without_young_child,239,22719.0,156792.0,156792.0,22719.0
national,all_structures,annual,55,55,renter,0,without_young_child,6529,704262.0,2830783.0,2830783.0,0.0
national,all_structures,annual,55,55,renter,1,with_young_child,396,43054.0,204459.0,204459.0,0.0
national,all_structures,annual,55,55,renter,1,without_young_child,1095,120749.0,577537.0,577537.0,0.0
national,all_structures,annual,55,55,renter,2,with_young_child,281,31717.0,160788.0,160788.0,0.0
national,all_structures,annual,55,55,renter,2,without_young_child,277,30813.0,152367.0,152367.0,0.0
national,all_structures,annual,55,55,renter,3+,with_young_child,178,21438.0,119231.0,119231.0,0.0
national,all_structures,annual,55,55,renter,3+,without_young_child,47,5293.0,24947.0,24947.0,0.0
national,all_structures,annual,56,56,owner,0,without_young_child,26023,2159782.0,13470119.0,13470119.0,2159782.0
national,all_structures,annual,56,56,owner,1,with_young_child,1872,161416.0,1093778.0,1093778.0,161416.0
national,all_structures,annual,56,56,owner,1,without_young_child,5755,498023.0,3318949.0,3318949.0,498023.0
national,all_structures,annual,56,56,owner,2,with_young_child,1494,128906.0,914976.0,914976.0,128906.0
national,all_structures,annual,56,56,owner,2,without_young_child,1377,126800.0,871282.0,871282.0,126800.0
national,all_structures,annual,56,56,owner,3+,with_young_child,624,56674.0,401431.0,401431.0,56674.0
national,all_structures,annual,56,56,owner,3+,without_young_child,236,24321.0,169558.0,169558.0,24321.0
national,all_structures,annual,56,56,renter,0,without_young_child,6189,660941.0,2691707.0,2691707.0,0.0
national,all_structures,annual,56,56,renter,1,with_young_child,290,34093.0,159409.0,159409.0,0.0
national,all_structures,annual,56,56,renter,1,without_young_child,1075,115942.0,561430.0,561430.0,0.0
national,all_structures,annual,56,56,renter,2,with_young_child,210,23816.0,124460.0,124460.0,0.0
national,all_structures,annual,56,56,renter,2,without_young_child,257,26916.0,137448.0,137448.0,0.0
national,all_structures,annual,56,56,renter,3+,with_young_child,122,13237.0,73871.0,73871.0,0.0
national,all_structures,annual,56,56,renter,3+,without_young_child,55,6052.0,34518.0,34518.0,0.0
national,all_structures,annual,57,57,owner,0,without_young_child,28237,2323997.0,14576665.0,14576665.0,2323997.0
national,all_structures,annual,57,57,owner,1,with_young_child,1557,128653.0,868946.0,868946.0,128653.0
national,all_structures,annual,57,57,owner,1,without_young_child,5665,481979.0,3220877.0,3220877.0,481979.0
national,all_structures,annual,57,57,owner,2,with_young_child,1129,98264.0,702717.0,702717.0,98264.0
national,all_structures,annual,57,57,owner,2,without_young_child,1408,125869.0,867678.0,867678.0,125869.0
national,all_structures,annual,57,57,owner,3+,with_young_child,536,47820.0,338977.0,338977.0,47820.0
national,all_structures,annual,57,57,owner,3+,without_young_child,259,22928.0,160155.0,160155.0,22928.0
national,all_structures,annual,57,57,renter,0,without_young_child,6321,663145.0,2676225.0,2676225.0,0.0
national,all_structures,annual,57,57,renter,1,with_young_child,272,28675.0,142027.0,142027.0,0.0
national,all_structures,annual,57,57,renter,1,without_young_child,995,105530.0,506643.0,506643.0,0.0
national,all_structures,annual,57,57,renter,2,with_young_child,154,14895.0,73912.0,73912.0,0.0
national,all_structures,annual,57,57,renter,2,without_young_child,246,26899.0,141013.0,141013.0,0.0
national,all_structures,annual,57,57,renter,3+,with_young_child,103,10304.0,57641.0,57641.0,0.0
national,all_structures,annual,57,57,renter,3+,without_young_child,47,5011.0,27199.0,27199.0,0.0
national,all_structures,annual,58,58,owner,0,without_young_child,30208,2450017.0,15385126.0,15385126.0,2450017.0
national,all_structures,annual,58,58,owner,1,with_young_child,1362,120095.0,816708.0,816708.0,120095.0
national,all_structures,annual,58,58,owner,1,without_young_child,5729,490133.0,3249390.0,3249390.0,490133.0
national,all_structures,annual,58,58,owner,2,with_young_child,883,77400.0,548853.0,548853.0,77400.0
national,all_structures,annual,58,58,owner,2,without_young_child,1187,107954.0,739854.0,739854.0,107954.0
national,all_structures,annual,58,58,owner,3+,with_young_child,435,38080.0,269441.0,269441.0,38080.0
national,all_structures,annual,58,58,owner,3+,without_young_child,218,19212.0,134979.0,134979.0,19212.0
national,all_structures,annual,58,58,renter,0,without_young_child,6343,667360.0,2680303.0,2680303.0,0.0
national,all_structures,annual,58,58,renter,1,with_young_child,234,24780.0,115842.0,115842.0,0.0
national,all_structures,annual,58,58,renter,1,without_young_child,987,106856.0,497579.0,497579.0,0.0
national,all_structures,annual,58,58,renter,2,with_young_child,151,14921.0,77252.0,77252.0,0.0
national,all_structures,annual,58,58,renter,2,without_young_child,165,18713.0,95971.0,95971.0,0.0
national,all_structures,annual,58,58,renter,3+,with_young_child,96,10210.0,57893.0,57893.0,0.0
national,all_structures,annual,58,58,renter,3+,without_young_child,49,5775.0,34337.0,34337.0,0.0
national,all_structures,annual,59,59,owner,0,without_young_child,28267,2303546.0,14405793.0,14405793.0,2303546.0
national,all_structures,annual,59,59,owner,1,with_young_child,971,81797.0,551543.0,551543.0,81797.0
national,all_structures,annual,59,59,owner,1,without_young_child,4949,424674.0,2818406.0,2818406.0,424674.0
national,all_structures,annual,59,59,owner,2,with_young_child,631,55182.0,390105.0,390105.0,55182.0
national,all_structures,annual,59,59,owner,2,without_young_child,1077,95562.0,650494.0,650494.0,95562.0
national,all_structures,annual,59,59,owner,3+,with_young_child,297,26260.0,188136.0,188136.0,26260.0
national,all_structures,annual,59,59,owner,3+,without_young_child,176,16944.0,116458.0,116458.0,16944.0
national,all_structures,annual,59,59,renter,0,without_young_child,5870,613200.0,2465637.0,2465637.0,0.0
national,all_structures,annual,59,59,renter,1,with_young_child,142,16054.0,76551.0,76551.0,0.0
national,all_structures,annual,59,59,renter,1,without_young_child,836,89526.0,423380.0,423380.0,0.0
national,all_structures,annual,59,59,renter,2,with_young_child,106,11212.0,55185.0,55185.0,0.0
national,all_structures,annual,59,59,renter,2,without_young_child,139,13858.0,70458.0,70458.0,0.0
national,all_structures,annual,59,59,renter,3+,with_young_child,67,7050.0,37560.0,37560.0,0.0
national,all_structures,annual,59,59,renter,3+,without_young_child,30,2683.0,13991.0,13991.0,0.0
national,all_structures,annual,60,60,owner,0,without_young_child,25480,2074763.0,12901423.0,12901423.0,2074763.0
national,all_structures,annual,60,60,owner,1,with_young_child,718,60631.0,411778.0,411778.0,60631.0
national,all_structures,annual,60,60,owner,1,without_young_child,4245,365106.0,2391056.0,2391056.0,365106.0
national,all_structures,annual,60,60,owner,2,with_young_child,462,41829.0,290148.0,290148.0,41829.0
national,all_structures,annual,60,60,owner,2,without_young_child,845,74776.0,497302.0,497302.0,74776.0
national,all_structures,annual,60,60,owner,3+,with_young_child,178,16703.0,111747.0,111747.0,16703.0
national,all_structures,annual,60,60,owner,3+,without_young_child,141,14109.0,99221.0,99221.0,14109.0
national,all_structures,annual,60,60,renter,0,without_young_child,5263,548368.0,2186347.0,2186347.0,0.0
national,all_structures,annual,60,60,renter,1,with_young_child,123,12957.0,60293.0,60293.0,0.0
national,all_structures,annual,60,60,renter,1,without_young_child,735,79464.0,367246.0,367246.0,0.0
national,all_structures,annual,60,60,renter,2,with_young_child,64,6749.0,33702.0,33702.0,0.0
national,all_structures,annual,60,60,renter,2,without_young_child,129,14132.0,74225.0,74225.0,0.0
national,all_structures,annual,60,60,renter,3+,with_young_child,49,5300.0,28453.0,28453.0,0.0
national,all_structures,annual,60,60,renter,3+,without_young_child,30,2992.0,15794.0,15794.0,0.0
national,all_structures,annual,61,61,owner,0,without_young_child,24985,2027711.0,12649580.0,12649580.0,2027711.0
national,all_structures,annual,61,61,owner,1,with_young_child,518,42882.0,288195.0,288195.0,42882.0
national,all_structures,annual,61,61,owner,1,without_young_child,3750,318321.0,2085925.0,2085925.0,318321.0
national,all_structures,annual,61,61,owner,2,with_young_child,358,31842.0,224607.0,224607.0,31842.0
national,all_structures,annual,61,61,owner,2,without_young_child,697,62283.0,418441.0,418441.0,62283.0
national,all_structures,annual,61,61,owner,3+,with_young_child,158,14337.0,100569.0,100569.0,14337.0
national,all_structures,annual,61,61,owner,3+,without_young_child,106,9679.0,67059.0,67059.0,9679.0
national,all_structures,annual,61,61,renter,0,without_young_child,4851,488727.0,1925695.0,1925695.0,0.0
national,all_structures,annual,61,61,renter,1,with_young_child,103,10030.0,49714.0,49714.0,0.0
national,all_structures,annual,61,61,renter,1,without_young_child,645,68707.0,325625.0,325625.0,0.0
national,all_structures,annual,61,61,renter,2,with_young_child,57,6391.0,32884.0,32884.0,0.0
national,all_structures,annual,61,61,renter,2,without_young_child,117,12117.0,62728.0,62728.0,0.0
national,all_structures,annual,61,61,renter,3+,with_young_child,43,4577.0,24949.0,24949.0,0.0
national,all_structures,annual,61,61,renter,3+,without_young_child,25,2221.0,11582.0,11582.0,0.0
national,all_structures,annual,62,62,owner,0,without_young_child,26971,2160546.0,13433539.0,13433539.0,2160546.0
national,all_structures,annual,62,62,owner,1,with_young_child,490,43602.0,290260.0,290260.0,43602.0
national,all_structures,annual,62,62,owner,1,without_young_child,3893,328435.0,2154707.0,2154707.0,328435.0
national,all_structures,annual,62,62,owner,2,with_young_child,281,24295.0,170451.0,170451.0,24295.0
national,all_structures,annual,62,62,owner,2,without_young_child,696,64856.0,437213.0,437213.0,64856.0
national,all_structures,annual,62,62,owner,3+,with_young_child,127,11528.0,83126.0,83126.0,11528.0
national,all_structures,annual,62,62,owner,3+,without_young_child,136,13929.0,98869.0,98869.0,13929.0
national,all_structures,annual,62,62,renter,0,without_young_child,5059,522663.0,2076874.0,2076874.0,0.0
national,all_structures,annual,62,62,renter,1,with_young_child,84,8902.0,41356.0,41356.0,0.0
national,all_structures,annual,62,62,renter,1,without_young_child,684,75235.0,360992.0,360992.0,0.0
national,all_structures,annual,62,62,renter,2,with_young_child,40,3495.0,18790.0,18790.0,0.0
national,all_structures,annual,62,62,renter,2,without_young_child,117,12849.0,66085.0,66085.0,0.0
national,all_structures,annual,62,62,renter,3+,with_young_child,33,3368.0,19089.0,19089.0,0.0
national,all_structures,annual,62,62,renter,3+,without_young_child,25,3042.0,15470.0,15470.0,0.0
national,all_structures,annual,63,63,owner,0,without_young_child,26021,2053786.0,12713755.0,12713755.0,2053786.0
national,all_structures,annual,63,63,owner,1,with_young_child,361,30354.0,207487.0,207487.0,30354.0
national,all_structures,annual,63,63,owner,1,without_young_child,3562,299427.0,1943144.0,1943144.0,299427.0
national,all_structures,annual,63,63,owner,2,with_young_child,225,19312.0,129876.0,129876.0,19312.0
national,all_structures,annual,63,63,owner,2,without_young_child,592,51088.0,342283.0,342283.0,51088.0
national,all_structures,annual,63,63,owner,3+,with_young_child,97,8537.0,59562.0,59562.0,8537.0
national,all_structures,annual,63,63,owner,3+,without_young_child,110,9914.0,67162.0,67162.0,9914.0
national,all_structures,annual,63,63,renter,0,without_young_child,4904,492535.0,1961050.0,1961050.0,0.0
national,all_structures,annual,63,63,renter,1,with_young_child,71,7736.0,39505.0,39505.0,0.0
national,all_structures,annual,63,63,renter,1,without_young_child,593,60160.0,286036.0,286036.0,0.0
national,all_structures,annual,63,63,renter,2,with_young_child,43,4955.0,24211.0,24211.0,0.0
national,all_structures,annual,63,63,renter,2,without_young_child,104,11896.0,59706.0,59706.0,0.0
national,all_structures,annual,63,63,renter,3+,with_young_child,33,4361.0,22195.0,22195.0,0.0
national,all_structures,annual,63,63,renter,3+,without_young_child,10,821.0,4712.0,4712.0,0.0
national,all_structures,annual,64,64,owner,0,without_young_child,24248,1923878.0,11864336.0,11864336.0,1923878.0
national,all_structures,annual,64,64,owner,1,with_young_child,276,23570.0,159612.0,159612.0,23570.0
national,all_structures,annual,64,64,owner,1,without_young_child,3191,264154.0,1705484.0,1705484.0,264154.0
national,all_structures,annual,64,64,owner,2,with_young_child,165,13328.0,91591.0,91591.0,13328.0
national,all_structures,annual,64,64,owner,2,without_young_child,505,43149.0,283189.0,283189.0,43149.0
national,all_structures,annual,64,64,owner,3+,with_young_child,68,6208.0,43651.0,43651.0,6208.0
national,all_structures,annual,64,64,owner,3+,without_young_child,92,8270.0,58479.0,58479.0,8270.0
national,all_structures,annual,64,64,renter,0,without_young_child,4470,443484.0,1737238.0,1737238.0,0.0
national,all_structures,annual,64,64,renter,1,with_young_child,60,7079.0,31288.0,31288.0,0.0
national,all_structures,annual,64,64,renter,1,without_young_child,544,56343.0,265027.0,265027.0,0.0
national,all_structures,annual,64,64,renter,2,with_young_child,31,3704.0,17877.0,17877.0,0.0
national,all_structures,annual,64,64,renter,2,without_young_child,92,9757.0,49948.0,49948.0,0.0
national,all_structures,annual,64,64,renter,3+,with_young_child,20,1871.0,10159.0,10159.0,0.0
national,all_structures,annual,64,64,renter,3+,without_young_child,16,1590.0,9645.0,9645.0,0.0
national,all_structures,annual,65,65,owner,0,without_young_child,23839,1848290.0,11222344.0,11222344.0,1848290.0
national,all_structures,annual,65,65,owner,1,with_young_child,180,14927.0,97775.0,97775.0,14927.0
national,all_structures,annual,65,65,owner,1,without_young_child,3113,257948.0,1655221.0,1655221.0,257948.0
national,all_structures,annual,65,65,owner,2,with_young_child,111,9383.0,63082.0,63082.0,9383.0
national,all_structures,annual,65,65,owner,2,without_young_child,508,42311.0,279180.0,279180.0,42311.0
national,all_structures,annual,65,65,owner,3+,with_young_child,49,4806.0,35777.0,35777.0,4806.0
national,all_structures,annual,65,65,owner,3+,without_young_child,97,9223.0,59459.0,59459.0,9223.0
national,all_structures,annual,65,65,renter,0,without_young_child,4572,455812.0,1762932.0,1762932.0,0.0
national,all_structures,annual,65,65,renter,1,with_young_child,26,2271.0,9719.0,9719.0,0.0
national,all_structures,annual,65,65,renter,1,without_young_child,510,53878.0,253638.0,253638.0,0.0
national,all_structures,annual,65,65,renter,2,with_young_child,17,2204.0,11394.0,11394.0,0.0
national,all_structures,annual,65,65,renter,2,without_young_child,68,6865.0,34687.0,34687.0,0.0
national,all_structures,annual,65,65,renter,3+,with_young_child,11,1359.0,5776.0,5776.0,0.0
national,all_structures,annual,65,65,renter,3+,without_young_child,21,1850.0,9551.0,9551.0,0.0
national,all_structures,annual,66,66,owner,0,without_young_child,22197,1716315.0,10473055.0,10473055.0,1716315.0
national,all_structures,annual,66,66,owner,1,with_young_child,165,12447.0,84343.0,84343.0,12447.0
national,all_structures,annual,66,66,owner,1,without_young_child,2767,230329.0,1472796.0,1472796.0,230329.0
national,all_structures,annual,66,66,owner,2,with_young_child,103,8158.0,57672.0,57672.0,8158.0
national,all_structures,annual,66,66,owner,2,without_young_child,410,35004.0,231528.0,231528.0,35004.0
national,all_structures,annual,66,66,owner,3+,with_young_child,38,2735.0,18968.0,18968.0,2735.0
national,all_structures,annual,66,66,owner,3+,without_young_child,79,7192.0,49833.0,49833.0,7192.0
national,all_structures,annual,66,66,renter,0,without_young_child,4092,393908.0,1521828.0,1521828.0,0.0
national,all_structures,annual,66,66,renter,1,with_young_child,26,2583.0,11754.0,11754.0,0.0
national,all_structures,annual,66,66,renter,1,without_young_child,425,46110.0,214015.0,214015.0,0.0
national,all_structures,annual,66,66,renter,2,with_young_child,18,1800.0,9004.0,9004.0,0.0
national,all_structures,annual,66,66,renter,2,without_young_child,72,6478.0,33495.0,33495.0,0.0
national,all_structures,annual,66,66,renter,3+,with_young_child,14,1786.0,9325.0,9325.0,0.0
national,all_structures,annual,66,66,renter,3+,without_young_child,13,1483.0,8019.0,8019.0,0.0
national,all_structures,annual,67,67,owner,0,without_young_child,22540,1754909.0,10698987.0,10698987.0,1754909.0
national,all_structures,annual,67,67,owner,1,with_young_child,160,12884.0,87912.0,87912.0,12884.0
national,all_structures,annual,67,67,owner,1,without_young_child,2785,230882.0,1482258.0,1482258.0,230882.0
national,all_structures,annual,67,67,owner,2,with_young_child,79,8336.0,55221.0,55221.0,8336.0
national,all_structures,annual,67,67,owner,2,without_young_child,370,31686.0,206360.0,206360.0,31686.0
national,all_structures,annual,67,67,owner,3+,with_young_child,29,2154.0,14583.0,14583.0,2154.0
national,all_structures,annual,67,67,owner,3+,without_young_child,76,6116.0,40087.0,40087.0,6116.0
national,all_structures,annual,67,67,renter,0,without_young_child,4154,405229.0,1578713.0,1578713.0,0.0
national,all_structures,annual,67,67,renter,1,with_young_child,22,2122.0,9640.0,9640.0,0.0
national,all_structures,annual,67,67,renter,1,without_young_child,418,43730.0,206942.0,206942.0,0.0
national,all_structures,annual,67,67,renter,2,with_young_child,22,2887.0,15053.0,15053.0,0.0
national,all_structures,annual,67,67,renter,2,without_young_child,45,4305.0,22266.0,22266.0,0.0
national,all_structures,annual,67,67,renter,3+,with_young_child,8,767.0,4083.0,4083.0,0.0
national,all_structures,annual,67,67,renter,3+,without_young_child,14,1084.0,5733.0,5733.0,0.0
national,all_structures,annual,68,68,owner,0,without_young_child,21127,1631341.0,9903082.0,9903082.0,1631341.0
national,all_structures,annual,68,68,owner,1,with_young_child,121,9693.0,61987.0,61987.0,9693.0
national,all_structures,annual,68,68,owner,1,without_young_child,2662,218407.0,1388116.0,1388116.0,218407.0
national,all_structures,annual,68,68,owner,2,with_young_child,81,6493.0,44980.0,44980.0,6493.0
national,all_structures,annual,68,68,owner,2,without_young_child,381,32273.0,213151.0,213151.0,32273.0
national,all_structures,annual,68,68,owner,3+,with_young_child,31,2382.0,15921.0,15921.0,2382.0
national,all_structures,annual,68,68,owner,3+,without_young_child,59,5439.0,35694.0,35694.0,5439.0
national,all_structures,annual,68,68,renter,0,without_young_child,3804,361366.0,1397403.0,1397403.0,0.0
national,all_structures,annual,68,68,renter,1,with_young_child,16,1405.0,6526.0,6526.0,0.0
national,all_structures,annual,68,68,renter,1,without_young_child,379,38544.0,183220.0,183220.0,0.0
national,all_structures,annual,68,68,renter,2,with_young_child,13,1660.0,9300.0,9300.0,0.0
national,all_structures,annual,68,68,renter,2,without_young_child,60,6112.0,30871.0,30871.0,0.0
national,all_structures,annual,68,68,renter,3+,with_young_child,10,1098.0,6490.0,6490.0,0.0
national,all_structures,annual,68,68,renter,3+,without_young_child,15,1893.0,11148.0,11148.0,0.0
national,all_structures,annual,69,69,owner,0,without_young_child,20567,1581477.0,9522079.0,9522079.0,1581477.0
national,all_structures,annual,69,69,owner,1,with_young_child,93,7127.0,46912.0,46912.0,7127.0
national,all_structures,annual,69,69,owner,1,without_young_child,2444,201369.0,1262131.0,1262131.0,201369.0
national,all_structures,annual,69,69,owner,2,with_young_child,65,5174.0,35538.0,35538.0,5174.0
national,all_structures,annual,69,69,owner,2,without_young_child,343,29816.0,196020.0,196020.0,29816.0
national,all_structures,annual,69,69,owner,3+,with_young_child,25,1643.0,11047.0,11047.0,1643.0
national,all_structures,annual,69,69,owner,3+,without_young_child,61,5850.0,40244.0,40244.0,5850.0
national,all_structures,annual,69,69,renter,0,without_young_child,3849,369285.0,1415897.0,1415897.0,0.0
national,all_structures,annual,69,69,renter,1,with_young_child,15,1387.0,5913.0,5913.0,0.0
national,all_structures,annual,69,69,renter,1,without_young_child,354,35653.0,170087.0,170087.0,0.0
national,all_structures,annual,69,69,renter,2,with_young_child,8,1021.0,4249.0,4249.0,0.0
national,all_structures,annual,69,69,renter,2,without_young_child,50,5047.0,27131.0,27131.0,0.0
national,all_structures,annual,69,69,renter,3+,with_young_child,4,348.0,2357.0,2357.0,0.0
national,all_structures,annual,69,69,renter,3+,without_young_child,7,704.0,3883.0,3883.0,0.0
national,all_structures,annual,70,70,owner,0,without_young_child,20943,1611902.0,9642633.0,9642633.0,1611902.0
national,all_structures,annual,70,70,owner,1,with_young_child,71,5475.0,34682.0,34682.0,5475.0
national,all_structures,annual,70,70,owner,1,without_young_child,2578,211915.0,1328552.0,1328552.0,211915.0
national,all_structures,annual,70,70,owner,2,with_young_child,52,4540.0,30875.0,30875.0,4540.0
national,all_structures,annual,70,70,owner,2,without_young_child,379,32239.0,207253.0,207253.0,32239.0
national,all_structures,annual,70,70,owner,3+,with_young_child,23,2286.0,15154.0,15154.0,2286.0
national,all_structures,annual,70,70,owner,3+,without_young_child,68,6305.0,40155.0,40155.0,6305.0
national,all_structures,annual,70,70,renter,0,without_young_child,3962,387962.0,1501411.0,1501411.0,0.0
national,all_structures,annual,70,70,renter,1,with_young_child,14,1367.0,6281.0,6281.0,0.0
national,all_structures,annual,70,70,renter,1,without_young_child,359,35620.0,172876.0,172876.0,0.0
national,all_structures,annual,70,70,renter,2,with_young_child,9,941.0,4516.0,4516.0,0.0
national,all_structures,annual,70,70,renter,2,without_young_child,49,5254.0,27003.0,27003.0,0.0
national,all_structures,annual,70,70,renter,3+,with_young_child,3,200.0,984.0,984.0,0.0
national,all_structures,annual,70,70,renter,3+,without_young_child,15,1406.0,7693.0,7693.0,0.0
national,all_structures,annual,71,71,owner,0,without_young_child,19405,1496597.0,8925400.0,8925400.0,1496597.0
national,all_structures,annual,71,71,owner,1,with_young_child,64,5678.0,35895.0,35895.0,5678.0
national,all_structures,annual,71,71,owner,1,without_young_child,2326,188972.0,1188739.0,1188739.0,188972.0
national,all_structures,annual,71,71,owner,2,with_young_child,33,3832.0,24423.0,24423.0,3832.0
national,all_structures,annual,71,71,owner,2,without_young_child,279,25510.0,171418.0,171418.0,25510.0
national,all_structures,annual,71,71,owner,3+,with_young_child,21,1810.0,12739.0,12739.0,1810.0
national,all_structures,annual,71,71,owner,3+,without_young_child,54,4193.0,27515.0,27515.0,4193.0
national,all_structures,annual,71,71,renter,0,without_young_child,3531,330083.0,1236470.0,1236470.0,0.0
national,all_structures,annual,71,71,renter,1,with_young_child,8,900.0,5288.0,5288.0,0.0
national,all_structures,annual,71,71,renter,1,without_young_child,293,28564.0,139688.0,139688.0,0.0
national,all_structures,annual,71,71,renter,2,with_young_child,5,464.0,2185.0,2185.0,0.0
national,all_structures,annual,71,71,renter,2,without_young_child,51,6669.0,32655.0,32655.0,0.0
national,all_structures,annual,71,71,renter,3+,with_young_child,5,708.0,3838.0,3838.0,0.0
national,all_structures,annual,71,71,renter,3+,without_young_child,18,1641.0,8619.0,8619.0,0.0
national,all_structures,annual,72,72,owner,0,without_young_child,19059,1452147.0,8627137.0,8627137.0,1452147.0
national,all_structures,annual,72,72,owner,1,with_young_child,42,3139.0,19703.0,19703.0,3139.0
national,all_structures,annual,72,72,owner,1,without_young_child,2420,196971.0,1232239.0,1232239.0,196971.0
national,all_structures,annual,72,72,owner,2,with_young_child,38,3581.0,20980.0,20980.0,3581.0
national,all_structures,annual,72,72,owner,2,without_young_child,270,23868.0,155968.0,155968.0,23868.0
national,all_structures,annual,72,72,owner,3+,with_young_child,13,1280.0,7112.0,7112.0,1280.0
national,all_structures,annual,72,72,owner,3+,without_young_child,58,5196.0,33640.0,33640.0,5196.0
national,all_structures,annual,72,72,renter,0,without_young_child,3649,343592.0,1298829.0,1298829.0,0.0
national,all_structures,annual,72,72,renter,1,with_young_child,6,497.0,2447.0,2447.0,0.0
national,all_structures,annual,72,72,renter,1,without_young_child,336,32257.0,152351.0,152351.0,0.0
national,all_structures,annual,72,72,renter,2,with_young_child,5,433.0,2124.0,2124.0,0.0
national,all_structures,annual,72,72,renter,2,without_young_child,48,5391.0,28818.0,28818.0,0.0
national,all_structures,annual,72,72,renter,3+,with_young_child,8,963.0,3869.0,3869.0,0.0
national,all_structures,annual,72,72,renter,3+,without_young_child,9,1142.0,5408.0,5408.0,0.0
national,all_structures,annual,73,73,owner,0,without_young_child,18719,1440474.0,8552171.0,8552171.0,1440474.0
national,all_structures,annual,73,73,owner,1,with_young_child,32,3072.0,20101.0,20101.0,3072.0
national,all_structures,annual,73,73,owner,1,without_young_child,2279,180439.0,1127551.0,1127551.0,180439.0
national,all_structures,annual,73,73,owner,2,with_young_child,21,1681.0,11892.0,11892.0,1681.0
national,all_structures,annual,73,73,owner,2,without_young_child,288,24826.0,158396.0,158396.0,24826.0
national,all_structures,annual,73,73,owner,3+,with_young_child,9,600.0,3855.0,3855.0,600.0
national,all_structures,annual,73,73,owner,3+,without_young_child,42,4245.0,27709.0,27709.0,4245.0
national,all_structures,annual,73,73,renter,0,without_young_child,3628,340685.0,1292132.0,1292132.0,0.0
national,all_structures,annual,73,73,renter,1,with_young_child,10,997.0,4577.0,4577.0,0.0
national,all_structures,annual,73,73,renter,1,without_young_child,312,32916.0,158276.0,158276.0,0.0
national,all_structures,annual,73,73,renter,2,with_young_child,6,713.0,3211.0,3211.0,0.0
national,all_structures,annual,73,73,renter,2,without_young_child,46,5553.0,29689.0,29689.0,0.0
national,all_structures,annual,73,73,renter,3+,with_young_child,5,1321.0,6208.0,6208.0,0.0
national,all_structures,annual,73,73,renter,3+,without_young_child,6,603.0,2850.0,2850.0,0.0
national,all_structures,annual,74,74,owner,0,without_young_child,18519,1418546.0,8398483.0,8398483.0,1418546.0
national,all_structures,annual,74,74,owner,1,with_young_child,29,2229.0,14230.0,14230.0,2229.0
national,all_structures,annual,74,74,owner,1,without_young_child,2187,178458.0,1117280.0,1117280.0,178458.0
national,all_structures,annual,74,74,owner,2,with_young_child,27,1590.0,10092.0,10092.0,1590.0
national,all_structures,annual,74,74,owner,2,without_young_child,306,25216.0,167317.0,167317.0,25216.0
national,all_structures,annual,74,74,owner,3+,with_young_child,7,907.0,6343.0,6343.0,907.0
national,all_structures,annual,74,74,owner,3+,without_young_child,50,3877.0,25617.0,25617.0,3877.0
national,all_structures,annual,74,74,renter,0,without_young_child,3583,348886.0,1305784.0,1305784.0,0.0
national,all_structures,annual,74,74,renter,1,with_young_child,6,317.0,1677.0,1677.0,0.0
national,all_structures,annual,74,74,renter,1,without_young_child,293,29892.0,146356.0,146356.0,0.0
national,all_structures,annual,74,74,renter,2,with_young_child,3,390.0,2286.0,2286.0,0.0
national,all_structures,annual,74,74,renter,2,without_young_child,35,3136.0,16991.0,16991.0,0.0
national,all_structures,annual,74,74,renter,3+,with_young_child,3,393.0,1689.0,1689.0,0.0
national,all_structures,annual,74,74,renter,3+,without_young_child,8,838.0,5389.0,5389.0,0.0
national,all_structures,annual,75,75,owner,0,without_young_child,18695,1433517.0,8422495.0,8422495.0,1433517.0
national,all_structures,annual,75,75,owner,1,with_young_child,32,2597.0,16383.0,16383.0,2597.0
national,all_structures,annual,75,75,owner,1,without_young_child,2158,171415.0,1059542.0,1059542.0,171415.0
national,all_structures,annual,75,75,owner,2,with_young_child,23,2047.0,13318.0,13318.0,2047.0
national,all_structures,annual,75,75,owner,2,without_young_child,303,25066.0,165298.0,165298.0,25066.0
national,all_structures,annual,75,75,owner,3+,with_young_child,5,547.0,3189.0,3189.0,547.0
national,all_structures,annual,75,75,owner,3+,without_young_child,39,3380.0,22857.0,22857.0,3380.0
national,all_structures,annual,75,75,renter,0,without_young_child,3632,346506.0,1287502.0,1287502.0,0.0
national,all_structures,annual,75,75,renter,1,with_young_child,6,956.0,4125.0,4125.0,0.0
national,all_structures,annual,75,75,renter,1,without_young_child,281,29713.0,137862.0,137862.0,0.0
national,all_structures,annual,75,75,renter,2,without_young_child,36,3792.0,18789.0,18789.0,0.0
national,all_structures,annual,75,75,renter,3+,with_young_child,2,226.0,1218.0,1218.0,0.0
national,all_structures,annual,75,75,renter,3+,without_young_child,8,1086.0,5880.0,5880.0,0.0
national,all_structures,annual,76,76,owner,0,without_young_child,17842,1392779.0,8142171.0,8142171.0,1392779.0
national,all_structures,annual,76,76,owner,1,with_young_child,24,1880.0,11432.0,11432.0,1880.0
national,all_structures,annual,76,76,owner,1,without_young_child,2065,168422.0,1054627.0,1054627.0,168422.0
national,all_structures,annual,76,76,owner,2,with_young_child,12,1032.0,6582.0,6582.0,1032.0
national,all_structures,annual,76,76,owner,2,without_young_child,262,21500.0,144784.0,144784.0,21500.0
national,all_structures,annual,76,76,owner,3+,with_young_child,7,568.0,3523.0,3523.0,568.0
national,all_structures,annual,76,76,owner,3+,without_young_child,39,3169.0,21105.0,21105.0,3169.0
national,all_structures,annual,76,76,renter,0,without_young_child,3655,341534.0,1278655.0,1278655.0,0.0
national,all_structures,annual,76,76,renter,1,with_young_child,7,750.0,3224.0,3224.0,0.0
national,all_structures,annual,76,76,renter,1,without_young_child,242,25091.0,117642.0,117642.0,0.0
national,all_structures,annual,76,76,renter,2,with_young_child,4,464.0,1853.0,1853.0,0.0
national,all_structures,annual,76,76,renter,2,without_young_child,30,2779.0,16353.0,16353.0,0.0
national,all_structures,annual,76,76,renter,3+,without_young_child,7,1339.0,6684.0,6684.0,0.0
national,all_structures,annual,77,77,owner,0,without_young_child,17358,1349396.0,7861913.0,7861913.0,1349396.0
national,all_structures,annual,77,77,owner,1,with_young_child,17,1646.0,9830.0,9830.0,1646.0
national,all_structures,annual,77,77,owner,1,without_young_child,2080,168736.0,1044198.0,1044198.0,168736.0
national,all_structures,annual,77,77,owner,2,with_young_child,12,812.0,6026.0,6026.0,812.0
national,all_structures,annual,77,77,owner,2,without_young_child,230,18807.0,122270.0,122270.0,18807.0
national,all_structures,annual,77,77,owner,3+,with_young_child,6,710.0,5026.0,5026.0,710.0
national,all_structures,annual,77,77,owner,3+,without_young_child,38,3425.0,22790.0,22790.0,3425.0
national,all_structures,annual,77,77,renter,0,without_young_child,3641,342064.0,1274300.0,1274300.0,0.0
national,all_structures,annual,77,77,renter,1,with_young_child,5,590.0,3461.0,3461.0,0.0
national,all_structures,annual,77,77,renter,1,without_young_child,241,25072.0,120975.0,120975.0,0.0
national,all_structures,annual,77,77,renter,2,with_young_child,4,397.0,2157.0,2157.0,0.0
national,all_structures,annual,77,77,renter,2,without_young_child,35,3294.0,15894.0,15894.0,0.0
national,all_structures,annual,77,77,renter,3+,without_young_child,6,446.0,2214.0,2214.0,0.0
national,all_structures,annual,78,78,owner,0,without_young_child,16623,1300438.0,7520608.0,7520608.0,1300438.0
national,all_structures,annual,78,78,owner,1,with_young_child,16,1513.0,10496.0,10496.0,1513.0
national,all_structures,annual,78,78,owner,1,without_young_child,1958,158188.0,969727.0,969727.0,158188.0
national,all_structures,annual,78,78,owner,2,with_young_child,15,1338.0,8907.0,8907.0,1338.0
national,all_structures,annual,78,78,owner,2,without_young_child,213,15781.0,105071.0,105071.0,15781.0
national,all_structures,annual,78,78,owner,3+,with_young_child,9,980.0,5713.0,5713.0,980.0
national,all_structures,annual,78,78,owner,3+,without_young_child,45,3958.0,25421.0,25421.0,3958.0
national,all_structures,annual,78,78,renter,0,without_young_child,3545,331537.0,1231466.0,1231466.0,0.0
national,all_structures,annual,78,78,renter,1,with_young_child,1,63.0,252.0,252.0,0.0
national,all_structures,annual,78,78,renter,1,without_young_child,254,27479.0,127188.0,127188.0,0.0
national,all_structures,annual,78,78,renter,2,with_young_child,2,117.0,585.0,585.0,0.0
national,all_structures,annual,78,78,renter,2,without_young_child,32,3526.0,17285.0,17285.0,0.0
national,all_structures,annual,78,78,renter,3+,with_young_child,2,112.0,734.0,734.0,0.0
national,all_structures,annual,78,78,renter,3+,without_young_child,3,168.0,988.0,988.0,0.0
national,all_structures,annual,79,79,owner,0,without_young_child,15812,1236845.0,7113425.0,7113425.0,1236845.0
national,all_structures,annual,79,79,owner,1,with_young_child,10,1013.0,6232.0,6232.0,1013.0
national,all_structures,annual,79,79,owner,1,without_young_child,1776,145421.0,896837.0,896837.0,145421.0
national,all_structures,annual,79,79,owner,2,with_young_child,6,590.0,3613.0,3613.0,590.0
national,all_structures,annual,79,79,owner,2,without_young_child,202,16344.0,104781.0,104781.0,16344.0
national,all_structures,annual,79,79,owner,3+,with_young_child,2,401.0,2521.0,2521.0,401.0
national,all_structures,annual,79,79,owner,3+,without_young_child,23,2027.0,13662.0,13662.0,2027.0
national,all_structures,annual,79,79,renter,0,without_young_child,3694,344416.0,1283138.0,1283138.0,0.0
national,all_structures,annual,79,79,renter,1,with_young_child,1,90.0,810.0,810.0,0.0
national,all_structures,annual,79,79,renter,1,without_young_child,239,22482.0,108788.0,108788.0,0.0
national,all_structures,annual,79,79,renter,2,with_young_child,2,135.0,607.0,607.0,0.0
national,all_structures,annual,79,79,renter,2,without_young_child,31,3128.0,16415.0,16415.0,0.0
national,all_structures,annual,79,79,renter,3+,with_young_child,2,167.0,844.0,844.0,0.0
national,all_structures,annual,79,79,renter,3+,without_young_child,1,217.0,651.0,651.0,0.0
national,all_structures,annual,80,80,owner,0,without_young_child,14918,1167353.0,6713106.0,6713106.0,1167353.0
national,all_structures,annual,80,80,owner,1,with_young_child,7,780.0,3828.0,3828.0,780.0
national,all_structures,annual,80,80,owner,1,without_young_child,1741,143774.0,880534.0,880534.0,143774.0
national,all_structures,annual,80,80,owner,2,with_young_child,5,516.0,3003.0,3003.0,516.0
national,all_structures,annual,80,80,owner,2,without_young_child,190,14930.0,96929.0,96929.0,14930.0
national,all_structures,annual,80,80,owner,3+,with_young_child,2,124.0,998.0,998.0,124.0
national,all_structures,annual,80,80,owner,3+,without_young_child,35,2799.0,18601.0,18601.0,2799.0
national,all_structures,annual,80,80,renter,0,without_young_child,3750,360744.0,1324928.0,1324928.0,0.0
national,all_structures,annual,80,80,renter,1,without_young_child,228,21759.0,99555.0,99555.0,0.0
national,all_structures,annual,80,80,renter,2,without_young_child,19,1730.0,8806.0,8806.0,0.0
national,all_structures,annual,80,80,renter,3+,with_young_child,1,158.0,1106.0,1106.0,0.0
national,all_structures,annual,80,80,renter,3+,without_young_child,5,339.0,2141.0,2141.0,0.0
national,all_structures,annual,81,81,owner,0,without_young_child,13772,1065840.0,6107381.0,6107381.0,1065840.0
national,all_structures,annual,81,81,owner,1,with_young_child,4,148.0,833.0,833.0,148.0
national,all_structures,annual,81,81,owner,1,without_young_child,1576,126958.0,788037.0,788037.0,126958.0
national,all_structures,annual,81,81,owner,2,with_young_child,8,1138.0,7870.0,7870.0,1138.0
national,all_structures,annual,81,81,owner,2,without_young_child,186,14532.0,95971.0,95971.0,14532.0
national,all_structures,annual,81,81,owner,3+,with_young_child,2,286.0,2114.0,2114.0,286.0
national,all_structures,annual,81,81,owner,3+,without_young_child,29,2621.0,17723.0,17723.0,2621.0
national,all_structures,annual,81,81,renter,0,without_young_child,3520,330777.0,1220507.0,1220507.0,0.0
national,all_structures,annual,81,81,renter,1,with_young_child,2,142.0,641.0,641.0,0.0
national,all_structures,annual,81,81,renter,1,without_young_child,179,15644.0,72185.0,72185.0,0.0
national,all_structures,annual,81,81,renter,2,with_young_child,3,475.0,2581.0,2581.0,0.0
national,all_structures,annual,81,81,renter,2,without_young_child,10,966.0,5009.0,5009.0,0.0
national,all_structures,annual,81,81,renter,3+,without_young_child,1,57.0,285.0,285.0,0.0
national,all_structures,annual,82,82,owner,0,without_young_child,12485,974989.0,5555152.0,5555152.0,974989.0
national,all_structures,annual,82,82,owner,1,with_young_child,6,327.0,1890.0,1890.0,327.0
national,all_structures,annual,82,82,owner,1,without_young_child,1520,122700.0,764733.0,764733.0,122700.0
national,all_structures,annual,82,82,owner,2,with_young_child,3,355.0,2911.0,2911.0,355.0
national,all_structures,annual,82,82,owner,2,without_young_child,127,10870.0,72231.0,72231.0,10870.0
national,all_structures,annual,82,82,owner,3+,with_young_child,1,161.0,1288.0,1288.0,161.0
national,all_structures,annual,82,82,owner,3+,without_young_child,27,2290.0,15614.0,15614.0,2290.0
national,all_structures,annual,82,82,renter,0,without_young_child,3555,338918.0,1250708.0,1250708.0,0.0
national,all_structures,annual,82,82,renter,1,without_young_child,182,18070.0,86915.0,86915.0,0.0
national,all_structures,annual,82,82,renter,2,with_young_child,1,233.0,1398.0,1398.0,0.0
national,all_structures,annual,82,82,renter,2,without_young_child,20,1746.0,9958.0,9958.0,0.0
national,all_structures,annual,82,82,renter,3+,without_young_child,5,412.0,2688.0,2688.0,0.0
national,all_structures,annual,83,83,owner,0,without_young_child,11605,901341.0,5103321.0,5103321.0,901341.0
national,all_structures,annual,83,83,owner,1,with_young_child,5,445.0,3209.0,3209.0,445.0
national,all_structures,annual,83,83,owner,1,without_young_child,1333,104512.0,642358.0,642358.0,104512.0
national,all_structures,annual,83,83,owner,2,with_young_child,2,103.0,681.0,681.0,103.0
national,all_structures,annual,83,83,owner,2,without_young_child,125,10865.0,71185.0,71185.0,10865.0
national,all_structures,annual,83,83,owner,3+,with_young_child,2,100.0,550.0,550.0,100.0
national,all_structures,annual,83,83,owner,3+,without_young_child,19,2204.0,15113.0,15113.0,2204.0
national,all_structures,annual,83,83,renter,0,without_young_child,3245,300697.0,1101147.0,1101147.0,0.0
national,all_structures,annual,83,83,renter,1,with_young_child,3,416.0,1668.0,1668.0,0.0
national,all_structures,annual,83,83,renter,1,without_young_child,152,14886.0,69714.0,69714.0,0.0
national,all_structures,annual,83,83,renter,2,with_young_child,1,83.0,249.0,249.0,0.0
national,all_structures,annual,83,83,renter,2,without_young_child,9,568.0,2781.0,2781.0,0.0
national,all_structures,annual,83,83,renter,3+,without_young_child,2,87.0,593.0,593.0,0.0
national,all_structures,annual,84,84,owner,0,without_young_child,10286,800391.0,4520261.0,4520261.0,800391.0
national,all_structures,annual,84,84,owner,1,with_young_child,2,142.0,852.0,852.0,142.0
national,all_structures,annual,84,84,owner,1,without_young_child,1181,97349.0,602826.0,602826.0,97349.0
national,all_structures,annual,84,84,owner,2,with_young_child,1,70.0,490.0,490.0,70.0
national,all_structures,annual,84,84,owner,2,without_young_child,110,9132.0,60626.0,60626.0,9132.0
national,all_structures,annual,84,84,owner,3+,with_young_child,1,242.0,1452.0,1452.0,242.0
national,all_structures,annual,84,84,owner,3+,without_young_child,17,1344.0,8938.0,8938.0,1344.0
national,all_structures,annual,84,84,renter,0,without_young_child,3253,304162.0,1108214.0,1108214.0,0.0
national,all_structures,annual,84,84,renter,1,without_young_child,134,14850.0,68763.0,68763.0,0.0
national,all_structures,annual,84,84,renter,2,with_young_child,1,195.0,975.0,975.0,0.0
national,all_structures,annual,84,84,renter,2,without_young_child,15,1432.0,7603.0,7603.0,0.0
national,all_structures,annual,84,84,renter,3+,without_young_child,4,328.0,1391.0,1391.0,0.0
national,all_structures,annual,85,85,owner,0,without_young_child,9040,708684.0,3987523.0,3987523.0,708684.0
national,all_structures,annual,85,85,owner,1,without_young_child,1047,81553.0,500951.0,500951.0,81553.0
national,all_structures,annual,85,85,owner,2,without_young_child,100,8452.0,55745.0,55745.0,8452.0
national,all_structures,annual,85,85,owner,3+,without_young_child,14,1049.0,7429.0,7429.0,1049.0
national,all_structures,annual,85,85,renter,0,without_young_child,3050,278146.0,1017210.0,1017210.0,0.0
national,all_structures,annual,85,85,renter,1,with_young_child,1,70.0,280.0,280.0,0.0
national,all_structures,annual,85,85,renter,1,without_young_child,120,12085.0,56307.0,56307.0,0.0
national,all_structures,annual,85,85,renter,2,without_young_child,11,810.0,3810.0,3810.0,0.0
national,all_structures,annual,85,85,renter,3+,with_young_child,1,100.0,300.0,300.0,0.0
national,all_structures,four_year,18,21,owner,0,without_young_child,3094,345814.0,1844942.0,1844942.0,345814.0
national,all_structures,four_year,18,21,owner,1,with_young_child,800,86432.0,454633.0,454633.0,86432.0
national,all_structures,four_year,18,21,owner,1,without_young_child,1,45.0,225.0,225.0,45.0
national,all_structures,four_year,18,21,owner,2,with_young_child,270,29359.0,158875.0,158875.0,29359.0
national,all_structures,four_year,18,21,owner,3+,with_young_child,64,8271.0,49059.0,49059.0,8271.0
national,all_structures,four_year,18,21,renter,0,without_young_child,19276,2636486.0,10443738.0,10443738.0,0.0
national,all_structures,four_year,18,21,renter,1,with_young_child,4267,594354.0,2467543.0,2467543.0,0.0
national,all_structures,four_year,18,21,renter,1,without_young_child,1,218.0,1090.0,1090.0,0.0
national,all_structures,four_year,18,21,renter,2,with_young_child,1319,185855.0,803732.0,803732.0,0.0
national,all_structures,four_year,18,21,renter,3+,with_young_child,313,45780.0,218750.0,218750.0,0.0
national,all_structures,four_year,22,25,owner,0,without_young_child,14580,1536956.0,8331887.0,8331887.0,1536956.0
national,all_structures,four_year,22,25,owner,1,with_young_child,4906,515033.0,2882854.0,2882854.0,515033.0
national,all_structures,four_year,22,25,owner,2,with_young_child,2920,320105.0,1817465.0,1817465.0,320105.0
national,all_structures,four_year,22,25,owner,3+,with_young_child,944,107089.0,632493.0,632493.0,107089.0
national,all_structures,four_year,22,25,renter,0,without_young_child,41961,5466180.0,21038610.0,21038610.0,0.0
national,all_structures,four_year,22,25,renter,1,with_young_child,10082,1391610.0,5975721.0,5975721.0,0.0
national,all_structures,four_year,22,25,renter,1,without_young_child,1,419.0,2514.0,2514.0,0.0
national,all_structures,four_year,22,25,renter,2,with_young_child,5881,822974.0,3785703.0,3785703.0,0.0
national,all_structures,four_year,22,25,renter,3+,with_young_child,2494,369288.0,1829243.0,1829243.0,0.0
national,all_structures,four_year,26,29,owner,0,without_young_child,26841,2748361.0,15484647.0,15484647.0,2748361.0
national,all_structures,four_year,26,29,owner,1,with_young_child,12434,1289614.0,7688842.0,7688842.0,1289614.0
national,all_structures,four_year,26,29,owner,1,without_young_child,9,1328.0,7978.0,7978.0,1328.0
national,all_structures,four_year,26,29,owner,2,with_young_child,10329,1099820.0,6655674.0,6655674.0,1099820.0
national,all_structures,four_year,26,29,owner,3+,with_young_child,4785,535735.0,3329655.0,3329655.0,535735.0
national,all_structures,four_year,26,29,renter,0,without_young_child,35433,4540777.0,17234147.0,17234147.0,0.0
national,all_structures,four_year,26,29,renter,1,with_young_child,10793,1472410.0,6479365.0,6479365.0,0.0
national,all_structures,four_year,26,29,renter,1,without_young_child,4,312.0,1440.0,1440.0,0.0
national,all_structures,four_year,26,29,renter,2,with_young_child,9418,1297451.0,6199285.0,6199285.0,0.0
national,all_structures,four_year,26,29,renter,3+,with_young_child,6362,919442.0,4771221.0,4771221.0,0.0
national,all_structures,four_year,30,33,owner,0,without_young_child,26993,2803684.0,15909639.0,15909639.0,2803684.0
national,all_structures,four_year,30,33,owner,1,with_young_child,18311,1791392.0,11123023.0,11123023.0,1791392.0
national,all_structures,four_year,30,33,owner,1,without_young_child,57,5389.0,32009.0,32009.0,5389.0
national,all_structures,four_year,30,33,owner,2,with_young_child,21702,2103828.0,13519194.0,13519194.0,2103828.0
national,all_structures,four_year,30,33,owner,2,without_young_child,3,248.0,1488.0,1488.0,248.0
national,all_structures,four_year,30,33,owner,3+,with_young_child,11678,1170708.0,7685474.0,7685474.0,1170708.0
national,all_structures,four_year,30,33,owner,3+,without_young_child,1,58.0,464.0,464.0,58.0
national,all_structures,four_year,30,33,renter,0,without_young_child,25599,3466410.0,13059699.0,13059699.0,0.0
national,all_structures,four_year,30,33,renter,1,with_young_child,9481,1228026.0,5426347.0,5426347.0,0.0
national,all_structures,four_year,30,33,renter,1,without_young_child,48,6890.0,33166.0,33166.0,0.0
national,all_structures,four_year,30,33,renter,2,with_young_child,10091,1306276.0,6343736.0,6343736.0,0.0
national,all_structures,four_year,30,33,renter,2,without_young_child,4,407.0,1934.0,1934.0,0.0
national,all_structures,four_year,30,33,renter,3+,with_young_child,8291,1109486.0,5869516.0,5869516.0,0.0
national,all_structures,four_year,34,37,owner,0,without_young_child,28141,2873980.0,16441063.0,16441063.0,2873980.0
national,all_structures,four_year,34,37,owner,1,with_young_child,20986,2035299.0,12835092.0,12835092.0,2035299.0
national,all_structures,four_year,34,37,owner,1,without_young_child,513,53267.0,319582.0,319582.0,53267.0
national,all_structures,four_year,34,37,owner,2,with_young_child,36543,3467919.0,23119607.0,23119607.0,3467919.0
national,all_structures,four_year,34,37,owner,2,without_young_child,54,6526.0,42543.0,42543.0,6526.0
national,all_structures,four_year,34,37,owner,3+,with_young_child,22234,2159005.0,14816912.0,14816912.0,2159005.0
national,all_structures,four_year,34,37,owner,3+,without_young_child,5,363.0,2255.0,2255.0,363.0
national,all_structures,four_year,34,37,renter,0,without_young_child,21333,2893169.0,10949383.0,10949383.0,0.0
national,all_structures,four_year,34,37,renter,1,with_young_child,9128,1186332.0,5366274.0,5366274.0,0.0
national,all_structures,four_year,34,37,renter,1,without_young_child,345,46913.0,219623.0,219623.0,0.0
national,all_structures,four_year,34,37,renter,2,with_young_child,11072,1407851.0,6972629.0,6972629.0,0.0
national,all_structures,four_year,34,37,renter,2,without_young_child,43,5132.0,26688.0,26688.0,0.0
national,all_structures,four_year,34,37,renter,3+,with_young_child,9952,1315283.0,7094309.0,7094309.0,0.0
national,all_structures,four_year,34,37,renter,3+,without_young_child,3,381.0,1707.0,1707.0,0.0
national,all_structures,four_year,38,41,owner,0,without_young_child,31500,3161701.0,18224468.0,18224468.0,3161701.0
national,all_structures,four_year,38,41,owner,1,with_young_child,21910,2100437.0,13258139.0,13258139.0,2100437.0
national,all_structures,four_year,38,41,owner,1,without_young_child,2492,255411.0,1548246.0,1548246.0,255411.0
national,all_structures,four_year,38,41,owner,2,with_young_child,42362,3970945.0,27095014.0,27095014.0,3970945.0
national,all_structures,four_year,38,41,owner,2,without_young_child,628,64726.0,399897.0,399897.0,64726.0
national,all_structures,four_year,38,41,owner,3+,with_young_child,26754,2542917.0,18056252.0,18056252.0,2542917.0
national,all_structures,four_year,38,41,owner,3+,without_young_child,89,9202.0,59056.0,59056.0,9202.0
national,all_structures,four_year,38,41,renter,0,without_young_child,19694,2611489.0,10090387.0,10090387.0,0.0
national,all_structures,four_year,38,41,renter,1,with_young_child,8203,1037021.0,4741258.0,4741258.0,0.0
national,all_structures,four_year,38,41,renter,1,without_young_child,1428,194698.0,901952.0,901952.0,0.0
national,all_structures,four_year,38,41,renter,2,with_young_child,9931,1229274.0,6146821.0,6146821.0,0.0
national,all_structures,four_year,38,41,renter,2,without_young_child,312,41952.0,216688.0,216688.0,0.0
national,all_structures,four_year,38,41,renter,3+,with_young_child,7565,975577.0,5294989.0,5294989.0,0.0
national,all_structures,four_year,38,41,renter,3+,without_young_child,51,6783.0,37811.0,37811.0,0.0
national,all_structures,four_year,42,45,owner,0,without_young_child,43807,4180788.0,24419456.0,24419456.0,4180788.0
national,all_structures,four_year,42,45,owner,1,with_young_child,25267,2326812.0,15011220.0,15011220.0,2326812.0
national,all_structures,four_year,42,45,owner,1,without_young_child,8476,799514.0,4955581.0,4955581.0,799514.0
national,all_structures,four_year,42,45,owner,2,with_young_child,44404,4077191.0,28351246.0,28351246.0,4077191.0
national,all_structures,four_year,42,45,owner,2,without_young_child,2648,252930.0,1639467.0,1639467.0,252930.0
national,all_structures,four_year,42,45,owner,3+,with_young_child,25680,2378604.0,17254770.0,17254770.0,2378604.0
national,all_structures,four_year,42,45,owner,3+,without_young_child,367,39329.0,266307.0,266307.0,39329.0
national,all_structures,four_year,42,45,renter,0,without_young_child,22449,2867311.0,11197797.0,11197797.0,0.0
national,all_structures,four_year,42,45,renter,1,with_young_child,7558,924009.0,4301920.0,4301920.0,0.0
national,all_structures,four_year,42,45,renter,1,without_young_child,3184,411761.0,1942944.0,1942944.0,0.0
national,all_structures,four_year,42,45,renter,2,with_young_child,7829,940890.0,4786933.0,4786933.0,0.0
national,all_structures,four_year,42,45,renter,2,without_young_child,834,104311.0,541203.0,541203.0,0.0
national,all_structures,four_year,42,45,renter,3+,with_young_child,5335,649265.0,3532203.0,3532203.0,0.0
national,all_structures,four_year,42,45,renter,3+,without_young_child,145,20188.0,107836.0,107836.0,0.0
national,all_structures,four_year,46,49,owner,0,without_young_child,62873,5656761.0,33689932.0,33689932.0,5656761.0
national,all_structures,four_year,46,49,owner,1,with_young_child,24045,2143041.0,14277446.0,14277446.0,2143041.0
national,all_structures,four_year,46,49,owner,1,without_young_child,17093,1548928.0,9923888.0,9923888.0,1548928.0
national,all_structures,four_year,46,49,owner,2,with_young_child,33169,2967292.0,20957695.0,20957695.0,2967292.0
national,all_structures,four_year,46,49,owner,2,without_young_child,6079,566338.0,3806159.0,3806159.0,566338.0
national,all_structures,four_year,46,49,owner,3+,with_young_child,16945,1559782.0,11418616.0,11418616.0,1559782.0
national,all_structures,four_year,46,49,owner,3+,without_young_child,865,82928.0,570511.0,570511.0,82928.0
national,all_structures,four_year,46,49,renter,0,without_young_child,25128,2985992.0,11854835.0,11854835.0,0.0
national,all_structures,four_year,46,49,renter,1,with_young_child,5435,624798.0,2953856.0,2953856.0,0.0
national,all_structures,four_year,46,49,renter,1,without_young_child,4381,520366.0,2453364.0,2453364.0,0.0
national,all_structures,four_year,46,49,renter,2,with_young_child,4942,578610.0,2979677.0,2979677.0,0.0
national,all_structures,four_year,46,49,renter,2,without_young_child,1209,144418.0,741609.0,741609.0,0.0
national,all_structures,four_year,46,49,renter,3+,with_young_child,3046,363358.0,1989787.0,1989787.0,0.0
national,all_structures,four_year,46,49,renter,3+,without_young_child,196,26753.0,152071.0,152071.0,0.0
national,all_structures,four_year,50,53,owner,0,without_young_child,86610,7369635.0,45029738.0,45029738.0,7369635.0
national,all_structures,four_year,50,53,owner,1,with_young_child,17462,1514534.0,10283197.0,10283197.0,1514534.0
national,all_structures,four_year,50,53,owner,1,without_young_child,23813,2074859.0,13606052.0,13606052.0,2074859.0
national,all_structures,four_year,50,53,owner,2,with_young_child,17521,1546411.0,10998825.0,10998825.0,1546411.0
national,all_structures,four_year,50,53,owner,2,without_young_child,7749,694488.0,4754771.0,4754771.0,694488.0
national,all_structures,four_year,50,53,owner,3+,with_young_child,8249,736963.0,5381027.0,5381027.0,736963.0
national,all_structures,four_year,50,53,owner,3+,without_young_child,1162,107760.0,751963.0,751963.0,107760.0
national,all_structures,four_year,50,53,renter,0,without_young_child,26584,2948705.0,11886987.0,11886987.0,0.0
national,all_structures,four_year,50,53,renter,1,with_young_child,3247,361895.0,1708359.0,1708359.0,0.0
national,all_structures,four_year,50,53,renter,1,without_young_child,4859,550674.0,2631407.0,2631407.0,0.0
national,all_structures,four_year,50,53,renter,2,with_young_child,2474,268352.0,1374309.0,1374309.0,0.0
national,all_structures,four_year,50,53,renter,2,without_young_child,1188,133087.0,680018.0,680018.0,0.0
national,all_structures,four_year,50,53,renter,3+,with_young_child,1535,177207.0,965372.0,965372.0,0.0
national,all_structures,four_year,50,53,renter,3+,without_young_child,224,26671.0,149877.0,149877.0,0.0
national,all_structures,four_year,54,57,owner,0,without_young_child,104562,8685715.0,54116979.0,54116979.0,8685715.0
national,all_structures,four_year,54,57,owner,1,with_young_child,8756,742809.0,5066496.0,5066496.0,742809.0
national,all_structures,four_year,54,57,owner,1,without_young_child,23581,2035693.0,13538900.0,13538900.0,2035693.0
national,all_structures,four_year,54,57,owner,2,with_young_child,6909,603023.0,4283757.0,4283757.0,603023.0
national,all_structures,four_year,54,57,owner,2,without_young_child,6080,559557.0,3841981.0,3841981.0,559557.0
national,all_structures,four_year,54,57,owner,3+,with_young_child,3120,281284.0,2025953.0,2025953.0,281284.0
national,all_structures,four_year,54,57,owner,3+,without_young_child,999,95376.0,667853.0,667853.0,95376.0
national,all_structures,four_year,54,57,renter,0,without_young_child,25341,2696934.0,10867357.0,10867357.0,0.0
national,all_structures,four_year,54,57,renter,1,with_young_child,1443,158265.0,756556.0,756556.0,0.0
national,all_structures,four_year,54,57,renter,1,without_young_child,4302,462447.0,2226373.0,2226373.0,0.0
national,all_structures,four_year,54,57,renter,2,with_young_child,1002,107379.0,544427.0,544427.0,0.0
national,all_structures,four_year,54,57,renter,2,without_young_child,1004,108699.0,556161.0,556161.0,0.0
national,all_structures,four_year,54,57,renter,3+,with_young_child,618,68556.0,374552.0,374552.0,0.0
national,all_structures,four_year,54,57,renter,3+,without_young_child,206,21785.0,116420.0,116420.0,0.0
national,all_structures,four_year,58,61,owner,0,without_young_child,108940,8856037.0,55341922.0,55341922.0,8856037.0
national,all_structures,four_year,58,61,owner,1,with_young_child,3569,305405.0,2068224.0,2068224.0,305405.0
national,all_structures,four_year,58,61,owner,1,without_young_child,18673,1598234.0,10544777.0,10544777.0,1598234.0
national,all_structures,four_year,58,61,owner,2,with_young_child,2334,206253.0,1453713.0,1453713.0,206253.0
national,all_structures,four_year,58,61,owner,2,without_young_child,3806,340575.0,2306091.0,2306091.0,340575.0
national,all_structures,four_year,58,61,owner,3+,with_young_child,1068,95380.0,669893.0,669893.0,95380.0
national,all_structures,four_year,58,61,owner,3+,without_young_child,641,59944.0,417717.0,417717.0,59944.0
national,all_structures,four_year,58,61,renter,0,without_young_child,22327,2317655.0,9257982.0,9257982.0,0.0
national,all_structures,four_year,58,61,renter,1,with_young_child,602,63821.0,302400.0,302400.0,0.0
national,all_structures,four_year,58,61,renter,1,without_young_child,3203,344553.0,1613830.0,1613830.0,0.0
national,all_structures,four_year,58,61,renter,2,with_young_child,378,39273.0,199023.0,199023.0,0.0
national,all_structures,four_year,58,61,renter,2,without_young_child,550,58820.0,303382.0,303382.0,0.0
national,all_structures,four_year,58,61,renter,3+,with_young_child,255,27137.0,148855.0,148855.0,0.0
national,all_structures,four_year,58,61,renter,3+,without_young_child,134,13671.0,75704.0,75704.0,0.0
national,all_structures,four_year,62,65,owner,0,without_young_child,101079,7986500.0,49233974.0,49233974.0,7986500.0
national,all_structures,four_year,62,65,owner,1,with_young_child,1307,112453.0,755134.0,755134.0,112453.0
national,all_structures,four_year,62,65,owner,1,without_young_child,13759,1149964.0,7458556.0,7458556.0,1149964.0
national,all_structures,four_year,62,65,owner,2,with_young_child,782,66318.0,455000.0,455000.0,66318.0
national,all_structures,four_year,62,65,owner,2,without_young_child,2301,201404.0,1341865.0,1341865.0,201404.0
national,all_structures,four_year,62,65,owner,3+,with_young_child,341,31079.0,222116.0,222116.0,31079.0
national,all_structures,four_year,62,65,owner,3+,without_young_child,435,41336.0,283969.0,283969.0,41336.0
national,all_structures,four_year,62,65,renter,0,without_young_child,19005,1914494.0,7538094.0,7538094.0,0.0
national,all_structures,four_year,62,65,renter,1,with_young_child,241,25988.0,121868.0,121868.0,0.0
national,all_structures,four_year,62,65,renter,1,without_young_child,2331,245616.0,1165693.0,1165693.0,0.0
national,all_structures,four_year,62,65,renter,2,with_young_child,131,14358.0,72272.0,72272.0,0.0
national,all_structures,four_year,62,65,renter,2,without_young_child,381,41367.0,210426.0,210426.0,0.0
national,all_structures,four_year,62,65,renter,3+,with_young_child,97,10959.0,57219.0,57219.0,0.0
national,all_structures,four_year,62,65,renter,3+,without_young_child,72,7303.0,39378.0,39378.0,0.0
national,all_structures,four_year,66,69,owner,0,without_young_child,86431,6684042.0,40597203.0,40597203.0,6684042.0
national,all_structures,four_year,66,69,owner,1,with_young_child,539,42151.0,281154.0,281154.0,42151.0
national,all_structures,four_year,66,69,owner,1,without_young_child,10658,880987.0,5605301.0,5605301.0,880987.0
national,all_structures,four_year,66,69,owner,2,with_young_child,328,28161.0,193411.0,193411.0,28161.0
national,all_structures,four_year,66,69,owner,2,without_young_child,1504,128779.0,847059.0,847059.0,128779.0
national,all_structures,four_year,66,69,owner,3+,with_young_child,123,8914.0,60519.0,60519.0,8914.0
national,all_structures,four_year,66,69,owner,3+,without_young_child,275,24597.0,165858.0,165858.0,24597.0
national,all_structures,four_year,66,69,renter,0,without_young_child,15899,1529788.0,5913841.0,5913841.0,0.0
national,all_structures,four_year,66,69,renter,1,with_young_child,79,7497.0,33833.0,33833.0,0.0
national,all_structures,four_year,66,69,renter,1,without_young_child,1576,164037.0,774264.0,774264.0,0.0
national,all_structures,four_year,66,69,renter,2,with_young_child,61,7368.0,37606.0,37606.0,0.0
national,all_structures,four_year,66,69,renter,2,without_young_child,227,21942.0,113763.0,113763.0,0.0
national,all_structures,four_year,66,69,renter,3+,with_young_child,36,3999.0,22255.0,22255.0,0.0
national,all_structures,four_year,66,69,renter,3+,without_young_child,49,5164.0,28783.0,28783.0,0.0
national,all_structures,four_year,70,73,owner,0,without_young_child,78126,6001120.0,35747341.0,35747341.0,6001120.0
national,all_structures,four_year,70,73,owner,1,with_young_child,209,17364.0,110381.0,110381.0,17364.0
national,all_structures,four_year,70,73,owner,1,without_young_child,9603,778297.0,4877081.0,4877081.0,778297.0
national,all_structures,four_year,70,73,owner,2,with_young_child,144,13634.0,88170.0,88170.0,13634.0
national,all_structures,four_year,70,73,owner,2,without_young_child,1216,106443.0,693035.0,693035.0,106443.0
national,all_structures,four_year,70,73,owner,3+,with_young_child,66,5976.0,38860.0,38860.0,5976.0
national,all_structures,four_year,70,73,owner,3+,without_young_child,222,19939.0,129019.0,129019.0,19939.0
national,all_structures,four_year,70,73,renter,0,without_young_child,14770,1402322.0,5328842.0,5328842.0,0.0
national,all_structures,four_year,70,73,renter,1,with_young_child,38,3761.0,18593.0,18593.0,0.0
national,all_structures,four_year,70,73,renter,1,without_young_child,1300,129357.0,623191.0,623191.0,0.0
national,all_structures,four_year,70,73,renter,2,with_young_child,25,2551.0,12036.0,12036.0,0.0
national,all_structures,four_year,70,73,renter,2,without_young_child,194,22867.0,118165.0,118165.0,0.0
national,all_structures,four_year,70,73,renter,3+,with_young_child,21,3192.0,14899.0,14899.0,0.0
national,all_structures,four_year,70,73,renter,3+,without_young_child,48,4792.0,24570.0,24570.0,0.0
national,all_structures,four_year,74,77,owner,0,without_young_child,72414,5594238.0,32825062.0,32825062.0,5594238.0
national,all_structures,four_year,74,77,owner,1,with_young_child,102,8352.0,51875.0,51875.0,8352.0
national,all_structures,four_year,74,77,owner,1,without_young_child,8490,687031.0,4275647.0,4275647.0,687031.0
national,all_structures,four_year,74,77,owner,2,with_young_child,74,5481.0,36018.0,36018.0,5481.0
national,all_structures,four_year,74,77,owner,2,without_young_child,1101,90589.0,599669.0,599669.0,90589.0
national,all_structures,four_year,74,77,owner,3+,with_young_child,25,2732.0,18081.0,18081.0,2732.0
national,all_structures,four_year,74,77,owner,3+,without_young_child,166,13851.0,92369.0,92369.0,13851.0
national,all_structures,four_year,74,77,renter,0,without_young_child,14511,1378990.0,5146241.0,5146241.0,0.0
national,all_structures,four_year,74,77,renter,1,with_young_child,24,2613.0,12487.0,12487.0,0.0
national,all_structures,four_year,74,77,renter,1,without_young_child,1057,109768.0,522835.0,522835.0,0.0
national,all_structures,four_year,74,77,renter,2,with_young_child,11,1251.0,6296.0,6296.0,0.0
national,all_structures,four_year,74,77,renter,2,without_young_child,136,13001.0,68027.0,68027.0,0.0
national,all_structures,four_year,74,77,renter,3+,with_young_child,5,619.0,2907.0,2907.0,0.0
national,all_structures,four_year,74,77,renter,3+,without_young_child,29,3709.0,20167.0,20167.0,0.0
national,all_structures,four_year,78,81,owner,0,without_young_child,61125,4770476.0,27454520.0,27454520.0,4770476.0
national,all_structures,four_year,78,81,owner,1,with_young_child,37,3454.0,21389.0,21389.0,3454.0
national,all_structures,four_year,78,81,owner,1,without_young_child,7051,574341.0,3535135.0,3535135.0,574341.0
national,all_structures,four_year,78,81,owner,2,with_young_child,34,3582.0,23393.0,23393.0,3582.0
national,all_structures,four_year,78,81,owner,2,without_young_child,791,61587.0,402752.0,402752.0,61587.0
national,all_structures,four_year,78,81,owner,3+,with_young_child,15,1791.0,11346.0,11346.0,1791.0
national,all_structures,four_year,78,81,owner,3+,without_young_child,132,11405.0,75407.0,75407.0,11405.0
national,all_structures,four_year,78,81,renter,0,without_young_child,14509,1367474.0,5060039.0,5060039.0,0.0
national,all_structures,four_year,78,81,renter,1,with_young_child,4,295.0,1703.0,1703.0,0.0
national,all_structures,four_year,78,81,renter,1,without_young_child,900,87364.0,407716.0,407716.0,0.0
national,all_structures,four_year,78,81,renter,2,with_young_child,7,727.0,3773.0,3773.0,0.0
national,all_structures,four_year,78,81,renter,2,without_young_child,92,9350.0,47515.0,47515.0,0.0
national,all_structures,four_year,78,81,renter,3+,with_young_child,5,437.0,2684.0,2684.0,0.0
national,all_structures,four_year,78,81,renter,3+,without_young_child,10,781.0,4065.0,4065.0,0.0
national,all_structures,four_year,82,85,owner,0,without_young_child,43416,3385405.0,19166257.0,19166257.0,3385405.0
national,all_structures,four_year,82,85,owner,1,with_young_child,13,914.0,5951.0,5951.0,914.0
national,all_structures,four_year,82,85,owner,1,without_young_child,5081,406114.0,2510868.0,2510868.0,406114.0
national,all_structures,four_year,82,85,owner,2,with_young_child,6,528.0,4082.0,4082.0,528.0
national,all_structures,four_year,82,85,owner,2,without_young_child,462,39319.0,259787.0,259787.0,39319.0
national,all_structures,four_year,82,85,owner,3+,with_young_child,4,503.0,3290.0,3290.0,503.0
national,all_structures,four_year,82,85,owner,3+,without_young_child,77,6887.0,47094.0,47094.0,6887.0
national,all_structures,four_year,82,85,renter,0,without_young_child,13103,1221923.0,4477279.0,4477279.0,0.0
national,all_structures,four_year,82,85,renter,1,with_young_child,4,486.0,1948.0,1948.0,0.0
national,all_structures,four_year,82,85,renter,1,without_young_child,588,59891.0,281699.0,281699.0,0.0
national,all_structures,four_year,82,85,renter,2,with_young_child,3,511.0,2622.0,2622.0,0.0
national,all_structures,four_year,82,85,renter,2,without_young_child,55,4556.0,24152.0,24152.0,0.0
national,all_structures,four_year,82,85,renter,3+,with_young_child,1,100.0,300.0,300.0,0.0
national,all_structures,four_year,82,85,renter,3+,without_young_child,11,827.0,4672.0,4672.0,0.0
