{
  "eligible_E1_chains": 8,
  "production_chain_count": 8,
  "winners": {
    "E1": {
      "arm": "E1",
      "case": 0,
      "elapsed_sec": 8.168266395921819,
      "error": "",
      "feasibility_census": [],
      "label": "tight_winner_repeat_1",
      "market_residual": 1.313988645969837e-05,
      "moments": {
        "aggregate_mean_occupied_rooms_18_85": 5.743226061803136,
        "aggregate_own_rate": 0.5753642452167678,
        "attempt_hazard_by_age": [
          0.12929062578260248,
          0.15049724897509084,
          0.1803071339508264,
          0.2220125209001241,
          0.27887857565933544,
          0.345784896874594,
          0.4052758245885553,
          0.0,
          0.0,
          0.0,
          0.0,
          0.0,
          0.0,
          0.0,
          0.0,
          0.0,
          0.0
        ],
        "childless_chosen_45": 0.1323446318013722,
        "childless_clock_45": 0.09696328509068686,
        "childless_rate": 0.2292162291402862,
        "first_birth_age_distribution": [
          0.1760383457518775,
          0.17258372719334014,
          0.16734652919227283,
          0.15760960053048986,
          0.14020690570984498,
          0.1121027449776717,
          0.07411214664450301,
          0.0,
          0.0,
          0.0,
          0.0,
          0.0,
          0.0,
          0.0,
          0.0,
          0.0,
          0.0
        ],
        "first_birth_hazard_by_age": [
          0.12670481326695043,
          0.14535278181477465,
          0.1697728119209751,
          0.19984316932597387,
          0.23128234982162307,
          0.24491879725014457,
          0.2032198262992569,
          0.0,
          0.0,
          0.0,
          0.0,
          0.0,
          0.0,
          0.0,
          0.0,
          0.0,
          0.0
        ],
        "housing_increment_0to1": 0.6109060861362918,
        "housing_increment_1to2": 0.0,
        "housing_user_cost_share": 0.28157518575303286,
        "liquid_wealth_to_income": 1.2724286176944917,
        "market_residual": 1.313988645969837e-05,
        "mean_age_first_birth": 28.184479259056456,
        "mean_completed_fertility": 0.990525607348743,
        "old_2plus_minus_1_total_estate_wealth_to_annual_income_median_gap_6575": -0.06673137291367226,
        "old_age_own_rate": 0.7416600148864618,
        "old_age_parent_childless_gap": 0.006150261753178343,
        "old_age_parent_childless_gap_6575": 0.006150261753178343,
        "old_minus_young_owner_rate_6575_2534": 0.3374297839860635,
        "old_nonhousing_ge_1x_income_share_6575": 0.6050828253507259,
        "old_nonhousing_wealth_to_income_6575": 9.484592779499156,
        "old_nonhousing_wealth_to_income_median_6575": 3.9517560954484434,
        "old_owner_rate": 0.7416600148864618,
        "old_parent_childless_nonhousing_wealth_to_income_gap_6575": -0.09339571332410657,
        "old_parent_childless_nonhousing_wealth_to_income_median_gap_6575": -0.324801870858777,
        "old_parent_childless_total_wealth_to_income_gap_6575": 0.164163098799186,
        "old_parent_childless_total_wealth_to_income_median_gap_6575": 0.3073440287586138,
        "old_total_estate_wealth_to_annual_income_median_7684": 6.553612691513909,
        "old_total_estate_wealth_to_annual_income_p90_p50_7684": 3.924909457954872,
        "old_total_wealth_to_income_6575": 19.073732939208856,
        "old_total_wealth_to_income_median_6575": 13.695812221211733,
        "own_family_gap": 0.042499956267355476,
        "own_gap_newparent_nonparent_3055": 0.042499956267355476,
        "own_rate": 0.5888894354362076,
        "own_rate_2534": 0.40423023090039834,
        "own_rate_3055": 0.5888894354362076,
        "own_rate_3544": 0.5579017572994632,
        "own_rate_newparents_3055": 0.5907170228227735,
        "own_rate_nonparents_3055": 0.548217066555418,
        "owner_neg_liquid_share_2534": 0.38171009111562443,
        "parity_progression_1to2_flow": 0.2850888217825629,
        "parity_share_0": 0.2292162291402862,
        "parity_share_1": 0.5510419343706844,
        "parity_share_2plus": 0.21974183648902929,
        "prime30_55_childless_owner_mean_rooms": 6.440208570435806,
        "prime30_55_childless_owner_minus_renter_mean_rooms": 2.1511865208556467,
        "prime30_55_childless_owner_share_rooms_ge6": 0.6766138227243199,
        "prime30_55_childless_renter_mean_rooms": 4.28902204958016,
        "prime30_55_childless_renter_share_rooms_ge6": 0.27338163402174326,
        "prime30_55_parent_3plus_minus_1to2_mean_rooms": 0.5358035795078271,
        "prime30_55_parent_owner_minus_renter_mean_rooms": 2.64502624368021,
        "prime_childless_owner_median_rooms": 6.0,
        "prime_childless_owner_minus_renter_rooms": 1.7126412333772283,
        "prime_childless_renter_median_rooms": 4.287358766622772,
        "renter25_45_all_cap_share": 0.2587894405209371,
        "second_birth_hazard_by_age": [
          0.0,
          0.17575427078054162,
          0.17984154068987712,
          0.18634112200046551,
          0.19758498382417863,
          0.2115466715107899,
          0.2015447415169788,
          0.0,
          0.0,
          0.0,
          0.0,
          0.0,
          0.0,
          0.0,
          0.0,
          0.0,
          0.0
        ],
        "share_first_births_age30plus": 0.48403139786250954,
        "tfr": 1.981051214697486,
        "wealth_to_income": 2.400532434792595,
        "young_all_liquid_wealth_to_annual_gross_income_2530": 0.49156974816151017,
        "young_all_liquid_wealth_to_annual_gross_income_2530_median": 0.2945730386946338,
        "young_childless_liquid_wealth_to_annual_gross_income_2535": 0.6081974759860473,
        "young_childless_liquid_wealth_to_annual_gross_income_2535_median": 0.40852629313703137,
        "young_childless_renter_liquid_wealth_to_annual_gross_income_2535": 0.5207110465784297,
        "young_childless_renter_liquid_wealth_to_annual_gross_income_2535_median": 0.222050315148781,
        "young_liquid_wealth_to_income": 0.22384359625741668,
        "young_owner_rate": 0.40423023090039834
      },
      "origin": {
        "phase": "tight_winner_verification",
        "search_case": 988
      },
      "price": 0.8515432012274374,
      "rank_loss": 5.485557807431926,
      "status": "ok",
      "strict_converged": true,
      "target_fit": [
        {
          "gap": 0.06305121469748598,
          "loss_contribution": 0.07950911349656944,
          "model": 1.981051214697486,
          "moment": "tfr",
          "target": 1.918,
          "weight": 20.0
        },
        {
          "gap": 0.04121622914028619,
          "loss_contribution": 0.033975550890891534,
          "model": 0.2292162291402862,
          "moment": "childless_rate",
          "target": 0.188,
          "weight": 20.0
        },
        {
          "gap": 0.013417025436207597,
          "loss_contribution": 0.018001657155584164,
          "model": 0.5888894354362076,
          "moment": "own_rate",
          "target": 0.57547241,
          "weight": 100.0
        },
        {
          "gap": -0.12516171373264454,
          "loss_contribution": 0.7049454563021607,
          "model": 0.042499956267355476,
          "moment": "own_family_gap",
          "target": 0.16766167,
          "weight": 45.0
        },
        {
          "gap": -0.05352858386370818,
          "loss_contribution": 0.040114330066356556,
          "model": 0.6109060861362918,
          "moment": "housing_increment_0to1",
          "target": 0.66443467,
          "weight": 14.0
        },
        {
          "gap": 0.4837339495801598,
          "loss_contribution": 1.4039912038585236,
          "model": 4.28902204958016,
          "moment": "prime30_55_childless_renter_mean_rooms",
          "target": 3.8052881,
          "weight": 6.0
        },
        {
          "gap": 0.0804827027243199,
          "loss_contribution": 0.16193663594528124,
          "model": 0.6766138227243199,