age,income_index,tenure,rooms,children_ever_born,children_home_state,original_slice_mass,plotted_mass_share,wealth,original_owner_mass,baseline_saving,due_stayer_saving,baseline_consumption,due_stayer_consumption,collateral_floor,due_total_floor,death_floor
30.0,7,4,8.0,1,1,0.0005226758578330245,0.9960016893746418,-12.0,0.0,-4.760410508398666,-10.879068501000283,0.04,3.7417185314581047e-06,-4.760410508398666,-12.0,-inf
30.0,7,4,8.0,1,1,0.0005226758578330245,0.9960016893746418,-11.3,0.0,-4.760410508398666,-10.121367233299031,0.04,4.986017280828037e-06,-4.760410508398666,-11.3,-inf
30.0,7,4,8.0,1,1,0.0005226758578330245,0.9960016893746418,-10.6,0.0,-4.760410508398666,-9.363667077732213,0.04,7.3424504645203115e-06,-4.760410508398666,-10.6,-inf
30.0,7,4,8.0,1,1,0.0005226758578330245,0.9960016893746418,-9.9,0.0,-4.760410508398666,-8.605970249171971,0.04,1.3025890220674796e-05,-4.760410508398666,-9.9,-inf
30.0,7,4,8.0,1,1,0.0005226758578330245,0.9960016893746418,-9.2,0.0,-4.760410508398666,-7.848286768558354,0.04,3.2057276603048024e-05,-4.760410508398666,-9.2,-inf
30.0,7,4,8.0,1,1,0.0005226758578330245,0.9960016893746418,-8.5,0.0,-4.760410508398666,-7.091751491431651,0.04,0.0011992921499004439,-4.760410508398666,-8.5,-inf
30.0,7,4,8.0,1,1,0.0005226758578330245,0.9960016893746418,-7.800000000000001,0.0,-4.760410508398666,-6.4,0.04,0.06715031271824934,-4.760410508398666,-7.800000000000001,-inf
30.0,7,4,8.0,1,1,0.0005226758578330245,0.9960016893746418,-7.1000000000000005,0.0,-4.760410508398666,-6.4,0.04,0.8248528247182492,-4.760410508398666,-7.1000000000000005,-inf
30.0,7,4,8.0,1,1,0.0005226758578330245,0.9960016893746418,-6.4,0.0,-4.760410508398666,-6.0562429140286085,0.04,1.2387982507468571,-4.760410508398666,-6.4,-inf
30.0,7,4,8.0,1,1,0.0005226758578330245,0.9960016893746418,-5.7,3.231184610752078e-05,-4.760410508398666,-5.498398277369611,0.7006683571169141,1.4386561260878592,-4.760410508398666,-5.7,-inf
30.0,7,4,8.0,1,1,0.0005226758578330245,0.9960016893746418,-5.0,5.8145395546205585e-05,-4.760410508398666,-4.881172809189958,1.4583708691169148,1.5791331699082072,-4.760410508398666,-5.0,-inf
30.0,7,4,8.0,1,1,0.0005226758578330245,0.9960016893746418,-4.8604651162790695,0.0001168300737281194,-4.72093023255814,-4.757605938365649,1.5699276388577843,1.6066033446652934,-4.760410508398666,-4.8604651162790695,-inf
30.0,7,4,8.0,1,1,0.0005226758578330245,0.9960016893746418,-4.72093023255814,3.052876005015261e-05,-4.63337662971421,-4.637059198609402,1.6334110815952494,1.6370936504904412,-4.760410508398666,-4.760410508398666,-inf
30.0,7,4,8.0,1,1,0.0005226758578330245,0.9960016893746418,-4.5813953488372094,8.268166934023678e-06,-4.477285484061355,-4.477351421730126,1.6283569815237895,1.6284229191925608,-4.760410508398666,-4.760410508398666,-inf
30.0,7,4,8.0,1,1,0.0005226758578330245,0.9960016893746418,-4.441860465116279,7.529193924010101e-06,-4.362731122274685,-4.362961010279475,1.6648396653185156,1.6650695533233062,-4.760410508398666,-4.760410508398666,-inf
30.0,7,4,8.0,1,1,0.0005226758578330245,0.9960016893746418,-4.3023255813953485,3.839637504455149e-05,-4.277390166001286,-4.279022837299392,1.730535754626512,1.732168425924618,-4.760410508398666,-4.760410508398666,-inf
30.0,7,4,8.0,1,1,0.0005226758578330245,0.9960016893746418,-4.162790697674419,4.680900812279461e-05,-4.162790697674419,-4.162790697674419,1.7669733318810392,1.7669733318810392,-4.760410508398666,-4.760410508398666,-inf
30.0,7,4,8.0,1,1,0.0005226758578330245,0.9960016893746418,-4.023255813953488,2.4344076229128657e-05,-4.023255813953488,-4.023255813953488,1.7784754937415048,1.7784754937415048,-4.760410508398666,-4.760410508398666,-inf
30.0,7,4,8.0,1,1,0.0005226758578330245,0.9960016893746418,-3.883720930232558,1.1710042267607903e-05,-3.8996597408482314,-3.900260066301784,1.805916466217643,1.8065167916711955,-4.760410508398666,-4.760410508398666,-inf
30.0,7,4,8.0,1,1,0.0005226758578330245,0.9960016893746418,-3.744186046511628,1.740627711491823e-05,-3.788051827932957,-3.788507552581251,1.845345598883764,1.8458013235320578,-4.760410508398666,-4.760410508398666,-inf
30.0,7,4,8.0,1,1,0.0005226758578330245,0.9960016893746418,-3.604651162790698,1.1385092718504383e-05,-3.672978315766553,-3.6734030193061624,1.8813091322987554,1.8817338358383648,-4.760410508398666,-4.760410508398666,-inf
30.0,7,4,8.0,1,1,0.0005226758578330245,0.9960016893746418,-3.4651162790697674,1.3548872133619095e-05,-3.557937448349712,-3.558442396002307,1.9173053104633095,1.9178102581159044,-4.760410508398666,-4.760410508398666,-inf
30.0,7,4,8.0,1,1,0.0005226758578330245,0.9960016893746418,-3.3255813953488373,1.2776843530550532e-05,-3.439499187974339,-3.4399376784590654,1.9499040956693316,1.9503425861540582,-4.760410508398666,-4.760410508398666,-inf
30.0,7,4,8.0,1,1,0.0005226758578330245,0.9960016893746418,-3.1860465116279073,7.181903564208269e-06,-3.320762831528027,-3.3212436780658967,1.982204784804415,1.9826856313422847,-4.760410508398666,-4.760410508398666,-inf
30.0,7,4,8.0,1,1,0.0005226758578330245,0.9960016893746418,-3.046511627906977,1.2444431364541681e-05,-3.1860465116279073,-3.1860465116279073,1.998525510485691,1.998525510485691,-4.760410508398666,-4.760410508398666,-inf
30.0,7,4,8.0,1,1,0.0005226758578330245,0.9960016893746418,-2.9069767441860463,9.074724753800202e-06,-3.0523154967250634,-3.0527259295965616,2.0158315411642427,2.016241974035741,-4.760410508398666,-4.760410508398666,-inf
30.0,7,4,8.0,1,1,0.0005226758578330245,0.9960016893746418,-2.7674418604651163,8.830902097643301e-06,-2.9327729694210527,-2.933186926755762,2.047326059441627,2.0477400167763364,-4.760410508398666,-4.760410508398666,-inf
30.0,7,4,8.0,1,1,0.0005226758578330245,0.9960016893746418,-2.6279069767441863,5.525240331718288e-06,-2.814507095662458,-2.8149543070280485,2.0800972312644275,2.080544442630018,-4.760410508398666,-4.760410508398666,-inf
30.0,7,4,8.0,1,1,0.0005226758578330245,0.9960016893746418,-2.488372093023256,3.642428738241414e-06,-2.6939597862011317,-2.6943523531831617,2.110586967384497,2.110979534366527,-4.760410508398666,-4.760410508398666,-inf
30.0,7,4,8.0,1,1,0.0005226758578330245,0.9960016893746418,-2.3488372093023258,6.3137116878854755e-06,-2.5727577060063234,-2.573175045012394,2.140421932771084,2.1408392717771543,-4.760410508398666,-4.760410508398666,-inf
30.0,7,4,8.0,1,1,0.0005226758578330245,0.9960016893746418,-2.2093023255813953,6.3834152849285545e-06,-2.451656757027283,-2.45210175510694,2.170358029373439,2.170803027453096,-4.760410508398666,-4.760410508398666,-inf
30.0,7,4,8.0,1,1,0.0005226758578330245,0.9960016893746418,-2.0697674418604652,3.63208181532207e-06,-2.330223872162697,-2.330655050498656,2.199962190090248,2.2003933684262074,-4.760410508398666,-4.760410508398666,-inf
30.0,7,4,8.0,1,1,0.0005226758578330245,0.9960016893746418,-1.9302325581395348,2.597861107780145e-06,-2.20824979253475,-2.2086981012521765,2.2290251560436967,2.229473464761123,-4.760410508398666,-4.760410508398666,-inf
30.0,7,4,8.0,1,1,0.0005226758578330245,0.9960016893746418,-1.7906976744186047,2.072325272974535e-06,-2.0697674418604652,-2.0697674418604652,2.2415798509508074,2.2415798509508074,-4.760410508398666,-4.760410508398666,-inf
30.0,7,4,8.0,1,1,0.0005226758578330245,0.9960016893746418,-1.6511627906976747,2.546026087103795e-06,-1.9350418842691348,-1.935482143190252,2.2578913389408717,2.258331597861989,-4.760410508398666,-4.760410508398666,-inf
30.0,7,4,8.0,1,1,0.0005226758578330245,0.9960016893746418,-1.5116279069767442,2.601845336643146e-06,-1.812493006007735,-1.812957977023395,2.2863795062608676,2.2868444772765275,-4.760410508398666,-4.760410508398666,-inf
30.0,7,4,8.0,1,1,0.0005226758578330245,0.9960016893746418,-1.3720930232558142,2.8071693512696325e-06,-1.6902967239415392,-1.6907670552115177,2.315220269776067,2.3156906010460454,-4.760410508398666,-4.760410508398666,-inf
30.0,7,4,8.0,1,1,0.0005226758578330245,0.9960016893746418,-1.2325581395348837,1.991891285656695e-06,-1.5672655590982547,-1.5677255592268011,2.343226150514178,2.3436861506427245,-4.760410508398666,-4.760410508398666,-inf
30.0,7,4,8.0,1,1,0.0005226758578330245,0.9960016893746418,-1.0930232558139537,1.92926480679106e-06,-1.4436574526272508,-1.4441205384222444,2.3706550896245693,2.371118175419563,-4.760410508398666,-4.760410508398666,-inf
30.0,7,4,8.0,1,1,0.0005226758578330245,0.9960016893746418,-0.9534883720930232,2.241599672755748e-06,-1.3197960008265763,-1.3202669987544993,2.3978306834052905,2.3983016813332134,-4.760410508398666,-4.760410508398666,-inf
30.0,7,4,8.0,1,1,0.0005226758578330245,0.9960016893746418,-0.8139534883720927,1.4563218669368462e-06,-1.1959237739491084,-1.1964041640335585,2.424995502109218,2.4254758921936683,-4.760410508398666,-4.760410508398666,-inf
30.0,7,4,8.0,1,1,0.0005226758578330245,0.9960016893746418,-0.6744186046511631,6.51975750390556e-07,-1.0720176832563006,-1.0724994149482754,2.452126456997805,2.45260818868978,-4.760410508398666,-4.760410508398666,-inf
30.0,7,4,8.0,1,1,0.0005226758578330245,0.9960016893746418,-0.5348837209302326,7.580680097175434e-07,-0.9473690533101591,-0.9478578094885663,2.478514872633059,2.479003628811466,-4.760410508398666,-4.760410508398666,-inf
30.0,7,4,8.0,1,1,0.0005226758578330245,0.9960016893746418,-0.39534883720930214,8.456637965849009e-07,-0.8139534883720927,-0.8139534883720927,2.4961363532763885,2.4961363532763885,-4.760410508398666,-4.760410508398666,-inf
30.0,7,4,8.0,1,1,0.0005226758578330245,0.9960016893746418,-0.25581395348837255,1.0089703697959028e-06,-0.6744186046511631,-0.6744186046511631,2.507638515136853,2.507638515136853,-4.760410508398666,-4.760410508398666,-inf
30.0,7,4,8.0,1,1,0.0005226758578330245,0.9960016893746418,-0.11627906976744207,8.620809990304535e-07,-0.5477375449297135,-0.548239195942263,2.5319945009967992,2.5324961520093487,-4.760410508398666,-4.760410508398666,-inf
30.0,7,4,8.0,1,1,0.0005226758578330245,0.9960016893746418,0.0,3.9418197775062575e-07,-0.44860944888341203,-0.4491094953639565,2.558730609601661,2.5592306560822053,-4.760410508398666,-4.760410508398666,-inf
30.0,7,4,8.0,1,1,0.0005226758578330245,0.9960016893746418,0.1627906976744189,6.314736527290417e-07,-0.2987758011207968,-0.29926520175883686,2.585106848350674,2.585596248988714,-4.760410508398666,-4.760410508398666,-inf
30.0,7,4,8.0,1,1,0.0005226758578330245,0.9960016893746418,0.3023255813953485,6.994036533842402e-07,-0.17371529274782338,-0.17419642040629002,2.611083385559095,2.611564513217562,-4.760410508398666,-4.760410508398666,-inf
30.0,7,4,8.0,1,1,0.0005226758578330245,0.9960016893746418,0.44186046511627897,5.347747219752889e-07,-0.046291844840528285,-0.04675924149569832,2.6346969832331957,2.6351643798883657,-4.760410508398666,-4.760410508398666,-inf
30.0,7,4,8.0,1,1,0.0005226758578330245,0.9960016893746418,0.5813953488372094,2.3506808123488766e-07,0.07898485588336879,0.0785080182122524,2.6604573280906942,2.6609341657618106,-4.760410508398666,-4.760410508398666,-inf
30.0,7,4,8.0,1,1,0.0005226758578330245,0.9960016893746418,0.720930232558139,1.6745369630314327e-07,0.20216987676086662,0.2017085634191531,2.6883093527945907,2.688770666136304,-4.760410508398666,-4.760410508398666,-inf
30.0,7,4,8.0,1,1,0.0005226758578330245,0.9960016893746418,0.8604651162790695,2.1661460318866415e-07,0.32808633501535667,0.327636383777822,2.7134299401214967,2.7138798913590314,-4.760410508398666,-4.760410508398666,-inf
30.0,7,4,8.0,1,1,0.0005226758578330245,0.9960016893746418,1.0,3.171402070393091e-07,0.45372464411670954,0.45328223664917733,2.738828676601539,2.7392710840690713,-4.760410508398666,-4.760410508398666,-inf
30.0,7,4,8.0,1,1,0.0005226758578330245,0.9960016893746418,1.1395348837209305,2.9896352446627967e-07,0.5813953488372094,0.5813953488372094,2.7621950174624352,2.7621950174624352,-4.760410508398666,-4.760410508398666,-inf
30.0,7,4,8.0,1,1,0.0005226758578330245,0.9960016893746418,1.27906976744186,1.3815040382950872e-07,0.720930232558139,0.720930232558139,2.7736971793229,2.7736971793229,-4.760410508398666,-4.760410508398666,-inf
30.0,7,4,8.0,1,1,0.0005226758578330245,0.9960016893746418,1.4186046511627906,1.463984886948267e-07,0.8562728865487603,0.8558410986040599,2.7893915709136747,2.789823358858375,-4.760410508398666,-4.760410508398666,-inf
30.0,7,4,8.0,1,1,0.0005226758578330245,0.9960016893746418,1.558139534883721,2.0706347574189467e-07,0.982151509968364,0.9817247346119506,2.8145499930754663,2.8149767684318796,-4.760410508398666,-4.760410508398666,-inf
30.0,7,4,8.0,1,1,0.0005226758578330245,0.9960016893746418,1.6976744186046506,1.837568934420538e-07,1.1077479021826222,1.1073574853023822,2.8399906464426032,2.8403810633228432,-4.760410508398666,-4.760410508398666,-inf
30.0,7,4,8.0,1,1,0.0005226758578330245,0.9960016893746418,1.837209302325581,8.25962604398568e-08,1.2341224734881826,1.233740896113718,2.864653120718438,2.8650346980929027,-4.760410508398666,-4.760410508398666,-inf
30.0,7,4,8.0,1,1,0.0005226758578330245,0.9960016893746418,1.9767441860465116,5.4498469468849614e-08,1.3606268921262927,1.360258172122557,2.889185747661723,2.8895544676654588,-4.760410508398666,-4.760410508398666,-inf
30.0,7,4,8.0,1,1,0.0005226758578330245,0.9960016893746418,2.116279069767442,7.624530993357583e-08,1.4868941296032152,1.4865379506884238,2.9139555557661967,2.914311734680988,-4.760410508398666,-4.760410508398666,-inf
30.0,7,4,8.0,1,1,0.0005226758578330245,0.9960016893746418,2.2558139534883717,1.3880907898469685e-07,1.6135631522983678,1.6132263779299194,2.9383235786524384,2.938660353020887,-4.760410508398666,-4.760410508398666,-inf
30.0,7,4,8.0,1,1,0.0005226758578330245,0.9960016893746418,2.395348837209302,1.2672089150365314e-07,1.7408562895705555,1.7405382611110505,2.962067486961647,2.962385515421152,-4.760410508398666,-4.760410508398666,-inf
30.0,7,4,8.0,1,1,0.0005226758578330245,0.9960016893746418,2.5348837209302326,5.858535797002542e-08,1.8669242263759447,1.8666169240676678,2.987036595737653,2.9873438980459297,-4.760410508398666,-4.760410508398666,-inf
30.0,7,4,8.0,1,1,0.0005226758578330245,0.9960016893746418,2.674418604651163,2.7191933457716334e-08,1.9944289160282045,1.994134752002306,3.010568951666789,3.0108631156926875,-4.760410508398666,-4.760410508398666,-inf
30.0,7,4,8.0,1,1,0.0005226758578330245,0.9960016893746418,2.8139534883720927,3.025439870927709e-08,2.1211878434607683,2.1209041766823904,3.0348470698156196,3.0351307365939975,-4.760410508398666,-4.760410508398666,-inf
30.0,7,4,8.0,1,1,0.0005226758578330245,0.9960016893746418,2.953488372093023,3.9989896076217185e-08,2.2558139534883717,2.2558139534883717,3.0512580053694123,3.0512580053694123,-4.760410508398666,-4.760410508398666,-inf
30.0,7,4,8.0,1,1,0.0005226758578330245,0.9960016893746418,3.0930232558139537,3.8883687799797925e-08,2.395348837209302,2.395348837209302,3.062760167229877,3.062760167229877,-4.760410508398666,-4.760410508398666,-inf
30.0,7,4,8.0,1,1,0.0005226758578330245,0.9960016893746418,3.232558139534884,3.7595132027990014e-08,2.525899421834703,2.5256455176178574,3.0832466281858713,3.083500532402717,-4.760410508398666,-4.760410508398666,-inf
30.0,7,4,8.0,1,1,0.0005226758578330245,0.9960016893746418,3.3720930232558146,3.408755011311325e-08,2.652788285053443,2.6525527611477404,3.107394810548527,3.10763033445423,-4.760410508398666,-4.760410508398666,-inf
30.0,7,4,8.0,1,1,0.0005226758578330245,0.9960016893746418,3.5116279069767433,4.731876426552621e-08,2.7799924203219044,2.7797730562268765,3.1312277208614603,3.131447084956488,-4.760410508398666,-4.760410508398666,-inf
30.0,7,4,8.0,1,1,0.0005226758578330245,0.9960016893746418,3.651162790697674,3.3144633939523044e-08,2.9071988252496803,2.906990564939769,3.1550583615150796,3.1552666218249907,-4.760410508398666,-4.760410508398666,-inf
30.0,7,4,8.0,1,1,0.0005226758578330245,0.9960016893746418,3.7906976744186043,1.734341827781576e-08,3.03428669137751,3.034089995366748,3.179007540968645,3.179204236979407,-4.760410508398666,-4.760410508398666,-inf
30.0,7,4,8.0,1,1,0.0005226758578330245,0.9960016893746418,3.9302325581395348,1.2179678766680385e-08,3.161424735675846,3.1612437080994105,3.2029065422517053,3.2030875698281407,-4.760410508398666,-4.760410508398666,-inf
30.0,7,4,8.0,1,1,0.0005226758578330245,0.9960016893746418,4.069767441860465,1.4956672142709753e-08,3.288800848252748,3.28863468562515,3.226567475256198,3.2267336378837963,-4.760410508398666,-4.760410508398666,-inf
30.0,7,4,8.0,1,1,0.0005226758578330245,0.9960016893746418,4.209302325581396,2.2923888213978073e-08,3.4162825672196426,3.416128239139647,3.2501228018707,3.2502771299506956,-4.760410508398666,-4.760410508398666,-inf
30.0,7,4,8.0,1,1,0.0005226758578330245,0.9960016893746418,4.348837209302326,2.4822852073797533e-08,3.5437998175602146,3.5436564108173734,3.273642597111523,3.2737860038543642,-4.760410508398666,-4.760410508398666,-inf
30.0,7,4,8.0,1,1,0.0005226758578330245,0.9960016893746418,4.488372093023255,1.548477407796609e-08,3.6711077614350325,3.6709714211046878,3.2973716988180994,3.297508039148444,-4.760410508398666,-4.760410508398666,-inf
30.0,7,4,8.0,1,1,0.0005226758578330245,0.9960016893746418,4.627906976744185,6.58447466730157e-09,3.798156182786748,3.79802703324605,3.321360323047779,3.321489472588477,-4.760410508398666,-4.760410508398666,-inf
30.0,7,4,8.0,1,1,0.0005226758578330245,0.9960016893746418,4.767441860465116,7.0322602346136605e-09,3.9302325581395348,3.9302325581395348,3.3403209932763875,3.3403209932763875,-4.760410508398666,-4.760410508398666,-inf
30.0,7,4,8.0,1,1,0.0005226758578330245,0.9960016893746418,4.906976744186046,8.203014291089374e-09,4.069767441860465,4.069767441860465,3.351823155136853,3.351823155136853,-4.760410508398666,-4.760410508398666,-inf
30.0,7,4,8.0,1,1,0.0005226758578330245,0.9960016893746418,5.046511627906977,7.64515231807222e-09,4.203750438150438,4.203644917916723,3.3688772044282755,3.368982724661991,-4.760410508398666,-4.760410508398666,-inf
30.0,7,4,8.0,1,1,0.0005226758578330245,0.9960016893746418,5.186046511627907,8.023039023883183e-09,4.331010836836194,4.330913393234158,3.3926538513239164,3.3927512949259526,-4.760410508398666,-4.760410508398666,-inf
30.0,7,4,8.0,1,1,0.0005226758578330245,0.9960016893746418,5.325581395348838,8.22899554367001e-09,4.458290428219112,4.458200980977196,3.4164113055223924,3.416500752764308,-4.760410508398666,-4.760410508398666,-inf
30.0,7,4,8.0,1,1,0.0005226758578330245,0.9960016893746418,5.4651162790697665,1.0083678426753568e-08,4.585661947129095,4.58557866602154,3.440076832193805,3.44016011330136,-4.760410508398666,-4.760410508398666,-inf
30.0,7,4,8.0,1,1,0.0005226758578330245,0.9960016893746418,5.604651162790697,8.441683285943902e-09,4.713018853342124,4.712942928574863,3.463756971562171,3.463832896329432,-4.760410508398666,-4.760410508398666,-inf
30.0,7,4,8.0,1,1,0.0005226758578330245,0.9960016893746418,5.7441860465116275,6.270603660539185e-09,4.840355120419733,4.84028553339269,3.4874577500659596,3.4875273370930024,-4.760410508398666,-4.760410508398666,-inf
30.0,7,4,8.0,1,1,0.0005226758578330245,0.9960016893746418,5.883720930232558,3.9071640740700286e-09,4.967593472063509,4.967529683543893,3.5112564440035765,3.5113202325231923,-4.760410508398666,-4.760410508398666,-inf
30.0,7,4,8.0,1,1,0.0005226758578330245,0.9960016893746418,6.023255813953488,5.196028466749748e-09,5.0948330162832765,5.094774925396475,3.535053945365206,3.5351120362520074,-4.760410508398666,-4.760410508398666,-inf
30.0,7,4,8.0,1,1,0.0005226758578330245,0.9960016893746418,6.162790697674419,5.654396487406524e-09,5.2220375667465575,5.221982651396999,3.5588864404833203,3.5589413558328786,-4.760410508398666,-4.760410508398666,-inf
30.0,7,4,8.0,1,1,0.0005226758578330245,0.9960016893746418,6.302325581395349,6.9441790459762296e-09,5.348974591624736,5.348922966120046,3.582986461186537,3.583038086691227,-4.760410508398666,-4.760410508398666,-inf
30.0,7,4,8.0,1,1,0.0005226758578330245,0.9960016893746418,6.441860465116278,4.998458264508492e-09,5.475775381217229,5.475729551986967,3.6072227171754374,3.6072685464056997,-4.760410508398666,-4.760410508398666,-inf
30.0,7,4,8.0,1,1,0.0005226758578330245,0.9960016893746418,6.581395348837209,3.159678773589206e-09,5.604651162790697,5.604651162790697,3.6293839811833664,3.6293839811833664,-4.760410508398666,-4.760410508398666,-inf
30.0,7,4,8.0,1,1,0.0005226758578330245,0.9960016893746418,6.720930232558139,2.3065180998872286e-09,5.7441860465116275,5.7441860465116275,3.640886143043831,3.640886143043831,-4.760410508398666,-4.760410508398666,-inf
30.0,7,4,8.0,1,1,0.0005226758578330245,0.9960016893746418,6.8604651162790695,2.26498902065226e-09,5.8807405536705755,5.880702435884522,3.6553686814662782,3.655406799252332,-4.760410508398666,-4.760410508398666,-inf
30.0,7,4,8.0,1,1,0.0005226758578330245,0.9960016893746418,7.0,6.5963417633138456e-09,6.007598043822826,6.007563319246315,3.6795482368954247,3.6795829614719358,-4.760410508398666,-4.760410508398666,-inf
30.0,7,4,8.0,1,1,0.0005226758578330245,0.9960016893746418,7.571428571428571,1.1551725570331262e-08,6.528719625245866,6.528696077202916,3.776959318329526,3.7769828663724763,-4.760410508398666,-4.760410508398666,-inf
30.0,7,4,8.0,1,1,0.0005226758578330245,0.9960016893746418,8.142857142857142,7.83729198441088e-09,7.009599521189806,7.009586540787794,3.9146120852427284,3.9146250656447403,-4.760410508398666,-4.760410508398666,-inf
30.0,7,4,8.0,1,1,0.0005226758578330245,0.9960016893746418,8.714285714285714,5.968303420811327e-09,7.571428571428571,7.571428571428571,3.9713156978611046,3.9713156978611046,-4.760410508398666,-4.760410508398666,-inf
30.0,7,4,8.0,1,1,0.0005226758578330245,0.9960016893746418,9.285714285714285,5.743412327196678e-09,8.142857142857142,8.142857142857142,4.018419789289679,4.018419789289679,-4.760410508398666,-4.760410508398666,-inf
30.0,7,4,8.0,1,1,0.0005226758578330245,0.9960016893746418,9.857142857142858,4.01783610855891e-09,8.65668568661502,8.656681511379677,4.123123908388942,4.123128083624286,-4.760410508398666,-4.760410508398666,-inf
30.0,7,4,8.0,1,1,0.0005226758578330245,0.9960016893746418,10.428571428571429,3.902996743173822e-09,9.162149279547101,9.162147402047061,4.236192978314007,4.2361948558140465,-4.760410508398666,-4.760410508398666,-inf
30.0,7,4,8.0,1,1,0.0005226758578330245,0.9960016893746418,11.0,3.754365189884535e-09,9.68123482413284,9.681233934667983,4.33564009658541,4.335640986050267,-4.760410508398666,-4.760410508398666,-inf
30.0,7,4,8.0,1,1,0.0005226758578330245,0.9960016893746418,11.571428571428571,2.895820465911863e-09,10.191638475698666,10.191638174644396,4.443769107876726,4.443769408930995,-4.760410508398666,-4.760410508398666,-inf
30.0,7,4,8.0,1,1,0.0005226758578330245,0.9960016893746418,12.142857142857142,2.5626087838100167e-09,10.702248041760903,10.702247958953905,4.55169220467163,4.5516922874786285,-4.760410508398666,-4.760410508398666,-inf
30.0,7,4,8.0,1,1,0.0005226758578330245,0.9960016893746418,12.714285714285714,2.223697852937629e-09,11.214193994842049,11.21419397510815,4.65827891444763,4.658278934181528,-4.760410508398666,-4.760410508398666,-inf
30.0,7,4,8.0,1,1,0.0005226758578330245,0.9960016893746418,13.285714285714285,2.160079411745084e-09,11.725034681275789,11.725034677298234,4.76597089087103,4.765970894848584,-4.760410508398666,-4.760410508398666,-inf
30.0,7,4,8.0,1,1,0.0005226758578330245,0.9960016893746418,13.857142857142858,2.0420177085108543e-09,12.234298598707678,12.234298598088,4.8752396362962855,4.875239636915964,-4.760410508398666,-4.760410508398666,-inf
30.0,7,4,8.0,1,1,0.0005226758578330245,0.9960016893746418,14.428571428571427,2.3207826335703823e-09,12.742851728370972,12.74285172828494,4.985219169490129,4.985219169576162,-4.760410508398666,-4.760410508398666,-inf
30.0,7,4,8.0,1,1,0.0005226758578330245,0.9960016893746418,15.474341649025257,2.1041906970423266e-09,13.764939254993244,13.764939254982744,5.095106961457375,5.0951069614678755,-4.760410508398666,-4.760410508398666,-inf
30.0,7,4,8.0,1,1,0.0005226758578330245,0.9960016893746418,16.341640786499873,2.1125442896574886e-09,14.438611986655069,14.438611986654692,5.360226708538335,5.360226708538711,-4.760410508398666,-4.760410508398666,-inf
30.0,7,4,8.0,1,1,0.0005226758578330245,0.9960016893746418,17.464751508773247,2.0817451733471975e-09,15.474341649025257,15.474341649025257,5.540188211197675,5.540188211197675,-4.760410508398666,-4.760410508398666,-inf
30.0,7,4,8.0,1,1,0.0005226758578330245,0.9960016893746418,18.794733192202056,1.8074055538092125e-09,16.714851925711265,16.714851925711265,5.739292880865946,5.739292880865946,-4.760410508398666,-4.760410508398666,-inf
30.0,7,4,8.0,1,1,0.0005226758578330245,0.9960016893746418,20.303300858899107,1.4111833532093488e-09,18.098827826179352,18.098827826179352,5.988239138366911,5.988239138366911,-4.760410508398666,-4.760410508398666,-inf
30.0,7,4,8.0,1,1,0.0005226758578330245,0.9960016893746418,21.97137002317335,1.238622983564575e-09,19.642392622184467,19.642392622184467,6.250246050876559,6.250246050876559,-4.760410508398666,-4.760410508398666,-inf
30.0,7,4,8.0,1,1,0.0005226758578330245,0.9960016893746418,23.784930278607796,7.684813734390143e-10,21.301558174851536,21.301558174851536,6.554136442789549,6.554136442789549,-4.760410508398666,-4.760410508398666,-inf
30.0,7,4,8.0,1,1,0.0005226758578330245,0.9960016893746418,25.733126291998992,7.44523090433431e-10,23.076056930826773,23.076056930826773,6.8884277056927345,6.8884277056927345,-4.760410508398666,-4.760410508398666,-inf
30.0,7,4,8.0,1,1,0.0005226758578330245,0.9960016893746418,27.80722452368194,3.667477295544779e-10,24.936911690447943,24.936911690447943,7.27264357504432,7.27264357504432,-4.760410508398666,-4.760410508398666,-inf
30.0,7,4,8.0,1,1,0.0005226758578330245,0.9960016893746418,30.0,3.5315279925077705e-10,26.916584365608728,26.916584365608728,7.666501595109523,7.666501595109523,-4.760410508398666,-4.760410508398666,-inf
30.0,7,4,8.0,1,1,0.0005226758578330245,0.9960016893746418,33.6605536290589,1.9712166448054744e-10,30.0,30.0,8.545386932216317,8.545386932216317,-4.760410508398666,-4.760410508398666,-inf
30.0,7,4,8.0,1,1,0.0005226758578330245,0.9960016893746418,37.76776235382502,9.384807974575534e-11,33.6605536290589,33.6605536290589,9.33060811467685,9.33060811467685,-4.760410508398666,-4.760410508398666,-inf
30.0,7,4,8.0,1,1,0.0005226758578330245,0.9960016893746418,42.37612633868264,3.7413450728174717e-11,37.76776235382502,37.76776235382502,10.211640772106371,10.211640772106371,-4.760410508398666,-4.760410508398666,-inf
30.0,7,4,8.0,1,1,0.0005226758578330245,0.9960016893746418,47.546795773833395,1.2451624184198686e-11,42.37612633868264,42.37612633868264,11.200175672584962,11.200175672584962,-4.760410508398666,-4.760410508398666,-inf
30.0,7,4,8.0,1,1,0.0005226758578330245,0.9960016893746418,53.348382301167675,3.288096600438327e-12,47.58986727715381,47.58986727715381,12.266258570323139,12.266258570323139,-4.760410508398666,-4.760410508398666,-inf
30.0,7,4,8.0,1,1,0.0005226758578330245,0.9960016893746418,59.857869449066385,6.195225781789051e-13,53.4548705293593,53.4548705293593,13.447333552109882,13.447333552109882,-4.760410508398666,-4.760410508398666,-inf
30.0,7,4,8.0,1,1,0.0005226758578330245,0.9960016893746418,67.16163415705019,6.811427149502263e-14,60.04134149900911,60.04134149900911,14.766692391454754,14.766692391454754,-4.760410508398666,-4.760410508398666,-inf
30.0,7,4,8.0,1,1,0.0005226758578330245,0.9960016893746418,75.35659294528742,3.2986390884075316e-16,67.43627736080778,67.43627736080778,16.242243471918684,16.242243471918684,-4.760410508398666,-4.760410508398666,-inf
30.0,7,4,8.0,1,1,0.0005226758578330245,0.9960016893746418,84.55148793793359,0.0,75.73838038650773,75.73838038650773,17.892990494081914,17.892990494081914,-4.760410508398666,-4.760410508398666,-inf
30.0,7,4,8.0,1,1,0.0005226758578330245,0.9960016893746418,94.86832980505136,0.0,85.05695927570628,85.05695927570628,19.741693031486093,19.741693031486093,-4.760410508398666,-4.760410508398666,-inf
30.0,7,4,8.0,1,1,0.0005226758578330245,0.9960016893746418,106.44401677007264,0.0,95.51271423635528,95.51271423635528,21.81583391586892,21.81583391586892,-4.760410508398666,-4.760410508398666,-inf
30.0,7,4,8.0,1,1,0.0005226758578330245,0.9960016893746418,119.43215116604912,0.0,107.24462267382269,107.24462267382269,24.142699847008643,24.142699847008643,-4.760410508398666,-4.760410508398666,-inf
30.0,7,4,8.0,1,1,0.0005226758578330245,0.9960016893746418,134.00507764528896,0.0,120.41089325103523,120.41089325103523,26.750633556240857,26.750633556240857,-4.760410508398666,-4.760410508398666,-inf
30.0,7,4,8.0,1,1,0.0005226758578330245,0.9960016893746418,150.35617008818164,0.0,135.1877391799606,135.1877391799606,29.672735938635498,29.672735938635498,-4.760410508398666,-4.760410508398666,-inf
30.0,7,4,8.0,1,1,0.0005226758578330245,0.9960016893746418,168.70239755710477,0.0,151.77040118445166,151.77040118445166,32.948620561182224,32.948620561182224,-4.760410508398666,-4.760410508398666,-inf
30.0,7,4,8.0,1,1,0.0005226758578330245,0.9960016893746418,189.28720334405796,0.0,170.3780140188322,170.3780140188322,36.622663517953924,36.622663517953924,-4.760410508398666,-4.760410508398666,-inf
30.0,7,4,8.0,1,1,0.0005226758578330245,0.9960016893746418,212.38373531524127,0.0,191.25835797702973,191.25835797702973,40.74274854983341,40.74274854983341,-4.760410508398666,-4.760410508398666,-inf
30.0,7,4,8.0,1,1,0.0005226758578330245,0.9960016893746418,238.29847041728448,0.0,214.68948492690566,214.68948492690566,45.3625642922899,45.3625642922899,-4.760410508398666,-4.760410508398666,-inf
30.0,7,4,8.0,1,1,0.0005226758578330245,0.9960016893746418,267.3752814401236,0.0,240.98329490115273,240.98329490115273,50.54242967940641,50.54242967940641,-4.760410508398666,-4.760410508398666,-inf
30.0,7,4,8.0,1,1,0.0005226758578330245,0.9960016893746418,300.0000000000001,0.0,270.4905538193072,270.4905538193072,56.34921534141114,56.34921534141114,-4.760410508398666,-4.760410508398666,-inf
30.0,7,4,8.0,1,1,0.0005226758578330245,0.9960016893746418,336.60553629058904,0.0,303.6049297587694,303.6049297587694,62.857849116929515,62.857849116929515,-4.760410508398666,-4.760410508398666,-inf
30.0,7,4,8.0,1,1,0.0005226758578330245,0.9960016893746418,377.67762353825,0.0,340.76690394862226,340.76690394862226,70.15362304227074,70.15362304227074,-4.760410508398666,-4.760410508398666,-inf
30.0,7,4,8.0,1,1,0.0005226758578330245,0.9960016893746418,423.7612633868264,0.0,382.47020156041384,382.47020156041384,78.33273925243577,78.33273925243577,-4.760410508398666,-4.760410508398666,-inf
30.0,7,4,8.0,1,1,0.0005226758578330245,0.9960016893746418,475.4679577383344,0.0,429.26952346029634,429.26952346029634,87.50240620591592,87.50240620591592,-4.760410508398666,-4.760410508398666,-inf
30.0,7,4,8.0,1,1,0.0005226758578330245,0.9960016893746418,533.483823011677,0.0,481.78808201521906,481.78808201521906,97.78208601308643,97.78208601308643,-4.760410508398666,-4.760410508398666,-inf
30.0,7,4,8.0,1,1,0.0005226758578330245,0.9960016893746418,598.5786944906639,0.0,540.7257397910123,540.7257397910123,109.30521057721535,109.30521057721535,-4.760410508398666,-4.760410508398666,-inf
30.0,7,4,8.0,1,1,0.0005226758578330245,0.9960016893746418,671.6163415705016,0.0,606.8673897221545,606.8673897221545,122.22185873601961,122.22185873601961,-4.760410508398666,-4.760410508398666,-inf
30.0,7,4,8.0,1,1,0.0005226758578330245,0.9960016893746418,753.5659294528741,0.0,681.0927414703401,681.0927414703401,136.70137641046028,136.70137641046028,-4.760410508398666,-4.760410508398666,-inf
30.0,7,4,8.0,1,1,0.0005226758578330245,0.9960016893746418,845.5148793793368,0.0,764.3880996343937,764.3880996343937,152.93451872503942,152.93451872503942,-4.760410508398666,-4.760410508398666,-inf
30.0,7,4,8.0,1,1,0.0005226758578330245,0.9960016893746418,948.6832980505142,0.0,857.8604985787495,857.8604985787495,171.13493404671067,171.13493404671067,-4.760410508398666,-4.760410508398666,-inf
30.0,7,4,8.0,1,1,0.0005226758578330245,0.9960016893746418,1064.4401677007263,0.0,962.7529561708915,962.7529561708915,191.54143490488616,191.54143490488616,-4.760410508398666,-4.760410508398666,-inf
30.0,7,4,8.0,1,1,0.0005226758578330245,0.9960016893746418,1194.3215116604913,0.0,1080.4607152553242,1080.4607152553242,214.4214195065249,214.4214195065249,-4.760410508398666,-4.760410508398666,-inf
30.0,7,4,8.0,1,1,0.0005226758578330245,0.9960016893746418,1340.0507764528895,0.0,1212.5494163861204,1212.5494163861204,240.07476124017626,240.07476124017626,-4.760410508398666,-4.760410508398666,-inf
30.0,7,4,8.0,1,1,0.0005226758578330245,0.9960016893746418,1503.561700881818,0.0,1360.7756912148875,1360.7756912148875,268.837969524611,268.837969524611,-4.760410508398666,-4.760410508398666,-inf
30.0,7,4,8.0,1,1,0.0005226758578330245,0.9960016893746418,1687.023975571048,0.0,1527.1105341239697,1527.1105341239697,301.0885928859052,301.0885928859052,-4.760410508398666,-4.760410508398666,-inf
30.0,7,4,8.0,1,1,0.0005226758578330245,0.9960016893746418,1892.8720334405798,0.0,1713.765519941528,1713.765519941528,337.25016497986917,337.25016497986917,-4.760410508398666,-4.760410508398666,-inf
30.0,7,4,8.0,1,1,0.0005226758578330245,0.9960016893746418,2123.8373531524126,0.0,1923.222291669433,1923.222291669433,377.7976831527342,377.7976831527342,-4.760410508398666,-4.760410508398666,-inf
30.0,7,4,8.0,1,1,0.0005226758578330245,0.9960016893746418,2382.984704172845,0.0,2158.2655116935935,2158.2655116935935,423.2638900518982,423.2638900518982,-4.760410508398666,-4.760410508398666,-inf
30.0,7,4,8.0,1,1,0.0005226758578330245,0.9960016893746418,2673.7528144012385,0.0,2422.015004485455,2422.015004485455,474.2511508736752,474.2511508736752,-4.760410508398666,-4.760410508398666,-inf
30.0,7,4,8.0,1,1,0.0005226758578330245,0.9960016893746418,3000.0,0.0,2673.7528144012385,2673.7528144012385,575.6537867594798,575.6537867594798,-4.760410508398666,-4.760410508398666,-inf
46.0,7,5,10.0,3,1,0.0010170498928828938,0.996543038744364,-12.0,0.0,-5.9505131354983325,-10.597015796658374,0.04,1.225354393952216e-06,-5.950513135498332,-12.0,-inf
46.0,7,5,10.0,3,1,0.0010170498928828938,0.996543038744364,-11.3,0.0,-5.9505131354983325,-9.839320787869237,0.04,8.728565257243304e-06,-5.950513135498332,-11.3,-inf
46.0,7,5,10.0,3,1,0.0010170498928828938,0.996543038744364,-10.6,0.0,-5.9505131354983325,-9.081610634764315,0.04,1.0874603368904445e-06,-5.950513135498332,-10.6,-inf
46.0,7,5,10.0,3,1,0.0010170498928828938,0.996543038744364,-9.9,0.0,-5.9505131354983325,-8.323909575828807,0.04,2.5405248287313498e-06,-5.950513135498332,-9.9,-inf
46.0,7,5,10.0,3,1,0.0010170498928828938,0.996543038744364,-9.2,0.0,-5.9505131354983325,-7.56624671861197,0.04,4.219530799165483e-05,-5.950513135498332,-9.2,-inf
46.0,7,5,10.0,3,1,0.0010170498928828938,0.996543038744364,-8.5,0.0,-5.9505131354983325,-7.1000000000000005,0.04,0.2914979886960216,-5.950513135498332,-8.5,-inf
46.0,7,5,10.0,3,1,0.0010170498928828938,0.996543038744364,-7.800000000000001,0.0,-5.9505131354983325,-7.1000000000000005,0.04,1.0492005006960214,-5.950513135498332,-7.800000000000001,-inf
46.0,7,5,10.0,3,1,0.0010170498928828938,0.996543038744364,-7.1000000000000005,1.4208667550840208e-06,-5.9505131354983325,-6.5330996194381585,0.6574161481943532,1.2400026321341793,-5.950513135498332,-7.1000000000000005,-inf
46.0,7,5,10.0,3,1,0.0010170498928828938,0.996543038744364,-6.4,1.756261984437253e-05,-5.9357118885356,-5.937050110834595,1.4003174132316207,1.4016556355306156,-5.950513135498332,-6.4,-inf
46.0,7,5,10.0,3,1,0.0010170498928828938,0.996543038744364,-5.7,3.319439022625573e-05,-5.306915433156027,-5.307782116659183,1.529223469852047,1.5300901533552036,-5.950513135498332,-5.950513135498332,-inf
46.0,7,5,10.0,3,1,0.0010170498928828938,0.996543038744364,-5.0,2.509123058601411e-05,-4.6803675085583105,-4.68100886417465,1.6603780572543316,1.6610194128706715,-5.950513135498332,-5.950513135498332,-inf
46.0,7,5,10.0,3,1,0.0010170498928828938,0.996543038744364,-4.8604651162790695,1.2632828848318674e-05,-4.554170733593194,-4.554797302371572,1.6852183278706105,1.6858448966489883,-5.950513135498332,-5.950513135498332,-inf
46.0,7,5,10.0,3,1,0.0010170498928828938,0.996543038744364,-4.72093023255814,9.21051537682938e-06,-4.42272163949508,-4.423313921385931,1.7048062793538916,1.7053985612447429,-5.950513135498332,-5.950513135498332,-inf
46.0,7,5,10.0,3,1,0.0010170498928828938,0.996543038744364,-4.5813953488372094,1.7098405719321245e-05,-4.301219490316855,-4.301740409937723,1.734341175757062,1.7348620953779301,-5.950513135498332,-5.950513135498332,-inf
46.0,7,5,10.0,3,1,0.0010170498928828938,0.996543038744364,-4.441860465116279,1.4251311500317419e-05,-4.162790697674419,-4.162790697674419,1.7469494286960217,1.7469494286960217,-5.950513135498332,-5.950513135498332,-inf
46.0,7,5,10.0,3,1,0.0010170498928828938,0.996543038744364,-4.3023255813953485,9.563100298269403e-06,-4.024889272468175,-4.025381169078309,1.760085049071173,1.760576945681307,-5.950513135498332,-5.950513135498332,-inf
46.0,7,5,10.0,3,1,0.0010170498928828938,0.996543038744364,-4.162790697674419,6.256167933582268e-06,-3.8997694609687983,-3.9002131192322294,1.7860022831531905,1.7864459414166216,-5.950513135498332,-5.950513135498332,-inf
46.0,7,5,10.0,3,1,0.0010170498928828938,0.996543038744364,-4.023255813953488,1.2281728339849779e-05,-3.7733471823146543,-3.773746929941443,1.8106170500804426,1.8110167977072313,-5.950513135498332,-5.950513135498332,-inf
46.0,7,5,10.0,3,1,0.0010170498928828938,0.996543038744364,-3.883720930232558,1.759482611771278e-05,-3.6470553358629885,-3.647401293181402,1.835362249210172,1.8357082065285857,-5.950513135498332,-5.950513135498332,-inf
46.0,7,5,10.0,3,1,0.0010170498928828938,0.996543038744364,-3.744186046511628,1.4764049864475003e-05,-3.5207215508575946,-3.5210240856499544,1.8600655097861734,1.860368044578533,-5.950513135498332,-5.950513135498332,-inf
46.0,7,5,10.0,3,1,0.0010170498928828938,0.996543038744364,-3.604651162790698,1.3677772344631963e-05,-3.3946640490095494,-3.3949377372756713,1.8850450535195238,1.8853187417856456,-5.950513135498332,-5.950513135498332,-inf
46.0,7,5,10.0,3,1,0.0010170498928828938,0.996543038744364,-3.4651162790697674,1.2170045039133156e-05,-3.268995966814063,-3.2692399995022003,1.9104140169054324,1.9106580495935699,-5.950513135498332,-5.950513135498332,-inf
46.0,7,5,10.0,3,1,0.0010170498928828938,0.996543038744364,-3.3255813953488373,1.0913672126601356e-05,-3.1436965247383735,-3.143913236833286,1.9361516204111382,1.9363683325060506,-5.950513135498332,-5.950513135498332,-inf
46.0,7,5,10.0,3,1,0.0010170498928828938,0.996543038744364,-3.1860465116279073,1.2979467707070256e-05,-3.0181373574566344,-3.018323688836465,1.9616294987107943,1.9618158300906248,-5.950513135498332,-5.950513135498332,-inf
46.0,7,5,10.0,3,1,0.0010170498928828938,0.996543038744364,-3.046511627906977,1.5551028793606958e-05,-2.8927476232463074,-2.892910457991297,1.987276810081863,1.9874396448268525,-5.950513135498332,-5.950513135498332,-inf
46.0,7,5,10.0,3,1,0.0010170498928828938,0.996543038744364,-2.9069767441860463,1.274365321098597e-05,-2.767312432480305,-2.7674418604651163,2.012878664897256,2.0130080928820675,-5.950513135498332,-5.950513135498332,-inf
46.0,7,5,10.0,3,1,0.0010170498928828938,0.996543038744364,-2.7674418604651163,1.2684038374888763e-05,-2.6279069767441863,-2.6279069767441863,2.0245102547425327,2.0245102547425327,-5.950513135498332,-5.950513135498332,-inf
46.0,7,5,10.0,3,1,0.0010170498928828938,0.996543038744364,-2.6279069767441863,1.2945932058571073e-05,-2.491290037025868,-2.491404997958616,2.0389303606056095,2.0390453215383575,-5.950513135498332,-5.950513135498332,-inf
46.0,7,5,10.0,3,1,0.0010170498928828938,0.996543038744364,-2.488372093023256,1.4609814562922996e-05,-2.3661209131782655,-2.3662163663195503,2.0647982823394027,2.0648937354806876,-5.950513135498332,-5.950513135498332,-inf
46.0,7,5,10.0,3,1,0.0010170498928828938,0.996543038744364,-2.3488372093023258,1.4296298373075848e-05,-2.2409741872650737,-2.2410549082947036,2.090688602007606,2.090769323037236,-5.950513135498332,-5.950513135498332,-inf
46.0,7,5,10.0,3,1,0.0010170498928828938,0.996543038744364,-2.2093023255813953,1.4376451935971239e-05,-2.1156685879037944,-2.1157364466075683,2.1164200482277225,2.1164879069314964,-5.950513135498332,-5.950513135498332,-inf
46.0,7,5,10.0,3,1,0.0010170498928828938,0.996543038744364,-2.0697674418604652,1.3003879222867897e-05,-1.990692852995962,-1.99075033315845,2.142481358901285,2.142538839063773,-5.950513135498332,-5.950513135498332,-inf
46.0,7,5,10.0,3,1,0.0010170498928828938,0.996543038744364,-1.9302325581395348,1.2833372738522163e-05,-1.865857284703345,-1.8659057347286732,2.1686828361900634,2.1687312862153916,-5.950513135498332,-5.950513135498332,-inf
46.0,7,5,10.0,3,1,0.0010170498928828938,0.996543038744364,-1.7906976744186047,1.298337904165514e-05,-1.7410310336345596,-1.7410712715518613,2.194893630702673,2.194933868619975,-5.950513135498332,-5.950513135498332,-inf
46.0,7,5,10.0,3,1,0.0010170498928828938,0.996543038744364,-1.6511627906976747,1.3978803855939515e-05,-1.616766206692473,-1.6167991697030337,2.221665849341982,2.2216988123525425,-5.950513135498332,-5.950513135498332,-inf
46.0,7,5,10.0,3,1,0.0010170498928828938,0.996543038744364,-1.5116279069767442,1.4424404251992239e-05,-1.492298438301114,-1.4923252750218694,2.2482351265320184,2.248261963252774,-5.950513135498332,-5.950513135498332,-inf
46.0,7,5,10.0,3,1,0.0010170498928828938,0.996543038744364,-1.3720930232558142,1.2981518479368907e-05,-1.3678207114342564,-1.3678420253996713,2.274794445246556,2.274815759211971,-5.950513135498332,-5.950513135498332,-inf
46.0,7,5,10.0,3,1,0.0010170498928828938,0.996543038744364,-1.2325581395348837,1.2386912312182052e-05,-1.2325581395348837,-1.2325581395348837,2.290568918928579,2.290568918928579,-5.950513135498332,-5.950513135498332,-inf
46.0,7,5,10.0,3,1,0.0010170498928828938,0.996543038744364,-1.0930232558139537,1.2438036413771985e-05,-1.0930232558139537,-1.0930232558139537,2.302071080789044,2.302071080789044,-5.950513135498332,-5.950513135498332,-inf
46.0,7,5,10.0,3,1,0.0010170498928828938,0.996543038744364,-0.9534883720930232,1.2908675973368693e-05,-0.9679851490203717,-0.9679981374254547,2.3280700195768578,2.328083007981941,-5.950513135498332,-5.950513135498332,-inf
46.0,7,5,10.0,3,1,0.0010170498928828938,0.996543038744364,-0.8139534883720927,1.3067501563442799e-05,-0.8434693396968864,-0.8434791270520701,2.354591255834768,2.354601043189952,-5.950513135498332,-5.950513135498332,-inf
46.0,7,5,10.0,3,1,0.0010170498928828938,0.996543038744364,-0.6744186046511631,1.1995598543921447e-05,-0.7199763595030615,-0.7199836862992521,2.3821353212223375,2.382142648018528,-5.950513135498332,-5.950513135498332,-inf
46.0,7,5,10.0,3,1,0.0010170498928828938,0.996543038744364,-0.5348837209302326,1.2016845784660785e-05,-0.5962114803687522,-0.5962165375973609,2.4094074876694243,2.409412544898033,-5.950513135498332,-5.950513135498332,-inf
46.0,7,5,10.0,3,1,0.0010170498928828938,0.996543038744364,-0.39534883720930214,1.2086836642301363e-05,-0.4719742335705721,-0.47197751479786243,2.4362072864526394,2.4362105676799297,-5.950513135498332,-5.950513135498332,-inf
46.0,7,5,10.0,3,1,0.0010170498928828938,0.996543038744364,-0.25581395348837255,1.3049061028492293e-05,-0.3482125111672154,-0.3482145942200785,2.4634826096306774,2.4634846926835405,-5.950513135498332,-5.950513135498332,-inf
46.0,7,5,10.0,3,1,0.0010170498928828938,0.996543038744364,-0.11627906976744207,1.1684148882940947e-05,-0.22479032219662587,-0.22479165245525712,2.4910974662414835,2.491098796500115,-5.950513135498332,-5.950513135498332,-inf
46.0,7,5,10.0,3,1,0.0010170498928828938,0.996543038744364,0.0,1.1183722342209852e-05,-0.11627906976744207,-0.11627906976744207,2.508450418463463,2.508450418463463,-5.950513135498332,-5.950513135498332,-inf
46.0,7,5,10.0,3,1,0.0010170498928828938,0.996543038744364,0.1627906976744189,1.2567348446795984e-05,0.02311702669860205,0.023116504396655913,2.545264208509047,2.545264730810993,-5.950513135498332,-5.950513135498332,-inf
46.0,7,5,10.0,3,1,0.0010170498928828938,0.996543038744364,0.3023255813953485,1.1342682555028842e-05,0.1627906976744189,0.1627906976744189,2.556627583114625,2.556627583114625,-5.950513135498332,-5.950513135498332,-inf
46.0,7,5,10.0,3,1,0.0010170498928828938,0.996543038744364,0.44186046511627897,1.1178638895944586e-05,0.29723289872174163,0.29723263106023845,2.5732224276486977,2.573222695310201,-5.950513135498332,-5.950513135498332,-inf
46.0,7,5,10.0,3,1,0.0010170498928828938,0.996543038744364,0.5813953488372094,1.1264869342602076e-05,0.4221727727356157,0.4221726306108353,2.5993195992162192,2.5993197413409996,-5.950513135498332,-5.950513135498332,-inf
46.0,7,5,10.0,3,1,0.0010170498928828938,0.996543038744364,0.720930232558139,1.047715032987921e-05,0.5471294158946454,0.5471293452740023,2.6254000016385843,2.6254000722592274,-5.950513135498332,-5.950513135498332,-inf
46.0,7,5,10.0,3,1,0.0010170498928828938,0.996543038744364,0.8604651162790695,1.0421889665540198e-05,0.6669620930411351,0.6669620603518247,2.65660437007349,2.6566044027628,-5.950513135498332,-5.950513135498332,-inf
46.0,7,5,10.0,3,1,0.0010170498928828938,0.996543038744364,1.0,1.0244197126409037e-05,0.7904601271776808,0.7904601128494133,2.68414338151834,2.6841433958466077,-5.950513135498332,-5.950513135498332,-inf
46.0,7,5,10.0,3,1,0.0010170498928828938,0.996543038744364,1.1395348837209305,1.0018055333480646e-05,0.9140961528611098,0.9140961467467785,2.7115444014163064,2.7115444075306376,-5.950513135498332,-5.950513135498332,-inf
46.0,7,5,10.0,3,1,0.0010170498928828938,0.996543038744364,1.27906976744186,9.598724885867066e-06,1.0391365986124939,1.039136596194357,2.7375410012463175,2.7375410036644543,-5.950513135498332,-5.950513135498332,-inf
46.0,7,5,10.0,3,1,0.0010170498928828938,0.996543038744364,1.4186046511627906,9.35703261116808e-06,1.1610215734569111,1.1610215725150024,2.7666930719832954,2.766693072925204,-5.950513135498332,-5.950513135498332,-inf
46.0,7,5,10.0,3,1,0.0010170498928828938,0.996543038744364,1.558139534883721,9.445892762693996e-06,1.284259287050865,1.2842592866819724,2.7944924039707364,2.794492404339629,-5.950513135498332,-5.950513135498332,-inf
46.0,7,5,10.0,3,1,0.0010170498928828938,0.996543038744364,1.6976744186046506,9.31415593501095e-06,1.4186046511627906,1.4186046511627906,2.811184085440206,2.811184085440206,-5.950513135498332,-5.950513135498332,-inf
46.0,7,5,10.0,3,1,0.0010170498928828938,0.996543038744364,1.837209302325581,8.95650535249252e-06,1.5580012744200413,1.5580012742599907,2.8228245077643503,2.822824507924401,-5.950513135498332,-5.950513135498332,-inf
46.0,7,5,10.0,3,1,0.0010170498928828938,0.996543038744364,1.9767441860465116,9.14164397688203e-06,1.6825481971467782,1.6825481970939253,2.8493146306190096,2.8493146306718624,-5.950513135498332,-5.950513135498332,-inf
46.0,7,5,10.0,3,1,0.0010170498928828938,0.996543038744364,2.116279069767442,8.58351069329867e-06,1.8054837337495497,1.8054837337267227,2.877416139597634,2.877416139620461,-5.950513135498332,-5.950513135498332,-inf
46.0,7,5,10.0,3,1,0.0010170498928828938,0.996543038744364,2.2558139534883717,8.464473721953717e-06,1.9293159060169098,1.9293159060089287,2.9046210129116683,2.9046210129196495,-5.950513135498332,-5.950513135498332,-inf
46.0,7,5,10.0,3,1,0.0010170498928828938,0.996543038744364,2.395348837209302,8.029223666289371e-06,2.0521215239859374,2.052121523982859,2.932852440524037,2.9328524405271152,-5.950513135498332,-5.950513135498332,-inf
46.0,7,5,10.0,3,1,0.0010170498928828938,0.996543038744364,2.5348837209302326,8.008197070073351e-06,2.1745540087847526,2.174554008783174,2.961457001306617,2.9614570013081956,-5.950513135498332,-5.950513135498332,-inf
46.0,7,5,10.0,3,1,0.0010170498928828938,0.996543038744364,2.674418604651163,7.834583010520942e-06,2.2971565189583294,2.2971565189576477,2.989891536714435,2.989891536715117,-5.950513135498332,-5.950513135498332,-inf
46.0,7,5,10.0,3,1,0.0010170498928828938,0.996543038744364,2.8139534883720927,7.471453306731598e-06,2.420337062091695,2.420337062090648,3.017748039162465,3.0177480391635116,-5.950513135498332,-5.950513135498332,-inf
46.0,7,5,10.0,3,1,0.0010170498928828938,0.996543038744364,2.953488372093023,7.1062084232720225e-06,2.5427320850388857,2.5427320850383492,3.0463900617966693,3.0463900617972057,-5.950513135498332,-5.950513135498332,-inf
46.0,7,5,10.0,3,1,0.0010170498928828938,0.996543038744364,3.0930232558139537,7.165509566027537e-06,2.674418604651163,2.674418604651163,3.065740587765787,3.065740587765787,-5.950513135498332,-5.950513135498332,-inf
46.0,7,5,10.0,3,1,0.0010170498928828938,0.996543038744364,3.232558139534884,7.10676235524359e-06,2.8139534883720927,2.8139534883720927,3.0772427496262535,3.0772427496262535,-5.950513135498332,-5.950513135498332,-inf
46.0,7,5,10.0,3,1,0.0010170498928828938,0.996543038744364,3.3720930232558146,6.861277637286918e-06,2.9398120849039233,2.939812084903455,3.102421198675819,3.1024211986762875,-5.950513135498332,-5.950513135498332,-inf
46.0,7,5,10.0,3,1,0.0010170498928828938,0.996543038744364,3.5116279069767433,6.601305303246738e-06,3.0626657371802266,3.0626657371796506,3.130604591980909,3.130604591981485,-5.950513135498332,-5.950513135498332,-inf
46.0,7,5,10.0,3,1,0.0010170498928828938,0.996543038744364,3.651162790697674,6.4533223832973874e-06,3.1857715555917054,3.185771555591313,3.1585358191508255,3.158535819151218,-5.950513135498332,-5.950513135498332,-inf
46.0,7,5,10.0,3,1,0.0010170498928828938,0.996543038744364,3.7906976744186043,6.585672202512766e-06,3.308337001969063,3.3083370019686607,3.187007418354863,3.1870074183552655,-5.950513135498332,-5.950513135498332,-inf
46.0,7,5,10.0,3,1,0.0010170498928828938,0.996543038744364,3.9302325581395348,6.238927820249737e-06,3.4311112184740713,3.4311112184738657,3.215270247431252,3.2152702474314574,-5.950513135498332,-5.950513135498332,-inf
46.0,7,5,10.0,3,1,0.0010170498928828938,0.996543038744364,4.069767441860465,6.025812794189093e-06,3.553937236493398,3.5539372364931876,3.24348127499332,3.2434812749935307,-5.950513135498332,-5.950513135498332,-inf
46.0,7,5,10.0,3,1,0.0010170498928828938,0.996543038744364,4.209302325581396,5.599082565965672e-06,3.676794230529119,3.676794230529119,3.2716613265389944,3.2716613265389944,-5.950513135498332,-5.950513135498332,-inf
46.0,7,5,10.0,3,1,0.0010170498928828938,0.996543038744364,4.348837209302326,5.682002125081064e-06,3.7985763334402733,3.798576333439943,3.3009162692092353,3.3009162692095657,-5.950513135498332,-5.950513135498332,-inf
46.0,7,5,10.0,3,1,0.0010170498928828938,0.996543038744364,4.488372093023255,5.577964953229668e-06,3.9302325581395348,3.9302325581395348,3.320297090091369,3.320297090091369,-5.950513135498332,-5.950513135498332,-inf
46.0,7,5,10.0,3,1,0.0010170498928828938,0.996543038744364,4.627906976744185,5.553030429902508e-06,4.069767441860465,4.069767441860465,3.331799251951834,3.331799251951834,-5.950513135498332,-5.950513135498332,-inf
46.0,7,5,10.0,3,1,0.0010170498928828938,0.996543038744364,4.767441860465116,5.275817028357933e-06,4.194127902123525,4.194127902123525,3.358475837270169,3.358475837270169,-5.950513135498332,-5.950513135498332,-inf
46.0,7,5,10.0,3,1,0.0010170498928828938,0.996543038744364,4.906976744186046,5.1434956489937605e-06,4.316793625110702,4.316793625110702,3.386847159864387,3.386847159864387,-5.950513135498332,-5.950513135498332,-inf
46.0,7,5,10.0,3,1,0.0010170498928828938,0.996543038744364,5.046511627906977,4.9568340532686825e-06,4.43925786455845,4.43925786455845,3.4154199659980344,3.4154199659980344,-5.950513135498332,-5.950513135498332,-inf
46.0,7,5,10.0,3,1,0.0010170498928828938,0.996543038744364,5.186046511627907,5.094968074759887e-06,4.560865709445171,4.560865709445171,3.444849166692711,3.444849166692711,-5.950513135498332,-5.950513135498332,-inf
46.0,7,5,10.0,3,1,0.0010170498928828938,0.996543038744364,5.325581395348838,4.74020862287884e-06,4.68343306934551,4.68343306934551,3.473318852373767,3.473318852373767,-5.950513135498332,-5.950513135498332,-inf
46.0,7,5,10.0,3,1,0.0010170498928828938,0.996543038744364,5.4651162790697665,4.4977506964299965e-06,4.8067384323488085,4.8067384323488085,3.5010505349518617,3.5010505349518617,-5.950513135498332,-5.950513135498332,-inf
46.0,7,5,10.0,3,1,0.0010170498928828938,0.996543038744364,5.604651162790697,4.470940766624088e-06,4.928836055737498,4.928836055737498,3.5299899571445676,3.5299899571445676,-5.950513135498332,-5.950513135498332,-inf
46.0,7,5,10.0,3,1,0.0010170498928828938,0.996543038744364,5.7441860465116275,4.237471103254443e-06,5.048832739157029,5.048832739157029,3.5610303193064334,3.5610303193064334,-5.950513135498332,-5.950513135498332,-inf
46.0,7,5,10.0,3,1,0.0010170498928828938,0.996543038744364,5.883720930232558,4.44804722354589e-06,5.186046511627907,5.186046511627907,3.57485359241695,3.57485359241695,-5.950513135498332,-5.950513135498332,-inf
46.0,7,5,10.0,3,1,0.0010170498928828938,0.996543038744364,6.023255813953488,4.597677102606727e-06,5.321819721607124,5.321819721607124,3.590117428019129,3.590117428019129,-5.950513135498332,-5.950513135498332,-inf
46.0,7,5,10.0,3,1,0.0010170498928828938,0.996543038744364,6.162790697674419,3.980532929380065e-06,5.444220352719379,5.444220352719379,3.6187538424882693,3.6187538424882693,-5.950513135498332,-5.950513135498332,-inf
46.0,7,5,10.0,3,1,0.0010170498928828938,0.996543038744364,6.302325581395349,3.224038229647447e-06,5.565935940829907,5.565935940829907,3.648075299959138,3.648075299959138,-5.950513135498332,-5.950513135498332,-inf
46.0,7,5,10.0,3,1,0.0010170498928828938,0.996543038744364,6.441860465116278,3.386224024033316e-06,5.687898238626639,5.687898238626639,3.6771500477437993,3.6771500477437993,-5.950513135498332,-5.950513135498332,-inf
46.0,7,5,10.0,3,1,0.0010170498928828938,0.996543038744364,6.581395348837209,5.130433439499837e-06,5.8104003757498655,5.8104003757498655,3.705684956201968,3.705684956201968,-5.950513135498332,-5.950513135498332,-inf
46.0,7,5,10.0,3,1,0.0010170498928828938,0.996543038744364,6.720930232558139,3.475569785158814e-06,5.933355943870428,5.933355943870428,3.733766433662801,3.733766433662801,-5.950513135498332,-5.950513135498332,-inf
46.0,7,5,10.0,3,1,0.0010170498928828938,0.996543038744364,6.8604651162790695,3.1756729593208406e-06,6.054196981190223,6.054196981190223,3.7639624419244004,3.7639624419244004,-5.950513135498332,-5.950513135498332,-inf
46.0,7,5,10.0,3,1,0.0010170498928828938,0.996543038744364,7.0,8.34712182272732e-06,6.1757918686277105,6.1757918686277105,3.7934046000683104,3.7934046000683104,-5.950513135498332,-5.950513135498332,-inf
46.0,7,5,10.0,3,1,0.0010170498928828938,0.996543038744364,7.571428571428571,1.2733685688272509e-05,6.704850713276714,6.704850713276714,3.882878418276449,3.882878418276449,-5.950513135498332,-5.950513135498332,-inf
46.0,7,5,10.0,3,1,0.0010170498928828938,0.996543038744364,8.142857142857142,1.146319023256947e-05,7.191247385021537,7.191247385021537,4.015014409388769,4.015014409388769,-5.950513135498332,-5.950513135498332,-inf
46.0,7,5,10.0,3,1,0.0010170498928828938,0.996543038744364,8.714285714285714,1.0045767836013704e-05,7.680905354578977,7.680905354578977,4.143889102688471,4.143889102688471,-5.950513135498332,-5.950513135498332,-inf
46.0,7,5,10.0,3,1,0.0010170498928828938,0.996543038744364,9.285714285714285,9.157627324421282e-06,8.179106128705424,8.179106128705424,4.264220991419167,4.264220991419167,-5.950513135498332,-5.950513135498332,-inf
46.0,7,5,10.0,3,1,0.0010170498928828938,0.996543038744364,9.857142857142858,8.124506825561478e-06,8.714285714285714,8.714285714285714,4.347574068696021,4.347574068696021,-5.950513135498332,-5.950513135498332,-inf
46.0,7,5,10.0,3,1,0.0010170498928828938,0.996543038744364,10.428571428571429,7.362991956612701e-06,9.285714285714285,9.285714285714285,4.3946781601245934,4.3946781601245934,-5.950513135498332,-5.950513135498332,-inf
46.0,7,5,10.0,3,1,0.0010170498928828938,0.996543038744364,11.0,6.620903643641568e-06,9.793768541602276,9.793768541602276,4.505156567093744,4.505156567093744,-5.950513135498332,-5.950513135498332,-inf
46.0,7,5,10.0,3,1,0.0010170498928828938,0.996543038744364,11.571428571428571,5.8587279575154865e-06,10.287223833754723,10.287223833754723,4.63023393779844,4.63023393779844,-5.950513135498332,-5.950513135498332,-inf
46.0,7,5,10.0,3,1,0.0010170498928828938,0.996543038744364,12.142857142857142,5.400038036231533e-06,10.778595680790367,10.778595680790367,4.757394753619936,4.757394753619936,-5.950513135498332,-5.950513135498332,-inf
46.0,7,5,10.0,3,1,0.0010170498928828938,0.996543038744364,12.714285714285714,4.847206473946794e-06,11.272808608868129,11.272808608868129,4.8817144883993215,4.8817144883993215,-5.950513135498332,-5.950513135498332,-inf
46.0,7,5,10.0,3,1,0.0010170498928828938,0.996543038744364,13.285714285714285,4.249389051404319e-06,11.766596197350106,11.766596197350106,5.006459562774486,5.006459562774486,-5.950513135498332,-5.950513135498332,-inf
46.0,7,5,10.0,3,1,0.0010170498928828938,0.996543038744364,13.857142857142858,3.6766912900134007e-06,12.257498877641648,12.257498877641648,5.134089545340089,5.134089545340089,-5.950513135498332,-5.950513135498332,-inf
46.0,7,5,10.0,3,1,0.0010170498928828938,0.996543038744364,14.428571428571427,4.91300140172231e-06,12.748504696874686,12.748504696874686,5.261616388964189,5.261616388964189,-5.950513135498332,-5.950513135498332,-inf
46.0,7,5,10.0,3,1,0.0010170498928828938,0.996543038744364,15.474341649025257,4.563552015500126e-06,13.75334809510327,13.75334809510327,5.388748309325123,5.388748309325123,-5.950513135498332,-5.950513135498332,-inf
46.0,7,5,10.0,3,1,0.0010170498928828938,0.996543038744364,16.341640786499873,4.255013215543222e-06,14.428571428571427,14.428571428571427,5.65231745459975,5.65231745459975,-5.950513135498332,-5.950513135498332,-inf
46.0,7,5,10.0,3,1,0.0010170498928828938,0.996543038744364,17.464751508773247,4.02057009298976e-06,15.474341649025257,15.474341649025257,5.822238399175449,5.822238399175449,-5.950513135498332,-5.950513135498332,-inf
46.0,7,5,10.0,3,1,0.0010170498928828938,0.996543038744364,18.794733192202056,3.703901769932398e-06,16.586167212334722,16.586167212334722,6.150027782220263,6.150027782220263,-5.950513135498332,-5.950513135498332,-inf
46.0,7,5,10.0,3,1,0.0010170498928828938,0.996543038744364,20.303300858899107,3.111474128788877e-06,17.940230537993695,17.940230537993695,6.428886614530342,6.428886614530342,-5.950513135498332,-5.950513135498332,-inf
46.0,7,5,10.0,3,1,0.0010170498928828938,0.996543038744364,21.97137002317335,2.5441578439516722e-06,19.41146763163706,19.41146763163706,6.76322122940174,6.76322122940174,-5.950513135498332,-5.950513135498332,-inf
46.0,7,5,10.0,3,1,0.0010170498928828938,0.996543038744364,23.784930278607796,1.9890254708376264e-06,21.0110538417354,21.0110538417354,7.126690963883458,7.126690963883458,-5.950513135498332,-5.950513135498332,-inf
46.0,7,5,10.0,3,1,0.0010170498928828938,0.996543038744364,25.733126291998992,1.5397447785232775e-06,22.715065322479397,22.715065322479397,7.531469502017885,7.531469502017885,-5.950513135498332,-5.950513135498332,-inf
46.0,7,5,10.0,3,1,0.0010170498928828938,0.996543038744364,27.80722452368194,1.0695307125011004e-06,24.53219376187825,24.53219376187825,7.959411691591786,7.959411691591786,-5.950513135498332,-5.950513135498332,-inf
46.0,7,5,10.0,3,1,0.0010170498928828938,0.996543038744364,30.0,9.466233419071231e-07,26.44584661357904,26.44584661357904,8.419289535116985,8.419289535116985,-5.950513135498332,-5.950513135498332,-inf
46.0,7,5,10.0,3,1,0.0010170498928828938,0.996543038744364,33.6605536290589,7.083361289161048e-07,29.91767419325553,29.91767419325553,8.909762926938562,8.909762926938562,-5.950513135498332,-5.950513135498332,-inf
46.0,7,5,10.0,3,1,0.0010170498928828938,0.996543038744364,37.76776235382502,3.9775408354533714e-07,33.6605536290589,33.6605536290589,9.612658302654623,9.612658302654623,-5.950513135498332,-5.950513135498332,-inf
46.0,7,5,10.0,3,1,0.0010170498928828938,0.996543038744364,42.37612633868264,2.1264013361709406e-07,37.76776235382502,37.76776235382502,10.493690960084145,10.493690960084145,-5.950513135498332,-5.950513135498332,-inf
46.0,7,5,10.0,3,1,0.0010170498928828938,0.996543038744364,47.546795773833395,1.0518843875034616e-07,42.37612633868264,42.37612633868264,11.482225860562735,11.482225860562735,-5.950513135498332,-5.950513135498332,-inf
46.0,7,5,10.0,3,1,0.0010170498928828938,0.996543038744364,53.348382301167675,4.7144646083725636e-08,47.546795773833395,47.546795773833395,12.591380261621325,12.591380261621325,-5.950513135498332,-5.950513135498332,-inf
46.0,7,5,10.0,3,1,0.0010170498928828938,0.996543038744364,59.857869449066385,1.8852558001730258e-08,53.348382301167675,53.348382301167675,13.835871968279264,13.835871968279264,-5.950513135498332,-5.950513135498332,-inf
46.0,7,5,10.0,3,1,0.0010170498928828938,0.996543038744364,67.16163415705019,6.8978618120166485e-09,59.857869449066385,59.857869449066385,15.232214629375235,15.232214629375235,-5.950513135498332,-5.950513135498332,-inf
46.0,7,5,10.0,3,1,0.0010170498928828938,0.996543038744364,75.35659294528742,2.2345213509840375e-09,67.16163415705019,67.16163415705019,16.798936863654035,16.798936863654035,-5.950513135498332,-5.950513135498332,-inf
46.0,7,5,10.0,3,1,0.0010170498928828938,0.996543038744364,84.55148793793359,5.759970324013039e-10,75.35659294528742,75.35659294528742,18.556828123279985,18.556828123279985,-5.950513135498332,-5.950513135498332,-inf
46.0,7,5,10.0,3,1,0.0010170498928828938,0.996543038744364,94.86832980505136,1.0838030182802535e-10,84.55148793793359,84.55148793793359,20.529214557236543,20.529214557236543,-5.950513135498332,-5.950513135498332,-inf
46.0,7,5,10.0,3,1,0.0010170498928828938,0.996543038744364,106.44401677007264,1.389287011055695e-11,94.86206974678146,94.86206974678146,22.748528593420502,22.748528593420502,-5.950513135498332,-5.950513135498332,-inf
46.0,7,5,10.0,3,1,0.0010170498928828938,0.996543038744364,119.43215116604912,1.312452610882727e-12,106.42153255710826,106.42153255710826,25.247840151700842,25.247840151700842,-5.950513135498332,-5.950513135498332,-inf
46.0,7,5,10.0,3,1,0.0010170498928828938,0.996543038744364,134.00507764528896,6.46507713273099e-14,119.38404553131045,119.38404553131045,28.059531463943415,28.059531463943415,-5.950513135498332,-5.950513135498332,-inf
46.0,7,5,10.0,3,1,0.0010170498928828938,0.996543038744364,150.35617008818164,9.466883673382177e-16,133.92303263308563,133.92303263308563,31.219492673488247,31.219492673488247,-5.950513135498332,-5.950513135498332,-inf
46.0,7,5,10.0,3,1,0.0010170498928828938,0.996543038744364,168.70239755710477,4.697207910101264e-18,150.23002873390277,150.23002873390277,34.771043199708885,34.771043199708885,-5.950513135498332,-5.950513135498332,-inf
46.0,7,5,10.0,3,1,0.0010170498928828938,0.996543038744364,189.28720334405796,9.689839422865704e-21,168.51996743658043,168.51996743658043,38.76276028818347,38.76276028818347,-5.950513135498332,-5.950513135498332,-inf
46.0,7,5,10.0,3,1,0.0010170498928828938,0.996543038744364,212.38373531524127,9.208714431392432e-27,189.03656321548874,189.03656321548874,43.24659349935217,43.24659349935217,-5.950513135498332,-5.950513135498332,-inf
46.0,7,5,10.0,3,1,0.0010170498928828938,0.996543038744364,238.29847041728448,4.078395406465785e-36,212.0520317997525,212.0520317997525,48.282067607420856,48.282067607420856,-5.950513135498332,-5.950513135498332,-inf
46.0,7,5,10.0,3,1,0.0010170498928828938,0.996543038744364,267.3752814401236,0.0,237.86857274861654,237.86857274861654,53.9392020199204,53.9392020199204,-5.950513135498332,-5.950513135498332,-inf
46.0,7,5,10.0,3,1,0.0010170498928828938,0.996543038744364,300.0000000000001,0.0,266.82474119531645,266.82474119531645,60.29707815337969,60.29707815337969,-5.950513135498332,-5.950513135498332,-inf
46.0,7,5,10.0,3,1,0.0010170498928828938,0.996543038744364,336.60553629058904,0.0,299.3022167511197,299.3022167511197,67.442612312557,67.442612312557,-5.950513135498332,-5.950513135498332,-inf
46.0,7,5,10.0,3,1,0.0010170498928828938,0.996543038744364,377.67762353825,0.0,335.7303883368701,335.7303883368701,75.47218884200072,75.47218884200072,-5.950513135498332,-5.950513135498332,-inf
46.0,7,5,10.0,3,1,0.0010170498928828938,0.996543038744364,423.7612633868264,0.0,376.5916698743365,376.5916698743365,84.49332112649091,84.49332112649091,-5.950513135498332,-5.950513135498332,-inf
46.0,7,5,10.0,3,1,0.0010170498928828938,0.996543038744364,475.4679577383344,0.0,422.4268002651198,422.4268002651198,94.62717958907024,94.62717958907024,-5.950513135498332,-5.950513135498332,-inf
46.0,7,5,10.0,3,1,0.0010170498928828938,0.996543038744364,533.483823011677,0.0,473.8395264494644,473.8395264494644,106.01269176681888,106.01269176681888,-5.950513135498332,-5.950513135498332,-inf
46.0,7,5,10.0,3,1,0.0010170498928828938,0.996543038744364,598.5786944906639,0.0,531.5050695754903,531.5050695754903,118.80793098071513,118.80793098071513,-5.950513135498332,-5.950513135498332,-inf
46.0,7,5,10.0,3,1,0.0010170498928828938,0.996543038744364,671.6163415705016,0.0,596.1821728222279,596.1821728222279,133.18912582392397,133.18912582392397,-5.950513135498332,-5.950513135498332,-inf
46.0,7,5,10.0,3,1,0.0010170498928828938,0.996543038744364,753.5659294528741,0.0,668.7237323504188,668.7237323504188,149.3524357183594,149.3524357183594,-5.950513135498332,-5.950513135498332,-inf
46.0,7,5,10.0,3,1,0.0010170498928828938,0.996543038744364,845.5148793793368,0.0,750.0868133021804,750.0868133021804,167.51785524523052,167.51785524523052,-5.950513135498332,-5.950513135498332,-inf
46.0,7,5,10.0,3,1,0.0010170498928828938,0.996543038744364,948.6832980505142,0.0,841.3444246971413,841.3444246971413,187.9330581162966,187.9330581162966,-5.950513135498332,-5.950513135498332,-inf
46.0,7,5,10.0,3,1,0.0010170498928828938,0.996543038744364,1064.4401677007263,0.0,943.6994630705977,943.6994630705977,210.8769781931577,210.8769781931577,-5.950513135498332,-5.950513135498332,-inf
46.0,7,5,10.0,3,1,0.0010170498928828938,0.996543038744364,1194.3215116604913,0.0,1058.5007066391813,1058.5007066391813,236.6634783106456,236.6634783106456,-5.950513135498332,-5.950513135498332,-inf
46.0,7,5,10.0,3,1,0.0010170498928828938,0.996543038744364,1340.0507764528895,0.0,1187.260917550735,1187.260917550735,265.6453102635394,265.6453102635394,-5.950513135498332,-5.950513135498332,-inf
46.0,7,5,10.0,3,1,0.0010170498928828938,0.996543038744364,1503.561700881818,0.0,1331.677167783953,1331.677167783953,298.2185431435232,298.2185431435232,-5.950513135498332,-5.950513135498332,-inf
46.0,7,5,10.0,3,1,0.0010170498928828938,0.996543038744364,1687.023975571048,0.0,1493.6534396824413,1493.6534396824413,334.8277375154114,334.8277375154114,-5.950513135498332,-5.950513135498332,-inf
46.0,7,5,10.0,3,1,0.0010170498928828938,0.996543038744364,1892.8720334405798,0.0,1675.3251890241138,1675.3251890241138,375.9725460852608,375.9725460852608,-5.950513135498332,-5.950513135498332,-inf
46.0,7,5,10.0,3,1,0.0010170498928828938,0.996543038744364,2123.8373531524126,0.0,1879.0863243997323,1879.0863243997323,422.2157006104121,422.2157006104121,-5.950513135498332,-5.950513135498332,-inf
46.0,7,5,10.0,3,1,0.0010170498928828938,0.996543038744364,2382.984704172845,0.0,2107.620882565662,2107.620882565662,474.1905693678068,474.1905693678068,-5.950513135498332,-5.950513135498332,-inf
46.0,7,5,10.0,3,1,0.0010170498928828938,0.996543038744364,2673.7528144012385,0.0,2363.939185963936,2363.939185963936,532.6090195831716,532.6090195831716,-5.950513135498332,-5.950513135498332,-inf
46.0,7,5,10.0,3,1,0.0010170498928828938,0.996543038744364,3000.0,0.0,2651.417201087151,2651.417201087151,598.2714502615445,598.2714502615445,-5.950513135498332,-5.950513135498332,-inf
70.0,7,2,4.0,3,0,0.0010053571608204667,0.995487003511448,-12.0,0.0,-2.380205254199333,-2.796741173684216,0.04,0.04,-2.380205254199333,-2.796741173684216,-2.796741173684216
70.0,7,2,4.0,3,0,0.0010053571608204667,0.995487003511448,-11.3,0.0,-2.380205254199333,-2.796741173684216,0.04,0.04,-2.380205254199333,-2.796741173684216,-2.796741173684216
70.0,7,2,4.0,3,0,0.0010053571608204667,0.995487003511448,-10.6,0.0,-2.380205254199333,-2.796741173684216,0.04,0.04,-2.380205254199333,-2.796741173684216,-2.796741173684216
70.0,7,2,4.0,3,0,0.0010053571608204667,0.995487003511448,-9.9,0.0,-2.380205254199333,-2.796741173684216,0.04,0.04,-2.380205254199333,-2.796741173684216,-2.796741173684216
70.0,7,2,4.0,3,0,0.0010053571608204667,0.995487003511448,-9.2,0.0,-2.380205254199333,-2.796741173684216,0.04,0.04,-2.380205254199333,-2.796741173684216,-2.796741173684216
70.0,7,2,4.0,3,0,0.0010053571608204667,0.995487003511448,-8.5,0.0,-2.380205254199333,-2.796741173684216,0.04,0.04,-2.380205254199333,-2.796741173684216,-2.796741173684216
70.0,7,2,4.0,3,0,0.0010053571608204667,0.995487003511448,-7.800000000000001,0.0,-2.380205254199333,-2.796741173684216,0.04,0.04,-2.380205254199333,-2.796741173684216,-2.796741173684216
70.0,7,2,4.0,3,0,0.0010053571608204667,0.995487003511448,-7.1000000000000005,0.0,-2.380205254199333,-2.796741173684216,0.04,0.04,-2.380205254199333,-2.796741173684216,-2.796741173684216
70.0,7,2,4.0,3,0,0.0010053571608204667,0.995487003511448,-6.4,0.0,-2.380205254199333,-2.796741173684216,0.04,0.04,-2.380205254199333,-2.796741173684216,-2.796741173684216
70.0,7,2,4.0,3,0,0.0010053571608204667,0.995487003511448,-5.7,0.0,-2.380205254199333,-2.796741173684216,0.04,0.04,-2.380205254199333,-2.796741173684216,-2.796741173684216
70.0,7,2,4.0,3,0,0.0010053571608204667,0.995487003511448,-5.0,0.0,-2.380205254199333,-2.796741173684216,0.04,0.04,-2.380205254199333,-2.796741173684216,-2.796741173684216
70.0,7,2,4.0,3,0,0.0010053571608204667,0.995487003511448,-4.8604651162790695,0.0,-2.380205254199333,-2.796741173684216,0.04,0.04,-2.380205254199333,-2.796741173684216,-2.796741173684216
70.0,7,2,4.0,3,0,0.0010053571608204667,0.995487003511448,-4.72093023255814,0.0,-2.380205254199333,-2.796741173684216,0.04,0.04,-2.380205254199333,-2.796741173684216,-2.796741173684216
70.0,7,2,4.0,3,0,0.0010053571608204667,0.995487003511448,-4.5813953488372094,0.0,-2.380205254199333,-2.796741173684216,0.04,0.04,-2.380205254199333,-2.796741173684216,-2.796741173684216
70.0,7,2,4.0,3,0,0.0010053571608204667,0.995487003511448,-4.441860465116279,0.0,-2.380205254199333,-2.796741173684216,0.04,0.04,-2.380205254199333,-2.796741173684216,-2.796741173684216
70.0,7,2,4.0,3,0,0.0010053571608204667,0.995487003511448,-4.3023255813953485,0.0,-2.380205254199333,-2.796741173684216,0.04,0.04,-2.380205254199333,-2.796741173684216,-2.796741173684216
70.0,7,2,4.0,3,0,0.0010053571608204667,0.995487003511448,-4.162790697674419,0.0,-2.380205254199333,-2.796741173684216,0.04,0.04,-2.380205254199333,-2.796741173684216,-2.796741173684216
70.0,7,2,4.0,3,0,0.0010053571608204667,0.995487003511448,-4.023255813953488,0.0,-2.380205254199333,-2.796741173684216,0.04,0.04,-2.380205254199333,-2.796741173684216,-2.796741173684216
70.0,7,2,4.0,3,0,0.0010053571608204667,0.995487003511448,-3.883720930232558,0.0,-2.380205254199333,-2.796741173684216,0.04,0.04,-2.380205254199333,-2.796741173684216,-2.796741173684216
70.0,7,2,4.0,3,0,0.0010053571608204667,0.995487003511448,-3.744186046511628,0.0,-2.380205254199333,-2.796741173684216,0.04,0.04,-2.380205254199333,-2.796741173684216,-2.796741173684216
70.0,7,2,4.0,3,0,0.0010053571608204667,0.995487003511448,-3.604651162790698,0.0,-2.380205254199333,-2.796741173684216,0.04,0.04,-2.380205254199333,-2.796741173684216,-2.796741173684216
70.0,7,2,4.0,3,0,0.0010053571608204667,0.995487003511448,-3.4651162790697674,0.0,-2.380205254199333,-2.796741173684216,0.04,0.04,-2.380205254199333,-2.796741173684216,-2.796741173684216
70.0,7,2,4.0,3,0,0.0010053571608204667,0.995487003511448,-3.3255813953488373,0.0,-2.380205254199333,-2.796741173684216,0.04,0.04,-2.380205254199333,-2.796741173684216,-2.796741173684216
70.0,7,2,4.0,3,0,0.0010053571608204667,0.995487003511448,-3.1860465116279073,0.0,-2.380205254199333,-2.796741173684216,0.04,0.04,-2.380205254199333,-2.796741173684216,-2.796741173684216
70.0,7,2,4.0,3,0,0.0010053571608204667,0.995487003511448,-3.046511627906977,0.0,-2.380205254199333,-2.796741173684216,0.04,0.12576243402388165,-2.380205254199333,-2.796741173684216,-2.796741173684216
70.0,7,2,4.0,3,0,0.0010053571608204667,0.995487003511448,-2.9069767441860463,0.0,-2.380205254199333,-2.796741173684216,0.04,0.2767994796052773,-2.380205254199333,-2.796741173684216,-2.796741173684216
70.0,7,2,4.0,3,0,0.0010053571608204667,0.995487003511448,-2.7674418604651163,6.345530021081866e-09,-2.380205254199333,-2.7674418604651163,0.011300605701789479,0.39853721196757297,-2.380205254199333,-2.7674418604651163,-2.796741173684216
70.0,7,2,4.0,3,0,0.0010053571608204667,0.995487003511448,-2.6279069767441863,9.1530265080752e-08,-2.380205254199333,-2.6279069767441863,0.16233765128318467,0.4100393738280381,-2.380205254199333,-2.6279069767441863,-2.796741173684216
70.0,7,2,4.0,3,0,0.0010053571608204667,0.995487003511448,-2.488372093023256,1.4288349285322892e-07,-2.380205254199333,-2.488372093023256,0.3133746968645803,0.4215415356885033,-2.380205254199333,-2.488372093023256,-2.796741173684216
70.0,7,2,4.0,3,0,0.0010053571608204667,0.995487003511448,-2.3488372093023258,1.925157343627814e-07,-2.380205254199333,-2.380205254199333,0.4644117424459755,0.4644117424459755,-2.380205254199333,-2.380205254199333,-2.796741173684216
70.0,7,2,4.0,3,0,0.0010053571608204667,0.995487003511448,-2.2093023255813953,3.8188410609917146e-07,-2.380205254199333,-2.380205254199333,0.6154487880273711,0.6154487880273711,-2.380205254199333,-2.380205254199333,-2.796741173684216
70.0,7,2,4.0,3,0,0.0010053571608204667,0.995487003511448,-2.0697674418604652,7.102038885355094e-07,-2.3488372093023258,-2.3488372093023258,0.7351177887117593,0.7351177887117593,-2.380205254199333,-2.380205254199333,-2.796741173684216
70.0,7,2,4.0,3,0,0.0010053571608204667,0.995487003511448,-1.9302325581395348,1.859116268394317e-06,-2.235012691533721,-2.2530077544755107,0.7723303165245499,0.7903253794663394,-2.380205254199333,-2.380205254199333,-2.796741173684216
70.0,7,2,4.0,3,0,0.0010053571608204667,0.995487003511448,-1.7906976744186047,3.6066396982110833e-06,-2.155651530808173,-2.1665809813748806,0.8440062013803975,0.854935651947105,-2.380205254199333,-2.380205254199333,-2.796741173684216
70.0,7,2,4.0,3,0,0.0010053571608204667,0.995487003511448,-1.6511627906976747,5.948003583375329e-06,-2.0697674418604652,-2.0697674418604652,0.9091591580140845,0.9091591580140845,-2.380205254199333,-2.380205254199333,-2.796741173684216
70.0,7,2,4.0,3,0,0.0010053571608204667,0.995487003511448,-1.5116279069767442,8.11405114874511e-06,-1.9302325581395348,-1.9302325581395348,0.9206613198745497,0.9206613198745497,-2.380205254199333,-2.380205254199333,-2.796741173684216
70.0,7,2,4.0,3,0,0.0010053571608204667,0.995487003511448,-1.3720930232558142,1.0016188042921114e-05,-1.8163351575300761,-1.8164957898582896,0.9578009648464862,0.9579615971746998,-2.380205254199333,-2.380205254199333,-2.796741173684216
70.0,7,2,4.0,3,0,0.0010053571608204667,0.995487003511448,-1.2325581395348837,1.1752776411458053e-05,-1.711053164524178,-1.7110531644997218,1.0035560174219837,1.0035560173975275,-2.380205254199333,-2.380205254199333,-2.796741173684216
70.0,7,2,4.0,3,0,0.0010053571608204667,0.995487003511448,-1.0930232558139537,1.2891813496672561e-05,-1.6031429351360789,-1.603142935157003,1.0466828336152798,1.046682833636204,-2.380205254199333,-2.380205254199333,-2.796741173684216
70.0,7,2,4.0,3,0,0.0010053571608204667,0.995487003511448,-0.9534883720930232,1.4782538871958937e-05,-1.4590322135116855,-1.4590322135194955,1.0536091575722821,1.053609157580092,-2.380205254199333,-2.380205254199333,-2.796741173684216
70.0,7,2,4.0,3,0,0.0010053571608204667,0.995487003511448,-0.8139534883720927,1.5101009163745642e-05,-1.2854813288202926,-1.2854813288202926,1.0310953184622846,1.0310953184622846,-2.380205254199333,-2.380205254199333,-2.796741173684216
70.0,7,2,4.0,3,0,0.0010053571608204667,0.995487003511448,-0.6744186046511631,8.183812739917432e-06,-1.2168754514016034,-1.2168754514016034,1.11352648662499,1.11352648662499,-2.380205254199333,-2.380205254199333,-2.796741173684216
70.0,7,2,4.0,3,0,0.0010053571608204667,0.995487003511448,-0.5348837209302326,1.4533298762378965e-05,-1.0930232558139537,-1.0930232558139537,1.140711336618736,1.140711336618736,-2.380205254199333,-2.380205254199333,-2.796741173684216
70.0,7,2,4.0,3,0,0.0010053571608204667,0.995487003511448,-0.39534883720930214,2.9617729867459423e-05,-0.9762304175067005,-0.9762304175067005,1.1749555438928785,1.1749555438928785,-2.380205254199333,-2.380205254199333,-2.796741173684216
70.0,7,2,4.0,3,0,0.0010053571608204667,0.995487003511448,-0.25581395348837255,3.69100974128079e-05,-0.8781281915062307,-0.8781281915062307,1.2278903634738032,1.2278903634738032,-2.380205254199333,-2.380205254199333,-2.796741173684216
70.0,7,2,4.0,3,0,0.0010053571608204667,0.995487003511448,-0.11627906976744207,3.63325560827208e-05,-0.8069924015909009,-0.8069924015909009,1.307791619139869,1.307791619139869,-2.380205254199333,-2.380205254199333,-2.796741173684216
70.0,7,2,4.0,3,0,0.0010053571608204667,0.995487003511448,0.0,3.738518381979898e-05,-0.6811281969397378,-0.6811281969397378,1.307791619139869,1.307791619139869,-2.380205254199333,-2.380205254199333,-2.796741173684216
70.0,7,2,4.0,3,0,0.0010053571608204667,0.995487003511448,0.1627906976744189,5.31162259616271e-05,-0.5769772178207566,-0.5769772178207566,1.379850526532516,1.379850526532516,-2.380205254199333,-2.380205254199333,-2.796741173684216
70.0,7,2,4.0,3,0,0.0010053571608204667,0.995487003511448,0.3023255813953485,4.6392189552615885e-05,-0.47764701939249776,-0.47764701939249776,1.4315573736856517,1.4315573736856517,-2.380205254199333,-2.380205254199333,-2.796741173684216
70.0,7,2,4.0,3,0,0.0010053571608204667,0.995487003511448,0.44186046511627897,4.0791213233568094e-05,-0.39534883720930214,-0.39534883720930214,1.5002962370838517,1.5002962370838517,-2.380205254199333,-2.380205254199333,-2.796741173684216
70.0,7,2,4.0,3,0,0.0010053571608204667,0.995487003511448,0.5813953488372094,3.938080164488104e-05,-0.25581395348837255,-0.25581395348837255,1.5117983989443178,1.5117983989443178,-2.380205254199333,-2.380205254199333,-2.796741173684216
70.0,7,2,4.0,3,0,0.0010053571608204667,0.995487003511448,0.720930232558139,4.7126673768910445e-05,-0.17849929428306788,-0.17849929428306788,1.5855207853204079,1.5855207853204079,-2.380205254199333,-2.380205254199333,-2.796741173684216
70.0,7,2,4.0,3,0,0.0010053571608204667,0.995487003511448,0.8604651162790695,4.8690410586413064e-05,-0.07545872474227822,-0.07545872474227822,1.6335172613610138,1.6335172613610138,-2.380205254199333,-2.380205254199333,-2.796741173684216
70.0,7,2,4.0,3,0,0.0010053571608204667,0.995487003511448,1.0,4.045635526200567e-05,0.02218517854086821,0.02218517854086821,1.686910403659263,1.686910403659263,-2.380205254199333,-2.380205254199333,-2.796741173684216
70.0,7,2,4.0,3,0,0.0010053571608204667,0.995487003511448,1.1395348837209305,3.347221876413957e-05,0.1627906976744189,0.1627906976744189,1.697341930107108,1.697341930107108,-2.380205254199333,-2.380205254199333,-2.796741173684216
70.0,7,2,4.0,3,0,0.0010053571608204667,0.995487003511448,1.27906976744186,4.336406473518002e-05,0.22408188386436434,0.22408188386436434,1.7870877894985568,1.7870877894985568,-2.380205254199333,-2.380205254199333,-2.796741173684216
70.0,7,2,4.0,3,0,0.0010053571608204667,0.995487003511448,1.4186046511627906,4.4760668071801423e-05,0.32844506788102823,0.32844506788102823,1.8337616510632886,1.8337616510632886,-2.380205254199333,-2.380205254199333,-2.796741173684216
70.0,7,2,4.0,3,0,0.0010053571608204667,0.995487003511448,1.558139534883721,3.501009913689986e-05,0.44186046511627897,0.44186046511627897,1.8713832994094335,1.8713832994094335,-2.380205254199333,-2.380205254199333,-2.796741173684216
70.0,7,2,4.0,3,0,0.0010053571608204667,0.995487003511448,1.6976744186046506,3.20343448723592e-05,0.5750761469456811,0.5750761469456811,1.889204663161426,1.889204663161426,-2.380205254199333,-2.380205254199333,-2.796741173684216
70.0,7,2,4.0,3,0,0.0010053571608204667,0.995487003511448,1.837209302325581,3.372047882408033e-05,0.637692128506,0.637692128506,1.9776257271825028,1.9776257271825028,-2.380205254199333,-2.380205254199333,-2.796741173684216
70.0,7,2,4.0,3,0,0.0010053571608204667,0.995487003511448,1.9767441860465116,3.633712388092923e-05,0.7399565754153379,0.7399565754153379,2.0263983258545606,2.0263983258545606,-2.380205254199333,-2.380205254199333,-2.796741173684216
70.0,7,2,4.0,3,0,0.0010053571608204667,0.995487003511448,2.116279069767442,2.66333303568639e-05,0.8604651162790695,0.8604651162790695,2.0569268305722246,2.0569268305722246,-2.380205254199333,-2.380205254199333,-2.796741173684216
70.0,7,2,4.0,3,0,0.0010053571608204667,0.995487003511448,2.2558139534883717,2.6571837708487153e-05,0.9871460645465358,0.9871460645465358,2.081282927886153,2.081282927886153,-2.380205254199333,-2.380205254199333,-2.796741173684216
70.0,7,2,4.0,3,0,0.0010053571608204667,0.995487003511448,2.395348837209302,2.2116776206510287e-05,1.035698635411519,1.035698635411519,2.1837674026025655,2.1837674026025655,-2.380205254199333,-2.380205254199333,-2.796741173684216
70.0,7,2,4.0,3,0,0.0010053571608204667,0.995487003511448,2.5348837209302326,1.9872243332728823e-05,1.1507447797174382,1.1507447797174382,2.2197583038780415,2.2197583038780415,-2.380205254199333,-2.380205254199333,-2.796741173684216
70.0,7,2,4.0,3,0,0.0010053571608204667,0.995487003511448,2.674418604651163,2.1931069314156452e-05,1.27906976744186,1.27906976744186,2.2424703617350152,2.2424703617350152,-2.380205254199333,-2.380205254199333,-2.796741173684216
70.0,7,2,4.0,3,0,0.0010053571608204667,0.995487003511448,2.8139534883720927,1.3826348915759477e-05,1.3792047211293088,1.3792047211293088,2.2933724536289612,2.2933724536289612,-2.380205254199333,-2.380205254199333,-2.796741173684216
70.0,7,2,4.0,3,0,0.0010053571608204667,0.995487003511448,2.953488372093023,1.1714707426005364e-05,1.4596044479877692,1.4596044479877692,2.364009772351897,2.364009772351897,-2.380205254199333,-2.380205254199333,-2.796741173684216
70.0,7,2,4.0,3,0,0.0010053571608204667,0.995487003511448,3.0930232558139537,1.0435035198988438e-05,1.5621441757429029,1.5621441757429029,2.4125070901781585,2.4125070901781585,-2.380205254199333,-2.380205254199333,-2.796741173684216
70.0,7,2,4.0,3,0,0.0010053571608204667,0.995487003511448,3.232558139534884,8.967693411147805e-06,1.6976744186046506,1.6976744186046506,2.4280138928978072,2.4280138928978072,-2.380205254199333,-2.380205254199333,-2.796741173684216
70.0,7,2,4.0,3,0,0.0010053571608204667,0.995487003511448,3.3720930232558146,4.775063499162515e-06,1.8258348945201668,1.8258348945201668,2.4508904625636863,2.4508904625636863,-2.380205254199333,-2.380205254199333,-2.796741173684216
70.0,7,2,4.0,3,0,0.0010053571608204667,0.995487003511448,3.5116279069767433,3.7226411605710272e-06,1.9359762394879207,1.9359762394879207,2.4917861631773266,2.4917861631773266,-2.380205254199333,-2.380205254199333,-2.796741173684216
70.0,7,2,4.0,3,0,0.0010053571608204667,0.995487003511448,3.651162790697674,3.074622208783976e-06,1.9788885373910738,1.9788885373910738,2.5999109108555687,2.5999109108555687,-2.380205254199333,-2.380205254199333,-2.796741173684216
70.0,7,2,4.0,3,0,0.0010053571608204667,0.995487003511448,3.7906976744186043,1.7631330896458268e-06,2.116279069767442,2.116279069767442,2.6135574240605957,2.6135574240605957,-2.380205254199333,-2.380205254199333,-2.796741173684216
70.0,7,2,4.0,3,0,0.0010053571608204667,0.995487003511448,3.9302325581395348,1.4677212023097934e-06,2.244193594700334,2.244193594700334,2.6366799447091,2.6366799447091,-2.380205254199333,-2.380205254199333,-2.796741173684216
70.0,7,2,4.0,3,0,0.0010053571608204667,0.995487003511448,4.069767441860465,9.392263879043475e-07,2.360016852655504,2.360016852655504,2.671893732335325,2.671893732335325,-2.380205254199333,-2.380205254199333,-2.796741173684216
70.0,7,2,4.0,3,0,0.0010053571608204667,0.995487003511448,4.209302325581396,6.106505104059671e-07,2.4198074244274776,2.4198074244274776,2.7631402061447474,2.7631402061447474,-2.380205254199333,-2.380205254199333,-2.796741173684216
70.0,7,2,4.0,3,0,0.0010053571608204667,0.995487003511448,4.348837209302326,3.826350062197384e-07,2.5509031672106115,2.5509031672106115,2.7830815089430088,2.7830815089430088,-2.380205254199333,-2.380205254199333,-2.796741173684216
70.0,7,2,4.0,3,0,0.0010053571608204667,0.995487003511448,4.488372093023255,3.36671328991959e-07,2.678010072417216,2.678010072417216,2.807011649317799,2.807011649317799,-2.380205254199333,-2.380205254199333,-2.796741173684216
70.0,7,2,4.0,3,0,0.0010053571608204667,0.995487003511448,4.627906976744185,2.776313724415364e-07,2.8139534883720927,2.8139534883720927,2.822105278944317,2.822105278944317,-2.380205254199333,-2.380205254199333,-2.796741173684216
70.0,7,2,4.0,3,0,0.0010053571608204667,0.995487003511448,4.767441860465116,1.5751797154794616e-07,2.9450003967953102,2.9450003967953102,2.8420954161024947,2.8420954161024947,-2.380205254199333,-2.380205254199333,-2.796741173684216
70.0,7,2,4.0,3,0,0.0010053571608204667,0.995487003511448,4.906976744186046,1.4695369930031958e-07,3.0743373225100568,3.0743373225100568,2.8637955359691443,2.8637955359691443,-2.380205254199333,-2.380205254199333,-2.796741173684216
70.0,7,2,4.0,3,0,0.0010053571608204667,0.995487003511448,5.046511627906977,2.4419330806181525e-07,3.1705769223674056,3.1705769223674056,2.9185929816931906,2.9185929816931906,-2.380205254199333,-2.380205254199333,-2.796741173684216
70.0,7,2,4.0,3,0,0.0010053571608204667,0.995487003511448,5.186046511627907,0.0,3.2866867287704213,3.2866867287704213,2.953520220871571,2.953520220871571,-2.380205254199333,-2.380205254199333,-2.796741173684216
70.0,7,2,4.0,3,0,0.0010053571608204667,0.995487003511448,5.325581395348838,8.49165846738091e-20,3.3908487419967317,3.3908487419967317,3.000395253226656,3.000395253226656,-2.380205254199333,-2.380205254199333,-2.796741173684216
70.0,7,2,4.0,3,0,0.0010053571608204667,0.995487003511448,5.4651162790697665,1.860042816852018e-07,3.5116279069767433,3.5116279069767433,3.0306531338280385,3.0306531338280385,-2.380205254199333,-2.380205254199333,-2.796741173684216
70.0,7,2,4.0,3,0,0.0010053571608204667,0.995487003511448,5.604651162790697,1.2719901605130267e-07,3.6059262019169602,3.6059262019169602,3.0873918844692168,3.0873918844692168,-2.380205254199333,-2.380205254199333,-2.796741173684216
70.0,7,2,4.0,3,0,0.0010053571608204667,0.995487003511448,5.7441860465116275,6.815098888393887e-21,3.71569677961553,3.71569677961553,3.1286583523520433,3.1286583523520433,-2.380205254199333,-2.380205254199333,-2.796741173684216
70.0,7,2,4.0,3,0,0.0010053571608204667,0.995487003511448,5.883720930232558,7.304821465893216e-08,3.8284799669436422,3.8284799669436422,3.166912210605326,3.166912210605326,-2.380205254199333,-2.380205254199333,-2.796741173684216
70.0,7,2,4.0,3,0,0.0010053571608204667,0.995487003511448,6.023255813953488,1.6455419552995945e-07,3.9302325581395348,3.9302325581395348,3.2161966649908296,3.2161966649908296,-2.380205254199333,-2.380205254199333,-2.796741173684216
70.0,7,2,4.0,3,0,0.0010053571608204667,0.995487003511448,6.162790697674419,1.1707262116459045e-22,4.032612529423313,4.032612529423313,3.264853739288447,3.264853739288447,-2.380205254199333,-2.380205254199333,-2.796741173684216
70.0,7,2,4.0,3,0,0.0010053571608204667,0.995487003511448,6.302325581395349,2.0848737106478926e-08,4.152588529977212,4.152588529977212,3.2959147843159435,3.2959147843159435,-2.380205254199333,-2.380205254199333,-2.796741173684216
70.0,7,2,4.0,3,0,0.0010053571608204667,0.995487003511448,6.441860465116278,1.606889256076726e-07,4.254041317205358,4.254041317205358,3.345499042669191,3.345499042669191,-2.380205254199333,-2.380205254199333,-2.796741173684216
70.0,7,2,4.0,3,0,0.0010053571608204667,0.995487003511448,6.581395348837209,0.0,4.370686255514016,4.370686255514016,3.379891149941929,3.379891149941929,-2.380205254199333,-2.380205254199333,-2.796741173684216
70.0,7,2,4.0,3,0,0.0010053571608204667,0.995487003511448,6.720930232558139,5.471363346140912e-19,4.488372093023255,4.488372093023255,3.4132423580140854,3.4132423580140854,-2.380205254199333,-2.380205254199333,-2.796741173684216
70.0,7,2,4.0,3,0,0.0010053571608204667,0.995487003511448,6.8604651162790695,1.3634944475120472e-07,4.6211291556579095,4.6211291556579095,3.431522340960825,3.431522340960825,-2.380205254199333,-2.380205254199333,-2.796741173684216
70.0,7,2,4.0,3,0,0.0010053571608204667,0.995487003511448,7.0,3.633090890151756e-08,4.741234132886153,4.741234132886153,3.4624544093139784,3.4624544093139784,-2.380205254199333,-2.380205254199333,-2.796741173684216
70.0,7,2,4.0,3,0,0.0010053571608204667,0.995487003511448,7.571428571428571,1.0854145988196394e-07,5.186046511627907,5.186046511627907,3.636174693429366,3.636174693429366,-2.380205254199333,-2.380205254199333,-2.796741173684216
70.0,7,2,4.0,3,0,0.0010053571608204667,0.995487003511448,8.142857142857142,8.644592296274838e-08,5.604651162790697,5.604651162790697,3.8361027051237198,3.8361027051237198,-2.380205254199333,-2.380205254199333,-2.796741173684216
70.0,7,2,4.0,3,0,0.0010053571608204667,0.995487003511448,8.714285714285714,5.7575633709337357e-08,6.023255813953488,6.023255813953488,4.03603071681807,4.03603071681807,-2.380205254199333,-2.380205254199333,-2.796741173684216
70.0,7,2,4.0,3,0,0.0010053571608204667,0.995487003511448,9.285714285714285,4.871808296745822e-08,6.441860465116278,6.441860465116278,4.235958728512424,4.235958728512424,-2.380205254199333,-2.380205254199333,-2.796741173684216
70.0,7,2,4.0,3,0,0.0010053571608204667,0.995487003511448,9.857142857142858,3.754683977370174e-08,6.884188255994773,6.884188255994773,4.4121636004910725,4.4121636004910725,-2.380205254199333,-2.380205254199333,-2.796741173684216
70.0,7,2,4.0,3,0,0.0010053571608204667,0.995487003511448,10.428571428571429,3.1416028160929375e-08,7.333724183985765,7.333724183985765,4.5811603353572234,4.5811603353572234,-2.380205254199333,-2.380205254199333,-2.796741173684216
70.0,7,2,4.0,3,0,0.0010053571608204667,0.995487003511448,11.0,3.72135537373048e-08,7.707354851338079,7.707354851338079,4.826062330862052,4.826062330862052,-2.380205254199333,-2.380205254199333,-2.796741173684216
70.0,7,2,4.0,3,0,0.0010053571608204667,0.995487003511448,11.571428571428571,1.4744589675390123e-08,8.142857142857142,8.142857142857142,5.009092702200132,5.009092702200132,-2.380205254199333,-2.380205254199333,-2.796741173684216
70.0,7,2,4.0,3,0,0.0010053571608204667,0.995487003511448,12.142857142857142,3.011570868647367e-08,8.689438262233727,8.689438262233727,5.081044245680689,5.081044245680689,-2.380205254199333,-2.380205254199333,-2.796741173684216
70.0,7,2,4.0,3,0,0.0010053571608204667,0.995487003511448,12.714285714285714,3.478901337119386e-08,9.0604063997025,9.0604063997025,5.328608771069058,5.328608771069058,-2.380205254199333,-2.380205254199333,-2.796741173684216
70.0,7,2,4.0,3,0,0.0010053571608204667,0.995487003511448,13.285714285714285,3.305633918373643e-08,9.436689085441525,9.436689085441525,5.570858748187176,5.570858748187176,-2.380205254199333,-2.380205254199333,-2.796741173684216
70.0,7,2,4.0,3,0,0.0010053571608204667,0.995487003511448,13.857142857142858,1.3294274214569522e-08,9.857142857142858,9.857142857142858,5.7689376393429885,5.7689376393429885,-2.380205254199333,-2.380205254199333,-2.796741173684216
70.0,7,2,4.0,3,0,0.0010053571608204667,0.995487003511448,14.428571428571427,5.678603404226259e-08,10.383310462685621,10.383310462685621,5.861302696657365,5.861302696657365,-2.380205254199333,-2.380205254199333,-2.796741173684216
70.0,7,2,4.0,3,0,0.0010053571608204667,0.995487003511448,15.474341649025257,5.0393012758630875e-08,11.0,11.0,6.376588477932504,6.376588477932504,-2.380205254199333,-2.380205254199333,-2.796741173684216
70.0,7,2,4.0,3,0,0.0010053571608204667,0.995487003511448,16.341640786499873,3.861547178088999e-08,11.571428571428571,11.571428571428571,6.7439523852467165,6.7439523852467165,-2.380205254199333,-2.380205254199333,-2.796741173684216
70.0,7,2,4.0,3,0,0.0010053571608204667,0.995487003511448,17.464751508773247,5.7949866585702435e-08,12.488775063406425,12.488775063406425,7.0422970582983915,7.0422970582983915,-2.380205254199333,-2.380205254199333,-2.796741173684216
70.0,7,2,4.0,3,0,0.0010053571608204667,0.995487003511448,18.794733192202056,6.589636000452402e-08,13.319488879478548,13.319488879478548,7.651198188580548,7.651198188580548,-2.380205254199333,-2.380205254199333,-2.796741173684216
70.0,7,2,4.0,3,0,0.0010053571608204667,0.995487003511448,20.303300858899107,6.902312250202879e-08,14.428571428571427,14.428571428571427,8.17503779745672,8.17503779745672,-2.380205254199333,-2.380205254199333,-2.796741173684216
70.0,7,2,4.0,3,0,0.0010053571608204667,0.995487003511448,21.97137002317335,7.21286422462537e-08,15.723491563422423,15.723491563422423,8.685689371120487,8.685689371120487,-2.380205254199333,-2.380205254199333,-2.796741173684216
70.0,7,2,4.0,3,0,0.0010053571608204667,0.995487003511448,23.784930278607796,5.987973257591157e-08,17.19647624820412,17.19647624820412,9.175760630918848,9.175760630918848,-2.380205254199333,-2.380205254199333,-2.796741173684216
70.0,7,2,4.0,3,0,0.0010053571608204667,0.995487003511448,25.733126291998992,7.601346659027024e-08,18.628884055696346,18.628884055696346,9.852142842305046,9.852142842305046,-2.380205254199333,-2.380205254199333,-2.796741173684216
70.0,7,2,4.0,3,0,0.0010053571608204667,0.995487003511448,27.80722452368194,2.3091908691068545e-08,20.16215359689443,20.16215359689443,10.563943930079713,10.563943930079713,-2.380205254199333,-2.380205254199333,-2.796741173684216
70.0,7,2,4.0,3,0,0.0010053571608204667,0.995487003511448,30.0,5.045617721030483e-08,21.77461023998597,21.77461023998597,11.32501798221416,11.32501798221416,-2.380205254199333,-2.380205254199333,-2.796741173684216
70.0,7,2,4.0,3,0,0.0010053571608204667,0.995487003511448,33.6605536290589,4.8401309636149563e-08,23.91028202703189,23.91028202703189,13.151647166666308,13.151647166666308,-2.380205254199333,-2.380205254199333,-2.796741173684216
70.0,7,2,4.0,3,0,0.0010053571608204667,0.995487003511448,37.76776235382502,3.0452944886392064e-08,27.37419455906305,27.37419455906305,14.133509446154584,14.133509446154584,-2.380205254199333,-2.380205254199333,-2.796741173684216
70.0,7,2,4.0,3,0,0.0010053571608204667,0.995487003511448,42.37612633868264,1.8707155940015367e-08,30.0,30.0,16.495945387413272,16.495945387413272,-2.380205254199333,-2.380205254199333,-2.796741173684216
70.0,7,2,4.0,3,0,0.0010053571608204667,0.995487003511448,47.546795773833395,1.0872482895790519e-08,33.6605536290589,33.6605536290589,18.43229064369058,18.43229064369058,-2.380205254199333,-2.380205254199333,-2.796741173684216
70.0,7,2,4.0,3,0,0.0010053571608204667,0.995487003511448,53.348382301167675,5.41491664055832e-09,37.76776235382502,37.76776235382502,20.604905755133807,20.604905755133807,-2.380205254199333,-2.380205254199333,-2.796741173684216
70.0,7,2,4.0,3,0,0.0010053571608204667,0.995487003511448,59.857869449066385,2.449191657273849e-09,42.37612633868264,42.37612633868264,23.042620004268414,23.042620004268414,-2.380205254199333,-2.380205254199333,-2.796741173684216
70.0,7,2,4.0,3,0,0.0010053571608204667,0.995487003511448,67.16163415705019,9.525041947951046e-10,47.546795773833395,47.546795773833395,25.77778037811234,25.77778037811234,-2.380205254199333,-2.380205254199333,-2.796741173684216
70.0,7,2,4.0,3,0,0.0010053571608204667,0.995487003511448,75.35659294528742,3.2532995562118406e-10,53.348382301167675,53.348382301167675,28.84668079304066,28.84668079304066,-2.380205254199333,-2.380205254199333,-2.796741173684216
70.0,7,2,4.0,3,0,0.0010053571608204667,0.995487003511448,84.55148793793359,9.519143413661691e-11,59.93873147481608,59.93873147481608,32.209181667255436,32.209181667255436,-2.380205254199333,-2.380205254199333,-2.796741173684216
70.0,7,2,4.0,3,0,0.0010053571608204667,0.995487003511448,94.86832980505136,2.1628681456602498e-11,67.3593502376173,67.3593502376173,35.95584433105694,35.95584433105694,-2.380205254199333,-2.380205254199333,-2.796741173684216
70.0,7,2,4.0,3,0,0.0010053571608204667,0.995487003511448,106.44401677007264,3.4813144182903785e-12,75.64451165697614,75.64451165697614,40.20057875672994,40.20057875672994,-2.380205254199333,-2.380205254199333,-2.796741173684216
70.0,7,2,4.0,3,0,0.0010053571608204667,0.995487003511448,119.43215116604912,3.8469974728330186e-13,84.95660325704273,84.95660325704273,44.94726152527048,44.94726152527048,-2.380205254199333,-2.380205254199333,-2.796741173684216
70.0,7,2,4.0,3,0,0.0010053571608204667,0.995487003511448,134.00507764528896,3.237798345121682e-14,95.40635839839894,95.40635839839894,50.27171067035903,50.27171067035903,-2.380205254199333,-2.380205254199333,-2.796741173684216
70.0,7,2,4.0,3,0,0.0010053571608204667,0.995487003511448,150.35617008818164,1.5864921099992406e-15,107.13988349825502,107.13988349825502,56.237133881822956,56.237133881822956,-2.380205254199333,-2.380205254199333,-2.796741173684216
70.0,7,2,4.0,3,0,0.0010053571608204667,0.995487003511448,168.70239755710477,3.6355096410726856e-17,120.35048576663209,120.35048576663209,62.885078240483665,62.885078240483665,-2.380205254199333,-2.380205254199333,-2.796741173684216
70.0,7,2,4.0,3,0,0.0010053571608204667,0.995487003511448,189.28720334405796,2.5943454044132197e-19,135.17622671067707,135.17622671067707,70.34099308759093,70.34099308759093,-2.380205254199333,-2.380205254199333,-2.796741173684216
70.0,7,2,4.0,3,0,0.0010053571608204667,0.995487003511448,212.38373531524127,1.207449460694654e-21,151.81101623096973,151.81101623096973,78.70663255737529,78.70663255737529,-2.380205254199333,-2.380205254199333,-2.796741173684216
70.0,7,2,4.0,3,0,0.0010053571608204667,0.995487003511448,238.29847041728448,1.4958447897369199e-24,170.47861065033487,170.47861065033487,88.0899808303426,88.0899808303426,-2.380205254199333,-2.380205254199333,-2.796741173684216
70.0,7,2,4.0,3,0,0.0010053571608204667,0.995487003511448,267.3752814401236,2.396407412115638e-28,191.43390796045446,191.43390796045446,98.60835888158658,98.60835888158658,-2.380205254199333,-2.380205254199333,-2.796741173684216
70.0,7,2,4.0,3,0,0.0010053571608204667,0.995487003511448,300.0000000000001,6.151567147892237e-33,214.96224992655243,214.96224992655243,110.3940614956478,110.3940614956478,-2.380205254199333,-2.380205254199333,-2.796741173684216
70.0,7,2,4.0,3,0,0.0010053571608204667,0.995487003511448,336.60553629058904,1.0954988559042777e-40,241.37463728459917,241.37463728459917,123.60468385258164,123.60468385258164,-2.380205254199333,-2.380205254199333,-2.796741173684216
70.0,7,2,4.0,3,0,0.0010053571608204667,0.995487003511448,377.67762353825,5.951157278756015e-54,271.01950701331293,271.01950701331293,138.41756223906197,138.41756223906197,-2.380205254199333,-2.380205254199333,-2.796741173684216
70.0,7,2,4.0,3,0,0.0010053571608204667,0.995487003511448,423.7612633868264,0.0,304.28479798249384,304.28479798249384,155.03468509183767,155.03468509183767,-2.380205254199333,-2.380205254199333,-2.796741173684216
70.0,7,2,4.0,3,0,0.0010053571608204667,0.995487003511448,475.4679577383344,0.0,341.61486372928175,341.61486372928175,173.67360819841247,173.67360819841247,-2.380205254199333,-2.380205254199333,-2.796741173684216
70.0,7,2,4.0,3,0,0.0010053571608204667,0.995487003511448,533.483823011677,0.0,383.50315614406486,383.50315614406486,194.5835541457226,194.5835541457226,-2.380205254199333,-2.380205254199333,-2.796741173684216
70.0,7,2,4.0,3,0,0.0010053571608204667,0.995487003511448,598.5786944906639,0.0,430.51538935272345,430.51538935272345,218.03210327698616,218.03210327698616,-2.380205254199333,-2.380205254199333,-2.796741173684216
70.0,7,2,4.0,3,0,0.0010053571608204667,0.995487003511448,671.6163415705016,0.0,483.29175284718445,483.29175284718445,244.3140378724716,244.3140378724716,-2.380205254199333,-2.380205254199333,-2.796741173684216
70.0,7,2,4.0,3,0,0.0010053571608204667,0.995487003511448,753.5659294528741,0.0,542.5139548049057,542.5139548049057,273.7967053373767,273.7967053373767,-2.380205254199333,-2.380205254199333,-2.796741173684216
70.0,7,2,4.0,3,0,0.0010053571608204667,0.995487003511448,845.5148793793368,0.0,608.9492418524703,608.9492418524703,306.8899187684448,306.8899187684448,-2.380205254199333,-2.380205254199333,-2.796741173684216
70.0,7,2,4.0,3,0,0.0010053571608204667,0.995487003511448,948.6832980505142,0.0,683.486173527422,683.486173527422,344.02580135951996,344.02580135951996,-2.380205254199333,-2.380205254199333,-2.796741173684216
70.0,7,2,4.0,3,0,0.0010053571608204667,0.995487003511448,1064.4401677007263,0.0,767.117715890819,767.117715890819,385.6932174464405,385.6932174464405,-2.380205254199333,-2.380205254199333,-2.796741173684216
70.0,7,2,4.0,3,0,0.0010053571608204667,0.995487003511448,1194.3215116604913,0.0,860.9566749293303,860.9566749293303,432.4420020940006,432.4420020940006,-2.380205254199333,-2.380205254199333,-2.796741173684216
70.0,7,2,4.0,3,0,0.0010053571608204667,0.995487003511448,1340.0507764528895,0.0,966.2499079187435,966.2499079187435,484.890811969035,484.890811969035,-2.380205254199333,-2.380205254199333,-2.796741173684216
70.0,7,2,4.0,3,0,0.0010053571608204667,0.995487003511448,1503.561700881818,0.0,1084.3856716670543,1084.3856716670543,543.744531333926,543.744531333926,-2.380205254199333,-2.380205254199333,-2.796741173684216
70.0,7,2,4.0,3,0,0.0010053571608204667,0.995487003511448,1687.023975571048,0.0,1216.906632744115,1216.906632744115,609.8090365272417,609.8090365272417,-2.380205254199333,-2.380205254199333,-2.796741173684216
70.0,7,2,4.0,3,0,0.0010053571608204667,0.995487003511448,1892.8720334405798,0.0,1365.5508775167932,1365.5508775167932,683.9813496660859,683.9813496660859,-2.380205254199333,-2.380205254199333,-2.796741173684216
70.0,7,2,4.0,3,0,0.0010053571608204667,0.995487003511448,2123.8373531524126,0.0,1532.2987137746331,1532.2987137746331,767.2378033090158,767.2378033090158,-2.380205254199333,-2.380205254199333,-2.796741173684216
70.0,7,2,4.0,3,0,0.0010053571608204667,0.995487003511448,2382.984704172845,0.0,1719.3775974707148,1719.3775974707148,860.6683465362587,860.6683465362587,-2.380205254199333,-2.380205254199333,-2.796741173684216
70.0,7,2,4.0,3,0,0.0010053571608204667,0.995487003511448,2673.7528144012385,0.0,1929.2523817903314,1929.2523817903314,965.5303158302806,965.5303158302806,-2.380205254199333,-2.380205254199333,-2.796741173684216
70.0,7,2,4.0,3,0,0.0010053571608204667,0.995487003511448,3000.0,0.0,2164.672679361028,2164.672679361028,1083.2504640611724,1083.2504640611724,-2.380205254199333,-2.380205254199333,-2.796741173684216
