case,lane,design,status,failure_stage,error,primary_rescore,H0,beta_annual,chi,child_benefit_curvature,delta_alpha_jump,first_birth_fixed_cost,kappa_fert,kappa_fert_continuation,tenure_choice_kappa,theta0
initial_0005_block,block,tenure_profile_0.004,success,,,34.89524649881251,6.206479060846687,0.9602456707427426,1.0889178301004045,0.07930705056729134,0.14198430659647016,0.6465287075719173,0.19096979787755952,0.3474664229788561,0.004,0.11358885656635645
initial_0006_primary,primary,tenure_profile_0.006,success,,,32.423985344691026,6.206479060846687,0.9602456707427426,1.0889178301004045,0.07930705056729134,0.14198430659647016,0.6465287075719173,0.19096979787755952,0.3474664229788561,0.006,0.11358885656635645
initial_0007_identity,identity,tenure_profile_0.006,success,,,32.423985344691026,6.206479060846687,0.9602456707427426,1.0889178301004045,0.07930705056729134,0.14198430659647016,0.6465287075719173,0.19096979787755952,0.3474664229788561,0.006,0.11358885656635645
initial_0015_primary,primary,delta_alpha_jump_seed_profile_minus,success,,,33.85078792932213,6.206479060846687,0.9602456707427426,1.0889178301004045,0.07930705056729134,0.13948430659647015,0.6465287075719173,0.19096979787755952,0.3474664229788561,0.005,0.11358885656635645
initial_0003_primary,primary,tenure_profile_0.004,success,,,34.89524649881251,6.206479060846687,0.9602456707427426,1.0889178301004045,0.07930705056729134,0.14198430659647016,0.6465287075719173,0.19096979787755952,0.3474664229788561,0.004,0.11358885656635645
initial_0016_identity,identity,delta_alpha_jump_seed_profile_minus,success,,,33.85078792932213,6.206479060846687,0.9602456707427426,1.0889178301004045,0.07930705056729134,0.13948430659647015,0.6465287075719173,0.19096979787755952,0.3474664229788561,0.005,0.11358885656635645
initial_0008_block,block,tenure_profile_0.006,success,,,32.423985344691026,6.206479060846687,0.9602456707427426,1.0889178301004045,0.07930705056729134,0.14198430659647016,0.6465287075719173,0.19096979787755952,0.3474664229788561,0.006,0.11358885656635645
initial_0012_primary,primary,chi_seed_profile_plus,success,,,35.947792015095104,6.206479060846687,0.9602456707427426,1.0949178301004046,0.07930705056729134,0.14198430659647016,0.6465287075719173,0.19096979787755952,0.3474664229788561,0.005,0.11358885656635645
initial_0013_identity,identity,chi_seed_profile_plus,success,,,35.947792015095104,6.206479060846687,0.9602456707427426,1.0949178301004046,0.07930705056729134,0.14198430659647016,0.6465287075719173,0.19096979787755952,0.3474664229788561,0.005,0.11358885656635645
initial_0017_block,block,delta_alpha_jump_seed_profile_minus,success,,,33.85078792932213,6.206479060846687,0.9602456707427426,1.0889178301004045,0.07930705056729134,0.13948430659647015,0.6465287075719173,0.19096979787755952,0.3474664229788561,0.005,0.11358885656635645
initial_0019_identity,identity,delta_alpha_jump_seed_profile_plus,success,,,34.25361487487379,6.206479060846687,0.9602456707427426,1.0889178301004045,0.07930705056729134,0.14448430659647016,0.6465287075719173,0.19096979787755952,0.3474664229788561,0.005,0.11358885656635645
initial_0020_block,block,delta_alpha_jump_seed_profile_plus,success,,,34.25361487487379,6.206479060846687,0.9602456707427426,1.0889178301004045,0.07930705056729134,0.14448430659647016,0.6465287075719173,0.19096979787755952,0.3474664229788561,0.005,0.11358885656635645
initial_0022_identity,identity,child_benefit_curvature_seed_profile_minus,success,,,33.91505508468497,6.206479060846687,0.9602456707427426,1.0889178301004045,0.07130705056729134,0.14198430659647016,0.6465287075719173,0.19096979787755952,0.3474664229788561,0.005,0.11358885656635645
initial_0004_identity,identity,tenure_profile_0.004,success,,,34.89524649881251,6.206479060846687,0.9602456707427426,1.0889178301004045,0.07930705056729134,0.14198430659647016,0.6465287075719173,0.19096979787755952,0.3474664229788561,0.004,0.11358885656635645
initial_0014_block,block,chi_seed_profile_plus,success,,,35.947792015095104,6.206479060846687,0.9602456707427426,1.0949178301004046,0.07930705056729134,0.14198430659647016,0.6465287075719173,0.19096979787755952,0.3474664229788561,0.005,0.11358885656635645
initial_0021_primary,primary,child_benefit_curvature_seed_profile_minus,success,,,33.91505508468497,6.206479060846687,0.9602456707427426,1.0889178301004045,0.07130705056729134,0.14198430659647016,0.6465287075719173,0.19096979787755952,0.3474664229788561,0.005,0.11358885656635645
initial_0000_primary,primary,tenure_anchor_0.05,success,,,328.129270171079,6.206479060846687,0.9602456707427426,1.0889178301004045,0.07930705056729134,0.14198430659647016,0.6465287075719173,0.19096979787755952,0.3474664229788561,0.05,0.11358885656635645
initial_0001_identity,identity,tenure_anchor_0.05,success,,,328.129270171079,6.206479060846687,0.9602456707427426,1.0889178301004045,0.07930705056729134,0.14198430659647016,0.6465287075719173,0.19096979787755952,0.3474664229788561,0.05,0.11358885656635645
initial_0002_block,block,tenure_anchor_0.05,success,,,328.129270171079,6.206479060846687,0.9602456707427426,1.0889178301004045,0.07930705056729134,0.14198430659647016,0.6465287075719173,0.19096979787755952,0.3474664229788561,0.05,0.11358885656635645
initial_0010_identity,identity,chi_seed_profile_minus,success,,,37.766327716310215,6.206479060846687,0.9602456707427426,1.0829178301004045,0.07930705056729134,0.14198430659647016,0.6465287075719173,0.19096979787755952,0.3474664229788561,0.005,0.11358885656635645
initial_0011_block,block,chi_seed_profile_minus,success,,,37.766327716310215,6.206479060846687,0.9602456707427426,1.0829178301004045,0.07930705056729134,0.14198430659647016,0.6465287075719173,0.19096979787755952,0.3474664229788561,0.005,0.11358885656635645
initial_0023_block,block,child_benefit_curvature_seed_profile_minus,success,,,33.91505508468497,6.206479060846687,0.9602456707427426,1.0889178301004045,0.07130705056729134,0.14198430659647016,0.6465287075719173,0.19096979787755952,0.3474664229788561,0.005,0.11358885656635645
initial_0018_primary,primary,delta_alpha_jump_seed_profile_plus,success,,,34.25361487487379,6.206479060846687,0.9602456707427426,1.0889178301004045,0.07930705056729134,0.14448430659647016,0.6465287075719173,0.19096979787755952,0.3474664229788561,0.005,0.11358885656635645
initial_0009_primary,primary,chi_seed_profile_minus,success,,,37.766327716310215,6.206479060846687,0.9602456707427426,1.0829178301004045,0.07930705056729134,0.14198430659647016,0.6465287075719173,0.19096979787755952,0.3474664229788561,0.005,0.11358885656635645
initial_0035_block,block,coordinate_chi,success,,,41.622356712963075,6.206479060846687,0.9602456707427426,1.0785484947998676,0.07930705056729134,0.14198430659647016,0.6465287075719173,0.19096979787755952,0.3474664229788561,0.006,0.11358885656635645
initial_0038_block,block,coordinate_first_birth_fixed_cost,success,,,33.76548025753268,6.206479060846687,0.9602456707427426,1.0889178301004045,0.07930705056729134,0.14198430659647016,0.6751347831788199,0.19096979787755952,0.3474664229788561,0.006,0.11358885656635645
initial_0042_primary,primary,joint_local,success,,,94.11694764135427,6.101708975820338,0.9612200753506102,1.0872195118755688,0.10792536908266594,0.09285975635070962,0.6978232059532803,0.16382494174093207,0.33498762166653645,0.005698873026189318,0.11258120791763054
initial_0046_identity,identity,coordinate_theta0,success,,,34.90016662128289,6.206479060846687,0.9602456707427426,1.0889178301004045,0.07930705056729134,0.14198430659647016,0.6465287075719173,0.19096979787755952,0.3474664229788561,0.004,0.1165334502974128
initial_0026_block,block,child_benefit_curvature_seed_profile_plus,success,,,33.756585078203514,6.206479060846687,0.9602456707427426,1.0889178301004045,0.08730705056729135,0.14198430659647016,0.6465287075719173,0.19096979787755952,0.3474664229788561,0.005,0.11358885656635645
initial_0032_block,block,joint_local,success,,,319.937865533454,5.894762144461491,0.9604621567789214,1.1423432787543975,0.2087335735518665,0.11237229786125977,0.6483243381897965,0.20420800837959913,0.3606237359733753,0.003743589674156058,0.10979501639419076
initial_0045_primary,primary,coordinate_theta0,success,,,32.42667279701913,6.206479060846687,0.9602456707427426,1.0889178301004045,0.07930705056729134,0.14198430659647016,0.6465287075719173,0.19096979787755952,0.3474664229788561,0.006,0.12109432959008305
initial_0047_block,block,coordinate_theta0,success,,,32.43973857459945,6.206479060846687,0.9602456707427426,1.0889178301004045,0.07930705056729134,0.14198430659647016,0.6465287075719173,0.19096979787755952,0.3474664229788561,0.006,0.10935868108284921
initial_0037_identity,identity,coordinate_first_birth_fixed_cost,success,,,35.451592270610185,6.206479060846687,0.9602456707427426,1.0889178301004045,0.07930705056729134,0.14198430659647016,0.6266037272617261,0.19096979787755952,0.3474664229788561,0.004,0.11358885656635645
initial_0034_identity,identity,coordinate_chi,success,,,34.882207013286916,6.206479060846687,0.9602456707427426,1.0889962583915305,0.07930705056729134,0.14198430659647016,0.6465287075719173,0.19096979787755952,0.3474664229788561,0.004,0.11358885656635645
initial_0033_primary,primary,coordinate_chi,success,,,143.73030951264792,6.206479060846687,0.9602456707427426,1.0526858506249124,0.07930705056729134,0.14198430659647016,0.6465287075719173,0.19096979787755952,0.3474664229788561,0.006,0.11358885656635645
initial_0024_primary,primary,child_benefit_curvature_seed_profile_plus,success,,,33.756585078203514,6.206479060846687,0.9602456707427426,1.0889178301004045,0.08730705056729135,0.14198430659647016,0.6465287075719173,0.19096979787755952,0.3474664229788561,0.005,0.11358885656635645
initial_0025_identity,identity,child_benefit_curvature_seed_profile_plus,success,,,33.756585078203514,6.206479060846687,0.9602456707427426,1.0889178301004045,0.08730705056729135,0.14198430659647016,0.6465287075719173,0.19096979787755952,0.3474664229788561,0.005,0.11358885656635645
initial_0041_block,block,broad_coverage,inadmissible,initial_psi_housing_solve,Initial housing equilibrium failed its unchanged strict gate,,14.886879154475395,0.9482478505475381,3.2921416977346025,0.6434890966749462,0.14477800001677354,4.013353949058434,1.7191609848066907,39.874262712634255,0.007496066629689698,2.015634888246317
initial_0028_identity,identity,broad_coverage,inadmissible,initial_psi_housing_solve,Initial housing equilibrium failed its unchanged strict gate,,31.10513877405074,0.9575235862461913,0.30924011096980975,0.4813116231103505,0.2036016704243959,4.659408272969211,2.763883771663827,33.53238696668994,0.02085766984361202,7.210264962562893
initial_0027_primary,primary,broad_coverage,inadmissible,initial_psi_housing_solve,Initial housing equilibrium failed its unchanged strict gate,,72.5074036290014,0.9643256208722234,4.962009283827683,0.14803162685920235,0.07774551971031526,0.5703739570091368,24.765789983240893,48.24739544064055,0.021314120861289355,5.452920264412466
initial_0039_primary,primary,broad_coverage,inadmissible,initial_psi_housing_solve,Initial housing equilibrium failed its unchanged strict gate,,12.565123689663048,0.9821138082834528,4.527014476821168,0.699319128916957,0.004943276922629192,0.9322488124741195,7.819791982692802,32.722061860088026,0.09687303012233942,7.66586279509492
initial_0029_block,block,broad_coverage,inadmissible,initial_psi_housing_solve,Initial housing equilibrium failed its unchanged strict gate,,45.56697554308409,0.9833470141855025,0.8726231106265333,0.35578690686832176,0.11734119988335673,1.8821180498446672,40.385081447668775,32.177942280518316,0.024170380472591256,5.487601303623684
initial_0043_identity,identity,joint_local,success,,,30.846540567085185,6.265088174117551,0.9613637982823461,1.0902571576964903,0.16143861998571113,0.14693539255934335,0.6620797831231573,0.18489994151400307,0.33752029146132434,0.007307002867901714,0.11764297171917942
initial_0030_primary,primary,joint_local,success,,,261.24573071793014,5.959472561501434,0.9582616358975796,1.0699904897168422,0.12461034936826768,0.07935716761881141,0.599811352810582,0.22662744151522612,0.3619766085575815,0.004742732005438333,0.11938996021970526
initial_0031_identity,identity,joint_local,success,,,61.822548110876824,5.773039091579333,0.9609438237328366,1.0951088069182877,0.036648190295181945,0.13042698756254428,0.7155050042968423,0.18911440304699156,0.35657701284325066,0.0029302381129193435,0.1187379318369434
initial_0036_primary,primary,coordinate_first_birth_fixed_cost,success,,,34.99816678120489,6.206479060846687,0.9602456707427426,1.0889178301004045,0.07930705056729134,0.14198430659647016,0.6053455396832804,0.19096979787755952,0.3474664229788561,0.006,0.11358885656635645
initial_0040_identity,identity,broad_coverage,censored_timeout,unobserved,,,4.8375552338389385,0.9770522240052739,0.9005960338633241,0.7283928677132531,0.2065128048289429,4.728402426253569,35.70740724380193,41.964993192818326,0.0826460446853815,4.560571687500156
initial_0044_block,block,joint_local,censored_timeout,unobserved,,,6.195746714165977,0.960794236362862,1.0336193650623346,0.017758867987614224,0.08814027594508089,0.6212605523080553,0.1870584992106701,0.36340445812103794,0.003490260985170037,0.11351628156539642
initial_0060_primary,primary,coordinate_beta_annual,success,,,32.471433690300174,6.206479060846687,0.9602151885782808,1.0889178301004045,0.07930705056729134,0.14198430659647016,0.6465287075719173,0.19096979787755952,0.3474664229788561,0.006,0.11358885656635645
initial_0069_primary,primary,coordinate_kappa_fert,success,,,32.868855725417134,6.206479060846687,0.9602456707427426,1.0889178301004045,0.07930705056729134,0.14198430659647016,0.6465287075719173,0.1754787066364249,0.3474664229788561,0.006,0.11358885656635645
initial_0070_identity,identity,coordinate_kappa_fert,success,,,50.092332199955464,6.206479060846687,0.9602456707427426,1.0889178301004045,0.07930705056729134,0.14198430659647016,0.6465287075719173,0.2106566503148106,0.3474664229788561,0.004,0.1165334502974128
initial_0048_primary,primary,coordinate_delta_alpha_jump,success,,,35.696502517042894,6.206479060846687,0.9602456707427426,1.0889178301004045,0.07930705056729134,0.1499373827865696,0.6465287075719173,0.19096979787755952,0.3474664229788561,0.006,0.11358885656635645
initial_0062_block,block,coordinate_beta_annual,success,,,34.109991150275526,6.206479060846687,0.9592750489687011,1.0889178301004045,0.07930705056729134,0.14198430659647016,0.6465287075719173,0.19096979787755952,0.3474664229788561,0.006,0.11358885656635645
initial_0057_primary,primary,coordinate_H0,success,,,34.20914635869541,6.004763832322947,0.9602456707427426,1.0889178301004045,0.07930705056729134,0.14198430659647016,0.6465287075719173,0.19096979787755952,0.3474664229788561,0.006,0.11358885656635645
initial_0050_block,block,coordinate_delta_alpha_jump,success,,,42.1886123740681,6.206479060846687,0.9602456707427426,1.0889178301004045,0.07930705056729134,0.1573862756711273,0.6465287075719173,0.19096979787755952,0.3474664229788561,0.006,0.11358885656635645
initial_0058_identity,identity,coordinate_H0,success,,,37.927319990340905,5.883142693549633,0.9602456707427426,1.0889178301004045,0.07930705056729134,0.14198430659647016,0.6465287075719173,0.19096979787755952,0.3474664229788561,0.004,0.1165334502974128
initial_0068_block,block,joint_local,success,,,73.99262986952417,6.497882418044824,0.9594184942916308,1.0970739858329817,0.12085073003419741,0.17787410687249203,0.6673578624109535,0.1796712841333383,0.3888406224894953,0.010290907425594449,0.11094794217663227
initial_0054_primary,primary,joint_local,success,,,50.11529895361859,6.148491528071928,0.9597345186949119,1.0982353395747977,0.06884690593599797,0.1374282656469775,0.6214399694105907,0.1883626856486252,0.34474442753838475,0.0024163847666138264,0.12371736172084465
initial_0059_block,block,coordinate_H0,success,,,33.111447446616914,6.307605041135962,0.9602456707427426,1.0889178301004045,0.07930705056729134,0.14198430659647016,0.6465287075719173,0.19096979787755952,0.3474664229788561,0.006,0.11358885656635645
initial_0052_identity,identity,broad_coverage,inadmissible,initial_psi_housing_solve,Initial housing equilibrium failed its unchanged strict gate,,28.97562995762836,0.9555681457491021,3.463892523969095,0.3879937672809434,0.15633380041828995,6.627909268979696,12.840880361781844,44.172034098964396,0.00641110125810473,5.48782259428524
initial_0063_primary,primary,broad_coverage,inadmissible,initial_psi_housing_solve,Initial housing equilibrium failed its unchanged strict gate,,43.14772648779788,0.9610887598422816,0.34388728863005175,0.34100035808476714,0.1360363726030541,0.8458193291899567,40.242926945344955,40.54118929629146,0.06059361657910259,2.471280459306934
initial_0065_block,block,broad_coverage,inadmissible,initial_psi_housing_solve,Initial housing equilibrium failed its unchanged strict gate,,32.35643240209298,0.9557137750945074,4.097204689141245,0.14108984214889464,0.09086651511043556,4.890674060663014,33.935333641099355,7.9135841819803145,0.005883675945259212,7.406436751040924
initial_0051_primary,primary,broad_coverage,inadmissible,initial_psi_housing_solve,Initial housing equilibrium failed its unchanged strict gate,,36.81404890385928,0.9485514685872396,1.5703629363970781,0.3237084252409115,0.16629458135166214,4.432075395302064,33.22907040242748,46.643736070332,0.005461987742467365,4.5425859883829895
initial_0064_identity,identity,broad_coverage,inadmissible,initial_psi_housing_solve,Initial housing equilibrium failed its unchanged strict gate,,27.729780833927737,0.9784822315158526,2.731272261746388,0.3270351421940064,0.1268564230361739,3.015072343014377,0.3002890253114637,27.49414787362332,0.005863202394158241,5.629789061160301
initial_0053_block,block,broad_coverage,inadmissible,initial_psi_housing_solve,Initial housing equilibrium failed its unchanged strict gate,,31.723120601349162,0.982448559663287,4.697578599655072,0.0007293974681294558,0.06088483653281526,6.563442491188978,5.616977528305893,2.9676160375006324,0.0496898631366969,0.9966812241018514
initial_0071_block,block,coordinate_kappa_fert,success,,,64.18596843950306,6.206479060846687,0.9602456707427426,1.0889178301004045,0.07930705056729134,0.14198430659647016,0.6465287075719173,0.22385323665954276,0.3474664229788561,0.006,0.11358885656635645
initial_0061_identity,identity,coordinate_beta_annual,success,,,34.08291492583803,6.206479060846687,0.9607910121420374,1.0889178301004045,0.07930705056729134,0.14198430659647016,0.6465287075719173,0.19096979787755952,0.3474664229788561,0.004,0.1165334502974128
initial_0056_block,block,joint_local,success,,,99.5222395479434,5.7615390920587455,0.9586663372876105,1.124160895856504,0.10716218788448979,0.12466239339743468,0.6083341683740044,0.1882141882121644,0.37058534045419383,0.008956254395085345,0.11645822783777214
initial_0066_primary,primary,joint_local,success,,,240.41124896732924,5.759893441061304,0.9598741807709045,1.032911000042022,0.0,0.13910301041410988,0.6494029757669028,0.19929199791135815,0.37459561973136213,0.023112138423486757,0.118372094609036
initial_0055_identity,identity,joint_local,success,,,98.09403747162116,6.032806270393689,0.9599037075438105,1.074542546352596,0.07474714243447787,0.13460857354781589,0.6774669241395137,0.22090826053761417,0.39619313978102366,0.0010000000000000002,0.12238880008747202
initial_0067_identity,identity,joint_local,success,,,75.61011384867267,6.4968922285224115,0.961280973264362,1.0781978105645995,0.09232846500382948,0.133389564902091,0.6588675772644,0.16444493369711016,0.3978553672287046,0.0063794091705088275,0.12185726096982478
initial_0049_identity,identity,coordinate_delta_alpha_jump,success,,,130.93347696393357,6.206479060846687,0.9602456707427426,1.0889178301004045,0.07930705056729134,0.09331728890737648,0.6465287075719173,0.19096979787755952,0.3474664229788561,0.004,0.1165334502974128
initial_0083_block,block,coordinate_child_benefit_curvature,success,,,32.63873651346628,6.206479060846687,0.9602456707427426,1.0889178301004045,0.15270926818491723,0.14198430659647016,0.6465287075719173,0.19096979787755952,0.3474664229788561,0.006,0.11358885656635645
initial_0086_block,block,coordinate_tenure_choice_kappa,success,,,31.24849672458842,6.206479060846687,0.9602456707427426,1.0889178301004045,0.07930705056729134,0.14198430659647016,0.6465287075719173,0.19096979787755952,0.3474664229788561,0.006817420440312001,0.11358885656635645
initial_0081_primary,primary,coordinate_child_benefit_curvature,success,,,32.84138914307685,6.206479060846687,0.9602456707427426,1.0889178301004045,0.050889063695608416,0.14198430659647016,0.6465287075719173,0.19096979787755952,0.3474664229788561,0.006,0.11358885656635645
initial_0095_block,block,coordinate_chi,success,,,69.40845712070045,6.206479060846687,0.9602456707427426,1.0679044034069676,0.07930705056729134,0.14198430659647016,0.6465287075719173,0.19096979787755952,0.3474664229788561,0.006,0.11358885656635645
initial_0084_primary,primary,coordinate_tenure_choice_kappa,success,,,35.12715060919366,6.206479060846687,0.9602456707427426,1.0889178301004045,0.07930705056729134,0.14198430659647016,0.6465287075719173,0.19096979787755952,0.3474664229788561,0.003745160214703866,0.11358885656635645
initial_0077_block,block,broad_coverage,inadmissible,initial_psi_housing_solve,Initial housing equilibrium failed its unchanged strict gate,,43.34108133836938,0.9730824828852246,1.7543216634678183,0.018972985935307385,0.035939508409730786,4.403848966188642,3.174475039924256,32.46375961684417,0.0011152858783619304,4.6920059356250645
initial_0092_block,block,joint_local,success,,,137.3261159906008,6.254839864522959,0.9588456037855678,1.0644638046030273,0.07825258368125716,0.13604006482015024,0.6376915853048502,0.18547436142536813,0.35624570734222594,0.0037317394645623703,0.10277628256526875
initial_0093_primary,primary,coordinate_chi,success,,,98.3672172185457,6.206479060846687,0.9602456707427426,1.061016821302389,0.07930705056729134,0.14198430659647016,0.6465287075719173,0.19096979787755952,0.3474664229788561,0.006,0.11358885656635645
initial_0075_primary,primary,broad_coverage,inadmissible,initial_psi_housing_solve,Initial housing equilibrium failed its unchanged strict gate,,26.79855431022964,0.9782918613243887,0.3335603038414625,0.5096246560014664,0.11852508968751507,1.8355602084445488,19.604680649098825,49.17563513154429,0.0090411545873027,6.801075447503761
initial_0088_identity,identity,broad_coverage,inadmissible,initial_psi_housing_solve,Initial housing equilibrium failed its unchanged strict gate,,29.401935396889094,0.9631835456314229,3.529433878000198,0.6765729976635864,0.07763601933638445,5.647297406339147,1.3947701731008224,5.300027734924979,0.020565126558965623,7.88290060389653
initial_0089_block,block,broad_coverage,inadmissible,initial_psi_housing_solve,Initial housing equilibrium failed its unchanged strict gate,,36.22957065128595,0.9732333071666819,0.9814617238885298,0.39193970475736856,0.1725908144848691,7.36001654487341,30.348104822131877,8.419150378174686,0.00987815810907603,2.354031491630831
initial_0091_identity,identity,joint_local,success,,,171.3434717004294,6.535688136725818,0.9621489784654276,1.107777120008973,0.10143420783620875,0.17821269461655798,0.667246169424379,0.13516470472971667,0.3823942652798542,0.0010000000000000002,0.1427988354121386
initial_0080_block,block,joint_local,success,,,53.375978279080364,6.05928024679319,0.9608216475596046,1.093359855523125,0.2604501585818229,0.14734258216529533,0.6427512353970083,0.20101994836440784,0.37106480080674437,0.005698719314390165,0.11702808067873677
initial_0076_identity,identity,broad_coverage,inadmissible,initial_psi_housing_solve,Initial housing equilibrium failed its unchanged strict gate,,70.98048960545195,0.9682979565460552,4.44898883637661,0.7416747473984447,0.10845433503249727,4.889428734982094,5.03044080552272,23.12439463363275,0.002584023780891184,2.266049994603958
initial_0072_primary,primary,coordinate_kappa_fert_continuation,success,,,54.08191259089923,6.206479060846687,0.9602456707427426,1.0889178301004045,0.07930705056729134,0.14198430659647016,0.6465287075719173,0.19096979787755952,0.30581460541942995,0.006,0.11358885656635645
initial_0085_identity,identity,coordinate_tenure_choice_kappa,success,,,65.34007051077609,6.4968922285224115,0.961280973264362,1.0781978105645995,0.09232846500382948,0.133389564902091,0.6588675772644,0.16444493369711016,0.3978553672287046,0.012514516826163469,0.12185726096982478
initial_0094_identity,identity,coordinate_chi,success,,,69.22816590111525,6.4968922285224115,0.961280973264362,1.0923516354329625,0.09232846500382948,0.133389564902091,0.6588675772644,0.16444493369711016,0.3978553672287046,0.0063794091705088275,0.12185726096982478
initial_0082_identity,identity,coordinate_child_benefit_curvature,success,,,75.95206703658346,6.4968922285224115,0.961280973264362,1.0781978105645995,0.13520100261195578,0.133389564902091,0.6588675772644,0.16444493369711016,0.3978553672287046,0.0063794091705088275,0.12185726096982478
initial_0074_block,block,coordinate_kappa_fert_continuation,success,,,68.34224322671673,6.206479060846687,0.9602456707427426,1.0889178301004045,0.07930705056729134,0.14198430659647016,0.6465287075719173,0.19096979787755952,0.2925345715174325,0.006,0.11358885656635645
initial_0079_identity,identity,joint_local,success,,,149.90188544116833,7.165452629223224,0.9606415131322862,1.1069757514403522,0.25263996836068364,0.14885280538890314,0.6738110325610298,0.16264796885535696,0.41891152570079215,0.004903374600177046,0.13232304195963468
initial_0073_identity,identity,coordinate_kappa_fert_continuation,censored_timeout,unobserved,,,6.4968922285224115,0.961280973264362,1.0781978105645995,0.09232846500382948,0.133389564902091,0.6588675772644,0.16444493369711016,0.43654751313681306,0.0063794091705088275,0.12185726096982478
initial_0078_primary,primary,joint_local,censored_timeout,unobserved,,,6.673614416383227,0.9592831810808716,1.1197814908903845,0.03864115761725249,0.13809482485540261,0.5898281529625108,0.19463551025779233,0.38754165792642614,0.00728424496823217,0.11194953113618408
initial_0087_primary,primary,broad_coverage,censored_timeout,unobserved,,,11.00959218029011,0.9841112576666308,1.9250239691018496,0.34973750200584625,0.22038114345431656,3.0357650497734534,31.264165663996867,44.669745126689556,0.013386541440056642,1.0045274774541948
initial_0090_primary,primary,joint_local,censored_timeout,unobserved,,,7.029288231110461,0.96178393796995,1.1017264107257139,0.20879665375490888,0.11559718420417327,0.6617599858268338,0.21491392655336403,0.28747304564679366,0.0071469419123917155,0.10838935817844898
initial_0102_primary,primary,joint_local,success,,,71.80088023812624,6.315889825085505,0.9610569111737803,1.0564678030441101,0.1713215661409869,0.11951553592091359,0.6382005553941643,0.19967248012702993,0.3437308360598949,0.006347841056814617,0.10111232333840733
initial_0098_block,block,coordinate_first_birth_fixed_cost,success,,,33.645617418193986,6.206479060846687,0.9602456707427426,1.0889178301004045,0.07930705056729134,0.14198430659647016,0.6839013032423799,0.19096979787755952,0.3474664229788561,0.006817420440312001,0.11358885656635645
initial_0107_block,block,coordinate_theta0,success,,,31.272327758972246,6.206479060846687,0.9602456707427426,1.0889178301004045,0.07930705056729134,0.14198430659647016,0.6465287075719173,0.19096979787755952,0.3474664229788561,0.006817420440312001,0.1107761905428157
initial_0110_block,block,coordinate_delta_alpha_jump,success,,,31.234135198771423,6.206479060846687,0.9602456707427426,1.0889178301004045,0.07930705056729134,0.14191834048688282,0.6465287075719173,0.19096979787755952,0.3474664229788561,0.006817420440312001,0.11358885656635645
initial_0114_primary,primary,joint_local,success,,,331.10921615093173,6.53144534243005,0.9598980357520027,1.1196842064204762,0.05553901913992911,0.07926714244340465,0.6762898810501199,0.2176819360268628,0.29792705936688907,0.003826347790072463,0.10785431228194564
initial_0117_primary,primary,coordinate_H0,success,,,32.622126343588135,6.272977208096836,0.9602456707427426,1.0889178301004045,0.07930705056729134,0.14198430659647016,0.6465287075719173,0.19096979787755952,0.3474664229788561,0.006,0.11358885656635645
initial_0108_primary,primary,coordinate_delta_alpha_jump,success,,,39.98675133991887,6.206479060846687,0.9602456707427426,1.0889178301004045,0.07930705056729134,0.12517132796680458,0.6465287075719173,0.19096979787755952,0.3474664229788561,0.006,0.11358885656635645
initial_0115_identity,identity,joint_local,success,,,475.5078116644138,6.352564371070306,0.9613949462978624,1.0247215397805327,0.0,0.18213977613521945,0.6754139910918235,0.15986604367600762,0.38091230275988897,0.00963244373343879,0.11947115112184249
initial_0105_primary,primary,coordinate_theta0,success,,,32.499265307332735,6.206479060846687,0.9602456707427426,1.0889178301004045,0.07930705056729134,0.14198430659647016,0.6465287075719173,0.19096979787755952,0.3474664229788561,0.006,0.10116527464221092
initial_0111_primary,primary,broad_coverage,inadmissible,initial_psi_housing_solve,Initial housing equilibrium failed its unchanged strict gate,,17.123374464960293,0.9543965847556104,0.7787521636870783,0.04453262427983207,0.008675798417512287,4.221469972997958,40.56713945569378,43.75261573597776,0.0016509724487958825,7.173489429921577
initial_0100_identity,identity,broad_coverage,inadmissible,initial_psi_housing_solve,Initial housing equilibrium failed its unchanged strict gate,,78.85553985622823,0.9848249054818644,1.9965224975579963,0.7712548572093407,0.03349462795614927,6.813261120220296,38.073755958394614,33.521031841277406,0.004907855598848427,5.108274349079195
initial_0099_primary,primary,broad_coverage,inadmissible,initial_psi_housing_solve,Initial housing equilibrium failed its unchanged strict gate,,78.17787616252178,0.9662677230722727,0.7027765465648168,0.4044159056124015,0.0052387512257390245,4.801495475924683,4.715997069475434,0.4679830671088794,0.04920485300981128,4.857533629827627
initial_0112_identity,identity,broad_coverage,inadmissible,initial_psi_housing_solve,Initial housing equilibrium failed its unchanged strict gate,,35.75973438549928,0.9494513531593289,3.85492052711799,0.30264958806586373,0.10514355023344252,1.343736554528265,46.93433601806688,8.41912644080289,0.004258532123004425,1.2226667827745406
initial_0101_block,block,broad_coverage,inadmissible,initial_psi_housing_solve,Initial housing equilibrium failed its unchanged strict gate,,77.809949158637,0.9713019291419943,3.237424976516003,0.5511418143035438,0.09965664586142958,4.913271039683186,5.713703457231742,46.101915251252606,0.007222083656361804,0.7929676961603729
initial_0113_block,block,broad_coverage,inadmissible,initial_psi_housing_solve,Initial housing equilibrium failed its unchanged strict gate,,40.23956117906454,0.9447080068564708,3.533771814700295,0.6774031872405699,0.20744044579358487,1.536233308451176,0.44912870413154493,39.156540780832835,0.02277024915341031,3.8256787224335964
initial_0096_primary,primary,coordinate_first_birth_fixed_cost,success,,,37.9555242903865,6.206479060846687,0.9602456707427426,1.0889178301004045,0.07930705056729134,0.14198430659647016,0.5867927142086475,0.19096979787755952,0.3474664229788561,0.006,0.11358885656635645
initial_0116_block,block,joint_local,success,,,35.81071025891243,6.399245277514682,0.9585494845056498,1.0966602666414969,0.0,0.1529908738080123,0.6639461264666321,0.20078858653826614,0.3645996346326295,0.011081939355239526,0.11328886838302822
initial_0106_identity,identity,coordinate_theta0,success,,,65.21699389269519,6.4968922285224115,0.961280973264362,1.0781978105645995,0.09232846500382948,0.133389564902091,0.6588675772644,0.16444493369711016,0.3978553672287046,0.012514516826163469,0.12915335614854975
initial_0118_identity,identity,coordinate_H0,success,,,65.37879553155834,6.1727683088823,0.961280973264362,1.0781978105645995,0.09232846500382948,0.133389564902091,0.6588675772644,0.16444493369711016,0.3978553672287046,0.012514516826163469,0.12185726096982478
initial_0119_block,block,coordinate_H0,success,,,38.811014568151776,6.618023451592984,0.9602456707427426,1.0889178301004045,0.07930705056729134,0.14198430659647016,0.6465287075719173,0.19096979787755952,0.3474664229788561,0.006817420440312001,0.11358885656635645
initial_0097_identity,identity,coordinate_first_birth_fixed_cost,censored_timeout,unobserved,,,6.4968922285224115,0.961280973264362,1.0781978105645995,0.09232846500382948,0.133389564902091,0.6108183140999953,0.16444493369711016,0.3978553672287046,0.012514516826163469,0.12185726096982478
initial_0103_identity,identity,joint_local,censored_timeout,unobserved,,,6.5779815195332185,0.9625533146659034,1.0901472609181682,0.022295635221455626,0.1159936940822238,0.6664022398025528,0.18655042138394498,0.38013179509546535,0.00913892542151436,0.12172548139501602
initial_0104_block,block,joint_local,censored_timeout,unobserved,,,6.957860033888234,0.9585214642250368,1.0686850209174898,0.18316079812764133,0.09797702272947348,0.6589703182837754,0.17008666994414928,0.37321540165060957,0.015780342473301432,0.10005583158943768
initial_0109_identity,identity,coordinate_delta_alpha_jump,censored_timeout,unobserved,,,6.4968922285224115,0.961280973264362,1.0781978105645995,0.09232846500382948,0.09711266571663037,0.6588675772644,0.16444493369711016,0.3978553672287046,0.012514516826163469,0.12185726096982478
initial_0143_block,block,coordinate_child_benefit_curvature,success,,,31.628270494806355,6.206479060846687,0.9602456707427426,1.0889178301004045,0.05313361429881113,0.14191834048688282,0.6465287075719173,0.19096979787755952,0.3474664229788561,0.006817420440312001,0.11358885656635645
initial_0131_block,block,coordinate_kappa_fert,success,,,39.350722511598505,6.206479060846687,0.9602456707427426,1.0889178301004045,0.07930705056729134,0.14191834048688282,0.6465287075719173,0.2040003737725082,0.3474664229788561,0.006817420440312001,0.11358885656635645
initial_0127_identity,identity,joint_local,success,,,291.06783547719857,6.172798575727285,0.9617134384878036,1.0610177687091722,0.07476718585795485,0.16604582226944223,0.6958277620786484,0.14923078217532706,0.3781832081311709,0.007174899302874484,0.11736923183134813
initial_0128_block,block,joint_local,success,,,35.98794204196241,5.985146224986865,0.959580661584308,1.0925541485764603,0.07244745623674449,0.15056703098976582,0.6136007731971783,0.1880319213419216,0.35930335092914484,0.00400502490761332,0.1264087170016548
initial_0129_primary,primary,coordinate_kappa_fert,success,,,37.36992760210336,6.206479060846687,0.9602456707427426,1.0889178301004045,0.07930705056729134,0.14198430659647016,0.6465287075719173,0.1997209164329543,0.3474664229788561,0.006,0.11358885656635645
initial_0134_block,block,coordinate_kappa_fert_continuation,success,,,37.033720839963856,6.206479060846687,0.9602456707427426,1.0889178301004045,0.07930705056729134,0.14191834048688282,0.6465287075719173,0.19096979787755952,0.3289997872562343,0.006817420440312001,0.11358885656635645
initial_0122_block,block,coordinate_beta_annual,success,,,35.61381606931787,6.206479060846687,0.9581320170958431,1.0889178301004045,0.07930705056729134,0.14191834048688282,0.6465287075719173,0.19096979787755952,0.3474664229788561,0.006817420440312001,0.11358885656635645
initial_0123_primary,primary,broad_coverage,inadmissible,initial_psi_housing_solve,Initial housing equilibrium failed its unchanged strict gate,,55.483151949559776,0.9658158812087964,0.6123094010963098,0.056623817809300016,0.050627779277396256,5.790757336043186,41.35937215386711,15.084296045255066,0.0032055924493532575,7.436972148446642
initial_0136_identity,identity,broad_coverage,inadmissible,initial_psi_housing_solve,Initial housing equilibrium failed its unchanged strict gate,,20.693319036585606,0.9513854261852113,3.4177107102134814,0.5184383215424718,0.14622191468286053,1.528511650543524,3.5215650028361374,17.946168469026464,0.0010878949948154367,3.0169753422037973
initial_0135_primary,primary,broad_coverage,inadmissible,initial_psi_housing_solve,Initial housing equilibrium failed its unchanged strict gate,,18.4547594094275,0.948660993077969,3.369567009483392,0.4800378696444769,0.01921993472061398,7.034908866132747,45.16351770124315,13.522765653889607,0.01053042608385534,5.174650595504826
initial_0124_identity,identity,broad_coverage,inadmissible,initial_psi_housing_solve,Initial housing equilibrium failed its unchanged strict gate,,37.148829272524374,0.9503598546544624,0.46961324288802375,0.7381523191818444,0.20882649351748545,0.940175893939176,46.29808236141634,12.65826763453547,0.032827529764664354,7.908561403364115
initial_0120_primary,primary,coordinate_beta_annual,success,,,31.265660868505186,6.206479060846687,0.9610677876437507,1.0889178301004045,0.07930705056729134,0.14198430659647016,0.6465287075719173,0.19096979787755952,0.3474664229788561,0.006,0.11358885656635645
initial_0137_block,block,broad_coverage,inadmissible,initial_psi_housing_solve,Initial housing equilibrium failed its unchanged strict gate,,77.96814413040059,0.9426432362695574,1.5275919803277653,0.049095595773695336,0.09387629682419737,6.272178814003041,49.722015806254845,12.225249382293496,0.0026463120907114787,6.338473736991265
initial_0141_primary,primary,coordinate_child_benefit_curvature,success,,,34.318265904121276,6.206479060846687,0.9602456707427426,1.0889178301004045,0.0,0.14198430659647016,0.6465287075719173,0.19096979787755952,0.3474664229788561,0.006,0.11358885656635645
initial_0121_identity,identity,coordinate_beta_annual,success,,,64.17397972530841,6.4968922285224115,0.9608071883127253,1.0781978105645995,0.09232846500382948,0.133389564902091,0.6588675772644,0.16444493369711016,0.3978553672287046,0.012514516826163469,0.12915335614854975
initial_0130_identity,identity,coordinate_kappa_fert,success,,,58.417762018474676,6.4968922285224115,0.961280973264362,1.0781978105645995,0.09232846500382948,0.133389564902091,0.6588675772644,0.1684609777599657,0.3978553672287046,0.012514516826163469,0.12915335614854975
initial_0133_identity,identity,coordinate_kappa_fert_continuation,success,,,53.65746695926136,6.4968922285224115,0.961280973264362,1.0781978105645995,0.09232846500382948,0.133389564902091,0.6588675772644,0.16444493369711016,0.3814444051050225,0.012514516826163469,0.12915335614854975
initial_0125_block,block,broad_coverage,censored_timeout,unobserved,,,6.714135447433131,0.9692900212813291,2.44322382060619,0.5271339118069297,0.08235443255653638,1.5937812669593656,47.08680083590819,7.319152863030795,0.010733043089213544,2.337418064936708
initial_0126_primary,primary,joint_local,censored_timeout,unobserved,,,5.835184302227003,0.9598814769149127,1.0991015880104882,0.2720898036571411,0.17167525836534855,0.6515888232500013,0.19792346532492708,0.3356978643739777,0.009539729988357783,0.12920304689671103
initial_0132_primary,primary,coordinate_kappa_fert_continuation,censored_timeout,unobserved,,,6.206479060846687,0.9602456707427426,1.0889178301004045,0.07930705056729134,0.14198430659647016,0.6465287075719173,0.19096979787755952,0.39916743183900766,0.006,0.11358885656635645
initial_0138_primary,primary,joint_local,censored_timeout,unobserved,,,6.005480312821876,0.9591033912009529,1.1068230748749743,0.07980837248312514,0.18009939316406692,0.653500535848873,0.19416671261632246,0.31059294492676925,0.0023909379914536667,0.12306925586809966
initial_0139_identity,identity,joint_local,censored_timeout,unobserved,,,6.090250806608895,0.9625760676307547,1.0780043988704184,0.010490230097988107,0.13157020517155232,0.6332274762539941,0.17711132225212262,0.45646823024093913,0.010455424637581616,0.13729062167696138
initial_0140_block,block,joint_local,censored_timeout,unobserved,,,6.44855846005333,0.9606773408781107,1.0672141307369258,0.0,0.1537627705726447,0.7147946196963999,0.1705882814897016,0.32004570631979296,0.004971664889803794,0.09854270096084829
initial_0142_identity,identity,coordinate_child_benefit_curvature,censored_timeout,unobserved,,,6.4968922285224115,0.961280973264362,1.0781978105645995,0.024277899843132486,0.133389564902091,0.6588675772644,0.16444493369711016,0.3978553672287046,0.012514516826163469,0.12915335614854975
initial_0153_primary,primary,coordinate_chi,success,,,32.37814820883441,6.206479060846687,0.9610677876437507,1.085408784248828,0.07930705056729134,0.14198430659647016,0.6465287075719173,0.19096979787755952,0.3474664229788561,0.006,0.11358885656635645
initial_0158_block,block,coordinate_first_birth_fixed_cost,success,,,31.667755764457006,6.206479060846687,0.9602456707427426,1.0889178301004045,0.07930705056729134,0.14191834048688282,0.6616348319930119,0.19096979787755952,0.3474664229788561,0.006817420440312001,0.11358885656635645
initial_0165_primary,primary,coordinate_theta0,success,,,31.290915923095532,6.206479060846687,0.9610677876437507,1.0889178301004045,0.07930705056729134,0.14198430659647016,0.6465287075719173,0.19096979787755952,0.3474664229788561,0.006,0.1030900808798812
initial_0146_block,block,coordinate_tenure_choice_kappa,success,,,30.134326166564556,6.206479060846687,0.9602456707427426,1.0889178301004045,0.07930705056729134,0.14191834048688282,0.6465287075719173,0.19096979787755952,0.3474664229788561,0.007770045711149935,0.11358885656635645
initial_0156_primary,primary,coordinate_first_birth_fixed_cost,success,,,32.6572676744074,6.206479060846687,0.9610677876437507,1.0889178301004045,0.07930705056729134,0.14198430659647016,0.6779389135207101,0.19096979787755952,0.3474664229788561,0.006,0.11358885656635645
initial_0144_primary,primary,coordinate_tenure_choice_kappa,success,,,52.629797180906735,6.206479060846687,0.9610677876437507,1.0889178301004045,0.07930705056729134,0.14198430659647016,0.6465287075719173,0.19096979787755952,0.3474664229788561,0.018632943486818664,0.11358885656635645
initial_0155_block,block,coordinate_chi,success,,,61.2519081204661,6.206479060846687,0.9602456707427426,1.1213311764964764,0.07930705056729134,0.14191834048688282,0.6465287075719173,0.19096979787755952,0.3474664229788561,0.006817420440312001,0.11358885656635645
initial_0167_block,block,coordinate_theta0,success,,,31.19356924716039,6.206479060846687,0.9602456707427426,1.0889178301004045,0.07930705056729134,0.14191834048688282,0.6465287075719173,0.19096979787755952,0.3474664229788561,0.006817420440312001,0.1285247853946876
initial_0149_block,block,broad_coverage,inadmissible,initial_psi_housing_solve,Initial housing equilibrium failed its unchanged strict gate,,73.5078105528346,0.9677190271802957,1.1777504831217405,0.6881923153723859,0.2370836717247246,0.6057469112668121,33.66087337585691,23.573923491597434,0.002312606423968922,3.636161396746102
initial_0147_primary,primary,broad_coverage,inadmissible,initial_psi_housing_solve,Initial housing equilibrium failed its unchanged strict gate,,76.79023260569727,0.9704982442719522,1.0108030427624042,0.19405970475205303,0.061199518676747805,5.1941855467679465,44.82967657757907,36.513311410929084,0.0032906166259475144,5.818695701199497
initial_0160_identity,identity,broad_coverage,inadmissible,initial_psi_housing_solve,Initial housing equilibrium failed its unchanged strict gate,,45.78666391983039,0.981149775457096,1.4967486042457026,0.764068318917313,0.2232564049629592,2.8705832470349133,1.1396777692161368,27.28173999231662,0.0312605246202837,3.4936224020417814
initial_0159_primary,primary,broad_coverage,inadmissible,initial_psi_housing_solve,Initial housing equilibrium failed its unchanged strict gate,,54.26932907595321,0.9455820848873218,2.182334973598133,0.12303018842457521,0.19476600634753036,5.516068194303578,2.242936822331161,30.764603453335543,0.09700143541075813,3.1900349124657863
initial_0148_identity,identity,broad_coverage,inadmissible,initial_psi_housing_solve,Initial housing equilibrium failed its unchanged strict gate,,1.5056695260769415,0.9842183289646151,3.937879115840888,0.24104107161879096,0.09108131057136629,3.1868014118446526,1.806972095665589,6.672564764631525,0.004262053276739611,0.7704570909690469
initial_0161_block,block,broad_coverage,inadmissible,initial_psi_housing_solve,Initial housing equilibrium failed its unchanged strict gate,,45.67230825996781,0.964638290057937,2.8082964113061766,0.5502599919992756,0.23637843204504602,2.0103676229700715,39.947266623160466,30.18315745500177,0.013871102007768801,0.4462642059484585
initial_0152_block,block,joint_local,success,,,58.231017129133186,6.324423547321403,0.9610179932802448,1.0961939346803358,0.007142271462172306,0.11642947142142271,0.668648429871969,0.20982419565624308,0.3412295674432693,0.009903219482523895,0.13924037211725213
initial_0164_block,block,joint_local,success,,,161.64480187357805,5.9173174433291145,0.9597263535876508,1.0691124471473195,0.14343617561362268,0.10967993824264785,0.6018148314804256,0.19509356697775532,0.34330362231498995,0.01680513306968512,0.10616036065233143
initial_0154_identity,identity,coordinate_chi,success,,,81.89908247705394,6.4968922285224115,0.961280973264362,1.0537924701760908,0.09232846500382948,0.133389564902091,0.6588675772644,0.16444493369711016,0.3978553672287046,0.012514516826163469,0.12915335614854975
initial_0166_identity,identity,coordinate_theta0,success,,,65.16081997449002,6.4968922285224115,0.961280973264362,1.0781978105645995,0.09232846500382948,0.133389564902091,0.6588675772644,0.16444493369711016,0.3978553672287046,0.012514516826163469,0.1329090289720423
initial_0162_primary,primary,joint_local,success,,,65.74264050015297,6.2117401021547405,0.9617271617020818,1.1275877351268275,0.1067927386135564,0.14656988334372523,0.6811236090977859,0.18608981209165112,0.3382507015146066,0.006574858474466307,0.10646052962010308
initial_0145_identity,identity,coordinate_tenure_choice_kappa,success,,,221.825848276545,6.4968922285224115,0.961280973264362,1.0781978105645995,0.09232846500382948,0.133389564902091,0.6588675772644,0.16444493369711016,0.3978553672287046,0.031629340441470866,0.12915335614854975
initial_0150_primary,primary,joint_local,success,,,64.67557029479532,5.990194642194398,0.9600308610874584,1.0814970796978887,0.2913067725910261,0.14827882288710886,0.6448983652707897,0.20804005481208013,0.3692028697498008,0.013011519999482517,0.10775592273750811
initial_0151_identity,identity,joint_local,success,,,201.2572722124387,6.923007068878414,0.9611845782215472,1.0294313372678576,0.06811697869034175,0.15968045623647378,0.6754057462829947,0.1414214273318771,0.4017166707516458,0.017043250438147528,0.1293416257333592
initial_0157_identity,identity,coordinate_first_birth_fixed_cost,censored_timeout,unobserved,,,6.4968922285224115,0.961280973264362,1.0781978105645995,0.09232846500382948,0.133389564902091,0.616537359916345,0.16444493369711016,0.3978553672287046,0.012514516826163469,0.12915335614854975
initial_0163_identity,identity,joint_local,censored_timeout,unobserved,,,6.761341860638222,0.9601204401624798,1.0891816064753563,0.1445540534099854,0.130327257245141,0.655703293757123,0.1795139684913759,0.409259306613806,0.01488427425229305,0.14707213407838726
initial_0170_block,block,coordinate_delta_alpha_jump,success,,,32.40079158021121,6.206479060846687,0.9602456707427426,1.0889178301004045,0.07930705056729134,0.1471988301225014,0.6465287075719173,0.19096979787755952,0.3474664229788561,0.007770045711149935,0.11358885656635645
initial_0182_block,block,coordinate_beta_annual,success,,,28.488521375232327,6.206479060846687,0.9613121916303761,1.0889178301004045,0.07930705056729134,0.14191834048688282,0.6465287075719173,0.19096979787755952,0.3474664229788561,0.007770045711149935,0.11358885656635645
initial_0191_block,block,coordinate_kappa_fert,success,,,29.64742426071023,6.206479060846687,0.9602456707427426,1.0889178301004045,0.07930705056729134,0.14191834048688282,0.6465287075719173,0.17940071863125695,0.3474664229788561,0.007770045711149935,0.11358885656635645
initial_0187_identity,identity,joint_local,success,,,71.5670871526427,6.638470774788933,0.9610633203826549,1.0448849046491722,0.13357157037570502,0.16896136251011046,0.6931936508280806,0.18867383394419784,0.388967822214147,0.015213604411580345,0.1387833013259545
initial_0189_primary,primary,coordinate_kappa_fert,success,,,30.04356190718339,6.206479060846687,0.9610677876437507,1.0889178301004045,0.07930705056729134,0.14198430659647016,0.6465287075719173,0.18602764064869315,0.3474664229788561,0.006,0.11358885656635645
initial_0180_primary,primary,coordinate_beta_annual,success,,,31.161076396807427,6.206479060846687,0.9611521528912379,1.0889178301004045,0.07930705056729134,0.14198430659647016,0.6465287075719173,0.19096979787755952,0.3474664229788561,0.006,0.11358885656635645
initial_0168_primary,primary,coordinate_delta_alpha_jump,success,,,50.825649046936206,6.206479060846687,0.9610677876437507,1.0889178301004045,0.07930705056729134,0.16496595982404072,0.6465287075719173,0.19096979787755952,0.3474664229788561,0.006,0.11358885656635645
initial_0174_primary,primary,joint_local,success,,,38.23620680244191,6.601452192511405,0.9596699893458293,1.0784667356705024,0.13184129895707153,0.12738131751145082,0.6150144710561742,0.17708174891687264,0.3288422109555167,0.007348033881072194,0.11610486206229013
initial_0172_identity,identity,broad_coverage,inadmissible,initial_psi_housing_solve,Initial housing equilibrium failed its unchanged strict gate,,20.418658507903277,0.9685761178840382,4.355864275075553,0.5070754873877219,0.08141069513511581,7.8979362732382175,13.783490283510842,33.64788349400991,0.0065690708827901385,1.901612195304728
initial_0185_block,block,broad_coverage,inadmissible,initial_psi_housing_solve,Initial housing equilibrium failed its unchanged strict gate,,62.17673879694177,0.9633802354237602,3.1380741252113973,0.009198097579192056,0.21840138898970732,3.48183684856631,39.49176846194428,5.584358210340826,0.030050691767286145,4.689617865966864
initial_0183_primary,primary,broad_coverage,inadmissible,initial_psi_housing_solve,Initial housing equilibrium failed its unchanged strict gate,,68.5756326453658,0.988604052733443,4.695416549355451,0.5672049561582881,0.0692559307634816,5.413089913244502,21.755684824318998,43.41846568642524,0.0015517561086363276,5.632665630093426
initial_0184_identity,identity,broad_coverage,inadmissible,initial_psi_housing_solve,Initial housing equilibrium failed its unchanged strict gate,,73.50223744738605,0.9719628771475186,4.944201908222309,0.7990753678772395,0.16809711239347308,7.463624634692462,11.97668133324202,49.9690143718294,0.03362815414012528,3.4621665765105494
initial_0173_block,block,broad_coverage,inadmissible,initial_psi_housing_solve,Initial housing equilibrium failed its unchanged strict gate,,35.06382744880296,0.9884438573986515,3.5935594234327803,0.6617733701032342,0.11779382219854564,6.3014195576316645,11.744064792191573,44.408069922877466,0.012627510670111789,1.9250848617163143
initial_0179_block,block,coordinate_H0,success,,,30.660132713220197,6.122961495504592,0.9602456707427426,1.0889178301004045,0.07930705056729134,0.14191834048688282,0.6465287075719173,0.19096979787755952,0.3474664229788561,0.007770045711149935,0.11358885656635645
initial_0188_block,block,joint_local,success,,,84.18374660202964,6.205471617526369,0.9583669265218492,1.1118984912909406,0.11148343586945057,0.09684649281671942,0.6714642027439864,0.18739996913777762,0.32559402530030407,0.012547891926610776,0.12158501993119038
initial_0171_primary,primary,broad_coverage,inadmissible,initial_psi_housing_solve,Initial housing equilibrium failed its unchanged strict gate,,21.164678121161025,0.960208708828231,1.9833693302902928,0.4019413553059953,0.1626517816880723,2.5328663060241743,39.70312316738565,9.560581094132255,0.01976948760702403,2.0529884766057016
initial_0177_primary,primary,coordinate_H0,success,,,44.655561046658356,6.760417346631338,0.9610677876437507,1.0889178301004045,0.07930705056729134,0.14198430659647016,0.6465287075719173,0.19096979787755952,0.3474664229788561,0.006,0.11358885656635645
initial_0181_identity,identity,coordinate_beta_annual,success,,,68.69046449931801,6.4968922285224115,0.9626545169663449,1.0781978105645995,0.09232846500382948,0.133389564902091,0.6588675772644,0.16444493369711016,0.3978553672287046,0.012514516826163469,0.1329090289720423
initial_0190_identity,identity,coordinate_kappa_fert,success,,,44.597803019421335,6.4968922285224115,0.961280973264362,1.0781978105645995,0.09232846500382948,0.133389564902091,0.6588675772644,0.20588493291081414,0.3978553672287046,0.012514516826163469,0.1329090289720423
initial_0175_identity,identity,joint_local,success,,,228.4801235835155,6.387351149307788,0.9613391058822036,1.0378023892729558,0.12163673856292156,0.12534766375077197,0.7377847808487308,0.16860435253035674,0.3997865459760924,0.025693055417843114,0.1296241868010063
initial_0169_identity,identity,coordinate_delta_alpha_jump,censored_timeout,unobserved,,,6.4968922285224115,0.961280973264362,1.0781978105645995,0.09232846500382948,0.11293710571262908,0.6588675772644,0.16444493369711016,0.3978553672287046,0.012514516826163469,0.1329090289720423
initial_0176_block,block,joint_local,censored_timeout,unobserved,,,6.051652089999376,0.9596996165116921,1.1107911916435278,0.18125973137570792,0.20292246149217383,0.6336058435482494,0.17398320958555377,0.3315043132460168,0.0015830845614796054,0.11725818284897176
initial_0178_identity,identity,coordinate_H0,censored_timeout,unobserved,,,6.88210677133635,0.961280973264362,1.0781978105645995,0.09232846500382948,0.133389564902091,0.6588675772644,0.16444493369711016,0.3978553672287046,0.012514516826163469,0.1329090289720423
initial_0186_primary,primary,joint_local,censored_timeout,unobserved,,,6.3375567399572725,0.9618736823825408,1.0652065422207078,0.057959613599081236,0.11902136543243057,0.617991705387564,0.1902905524006997,0.35460697982848416,0.003454323481787199,0.11861357503517446
initial_0198_primary,primary,joint_local,success,,,111.66683457228139,6.462949345165397,0.9599454391758744,1.0775793144778254,0.07197626069140259,0.13922673881251954,0.6988068656653754,0.1605195072496961,0.34921705289332006,0.004345303833318522,0.11723794608964232
initial_0204_primary,primary,coordinate_tenure_choice_kappa,success,,,32.249652982537384,6.206479060846687,0.9610677876437507,1.0889178301004045,0.07930705056729134,0.14198430659647016,0.6465287075719173,0.18602764064869315,0.3474664229788561,0.004178412666864668,0.11358885656635645
initial_0203_block,block,coordinate_child_benefit_curvature,success,,,28.593365274017025,6.206479060846687,0.9613121916303761,1.0889178301004045,0.12935873464690173,0.14191834048688282,0.6465287075719173,0.19096979787755952,0.3474664229788561,0.007770045711149935,0.11358885656635645
initial_0213_primary,primary,coordinate_chi,success,,,70.32600022281815,6.206479060846687,0.9610677876437507,1.0674740947522234,0.07930705056729134,0.14198430659647016,0.6465287075719173,0.18602764064869315,0.3474664229788561,0.006,0.11358885656635645
initial_0206_block,block,coordinate_tenure_choice_kappa,success,,,33.759172207598276,6.206479060846687,0.9613121916303761,1.0889178301004045,0.07930705056729134,0.14191834048688282,0.6465287075719173,0.19096979787755952,0.3474664229788561,0.0034590216417077525,0.11358885656635645
initial_0200_block,block,joint_local,success,,,55.47268252774975,6.234805889622919,0.96071047694712,1.0984069142083055,0.11766859323905074,0.17971726065726698,0.6195245124913963,0.17145068155703397,0.3805175023187046,0.017178105658988214,0.09851536525492867
initial_0208_identity,identity,broad_coverage,inadmissible,initial_psi_housing_solve,Initial housing equilibrium failed its unchanged strict gate,,50.56889129669691,0.9541669662731693,0.3476782250922639,0.7315788208040819,0.004982478682289043,3.5242303458279958,21.35138665993929,11.320193719203557,0.0023215844188797176,6.031322655603854
initial_0197_block,block,broad_coverage,inadmissible,initial_psi_housing_solve,Initial housing equilibrium failed its unchanged strict gate,,64.52170969553353,0.9788969509922123,2.6323473918728006,0.7405427077075215,0.04666680046257246,5.411169984771386,23.983942111967625,18.458950684267155,0.01915177025851718,6.137747083919585
initial_0209_block,block,broad_coverage,inadmissible,initial_psi_housing_solve,Initial housing equilibrium failed its unchanged strict gate,,40.25890384698691,0.9418449759919079,4.746654527648981,0.4276191565225486,0.19148013935308894,6.061820229344427,3.632516838246452,40.36178051608123,0.09868891516201496,7.702125916059825
initial_0196_identity,identity,broad_coverage,inadmissible,initial_psi_housing_solve,Initial housing equilibrium failed its unchanged strict gate,,69.4299843890598,0.9597548731942345,3.02405585625934,0.6712751484707467,0.1935717452445963,7.291436891604791,36.0862551635386,10.815622540635905,0.008642701407667867,3.0842672610992077
initial_0195_primary,primary,broad_coverage,inadmissible,initial_psi_housing_solve,Initial housing equilibrium failed its unchanged strict gate,,29.14435100033283,0.9891754860788738,2.9427806682146334,0.11728906579916627,0.15232520252831588,5.1371412925766435,45.63411066317749,7.69915673274905,0.00452006466511127,1.6084434210232192
initial_0207_primary,primary,broad_coverage,inadmissible,initial_psi_housing_solve,Initial housing equilibrium failed its unchanged strict gate,,78.87571924113772,0.9787123076160531,0.7476293461327282,0.5075282457045581,0.18645742591335224,1.8596150254203776,7.1793382331074795,15.204515436353974,0.07291560563289513,5.774043777992189
initial_0192_primary,primary,coordinate_kappa_fert_continuation,success,,,48.81966209112647,6.206479060846687,0.9610677876437507,1.0889178301004045,0.07930705056729134,0.14198430659647016,0.6465287075719173,0.18602764064869315,0.30612327166816594,0.006,0.11358885656635645
initial_0215_block,block,coordinate_chi,success,,,165.57628418833147,6.206479060846687,0.9613121916303761,1.0354018667308118,0.07930705056729134,0.14191834048688282,0.6465287075719173,0.19096979787755952,0.3474664229788561,0.007770045711149935,0.11358885656635645
initial_0194_block,block,coordinate_kappa_fert_continuation,success,,,31.796223009149067,6.206479060846687,0.9613121916303761,1.0889178301004045,0.07930705056729134,0.14191834048688282,0.6465287075719173,0.19096979787755952,0.37954395362578136,0.007770045711149935,0.11358885656635645
initial_0201_primary,primary,coordinate_child_benefit_curvature,success,,,32.44281423802272,6.206479060846687,0.9610677876437507,1.0889178301004045,0.0,0.14198430659647016,0.6465287075719173,0.18602764064869315,0.3474664229788561,0.006,0.11358885656635645
initial_0214_identity,identity,coordinate_chi,success,,,91.39999771517502,6.4968922285224115,0.9626545169663449,1.0472997830799122,0.09232846500382948,0.133389564902091,0.6588675772644,0.16444493369711016,0.3978553672287046,0.012514516826163469,0.1329090289720423
initial_0199_identity,identity,joint_local,success,,,167.1416237285801,6.213431492256288,0.9643999629713763,1.066860177440295,0.013962974105685227,0.1018864943170904,0.6549174638807062,0.13846428063840707,0.3719600960707457,0.004014953796468948,0.13531967085840682
initial_0193_identity,identity,coordinate_kappa_fert_continuation,censored_timeout,unobserved,,,6.4968922285224115,0.9626545169663449,1.0781978105645995,0.09232846500382948,0.133389564902091,0.6588675772644,0.16444493369711016,0.3682949320578377,0.012514516826163469,0.1329090289720423
initial_0202_identity,identity,coordinate_child_benefit_curvature,censored_timeout,unobserved,,,6.4968922285224115,0.9626545169663449,1.0781978105645995,0.036050041076510976,0.133389564902091,0.6588675772644,0.16444493369711016,0.3978553672287046,0.012514516826163469,0.1329090289720423
initial_0205_identity,identity,coordinate_tenure_choice_kappa,censored_timeout,unobserved,,,6.4968922285224115,0.9626545169663449,1.0781978105645995,0.09232846500382948,0.133389564902091,0.6588675772644,0.16444493369711016,0.3978553672287046,0.028318787150131412,0.1329090289720423
initial_0210_primary,primary,joint_local,censored_timeout,unobserved,,,5.8204552242121,0.9618656698865734,1.0890619517073954,0.10650099716959491,0.1631101424527597,0.681317336947608,0.18446774012194456,0.27645282195667487,0.007163976732241123,0.0944104084267396
initial_0211_identity,identity,joint_local,censored_timeout,unobserved,,,6.730539166873443,0.9596322847800927,1.0824791269885001,0.10798661274562477,0.12695391133850767,0.633536870286584,0.1406593864984188,0.3888875897984586,0.008232756773122893,0.11632902816434236
initial_0212_block,block,joint_local,censored_timeout,unobserved,,,6.1399644982444315,0.961176079302043,1.105242436359401,0.0049014267006358,0.13841092057494103,0.6499752816676565,0.1634728652923566,0.35809075431801635,0.01642751990878552,0.10559073405327059
initial_0230_block,block,coordinate_delta_alpha_jump,success,,,34.716959522559165,6.206479060846687,0.9613121916303761,1.0889178301004045,0.07930705056729134,0.15235280946798438,0.6465287075719173,0.19096979787755952,0.3474664229788561,0.007770045711149935,0.11358885656635645
initial_0227_block,block,coordinate_theta0,success,,,28.72371456438384,6.206479060846687,0.9613121916303761,1.0889178301004045,0.07930705056729134,0.14191834048688282,0.6465287075719173,0.19096979787755952,0.3474664229788561,0.007770045711149935,0.09683235907811635
initial_0237_primary,primary,coordinate_H0,success,,,35.33089412536255,6.525179806715014,0.9610677876437507,1.0889178301004045,0.07930705056729134,0.14198430659647016,0.6465287075719173,0.18602764064869315,0.3474664229788561,0.006,0.11358885656635645
initial_0225_primary,primary,coordinate_theta0,success,,,30.06219861564208,6.206479060846687,0.9610677876437507,1.0889178301004045,0.07930705056729134,0.14198430659647016,0.6465287075719173,0.18602764064869315,0.3474664229788561,0.006,0.10829140781104617
initial_0228_primary,primary,coordinate_delta_alpha_jump,success,,,32.03615754755161,6.206479060846687,0.9610677876437507,1.0889178301004045,0.07930705056729134,0.14681496988179948,0.6465287075719173,0.18602764064869315,0.3474664229788561,0.006,0.11358885656635645
initial_0239_block,block,coordinate_H0,success,,,29.094843978638004,6.2717406487531004,0.9613121916303761,1.0889178301004045,0.07930705056729134,0.14191834048688282,0.6465287075719173,0.19096979787755952,0.3474664229788561,0.007770045711149935,0.11358885656635645
initial_0232_identity,identity,broad_coverage,inadmissible,initial_psi_housing_solve,Initial housing equilibrium failed its unchanged strict gate,,71.39127690602866,0.9471764111782187,3.9118819719696374,0.12321927618968759,0.06455257347893326,3.9841399907220936,37.29482437740721,36.263336327149375,0.0011416455610142983,7.8172417767261155
initial_0219_primary,primary,broad_coverage,inadmissible,initial_psi_housing_solve,Initial housing equilibrium failed its unchanged strict gate,,52.04873171763813,0.9548326703758742,2.695804949949725,0.2897502054682839,0.21261531539869774,4.9760916724470174,49.74490326856594,10.497377902840137,0.005012297415853682,4.776158732461563
initial_0221_block,block,broad_coverage,inadmissible,initial_psi_housing_solve,Initial housing equilibrium failed its unchanged strict gate,,20.10383980950943,0.9504209285783831,4.842221238848939,0.5223590473768942,0.23438572816694986,3.4417052151151477,25.635093546119805,46.93760489548023,0.019289925825468648,3.2808236878688835
initial_0220_identity,identity,broad_coverage,inadmissible,initial_psi_housing_solve,Initial housing equilibrium failed its unchanged strict gate,,68.4781566671999,0.9473962553030411,0.5637898786090498,0.4556413113834741,0.21597158856962964,4.790188403173754,30.012743190143638,18.299904916324984,0.04517596058260368,2.66097891451835
initial_0224_block,block,joint_local,success,,,93.983816891396,6.809347318684686,0.961300746274816,1.0946105789016416,0.0,0.12400854791771979,0.6251169229011635,0.20863885010167327,0.30679648897620737,0.005308999276165831,0.10260180820866374
initial_0216_primary,primary,coordinate_first_birth_fixed_cost,success,,,30.258607888968477,6.206479060846687,0.9610677876437507,1.0889178301004045,0.07930705056729134,0.14198430659647016,0.6183532254312922,0.18602764064869315,0.3474664229788561,0.006,0.11358885656635645
initial_0218_block,block,coordinate_first_birth_fixed_cost,success,,,30.877755402065866,6.206479060846687,0.9613121916303761,1.0889178301004045,0.07930705056729134,0.14191834048688282,0.685984901011513,0.19096979787755952,0.3474664229788561,0.007770045711149935,0.11358885656635645
initial_0233_block,block,broad_coverage,inadmissible,initial_psi_housing_solve,Initial housing equilibrium failed its unchanged strict gate,,70.10425055936916,0.9664666971602085,2.881125957912668,0.7911161049139929,0.11563227205773274,1.868997121349004,26.857346413989774,42.787181493901464,0.0013787835905550657,7.3899921783788685
initial_0229_identity,identity,coordinate_delta_alpha_jump,success,,,68.59092917016716,6.4968922285224115,0.9626545169663449,1.0781978105645995,0.09232846500382948,0.13150232623873945,0.6588675772644,0.16444493369711016,0.3978553672287046,0.012514516826163469,0.1329090289720423
initial_0226_identity,identity,coordinate_theta0,success,,,68.92137542977441,6.4968922285224115,0.9626545169663449,1.0781978105645995,0.09232846500382948,0.133389564902091,0.6588675772644,0.16444493369711016,0.3978553672287046,0.012514516826163469,0.11645944313252427
initial_0234_primary,primary,joint_local,success,,,44.98502409616923,5.894670515861407,0.9621158231420566,1.0794791234597871,0.18153059961471746,0.11879441913468866,0.6321938689789703,0.1689110976728502,0.3035189104009596,0.0036434811675954866,0.11036716820753655
initial_0217_identity,identity,coordinate_first_birth_fixed_cost,censored_timeout,unobserved,,,6.4968922285224115,0.9626545169663449,1.0781978105645995,0.09232846500382948,0.133389564902091,0.6313161740391642,0.16444493369711016,0.3978553672287046,0.012514516826163469,0.1329090289720423
initial_0222_primary,primary,joint_local,censored_timeout,unobserved,,,6.758052640301839,0.9586924734772776,1.0818147720955114,0.23799445505846045,0.1805008750408599,0.6463855351814811,0.19118647961339905,0.3327171922830913,0.009203718655656393,0.10873694793585595
initial_0223_identity,identity,joint_local,censored_timeout,unobserved,,,6.585858766917542,0.9615961270445387,1.1046606043994458,0.0,0.17608198682425036,0.6392217340979959,0.17553996200109917,0.4239602074504448,0.018527086541463244,0.14987305155110014
initial_0231_primary,primary,broad_coverage,censored_timeout,unobserved,,,2.4470348577040357,0.9536023463178195,3.6412460348456426,0.037196067147949034,0.049209393474495544,0.9829557000463396,21.153653143623853,25.114249133768528,0.04195026226507628,3.818937407786801
initial_0235_identity,identity,joint_local,censored_timeout,unobserved,,,6.620323006757233,0.9621601356182486,1.0118330813568022,0.17914054303009577,0.144790956477873,0.6060292923439325,0.17045917071641395,0.4056129268056175,0.013440210847098358,0.11895222914617773
initial_0236_block,block,joint_local,censored_timeout,unobserved,,,6.278136191276757,0.9616852417106444,1.102323148191407,0.07700638445788845,0.19476036360072987,0.6840660429431812,0.2084616388548947,0.3471289195894734,0.003908867649162305,0.14666161986500348
initial_0238_identity,identity,coordinate_H0,censored_late_completion,unobserved,,,6.155460798361799,0.9626545169663449,1.0781978105645995,0.09232846500382948,0.133389564902091,0.6588675772644,0.16444493369711016,0.3978553672287046,0.012514516826163469,0.1329090289720423
initial_0249_primary,primary,coordinate_kappa_fert,success,,,30.212650731924732,6.206479060846687,0.9610677876437507,1.0889178301004045,0.07930705056729134,0.14198430659647016,0.6465287075719173,0.18714002514515038,0.3474664229788561,0.006,0.11358885656635645
initial_0251_block,block,coordinate_kappa_fert,success,,,32.92921826324283,6.206479060846687,0.9613121916303761,1.0889178301004045,0.07930705056729134,0.14191834048688282,0.6465287075719173,0.19976434654884034,0.3474664229788561,0.007770045711149935,0.11358885656635645
initial_0242_block,block,coordinate_beta_annual,success,,,27.0849133227239,6.206479060846687,0.9625666052463695,1.0889178301004045,0.07930705056729134,0.14191834048688282,0.6465287075719173,0.19096979787755952,0.3474664229788561,0.007770045711149935,0.11358885656635645
initial_0263_block,block,coordinate_child_benefit_curvature,success,,,28.457629306625357,6.206479060846687,0.9613121916303761,1.0889178301004045,0.0847230339178325,0.14191834048688282,0.6465287075719173,0.19096979787755952,0.3474664229788561,0.007770045711149935,0.11358885656635645
initial_0252_primary,primary,coordinate_kappa_fert_continuation,success,,,29.82918156299443,6.206479060846687,0.9610677876437507,1.0889178301004045,0.07930705056729134,0.14198430659647016,0.6465287075719173,0.18602764064869315,0.3562600405052205,0.006,0.11358885656635645
initial_0244_identity,identity,broad_coverage,inadmissible,initial_psi_housing_solve,Initial housing equilibrium failed its unchanged strict gate,,39.972799059126544,0.9536672134293614,0.6247261571411423,0.647089570661467,0.23031283446409803,2.23334246528834,16.945756643722657,10.267301538968669,0.0011294512151862812,0.15367497472480895
initial_0256_identity,identity,broad_coverage,inadmissible,initial_psi_housing_solve,Initial housing equilibrium failed its unchanged strict gate,,74.72686340510359,0.9618347203544306,2.1280403889611215,0.32567543605879606,0.05003173825962534,3.286142653184366,40.89146709593285,38.73849220296219,0.020344391435926295,6.991980850636005
initial_0257_block,block,broad_coverage,inadmissible,initial_psi_housing_solve,Initial housing equilibrium failed its unchanged strict gate,,76.5713589169453,0.9465932992786782,4.858802947633857,0.4648717170714819,0.15953670177560791,4.683175356468122,0.08846056050873367,4.705188472499399,0.010600802547497828,4.545805151500078
initial_0248_block,block,joint_local,success,,,52.94933370181202,6.770939034940773,0.9626570806956731,1.1158453620347932,0.05602210809217125,0.17291123509826845,0.6317817336060114,0.17667961623336298,0.32833164943536336,0.017926553121880757,0.1109618821516779
initial_0240_primary,primary,coordinate_beta_annual,success,,,30.230855278055884,6.206479060846687,0.9609154379487567,1.0889178301004045,0.07930705056729134,0.14198430659647016,0.6465287075719173,0.18602764064869315,0.3474664229788561,0.006,0.11358885656635645
initial_0261_primary,primary,coordinate_child_benefit_curvature,success,,,30.24506916722096,6.206479060846687,0.9610677876437507,1.0889178301004045,0.06805507206608594,0.14198430659647016,0.6465287075719173,0.18602764064869315,0.3474664229788561,0.006,0.11358885656635645
initial_0245_block,block,broad_coverage,inadmissible,initial_psi_housing_solve,Initial housing equilibrium failed its unchanged strict gate,,10.664154754244834,0.9518395707463375,3.5321277690450357,0.1901095116355177,0.04668440288036918,1.1495978840625867,27.439938613646387,33.378924248459,0.09454049928235596,7.994695255118496
initial_0250_identity,identity,coordinate_kappa_fert,success,,,74.33721157726215,6.4968922285224115,0.9626545169663449,1.0781978105645995,0.09232846500382948,0.13150232623873945,0.6588675772644,0.16162416414952127,0.3978553672287046,0.012514516826163469,0.1329090289720423
initial_0260_block,block,joint_local,success,,,70.41591596888293,6.0482336839620245,0.9616258867579963,1.1145354290833978,0.09172923398986556,0.1520395183707559,0.6259601556352372,0.19202180241430405,0.3742336221039599,0.005508909475482128,0.1167902024947707
initial_0246_primary,primary,joint_local,success,,,75.34623633013472,6.305557007036906,0.960500927050071,1.068689103818642,0.01778504465959243,0.09839040308264506,0.6731363400366303,0.18386834099778304,0.3732299126544706,0.0057528858784478,0.12137022293431218
initial_0253_identity,identity,coordinate_kappa_fert_continuation,success,,,58.48983095527246,6.4968922285224115,0.9626545169663449,1.0781978105645995,0.09232846500382948,0.13150232623873945,0.6588675772644,0.16444493369711016,0.3854508723155558,0.012514516826163469,0.1329090289720423
initial_0254_block,block,coordinate_kappa_fert_continuation,success,,,46.889832292894496,6.206479060846687,0.9613121916303761,1.0889178301004045,0.07930705056729134,0.14191834048688282,0.6465287075719173,0.19096979787755952,0.30779025619275846,0.007770045711149935,0.11358885656635645
initial_0241_identity,identity,coordinate_beta_annual,success,,,65.58488893074066,6.4968922285224115,0.961486248695727,1.0781978105645995,0.09232846500382948,0.13150232623873945,0.6588675772644,0.16444493369711016,0.3978553672287046,0.012514516826163469,0.1329090289720423
initial_0258_primary,primary,joint_local,success,,,125.55170154560925,6.435870127024738,0.9625593755418328,1.0603740170062088,0.02007172829163416,0.15198186431873173,0.6692936739066928,0.19705460071175895,0.306051208148246,0.009002645404791884,0.1175010091805368
initial_0243_primary,primary,broad_coverage,censored_timeout,unobserved,,,6.721288295708067,0.9710971614939821,3.4774847354380074,0.7328069631877495,0.05524422038875873,6.670271399203418,4.44681708300937,45.379762923882105,0.007152855823106002,5.634928469522205
initial_0247_identity,identity,joint_local,censored_timeout,unobserved,,,6.6140932115297835,0.964399793875405,1.0761161733363296,0.06296029170492418,0.08550267690155577,0.6832696896301037,0.18390788523205365,0.37612945657807656,0.024801054579958067,0.12273229748671464
initial_0255_primary,primary,broad_coverage,censored_timeout,unobserved,,,2.4475267489396964,0.986088024230649,1.7603083318462496,0.040700620521955604,0.12902523260224977,1.1472440863672535,24.899460588517933,26.238702913674476,0.021318338767653718,4.9620967738155874
initial_0259_identity,identity,joint_local,censored_timeout,unobserved,,,6.621440090748242,0.9623159407592141,1.05281428412703,0.22645183001167873,0.20177272881989666,0.6842614018435783,0.1693119385113679,0.32843773810864474,0.013879001426833983,0.137950859535665
initial_0262_identity,identity,coordinate_child_benefit_curvature,censored_timeout,unobserved,,,6.4968922285224115,0.9626545169663449,1.0781978105645995,0.03022453404457344,0.13150232623873945,0.6588675772644,0.16444493369711016,0.3978553672287046,0.012514516826163469,0.1329090289720423
initial_0266_block,block,coordinate_tenure_choice_kappa,success,,,32.869755855878324,6.206479060846687,0.9625666052463695,1.0889178301004045,0.07930705056729134,0.14191834048688282,0.6465287075719173,0.19096979787755952,0.3474664229788561,0.0028559111421010246,0.11358885656635645
initial_0287_block,block,coordinate_theta0,success,,,27.117085977682567,6.206479060846687,0.9625666052463695,1.0889178301004045,0.07930705056729134,0.14191834048688282,0.6465287075719173,0.19096979787755952,0.3474664229788561,0.007770045711149935,0.10727170580833564
initial_0273_primary,primary,coordinate_chi,success,,,85.93490817553574,6.206479060846687,0.9610677876437507,1.0628811251491428,0.07930705056729134,0.14198430659647016,0.6465287075719173,0.18602764064869315,0.3562600405052205,0.006,0.11358885656635645
initial_0275_block,block,coordinate_chi,success,,,37.12458199354592,6.206479060846687,0.9625666052463695,1.1089354359973378,0.07930705056729134,0.14191834048688282,0.6465287075719173,0.19096979787755952,0.3474664229788561,0.007770045711149935,0.11358885656635645
initial_0285_primary,primary,coordinate_theta0,success,,,29.835222502697178,6.206479060846687,0.9610677876437507,1.0889178301004045,0.07930705056729134,0.14198430659647016,0.6465287075719173,0.18602764064869315,0.3562600405052205,0.006,0.10854632434409313
initial_0278_block,block,coordinate_first_birth_fixed_cost,success,,,27.191731763188947,6.206479060846687,0.9625666052463695,1.0889178301004045,0.07930705056729134,0.14191834048688282,0.6586055863706856,0.19096979787755952,0.3474664229788561,0.007770045711149935,0.11358885656635645
initial_0268_identity,identity,broad_coverage,inadmissible,initial_psi_housing_solve,Initial housing equilibrium failed its unchanged strict gate,,52.87006099510336,0.9823795383502011,1.475494191469167,0.12261074484167606,0.24458922354839333,2.4771984799065585,42.55035388110392,33.45511562265261,0.0010847620565420854,3.0274219250335284
initial_0267_primary,primary,broad_coverage,inadmissible,initial_psi_housing_solve,Initial housing equilibrium failed its unchanged strict gate,,18.429488831043784,0.9813162951747603,0.47372537946114646,0.1026841014662213,0.2162160311179771,4.871405042555965,35.19353214618038,28.21913776069211,0.012932886931991716,0.8110022711790075
initial_0269_block,block,broad_coverage,inadmissible,initial_psi_housing_solve,Initial housing equilibrium failed its unchanged strict gate,,32.77101624643212,0.981743104927044,4.060120854989911,0.6404188266925677,0.033165813112881776,5.1901191628451775,7.69738488687705,6.021948355668467,0.0031008521709094917,7.395691741147463
initial_0281_block,block,broad_coverage,inadmissible,initial_psi_housing_solve,Initial housing equilibrium failed its unchanged strict gate,,30.346160394699005,0.9673348460304869,1.1717954470092078,0.08814931536595996,0.07015330750804222,4.789518323447241,12.439661836975045,8.153792339094244,0.0014078136341537744,5.828720346029211
initial_0280_identity,identity,broad_coverage,inadmissible,initial_psi_housing_solve,Initial housing equilibrium failed its unchanged strict gate,,74.34170332675245,0.9426462861905733,4.668359853833169,0.31156114823355036,0.012984025597123833,6.509056579269278,31.712054971824223,6.493906152272192,0.005503185585639216,0.21715029134563846
initial_0279_primary,primary,broad_coverage,inadmissible,initial_psi_housing_solve,Initial housing equilibrium failed its unchanged strict gate,,39.44975535020019,0.9647876906164017,1.4667730701622446,0.2762278748582167,0.19044066531823892,0.32004042614387096,24.007235736984388,34.47742198610185,0.07898732704798556,5.643169871889677
initial_0272_block,block,joint_local,success,,,173.88064547422672,6.204945830051917,0.9621458139179643,1.1147409647245377,0.04464324217309201,0.11504419691499387,0.5741370888577102,0.22711561416219475,0.29713468609989,0.017148413397766155,0.12290354152115313
initial_0264_primary,primary,coordinate_tenure_choice_kappa,success,,,33.79857695806217,6.206479060846687,0.9610677876437507,1.0889178301004045,0.07930705056729134,0.14198430659647016,0.6465287075719173,0.18602764064869315,0.3562600405052205,0.002126480685460063,0.11358885656635645
initial_0270_primary,primary,joint_local,success,,,57.08333155082952,6.122027210595904,0.9621047786056764,1.1127983183260994,0.0873022608576653,0.17679959564549338,0.6419959608991418,0.20635133519685353,0.38089731128342014,0.008483587295653175,0.10803926549492462
initial_0286_identity,identity,coordinate_theta0,success,,,74.22051287781771,6.4968922285224115,0.9626545169663449,1.0781978105645995,0.09232846500382948,0.13150232623873945,0.6588675772644,0.16162416414952127,0.3978553672287046,0.012514516826163469,0.15109268253650396
initial_0271_identity,identity,joint_local,success,,,179.9155702942579,6.743811858276475,0.9647000275519194,1.0587646450980808,0.1419356714607157,0.18012999172271035,0.6263733687462282,0.1710258852659542,0.3719856048225805,0.011330332829510428,0.14427697368571787
initial_0265_identity,identity,coordinate_tenure_choice_kappa,success,,,96.74374294886633,6.4968922285224115,0.9626545169663449,1.0781978105645995,0.09232846500382948,0.13150232623873945,0.6588675772644,0.16162416414952127,0.3978553672287046,0.002760133818564415,0.1329090289720423
initial_0274_identity,identity,coordinate_chi,censored_timeout,unobserved,,,6.4968922285224115,0.9626545169663449,1.1259467754167312,0.09232846500382948,0.13150232623873945,0.6588675772644,0.16162416414952127,0.3978553672287046,0.012514516826163469,0.1329090289720423
initial_0276_primary,primary,coordinate_first_birth_fixed_cost,censored_timeout,unobserved,,,6.206479060846687,0.9610677876437507,1.0889178301004045,0.07930705056729134,0.14198430659647016,0.620510079472896,0.18602764064869315,0.3562600405052205,0.006,0.11358885656635645
initial_0277_identity,identity,coordinate_first_birth_fixed_cost,censored_timeout,unobserved,,,6.4968922285224115,0.9626545169663449,1.0781978105645995,0.09232846500382948,0.13150232623873945,0.6319667881974744,0.16162416414952127,0.3978553672287046,0.012514516826163469,0.1329090289720423
initial_0282_primary,primary,joint_local,censored_timeout,unobserved,,,5.76571427392488,0.9620444130977814,1.0978265587558467,0.13428103371593553,0.14939865782735065,0.6466083491076335,0.19355639177483513,0.3225475376226188,0.007009520602315501,0.12003550052025257
initial_0283_identity,identity,joint_local,censored_timeout,unobserved,,,6.317800315537885,0.9637421239740144,1.1137231456866752,0.057008744373750114,0.12649046375500497,0.6538746752716941,0.14148419889244523,0.4266803509851806,0.009892919339427816,0.1292198491739274
initial_0284_block,block,joint_local,censored_timeout,unobserved,,,6.433762353763306,0.9636533054715637,1.0988353602929044,0.19270782780486514,0.17297161306829306,0.6347244232696658,0.20476309998041267,0.3174220957264983,0.014871750316532319,0.09823176323961653
initial_0300_primary,primary,coordinate_beta_annual,success,,,29.546306620415216,6.206479060846687,0.9614841329254233,1.0889178301004045,0.07930705056729134,0.14198430659647016,0.6465287075719173,0.18602764064869315,0.3562600405052205,0.006,0.11358885656635645
initial_0309_primary,primary,coordinate_kappa_fert,success,,,34.622266196388104,6.206479060846687,0.9610677876437507,1.0889178301004045,0.07930705056729134,0.14198430659647016,0.6465287075719173,0.17185899869139867,0.3562600405052205,0.006,0.11358885656635645
initial_0311_block,block,coordinate_kappa_fert,success,,,26.36863619951569,6.206479060846687,0.9625666052463695,1.0889178301004045,0.07930705056729134,0.14191834048688282,0.6465287075719173,0.18742283857244052,0.3474664229788561,0.007770045711149935,0.11358885656635645
initial_0290_block,block,coordinate_delta_alpha_jump,success,,,29.608092677387013,6.206479060846687,0.9625666052463695,1.0889178301004045,0.07930705056729134,0.14762999772516294,0.6465287075719173,0.19096979787755952,0.3474664229788561,0.007770045711149935,0.11358885656635645
initial_0297_primary,primary,coordinate_H0,success,,,29.733990219312147,6.145165903280509,0.9610677876437507,1.0889178301004045,0.07930705056729134,0.14198430659647016,0.6465287075719173,0.18602764064869315,0.3562600405052205,0.006,0.11358885656635645
initial_0291_primary,primary,broad_coverage,inadmissible,initial_psi_housing_solve,Initial housing equilibrium failed its unchanged strict gate,,73.16454413277908,0.9499219100327277,2.4568022262403426,0.3165955160406253,0.10563158968033687,6.559677947977955,2.034350992242267,30.509826162166995,0.020193564449231382,4.201369096504736
initial_0292_identity,identity,broad_coverage,inadmissible,initial_psi_housing_solve,Initial housing equilibrium failed its unchanged strict gate,,45.99673249829761,0.98808882435424,0.8516827273287014,0.7441536279837964,0.03560519968485837,3.9380172006684253,2.162485319566431,3.1079730736058697,0.04506659672351325,2.262368664328852
initial_0293_block,block,broad_coverage,inadmissible,initial_psi_housing_solve,Initial housing equilibrium failed its unchanged strict gate,,70.08676450113182,0.9875476051959753,4.458066738409365,0.28663085987628395,0.11358903052549482,4.47670107128926,47.37013649426764,23.192216395892675,0.0014474128608776746,4.433031907162941
initial_0304_identity,identity,broad_coverage,inadmissible,initial_psi_housing_solve,Initial housing equilibrium failed its unchanged strict gate,,18.47543111272929,0.9707369569532015,2.2608677790901996,0.7814159252412154,0.19656815444835793,2.2789188902260245,7.355106368547664,37.77317317740713,0.0679134485972867,7.0683048016297
initial_0305_block,block,broad_coverage,inadmissible,initial_psi_housing_solve,Initial housing equilibrium failed its unchanged strict gate,,79.80922045682131,0.9490856079572072,4.1753568287734835,0.3559347654857745,0.07894975363873782,4.363047546460649,17.98893636143889,25.27713697445919,0.013785759586716566,0.12982437457242746
initial_0299_block,block,coordinate_H0,success,,,41.408248077352866,6.795168217522562,0.9625666052463695,1.0889178301004045,0.07930705056729134,0.14191834048688282,0.6465287075719173,0.19096979787755952,0.3474664229788561,0.007770045711149935,0.11358885656635645
initial_0288_primary,primary,coordinate_delta_alpha_jump,success,,,29.658256047786644,6.206479060846687,0.9610677876437507,1.0889178301004045,0.07930705056729134,0.13980115615713593,0.6465287075719173,0.18602764064869315,0.3562600405052205,0.006,0.11358885656635645
initial_0302_block,block,coordinate_beta_annual,success,,,27.97738763126289,6.206479060846687,0.9617119561198758,1.0889178301004045,0.07930705056729134,0.14191834048688282,0.6465287075719173,0.19096979787755952,0.3474664229788561,0.007770045711149935,0.11358885656635645
initial_0307_identity,identity,joint_local,success,,,162.87413061784338,6.297758890848167,0.9609703730646061,1.0261021679813322,0.2863692017526529,0.1592753900298033,0.6611724217159263,0.16992011474792454,0.4309180515189584,0.021437399741449346,0.1440563329858585
initial_0303_primary,primary,broad_coverage,inadmissible,initial_psi_housing_solve,Initial housing equilibrium failed its unchanged strict gate,,47.193526333230196,0.9882001102430296,4.770200425307546,0.5806477459985978,0.034445790584274105,1.6955645960613719,26.973306354323764,13.355185289623916,0.003873919016269565,0.2215119808160706
initial_0301_identity,identity,coordinate_beta_annual,success,,,73.54342495006605,6.4968922285224115,0.9624322420441446,1.0781978105645995,0.09232846500382948,0.13150232623873945,0.6588675772644,0.16162416414952127,0.3978553672287046,0.012514516826163469,0.15109268253650396
initial_0308_block,block,joint_local,success,,,387.50281437787066,6.002006458199676,0.9615801882384201,1.0518678132312604,0.0,0.16164398838251356,0.6614725895399604,0.18083679524628837,0.3875930538950048,0.00398926729973036,0.1066449060167139
initial_0298_identity,identity,coordinate_H0,success,,,74.24498513057642,6.165811033149626,0.9626545169663449,1.0781978105645995,0.09232846500382948,0.13150232623873945,0.6588675772644,0.16162416414952127,0.3978553672287046,0.012514516826163469,0.15109268253650396
initial_0310_identity,identity,coordinate_kappa_fert,success,,,113.61191481498241,6.4968922285224115,0.9626545169663449,1.0781978105645995,0.09232846500382948,0.13150232623873945,0.6588675772644,0.1478385561334145,0.3978553672287046,0.012514516826163469,0.15109268253650396
initial_0296_block,block,joint_local,success,,,66.47762769230638,5.706694287326807,0.9631984050207464,1.0724633336920297,0.004404553025835034,0.14340499462651793,0.6185541581168637,0.20596657363747223,0.37933185504870204,0.012460786856265794,0.117663418474991
initial_0289_identity,identity,coordinate_delta_alpha_jump,censored_timeout,unobserved,,,6.4968922285224115,0.9626545169663449,1.0781978105645995,0.09232846500382948,0.12484980108863197,0.6588675772644,0.16162416414952127,0.3978553672287046,0.012514516826163469,0.15109268253650396
initial_0294_primary,primary,joint_local,censored_timeout,unobserved,,,6.463832829981618,0.9620213087874844,1.0730483649762361,0.0,0.08223635585880865,0.620098811134024,0.1833568968976368,0.37403565867513544,0.00521363556823862,0.10705229467846133
initial_0295_identity,identity,joint_local,censored_timeout,unobserved,,,6.596798198764008,0.962863575288798,1.0767169494717812,0.09460677174404526,0.1340673769279502,0.6331402747566992,0.1652278608112686,0.4377238435712509,0.013208892746668808,0.1530831395876582
initial_0306_primary,primary,joint_local,censored_timeout,unobserved,,,6.281737959958298,0.9594333957005258,1.0975176411163428,0.055544980001036366,0.1424102495224057,0.627651792246706,0.21348399170267207,0.37895065719199666,0.009131561314175455,0.10793108719204274
initial_0314_block,block,coordinate_kappa_fert_continuation,success,,,26.860246527131725,6.206479060846687,0.9625666052463695,1.0889178301004045,0.07930705056729134,0.14191834048688282,0.6465287075719173,0.18742283857244052,0.34190113121955906,0.007770045711149935,0.11358885656635645
initial_0323_block,block,coordinate_child_benefit_curvature,success,,,26.449590643417626,6.206479060846687,0.9625666052463695,1.0889178301004045,0.13325746698997934,0.14191834048688282,0.6465287075719173,0.18742283857244052,0.3474664229788561,0.007770045711149935,0.11358885656635645
initial_0326_block,block,coordinate_tenure_choice_kappa,success,,,31.11338586807997,6.206479060846687,0.9625666052463695,1.0889178301004045,0.07930705056729134,0.14191834048688282,0.6465287075719173,0.18742283857244052,0.3474664229788561,0.004159597415484406,0.11358885656635645
initial_0335_block,block,coordinate_chi,success,,,26.605746643354863,6.206479060846687,0.9625666052463695,1.0958891491771356,0.07930705056729134,0.14191834048688282,0.6465287075719173,0.18742283857244052,0.3474664229788561,0.007770045711149935,0.11358885656635645
initial_0324_primary,primary,coordinate_tenure_choice_kappa,success,,,26.405155533883452,6.206479060846687,0.9614841329254233,1.0889178301004045,0.07930705056729134,0.14198430659647016,0.6465287075719173,0.18602764064869315,0.3562600405052205,0.008745922137523131,0.11358885656635645
initial_0332_block,block,joint_local,success,,,54.04082268056336,5.984251509101443,0.9642075549828614,1.1256386319807046,0.17944224930438868,0.15701497338495346,0.6656574895775985,0.17580336579187705,0.37238621035619857,0.018389810282694038,0.1193695353976276
initial_0312_primary,primary,coordinate_kappa_fert_continuation,success,,,30.677601038699073,6.206479060846687,0.9614841329254233,1.0889178301004045,0.07930705056729134,0.14198430659647016,0.6465287075719173,0.18602764064869315,0.3393952259944454,0.006,0.11358885656635645
initial_0315_primary,primary,broad_coverage,inadmissible,initial_psi_housing_solve,Initial housing equilibrium failed its unchanged strict gate,,20.3852482609379,0.9789430192120675,2.7149527879702147,0.24958992210856482,0.19800519422491444,1.925708447291452,18.362543760420554,20.372829861377667,0.0039096557035660905,6.995186173823221
initial_0328_identity,identity,broad_coverage,inadmissible,initial_psi_housing_solve,Initial housing equilibrium failed its unchanged strict gate,,27.103898212445515,0.9659032923618047,0.5060906899241157,0.6148993214422185,0.19544809365342555,0.9664906767144616,23.656730675889403,46.750069531949805,0.02119888682728567,1.8899948838427454
initial_0329_block,block,broad_coverage,inadmissible,initial_psi_housing_solve,Initial housing equilibrium failed its unchanged strict gate,,45.23765420923383,0.9560595800955868,2.7815213417941056,0.4898946624759183,0.10541042960848901,5.329164037307307,40.742379082001534,29.605947528745986,0.006090737070718713,7.413350902651914
initial_0327_primary,primary,broad_coverage,inadmissible,initial_psi_housing_solve,Initial housing equilibrium failed its unchanged strict gate,,12.409788046644168,0.9804093739127403,1.034246762339553,0.6582802834559013,0.10498833573285937,1.5006900077076217,5.074682355981107,1.3041830383521793,0.07757663924862725,3.939612592543087
initial_0333_primary,primary,coordinate_chi,success,,,64.32447702300462,6.206479060846687,0.9614841329254233,1.0679440444145893,0.07930705056729134,0.14198430659647016,0.6465287075719173,0.18602764064869315,0.3562600405052205,0.006,0.11358885656635645
initial_0317_block,block,broad_coverage,inadmissible,initial_psi_housing_solve,Initial housing equilibrium failed its unchanged strict gate,,67.16721487363732,0.9656988660314731,4.501791626545446,0.17442551634088588,0.24132660308574633,6.375460626665199,48.82797186233549,33.89123538182889,0.016120922049549746,1.942219584107959
initial_0321_primary,primary,coordinate_child_benefit_curvature,success,,,30.646407924870786,6.206479060846687,0.9614841329254233,1.0889178301004045,0.0,0.14198430659647016,0.6465287075719173,0.18602764064869315,0.3562600405052205,0.006,0.11358885656635645
initial_0318_primary,primary,joint_local,success,,,76.52691642080927,5.796826720124766,0.9606326054189915,1.0868273236133588,0.02869055291973748,0.11004695673446077,0.6519833720144709,0.16073112782714433,0.3478828964909314,0.012147875008965485,0.11296919290441397
initial_0313_identity,identity,coordinate_kappa_fert_continuation,success,,,76.79314544584021,6.4968922285224115,0.9626545169663449,1.0781978105645995,0.09232846500382948,0.13150232623873945,0.6588675772644,0.1478385561334145,0.3480314624693586,0.012514516826163469,0.15109268253650396
initial_0334_identity,identity,coordinate_chi,success,,,115.61990112689584,6.4968922285224115,0.9626545169663449,1.074890007106536,0.09232846500382948,0.13150232623873945,0.6588675772644,0.1478385561334145,0.3978553672287046,0.012514516826163469,0.15109268253650396
initial_0325_identity,identity,coordinate_tenure_choice_kappa,success,,,130.1846281777204,6.4968922285224115,0.9626545169663449,1.0781978105645995,0.09232846500382948,0.13150232623873945,0.6588675772644,0.1478385561334145,0.3978553672287046,0.004435389023447165,0.15109268253650396
initial_0316_identity,identity,broad_coverage,censored_timeout,unobserved,,,6.3987984323801665,0.9853578044018836,2.58902002364488,0.37340881693036804,0.0923302208017227,6.508392482484369,20.818802897020603,30.696783415672012,0.04924612561414146,1.5846164086303283
initial_0319_identity,identity,joint_local,censored_timeout,unobserved,,,6.161822428941844,0.9610619360525252,1.0030713856719542,0.0,0.12210004562078303,0.6732274558595421,0.15601244445882906,0.418595617235299,0.005393071227951611,0.15587295461160255
initial_0320_block,block,joint_local,censored_timeout,unobserved,,,6.078874841430479,0.9624197619817834,1.0822901374695324,0.15012918276233778,0.17676107775408856,0.6658981305619021,0.19116966572630487,0.3564766931387475,0.0036994224638614713,0.1255291462793993
initial_0322_identity,identity,coordinate_child_benefit_curvature,censored_timeout,unobserved,,,6.4968922285224115,0.9626545169663449,1.0781978105645995,0.0,0.13150232623873945,0.6588675772644,0.1478385561334145,0.3978553672287046,0.012514516826163469,0.15109268253650396
initial_0330_primary,primary,joint_local,censored_timeout,unobserved,,,6.584382606197847,0.9612644081086891,1.0776781380269405,0.07214888667894867,0.1420493620298164,0.5768053857900832,0.17689617540508915,0.3464803766892131,0.012910067977546307,0.1080553958025511
initial_0331_identity,identity,joint_local,censored_timeout,unobserved,,,6.569009155777565,0.9609974104157473,1.1072135450604559,0.011922481200048463,0.10089710208175658,0.6641275600709111,0.1588514327166426,0.42055506473725723,0.03543803851017145,0.1442837911888118
initial_0348_primary,primary,coordinate_delta_alpha_jump,success,,,40.66804527231965,6.206479060846687,0.9614841329254233,1.0889178301004045,0.07930705056729134,0.15935004231457978,0.6465287075719173,0.18602764064869315,0.3562600405052205,0.008745922137523131,0.11358885656635645
initial_0345_primary,primary,coordinate_theta0,success,,,26.422633952447132,6.206479060846687,0.9614841329254233,1.0889178301004045,0.07930705056729134,0.14198430659647016,0.6465287075719173,0.18602764064869315,0.3562600405052205,0.008745922137523131,0.1124257031654011
initial_0347_block,block,coordinate_theta0,success,,,26.368192413904882,6.206479060846687,0.9625666052463695,1.0889178301004045,0.07930705056729134,0.14191834048688282,0.6465287075719173,0.18742283857244052,0.3474664229788561,0.007770045711149935,0.1137084595527858
initial_0350_block,block,coordinate_delta_alpha_jump,success,,,35.31331998158997,6.206479060846687,0.9625666052463695,1.0889178301004045,0.07930705056729134,0.15422418275479477,0.6465287075719173,0.18742283857244052,0.3474664229788561,0.007770045711149935,0.11358885656635645
initial_0344_block,block,joint_local,success,,,121.6040461280904,5.560471635500082,0.9627763554034784,1.1374770196185828,0.21362655833400207,0.106383107170435,0.650558304749864,0.1736368822366729,0.35780340386843135,0.012145177142175745,0.12110371244358109
initial_0357_primary,primary,coordinate_H0,success,,,30.28432819379985,5.918076059370212,0.9614841329254233,1.0889178301004045,0.07930705056729134,0.14198430659647016,0.6465287075719173,0.18602764064869315,0.3562600405052205,0.008745922137523131,0.11358885656635645
initial_0338_block,block,coordinate_first_birth_fixed_cost,success,,,26.43342600376541,6.206479060846687,0.9625666052463695,1.0889178301004045,0.07930705056729134,0.14191834048688282,0.6491897012081806,0.18742283857244052,0.3474664229788561,0.007770045711149935,0.11358885656635645
initial_0352_identity,identity,broad_coverage,inadmissible,initial_psi_housing_solve,Initial housing equilibrium failed its unchanged strict gate,,27.05227429427963,0.9850237930737344,0.6081773314381702,0.1755933996667257,0.1428946884025216,2.7072667197498452,32.20649199347517,5.080322286996632,0.002066622081051306,2.3578020952876573
initial_0339_primary,primary,broad_coverage,inadmissible,initial_psi_housing_solve,Initial housing equilibrium failed its unchanged strict gate,,24.599782208404463,0.9781903215251241,1.9406923946491412,0.6221787427261805,0.02697472257868283,4.100148978285093,10.452729760635588,23.80269341956327,0.05562118124636502,5.05055970898466
initial_0340_identity,identity,broad_coverage,inadmissible,initial_psi_housing_solve,Initial housing equilibrium failed its unchanged strict gate,,63.937833017003356,0.954288467894273,0.817549842629383,0.24354828274920887,0.02650096553341702,3.671980197334597,39.59230086109933,25.906505044059543,0.08586868740017986,1.4735237537386672
initial_0341_block,block,broad_coverage,inadmissible,initial_psi_housing_solve,Initial housing equilibrium failed its unchanged strict gate,,43.39530438608596,0.9813650701773904,2.3719475743303238,0.7764434879647978,0.2105738952955609,6.070366017264439,20.83066262344069,19.009522377324306,0.022406143760307272,2.016659333978276
initial_0353_block,block,broad_coverage,inadmissible,initial_psi_housing_solve,Initial housing equilibrium failed its unchanged strict gate,,26.184353019778346,0.9725198960439274,2.2072618648647313,0.5465051366245268,0.14697757148796028,0.2142757443549934,37.55072420523013,30.944041395855578,0.003539547584476696,7.345087719629552
initial_0359_block,block,coordinate_H0,success,,,28.721125144747397,6.390160205833957,0.9625666052463695,1.0889178301004045,0.07930705056729134,0.14191834048688282,0.6465287075719173,0.18742283857244052,0.3474664229788561,0.007770045711149935,0.11358885656635645
initial_0336_primary,primary,coordinate_first_birth_fixed_cost,success,,,28.173196317935698,6.206479060846687,0.9614841329254233,1.0889178301004045,0.07930705056729134,0.14198430659647016,0.6096228919046751,0.18602764064869315,0.3562600405052205,0.008745922137523131,0.11358885656635645
initial_0351_primary,primary,broad_coverage,inadmissible,initial_psi_housing_solve,Initial housing equilibrium failed its unchanged strict gate,,29.55550255442998,0.984727567952917,0.1881562154549169,0.11814074409847164,0.2391581045452416,4.634568845023413,41.06200324873578,24.9652104213389,0.022830951161213385,1.4097762557372828
initial_0343_identity,identity,joint_local,success,,,460.4286929536574,6.304254871569687,0.9617304603331753,1.0335212098514879,0.18458002137383517,0.12974494976083153,0.6389891068519481,0.13652684632742482,0.3887413258567979,0.004258026703666305,0.15525716358546343
initial_0349_identity,identity,coordinate_delta_alpha_jump,success,,,151.80041351666077,6.4968922285224115,0.9626545169663449,1.0781978105645995,0.09232846500382948,0.1616441024625522,0.6588675772644,0.1478385561334145,0.3978553672287046,0.012514516826163469,0.15109268253650396
initial_0346_identity,identity,coordinate_theta0,success,,,113.58426974880621,6.4968922285224115,0.9626545169663449,1.0781978105645995,0.09232846500382948,0.13150232623873945,0.6588675772644,0.1478385561334145,0.3978553672287046,0.012514516826163469,0.15558920424192263
initial_0356_block,block,joint_local,success,,,100.22988199775713,6.308487572775905,0.9606334695021573,1.0449273870224216,0.0,0.18977312584737754,0.6386499076297052,0.22481115858409412,0.3329295061950739,0.017847364854857804,0.0832578781046013
initial_0337_identity,identity,coordinate_first_birth_fixed_cost,censored_timeout,unobserved,,,6.4968922285224115,0.9626545169663449,1.0781978105645995,0.09232846500382948,0.13150232623873945,0.644721486440261,0.1478385561334145,0.3978553672287046,0.012514516826163469,0.15109268253650396
initial_0342_primary,primary,joint_local,censored_timeout,unobserved,,,6.154412538078608,0.9611073630815943,1.0732762987940634,0.11076639740298785,0.15570130548640182,0.6396070794338018,0.17341446699193058,0.32249190978002507,0.0057196919648608655,0.1056876709508469
initial_0354_primary,primary,joint_local,censored_timeout,unobserved,,,6.3937842797940085,0.9625512302861176,1.1053894446560435,0.07928810052833825,0.13737813121207396,0.6578241882480053,0.18212516029516415,0.35411138431802336,0.0054265821661769005,0.11812108418608849
initial_0355_identity,identity,joint_local,censored_timeout,unobserved,,,6.420769642567136,0.9619584367598923,1.1037361143418776,0.17130583555565654,0.13188270027613458,0.606029120529052,0.14708399009704543,0.41409636901152924,0.009373915883817429,0.14950343263524568
initial_0358_identity,identity,coordinate_H0,censored_timeout,unobserved,,,6.19523126734424,0.9626545169663449,1.0781978105645995,0.09232846500382948,0.13150232623873945,0.6588675772644,0.1478385561334145,0.3978553672287046,0.012514516826163469,0.15109268253650396
