{
  "arm": "M5",
  "case": 10,
  "elapsed_sec": 14.547006426990265,
  "error": "",
  "feasibility_census": [],
  "label": "nm_init_09",
  "lifecycle": {
    "adjacent_ownership_changes": [
      0.002387875435925446,
      -0.0005736851170531354,
      -0.0038224525149295197,
      -0.013832317349559697,
      -0.09407968362584274
    ],
    "age_mass": [
      0.06173345544887983,
      0.061733455738994934,
      0.061733455884391254,
      0.061733455991870384,
      0.06173345602033626,
      0.061733456215153686,
      0.061733456247141515,
      0.06173345626017635,
      0.06173345632431856,
      0.06173345635364744,
      0.06173345629070966,
      0.0617334563466017,
      0.06173345645315783,
      0.05797551293705766,
      0.05325037152710555,
      0.04712403302430433,
      0.039115152935966235
    ],
    "ages": [
      18.0,
      22.0,
      26.0,
      30.0,
      34.0,
      38.0,
      42.0,
      46.0,
      50.0,
      54.0,
      58.0,
      62.0,
      66.0,
      70.0,
      74.0,
      78.0,
      82.0
    ],
    "decum_ratio_wealth_74plus_over_62_74": -0.49276237167907155,
    "hard_acceptance_pass": false,
    "mean_liquid_wealth_by_age": [
      -0.15942382855892706,
      -0.3379591136829995,
      -0.5183142845475562,
      -0.5079983817778199,
      -0.6687634492573763,
      -0.6170269410526776,
      -0.5342248003582132,
      -0.2302040053784114,
      0.18544805752249174,
      0.6955064530513183,
      1.2930025967725718,
      1.791423922130821,
      2.3542258563881426,
      1.2951530692444653,
      0.20408625827116578,
      -0.8919079006320224,
      -1.7631238804401532
    ],
    "occupied_rooms_by_age": [
      0.20216625209064737,
      0.2230663972583659,
      0.25675036140544444,
      0.2825660896389922,
      0.30918558390250483,
      0.33393059017970633,
      0.353216911307609,
      0.35872998316384874,
      0.36313403821219964,
      0.367076451046397,
      0.3699167450547729,
      0.37135419497145483,
      0.3712403176037598,
      0.34745982326229713,
      0.317398622718958,
      0.27849846897568964,
      0.22642522948184934
    ],
    "old_household_mass_share_62plus": 0.32093198322425326,
    "old_occupied_rooms_share_62plus": 0.3586524815657444,
    "old_owner_rooms_share_62plus": 0.43693095458598785,
    "owner_rooms_by_age": [
      0.03026845520891872,
      0.05853142068313448,
      0.07701422347910956,
      0.12423225863998658,
      0.17591774514969272,
      0.24421287496470415,
      0.3005384968219822,
      0.3275045624187,
      0.3433753924062456,
      0.35414437389179393,
      0.3606973714091912,
      0.3639595412404842,
      0.3647843869562205,
      0.3415291599353237,
      0.3114366841744962,
      0.27109520137076204,
      0.20678505535778788
    ],
    "ownership_acceptance_checks": [
      {
        "age_state": 62.0,
        "empirical": 0.744193686,
        "lower": 0.669193686,
        "model": 0.9711091376406914,
        "upper": 0.819193686,
        "within_band": false
      },
      {
        "age_state": 66.0,
        "empirical": 0.759160283,
        "lower": 0.684160283,
        "model": 0.9734970130766168,
        "upper": 0.834160283,
        "within_band": false
      },
      {
        "age_state": 70.0,
        "empirical": 0.769941933,
        "lower": 0.694941933,
        "model": 0.9729233279595637,
        "upper": 0.844941933,
        "within_band": false
      },
      {
        "age_state": 74.0,
        "empirical": 0.775892511,
        "lower": 0.700892511,
        "model": 0.9691008754446342,
        "upper": 0.850892511,
        "within_band": false
      },
      {
        "age_state": 78.0,
        "empirical": 0.760542182,
        "lower": 0.685542182,
        "model": 0.9552685580950745,
        "upper": 0.835542182,
        "within_band": false
      },
      {
        "age_state": 82.0,
        "empirical": 0.748066747,
        "lower": 0.673066747,
        "model": 0.8611888744692318,
        "upper": 0.823066747,
        "within_band": false
      }
    ],
    "ownership_band_failure": true,
    "ownership_by_age": [
      0.11111053257688126,
      0.20185039664937007,
      0.24586685809258563,
      0.36423625460476816,
      0.4894011098743796,
      0.6657223791597983,
      0.8125051608088517,
      0.8844045179753316,
      0.9251451927513856,
      0.9509816027277114,
      0.9647210338921726,
      0.9711091376406914,
      0.9734970130766168,
      0.9729233279595637,
      0.9691008754446342,
      0.9552685580950745,
      0.8611888744692318
    ],
    "ownership_cliff_failure": false,
    "survival_probs": [
      1.0,
      1.0,
      1.0,
      1.0,
      1.0,
      1.0,
      1.0,
      1.0,
      1.0,
      1.0,
      1.0,
      1.0,
      0.9391263063710125,
      0.9184976343249724,
      0.8849521927812863,
      0.8300468061015381
    ],
    "wealth_62_74": 1.4567133140215878,
    "wealth_74_82": -0.7178135074737577
  },
  "market_residual": 0.02085965953692365,
  "moments": {
    "aggregate_mean_occupied_rooms_18_85": 5.332116060275492,
    "aggregate_own_rate": 0.7151847646085375,
    "childless_rate": 0.19382416007244524,
    "housing_increment_0to1": 0.6073717146753916,
    "housing_increment_1to2": 0.4504796611831665,
    "housing_user_cost_share": 0.21660420868827818,
    "liquid_wealth_to_income": 0.13245445595365415,
    "market_residual": 0.02085965953692365,
    "mean_age_first_birth": 31.633216142686475,
    "mean_completed_fertility": 0.9798958877564254,
    "old_2plus_minus_1_total_estate_wealth_to_annual_income_median_gap_6575": 3.2847418044663694,
    "old_age_own_rate": 0.9719512413958572,
    "old_age_parent_childless_gap": -0.0019880199075231753,
    "old_age_parent_childless_gap_6575": -0.0019880199075231753,
    "old_minus_young_owner_rate_6575_2534": 0.6054498337830472,
    "old_nonhousing_ge_1x_income_share_6575": 0.6570973978273673,
    "old_nonhousing_wealth_to_income_6575": 3.1035103267792263,
    "old_nonhousing_wealth_to_income_median_6575": 2.6525486120133404,
    "old_owner_rate": 0.9719512413958572,
    "old_parent_childless_nonhousing_wealth_to_income_gap_6575": 1.1124979553449723,
    "old_parent_childless_nonhousing_wealth_to_income_median_gap_6575": 1.2992074834351055,
    "old_parent_childless_total_wealth_to_income_gap_6575": 2.5779896174156214,
    "old_parent_childless_total_wealth_to_income_median_gap_6575": 2.652548612013339,
    "old_total_estate_wealth_to_annual_income_median_7684": 5.3611328665193705,
    "old_total_estate_wealth_to_annual_income_p90_p50_7684": 1.976202821292289,
    "old_total_wealth_to_income_6575": 12.187911059321433,
    "old_total_wealth_to_income_median_6575": 11.265916758890947,
    "own_family_gap": 0.17222954635556154,
    "own_gap_newparent_nonparent_3055": 0.17222954635556154,
    "own_rate": 0.7274851744252598,
    "own_rate_2534": 0.3665014076128101,
    "own_rate_3055": 0.7274851744252598,
    "own_rate_3544": 0.6558762168165162,
    "own_rate_newparents_3055": 0.720660666123033,
    "own_rate_nonparents_3055": 0.5484311197674715,
    "owner_neg_liquid_share_2534": 0.6070517723058533,
    "parity_share_0": 0.19382416007244524,
    "parity_share_1": 0.6324557920986839,
    "parity_share_2plus": 0.17372004782887082,
    "prime30_55_childless_owner_mean_rooms": 5.746667854299982,
    "prime30_55_childless_owner_minus_renter_mean_rooms": 1.9448838957315697,
    "prime30_55_childless_owner_share_rooms_ge6": 0.6545154120526255,
    "prime30_55_childless_renter_mean_rooms": 3.8017839585684126,
    "prime30_55_childless_renter_share_rooms_ge6": 0.05683367251834167,
    "prime30_55_parent_3plus_minus_1to2_mean_rooms": 0.5560147317911754,
    "prime30_55_parent_owner_minus_renter_mean_rooms": 1.3444807267918177,
    "prime_childless_owner_median_rooms": 6.0,
    "prime_childless_owner_minus_renter_rooms": 2.31080769069385,
    "prime_childless_renter_median_rooms": 3.68919230930615,
    "renter25_45_all_cap_share": 0.08537018960519242,