{
  "arm": "M5",
  "case": 14,
  "elapsed_sec": 17.271754359986517,
  "error": "",
  "feasibility_census": [],
  "label": "nm_init_13",
  "lifecycle": {
    "adjacent_ownership_changes": [
      0.00860471821833686,
      0.0022443155967539763,
      -0.004096083455883304,
      -0.01552063823515848,
      -0.07093246325746949
    ],
    "age_mass": [
      0.0617334557878712,
      0.06173345576177489,
      0.061733456034484796,
      0.06173345599650883,
      0.061733456174040684,
      0.06173345637609396,
      0.061733456284487544,
      0.061733456372738034,
      0.0617334563219683,
      0.06173345623731484,
      0.06173345617025115,
      0.06173345625338849,
      0.061733456196810116,
      0.057975512698879,
      0.05325037134553242,
      0.04712403308635456,
      0.03911515290140646
    ],
    "ages": [
      18.0,
      22.0,
      26.0,
      30.0,
      34.0,
      38.0,
      42.0,
      46.0,
      50.0,
      54.0,
      58.0,
      62.0,
      66.0,
      70.0,
      74.0,
      78.0,
      82.0
    ],
    "decum_ratio_wealth_74plus_over_62_74": -0.3550772983180283,
    "hard_acceptance_pass": false,
    "mean_liquid_wealth_by_age": [
      0.09591321627550944,
      0.08878413626048369,
      -0.08680146257993393,
      0.04472617047535389,
      -0.07924213163493,
      0.04105230124060628,
      0.025507099777919567,
      0.1907888626001995,
      0.5037147680637807,
      0.9477192569218231,
      1.494654285759752,
      1.9580505934505468,
      2.4997981032202796,
      1.4342195526834205,
      0.3513843837905337,
      -0.7259866895614893,
      -1.6381004480944572
    ],
    "occupied_rooms_by_age": [
      0.2010843092233241,
      0.22215909859368657,
      0.2572724589007843,
      0.2834680150102863,
      0.3109435420436837,
      0.33639421498713085,
      0.358164858715353,
      0.3627297922064905,
      0.3663532374961803,
      0.36951220164162113,
      0.37169011236730365,
      0.3725151419306753,
      0.3718838764444969,
      0.347199185859569,
      0.31616781136258526,
      0.27632759350888275,
      0.2240116706078663
    ],
    "old_household_mass_share_62plus": 0.32093198248240146,
    "old_occupied_rooms_share_62plus": 0.3567967693679893,
    "old_owner_rooms_share_62plus": 0.473583891953095,
    "owner_rooms_by_age": [
      0.007917215666488656,
      0.020876277932600558,
      0.03882782401732738,
      0.07521185078728557,
      0.12345158201001395,
      0.18542902632534836,
      0.2500089549454543,
      0.28849848650196913,
      0.312952963487951,
      0.3292709508739924,
      0.3400950508866929,
      0.3462714174722003,
      0.3487950140846138,
      0.3269152285754773,
      0.29731224599878425,
      0.2573388198180934,
      0.19793921975170584
    ],
    "ownership_acceptance_checks": [
      {
        "age_state": 62.0,
        "empirical": 0.744193686,
        "lower": 0.669193686,
        "model": 0.9013767920967317,
        "upper": 0.819193686,
        "within_band": false
      },
      {
        "age_state": 66.0,
        "empirical": 0.759160283,
        "lower": 0.684160283,
        "model": 0.9099815103150686,
        "upper": 0.834160283,
        "within_band": false
      },
      {
        "age_state": 70.0,
        "empirical": 0.769941933,
        "lower": 0.694941933,
        "model": 0.9122258259118226,
        "upper": 0.844941933,
        "within_band": false
      },
      {
        "age_state": 74.0,
        "empirical": 0.775892511,
        "lower": 0.700892511,
        "model": 0.9081297424559392,
        "upper": 0.850892511,
        "within_band": false
      },
      {
        "age_state": 78.0,
        "empirical": 0.760542182,
        "lower": 0.685542182,
        "model": 0.8926091042207808,
        "upper": 0.835542182,
        "within_band": false
      },
      {
        "age_state": 82.0,
        "empirical": 0.748066747,
        "lower": 0.673066747,
        "model": 0.8216766409633113,
        "upper": 0.823066747,
        "within_band": true
      }
    ],
    "ownership_band_failure": true,
    "ownership_by_age": [
      0.025727296875930693,
      0.06227261673112902,
      0.1062200985242795,
      0.19384427104698626,
      0.30928086557304746,
      0.46710930141364804,
      0.642799837686945,
      0.7495813922525473,
      0.8158655391303624,
      0.8580392189093805,
      0.8853724734157616,
      0.9013767920967317,
      0.9099815103150686,
      0.9122258259118226,
      0.9081297424559392,
      0.8926091042207808,
      0.8216766409633113
    ],
    "ownership_cliff_failure": false,
    "survival_probs": [
      1.0,
      1.0,
      1.0,
      1.0,
      1.0,
      1.0,
      1.0,
      1.0,
      1.0,
      1.0,
      1.0,
      1.0,
      0.9391263063710125,
      0.9184976343249724,
      0.8849521927812863,
      0.8300468061015381
    ],
    "wealth_62_74": 1.6066081950615965,
    "wealth_74_82": -0.5704700973580755
  },
  "market_residual": 0.021520909123874013,
  "moments": {
    "aggregate_mean_occupied_rooms_18_85": 5.347877120900427,
    "aggregate_own_rate": 0.6031050954554265,
    "childless_rate": 0.1930906253739189,
    "housing_increment_0to1": 0.6891866996341496,
    "housing_increment_1to2": 0.40681120541025084,
    "housing_user_cost_share": 0.21753066768494117,
    "liquid_wealth_to_income": 0.2625390728555289,
    "market_residual": 0.021520909123874013,
    "mean_age_first_birth": 31.61201099135468,
    "mean_completed_fertility": 0.9801721657227093,
    "old_2plus_minus_1_total_estate_wealth_to_annual_income_median_gap_6575": 3.2480187085877628,
    "old_age_own_rate": 0.9101636804204334,
    "old_age_parent_childless_gap": 0.030537660235828823,
    "old_age_parent_childless_gap_6575": 0.030537660235828823,
    "old_minus_young_owner_rate_6575_2534": 0.7070486019570944,
    "old_nonhousing_ge_1x_income_share_6575": 0.6946096544003044,
    "old_nonhousing_wealth_to_income_6575": 3.4576710492468434,
    "old_nonhousing_wealth_to_income_median_6575": 2.6525486120133404,
    "old_owner_rate": 0.9101636804204334,
    "old_parent_childless_nonhousing_wealth_to_income_gap_6575": 1.0841774487998146,
    "old_parent_childless_nonhousing_wealth_to_income_median_gap_6575": 0.649603741717554,
    "old_parent_childless_total_wealth_to_income_gap_6575": 2.5475920349678223,
    "old_parent_childless_total_wealth_to_income_median_gap_6575": 2.652548612013341,
    "old_total_estate_wealth_to_annual_income_median_7684": 5.37411511894732,
    "old_total_estate_wealth_to_annual_income_p90_p50_7684": 1.9746498411669688,
    "old_total_wealth_to_income_6575": 12.154275743528471,
    "old_total_wealth_to_income_median_6575": 11.278120076173222,
    "own_family_gap": 0.16586522281829497,
    "own_gap_newparent_nonparent_3055": 0.16586522281829497,
    "own_rate": 0.5766457754702673,
    "own_rate_2534": 0.20311507846333898,
    "own_rate_3055": 0.5766457754702673,
    "own_rate_3544": 0.4730633349859424,
    "own_rate_newparents_3055": 0.5370677408545896,
    "own_rate_nonparents_3055": 0.37120251803629467,
    "owner_neg_liquid_share_2534": 0.48034874752468326,
    "parity_share_0": 0.1930906253739189,
    "parity_share_1": 0.6336465835294531,
    "parity_share_2plus": 0.17326279109662807,
    "prime30_55_childless_owner_mean_rooms": 6.020673498300204,
    "prime30_55_childless_owner_minus_renter_mean_rooms": 1.9409081636460277,
    "prime30_55_childless_owner_share_rooms_ge6": 0.721430432268952,
    "prime30_55_childless_renter_mean_rooms": 4.0797653346541765,
    "prime30_55_childless_renter_share_rooms_ge6": 0.09607870467548936,
    "prime30_55_parent_3plus_minus_1to2_mean_rooms": 0.5361510466359585,
    "prime30_55_parent_owner_minus_renter_mean_rooms": 1.6482882676750155,
    "prime_childless_owner_median_rooms": 6.0,
    "prime_childless_owner_minus_renter_rooms": 2.1617134347953977,
    "prime_childless_renter_median_rooms": 3.8382865652046023,
    "renter25_45_all_cap_share": 0.13304657444689055,