{
  "case": "e2",
  "current_distribution_timing": "post_housing_choice",
  "l4_enabled": false,
  "market_residual": 1.3139886460007669e-05,
  "nonwealth_max_abs_diff": 3.552713678800501e-15,
  "output_directory": "/Users/tommasodesanto/Desktop/Projects/Fertility/Fertility_Spring26/output/model/eqscale_timing_repair_readout_20260723/e2",
  "p90_p50": 3.026476978825406,
  "p90_p50_legacy_alias": 3.026476978825406,
  "repaired_loss": 21.331987437214924,
  "repeats_bitwise": true,
  "stored_rank_loss": 5.485557807431926,
  "target_set": "candidate_replacement_income_disciplined_v1",
  "theta": {
    "H0": 7.155359847249007,
    "alpha_cons": 0.6594894135201201,
    "beta": 0.9845586356367257,
    "chi": 1.0759980336241914,
    "delta_alpha": 0.02164113100132686,
    "delta_alpha_jump": 0.03884456373416531,
    "gamma_e": 0.20249058184087665,
    "kappa_fert": 1.7977544685025562,
    "psi_child": -0.3000089859271815,
    "tenure_choice_kappa": 0.023120596155365748,
    "theta0": 0.14801064516847956,
    "theta1": 0.28514054670326805,
    "theta_n": 0.0
  },
  "wealth_moment_timing": "beginning_of_period_state",
  "winner_record": "/Users/tommasodesanto/Desktop/Projects/Fertility/Fertility_Spring26/output/model/eqscale_seq_optimized_recalibration_20260719/report/results.json"
}
