iter,err,err_p,err_e,p_P,p_C,entry_share_P,entry_share_C,scale_factor,implied_total_population,scale_denominator,scale_residual,own_rate,tfr,pop_P,pop_C
1,0.00025096014751806563,0.00025096014751806563,5.551115123125783e-17,0.5195429758079918,0.6004917838706963,0.5000019763286281,0.4999980236713719,0.9999974734138354,0.9999974734138356,0.31215491498762227,0.0,0.5521367239825012,1.5620500505067776,0.6148237154747533,0.38517628452524716
