nb,nz,max_iter_eq,iterations_completed,accepted,convergence_reason,best_eq_error,final_eq_error,elapsed_sec,bellman_sec,distribution_sec,residual_final_stats_overhead_sec,bellman_sec_per_iter,distribution_sec_per_iter,elapsed_sec_per_iter,p_P,p_C,scale_factor,city_entry_prob_total,outside_entry_prob,outside_entry_flow,tfr_trace_final,own_rate,rho_z,sigma_z,kappa_entry,target_q,P_population_closure
30,3,4,4,False,max_iter,0.028414149415651287,0.028414149415651287,22.839672951988177,4.854453831037972,3.0050619039684534,14.980157216981752,1.213613457759493,0.7512654759921134,5.709918237997044,0.5042193480320423,0.6070882036558146,0.9999999999999998,0.9,0.1,0.004725132326101045,1.6891214895226985,0.5245009283387309,0.95,0.35,1000000.0,0.9,outside_option_benchmark_normalized
30,5,4,4,False,max_iter,0.02851633240124803,0.02851633240124803,73.32014759699814,10.910911337996367,5.70656308796606,56.70267317103571,2.727727834499092,1.426640771991515,18.330036899249535,0.5037404276517636,0.6086864309080119,1.0000000000000004,0.8999999999999999,0.09999999999999998,0.005642173411148843,1.5777088413931393,0.5367067662401253,0.95,0.35,1000000.0,0.9,outside_option_benchmark_normalized
30,7,4,4,False,max_iter,0.05919081102883539,0.05919081102883539,142.36020717700012,23.05843567699776,10.713438934995793,108.58833256500657,5.76460891924944,2.678359733748948,35.59005179425003,0.5059507776275485,0.6061112947086088,1.0000000000000002,0.8999999999999999,0.09999999999999996,0.005591411437854556,1.5853394219337922,0.564126732985,0.95,0.35,1000000.0,0.9,outside_option_benchmark_normalized
20,7,4,4,False,max_iter,0.05094445693974195,0.05094445693974195,108.5667817920039,14.968464584992034,6.675173686991911,86.92314352001995,3.7421161462480086,1.6687934217479778,27.141695448000974,0.5064631958762751,0.6066610351166581,0.9999999999999991,0.8999999999999999,0.09999999999999996,0.005986872992955031,1.5374737852602254,0.4196634877938106,0.95,0.35,1000000.0,0.9,outside_option_benchmark_normalized
30,7,8,8,False,max_iter,0.007179848244255053,0.020600692699680213,164.44314417199348,38.952985226060264,18.05892806002521,107.43123088590801,4.869123153257533,2.257366007503151,20.555393021499185,0.5172773502935657,0.5983151502751612,0.9999999999999993,0.9,0.09999999999999999,0.005740473614216191,1.5669675514383519,0.5497237716730738,0.95,0.35,1000000.0,0.9,outside_option_benchmark_normalized
