case_id,restriction_id,target,role,working_scale,working_weight,weight_rationale,empirical_standard_error,synthetic_scale,empirical_record_id,empirical_source_path,empirical_provenance_contract,empirical_builder,definition,model,gap,scored,standardized_gap,loss_contribution,model_observation,cps_projection,model_approximation,checkpoint_sha256
baseline,initial_normalization,2.1,normalization_separate_from_scored_objective,,,Separate exact normalization within tolerance5e-4,,,author_2_1,/Users/tommasodesanto/Desktop/Projects/Fertility/Fertility_Spring26/output/model/e5f_matched_pf_20260909a/OVERNIGHT_PLAN.md,/Users/tommasodesanto/Desktop/Projects/Fertility/Fertility_Spring26/output/model/e5f_matched_pf_20260909a/OVERNIGHT_PLAN.md,"Author-selected model normalization, not empirical estimation","Author-selected stationary model normalization, using maintained top-parity representative; not empirical female period TFR",2.100032862890971,3.286289097070849e-05,False,,,final.normalization.completed_fertility,uniform_birth_time,,11d668691a3f80ec4c5b97d352c3fce64cf2b354149e6e31e1d395994e5635ee
baseline,cps_childlessness,0.19827875100684264,proposed_scored_restriction,0.005305035738317728,35532.3042455214,CPS official annual generalized-variance approximations pooled with fixed observed weights and correlation-one working convention; not design-exact pooled SE,,,cps_childless_women_40_44_2004_2006,/Users/tommasodesanto/Desktop/Projects/Fertility/Fertility_Spring26/output/model/e5f_matched_pf_20260909a/parameter_target_audit/fertility/fertility_availability.json,/Users/tommasodesanto/Desktop/Projects/Fertility/Fertility_Spring26/output/model/e5f_matched_pf_20260909a/design_research/fertility_contract/fertility_target_contract.json,/Users/tommasodesanto/Desktop/Projects/Fertility/Fertility_Spring26/output/model/e5f_matched_pf_20260909a/parameter_target_audit/fertility/extract_fertility_availability.py; /Users/tommasodesanto/Desktop/Projects/Fertility/Fertility_Spring26/output/model/e5f_matched_pf_20260909a/design_research/fertility_contract/verify_fertility_contract.py,Weighted P(FREVER=0) among pooled June 2004 and June 2006 women age 40-44 with valid FREVER 0-20 and positive FRSUPPWT.,0.18058501851824132,-0.017693732488601316,True,-3.3352711200042076,11.12403344393412,fertility.uniform_birth_time.moments.childless_rate_40_44,uniform_birth_time,,11d668691a3f80ec4c5b97d352c3fce64cf2b354149e6e31e1d395994e5635ee
baseline,cps_exactly_one,0.21365532522014702,proposed_scored_restriction,0.0060911302714076404,26952.820824310795,CPS official annual generalized-variance approximations pooled with fixed observed weights and correlation-one working convention; not design-exact pooled SE,,,cps_exactly_one_among_mothers_40_44_2004_2006,/Users/tommasodesanto/Desktop/Projects/Fertility/Fertility_Spring26/output/model/e5f_matched_pf_20260909a/parameter_target_audit/fertility/fertility_availability.json,/Users/tommasodesanto/Desktop/Projects/Fertility/Fertility_Spring26/output/model/e5f_matched_pf_20260909a/design_research/fertility_contract/fertility_target_contract.json,/Users/tommasodesanto/Desktop/Projects/Fertility/Fertility_Spring26/output/model/e5f_matched_pf_20260909a/parameter_target_audit/fertility/extract_fertility_availability.py; /Users/tommasodesanto/Desktop/Projects/Fertility/Fertility_Spring26/output/model/e5f_matched_pf_20260909a/design_research/fertility_contract/verify_fertility_contract.py,Weighted P(FREVER=1 | FREVER>=1) in the same pooled CPS sample.,0.23323606686283196,0.019580741642684946,True,3.214631894280583,10.333858215725972,fertility.uniform_birth_time.moments.exactly_one_among_mothers_40_44,uniform_birth_time,,11d668691a3f80ec4c5b97d352c3fce64cf2b354149e6e31e1d395994e5635ee
baseline,nchs_mean_age,25.976263860992496,proposed_scored_restriction,0.0845673694617251,139.82806784479274,2003–2006 annual temporal SD: chosen typical-year discrepancy scale for approximate stationary target; not sampling SE,,,nchs_period_mean_age_first_birth_2003_2006,/Users/tommasodesanto/Desktop/Projects/Fertility/Fertility_Spring26/code/data/nchs_natality_timing/first_birth_counts_year_age.csv,/Users/tommasodesanto/Desktop/Projects/Fertility/Fertility_Spring26/output/model/e5f_matched_pf_20260909a/design_research/fertility_contract/fertility_target_contract.json,/Users/tommasodesanto/Desktop/Projects/Fertility/Fertility_Spring26/code/data/nchs_natality_timing/build_first_birth_timing.R; /Users/tommasodesanto/Desktop/Projects/Fertility/Fertility_Spring26/output/model/e5f_matched_pf_20260909a/design_research/fertility_contract/verify_fertility_contract.py,"Pooled national first-birth counts ages 12-49, 2003-2006; age <=21 mapped to midpoint 20, 22-25 to 24, ..., age >=42 to 44; count-weighted mean.",26.585140795182383,0.6088769341898868,True,7.199903911702756,51.83861633775264,fertility.uniform_birth_time.moments.period_mean_age_first_birth,uniform_birth_time,,11d668691a3f80ec4c5b97d352c3fce64cf2b354149e6e31e1d395994e5635ee
baseline,nchs_share30,0.2492780130410667,proposed_scored_restriction,0.00849226186213262,13866.065434728798,2003–2006 annual temporal SD: chosen typical-year discrepancy scale for approximate stationary target; not sampling SE,,,nchs_period_first_birth_share_age30plus_2003_2006,/Users/tommasodesanto/Desktop/Projects/Fertility/Fertility_Spring26/code/data/nchs_natality_timing/first_birth_counts_year_age.csv,/Users/tommasodesanto/Desktop/Projects/Fertility/Fertility_Spring26/output/model/e5f_matched_pf_20260909a/design_research/fertility_contract/fertility_target_contract.json,/Users/tommasodesanto/Desktop/Projects/Fertility/Fertility_Spring26/code/data/nchs_natality_timing/build_first_birth_timing.R; /Users/tommasodesanto/Desktop/Projects/Fertility/Fertility_Spring26/output/model/e5f_matched_pf_20260909a/design_research/fertility_contract/verify_fertility_contract.py,"Pooled national first-birth counts ages 12-49, 2003-2006; exact maternal age >=30 divided by all first births in the pooled window.",0.26516756649743256,0.015889553456365862,True,1.8710625878387124,3.5008752076096994,fertility.uniform_birth_time.moments.period_share_first_births_age30plus,uniform_birth_time,,11d668691a3f80ec4c5b97d352c3fce64cf2b354149e6e31e1d395994e5635ee
baseline,wealth_earnings,6.14586139445743,proposed_scored_restriction,0.36285515343369,7.595098472533724,Recorded empirical bootstrap standard error under the retained estimator/sample,0.36285515343369,,psid_wealth_gross_earnings_2003_2005,/Users/tommasodesanto/Desktop/Projects/Fertility/Fertility_Spring26/output/model/e5f_matched_pf_20260909a/design_research/wealth/aggregate_wealth_results.csv,/Users/tommasodesanto/Desktop/Projects/Fertility/Fertility_Spring26/output/model/e5f_matched_pf_20260909a/design_research/observer_contract/observer_contract.json,/Users/tommasodesanto/Desktop/Projects/Fertility/Fertility_Spring26/output/model/e5f_matched_pf_20260909a/design_research/wealth/build_initial_wealth.R,sum(IW*NETWORTHR)/sum_{age<=65}(IW*EARNINDRRC),6.096876962747856,-0.04898443170957467,True,-0.13499720548553912,0.01822424548890487,housing_wealth.moments.aggregate_wealth_to_annual_gross_labor_earnings,uniform_birth_time,,11d668691a3f80ec4c5b97d352c3fce64cf2b354149e6e31e1d395994e5635ee
baseline,bequest_wealth,0.0088,proposed_scored_restriction,0.00044000000000000007,5165289.256198346,Inherited synthetic five-percent target scale; not empirical SE,,0.00044000000000000007,external_annual_bequest_wealth,/Users/tommasodesanto/Desktop/Projects/Fertility/Fertility_Spring26/tmp/e5f_matched_pf/code/model/intergen_eqscale_seq_optimized/e5_target_provenance.csv,/Users/tommasodesanto/Desktop/Projects/Fertility/Fertility_Spring26/output/model/e5f_matched_pf_20260909a/design_research/observer_contract/observer_contract.json,No microdata builder; external literature normalization,annual bequest flow / aggregate wealth,0.012368034993361301,0.0035680349933613006,True,8.1091704394575,65.75864521617135,housing_wealth.moments.annual_bequest_flow_to_aggregate_wealth,uniform_birth_time,,11d668691a3f80ec4c5b97d352c3fce64cf2b354149e6e31e1d395994e5635ee
baseline,old_dispersion,3.51593508651872,proposed_scored_restriction,0.306910785103348,10.616361531535473,Recorded empirical bootstrap standard error under the retained estimator/sample,0.306910785103348,,psid_old_wealth_dispersion_2003_2005,/Users/tommasodesanto/Desktop/Projects/Fertility/Fertility_Spring26/output/model/e5f_matched_pf_20260909a/design_research/wealth/old_wealth_results.csv,/Users/tommasodesanto/Desktop/Projects/Fertility/Fertility_Spring26/output/model/e5f_matched_pf_20260909a/design_research/observer_contract/observer_contract.json,/Users/tommasodesanto/Desktop/Projects/Fertility/Fertility_Spring26/output/model/e5f_matched_pf_20260909a/design_research/wealth/build_initial_wealth.R,"Q_.90(NETWORTHR/INCFAMR)/Q_.50(NETWORTHR/INCFAMR), weighted",3.7297557246748427,0.21382063815612273,True,0.69668662208831,0.48537224939681967,housing_wealth.moments.old_total_wealth_to_annual_income_p90_p50_7684,uniform_birth_time,,11d668691a3f80ec4c5b97d352c3fce64cf2b354149e6e31e1d395994e5635ee
baseline,mean_rooms,5.561097376118652,proposed_scored_restriction,0.08838120078007809,128.02070205233477,Recorded empirical bootstrap standard error under the retained estimator/sample,0.08838120078007809,,acs_rooms_2005_2006,/Users/tommasodesanto/Desktop/Projects/Fertility/Fertility_Spring26/output/model/e5f_matched_pf_20260909a/design_research/housing/early_housing_target_candidates.csv,/Users/tommasodesanto/Desktop/Projects/Fertility/Fertility_Spring26/output/model/e5f_matched_pf_20260909a/design_research/observer_contract/observer_contract.json,/Users/tommasodesanto/Desktop/Projects/Fertility/Fertility_Spring26/output/model/e5f_matched_pf_20260909a/design_research/housing/inspect_early_housing.py; /Users/tommasodesanto/Desktop/Projects/Fertility/Fertility_Spring26/output/model/e5f_matched_pf_20260909a/design_research/housing/summarize_early_housing.py,"sum(HHWT*min(ROOMS,9))/sum(HHWT)",6.246382336944046,0.6852849608253937,True,7.753741234299489,60.12050312847617,housing_wealth.moments.aggregate_mean_occupied_rooms_capped9_18_85,uniform_birth_time,,11d668691a3f80ec4c5b97d352c3fce64cf2b354149e6e31e1d395994e5635ee
baseline,ownership_30_55,0.6483340343191493,proposed_scored_restriction,0.020675272863460718,2339.3623724673616,Recorded empirical bootstrap standard error under the retained estimator/sample,0.020675272863460718,,acs_ownership_30_55_2005_2006,/Users/tommasodesanto/Desktop/Projects/Fertility/Fertility_Spring26/output/model/e5f_matched_pf_20260909a/design_research/housing/early_housing_target_candidates.csv,/Users/tommasodesanto/Desktop/Projects/Fertility/Fertility_Spring26/output/model/e5f_matched_pf_20260909a/design_research/observer_contract/observer_contract.json,/Users/tommasodesanto/Desktop/Projects/Fertility/Fertility_Spring26/output/model/e5f_matched_pf_20260909a/design_research/housing/inspect_early_housing.py; /Users/tommasodesanto/Desktop/Projects/Fertility/Fertility_Spring26/output/model/e5f_matched_pf_20260909a/design_research/housing/summarize_early_housing.py,sum(HHWT*owner)/sum(HHWT),0.5747683591158299,-0.07356567520331936,True,-3.5581477298580917,12.660415267494292,housing_wealth.moments.own_rate_30_55,uniform_birth_time,,11d668691a3f80ec4c5b97d352c3fce64cf2b354149e6e31e1d395994e5635ee
baseline,first_birth_rooms,0.7202462623815278,proposed_scored_restriction,0.0852600513385958,137.5652749002964,Recorded empirical bootstrap standard error under the retained estimator/sample,0.0852600513385958,,psid_sa_first_birth_rooms,/Users/tommasodesanto/Desktop/Projects/Fertility/Fertility_Spring26/code/data/psid_followup_mar2026/output/sa_rooms_first_birth_household_aligned_v1/target_receipt.csv,/Users/tommasodesanto/Desktop/Projects/Fertility/Fertility_Spring26/output/model/e5f_matched_pf_20260909a/design_research/observer_contract/observer_contract.json,/Users/tommasodesanto/Desktop/Projects/Fertility/Fertility_Spring26/code/data/psid_followup_mar2026/sa_rooms_first_birth_household_aligned_v1.do,"beta(event=+3)-beta(event=-1), omitted event=-2; person/year FE, age/education controls, longitudinal IW",0.43884666342482603,-0.28139959895670175,True,-3.3004859197089984,10.893207306197352,housing_wealth.moments.housing_increment_0to1,uniform_birth_time,,11d668691a3f80ec4c5b97d352c3fce64cf2b354149e6e31e1d395994e5635ee
baseline,family_rooms,0.3470669317962507,proposed_scored_restriction,0.059705154633000496,280.52808370152104,Recorded empirical bootstrap standard error under the retained estimator/sample,0.059705154633000496,,acs_rooms_3plus_minus_1to2_2005_2006,/Users/tommasodesanto/Desktop/Projects/Fertility/Fertility_Spring26/output/model/e5f_matched_pf_20260909a/design_research/housing/early_housing_target_candidates.csv,/Users/tommasodesanto/Desktop/Projects/Fertility/Fertility_Spring26/output/model/e5f_matched_pf_20260909a/design_research/observer_contract/observer_contract.json,/Users/tommasodesanto/Desktop/Projects/Fertility/Fertility_Spring26/output/model/e5f_matched_pf_20260909a/design_research/housing/inspect_early_housing.py; /Users/tommasodesanto/Desktop/Projects/Fertility/Fertility_Spring26/output/model/e5f_matched_pf_20260909a/design_research/housing/summarize_early_housing.py,"E[min(ROOMS,9)|NCHILD>=3,YNGCH<18]-E[min(ROOMS,9)|NCHILD=1-2,YNGCH<18]",0.16621534127109694,-0.18085159052515376,True,-3.0290783373198513,9.175315573620395,housing_wealth.moments.prime30_55_model_dependent_3plus_minus_1to2_rooms_capped9,uniform_birth_time,,11d668691a3f80ec4c5b97d352c3fce64cf2b354149e6e31e1d395994e5635ee
baseline,recent_parent_ownership,0.16289550916123285,proposed_scored_restriction,0.006079524679464666,27055.822957508266,Recorded empirical bootstrap standard error under the retained estimator/sample,0.006079524679464666,,acs_recent_parent_owner_gap_2005_2006,/Users/tommasodesanto/Desktop/Projects/Fertility/Fertility_Spring26/output/model/e5f_matched_pf_20260909a/design_research/housing/early_housing_target_candidates.csv,/Users/tommasodesanto/Desktop/Projects/Fertility/Fertility_Spring26/output/model/e5f_matched_pf_20260909a/design_research/observer_contract/observer_contract.json,/Users/tommasodesanto/Desktop/Projects/Fertility/Fertility_Spring26/output/model/e5f_matched_pf_20260909a/design_research/housing/inspect_early_housing.py; /Users/tommasodesanto/Desktop/Projects/Fertility/Fertility_Spring26/output/model/e5f_matched_pf_20260909a/design_research/housing/summarize_early_housing.py,"Pr(owner|NCHILD>0,ELDCH<4)-Pr(owner|NCHILD=0)",-0.05324358594536549,-0.21613909510659834,True,-35.551972646261305,1263.9427590405123,ownership_current_birth_from_empty_dependent_home_minus_current_empty_home_30_55,uniform_birth_time,maintained synchronized dependent-residence proxy; not exact ACS,11d668691a3f80ec4c5b97d352c3fce64cf2b354149e6e31e1d395994e5635ee
beta_annual_minus,initial_normalization,2.1,normalization_separate_from_scored_objective,,,Separate exact normalization within tolerance5e-4,,,author_2_1,/Users/tommasodesanto/Desktop/Projects/Fertility/Fertility_Spring26/output/model/e5f_matched_pf_20260909a/OVERNIGHT_PLAN.md,/Users/tommasodesanto/Desktop/Projects/Fertility/Fertility_Spring26/output/model/e5f_matched_pf_20260909a/OVERNIGHT_PLAN.md,"Author-selected model normalization, not empirical estimation","Author-selected stationary model normalization, using maintained top-parity representative; not empirical female period TFR",2.0996045062747593,-0.00039549372524083637,False,,,final.normalization.completed_fertility,uniform_birth_time,,832c747afc059f6222907e35e17acc591264e240f5ee82813cf69bfb03a89da2
beta_annual_minus,cps_childlessness,0.19827875100684264,proposed_scored_restriction,0.005305035738317728,35532.3042455214,CPS official annual generalized-variance approximations pooled with fixed observed weights and correlation-one working convention; not design-exact pooled SE,,,cps_childless_women_40_44_2004_2006,/Users/tommasodesanto/Desktop/Projects/Fertility/Fertility_Spring26/output/model/e5f_matched_pf_20260909a/parameter_target_audit/fertility/fertility_availability.json,/Users/tommasodesanto/Desktop/Projects/Fertility/Fertility_Spring26/output/model/e5f_matched_pf_20260909a/design_research/fertility_contract/fertility_target_contract.json,/Users/tommasodesanto/Desktop/Projects/Fertility/Fertility_Spring26/output/model/e5f_matched_pf_20260909a/parameter_target_audit/fertility/extract_fertility_availability.py; /Users/tommasodesanto/Desktop/Projects/Fertility/Fertility_Spring26/output/model/e5f_matched_pf_20260909a/design_research/fertility_contract/verify_fertility_contract.py,Weighted P(FREVER=0) among pooled June 2004 and June 2006 women age 40-44 with valid FREVER 0-20 and positive FRSUPPWT.,0.18075120492570726,-0.01752754608113538,True,-3.30394495828477,10.916052287375354,fertility.uniform_birth_time.moments.childless_rate_40_44,uniform_birth_time,,832c747afc059f6222907e35e17acc591264e240f5ee82813cf69bfb03a89da2
beta_annual_minus,cps_exactly_one,0.21365532522014702,proposed_scored_restriction,0.0060911302714076404,26952.820824310795,CPS official annual generalized-variance approximations pooled with fixed observed weights and correlation-one working convention; not design-exact pooled SE,,,cps_exactly_one_among_mothers_40_44_2004_2006,/Users/tommasodesanto/Desktop/Projects/Fertility/Fertility_Spring26/output/model/e5f_matched_pf_20260909a/parameter_target_audit/fertility/fertility_availability.json,/Users/tommasodesanto/Desktop/Projects/Fertility/Fertility_Spring26/output/model/e5f_matched_pf_20260909a/design_research/fertility_contract/fertility_target_contract.json,/Users/tommasodesanto/Desktop/Projects/Fertility/Fertility_Spring26/output/model/e5f_matched_pf_20260909a/parameter_target_audit/fertility/extract_fertility_availability.py; /Users/tommasodesanto/Desktop/Projects/Fertility/Fertility_Spring26/output/model/e5f_matched_pf_20260909a/design_research/fertility_contract/verify_fertility_contract.py,Weighted P(FREVER=1 | FREVER>=1) in the same pooled CPS sample.,0.23328610803033403,0.019630782810187014,True,3.2228473100199193,10.386744783702628,fertility.uniform_birth_time.moments.exactly_one_among_mothers_40_44,uniform_birth_time,,832c747afc059f6222907e35e17acc591264e240f5ee82813cf69bfb03a89da2
beta_annual_minus,nchs_mean_age,25.976263860992496,proposed_scored_restriction,0.0845673694617251,139.82806784479274,2003–2006 annual temporal SD: chosen typical-year discrepancy scale for approximate stationary target; not sampling SE,,,nchs_period_mean_age_first_birth_2003_2006,/Users/tommasodesanto/Desktop/Projects/Fertility/Fertility_Spring26/code/data/nchs_natality_timing/first_birth_counts_year_age.csv,/Users/tommasodesanto/Desktop/Projects/Fertility/Fertility_Spring26/output/model/e5f_matched_pf_20260909a/design_research/fertility_contract/fertility_target_contract.json,/Users/tommasodesanto/Desktop/Projects/Fertility/Fertility_Spring26/code/data/nchs_natality_timing/build_first_birth_timing.R; /Users/tommasodesanto/Desktop/Projects/Fertility/Fertility_Spring26/output/model/e5f_matched_pf_20260909a/design_research/fertility_contract/verify_fertility_contract.py,"Pooled national first-birth counts ages 12-49, 2003-2006; age <=21 mapped to midpoint 20, 22-25 to 24, ..., age >=42 to 44; count-weighted mean.",26.587284908815732,0.6110210478232361,True,7.22525782358386,52.20435061725977,fertility.uniform_birth_time.moments.period_mean_age_first_birth,uniform_birth_time,,832c747afc059f6222907e35e17acc591264e240f5ee82813cf69bfb03a89da2
beta_annual_minus,nchs_share30,0.2492780130410667,proposed_scored_restriction,0.00849226186213262,13866.065434728798,2003–2006 annual temporal SD: chosen typical-year discrepancy scale for approximate stationary target; not sampling SE,,,nchs_period_first_birth_share_age30plus_2003_2006,/Users/tommasodesanto/Desktop/Projects/Fertility/Fertility_Spring26/code/data/nchs_natality_timing/first_birth_counts_year_age.csv,/Users/tommasodesanto/Desktop/Projects/Fertility/Fertility_Spring26/output/model/e5f_matched_pf_20260909a/design_research/fertility_contract/fertility_target_contract.json,/Users/tommasodesanto/Desktop/Projects/Fertility/Fertility_Spring26/code/data/nchs_natality_timing/build_first_birth_timing.R; /Users/tommasodesanto/Desktop/Projects/Fertility/Fertility_Spring26/output/model/e5f_matched_pf_20260909a/design_research/fertility_contract/verify_fertility_contract.py,"Pooled national first-birth counts ages 12-49, 2003-2006; exact maternal age >=30 divided by all first births in the pooled window.",0.2653009309935261,0.016022917952459387,True,1.8867668252089944,3.5598890527092286,fertility.uniform_birth_time.moments.period_share_first_births_age30plus,uniform_birth_time,,832c747afc059f6222907e35e17acc591264e240f5ee82813cf69bfb03a89da2
beta_annual_minus,wealth_earnings,6.14586139445743,proposed_scored_restriction,0.36285515343369,7.595098472533724,Recorded empirical bootstrap standard error under the retained estimator/sample,0.36285515343369,,psid_wealth_gross_earnings_2003_2005,/Users/tommasodesanto/Desktop/Projects/Fertility/Fertility_Spring26/output/model/e5f_matched_pf_20260909a/design_research/wealth/aggregate_wealth_results.csv,/Users/tommasodesanto/Desktop/Projects/Fertility/Fertility_Spring26/output/model/e5f_matched_pf_20260909a/design_research/observer_contract/observer_contract.json,/Users/tommasodesanto/Desktop/Projects/Fertility/Fertility_Spring26/output/model/e5f_matched_pf_20260909a/design_research/wealth/build_initial_wealth.R,sum(IW*NETWORTHR)/sum_{age<=65}(IW*EARNINDRRC),6.085567925220096,-0.06029346923733403,True,-0.16616401521868523,0.027610479953595456,housing_wealth.moments.aggregate_wealth_to_annual_gross_labor_earnings,uniform_birth_time,,832c747afc059f6222907e35e17acc591264e240f5ee82813cf69bfb03a89da2
beta_annual_minus,bequest_wealth,0.0088,proposed_scored_restriction,0.00044000000000000007,5165289.256198346,Inherited synthetic five-percent target scale; not empirical SE,,0.00044000000000000007,external_annual_bequest_wealth,/Users/tommasodesanto/Desktop/Projects/Fertility/Fertility_Spring26/tmp/e5f_matched_pf/code/model/intergen_eqscale_seq_optimized/e5_target_provenance.csv,/Users/tommasodesanto/Desktop/Projects/Fertility/Fertility_Spring26/output/model/e5f_matched_pf_20260909a/design_research/observer_contract/observer_contract.json,No microdata builder; external literature normalization,annual bequest flow / aggregate wealth,0.012372725291496469,0.003572725291496468,True,8.119830207946517,65.93164260588078,housing_wealth.moments.annual_bequest_flow_to_aggregate_wealth,uniform_birth_time,,832c747afc059f6222907e35e17acc591264e240f5ee82813cf69bfb03a89da2
beta_annual_minus,old_dispersion,3.51593508651872,proposed_scored_restriction,0.306910785103348,10.616361531535473,Recorded empirical bootstrap standard error under the retained estimator/sample,0.306910785103348,,psid_old_wealth_dispersion_2003_2005,/Users/tommasodesanto/Desktop/Projects/Fertility/Fertility_Spring26/output/model/e5f_matched_pf_20260909a/design_research/wealth/old_wealth_results.csv,/Users/tommasodesanto/Desktop/Projects/Fertility/Fertility_Spring26/output/model/e5f_matched_pf_20260909a/design_research/observer_contract/observer_contract.json,/Users/tommasodesanto/Desktop/Projects/Fertility/Fertility_Spring26/output/model/e5f_matched_pf_20260909a/design_research/wealth/build_initial_wealth.R,"Q_.90(NETWORTHR/INCFAMR)/Q_.50(NETWORTHR/INCFAMR), weighted",3.729959728722574,0.21402464220385387,True,0.6973513235508618,0.4862988684581388,housing_wealth.moments.old_total_wealth_to_annual_income_p90_p50_7684,uniform_birth_time,,832c747afc059f6222907e35e17acc591264e240f5ee82813cf69bfb03a89da2
beta_annual_minus,mean_rooms,5.561097376118652,proposed_scored_restriction,0.08838120078007809,128.02070205233477,Recorded empirical bootstrap standard error under the retained estimator/sample,0.08838120078007809,,acs_rooms_2005_2006,/Users/tommasodesanto/Desktop/Projects/Fertility/Fertility_Spring26/output/model/e5f_matched_pf_20260909a/design_research/housing/early_housing_target_candidates.csv,/Users/tommasodesanto/Desktop/Projects/Fertility/Fertility_Spring26/output/model/e5f_matched_pf_20260909a/design_research/observer_contract/observer_contract.json,/Users/tommasodesanto/Desktop/Projects/Fertility/Fertility_Spring26/output/model/e5f_matched_pf_20260909a/design_research/housing/inspect_early_housing.py; /Users/tommasodesanto/Desktop/Projects/Fertility/Fertility_Spring26/output/model/e5f_matched_pf_20260909a/design_research/housing/summarize_early_housing.py,"sum(HHWT*min(ROOMS,9))/sum(HHWT)",6.246346607857058,0.685249231738406,True,7.753336973136795,60.11423421901004,housing_wealth.moments.aggregate_mean_occupied_rooms_capped9_18_85,uniform_birth_time,,832c747afc059f6222907e35e17acc591264e240f5ee82813cf69bfb03a89da2
beta_annual_minus,ownership_30_55,0.6483340343191493,proposed_scored_restriction,0.020675272863460718,2339.3623724673616,Recorded empirical bootstrap standard error under the retained estimator/sample,0.020675272863460718,,acs_ownership_30_55_2005_2006,/Users/tommasodesanto/Desktop/Projects/Fertility/Fertility_Spring26/output/model/e5f_matched_pf_20260909a/design_research/housing/early_housing_target_candidates.csv,/Users/tommasodesanto/Desktop/Projects/Fertility/Fertility_Spring26/output/model/e5f_matched_pf_20260909a/design_research/observer_contract/observer_contract.json,/Users/tommasodesanto/Desktop/Projects/Fertility/Fertility_Spring26/output/model/e5f_matched_pf_20260909a/design_research/housing/inspect_early_housing.py; /Users/tommasodesanto/Desktop/Projects/Fertility/Fertility_Spring26/output/model/e5f_matched_pf_20260909a/design_research/housing/summarize_early_housing.py,sum(HHWT*owner)/sum(HHWT),0.5743379812412717,-0.0739960530778776,True,-3.5789637973122166,12.808981862471484,housing_wealth.moments.own_rate_30_55,uniform_birth_time,,832c747afc059f6222907e35e17acc591264e240f5ee82813cf69bfb03a89da2
beta_annual_minus,first_birth_rooms,0.7202462623815278,proposed_scored_restriction,0.0852600513385958,137.5652749002964,Recorded empirical bootstrap standard error under the retained estimator/sample,0.0852600513385958,,psid_sa_first_birth_rooms,/Users/tommasodesanto/Desktop/Projects/Fertility/Fertility_Spring26/code/data/psid_followup_mar2026/output/sa_rooms_first_birth_household_aligned_v1/target_receipt.csv,/Users/tommasodesanto/Desktop/Projects/Fertility/Fertility_Spring26/output/model/e5f_matched_pf_20260909a/design_research/observer_contract/observer_contract.json,/Users/tommasodesanto/Desktop/Projects/Fertility/Fertility_Spring26/code/data/psid_followup_mar2026/sa_rooms_first_birth_household_aligned_v1.do,"beta(event=+3)-beta(event=-1), omitted event=-2; person/year FE, age/education controls, longitudinal IW",0.43807422030617893,-0.28217204207534885,True,-3.309545767862027,10.953093189573453,housing_wealth.moments.housing_increment_0to1,uniform_birth_time,,832c747afc059f6222907e35e17acc591264e240f5ee82813cf69bfb03a89da2
beta_annual_minus,family_rooms,0.3470669317962507,proposed_scored_restriction,0.059705154633000496,280.52808370152104,Recorded empirical bootstrap standard error under the retained estimator/sample,0.059705154633000496,,acs_rooms_3plus_minus_1to2_2005_2006,/Users/tommasodesanto/Desktop/Projects/Fertility/Fertility_Spring26/output/model/e5f_matched_pf_20260909a/design_research/housing/early_housing_target_candidates.csv,/Users/tommasodesanto/Desktop/Projects/Fertility/Fertility_Spring26/output/model/e5f_matched_pf_20260909a/design_research/observer_contract/observer_contract.json,/Users/tommasodesanto/Desktop/Projects/Fertility/Fertility_Spring26/output/model/e5f_matched_pf_20260909a/design_research/housing/inspect_early_housing.py; /Users/tommasodesanto/Desktop/Projects/Fertility/Fertility_Spring26/output/model/e5f_matched_pf_20260909a/design_research/housing/summarize_early_housing.py,"E[min(ROOMS,9)|NCHILD>=3,YNGCH<18]-E[min(ROOMS,9)|NCHILD=1-2,YNGCH<18]",0.16591869656454694,-0.18114823523170376,True,-3.034046831386627,9.205440175047233,housing_wealth.moments.prime30_55_model_dependent_3plus_minus_1to2_rooms_capped9,uniform_birth_time,,832c747afc059f6222907e35e17acc591264e240f5ee82813cf69bfb03a89da2
beta_annual_minus,recent_parent_ownership,0.16289550916123285,proposed_scored_restriction,0.006079524679464666,27055.822957508266,Recorded empirical bootstrap standard error under the retained estimator/sample,0.006079524679464666,,acs_recent_parent_owner_gap_2005_2006,/Users/tommasodesanto/Desktop/Projects/Fertility/Fertility_Spring26/output/model/e5f_matched_pf_20260909a/design_research/housing/early_housing_target_candidates.csv,/Users/tommasodesanto/Desktop/Projects/Fertility/Fertility_Spring26/output/model/e5f_matched_pf_20260909a/design_research/observer_contract/observer_contract.json,/Users/tommasodesanto/Desktop/Projects/Fertility/Fertility_Spring26/output/model/e5f_matched_pf_20260909a/design_research/housing/inspect_early_housing.py; /Users/tommasodesanto/Desktop/Projects/Fertility/Fertility_Spring26/output/model/e5f_matched_pf_20260909a/design_research/housing/summarize_early_housing.py,"Pr(owner|NCHILD>0,ELDCH<4)-Pr(owner|NCHILD=0)",-0.05331990468478798,-0.21621541384602083,True,-35.564526051905055,1264.8355132966333,ownership_current_birth_from_empty_dependent_home_minus_current_empty_home_30_55,uniform_birth_time,maintained synchronized dependent-residence proxy; not exact ACS,832c747afc059f6222907e35e17acc591264e240f5ee82813cf69bfb03a89da2
beta_annual_plus,initial_normalization,2.1,normalization_separate_from_scored_objective,,,Separate exact normalization within tolerance5e-4,,,author_2_1,/Users/tommasodesanto/Desktop/Projects/Fertility/Fertility_Spring26/output/model/e5f_matched_pf_20260909a/OVERNIGHT_PLAN.md,/Users/tommasodesanto/Desktop/Projects/Fertility/Fertility_Spring26/output/model/e5f_matched_pf_20260909a/OVERNIGHT_PLAN.md,"Author-selected model normalization, not empirical estimation","Author-selected stationary model normalization, using maintained top-parity representative; not empirical female period TFR",2.1004616366197633,0.0004616366197631727,False,,,final.normalization.completed_fertility,uniform_birth_time,,94474cc0e55a6f845dd9251909299a43b890945fc070c907738e1469bdd166a1
beta_annual_plus,cps_childlessness,0.19827875100684264,proposed_scored_restriction,0.005305035738317728,35532.3042455214,CPS official annual generalized-variance approximations pooled with fixed observed weights and correlation-one working convention; not design-exact pooled SE,,,cps_childless_women_40_44_2004_2006,/Users/tommasodesanto/Desktop/Projects/Fertility/Fertility_Spring26/output/model/e5f_matched_pf_20260909a/parameter_target_audit/fertility/fertility_availability.json,/Users/tommasodesanto/Desktop/Projects/Fertility/Fertility_Spring26/output/model/e5f_matched_pf_20260909a/design_research/fertility_contract/fertility_target_contract.json,/Users/tommasodesanto/Desktop/Projects/Fertility/Fertility_Spring26/output/model/e5f_matched_pf_20260909a/parameter_target_audit/fertility/extract_fertility_availability.py; /Users/tommasodesanto/Desktop/Projects/Fertility/Fertility_Spring26/output/model/e5f_matched_pf_20260909a/design_research/fertility_contract/verify_fertility_contract.py,Weighted P(FREVER=0) among pooled June 2004 and June 2006 women age 40-44 with valid FREVER 0-20 and positive FRSUPPWT.,0.1804187097081555,-0.01786004129868715,True,-3.366620354635108,11.334132612243422,fertility.uniform_birth_time.moments.childless_rate_40_44,uniform_birth_time,,94474cc0e55a6f845dd9251909299a43b890945fc070c907738e1469bdd166a1
beta_annual_plus,cps_exactly_one,0.21365532522014702,proposed_scored_restriction,0.0060911302714076404,26952.820824310795,CPS official annual generalized-variance approximations pooled with fixed observed weights and correlation-one working convention; not design-exact pooled SE,,,cps_exactly_one_among_mothers_40_44_2004_2006,/Users/tommasodesanto/Desktop/Projects/Fertility/Fertility_Spring26/output/model/e5f_matched_pf_20260909a/parameter_target_audit/fertility/fertility_availability.json,/Users/tommasodesanto/Desktop/Projects/Fertility/Fertility_Spring26/output/model/e5f_matched_pf_20260909a/design_research/fertility_contract/fertility_target_contract.json,/Users/tommasodesanto/Desktop/Projects/Fertility/Fertility_Spring26/output/model/e5f_matched_pf_20260909a/parameter_target_audit/fertility/extract_fertility_availability.py; /Users/tommasodesanto/Desktop/Projects/Fertility/Fertility_Spring26/output/model/e5f_matched_pf_20260909a/design_research/fertility_contract/verify_fertility_contract.py,Weighted P(FREVER=1 | FREVER>=1) in the same pooled CPS sample.,0.23318597612415662,0.0195306509040096,True,3.206408340285937,10.281054444655217,fertility.uniform_birth_time.moments.exactly_one_among_mothers_40_44,uniform_birth_time,,94474cc0e55a6f845dd9251909299a43b890945fc070c907738e1469bdd166a1
beta_annual_plus,nchs_mean_age,25.976263860992496,proposed_scored_restriction,0.0845673694617251,139.82806784479274,2003–2006 annual temporal SD: chosen typical-year discrepancy scale for approximate stationary target; not sampling SE,,,nchs_period_mean_age_first_birth_2003_2006,/Users/tommasodesanto/Desktop/Projects/Fertility/Fertility_Spring26/code/data/nchs_natality_timing/first_birth_counts_year_age.csv,/Users/tommasodesanto/Desktop/Projects/Fertility/Fertility_Spring26/output/model/e5f_matched_pf_20260909a/design_research/fertility_contract/fertility_target_contract.json,/Users/tommasodesanto/Desktop/Projects/Fertility/Fertility_Spring26/code/data/nchs_natality_timing/build_first_birth_timing.R; /Users/tommasodesanto/Desktop/Projects/Fertility/Fertility_Spring26/output/model/e5f_matched_pf_20260909a/design_research/fertility_contract/verify_fertility_contract.py,"Pooled national first-birth counts ages 12-49, 2003-2006; age <=21 mapped to midpoint 20, 22-25 to 24, ..., age >=42 to 44; count-weighted mean.",26.58299610187021,0.6067322408777152,True,7.174543145182256,51.47406934208171,fertility.uniform_birth_time.moments.period_mean_age_first_birth,uniform_birth_time,,94474cc0e55a6f845dd9251909299a43b890945fc070c907738e1469bdd166a1
beta_annual_plus,nchs_share30,0.2492780130410667,proposed_scored_restriction,0.00849226186213262,13866.065434728798,2003–2006 annual temporal SD: chosen typical-year discrepancy scale for approximate stationary target; not sampling SE,,,nchs_period_first_birth_share_age30plus_2003_2006,/Users/tommasodesanto/Desktop/Projects/Fertility/Fertility_Spring26/code/data/nchs_natality_timing/first_birth_counts_year_age.csv,/Users/tommasodesanto/Desktop/Projects/Fertility/Fertility_Spring26/output/model/e5f_matched_pf_20260909a/design_research/fertility_contract/fertility_target_contract.json,/Users/tommasodesanto/Desktop/Projects/Fertility/Fertility_Spring26/code/data/nchs_natality_timing/build_first_birth_timing.R; /Users/tommasodesanto/Desktop/Projects/Fertility/Fertility_Spring26/output/model/e5f_matched_pf_20260909a/design_research/fertility_contract/verify_fertility_contract.py,"Pooled national first-birth counts ages 12-49, 2003-2006; exact maternal age >=30 divided by all first births in the pooled window.",0.26503412705070667,0.01575611400963997,True,1.855349524712279,3.44232185885008,fertility.uniform_birth_time.moments.period_share_first_births_age30plus,uniform_birth_time,,94474cc0e55a6f845dd9251909299a43b890945fc070c907738e1469bdd166a1
beta_annual_plus,wealth_earnings,6.14586139445743,proposed_scored_restriction,0.36285515343369,7.595098472533724,Recorded empirical bootstrap standard error under the retained estimator/sample,0.36285515343369,,psid_wealth_gross_earnings_2003_2005,/Users/tommasodesanto/Desktop/Projects/Fertility/Fertility_Spring26/output/model/e5f_matched_pf_20260909a/design_research/wealth/aggregate_wealth_results.csv,/Users/tommasodesanto/Desktop/Projects/Fertility/Fertility_Spring26/output/model/e5f_matched_pf_20260909a/design_research/observer_contract/observer_contract.json,/Users/tommasodesanto/Desktop/Projects/Fertility/Fertility_Spring26/output/model/e5f_matched_pf_20260909a/design_research/wealth/build_initial_wealth.R,sum(IW*NETWORTHR)/sum_{age<=65}(IW*EARNINDRRC),6.108265119685916,-0.037596274771514615,True,-0.10361234893797684,0.010735518852445069,housing_wealth.moments.aggregate_wealth_to_annual_gross_labor_earnings,uniform_birth_time,,94474cc0e55a6f845dd9251909299a43b890945fc070c907738e1469bdd166a1
beta_annual_plus,bequest_wealth,0.0088,proposed_scored_restriction,0.00044000000000000007,5165289.256198346,Inherited synthetic five-percent target scale; not empirical SE,,0.00044000000000000007,external_annual_bequest_wealth,/Users/tommasodesanto/Desktop/Projects/Fertility/Fertility_Spring26/tmp/e5f_matched_pf/code/model/intergen_eqscale_seq_optimized/e5_target_provenance.csv,/Users/tommasodesanto/Desktop/Projects/Fertility/Fertility_Spring26/output/model/e5f_matched_pf_20260909a/design_research/observer_contract/observer_contract.json,No microdata builder; external literature normalization,annual bequest flow / aggregate wealth,0.012363265648109365,0.0035632656481093643,True,8.098331018430372,65.5829652840715,housing_wealth.moments.annual_bequest_flow_to_aggregate_wealth,uniform_birth_time,,94474cc0e55a6f845dd9251909299a43b890945fc070c907738e1469bdd166a1
beta_annual_plus,old_dispersion,3.51593508651872,proposed_scored_restriction,0.306910785103348,10.616361531535473,Recorded empirical bootstrap standard error under the retained estimator/sample,0.306910785103348,,psid_old_wealth_dispersion_2003_2005,/Users/tommasodesanto/Desktop/Projects/Fertility/Fertility_Spring26/output/model/e5f_matched_pf_20260909a/design_research/wealth/old_wealth_results.csv,/Users/tommasodesanto/Desktop/Projects/Fertility/Fertility_Spring26/output/model/e5f_matched_pf_20260909a/design_research/observer_contract/observer_contract.json,/Users/tommasodesanto/Desktop/Projects/Fertility/Fertility_Spring26/output/model/e5f_matched_pf_20260909a/design_research/wealth/build_initial_wealth.R,"Q_.90(NETWORTHR/INCFAMR)/Q_.50(NETWORTHR/INCFAMR), weighted",3.7721439305135678,0.2562088439948478,True,0.8347990896070105,0.6968895200086938,housing_wealth.moments.old_total_wealth_to_annual_income_p90_p50_7684,uniform_birth_time,,94474cc0e55a6f845dd9251909299a43b890945fc070c907738e1469bdd166a1
beta_annual_plus,mean_rooms,5.561097376118652,proposed_scored_restriction,0.08838120078007809,128.02070205233477,Recorded empirical bootstrap standard error under the retained estimator/sample,0.08838120078007809,,acs_rooms_2005_2006,/Users/tommasodesanto/Desktop/Projects/Fertility/Fertility_Spring26/output/model/e5f_matched_pf_20260909a/design_research/housing/early_housing_target_candidates.csv,/Users/tommasodesanto/Desktop/Projects/Fertility/Fertility_Spring26/output/model/e5f_matched_pf_20260909a/design_research/observer_contract/observer_contract.json,/Users/tommasodesanto/Desktop/Projects/Fertility/Fertility_Spring26/output/model/e5f_matched_pf_20260909a/design_research/housing/inspect_early_housing.py; /Users/tommasodesanto/Desktop/Projects/Fertility/Fertility_Spring26/output/model/e5f_matched_pf_20260909a/design_research/housing/summarize_early_housing.py,"sum(HHWT*min(ROOMS,9))/sum(HHWT)",6.246418520827649,0.6853211447089969,True,7.754150641314599,60.126852168199605,housing_wealth.moments.aggregate_mean_occupied_rooms_capped9_18_85,uniform_birth_time,,94474cc0e55a6f845dd9251909299a43b890945fc070c907738e1469bdd166a1
beta_annual_plus,ownership_30_55,0.6483340343191493,proposed_scored_restriction,0.020675272863460718,2339.3623724673616,Recorded empirical bootstrap standard error under the retained estimator/sample,0.020675272863460718,,acs_ownership_30_55_2005_2006,/Users/tommasodesanto/Desktop/Projects/Fertility/Fertility_Spring26/output/model/e5f_matched_pf_20260909a/design_research/housing/early_housing_target_candidates.csv,/Users/tommasodesanto/Desktop/Projects/Fertility/Fertility_Spring26/output/model/e5f_matched_pf_20260909a/design_research/observer_contract/observer_contract.json,/Users/tommasodesanto/Desktop/Projects/Fertility/Fertility_Spring26/output/model/e5f_matched_pf_20260909a/design_research/housing/inspect_early_housing.py; /Users/tommasodesanto/Desktop/Projects/Fertility/Fertility_Spring26/output/model/e5f_matched_pf_20260909a/design_research/housing/summarize_early_housing.py,sum(HHWT*owner)/sum(HHWT),0.5752085256151395,-0.0731255087040098,True,-3.5368582164274147,12.509366043110115,housing_wealth.moments.own_rate_30_55,uniform_birth_time,,94474cc0e55a6f845dd9251909299a43b890945fc070c907738e1469bdd166a1
beta_annual_plus,first_birth_rooms,0.7202462623815278,proposed_scored_restriction,0.0852600513385958,137.5652749002964,Recorded empirical bootstrap standard error under the retained estimator/sample,0.0852600513385958,,psid_sa_first_birth_rooms,/Users/tommasodesanto/Desktop/Projects/Fertility/Fertility_Spring26/code/data/psid_followup_mar2026/output/sa_rooms_first_birth_household_aligned_v1/target_receipt.csv,/Users/tommasodesanto/Desktop/Projects/Fertility/Fertility_Spring26/output/model/e5f_matched_pf_20260909a/design_research/observer_contract/observer_contract.json,/Users/tommasodesanto/Desktop/Projects/Fertility/Fertility_Spring26/code/data/psid_followup_mar2026/sa_rooms_first_birth_household_aligned_v1.do,"beta(event=+3)-beta(event=-1), omitted event=-2; person/year FE, age/education controls, longitudinal IW",0.4396243713713641,-0.28062189101016366,True,-3.2913643213246675,10.833079095688989,housing_wealth.moments.housing_increment_0to1,uniform_birth_time,,94474cc0e55a6f845dd9251909299a43b890945fc070c907738e1469bdd166a1
beta_annual_plus,family_rooms,0.3470669317962507,proposed_scored_restriction,0.059705154633000496,280.52808370152104,Recorded empirical bootstrap standard error under the retained estimator/sample,0.059705154633000496,,acs_rooms_3plus_minus_1to2_2005_2006,/Users/tommasodesanto/Desktop/Projects/Fertility/Fertility_Spring26/output/model/e5f_matched_pf_20260909a/design_research/housing/early_housing_target_candidates.csv,/Users/tommasodesanto/Desktop/Projects/Fertility/Fertility_Spring26/output/model/e5f_matched_pf_20260909a/design_research/observer_contract/observer_contract.json,/Users/tommasodesanto/Desktop/Projects/Fertility/Fertility_Spring26/output/model/e5f_matched_pf_20260909a/design_research/housing/inspect_early_housing.py; /Users/tommasodesanto/Desktop/Projects/Fertility/Fertility_Spring26/output/model/e5f_matched_pf_20260909a/design_research/housing/summarize_early_housing.py,"E[min(ROOMS,9)|NCHILD>=3,YNGCH<18]-E[min(ROOMS,9)|NCHILD=1-2,YNGCH<18]",0.1664820320522722,-0.1805848997439785,True,-3.024611540728928,9.148274972310618,housing_wealth.moments.prime30_55_model_dependent_3plus_minus_1to2_rooms_capped9,uniform_birth_time,,94474cc0e55a6f845dd9251909299a43b890945fc070c907738e1469bdd166a1
beta_annual_plus,recent_parent_ownership,0.16289550916123285,proposed_scored_restriction,0.006079524679464666,27055.822957508266,Recorded empirical bootstrap standard error under the retained estimator/sample,0.006079524679464666,,acs_recent_parent_owner_gap_2005_2006,/Users/tommasodesanto/Desktop/Projects/Fertility/Fertility_Spring26/output/model/e5f_matched_pf_20260909a/design_research/housing/early_housing_target_candidates.csv,/Users/tommasodesanto/Desktop/Projects/Fertility/Fertility_Spring26/output/model/e5f_matched_pf_20260909a/design_research/observer_contract/observer_contract.json,/Users/tommasodesanto/Desktop/Projects/Fertility/Fertility_Spring26/output/model/e5f_matched_pf_20260909a/design_research/housing/inspect_early_housing.py; /Users/tommasodesanto/Desktop/Projects/Fertility/Fertility_Spring26/output/model/e5f_matched_pf_20260909a/design_research/housing/summarize_early_housing.py,"Pr(owner|NCHILD>0,ELDCH<4)-Pr(owner|NCHILD=0)",-0.05311361379748908,-0.21600912295872193,True,-35.5305939769197,1262.4231083527225,ownership_current_birth_from_empty_dependent_home_minus_current_empty_home_30_55,uniform_birth_time,maintained synchronized dependent-residence proxy; not exact ACS,94474cc0e55a6f845dd9251909299a43b890945fc070c907738e1469bdd166a1
kappa_fert_minus,initial_normalization,2.1,normalization_separate_from_scored_objective,,,Separate exact normalization within tolerance5e-4,,,author_2_1,/Users/tommasodesanto/Desktop/Projects/Fertility/Fertility_Spring26/output/model/e5f_matched_pf_20260909a/OVERNIGHT_PLAN.md,/Users/tommasodesanto/Desktop/Projects/Fertility/Fertility_Spring26/output/model/e5f_matched_pf_20260909a/OVERNIGHT_PLAN.md,"Author-selected model normalization, not empirical estimation","Author-selected stationary model normalization, using maintained top-parity representative; not empirical female period TFR",2.1000279454616346,2.7945461634537594e-05,False,,,final.normalization.completed_fertility,uniform_birth_time,,d809556b285fe29c82851a6f5e2103843c0df9e9032ff79da65310cdf0277e75
kappa_fert_minus,cps_childlessness,0.19827875100684264,proposed_scored_restriction,0.005305035738317728,35532.3042455214,CPS official annual generalized-variance approximations pooled with fixed observed weights and correlation-one working convention; not design-exact pooled SE,,,cps_childless_women_40_44_2004_2006,/Users/tommasodesanto/Desktop/Projects/Fertility/Fertility_Spring26/output/model/e5f_matched_pf_20260909a/parameter_target_audit/fertility/fertility_availability.json,/Users/tommasodesanto/Desktop/Projects/Fertility/Fertility_Spring26/output/model/e5f_matched_pf_20260909a/design_research/fertility_contract/fertility_target_contract.json,/Users/tommasodesanto/Desktop/Projects/Fertility/Fertility_Spring26/output/model/e5f_matched_pf_20260909a/parameter_target_audit/fertility/extract_fertility_availability.py; /Users/tommasodesanto/Desktop/Projects/Fertility/Fertility_Spring26/output/model/e5f_matched_pf_20260909a/design_research/fertility_contract/verify_fertility_contract.py,Weighted P(FREVER=0) among pooled June 2004 and June 2006 women age 40-44 with valid FREVER 0-20 and positive FRSUPPWT.,0.18069964352241719,-0.017579107484425455,True,-3.313664290223979,10.980371028305587,fertility.uniform_birth_time.moments.childless_rate_40_44,uniform_birth_time,,d809556b285fe29c82851a6f5e2103843c0df9e9032ff79da65310cdf0277e75
kappa_fert_minus,cps_exactly_one,0.21365532522014702,proposed_scored_restriction,0.0060911302714076404,26952.820824310795,CPS official annual generalized-variance approximations pooled with fixed observed weights and correlation-one working convention; not design-exact pooled SE,,,cps_exactly_one_among_mothers_40_44_2004_2006,/Users/tommasodesanto/Desktop/Projects/Fertility/Fertility_Spring26/output/model/e5f_matched_pf_20260909a/parameter_target_audit/fertility/fertility_availability.json,/Users/tommasodesanto/Desktop/Projects/Fertility/Fertility_Spring26/output/model/e5f_matched_pf_20260909a/design_research/fertility_contract/fertility_target_contract.json,/Users/tommasodesanto/Desktop/Projects/Fertility/Fertility_Spring26/output/model/e5f_matched_pf_20260909a/parameter_target_audit/fertility/extract_fertility_availability.py; /Users/tommasodesanto/Desktop/Projects/Fertility/Fertility_Spring26/output/model/e5f_matched_pf_20260909a/design_research/fertility_contract/verify_fertility_contract.py,Weighted P(FREVER=1 | FREVER>=1) in the same pooled CPS sample.,0.2324667051124189,0.018811379892271884,True,3.0883233577476314,9.537741162009603,fertility.uniform_birth_time.moments.exactly_one_among_mothers_40_44,uniform_birth_time,,d809556b285fe29c82851a6f5e2103843c0df9e9032ff79da65310cdf0277e75
kappa_fert_minus,nchs_mean_age,25.976263860992496,proposed_scored_restriction,0.0845673694617251,139.82806784479274,2003–2006 annual temporal SD: chosen typical-year discrepancy scale for approximate stationary target; not sampling SE,,,nchs_period_mean_age_first_birth_2003_2006,/Users/tommasodesanto/Desktop/Projects/Fertility/Fertility_Spring26/code/data/nchs_natality_timing/first_birth_counts_year_age.csv,/Users/tommasodesanto/Desktop/Projects/Fertility/Fertility_Spring26/output/model/e5f_matched_pf_20260909a/design_research/fertility_contract/fertility_target_contract.json,/Users/tommasodesanto/Desktop/Projects/Fertility/Fertility_Spring26/code/data/nchs_natality_timing/build_first_birth_timing.R; /Users/tommasodesanto/Desktop/Projects/Fertility/Fertility_Spring26/output/model/e5f_matched_pf_20260909a/design_research/fertility_contract/verify_fertility_contract.py,"Pooled national first-birth counts ages 12-49, 2003-2006; age <=21 mapped to midpoint 20, 22-25 to 24, ..., age >=42 to 44; count-weighted mean.",26.533143069721696,0.5568792087291996,True,6.585036430407608,43.362704789795366,fertility.uniform_birth_time.moments.period_mean_age_first_birth,uniform_birth_time,,d809556b285fe29c82851a6f5e2103843c0df9e9032ff79da65310cdf0277e75
kappa_fert_minus,nchs_share30,0.2492780130410667,proposed_scored_restriction,0.00849226186213262,13866.065434728798,2003–2006 annual temporal SD: chosen typical-year discrepancy scale for approximate stationary target; not sampling SE,,,nchs_period_first_birth_share_age30plus_2003_2006,/Users/tommasodesanto/Desktop/Projects/Fertility/Fertility_Spring26/code/data/nchs_natality_timing/first_birth_counts_year_age.csv,/Users/tommasodesanto/Desktop/Projects/Fertility/Fertility_Spring26/output/model/e5f_matched_pf_20260909a/design_research/fertility_contract/fertility_target_contract.json,/Users/tommasodesanto/Desktop/Projects/Fertility/Fertility_Spring26/code/data/nchs_natality_timing/build_first_birth_timing.R; /Users/tommasodesanto/Desktop/Projects/Fertility/Fertility_Spring26/output/model/e5f_matched_pf_20260909a/design_research/fertility_contract/verify_fertility_contract.py,"Pooled national first-birth counts ages 12-49, 2003-2006; exact maternal age >=30 divided by all first births in the pooled window.",0.26202252971335094,0.01274451667228424,True,1.5007211128418705,2.2521638585293418,fertility.uniform_birth_time.moments.period_share_first_births_age30plus,uniform_birth_time,,d809556b285fe29c82851a6f5e2103843c0df9e9032ff79da65310cdf0277e75
kappa_fert_minus,wealth_earnings,6.14586139445743,proposed_scored_restriction,0.36285515343369,7.595098472533724,Recorded empirical bootstrap standard error under the retained estimator/sample,0.36285515343369,,psid_wealth_gross_earnings_2003_2005,/Users/tommasodesanto/Desktop/Projects/Fertility/Fertility_Spring26/output/model/e5f_matched_pf_20260909a/design_research/wealth/aggregate_wealth_results.csv,/Users/tommasodesanto/Desktop/Projects/Fertility/Fertility_Spring26/output/model/e5f_matched_pf_20260909a/design_research/observer_contract/observer_contract.json,/Users/tommasodesanto/Desktop/Projects/Fertility/Fertility_Spring26/output/model/e5f_matched_pf_20260909a/design_research/wealth/build_initial_wealth.R,sum(IW*NETWORTHR)/sum_{age<=65}(IW*EARNINDRRC),6.095547224097197,-0.05031417036023367,True,-0.13866185965422242,0.019227111322767276,housing_wealth.moments.aggregate_wealth_to_annual_gross_labor_earnings,uniform_birth_time,,d809556b285fe29c82851a6f5e2103843c0df9e9032ff79da65310cdf0277e75
kappa_fert_minus,bequest_wealth,0.0088,proposed_scored_restriction,0.00044000000000000007,5165289.256198346,Inherited synthetic five-percent target scale; not empirical SE,,0.00044000000000000007,external_annual_bequest_wealth,/Users/tommasodesanto/Desktop/Projects/Fertility/Fertility_Spring26/tmp/e5f_matched_pf/code/model/intergen_eqscale_seq_optimized/e5_target_provenance.csv,/Users/tommasodesanto/Desktop/Projects/Fertility/Fertility_Spring26/output/model/e5f_matched_pf_20260909a/design_research/observer_contract/observer_contract.json,No microdata builder; external literature normalization,annual bequest flow / aggregate wealth,0.012370253555109904,0.003570253555109903,True,8.11421262524978,65.84044652776291,housing_wealth.moments.annual_bequest_flow_to_aggregate_wealth,uniform_birth_time,,d809556b285fe29c82851a6f5e2103843c0df9e9032ff79da65310cdf0277e75
kappa_fert_minus,old_dispersion,3.51593508651872,proposed_scored_restriction,0.306910785103348,10.616361531535473,Recorded empirical bootstrap standard error under the retained estimator/sample,0.306910785103348,,psid_old_wealth_dispersion_2003_2005,/Users/tommasodesanto/Desktop/Projects/Fertility/Fertility_Spring26/output/model/e5f_matched_pf_20260909a/design_research/wealth/old_wealth_results.csv,/Users/tommasodesanto/Desktop/Projects/Fertility/Fertility_Spring26/output/model/e5f_matched_pf_20260909a/design_research/observer_contract/observer_contract.json,/Users/tommasodesanto/Desktop/Projects/Fertility/Fertility_Spring26/output/model/e5f_matched_pf_20260909a/design_research/wealth/build_initial_wealth.R,"Q_.90(NETWORTHR/INCFAMR)/Q_.50(NETWORTHR/INCFAMR), weighted",3.7298372371434545,0.2139021506247345,True,0.6969522121964723,0.4857423860855564,housing_wealth.moments.old_total_wealth_to_annual_income_p90_p50_7684,uniform_birth_time,,d809556b285fe29c82851a6f5e2103843c0df9e9032ff79da65310cdf0277e75
kappa_fert_minus,mean_rooms,5.561097376118652,proposed_scored_restriction,0.08838120078007809,128.02070205233477,Recorded empirical bootstrap standard error under the retained estimator/sample,0.08838120078007809,,acs_rooms_2005_2006,/Users/tommasodesanto/Desktop/Projects/Fertility/Fertility_Spring26/output/model/e5f_matched_pf_20260909a/design_research/housing/early_housing_target_candidates.csv,/Users/tommasodesanto/Desktop/Projects/Fertility/Fertility_Spring26/output/model/e5f_matched_pf_20260909a/design_research/observer_contract/observer_contract.json,/Users/tommasodesanto/Desktop/Projects/Fertility/Fertility_Spring26/output/model/e5f_matched_pf_20260909a/design_research/housing/inspect_early_housing.py; /Users/tommasodesanto/Desktop/Projects/Fertility/Fertility_Spring26/output/model/e5f_matched_pf_20260909a/design_research/housing/summarize_early_housing.py,"sum(HHWT*min(ROOMS,9))/sum(HHWT)",6.24632852411444,0.685231147995788,True,7.753132362399914,60.111061428892874,housing_wealth.moments.aggregate_mean_occupied_rooms_capped9_18_85,uniform_birth_time,,d809556b285fe29c82851a6f5e2103843c0df9e9032ff79da65310cdf0277e75
kappa_fert_minus,ownership_30_55,0.6483340343191493,proposed_scored_restriction,0.020675272863460718,2339.3623724673616,Recorded empirical bootstrap standard error under the retained estimator/sample,0.020675272863460718,,acs_ownership_30_55_2005_2006,/Users/tommasodesanto/Desktop/Projects/Fertility/Fertility_Spring26/output/model/e5f_matched_pf_20260909a/design_research/housing/early_housing_target_candidates.csv,/Users/tommasodesanto/Desktop/Projects/Fertility/Fertility_Spring26/output/model/e5f_matched_pf_20260909a/design_research/observer_contract/observer_contract.json,/Users/tommasodesanto/Desktop/Projects/Fertility/Fertility_Spring26/output/model/e5f_matched_pf_20260909a/design_research/housing/inspect_early_housing.py; /Users/tommasodesanto/Desktop/Projects/Fertility/Fertility_Spring26/output/model/e5f_matched_pf_20260909a/design_research/housing/summarize_early_housing.py,sum(HHWT*owner)/sum(HHWT),0.5747020108497197,-0.07363202346942954,True,-3.5613567934844026,12.683262210497507,housing_wealth.moments.own_rate_30_55,uniform_birth_time,,d809556b285fe29c82851a6f5e2103843c0df9e9032ff79da65310cdf0277e75
kappa_fert_minus,first_birth_rooms,0.7202462623815278,proposed_scored_restriction,0.0852600513385958,137.5652749002964,Recorded empirical bootstrap standard error under the retained estimator/sample,0.0852600513385958,,psid_sa_first_birth_rooms,/Users/tommasodesanto/Desktop/Projects/Fertility/Fertility_Spring26/code/data/psid_followup_mar2026/output/sa_rooms_first_birth_household_aligned_v1/target_receipt.csv,/Users/tommasodesanto/Desktop/Projects/Fertility/Fertility_Spring26/output/model/e5f_matched_pf_20260909a/design_research/observer_contract/observer_contract.json,/Users/tommasodesanto/Desktop/Projects/Fertility/Fertility_Spring26/code/data/psid_followup_mar2026/sa_rooms_first_birth_household_aligned_v1.do,"beta(event=+3)-beta(event=-1), omitted event=-2; person/year FE, age/education controls, longitudinal IW",0.438600353997618,-0.2816459083839098,True,-3.3033748392362674,10.912285328499237,housing_wealth.moments.housing_increment_0to1,uniform_birth_time,,d809556b285fe29c82851a6f5e2103843c0df9e9032ff79da65310cdf0277e75
kappa_fert_minus,family_rooms,0.3470669317962507,proposed_scored_restriction,0.059705154633000496,280.52808370152104,Recorded empirical bootstrap standard error under the retained estimator/sample,0.059705154633000496,,acs_rooms_3plus_minus_1to2_2005_2006,/Users/tommasodesanto/Desktop/Projects/Fertility/Fertility_Spring26/output/model/e5f_matched_pf_20260909a/design_research/housing/early_housing_target_candidates.csv,/Users/tommasodesanto/Desktop/Projects/Fertility/Fertility_Spring26/output/model/e5f_matched_pf_20260909a/design_research/observer_contract/observer_contract.json,/Users/tommasodesanto/Desktop/Projects/Fertility/Fertility_Spring26/output/model/e5f_matched_pf_20260909a/design_research/housing/inspect_early_housing.py; /Users/tommasodesanto/Desktop/Projects/Fertility/Fertility_Spring26/output/model/e5f_matched_pf_20260909a/design_research/housing/summarize_early_housing.py,"E[min(ROOMS,9)|NCHILD>=3,YNGCH<18]-E[min(ROOMS,9)|NCHILD=1-2,YNGCH<18]",0.16611162342455543,-0.18095530837169527,True,-3.0308155046913967,9.185842623477763,housing_wealth.moments.prime30_55_model_dependent_3plus_minus_1to2_rooms_capped9,uniform_birth_time,,d809556b285fe29c82851a6f5e2103843c0df9e9032ff79da65310cdf0277e75
kappa_fert_minus,recent_parent_ownership,0.16289550916123285,proposed_scored_restriction,0.006079524679464666,27055.822957508266,Recorded empirical bootstrap standard error under the retained estimator/sample,0.006079524679464666,,acs_recent_parent_owner_gap_2005_2006,/Users/tommasodesanto/Desktop/Projects/Fertility/Fertility_Spring26/output/model/e5f_matched_pf_20260909a/design_research/housing/early_housing_target_candidates.csv,/Users/tommasodesanto/Desktop/Projects/Fertility/Fertility_Spring26/output/model/e5f_matched_pf_20260909a/design_research/observer_contract/observer_contract.json,/Users/tommasodesanto/Desktop/Projects/Fertility/Fertility_Spring26/output/model/e5f_matched_pf_20260909a/design_research/housing/inspect_early_housing.py; /Users/tommasodesanto/Desktop/Projects/Fertility/Fertility_Spring26/output/model/e5f_matched_pf_20260909a/design_research/housing/summarize_early_housing.py,"Pr(owner|NCHILD>0,ELDCH<4)-Pr(owner|NCHILD=0)",-0.052432025905689905,-0.21532753506692276,True,-35.41848194057886,1254.468862975111,ownership_current_birth_from_empty_dependent_home_minus_current_empty_home_30_55,uniform_birth_time,maintained synchronized dependent-residence proxy; not exact ACS,d809556b285fe29c82851a6f5e2103843c0df9e9032ff79da65310cdf0277e75
kappa_fert_plus,initial_normalization,2.1,normalization_separate_from_scored_objective,,,Separate exact normalization within tolerance5e-4,,,author_2_1,/Users/tommasodesanto/Desktop/Projects/Fertility/Fertility_Spring26/output/model/e5f_matched_pf_20260909a/OVERNIGHT_PLAN.md,/Users/tommasodesanto/Desktop/Projects/Fertility/Fertility_Spring26/output/model/e5f_matched_pf_20260909a/OVERNIGHT_PLAN.md,"Author-selected model normalization, not empirical estimation","Author-selected stationary model normalization, using maintained top-parity representative; not empirical female period TFR",2.1000257500926116,2.5750092611520614e-05,False,,,final.normalization.completed_fertility,uniform_birth_time,,3c20de91054030b5b887e9590b67f9c9a60cc147776ea0fb0a9f26583d579fcc
kappa_fert_plus,cps_childlessness,0.19827875100684264,proposed_scored_restriction,0.005305035738317728,35532.3042455214,CPS official annual generalized-variance approximations pooled with fixed observed weights and correlation-one working convention; not design-exact pooled SE,,,cps_childless_women_40_44_2004_2006,/Users/tommasodesanto/Desktop/Projects/Fertility/Fertility_Spring26/output/model/e5f_matched_pf_20260909a/parameter_target_audit/fertility/fertility_availability.json,/Users/tommasodesanto/Desktop/Projects/Fertility/Fertility_Spring26/output/model/e5f_matched_pf_20260909a/design_research/fertility_contract/fertility_target_contract.json,/Users/tommasodesanto/Desktop/Projects/Fertility/Fertility_Spring26/output/model/e5f_matched_pf_20260909a/parameter_target_audit/fertility/extract_fertility_availability.py; /Users/tommasodesanto/Desktop/Projects/Fertility/Fertility_Spring26/output/model/e5f_matched_pf_20260909a/design_research/fertility_contract/verify_fertility_contract.py,Weighted P(FREVER=0) among pooled June 2004 and June 2006 women age 40-44 with valid FREVER 0-20 and positive FRSUPPWT.,0.1804955855595013,-0.017783165447341348,True,-3.352129245594968,11.23677047917309,fertility.uniform_birth_time.moments.childless_rate_40_44,uniform_birth_time,,3c20de91054030b5b887e9590b67f9c9a60cc147776ea0fb0a9f26583d579fcc
kappa_fert_plus,cps_exactly_one,0.21365532522014702,proposed_scored_restriction,0.0060911302714076404,26952.820824310795,CPS official annual generalized-variance approximations pooled with fixed observed weights and correlation-one working convention; not design-exact pooled SE,,,cps_exactly_one_among_mothers_40_44_2004_2006,/Users/tommasodesanto/Desktop/Projects/Fertility/Fertility_Spring26/output/model/e5f_matched_pf_20260909a/parameter_target_audit/fertility/fertility_availability.json,/Users/tommasodesanto/Desktop/Projects/Fertility/Fertility_Spring26/output/model/e5f_matched_pf_20260909a/design_research/fertility_contract/fertility_target_contract.json,/Users/tommasodesanto/Desktop/Projects/Fertility/Fertility_Spring26/output/model/e5f_matched_pf_20260909a/parameter_target_audit/fertility/extract_fertility_availability.py; /Users/tommasodesanto/Desktop/Projects/Fertility/Fertility_Spring26/output/model/e5f_matched_pf_20260909a/design_research/fertility_contract/verify_fertility_contract.py,Weighted P(FREVER=1 | FREVER>=1) in the same pooled CPS sample.,0.2339682848460671,0.020312959625920085,True,3.334842421819658,11.121173978368,fertility.uniform_birth_time.moments.exactly_one_among_mothers_40_44,uniform_birth_time,,3c20de91054030b5b887e9590b67f9c9a60cc147776ea0fb0a9f26583d579fcc
kappa_fert_plus,nchs_mean_age,25.976263860992496,proposed_scored_restriction,0.0845673694617251,139.82806784479274,2003–2006 annual temporal SD: chosen typical-year discrepancy scale for approximate stationary target; not sampling SE,,,nchs_period_mean_age_first_birth_2003_2006,/Users/tommasodesanto/Desktop/Projects/Fertility/Fertility_Spring26/code/data/nchs_natality_timing/first_birth_counts_year_age.csv,/Users/tommasodesanto/Desktop/Projects/Fertility/Fertility_Spring26/output/model/e5f_matched_pf_20260909a/design_research/fertility_contract/fertility_target_contract.json,/Users/tommasodesanto/Desktop/Projects/Fertility/Fertility_Spring26/code/data/nchs_natality_timing/build_first_birth_timing.R; /Users/tommasodesanto/Desktop/Projects/Fertility/Fertility_Spring26/output/model/e5f_matched_pf_20260909a/design_research/fertility_contract/verify_fertility_contract.py,"Pooled national first-birth counts ages 12-49, 2003-2006; age <=21 mapped to midpoint 20, 22-25 to 24, ..., age >=42 to 44; count-weighted mean.",26.635531964584505,0.6592681035920087,True,7.795774041314968,60.7740929032403,fertility.uniform_birth_time.moments.period_mean_age_first_birth,uniform_birth_time,,3c20de91054030b5b887e9590b67f9c9a60cc147776ea0fb0a9f26583d579fcc
kappa_fert_plus,nchs_share30,0.2492780130410667,proposed_scored_restriction,0.00849226186213262,13866.065434728798,2003–2006 annual temporal SD: chosen typical-year discrepancy scale for approximate stationary target; not sampling SE,,,nchs_period_first_birth_share_age30plus_2003_2006,/Users/tommasodesanto/Desktop/Projects/Fertility/Fertility_Spring26/code/data/nchs_natality_timing/first_birth_counts_year_age.csv,/Users/tommasodesanto/Desktop/Projects/Fertility/Fertility_Spring26/output/model/e5f_matched_pf_20260909a/design_research/fertility_contract/fertility_target_contract.json,/Users/tommasodesanto/Desktop/Projects/Fertility/Fertility_Spring26/code/data/nchs_natality_timing/build_first_birth_timing.R; /Users/tommasodesanto/Desktop/Projects/Fertility/Fertility_Spring26/output/model/e5f_matched_pf_20260909a/design_research/fertility_contract/verify_fertility_contract.py,"Pooled national first-birth counts ages 12-49, 2003-2006; exact maternal age >=30 divided by all first births in the pooled window.",0.2682186122910368,0.018940599249970075,True,2.230336223430305,4.974399669545354,fertility.uniform_birth_time.moments.period_share_first_births_age30plus,uniform_birth_time,,3c20de91054030b5b887e9590b67f9c9a60cc147776ea0fb0a9f26583d579fcc
kappa_fert_plus,wealth_earnings,6.14586139445743,proposed_scored_restriction,0.36285515343369,7.595098472533724,Recorded empirical bootstrap standard error under the retained estimator/sample,0.36285515343369,,psid_wealth_gross_earnings_2003_2005,/Users/tommasodesanto/Desktop/Projects/Fertility/Fertility_Spring26/output/model/e5f_matched_pf_20260909a/design_research/wealth/aggregate_wealth_results.csv,/Users/tommasodesanto/Desktop/Projects/Fertility/Fertility_Spring26/output/model/e5f_matched_pf_20260909a/design_research/observer_contract/observer_contract.json,/Users/tommasodesanto/Desktop/Projects/Fertility/Fertility_Spring26/output/model/e5f_matched_pf_20260909a/design_research/wealth/build_initial_wealth.R,sum(IW*NETWORTHR)/sum_{age<=65}(IW*EARNINDRRC),6.098166780471873,-0.04769461398555741,True,-0.13144257022182093,0.017277149266518327,housing_wealth.moments.aggregate_wealth_to_annual_gross_labor_earnings,uniform_birth_time,,3c20de91054030b5b887e9590b67f9c9a60cc147776ea0fb0a9f26583d579fcc
kappa_fert_plus,bequest_wealth,0.0088,proposed_scored_restriction,0.00044000000000000007,5165289.256198346,Inherited synthetic five-percent target scale; not empirical SE,,0.00044000000000000007,external_annual_bequest_wealth,/Users/tommasodesanto/Desktop/Projects/Fertility/Fertility_Spring26/tmp/e5f_matched_pf/code/model/intergen_eqscale_seq_optimized/e5_target_provenance.csv,/Users/tommasodesanto/Desktop/Projects/Fertility/Fertility_Spring26/output/model/e5f_matched_pf_20260909a/design_research/observer_contract/observer_contract.json,No microdata builder; external literature normalization,annual bequest flow / aggregate wealth,0.012365884555374832,0.0035658845553748313,True,8.104283080397343,65.67940424721463,housing_wealth.moments.annual_bequest_flow_to_aggregate_wealth,uniform_birth_time,,3c20de91054030b5b887e9590b67f9c9a60cc147776ea0fb0a9f26583d579fcc
kappa_fert_plus,old_dispersion,3.51593508651872,proposed_scored_restriction,0.306910785103348,10.616361531535473,Recorded empirical bootstrap standard error under the retained estimator/sample,0.306910785103348,,psid_old_wealth_dispersion_2003_2005,/Users/tommasodesanto/Desktop/Projects/Fertility/Fertility_Spring26/output/model/e5f_matched_pf_20260909a/design_research/wealth/old_wealth_results.csv,/Users/tommasodesanto/Desktop/Projects/Fertility/Fertility_Spring26/output/model/e5f_matched_pf_20260909a/design_research/observer_contract/observer_contract.json,/Users/tommasodesanto/Desktop/Projects/Fertility/Fertility_Spring26/output/model/e5f_matched_pf_20260909a/design_research/wealth/build_initial_wealth.R,"Q_.90(NETWORTHR/INCFAMR)/Q_.50(NETWORTHR/INCFAMR), weighted",3.7296784592165757,0.2137433726978557,True,0.6964348699113997,0.4850215280285081,housing_wealth.moments.old_total_wealth_to_annual_income_p90_p50_7684,uniform_birth_time,,3c20de91054030b5b887e9590b67f9c9a60cc147776ea0fb0a9f26583d579fcc
kappa_fert_plus,mean_rooms,5.561097376118652,proposed_scored_restriction,0.08838120078007809,128.02070205233477,Recorded empirical bootstrap standard error under the retained estimator/sample,0.08838120078007809,,acs_rooms_2005_2006,/Users/tommasodesanto/Desktop/Projects/Fertility/Fertility_Spring26/output/model/e5f_matched_pf_20260909a/design_research/housing/early_housing_target_candidates.csv,/Users/tommasodesanto/Desktop/Projects/Fertility/Fertility_Spring26/output/model/e5f_matched_pf_20260909a/design_research/observer_contract/observer_contract.json,/Users/tommasodesanto/Desktop/Projects/Fertility/Fertility_Spring26/output/model/e5f_matched_pf_20260909a/design_research/housing/inspect_early_housing.py; /Users/tommasodesanto/Desktop/Projects/Fertility/Fertility_Spring26/output/model/e5f_matched_pf_20260909a/design_research/housing/summarize_early_housing.py,"sum(HHWT*min(ROOMS,9))/sum(HHWT)",6.2464328912567675,0.6853355151381155,True,7.7543132373077714,60.12937378228654,housing_wealth.moments.aggregate_mean_occupied_rooms_capped9_18_85,uniform_birth_time,,3c20de91054030b5b887e9590b67f9c9a60cc147776ea0fb0a9f26583d579fcc
kappa_fert_plus,ownership_30_55,0.6483340343191493,proposed_scored_restriction,0.020675272863460718,2339.3623724673616,Recorded empirical bootstrap standard error under the retained estimator/sample,0.020675272863460718,,acs_ownership_30_55_2005_2006,/Users/tommasodesanto/Desktop/Projects/Fertility/Fertility_Spring26/output/model/e5f_matched_pf_20260909a/design_research/housing/early_housing_target_candidates.csv,/Users/tommasodesanto/Desktop/Projects/Fertility/Fertility_Spring26/output/model/e5f_matched_pf_20260909a/design_research/observer_contract/observer_contract.json,/Users/tommasodesanto/Desktop/Projects/Fertility/Fertility_Spring26/output/model/e5f_matched_pf_20260909a/design_research/housing/inspect_early_housing.py; /Users/tommasodesanto/Desktop/Projects/Fertility/Fertility_Spring26/output/model/e5f_matched_pf_20260909a/design_research/housing/summarize_early_housing.py,sum(HHWT*owner)/sum(HHWT),0.5748327447762339,-0.07350128954291535,True,-3.5550335914943947,12.638263836653536,housing_wealth.moments.own_rate_30_55,uniform_birth_time,,3c20de91054030b5b887e9590b67f9c9a60cc147776ea0fb0a9f26583d579fcc
kappa_fert_plus,first_birth_rooms,0.7202462623815278,proposed_scored_restriction,0.0852600513385958,137.5652749002964,Recorded empirical bootstrap standard error under the retained estimator/sample,0.0852600513385958,,psid_sa_first_birth_rooms,/Users/tommasodesanto/Desktop/Projects/Fertility/Fertility_Spring26/code/data/psid_followup_mar2026/output/sa_rooms_first_birth_household_aligned_v1/target_receipt.csv,/Users/tommasodesanto/Desktop/Projects/Fertility/Fertility_Spring26/output/model/e5f_matched_pf_20260909a/design_research/observer_contract/observer_contract.json,/Users/tommasodesanto/Desktop/Projects/Fertility/Fertility_Spring26/code/data/psid_followup_mar2026/sa_rooms_first_birth_household_aligned_v1.do,"beta(event=+3)-beta(event=-1), omitted event=-2; person/year FE, age/education controls, longitudinal IW",0.4390790937645477,-0.2811671686169801,True,-3.2977597855339367,10.875219603084837,housing_wealth.moments.housing_increment_0to1,uniform_birth_time,,3c20de91054030b5b887e9590b67f9c9a60cc147776ea0fb0a9f26583d579fcc
kappa_fert_plus,family_rooms,0.3470669317962507,proposed_scored_restriction,0.059705154633000496,280.52808370152104,Recorded empirical bootstrap standard error under the retained estimator/sample,0.059705154633000496,,acs_rooms_3plus_minus_1to2_2005_2006,/Users/tommasodesanto/Desktop/Projects/Fertility/Fertility_Spring26/output/model/e5f_matched_pf_20260909a/design_research/housing/early_housing_target_candidates.csv,/Users/tommasodesanto/Desktop/Projects/Fertility/Fertility_Spring26/output/model/e5f_matched_pf_20260909a/design_research/observer_contract/observer_contract.json,/Users/tommasodesanto/Desktop/Projects/Fertility/Fertility_Spring26/output/model/e5f_matched_pf_20260909a/design_research/housing/inspect_early_housing.py; /Users/tommasodesanto/Desktop/Projects/Fertility/Fertility_Spring26/output/model/e5f_matched_pf_20260909a/design_research/housing/summarize_early_housing.py,"E[min(ROOMS,9)|NCHILD>=3,YNGCH<18]-E[min(ROOMS,9)|NCHILD=1-2,YNGCH<18]",0.16627132949382872,-0.18079560230242198,True,-3.0281405921104816,9.169635445587218,housing_wealth.moments.prime30_55_model_dependent_3plus_minus_1to2_rooms_capped9,uniform_birth_time,,3c20de91054030b5b887e9590b67f9c9a60cc147776ea0fb0a9f26583d579fcc
kappa_fert_plus,recent_parent_ownership,0.16289550916123285,proposed_scored_restriction,0.006079524679464666,27055.822957508266,Recorded empirical bootstrap standard error under the retained estimator/sample,0.006079524679464666,,acs_recent_parent_owner_gap_2005_2006,/Users/tommasodesanto/Desktop/Projects/Fertility/Fertility_Spring26/output/model/e5f_matched_pf_20260909a/design_research/housing/early_housing_target_candidates.csv,/Users/tommasodesanto/Desktop/Projects/Fertility/Fertility_Spring26/output/model/e5f_matched_pf_20260909a/design_research/observer_contract/observer_contract.json,/Users/tommasodesanto/Desktop/Projects/Fertility/Fertility_Spring26/output/model/e5f_matched_pf_20260909a/design_research/housing/inspect_early_housing.py; /Users/tommasodesanto/Desktop/Projects/Fertility/Fertility_Spring26/output/model/e5f_matched_pf_20260909a/design_research/housing/summarize_early_housing.py,"Pr(owner|NCHILD>0,ELDCH<4)-Pr(owner|NCHILD=0)",-0.054004826882233625,-0.21690033604346648,True,-35.6771865366563,1272.8616391713695,ownership_current_birth_from_empty_dependent_home_minus_current_empty_home_30_55,uniform_birth_time,maintained synchronized dependent-residence proxy; not exact ACS,3c20de91054030b5b887e9590b67f9c9a60cc147776ea0fb0a9f26583d579fcc
kappa_fert_continuation_minus,initial_normalization,2.1,normalization_separate_from_scored_objective,,,Separate exact normalization within tolerance5e-4,,,author_2_1,/Users/tommasodesanto/Desktop/Projects/Fertility/Fertility_Spring26/output/model/e5f_matched_pf_20260909a/OVERNIGHT_PLAN.md,/Users/tommasodesanto/Desktop/Projects/Fertility/Fertility_Spring26/output/model/e5f_matched_pf_20260909a/OVERNIGHT_PLAN.md,"Author-selected model normalization, not empirical estimation","Author-selected stationary model normalization, using maintained top-parity representative; not empirical female period TFR",2.1000337970198246,3.379701982453298e-05,False,,,final.normalization.completed_fertility,uniform_birth_time,,a8abc58a859214ce73c9e94ef7d619882426ca8a54a98cab538e9d3f05dc72c0
kappa_fert_continuation_minus,cps_childlessness,0.19827875100684264,proposed_scored_restriction,0.005305035738317728,35532.3042455214,CPS official annual generalized-variance approximations pooled with fixed observed weights and correlation-one working convention; not design-exact pooled SE,,,cps_childless_women_40_44_2004_2006,/Users/tommasodesanto/Desktop/Projects/Fertility/Fertility_Spring26/output/model/e5f_matched_pf_20260909a/parameter_target_audit/fertility/fertility_availability.json,/Users/tommasodesanto/Desktop/Projects/Fertility/Fertility_Spring26/output/model/e5f_matched_pf_20260909a/design_research/fertility_contract/fertility_target_contract.json,/Users/tommasodesanto/Desktop/Projects/Fertility/Fertility_Spring26/output/model/e5f_matched_pf_20260909a/parameter_target_audit/fertility/extract_fertility_availability.py; /Users/tommasodesanto/Desktop/Projects/Fertility/Fertility_Spring26/output/model/e5f_matched_pf_20260909a/design_research/fertility_contract/verify_fertility_contract.py,Weighted P(FREVER=0) among pooled June 2004 and June 2006 women age 40-44 with valid FREVER 0-20 and positive FRSUPPWT.,0.18240334801307337,-0.015875402993769272,True,-2.9925157485939007,8.955150505582514,fertility.uniform_birth_time.moments.childless_rate_40_44,uniform_birth_time,,a8abc58a859214ce73c9e94ef7d619882426ca8a54a98cab538e9d3f05dc72c0
kappa_fert_continuation_minus,cps_exactly_one,0.21365532522014702,proposed_scored_restriction,0.0060911302714076404,26952.820824310795,CPS official annual generalized-variance approximations pooled with fixed observed weights and correlation-one working convention; not design-exact pooled SE,,,cps_exactly_one_among_mothers_40_44_2004_2006,/Users/tommasodesanto/Desktop/Projects/Fertility/Fertility_Spring26/output/model/e5f_matched_pf_20260909a/parameter_target_audit/fertility/fertility_availability.json,/Users/tommasodesanto/Desktop/Projects/Fertility/Fertility_Spring26/output/model/e5f_matched_pf_20260909a/design_research/fertility_contract/fertility_target_contract.json,/Users/tommasodesanto/Desktop/Projects/Fertility/Fertility_Spring26/output/model/e5f_matched_pf_20260909a/parameter_target_audit/fertility/extract_fertility_availability.py; /Users/tommasodesanto/Desktop/Projects/Fertility/Fertility_Spring26/output/model/e5f_matched_pf_20260909a/design_research/fertility_contract/verify_fertility_contract.py,Weighted P(FREVER=1 | FREVER>=1) in the same pooled CPS sample.,0.23206549125757064,0.018410166037423625,True,3.0224548182531477,9.135233128381667,fertility.uniform_birth_time.moments.exactly_one_among_mothers_40_44,uniform_birth_time,,a8abc58a859214ce73c9e94ef7d619882426ca8a54a98cab538e9d3f05dc72c0
kappa_fert_continuation_minus,nchs_mean_age,25.976263860992496,proposed_scored_restriction,0.0845673694617251,139.82806784479274,2003–2006 annual temporal SD: chosen typical-year discrepancy scale for approximate stationary target; not sampling SE,,,nchs_period_mean_age_first_birth_2003_2006,/Users/tommasodesanto/Desktop/Projects/Fertility/Fertility_Spring26/code/data/nchs_natality_timing/first_birth_counts_year_age.csv,/Users/tommasodesanto/Desktop/Projects/Fertility/Fertility_Spring26/output/model/e5f_matched_pf_20260909a/design_research/fertility_contract/fertility_target_contract.json,/Users/tommasodesanto/Desktop/Projects/Fertility/Fertility_Spring26/code/data/nchs_natality_timing/build_first_birth_timing.R; /Users/tommasodesanto/Desktop/Projects/Fertility/Fertility_Spring26/output/model/e5f_matched_pf_20260909a/design_research/fertility_contract/verify_fertility_contract.py,"Pooled national first-birth counts ages 12-49, 2003-2006; age <=21 mapped to midpoint 20, 22-25 to 24, ..., age >=42 to 44; count-weighted mean.",26.627726176641485,0.6514623156489883,True,7.703471442893087,59.3434722714693,fertility.uniform_birth_time.moments.period_mean_age_first_birth,uniform_birth_time,,a8abc58a859214ce73c9e94ef7d619882426ca8a54a98cab538e9d3f05dc72c0
kappa_fert_continuation_minus,nchs_share30,0.2492780130410667,proposed_scored_restriction,0.00849226186213262,13866.065434728798,2003–2006 annual temporal SD: chosen typical-year discrepancy scale for approximate stationary target; not sampling SE,,,nchs_period_first_birth_share_age30plus_2003_2006,/Users/tommasodesanto/Desktop/Projects/Fertility/Fertility_Spring26/code/data/nchs_natality_timing/first_birth_counts_year_age.csv,/Users/tommasodesanto/Desktop/Projects/Fertility/Fertility_Spring26/output/model/e5f_matched_pf_20260909a/design_research/fertility_contract/fertility_target_contract.json,/Users/tommasodesanto/Desktop/Projects/Fertility/Fertility_Spring26/code/data/nchs_natality_timing/build_first_birth_timing.R; /Users/tommasodesanto/Desktop/Projects/Fertility/Fertility_Spring26/output/model/e5f_matched_pf_20260909a/design_research/fertility_contract/verify_fertility_contract.py,"Pooled national first-birth counts ages 12-49, 2003-2006; exact maternal age >=30 divided by all first births in the pooled window.",0.26765543295275546,0.018377419911688758,True,2.1640194579531875,4.682980214400007,fertility.uniform_birth_time.moments.period_share_first_births_age30plus,uniform_birth_time,,a8abc58a859214ce73c9e94ef7d619882426ca8a54a98cab538e9d3f05dc72c0
kappa_fert_continuation_minus,wealth_earnings,6.14586139445743,proposed_scored_restriction,0.36285515343369,7.595098472533724,Recorded empirical bootstrap standard error under the retained estimator/sample,0.36285515343369,,psid_wealth_gross_earnings_2003_2005,/Users/tommasodesanto/Desktop/Projects/Fertility/Fertility_Spring26/output/model/e5f_matched_pf_20260909a/design_research/wealth/aggregate_wealth_results.csv,/Users/tommasodesanto/Desktop/Projects/Fertility/Fertility_Spring26/output/model/e5f_matched_pf_20260909a/design_research/observer_contract/observer_contract.json,/Users/tommasodesanto/Desktop/Projects/Fertility/Fertility_Spring26/output/model/e5f_matched_pf_20260909a/design_research/wealth/build_initial_wealth.R,sum(IW*NETWORTHR)/sum_{age<=65}(IW*EARNINDRRC),6.097852848012371,-0.04800854644505925,True,-0.13230774316075017,0.01750533890029103,housing_wealth.moments.aggregate_wealth_to_annual_gross_labor_earnings,uniform_birth_time,,a8abc58a859214ce73c9e94ef7d619882426ca8a54a98cab538e9d3f05dc72c0
kappa_fert_continuation_minus,bequest_wealth,0.0088,proposed_scored_restriction,0.00044000000000000007,5165289.256198346,Inherited synthetic five-percent target scale; not empirical SE,,0.00044000000000000007,external_annual_bequest_wealth,/Users/tommasodesanto/Desktop/Projects/Fertility/Fertility_Spring26/tmp/e5f_matched_pf/code/model/intergen_eqscale_seq_optimized/e5_target_provenance.csv,/Users/tommasodesanto/Desktop/Projects/Fertility/Fertility_Spring26/output/model/e5f_matched_pf_20260909a/design_research/observer_contract/observer_contract.json,No microdata builder; external literature normalization,annual bequest flow / aggregate wealth,0.012366208891826398,0.003566208891826397,True,8.105020208696356,65.69135258337631,housing_wealth.moments.annual_bequest_flow_to_aggregate_wealth,uniform_birth_time,,a8abc58a859214ce73c9e94ef7d619882426ca8a54a98cab538e9d3f05dc72c0
kappa_fert_continuation_minus,old_dispersion,3.51593508651872,proposed_scored_restriction,0.306910785103348,10.616361531535473,Recorded empirical bootstrap standard error under the retained estimator/sample,0.306910785103348,,psid_old_wealth_dispersion_2003_2005,/Users/tommasodesanto/Desktop/Projects/Fertility/Fertility_Spring26/output/model/e5f_matched_pf_20260909a/design_research/wealth/old_wealth_results.csv,/Users/tommasodesanto/Desktop/Projects/Fertility/Fertility_Spring26/output/model/e5f_matched_pf_20260909a/design_research/observer_contract/observer_contract.json,/Users/tommasodesanto/Desktop/Projects/Fertility/Fertility_Spring26/output/model/e5f_matched_pf_20260909a/design_research/wealth/build_initial_wealth.R,"Q_.90(NETWORTHR/INCFAMR)/Q_.50(NETWORTHR/INCFAMR), weighted",3.729805252818891,0.21387016630017097,True,0.6968479984440856,0.4855971329355284,housing_wealth.moments.old_total_wealth_to_annual_income_p90_p50_7684,uniform_birth_time,,a8abc58a859214ce73c9e94ef7d619882426ca8a54a98cab538e9d3f05dc72c0
kappa_fert_continuation_minus,mean_rooms,5.561097376118652,proposed_scored_restriction,0.08838120078007809,128.02070205233477,Recorded empirical bootstrap standard error under the retained estimator/sample,0.08838120078007809,,acs_rooms_2005_2006,/Users/tommasodesanto/Desktop/Projects/Fertility/Fertility_Spring26/output/model/e5f_matched_pf_20260909a/design_research/housing/early_housing_target_candidates.csv,/Users/tommasodesanto/Desktop/Projects/Fertility/Fertility_Spring26/output/model/e5f_matched_pf_20260909a/design_research/observer_contract/observer_contract.json,/Users/tommasodesanto/Desktop/Projects/Fertility/Fertility_Spring26/output/model/e5f_matched_pf_20260909a/design_research/housing/inspect_early_housing.py; /Users/tommasodesanto/Desktop/Projects/Fertility/Fertility_Spring26/output/model/e5f_matched_pf_20260909a/design_research/housing/summarize_early_housing.py,"sum(HHWT*min(ROOMS,9))/sum(HHWT)",6.246280502781141,0.6851831266624888,True,7.752589019099808,60.102636499066925,housing_wealth.moments.aggregate_mean_occupied_rooms_capped9_18_85,uniform_birth_time,,a8abc58a859214ce73c9e94ef7d619882426ca8a54a98cab538e9d3f05dc72c0
kappa_fert_continuation_minus,ownership_30_55,0.6483340343191493,proposed_scored_restriction,0.020675272863460718,2339.3623724673616,Recorded empirical bootstrap standard error under the retained estimator/sample,0.020675272863460718,,acs_ownership_30_55_2005_2006,/Users/tommasodesanto/Desktop/Projects/Fertility/Fertility_Spring26/output/model/e5f_matched_pf_20260909a/design_research/housing/early_housing_target_candidates.csv,/Users/tommasodesanto/Desktop/Projects/Fertility/Fertility_Spring26/output/model/e5f_matched_pf_20260909a/design_research/observer_contract/observer_contract.json,/Users/tommasodesanto/Desktop/Projects/Fertility/Fertility_Spring26/output/model/e5f_matched_pf_20260909a/design_research/housing/inspect_early_housing.py; /Users/tommasodesanto/Desktop/Projects/Fertility/Fertility_Spring26/output/model/e5f_matched_pf_20260909a/design_research/housing/summarize_early_housing.py,sum(HHWT*owner)/sum(HHWT),0.5748769110013462,-0.07345712331780307,True,-3.5528974056552065,12.623079975111498,housing_wealth.moments.own_rate_30_55,uniform_birth_time,,a8abc58a859214ce73c9e94ef7d619882426ca8a54a98cab538e9d3f05dc72c0
kappa_fert_continuation_minus,first_birth_rooms,0.7202462623815278,proposed_scored_restriction,0.0852600513385958,137.5652749002964,Recorded empirical bootstrap standard error under the retained estimator/sample,0.0852600513385958,,psid_sa_first_birth_rooms,/Users/tommasodesanto/Desktop/Projects/Fertility/Fertility_Spring26/code/data/psid_followup_mar2026/output/sa_rooms_first_birth_household_aligned_v1/target_receipt.csv,/Users/tommasodesanto/Desktop/Projects/Fertility/Fertility_Spring26/output/model/e5f_matched_pf_20260909a/design_research/observer_contract/observer_contract.json,/Users/tommasodesanto/Desktop/Projects/Fertility/Fertility_Spring26/code/data/psid_followup_mar2026/sa_rooms_first_birth_household_aligned_v1.do,"beta(event=+3)-beta(event=-1), omitted event=-2; person/year FE, age/education controls, longitudinal IW",0.4389736701856659,-0.28127259219586187,True,-3.298996279967456,10.883376455239116,housing_wealth.moments.housing_increment_0to1,uniform_birth_time,,a8abc58a859214ce73c9e94ef7d619882426ca8a54a98cab538e9d3f05dc72c0
kappa_fert_continuation_minus,family_rooms,0.3470669317962507,proposed_scored_restriction,0.059705154633000496,280.52808370152104,Recorded empirical bootstrap standard error under the retained estimator/sample,0.059705154633000496,,acs_rooms_3plus_minus_1to2_2005_2006,/Users/tommasodesanto/Desktop/Projects/Fertility/Fertility_Spring26/output/model/e5f_matched_pf_20260909a/design_research/housing/early_housing_target_candidates.csv,/Users/tommasodesanto/Desktop/Projects/Fertility/Fertility_Spring26/output/model/e5f_matched_pf_20260909a/design_research/observer_contract/observer_contract.json,/Users/tommasodesanto/Desktop/Projects/Fertility/Fertility_Spring26/output/model/e5f_matched_pf_20260909a/design_research/housing/inspect_early_housing.py; /Users/tommasodesanto/Desktop/Projects/Fertility/Fertility_Spring26/output/model/e5f_matched_pf_20260909a/design_research/housing/summarize_early_housing.py,"E[min(ROOMS,9)|NCHILD>=3,YNGCH<18]-E[min(ROOMS,9)|NCHILD=1-2,YNGCH<18]",0.16720735410623355,-0.17985957769001715,True,-3.0124631415091314,9.074934178951064,housing_wealth.moments.prime30_55_model_dependent_3plus_minus_1to2_rooms_capped9,uniform_birth_time,,a8abc58a859214ce73c9e94ef7d619882426ca8a54a98cab538e9d3f05dc72c0
kappa_fert_continuation_minus,recent_parent_ownership,0.16289550916123285,proposed_scored_restriction,0.006079524679464666,27055.822957508266,Recorded empirical bootstrap standard error under the retained estimator/sample,0.006079524679464666,,acs_recent_parent_owner_gap_2005_2006,/Users/tommasodesanto/Desktop/Projects/Fertility/Fertility_Spring26/output/model/e5f_matched_pf_20260909a/design_research/housing/early_housing_target_candidates.csv,/Users/tommasodesanto/Desktop/Projects/Fertility/Fertility_Spring26/output/model/e5f_matched_pf_20260909a/design_research/observer_contract/observer_contract.json,/Users/tommasodesanto/Desktop/Projects/Fertility/Fertility_Spring26/output/model/e5f_matched_pf_20260909a/design_research/housing/inspect_early_housing.py; /Users/tommasodesanto/Desktop/Projects/Fertility/Fertility_Spring26/output/model/e5f_matched_pf_20260909a/design_research/housing/summarize_early_housing.py,"Pr(owner|NCHILD>0,ELDCH<4)-Pr(owner|NCHILD=0)",-0.05262547081104513,-0.21552097997227798,True,-35.4503010243978,1256.7238427204202,ownership_current_birth_from_empty_dependent_home_minus_current_empty_home_30_55,uniform_birth_time,maintained synchronized dependent-residence proxy; not exact ACS,a8abc58a859214ce73c9e94ef7d619882426ca8a54a98cab538e9d3f05dc72c0
kappa_fert_continuation_plus,initial_normalization,2.1,normalization_separate_from_scored_objective,,,Separate exact normalization within tolerance5e-4,,,author_2_1,/Users/tommasodesanto/Desktop/Projects/Fertility/Fertility_Spring26/output/model/e5f_matched_pf_20260909a/OVERNIGHT_PLAN.md,/Users/tommasodesanto/Desktop/Projects/Fertility/Fertility_Spring26/output/model/e5f_matched_pf_20260909a/OVERNIGHT_PLAN.md,"Author-selected model normalization, not empirical estimation","Author-selected stationary model normalization, using maintained top-parity representative; not empirical female period TFR",2.100033600317621,3.360031762111859e-05,False,,,final.normalization.completed_fertility,uniform_birth_time,,c1d0036e42cf21f70f56a50ca35c5a2d44a7247cdceccad0d2a01dc5c1d3e348
kappa_fert_continuation_plus,cps_childlessness,0.19827875100684264,proposed_scored_restriction,0.005305035738317728,35532.3042455214,CPS official annual generalized-variance approximations pooled with fixed observed weights and correlation-one working convention; not design-exact pooled SE,,,cps_childless_women_40_44_2004_2006,/Users/tommasodesanto/Desktop/Projects/Fertility/Fertility_Spring26/output/model/e5f_matched_pf_20260909a/parameter_target_audit/fertility/fertility_availability.json,/Users/tommasodesanto/Desktop/Projects/Fertility/Fertility_Spring26/output/model/e5f_matched_pf_20260909a/design_research/fertility_contract/fertility_target_contract.json,/Users/tommasodesanto/Desktop/Projects/Fertility/Fertility_Spring26/output/model/e5f_matched_pf_20260909a/parameter_target_audit/fertility/extract_fertility_availability.py; /Users/tommasodesanto/Desktop/Projects/Fertility/Fertility_Spring26/output/model/e5f_matched_pf_20260909a/design_research/fertility_contract/verify_fertility_contract.py,Weighted P(FREVER=0) among pooled June 2004 and June 2006 women age 40-44 with valid FREVER 0-20 and positive FRSUPPWT.,0.17880462372952552,-0.01947412727731712,True,-3.6708757938532823,13.475329093897964,fertility.uniform_birth_time.moments.childless_rate_40_44,uniform_birth_time,,c1d0036e42cf21f70f56a50ca35c5a2d44a7247cdceccad0d2a01dc5c1d3e348
kappa_fert_continuation_plus,cps_exactly_one,0.21365532522014702,proposed_scored_restriction,0.0060911302714076404,26952.820824310795,CPS official annual generalized-variance approximations pooled with fixed observed weights and correlation-one working convention; not design-exact pooled SE,,,cps_exactly_one_among_mothers_40_44_2004_2006,/Users/tommasodesanto/Desktop/Projects/Fertility/Fertility_Spring26/output/model/e5f_matched_pf_20260909a/parameter_target_audit/fertility/fertility_availability.json,/Users/tommasodesanto/Desktop/Projects/Fertility/Fertility_Spring26/output/model/e5f_matched_pf_20260909a/design_research/fertility_contract/fertility_target_contract.json,/Users/tommasodesanto/Desktop/Projects/Fertility/Fertility_Spring26/output/model/e5f_matched_pf_20260909a/parameter_target_audit/fertility/extract_fertility_availability.py; /Users/tommasodesanto/Desktop/Projects/Fertility/Fertility_Spring26/output/model/e5f_matched_pf_20260909a/design_research/fertility_contract/verify_fertility_contract.py,Weighted P(FREVER=1 | FREVER>=1) in the same pooled CPS sample.,0.23438276831971486,0.020727443099567838,True,3.4028894763365147,11.5796567881618,fertility.uniform_birth_time.moments.exactly_one_among_mothers_40_44,uniform_birth_time,,c1d0036e42cf21f70f56a50ca35c5a2d44a7247cdceccad0d2a01dc5c1d3e348
kappa_fert_continuation_plus,nchs_mean_age,25.976263860992496,proposed_scored_restriction,0.0845673694617251,139.82806784479274,2003–2006 annual temporal SD: chosen typical-year discrepancy scale for approximate stationary target; not sampling SE,,,nchs_period_mean_age_first_birth_2003_2006,/Users/tommasodesanto/Desktop/Projects/Fertility/Fertility_Spring26/code/data/nchs_natality_timing/first_birth_counts_year_age.csv,/Users/tommasodesanto/Desktop/Projects/Fertility/Fertility_Spring26/output/model/e5f_matched_pf_20260909a/design_research/fertility_contract/fertility_target_contract.json,/Users/tommasodesanto/Desktop/Projects/Fertility/Fertility_Spring26/code/data/nchs_natality_timing/build_first_birth_timing.R; /Users/tommasodesanto/Desktop/Projects/Fertility/Fertility_Spring26/output/model/e5f_matched_pf_20260909a/design_research/fertility_contract/verify_fertility_contract.py,"Pooled national first-birth counts ages 12-49, 2003-2006; age <=21 mapped to midpoint 20, 22-25 to 24, ..., age >=42 to 44; count-weighted mean.",26.543131931672008,0.5668680706795115,True,6.70315364291985,44.93226876058966,fertility.uniform_birth_time.moments.period_mean_age_first_birth,uniform_birth_time,,c1d0036e42cf21f70f56a50ca35c5a2d44a7247cdceccad0d2a01dc5c1d3e348
kappa_fert_continuation_plus,nchs_share30,0.2492780130410667,proposed_scored_restriction,0.00849226186213262,13866.065434728798,2003–2006 annual temporal SD: chosen typical-year discrepancy scale for approximate stationary target; not sampling SE,,,nchs_period_first_birth_share_age30plus_2003_2006,/Users/tommasodesanto/Desktop/Projects/Fertility/Fertility_Spring26/code/data/nchs_natality_timing/first_birth_counts_year_age.csv,/Users/tommasodesanto/Desktop/Projects/Fertility/Fertility_Spring26/output/model/e5f_matched_pf_20260909a/design_research/fertility_contract/fertility_target_contract.json,/Users/tommasodesanto/Desktop/Projects/Fertility/Fertility_Spring26/code/data/nchs_natality_timing/build_first_birth_timing.R; /Users/tommasodesanto/Desktop/Projects/Fertility/Fertility_Spring26/output/model/e5f_matched_pf_20260909a/design_research/fertility_contract/verify_fertility_contract.py,"Pooled national first-birth counts ages 12-49, 2003-2006; exact maternal age >=30 divided by all first births in the pooled window.",0.26271464035393455,0.01343662731286785,True,1.5822200882408466,2.503420407632872,fertility.uniform_birth_time.moments.period_share_first_births_age30plus,uniform_birth_time,,c1d0036e42cf21f70f56a50ca35c5a2d44a7247cdceccad0d2a01dc5c1d3e348
kappa_fert_continuation_plus,wealth_earnings,6.14586139445743,proposed_scored_restriction,0.36285515343369,7.595098472533724,Recorded empirical bootstrap standard error under the retained estimator/sample,0.36285515343369,,psid_wealth_gross_earnings_2003_2005,/Users/tommasodesanto/Desktop/Projects/Fertility/Fertility_Spring26/output/model/e5f_matched_pf_20260909a/design_research/wealth/aggregate_wealth_results.csv,/Users/tommasodesanto/Desktop/Projects/Fertility/Fertility_Spring26/output/model/e5f_matched_pf_20260909a/design_research/observer_contract/observer_contract.json,/Users/tommasodesanto/Desktop/Projects/Fertility/Fertility_Spring26/output/model/e5f_matched_pf_20260909a/design_research/wealth/build_initial_wealth.R,sum(IW*NETWORTHR)/sum_{age<=65}(IW*EARNINDRRC),6.096014081680383,-0.04984731277704757,True,-0.13737523721337175,0.018871955799430157,housing_wealth.moments.aggregate_wealth_to_annual_gross_labor_earnings,uniform_birth_time,,c1d0036e42cf21f70f56a50ca35c5a2d44a7247cdceccad0d2a01dc5c1d3e348
kappa_fert_continuation_plus,bequest_wealth,0.0088,proposed_scored_restriction,0.00044000000000000007,5165289.256198346,Inherited synthetic five-percent target scale; not empirical SE,,0.00044000000000000007,external_annual_bequest_wealth,/Users/tommasodesanto/Desktop/Projects/Fertility/Fertility_Spring26/tmp/e5f_matched_pf/code/model/intergen_eqscale_seq_optimized/e5_target_provenance.csv,/Users/tommasodesanto/Desktop/Projects/Fertility/Fertility_Spring26/output/model/e5f_matched_pf_20260909a/design_research/observer_contract/observer_contract.json,No microdata builder; external literature normalization,annual bequest flow / aggregate wealth,0.012369691941495675,0.0035696919414956747,True,8.112936230671986,65.81973428295018,housing_wealth.moments.annual_bequest_flow_to_aggregate_wealth,uniform_birth_time,,c1d0036e42cf21f70f56a50ca35c5a2d44a7247cdceccad0d2a01dc5c1d3e348
kappa_fert_continuation_plus,old_dispersion,3.51593508651872,proposed_scored_restriction,0.306910785103348,10.616361531535473,Recorded empirical bootstrap standard error under the retained estimator/sample,0.306910785103348,,psid_old_wealth_dispersion_2003_2005,/Users/tommasodesanto/Desktop/Projects/Fertility/Fertility_Spring26/output/model/e5f_matched_pf_20260909a/design_research/wealth/old_wealth_results.csv,/Users/tommasodesanto/Desktop/Projects/Fertility/Fertility_Spring26/output/model/e5f_matched_pf_20260909a/design_research/observer_contract/observer_contract.json,/Users/tommasodesanto/Desktop/Projects/Fertility/Fertility_Spring26/output/model/e5f_matched_pf_20260909a/design_research/wealth/build_initial_wealth.R,"Q_.90(NETWORTHR/INCFAMR)/Q_.50(NETWORTHR/INCFAMR), weighted",3.7296969952261456,0.21376190870742562,True,0.6964952653437846,0.48510565464630884,housing_wealth.moments.old_total_wealth_to_annual_income_p90_p50_7684,uniform_birth_time,,c1d0036e42cf21f70f56a50ca35c5a2d44a7247cdceccad0d2a01dc5c1d3e348
kappa_fert_continuation_plus,mean_rooms,5.561097376118652,proposed_scored_restriction,0.08838120078007809,128.02070205233477,Recorded empirical bootstrap standard error under the retained estimator/sample,0.08838120078007809,,acs_rooms_2005_2006,/Users/tommasodesanto/Desktop/Projects/Fertility/Fertility_Spring26/output/model/e5f_matched_pf_20260909a/design_research/housing/early_housing_target_candidates.csv,/Users/tommasodesanto/Desktop/Projects/Fertility/Fertility_Spring26/output/model/e5f_matched_pf_20260909a/design_research/observer_contract/observer_contract.json,/Users/tommasodesanto/Desktop/Projects/Fertility/Fertility_Spring26/output/model/e5f_matched_pf_20260909a/design_research/housing/inspect_early_housing.py; /Users/tommasodesanto/Desktop/Projects/Fertility/Fertility_Spring26/output/model/e5f_matched_pf_20260909a/design_research/housing/summarize_early_housing.py,"sum(HHWT*min(ROOMS,9))/sum(HHWT)",6.246490500370432,0.6853931242517799,True,7.754965062731684,60.13948312418904,housing_wealth.moments.aggregate_mean_occupied_rooms_capped9_18_85,uniform_birth_time,,c1d0036e42cf21f70f56a50ca35c5a2d44a7247cdceccad0d2a01dc5c1d3e348
kappa_fert_continuation_plus,ownership_30_55,0.6483340343191493,proposed_scored_restriction,0.020675272863460718,2339.3623724673616,Recorded empirical bootstrap standard error under the retained estimator/sample,0.020675272863460718,,acs_ownership_30_55_2005_2006,/Users/tommasodesanto/Desktop/Projects/Fertility/Fertility_Spring26/output/model/e5f_matched_pf_20260909a/design_research/housing/early_housing_target_candidates.csv,/Users/tommasodesanto/Desktop/Projects/Fertility/Fertility_Spring26/output/model/e5f_matched_pf_20260909a/design_research/observer_contract/observer_contract.json,/Users/tommasodesanto/Desktop/Projects/Fertility/Fertility_Spring26/output/model/e5f_matched_pf_20260909a/design_research/housing/inspect_early_housing.py; /Users/tommasodesanto/Desktop/Projects/Fertility/Fertility_Spring26/output/model/e5f_matched_pf_20260909a/design_research/housing/summarize_early_housing.py,sum(HHWT*owner)/sum(HHWT),0.5746766320592162,-0.07365740225993311,True,-3.562584288312218,12.692006811329074,housing_wealth.moments.own_rate_30_55,uniform_birth_time,,c1d0036e42cf21f70f56a50ca35c5a2d44a7247cdceccad0d2a01dc5c1d3e348
kappa_fert_continuation_plus,first_birth_rooms,0.7202462623815278,proposed_scored_restriction,0.0852600513385958,137.5652749002964,Recorded empirical bootstrap standard error under the retained estimator/sample,0.0852600513385958,,psid_sa_first_birth_rooms,/Users/tommasodesanto/Desktop/Projects/Fertility/Fertility_Spring26/code/data/psid_followup_mar2026/output/sa_rooms_first_birth_household_aligned_v1/target_receipt.csv,/Users/tommasodesanto/Desktop/Projects/Fertility/Fertility_Spring26/output/model/e5f_matched_pf_20260909a/design_research/observer_contract/observer_contract.json,/Users/tommasodesanto/Desktop/Projects/Fertility/Fertility_Spring26/code/data/psid_followup_mar2026/sa_rooms_first_birth_household_aligned_v1.do,"beta(event=+3)-beta(event=-1), omitted event=-2; person/year FE, age/education controls, longitudinal IW",0.4387232101612648,-0.28152305222026297,True,-3.3019338811120584,10.902767355235742,housing_wealth.moments.housing_increment_0to1,uniform_birth_time,,c1d0036e42cf21f70f56a50ca35c5a2d44a7247cdceccad0d2a01dc5c1d3e348
kappa_fert_continuation_plus,family_rooms,0.3470669317962507,proposed_scored_restriction,0.059705154633000496,280.52808370152104,Recorded empirical bootstrap standard error under the retained estimator/sample,0.059705154633000496,,acs_rooms_3plus_minus_1to2_2005_2006,/Users/tommasodesanto/Desktop/Projects/Fertility/Fertility_Spring26/output/model/e5f_matched_pf_20260909a/design_research/housing/early_housing_target_candidates.csv,/Users/tommasodesanto/Desktop/Projects/Fertility/Fertility_Spring26/output/model/e5f_matched_pf_20260909a/design_research/observer_contract/observer_contract.json,/Users/tommasodesanto/Desktop/Projects/Fertility/Fertility_Spring26/output/model/e5f_matched_pf_20260909a/design_research/housing/inspect_early_housing.py; /Users/tommasodesanto/Desktop/Projects/Fertility/Fertility_Spring26/output/model/e5f_matched_pf_20260909a/design_research/housing/summarize_early_housing.py,"E[min(ROOMS,9)|NCHILD>=3,YNGCH<18]-E[min(ROOMS,9)|NCHILD=1-2,YNGCH<18]",0.16519215968396495,-0.18187477211228575,True,-3.046215577704226,9.279429345847891,housing_wealth.moments.prime30_55_model_dependent_3plus_minus_1to2_rooms_capped9,uniform_birth_time,,c1d0036e42cf21f70f56a50ca35c5a2d44a7247cdceccad0d2a01dc5c1d3e348
kappa_fert_continuation_plus,recent_parent_ownership,0.16289550916123285,proposed_scored_restriction,0.006079524679464666,27055.822957508266,Recorded empirical bootstrap standard error under the retained estimator/sample,0.006079524679464666,,acs_recent_parent_owner_gap_2005_2006,/Users/tommasodesanto/Desktop/Projects/Fertility/Fertility_Spring26/output/model/e5f_matched_pf_20260909a/design_research/housing/early_housing_target_candidates.csv,/Users/tommasodesanto/Desktop/Projects/Fertility/Fertility_Spring26/output/model/e5f_matched_pf_20260909a/design_research/observer_contract/observer_contract.json,/Users/tommasodesanto/Desktop/Projects/Fertility/Fertility_Spring26/output/model/e5f_matched_pf_20260909a/design_research/housing/inspect_early_housing.py; /Users/tommasodesanto/Desktop/Projects/Fertility/Fertility_Spring26/output/model/e5f_matched_pf_20260909a/design_research/housing/summarize_early_housing.py,"Pr(owner|NCHILD>0,ELDCH<4)-Pr(owner|NCHILD=0)",-0.05379100550218158,-0.21668651466341443,True,-35.64201579694793,1270.3532900698858,ownership_current_birth_from_empty_dependent_home_minus_current_empty_home_30_55,uniform_birth_time,maintained synchronized dependent-residence proxy; not exact ACS,c1d0036e42cf21f70f56a50ca35c5a2d44a7247cdceccad0d2a01dc5c1d3e348
chi_minus,initial_normalization,2.1,normalization_separate_from_scored_objective,,,Separate exact normalization within tolerance5e-4,,,author_2_1,/Users/tommasodesanto/Desktop/Projects/Fertility/Fertility_Spring26/output/model/e5f_matched_pf_20260909a/OVERNIGHT_PLAN.md,/Users/tommasodesanto/Desktop/Projects/Fertility/Fertility_Spring26/output/model/e5f_matched_pf_20260909a/OVERNIGHT_PLAN.md,"Author-selected model normalization, not empirical estimation","Author-selected stationary model normalization, using maintained top-parity representative; not empirical female period TFR",2.1000000836140513,8.361405123835652e-08,False,,,final.normalization.completed_fertility,uniform_birth_time,,45f47dd70feef413d38303d639adef7f234c1ce5638763011e713e07bab33cf4
chi_minus,cps_childlessness,0.19827875100684264,proposed_scored_restriction,0.005305035738317728,35532.3042455214,CPS official annual generalized-variance approximations pooled with fixed observed weights and correlation-one working convention; not design-exact pooled SE,,,cps_childless_women_40_44_2004_2006,/Users/tommasodesanto/Desktop/Projects/Fertility/Fertility_Spring26/output/model/e5f_matched_pf_20260909a/parameter_target_audit/fertility/fertility_availability.json,/Users/tommasodesanto/Desktop/Projects/Fertility/Fertility_Spring26/output/model/e5f_matched_pf_20260909a/design_research/fertility_contract/fertility_target_contract.json,/Users/tommasodesanto/Desktop/Projects/Fertility/Fertility_Spring26/output/model/e5f_matched_pf_20260909a/parameter_target_audit/fertility/extract_fertility_availability.py; /Users/tommasodesanto/Desktop/Projects/Fertility/Fertility_Spring26/output/model/e5f_matched_pf_20260909a/design_research/fertility_contract/verify_fertility_contract.py,Weighted P(FREVER=0) among pooled June 2004 and June 2006 women age 40-44 with valid FREVER 0-20 and positive FRSUPPWT.,0.18060310867093451,-0.017675642335908126,True,-3.3318611236185984,11.10129854708099,fertility.uniform_birth_time.moments.childless_rate_40_44,uniform_birth_time,,45f47dd70feef413d38303d639adef7f234c1ce5638763011e713e07bab33cf4
chi_minus,cps_exactly_one,0.21365532522014702,proposed_scored_restriction,0.0060911302714076404,26952.820824310795,CPS official annual generalized-variance approximations pooled with fixed observed weights and correlation-one working convention; not design-exact pooled SE,,,cps_exactly_one_among_mothers_40_44_2004_2006,/Users/tommasodesanto/Desktop/Projects/Fertility/Fertility_Spring26/output/model/e5f_matched_pf_20260909a/parameter_target_audit/fertility/fertility_availability.json,/Users/tommasodesanto/Desktop/Projects/Fertility/Fertility_Spring26/output/model/e5f_matched_pf_20260909a/design_research/fertility_contract/fertility_target_contract.json,/Users/tommasodesanto/Desktop/Projects/Fertility/Fertility_Spring26/output/model/e5f_matched_pf_20260909a/parameter_target_audit/fertility/extract_fertility_availability.py; /Users/tommasodesanto/Desktop/Projects/Fertility/Fertility_Spring26/output/model/e5f_matched_pf_20260909a/design_research/fertility_contract/verify_fertility_contract.py,Weighted P(FREVER=1 | FREVER>=1) in the same pooled CPS sample.,0.23323169363382845,0.019576368413681433,True,3.213913927530793,10.329242733576407,fertility.uniform_birth_time.moments.exactly_one_among_mothers_40_44,uniform_birth_time,,45f47dd70feef413d38303d639adef7f234c1ce5638763011e713e07bab33cf4
chi_minus,nchs_mean_age,25.976263860992496,proposed_scored_restriction,0.0845673694617251,139.82806784479274,2003–2006 annual temporal SD: chosen typical-year discrepancy scale for approximate stationary target; not sampling SE,,,nchs_period_mean_age_first_birth_2003_2006,/Users/tommasodesanto/Desktop/Projects/Fertility/Fertility_Spring26/code/data/nchs_natality_timing/first_birth_counts_year_age.csv,/Users/tommasodesanto/Desktop/Projects/Fertility/Fertility_Spring26/output/model/e5f_matched_pf_20260909a/design_research/fertility_contract/fertility_target_contract.json,/Users/tommasodesanto/Desktop/Projects/Fertility/Fertility_Spring26/code/data/nchs_natality_timing/build_first_birth_timing.R; /Users/tommasodesanto/Desktop/Projects/Fertility/Fertility_Spring26/output/model/e5f_matched_pf_20260909a/design_research/fertility_contract/verify_fertility_contract.py,"Pooled national first-birth counts ages 12-49, 2003-2006; age <=21 mapped to midpoint 20, 22-25 to 24, ..., age >=42 to 44; count-weighted mean.",26.584864823055852,0.6086009620633561,True,7.196640571146141,51.791635510266666,fertility.uniform_birth_time.moments.period_mean_age_first_birth,uniform_birth_time,,45f47dd70feef413d38303d639adef7f234c1ce5638763011e713e07bab33cf4
chi_minus,nchs_share30,0.2492780130410667,proposed_scored_restriction,0.00849226186213262,13866.065434728798,2003–2006 annual temporal SD: chosen typical-year discrepancy scale for approximate stationary target; not sampling SE,,,nchs_period_first_birth_share_age30plus_2003_2006,/Users/tommasodesanto/Desktop/Projects/Fertility/Fertility_Spring26/code/data/nchs_natality_timing/first_birth_counts_year_age.csv,/Users/tommasodesanto/Desktop/Projects/Fertility/Fertility_Spring26/output/model/e5f_matched_pf_20260909a/design_research/fertility_contract/fertility_target_contract.json,/Users/tommasodesanto/Desktop/Projects/Fertility/Fertility_Spring26/code/data/nchs_natality_timing/build_first_birth_timing.R; /Users/tommasodesanto/Desktop/Projects/Fertility/Fertility_Spring26/output/model/e5f_matched_pf_20260909a/design_research/fertility_contract/verify_fertility_contract.py,"Pooled national first-birth counts ages 12-49, 2003-2006; exact maternal age >=30 divided by all first births in the pooled window.",0.26515570580348896,0.015877692762422263,True,1.8696659406160818,3.495650729499818,fertility.uniform_birth_time.moments.period_share_first_births_age30plus,uniform_birth_time,,45f47dd70feef413d38303d639adef7f234c1ce5638763011e713e07bab33cf4
chi_minus,wealth_earnings,6.14586139445743,proposed_scored_restriction,0.36285515343369,7.595098472533724,Recorded empirical bootstrap standard error under the retained estimator/sample,0.36285515343369,,psid_wealth_gross_earnings_2003_2005,/Users/tommasodesanto/Desktop/Projects/Fertility/Fertility_Spring26/output/model/e5f_matched_pf_20260909a/design_research/wealth/aggregate_wealth_results.csv,/Users/tommasodesanto/Desktop/Projects/Fertility/Fertility_Spring26/output/model/e5f_matched_pf_20260909a/design_research/observer_contract/observer_contract.json,/Users/tommasodesanto/Desktop/Projects/Fertility/Fertility_Spring26/output/model/e5f_matched_pf_20260909a/design_research/wealth/build_initial_wealth.R,sum(IW*NETWORTHR)/sum_{age<=65}(IW*EARNINDRRC),6.083697604467627,-0.06216378998980332,True,-0.1713184707494128,0.029350018419917412,housing_wealth.moments.aggregate_wealth_to_annual_gross_labor_earnings,uniform_birth_time,,45f47dd70feef413d38303d639adef7f234c1ce5638763011e713e07bab33cf4
chi_minus,bequest_wealth,0.0088,proposed_scored_restriction,0.00044000000000000007,5165289.256198346,Inherited synthetic five-percent target scale; not empirical SE,,0.00044000000000000007,external_annual_bequest_wealth,/Users/tommasodesanto/Desktop/Projects/Fertility/Fertility_Spring26/tmp/e5f_matched_pf/code/model/intergen_eqscale_seq_optimized/e5_target_provenance.csv,/Users/tommasodesanto/Desktop/Projects/Fertility/Fertility_Spring26/output/model/e5f_matched_pf_20260909a/design_research/observer_contract/observer_contract.json,No microdata builder; external literature normalization,annual bequest flow / aggregate wealth,0.012352202459763128,0.0035522024597631277,True,8.073187408552561,65.17635493361162,housing_wealth.moments.annual_bequest_flow_to_aggregate_wealth,uniform_birth_time,,45f47dd70feef413d38303d639adef7f234c1ce5638763011e713e07bab33cf4
chi_minus,old_dispersion,3.51593508651872,proposed_scored_restriction,0.306910785103348,10.616361531535473,Recorded empirical bootstrap standard error under the retained estimator/sample,0.306910785103348,,psid_old_wealth_dispersion_2003_2005,/Users/tommasodesanto/Desktop/Projects/Fertility/Fertility_Spring26/output/model/e5f_matched_pf_20260909a/design_research/wealth/old_wealth_results.csv,/Users/tommasodesanto/Desktop/Projects/Fertility/Fertility_Spring26/output/model/e5f_matched_pf_20260909a/design_research/observer_contract/observer_contract.json,/Users/tommasodesanto/Desktop/Projects/Fertility/Fertility_Spring26/output/model/e5f_matched_pf_20260909a/design_research/wealth/build_initial_wealth.R,"Q_.90(NETWORTHR/INCFAMR)/Q_.50(NETWORTHR/INCFAMR), weighted",3.7225014152375326,0.20656632871881264,True,0.6730500808215464,0.4529964112938902,housing_wealth.moments.old_total_wealth_to_annual_income_p90_p50_7684,uniform_birth_time,,45f47dd70feef413d38303d639adef7f234c1ce5638763011e713e07bab33cf4
chi_minus,mean_rooms,5.561097376118652,proposed_scored_restriction,0.08838120078007809,128.02070205233477,Recorded empirical bootstrap standard error under the retained estimator/sample,0.08838120078007809,,acs_rooms_2005_2006,/Users/tommasodesanto/Desktop/Projects/Fertility/Fertility_Spring26/output/model/e5f_matched_pf_20260909a/design_research/housing/early_housing_target_candidates.csv,/Users/tommasodesanto/Desktop/Projects/Fertility/Fertility_Spring26/output/model/e5f_matched_pf_20260909a/design_research/observer_contract/observer_contract.json,/Users/tommasodesanto/Desktop/Projects/Fertility/Fertility_Spring26/output/model/e5f_matched_pf_20260909a/design_research/housing/inspect_early_housing.py; /Users/tommasodesanto/Desktop/Projects/Fertility/Fertility_Spring26/output/model/e5f_matched_pf_20260909a/design_research/housing/summarize_early_housing.py,"sum(HHWT*min(ROOMS,9))/sum(HHWT)",6.256231698251832,0.69513432213318,True,7.865183047952766,61.86110437780358,housing_wealth.moments.aggregate_mean_occupied_rooms_capped9_18_85,uniform_birth_time,,45f47dd70feef413d38303d639adef7f234c1ce5638763011e713e07bab33cf4
chi_minus,ownership_30_55,0.6483340343191493,proposed_scored_restriction,0.020675272863460718,2339.3623724673616,Recorded empirical bootstrap standard error under the retained estimator/sample,0.020675272863460718,,acs_ownership_30_55_2005_2006,/Users/tommasodesanto/Desktop/Projects/Fertility/Fertility_Spring26/output/model/e5f_matched_pf_20260909a/design_research/housing/early_housing_target_candidates.csv,/Users/tommasodesanto/Desktop/Projects/Fertility/Fertility_Spring26/output/model/e5f_matched_pf_20260909a/design_research/observer_contract/observer_contract.json,/Users/tommasodesanto/Desktop/Projects/Fertility/Fertility_Spring26/output/model/e5f_matched_pf_20260909a/design_research/housing/inspect_early_housing.py; /Users/tommasodesanto/Desktop/Projects/Fertility/Fertility_Spring26/output/model/e5f_matched_pf_20260909a/design_research/housing/summarize_early_housing.py,sum(HHWT*owner)/sum(HHWT),0.495754078435099,-0.15257995588405027,True,-7.379827917710527,54.4618600950197,housing_wealth.moments.own_rate_30_55,uniform_birth_time,,45f47dd70feef413d38303d639adef7f234c1ce5638763011e713e07bab33cf4
chi_minus,first_birth_rooms,0.7202462623815278,proposed_scored_restriction,0.0852600513385958,137.5652749002964,Recorded empirical bootstrap standard error under the retained estimator/sample,0.0852600513385958,,psid_sa_first_birth_rooms,/Users/tommasodesanto/Desktop/Projects/Fertility/Fertility_Spring26/code/data/psid_followup_mar2026/output/sa_rooms_first_birth_household_aligned_v1/target_receipt.csv,/Users/tommasodesanto/Desktop/Projects/Fertility/Fertility_Spring26/output/model/e5f_matched_pf_20260909a/design_research/observer_contract/observer_contract.json,/Users/tommasodesanto/Desktop/Projects/Fertility/Fertility_Spring26/code/data/psid_followup_mar2026/sa_rooms_first_birth_household_aligned_v1.do,"beta(event=+3)-beta(event=-1), omitted event=-2; person/year FE, age/education controls, longitudinal IW",0.4687265751772811,-0.25151968720424667,True,-2.9500297414246095,8.702675475289748,housing_wealth.moments.housing_increment_0to1,uniform_birth_time,,45f47dd70feef413d38303d639adef7f234c1ce5638763011e713e07bab33cf4
chi_minus,family_rooms,0.3470669317962507,proposed_scored_restriction,0.059705154633000496,280.52808370152104,Recorded empirical bootstrap standard error under the retained estimator/sample,0.059705154633000496,,acs_rooms_3plus_minus_1to2_2005_2006,/Users/tommasodesanto/Desktop/Projects/Fertility/Fertility_Spring26/output/model/e5f_matched_pf_20260909a/design_research/housing/early_housing_target_candidates.csv,/Users/tommasodesanto/Desktop/Projects/Fertility/Fertility_Spring26/output/model/e5f_matched_pf_20260909a/design_research/observer_contract/observer_contract.json,/Users/tommasodesanto/Desktop/Projects/Fertility/Fertility_Spring26/output/model/e5f_matched_pf_20260909a/design_research/housing/inspect_early_housing.py; /Users/tommasodesanto/Desktop/Projects/Fertility/Fertility_Spring26/output/model/e5f_matched_pf_20260909a/design_research/housing/summarize_early_housing.py,"E[min(ROOMS,9)|NCHILD>=3,YNGCH<18]-E[min(ROOMS,9)|NCHILD=1-2,YNGCH<18]",0.17393016567161457,-0.17313676612463613,True,-2.899862954696029,8.409205156018384,housing_wealth.moments.prime30_55_model_dependent_3plus_minus_1to2_rooms_capped9,uniform_birth_time,,45f47dd70feef413d38303d639adef7f234c1ce5638763011e713e07bab33cf4
chi_minus,recent_parent_ownership,0.16289550916123285,proposed_scored_restriction,0.006079524679464666,27055.822957508266,Recorded empirical bootstrap standard error under the retained estimator/sample,0.006079524679464666,,acs_recent_parent_owner_gap_2005_2006,/Users/tommasodesanto/Desktop/Projects/Fertility/Fertility_Spring26/output/model/e5f_matched_pf_20260909a/design_research/housing/early_housing_target_candidates.csv,/Users/tommasodesanto/Desktop/Projects/Fertility/Fertility_Spring26/output/model/e5f_matched_pf_20260909a/design_research/observer_contract/observer_contract.json,/Users/tommasodesanto/Desktop/Projects/Fertility/Fertility_Spring26/output/model/e5f_matched_pf_20260909a/design_research/housing/inspect_early_housing.py; /Users/tommasodesanto/Desktop/Projects/Fertility/Fertility_Spring26/output/model/e5f_matched_pf_20260909a/design_research/housing/summarize_early_housing.py,"Pr(owner|NCHILD>0,ELDCH<4)-Pr(owner|NCHILD=0)",-0.05340356254167894,-0.2162990717029118,True,-35.57828664361275,1265.8144804950732,ownership_current_birth_from_empty_dependent_home_minus_current_empty_home_30_55,uniform_birth_time,maintained synchronized dependent-residence proxy; not exact ACS,45f47dd70feef413d38303d639adef7f234c1ce5638763011e713e07bab33cf4
chi_plus,initial_normalization,2.1,normalization_separate_from_scored_objective,,,Separate exact normalization within tolerance5e-4,,,author_2_1,/Users/tommasodesanto/Desktop/Projects/Fertility/Fertility_Spring26/output/model/e5f_matched_pf_20260909a/OVERNIGHT_PLAN.md,/Users/tommasodesanto/Desktop/Projects/Fertility/Fertility_Spring26/output/model/e5f_matched_pf_20260909a/OVERNIGHT_PLAN.md,"Author-selected model normalization, not empirical estimation","Author-selected stationary model normalization, using maintained top-parity representative; not empirical female period TFR",2.100000086893969,8.689396890915191e-08,False,,,final.normalization.completed_fertility,uniform_birth_time,,2863ec78990fb147a65518a0656252c35d33907c4c670e65ab5708e35093c7e8
chi_plus,cps_childlessness,0.19827875100684264,proposed_scored_restriction,0.005305035738317728,35532.3042455214,CPS official annual generalized-variance approximations pooled with fixed observed weights and correlation-one working convention; not design-exact pooled SE,,,cps_childless_women_40_44_2004_2006,/Users/tommasodesanto/Desktop/Projects/Fertility/Fertility_Spring26/output/model/e5f_matched_pf_20260909a/parameter_target_audit/fertility/fertility_availability.json,/Users/tommasodesanto/Desktop/Projects/Fertility/Fertility_Spring26/output/model/e5f_matched_pf_20260909a/design_research/fertility_contract/fertility_target_contract.json,/Users/tommasodesanto/Desktop/Projects/Fertility/Fertility_Spring26/output/model/e5f_matched_pf_20260909a/parameter_target_audit/fertility/extract_fertility_availability.py; /Users/tommasodesanto/Desktop/Projects/Fertility/Fertility_Spring26/output/model/e5f_matched_pf_20260909a/design_research/fertility_contract/verify_fertility_contract.py,Weighted P(FREVER=0) among pooled June 2004 and June 2006 women age 40-44 with valid FREVER 0-20 and positive FRSUPPWT.,0.18058766541890736,-0.01769108558793528,True,-3.334772178847804,11.120705484817332,fertility.uniform_birth_time.moments.childless_rate_40_44,uniform_birth_time,,2863ec78990fb147a65518a0656252c35d33907c4c670e65ab5708e35093c7e8
chi_plus,cps_exactly_one,0.21365532522014702,proposed_scored_restriction,0.0060911302714076404,26952.820824310795,CPS official annual generalized-variance approximations pooled with fixed observed weights and correlation-one working convention; not design-exact pooled SE,,,cps_exactly_one_among_mothers_40_44_2004_2006,/Users/tommasodesanto/Desktop/Projects/Fertility/Fertility_Spring26/output/model/e5f_matched_pf_20260909a/parameter_target_audit/fertility/fertility_availability.json,/Users/tommasodesanto/Desktop/Projects/Fertility/Fertility_Spring26/output/model/e5f_matched_pf_20260909a/design_research/fertility_contract/fertility_target_contract.json,/Users/tommasodesanto/Desktop/Projects/Fertility/Fertility_Spring26/output/model/e5f_matched_pf_20260909a/parameter_target_audit/fertility/extract_fertility_availability.py; /Users/tommasodesanto/Desktop/Projects/Fertility/Fertility_Spring26/output/model/e5f_matched_pf_20260909a/design_research/fertility_contract/verify_fertility_contract.py,Weighted P(FREVER=1 | FREVER>=1) in the same pooled CPS sample.,0.23324756421262308,0.019592238992476058,True,3.216519450329923,10.34599737435071,fertility.uniform_birth_time.moments.exactly_one_among_mothers_40_44,uniform_birth_time,,2863ec78990fb147a65518a0656252c35d33907c4c670e65ab5708e35093c7e8
chi_plus,nchs_mean_age,25.976263860992496,proposed_scored_restriction,0.0845673694617251,139.82806784479274,2003–2006 annual temporal SD: chosen typical-year discrepancy scale for approximate stationary target; not sampling SE,,,nchs_period_mean_age_first_birth_2003_2006,/Users/tommasodesanto/Desktop/Projects/Fertility/Fertility_Spring26/code/data/nchs_natality_timing/first_birth_counts_year_age.csv,/Users/tommasodesanto/Desktop/Projects/Fertility/Fertility_Spring26/output/model/e5f_matched_pf_20260909a/design_research/fertility_contract/fertility_target_contract.json,/Users/tommasodesanto/Desktop/Projects/Fertility/Fertility_Spring26/code/data/nchs_natality_timing/build_first_birth_timing.R; /Users/tommasodesanto/Desktop/Projects/Fertility/Fertility_Spring26/output/model/e5f_matched_pf_20260909a/design_research/fertility_contract/verify_fertility_contract.py,"Pooled national first-birth counts ages 12-49, 2003-2006; age <=21 mapped to midpoint 20, 22-25 to 24, ..., age >=42 to 44; count-weighted mean.",26.585613559383184,0.6093496983906874,True,7.205494297259381,51.91914806783747,fertility.uniform_birth_time.moments.period_mean_age_first_birth,uniform_birth_time,,2863ec78990fb147a65518a0656252c35d33907c4c670e65ab5708e35093c7e8
chi_plus,nchs_share30,0.2492780130410667,proposed_scored_restriction,0.00849226186213262,13866.065434728798,2003–2006 annual temporal SD: chosen typical-year discrepancy scale for approximate stationary target; not sampling SE,,,nchs_period_first_birth_share_age30plus_2003_2006,/Users/tommasodesanto/Desktop/Projects/Fertility/Fertility_Spring26/code/data/nchs_natality_timing/first_birth_counts_year_age.csv,/Users/tommasodesanto/Desktop/Projects/Fertility/Fertility_Spring26/output/model/e5f_matched_pf_20260909a/design_research/fertility_contract/fertility_target_contract.json,/Users/tommasodesanto/Desktop/Projects/Fertility/Fertility_Spring26/code/data/nchs_natality_timing/build_first_birth_timing.R; /Users/tommasodesanto/Desktop/Projects/Fertility/Fertility_Spring26/output/model/e5f_matched_pf_20260909a/design_research/fertility_contract/verify_fertility_contract.py,"Pooled national first-birth counts ages 12-49, 2003-2006; exact maternal age >=30 divided by all first births in the pooled window.",0.2651916889313113,0.01591367589024459,True,1.8739031071573982,3.5115128550141517,fertility.uniform_birth_time.moments.period_share_first_births_age30plus,uniform_birth_time,,2863ec78990fb147a65518a0656252c35d33907c4c670e65ab5708e35093c7e8
chi_plus,wealth_earnings,6.14586139445743,proposed_scored_restriction,0.36285515343369,7.595098472533724,Recorded empirical bootstrap standard error under the retained estimator/sample,0.36285515343369,,psid_wealth_gross_earnings_2003_2005,/Users/tommasodesanto/Desktop/Projects/Fertility/Fertility_Spring26/output/model/e5f_matched_pf_20260909a/design_research/wealth/aggregate_wealth_results.csv,/Users/tommasodesanto/Desktop/Projects/Fertility/Fertility_Spring26/output/model/e5f_matched_pf_20260909a/design_research/observer_contract/observer_contract.json,/Users/tommasodesanto/Desktop/Projects/Fertility/Fertility_Spring26/output/model/e5f_matched_pf_20260909a/design_research/wealth/build_initial_wealth.R,sum(IW*NETWORTHR)/sum_{age<=65}(IW*EARNINDRRC),6.113388266902086,-0.03247312755534448,True,-0.08949336187746548,0.008009061820130992,housing_wealth.moments.aggregate_wealth_to_annual_gross_labor_earnings,uniform_birth_time,,2863ec78990fb147a65518a0656252c35d33907c4c670e65ab5708e35093c7e8
chi_plus,bequest_wealth,0.0088,proposed_scored_restriction,0.00044000000000000007,5165289.256198346,Inherited synthetic five-percent target scale; not empirical SE,,0.00044000000000000007,external_annual_bequest_wealth,/Users/tommasodesanto/Desktop/Projects/Fertility/Fertility_Spring26/tmp/e5f_matched_pf/code/model/intergen_eqscale_seq_optimized/e5_target_provenance.csv,/Users/tommasodesanto/Desktop/Projects/Fertility/Fertility_Spring26/output/model/e5f_matched_pf_20260909a/design_research/observer_contract/observer_contract.json,No microdata builder; external literature normalization,annual bequest flow / aggregate wealth,0.012381069991207772,0.0035810699912077713,True,8.138795434563116,66.23999112566541,housing_wealth.moments.annual_bequest_flow_to_aggregate_wealth,uniform_birth_time,,2863ec78990fb147a65518a0656252c35d33907c4c670e65ab5708e35093c7e8
chi_plus,old_dispersion,3.51593508651872,proposed_scored_restriction,0.306910785103348,10.616361531535473,Recorded empirical bootstrap standard error under the retained estimator/sample,0.306910785103348,,psid_old_wealth_dispersion_2003_2005,/Users/tommasodesanto/Desktop/Projects/Fertility/Fertility_Spring26/output/model/e5f_matched_pf_20260909a/design_research/wealth/old_wealth_results.csv,/Users/tommasodesanto/Desktop/Projects/Fertility/Fertility_Spring26/output/model/e5f_matched_pf_20260909a/design_research/observer_contract/observer_contract.json,/Users/tommasodesanto/Desktop/Projects/Fertility/Fertility_Spring26/output/model/e5f_matched_pf_20260909a/design_research/wealth/build_initial_wealth.R,"Q_.90(NETWORTHR/INCFAMR)/Q_.50(NETWORTHR/INCFAMR), weighted",3.779661194843981,0.2637261083252609,True,0.8592924104522907,0.7383834466609079,housing_wealth.moments.old_total_wealth_to_annual_income_p90_p50_7684,uniform_birth_time,,2863ec78990fb147a65518a0656252c35d33907c4c670e65ab5708e35093c7e8
chi_plus,mean_rooms,5.561097376118652,proposed_scored_restriction,0.08838120078007809,128.02070205233477,Recorded empirical bootstrap standard error under the retained estimator/sample,0.08838120078007809,,acs_rooms_2005_2006,/Users/tommasodesanto/Desktop/Projects/Fertility/Fertility_Spring26/output/model/e5f_matched_pf_20260909a/design_research/housing/early_housing_target_candidates.csv,/Users/tommasodesanto/Desktop/Projects/Fertility/Fertility_Spring26/output/model/e5f_matched_pf_20260909a/design_research/observer_contract/observer_contract.json,/Users/tommasodesanto/Desktop/Projects/Fertility/Fertility_Spring26/output/model/e5f_matched_pf_20260909a/design_research/housing/inspect_early_housing.py; /Users/tommasodesanto/Desktop/Projects/Fertility/Fertility_Spring26/output/model/e5f_matched_pf_20260909a/design_research/housing/summarize_early_housing.py,"sum(HHWT*min(ROOMS,9))/sum(HHWT)",6.235893719584756,0.6747963434661042,True,7.635066479185122,58.294240141576296,housing_wealth.moments.aggregate_mean_occupied_rooms_capped9_18_85,uniform_birth_time,,2863ec78990fb147a65518a0656252c35d33907c4c670e65ab5708e35093c7e8
chi_plus,ownership_30_55,0.6483340343191493,proposed_scored_restriction,0.020675272863460718,2339.3623724673616,Recorded empirical bootstrap standard error under the retained estimator/sample,0.020675272863460718,,acs_ownership_30_55_2005_2006,/Users/tommasodesanto/Desktop/Projects/Fertility/Fertility_Spring26/output/model/e5f_matched_pf_20260909a/design_research/housing/early_housing_target_candidates.csv,/Users/tommasodesanto/Desktop/Projects/Fertility/Fertility_Spring26/output/model/e5f_matched_pf_20260909a/design_research/observer_contract/observer_contract.json,/Users/tommasodesanto/Desktop/Projects/Fertility/Fertility_Spring26/output/model/e5f_matched_pf_20260909a/design_research/housing/inspect_early_housing.py; /Users/tommasodesanto/Desktop/Projects/Fertility/Fertility_Spring26/output/model/e5f_matched_pf_20260909a/design_research/housing/summarize_early_housing.py,sum(HHWT*owner)/sum(HHWT),0.6289178416252823,-0.019416192693866963,True,-0.9391021256208464,0.881912802345592,housing_wealth.moments.own_rate_30_55,uniform_birth_time,,2863ec78990fb147a65518a0656252c35d33907c4c670e65ab5708e35093c7e8
chi_plus,first_birth_rooms,0.7202462623815278,proposed_scored_restriction,0.0852600513385958,137.5652749002964,Recorded empirical bootstrap standard error under the retained estimator/sample,0.0852600513385958,,psid_sa_first_birth_rooms,/Users/tommasodesanto/Desktop/Projects/Fertility/Fertility_Spring26/code/data/psid_followup_mar2026/output/sa_rooms_first_birth_household_aligned_v1/target_receipt.csv,/Users/tommasodesanto/Desktop/Projects/Fertility/Fertility_Spring26/output/model/e5f_matched_pf_20260909a/design_research/observer_contract/observer_contract.json,/Users/tommasodesanto/Desktop/Projects/Fertility/Fertility_Spring26/code/data/psid_followup_mar2026/sa_rooms_first_birth_household_aligned_v1.do,"beta(event=+3)-beta(event=-1), omitted event=-2; person/year FE, age/education controls, longitudinal IW",0.4093190294883051,-0.31092723289322266,True,-3.646810294054692,13.299225320823268,housing_wealth.moments.housing_increment_0to1,uniform_birth_time,,2863ec78990fb147a65518a0656252c35d33907c4c670e65ab5708e35093c7e8
chi_plus,family_rooms,0.3470669317962507,proposed_scored_restriction,0.059705154633000496,280.52808370152104,Recorded empirical bootstrap standard error under the retained estimator/sample,0.059705154633000496,,acs_rooms_3plus_minus_1to2_2005_2006,/Users/tommasodesanto/Desktop/Projects/Fertility/Fertility_Spring26/output/model/e5f_matched_pf_20260909a/design_research/housing/early_housing_target_candidates.csv,/Users/tommasodesanto/Desktop/Projects/Fertility/Fertility_Spring26/output/model/e5f_matched_pf_20260909a/design_research/observer_contract/observer_contract.json,/Users/tommasodesanto/Desktop/Projects/Fertility/Fertility_Spring26/output/model/e5f_matched_pf_20260909a/design_research/housing/inspect_early_housing.py; /Users/tommasodesanto/Desktop/Projects/Fertility/Fertility_Spring26/output/model/e5f_matched_pf_20260909a/design_research/housing/summarize_early_housing.py,"E[min(ROOMS,9)|NCHILD>=3,YNGCH<18]-E[min(ROOMS,9)|NCHILD=1-2,YNGCH<18]",0.16406660589947375,-0.18300032589677695,True,-3.06506744721884,9.394638456000619,housing_wealth.moments.prime30_55_model_dependent_3plus_minus_1to2_rooms_capped9,uniform_birth_time,,2863ec78990fb147a65518a0656252c35d33907c4c670e65ab5708e35093c7e8
chi_plus,recent_parent_ownership,0.16289550916123285,proposed_scored_restriction,0.006079524679464666,27055.822957508266,Recorded empirical bootstrap standard error under the retained estimator/sample,0.006079524679464666,,acs_recent_parent_owner_gap_2005_2006,/Users/tommasodesanto/Desktop/Projects/Fertility/Fertility_Spring26/output/model/e5f_matched_pf_20260909a/design_research/housing/early_housing_target_candidates.csv,/Users/tommasodesanto/Desktop/Projects/Fertility/Fertility_Spring26/output/model/e5f_matched_pf_20260909a/design_research/observer_contract/observer_contract.json,/Users/tommasodesanto/Desktop/Projects/Fertility/Fertility_Spring26/output/model/e5f_matched_pf_20260909a/design_research/housing/inspect_early_housing.py; /Users/tommasodesanto/Desktop/Projects/Fertility/Fertility_Spring26/output/model/e5f_matched_pf_20260909a/design_research/housing/summarize_early_housing.py,"Pr(owner|NCHILD>0,ELDCH<4)-Pr(owner|NCHILD=0)",-0.05180213030054415,-0.214697639461777,True,-35.31487258978974,1247.1402260330829,ownership_current_birth_from_empty_dependent_home_minus_current_empty_home_30_55,uniform_birth_time,maintained synchronized dependent-residence proxy; not exact ACS,2863ec78990fb147a65518a0656252c35d33907c4c670e65ab5708e35093c7e8
H0_minus,initial_normalization,2.1,normalization_separate_from_scored_objective,,,Separate exact normalization within tolerance5e-4,,,author_2_1,/Users/tommasodesanto/Desktop/Projects/Fertility/Fertility_Spring26/output/model/e5f_matched_pf_20260909a/OVERNIGHT_PLAN.md,/Users/tommasodesanto/Desktop/Projects/Fertility/Fertility_Spring26/output/model/e5f_matched_pf_20260909a/OVERNIGHT_PLAN.md,"Author-selected model normalization, not empirical estimation","Author-selected stationary model normalization, using maintained top-parity representative; not empirical female period TFR",2.1000120442328085,1.2044232808428035e-05,False,,,final.normalization.completed_fertility,uniform_birth_time,,f1c878b0eca8552f5e46e61402d6d6b41a83ae10eba9fc8f79a408fef98a3a17
H0_minus,cps_childlessness,0.19827875100684264,proposed_scored_restriction,0.005305035738317728,35532.3042455214,CPS official annual generalized-variance approximations pooled with fixed observed weights and correlation-one working convention; not design-exact pooled SE,,,cps_childless_women_40_44_2004_2006,/Users/tommasodesanto/Desktop/Projects/Fertility/Fertility_Spring26/output/model/e5f_matched_pf_20260909a/parameter_target_audit/fertility/fertility_availability.json,/Users/tommasodesanto/Desktop/Projects/Fertility/Fertility_Spring26/output/model/e5f_matched_pf_20260909a/design_research/fertility_contract/fertility_target_contract.json,/Users/tommasodesanto/Desktop/Projects/Fertility/Fertility_Spring26/output/model/e5f_matched_pf_20260909a/parameter_target_audit/fertility/extract_fertility_availability.py; /Users/tommasodesanto/Desktop/Projects/Fertility/Fertility_Spring26/output/model/e5f_matched_pf_20260909a/design_research/fertility_contract/verify_fertility_contract.py,Weighted P(FREVER=0) among pooled June 2004 and June 2006 women age 40-44 with valid FREVER 0-20 and positive FRSUPPWT.,0.18072204140396778,-0.017556709602874865,True,-3.3094422863289226,10.952408246542007,fertility.uniform_birth_time.moments.childless_rate_40_44,uniform_birth_time,,f1c878b0eca8552f5e46e61402d6d6b41a83ae10eba9fc8f79a408fef98a3a17
H0_minus,cps_exactly_one,0.21365532522014702,proposed_scored_restriction,0.0060911302714076404,26952.820824310795,CPS official annual generalized-variance approximations pooled with fixed observed weights and correlation-one working convention; not design-exact pooled SE,,,cps_exactly_one_among_mothers_40_44_2004_2006,/Users/tommasodesanto/Desktop/Projects/Fertility/Fertility_Spring26/output/model/e5f_matched_pf_20260909a/parameter_target_audit/fertility/fertility_availability.json,/Users/tommasodesanto/Desktop/Projects/Fertility/Fertility_Spring26/output/model/e5f_matched_pf_20260909a/design_research/fertility_contract/fertility_target_contract.json,/Users/tommasodesanto/Desktop/Projects/Fertility/Fertility_Spring26/output/model/e5f_matched_pf_20260909a/parameter_target_audit/fertility/extract_fertility_availability.py; /Users/tommasodesanto/Desktop/Projects/Fertility/Fertility_Spring26/output/model/e5f_matched_pf_20260909a/design_research/fertility_contract/verify_fertility_contract.py,Weighted P(FREVER=1 | FREVER>=1) in the same pooled CPS sample.,0.23314631616055806,0.01949099094041104,True,3.199897239417724,10.23934234283317,fertility.uniform_birth_time.moments.exactly_one_among_mothers_40_44,uniform_birth_time,,f1c878b0eca8552f5e46e61402d6d6b41a83ae10eba9fc8f79a408fef98a3a17
H0_minus,nchs_mean_age,25.976263860992496,proposed_scored_restriction,0.0845673694617251,139.82806784479274,2003–2006 annual temporal SD: chosen typical-year discrepancy scale for approximate stationary target; not sampling SE,,,nchs_period_mean_age_first_birth_2003_2006,/Users/tommasodesanto/Desktop/Projects/Fertility/Fertility_Spring26/code/data/nchs_natality_timing/first_birth_counts_year_age.csv,/Users/tommasodesanto/Desktop/Projects/Fertility/Fertility_Spring26/output/model/e5f_matched_pf_20260909a/design_research/fertility_contract/fertility_target_contract.json,/Users/tommasodesanto/Desktop/Projects/Fertility/Fertility_Spring26/code/data/nchs_natality_timing/build_first_birth_timing.R; /Users/tommasodesanto/Desktop/Projects/Fertility/Fertility_Spring26/output/model/e5f_matched_pf_20260909a/design_research/fertility_contract/verify_fertility_contract.py,"Pooled national first-birth counts ages 12-49, 2003-2006; age <=21 mapped to midpoint 20, 22-25 to 24, ..., age >=42 to 44; count-weighted mean.",26.586473164295786,0.6102093033032894,True,7.215659032405731,52.065735271938415,fertility.uniform_birth_time.moments.period_mean_age_first_birth,uniform_birth_time,,f1c878b0eca8552f5e46e61402d6d6b41a83ae10eba9fc8f79a408fef98a3a17
H0_minus,nchs_share30,0.2492780130410667,proposed_scored_restriction,0.00849226186213262,13866.065434728798,2003–2006 annual temporal SD: chosen typical-year discrepancy scale for approximate stationary target; not sampling SE,,,nchs_period_first_birth_share_age30plus_2003_2006,/Users/tommasodesanto/Desktop/Projects/Fertility/Fertility_Spring26/code/data/nchs_natality_timing/first_birth_counts_year_age.csv,/Users/tommasodesanto/Desktop/Projects/Fertility/Fertility_Spring26/output/model/e5f_matched_pf_20260909a/design_research/fertility_contract/fertility_target_contract.json,/Users/tommasodesanto/Desktop/Projects/Fertility/Fertility_Spring26/code/data/nchs_natality_timing/build_first_birth_timing.R; /Users/tommasodesanto/Desktop/Projects/Fertility/Fertility_Spring26/output/model/e5f_matched_pf_20260909a/design_research/fertility_contract/verify_fertility_contract.py,"Pooled national first-birth counts ages 12-49, 2003-2006; exact maternal age >=30 divided by all first births in the pooled window.",0.2652340300910625,0.015956017049995802,True,1.878888959035096,3.5302237203839857,fertility.uniform_birth_time.moments.period_share_first_births_age30plus,uniform_birth_time,,f1c878b0eca8552f5e46e61402d6d6b41a83ae10eba9fc8f79a408fef98a3a17
H0_minus,wealth_earnings,6.14586139445743,proposed_scored_restriction,0.36285515343369,7.595098472533724,Recorded empirical bootstrap standard error under the retained estimator/sample,0.36285515343369,,psid_wealth_gross_earnings_2003_2005,/Users/tommasodesanto/Desktop/Projects/Fertility/Fertility_Spring26/output/model/e5f_matched_pf_20260909a/design_research/wealth/aggregate_wealth_results.csv,/Users/tommasodesanto/Desktop/Projects/Fertility/Fertility_Spring26/output/model/e5f_matched_pf_20260909a/design_research/observer_contract/observer_contract.json,/Users/tommasodesanto/Desktop/Projects/Fertility/Fertility_Spring26/output/model/e5f_matched_pf_20260909a/design_research/wealth/build_initial_wealth.R,sum(IW*NETWORTHR)/sum_{age<=65}(IW*EARNINDRRC),6.09669502745628,-0.04916636700114996,True,-0.13549860470738737,0.018359871877648818,housing_wealth.moments.aggregate_wealth_to_annual_gross_labor_earnings,uniform_birth_time,,f1c878b0eca8552f5e46e61402d6d6b41a83ae10eba9fc8f79a408fef98a3a17
H0_minus,bequest_wealth,0.0088,proposed_scored_restriction,0.00044000000000000007,5165289.256198346,Inherited synthetic five-percent target scale; not empirical SE,,0.00044000000000000007,external_annual_bequest_wealth,/Users/tommasodesanto/Desktop/Projects/Fertility/Fertility_Spring26/tmp/e5f_matched_pf/code/model/intergen_eqscale_seq_optimized/e5_target_provenance.csv,/Users/tommasodesanto/Desktop/Projects/Fertility/Fertility_Spring26/output/model/e5f_matched_pf_20260909a/design_research/observer_contract/observer_contract.json,No microdata builder; external literature normalization,annual bequest flow / aggregate wealth,0.012350627093958306,0.0035506270939583053,True,8.06960703172342,65.11855764644007,housing_wealth.moments.annual_bequest_flow_to_aggregate_wealth,uniform_birth_time,,f1c878b0eca8552f5e46e61402d6d6b41a83ae10eba9fc8f79a408fef98a3a17
H0_minus,old_dispersion,3.51593508651872,proposed_scored_restriction,0.306910785103348,10.616361531535473,Recorded empirical bootstrap standard error under the retained estimator/sample,0.306910785103348,,psid_old_wealth_dispersion_2003_2005,/Users/tommasodesanto/Desktop/Projects/Fertility/Fertility_Spring26/output/model/e5f_matched_pf_20260909a/design_research/wealth/old_wealth_results.csv,/Users/tommasodesanto/Desktop/Projects/Fertility/Fertility_Spring26/output/model/e5f_matched_pf_20260909a/design_research/observer_contract/observer_contract.json,/Users/tommasodesanto/Desktop/Projects/Fertility/Fertility_Spring26/output/model/e5f_matched_pf_20260909a/design_research/wealth/build_initial_wealth.R,"Q_.90(NETWORTHR/INCFAMR)/Q_.50(NETWORTHR/INCFAMR), weighted",3.794331496779656,0.2783964102609362,True,0.9070923009994256,0.8228164425324326,housing_wealth.moments.old_total_wealth_to_annual_income_p90_p50_7684,uniform_birth_time,,f1c878b0eca8552f5e46e61402d6d6b41a83ae10eba9fc8f79a408fef98a3a17
H0_minus,mean_rooms,5.561097376118652,proposed_scored_restriction,0.08838120078007809,128.02070205233477,Recorded empirical bootstrap standard error under the retained estimator/sample,0.08838120078007809,,acs_rooms_2005_2006,/Users/tommasodesanto/Desktop/Projects/Fertility/Fertility_Spring26/output/model/e5f_matched_pf_20260909a/design_research/housing/early_housing_target_candidates.csv,/Users/tommasodesanto/Desktop/Projects/Fertility/Fertility_Spring26/output/model/e5f_matched_pf_20260909a/design_research/observer_contract/observer_contract.json,/Users/tommasodesanto/Desktop/Projects/Fertility/Fertility_Spring26/output/model/e5f_matched_pf_20260909a/design_research/housing/inspect_early_housing.py; /Users/tommasodesanto/Desktop/Projects/Fertility/Fertility_Spring26/output/model/e5f_matched_pf_20260909a/design_research/housing/summarize_early_housing.py,"sum(HHWT*min(ROOMS,9))/sum(HHWT)",6.186312282111149,0.6252149059924967,True,7.074071187924228,50.0424831718197,housing_wealth.moments.aggregate_mean_occupied_rooms_capped9_18_85,uniform_birth_time,,f1c878b0eca8552f5e46e61402d6d6b41a83ae10eba9fc8f79a408fef98a3a17
H0_minus,ownership_30_55,0.6483340343191493,proposed_scored_restriction,0.020675272863460718,2339.3623724673616,Recorded empirical bootstrap standard error under the retained estimator/sample,0.020675272863460718,,acs_ownership_30_55_2005_2006,/Users/tommasodesanto/Desktop/Projects/Fertility/Fertility_Spring26/output/model/e5f_matched_pf_20260909a/design_research/housing/early_housing_target_candidates.csv,/Users/tommasodesanto/Desktop/Projects/Fertility/Fertility_Spring26/output/model/e5f_matched_pf_20260909a/design_research/observer_contract/observer_contract.json,/Users/tommasodesanto/Desktop/Projects/Fertility/Fertility_Spring26/output/model/e5f_matched_pf_20260909a/design_research/housing/inspect_early_housing.py; /Users/tommasodesanto/Desktop/Projects/Fertility/Fertility_Spring26/output/model/e5f_matched_pf_20260909a/design_research/housing/summarize_early_housing.py,sum(HHWT*owner)/sum(HHWT),0.5700663717652994,-0.07826766255384987,True,-3.785568542225715,14.330529187888926,housing_wealth.moments.own_rate_30_55,uniform_birth_time,,f1c878b0eca8552f5e46e61402d6d6b41a83ae10eba9fc8f79a408fef98a3a17
H0_minus,first_birth_rooms,0.7202462623815278,proposed_scored_restriction,0.0852600513385958,137.5652749002964,Recorded empirical bootstrap standard error under the retained estimator/sample,0.0852600513385958,,psid_sa_first_birth_rooms,/Users/tommasodesanto/Desktop/Projects/Fertility/Fertility_Spring26/code/data/psid_followup_mar2026/output/sa_rooms_first_birth_household_aligned_v1/target_receipt.csv,/Users/tommasodesanto/Desktop/Projects/Fertility/Fertility_Spring26/output/model/e5f_matched_pf_20260909a/design_research/observer_contract/observer_contract.json,/Users/tommasodesanto/Desktop/Projects/Fertility/Fertility_Spring26/code/data/psid_followup_mar2026/sa_rooms_first_birth_household_aligned_v1.do,"beta(event=+3)-beta(event=-1), omitted event=-2; person/year FE, age/education controls, longitudinal IW",0.4397440594627735,-0.2805022029187543,True,-3.289960520957083,10.823840229456202,housing_wealth.moments.housing_increment_0to1,uniform_birth_time,,f1c878b0eca8552f5e46e61402d6d6b41a83ae10eba9fc8f79a408fef98a3a17
H0_minus,family_rooms,0.3470669317962507,proposed_scored_restriction,0.059705154633000496,280.52808370152104,Recorded empirical bootstrap standard error under the retained estimator/sample,0.059705154633000496,,acs_rooms_3plus_minus_1to2_2005_2006,/Users/tommasodesanto/Desktop/Projects/Fertility/Fertility_Spring26/output/model/e5f_matched_pf_20260909a/design_research/housing/early_housing_target_candidates.csv,/Users/tommasodesanto/Desktop/Projects/Fertility/Fertility_Spring26/output/model/e5f_matched_pf_20260909a/design_research/observer_contract/observer_contract.json,/Users/tommasodesanto/Desktop/Projects/Fertility/Fertility_Spring26/output/model/e5f_matched_pf_20260909a/design_research/housing/inspect_early_housing.py; /Users/tommasodesanto/Desktop/Projects/Fertility/Fertility_Spring26/output/model/e5f_matched_pf_20260909a/design_research/housing/summarize_early_housing.py,"E[min(ROOMS,9)|NCHILD>=3,YNGCH<18]-E[min(ROOMS,9)|NCHILD=1-2,YNGCH<18]",0.17074321595977082,-0.17632371583647988,True,-2.953241088149221,8.721632924732793,housing_wealth.moments.prime30_55_model_dependent_3plus_minus_1to2_rooms_capped9,uniform_birth_time,,f1c878b0eca8552f5e46e61402d6d6b41a83ae10eba9fc8f79a408fef98a3a17
H0_minus,recent_parent_ownership,0.16289550916123285,proposed_scored_restriction,0.006079524679464666,27055.822957508266,Recorded empirical bootstrap standard error under the retained estimator/sample,0.006079524679464666,,acs_recent_parent_owner_gap_2005_2006,/Users/tommasodesanto/Desktop/Projects/Fertility/Fertility_Spring26/output/model/e5f_matched_pf_20260909a/design_research/housing/early_housing_target_candidates.csv,/Users/tommasodesanto/Desktop/Projects/Fertility/Fertility_Spring26/output/model/e5f_matched_pf_20260909a/design_research/observer_contract/observer_contract.json,/Users/tommasodesanto/Desktop/Projects/Fertility/Fertility_Spring26/output/model/e5f_matched_pf_20260909a/design_research/housing/inspect_early_housing.py; /Users/tommasodesanto/Desktop/Projects/Fertility/Fertility_Spring26/output/model/e5f_matched_pf_20260909a/design_research/housing/summarize_early_housing.py,"Pr(owner|NCHILD>0,ELDCH<4)-Pr(owner|NCHILD=0)",-0.055018214549689304,-0.21791372371092216,True,-35.84387517119358,1284.7833872881079,ownership_current_birth_from_empty_dependent_home_minus_current_empty_home_30_55,uniform_birth_time,maintained synchronized dependent-residence proxy; not exact ACS,f1c878b0eca8552f5e46e61402d6d6b41a83ae10eba9fc8f79a408fef98a3a17
H0_plus,initial_normalization,2.1,normalization_separate_from_scored_objective,,,Separate exact normalization within tolerance5e-4,,,author_2_1,/Users/tommasodesanto/Desktop/Projects/Fertility/Fertility_Spring26/output/model/e5f_matched_pf_20260909a/OVERNIGHT_PLAN.md,/Users/tommasodesanto/Desktop/Projects/Fertility/Fertility_Spring26/output/model/e5f_matched_pf_20260909a/OVERNIGHT_PLAN.md,"Author-selected model normalization, not empirical estimation","Author-selected stationary model normalization, using maintained top-parity representative; not empirical female period TFR",2.1000117650126295,1.1765012629449956e-05,False,,,final.normalization.completed_fertility,uniform_birth_time,,af543242386969ff8a08c3ea5d817acbece414abc6b5ad4e6a21f82975117d7f
H0_plus,cps_childlessness,0.19827875100684264,proposed_scored_restriction,0.005305035738317728,35532.3042455214,CPS official annual generalized-variance approximations pooled with fixed observed weights and correlation-one working convention; not design-exact pooled SE,,,cps_childless_women_40_44_2004_2006,/Users/tommasodesanto/Desktop/Projects/Fertility/Fertility_Spring26/output/model/e5f_matched_pf_20260909a/parameter_target_audit/fertility/fertility_availability.json,/Users/tommasodesanto/Desktop/Projects/Fertility/Fertility_Spring26/output/model/e5f_matched_pf_20260909a/design_research/fertility_contract/fertility_target_contract.json,/Users/tommasodesanto/Desktop/Projects/Fertility/Fertility_Spring26/output/model/e5f_matched_pf_20260909a/parameter_target_audit/fertility/extract_fertility_availability.py; /Users/tommasodesanto/Desktop/Projects/Fertility/Fertility_Spring26/output/model/e5f_matched_pf_20260909a/design_research/fertility_contract/verify_fertility_contract.py,Weighted P(FREVER=0) among pooled June 2004 and June 2006 women age 40-44 with valid FREVER 0-20 and positive FRSUPPWT.,0.18046284574524055,-0.017815905261602094,True,-3.358300705293961,11.278183627177917,fertility.uniform_birth_time.moments.childless_rate_40_44,uniform_birth_time,,af543242386969ff8a08c3ea5d817acbece414abc6b5ad4e6a21f82975117d7f
H0_plus,cps_exactly_one,0.21365532522014702,proposed_scored_restriction,0.0060911302714076404,26952.820824310795,CPS official annual generalized-variance approximations pooled with fixed observed weights and correlation-one working convention; not design-exact pooled SE,,,cps_exactly_one_among_mothers_40_44_2004_2006,/Users/tommasodesanto/Desktop/Projects/Fertility/Fertility_Spring26/output/model/e5f_matched_pf_20260909a/parameter_target_audit/fertility/fertility_availability.json,/Users/tommasodesanto/Desktop/Projects/Fertility/Fertility_Spring26/output/model/e5f_matched_pf_20260909a/design_research/fertility_contract/fertility_target_contract.json,/Users/tommasodesanto/Desktop/Projects/Fertility/Fertility_Spring26/output/model/e5f_matched_pf_20260909a/parameter_target_audit/fertility/extract_fertility_availability.py; /Users/tommasodesanto/Desktop/Projects/Fertility/Fertility_Spring26/output/model/e5f_matched_pf_20260909a/design_research/fertility_contract/verify_fertility_contract.py,Weighted P(FREVER=1 | FREVER>=1) in the same pooled CPS sample.,0.2333292055411549,0.01967388032100789,True,3.229922763819222,10.4324010602376,fertility.uniform_birth_time.moments.exactly_one_among_mothers_40_44,uniform_birth_time,,af543242386969ff8a08c3ea5d817acbece414abc6b5ad4e6a21f82975117d7f
H0_plus,nchs_mean_age,25.976263860992496,proposed_scored_restriction,0.0845673694617251,139.82806784479274,2003–2006 annual temporal SD: chosen typical-year discrepancy scale for approximate stationary target; not sampling SE,,,nchs_period_mean_age_first_birth_2003_2006,/Users/tommasodesanto/Desktop/Projects/Fertility/Fertility_Spring26/code/data/nchs_natality_timing/first_birth_counts_year_age.csv,/Users/tommasodesanto/Desktop/Projects/Fertility/Fertility_Spring26/output/model/e5f_matched_pf_20260909a/design_research/fertility_contract/fertility_target_contract.json,/Users/tommasodesanto/Desktop/Projects/Fertility/Fertility_Spring26/code/data/nchs_natality_timing/build_first_birth_timing.R; /Users/tommasodesanto/Desktop/Projects/Fertility/Fertility_Spring26/output/model/e5f_matched_pf_20260909a/design_research/fertility_contract/verify_fertility_contract.py,"Pooled national first-birth counts ages 12-49, 2003-2006; age <=21 mapped to midpoint 20, 22-25 to 24, ..., age >=42 to 44; count-weighted mean.",26.583975357805173,0.6077114968126764,True,7.186122740730685,51.640360044846695,fertility.uniform_birth_time.moments.period_mean_age_first_birth,uniform_birth_time,,af543242386969ff8a08c3ea5d817acbece414abc6b5ad4e6a21f82975117d7f
H0_plus,nchs_share30,0.2492780130410667,proposed_scored_restriction,0.00849226186213262,13866.065434728798,2003–2006 annual temporal SD: chosen typical-year discrepancy scale for approximate stationary target; not sampling SE,,,nchs_period_first_birth_share_age30plus_2003_2006,/Users/tommasodesanto/Desktop/Projects/Fertility/Fertility_Spring26/code/data/nchs_natality_timing/first_birth_counts_year_age.csv,/Users/tommasodesanto/Desktop/Projects/Fertility/Fertility_Spring26/output/model/e5f_matched_pf_20260909a/design_research/fertility_contract/fertility_target_contract.json,/Users/tommasodesanto/Desktop/Projects/Fertility/Fertility_Spring26/code/data/nchs_natality_timing/build_first_birth_timing.R; /Users/tommasodesanto/Desktop/Projects/Fertility/Fertility_Spring26/output/model/e5f_matched_pf_20260909a/design_research/fertility_contract/verify_fertility_contract.py,"Pooled national first-birth counts ages 12-49, 2003-2006; exact maternal age >=30 divided by all first births in the pooled window.",0.26510890176695817,0.015830888725891473,True,1.8641545659916734,3.4750722459076036,fertility.uniform_birth_time.moments.period_share_first_births_age30plus,uniform_birth_time,,af543242386969ff8a08c3ea5d817acbece414abc6b5ad4e6a21f82975117d7f
H0_plus,wealth_earnings,6.14586139445743,proposed_scored_restriction,0.36285515343369,7.595098472533724,Recorded empirical bootstrap standard error under the retained estimator/sample,0.36285515343369,,psid_wealth_gross_earnings_2003_2005,/Users/tommasodesanto/Desktop/Projects/Fertility/Fertility_Spring26/output/model/e5f_matched_pf_20260909a/design_research/wealth/aggregate_wealth_results.csv,/Users/tommasodesanto/Desktop/Projects/Fertility/Fertility_Spring26/output/model/e5f_matched_pf_20260909a/design_research/observer_contract/observer_contract.json,/Users/tommasodesanto/Desktop/Projects/Fertility/Fertility_Spring26/output/model/e5f_matched_pf_20260909a/design_research/wealth/build_initial_wealth.R,sum(IW*NETWORTHR)/sum_{age<=65}(IW*EARNINDRRC),6.099071611090731,-0.046789783366699034,True,-0.12894892886025838,0.016627826254207976,housing_wealth.moments.aggregate_wealth_to_annual_gross_labor_earnings,uniform_birth_time,,af543242386969ff8a08c3ea5d817acbece414abc6b5ad4e6a21f82975117d7f
H0_plus,bequest_wealth,0.0088,proposed_scored_restriction,0.00044000000000000007,5165289.256198346,Inherited synthetic five-percent target scale; not empirical SE,,0.00044000000000000007,external_annual_bequest_wealth,/Users/tommasodesanto/Desktop/Projects/Fertility/Fertility_Spring26/tmp/e5f_matched_pf/code/model/intergen_eqscale_seq_optimized/e5_target_provenance.csv,/Users/tommasodesanto/Desktop/Projects/Fertility/Fertility_Spring26/output/model/e5f_matched_pf_20260909a/design_research/observer_contract/observer_contract.json,No microdata builder; external literature normalization,annual bequest flow / aggregate wealth,0.012381873203257045,0.003581873203257044,True,8.140620916493281,66.26970890604791,housing_wealth.moments.annual_bequest_flow_to_aggregate_wealth,uniform_birth_time,,af543242386969ff8a08c3ea5d817acbece414abc6b5ad4e6a21f82975117d7f
H0_plus,old_dispersion,3.51593508651872,proposed_scored_restriction,0.306910785103348,10.616361531535473,Recorded empirical bootstrap standard error under the retained estimator/sample,0.306910785103348,,psid_old_wealth_dispersion_2003_2005,/Users/tommasodesanto/Desktop/Projects/Fertility/Fertility_Spring26/output/model/e5f_matched_pf_20260909a/design_research/wealth/old_wealth_results.csv,/Users/tommasodesanto/Desktop/Projects/Fertility/Fertility_Spring26/output/model/e5f_matched_pf_20260909a/design_research/observer_contract/observer_contract.json,/Users/tommasodesanto/Desktop/Projects/Fertility/Fertility_Spring26/output/model/e5f_matched_pf_20260909a/design_research/wealth/build_initial_wealth.R,"Q_.90(NETWORTHR/INCFAMR)/Q_.50(NETWORTHR/INCFAMR), weighted",3.723853371331483,0.20791828481276298,True,0.6774551267162193,0.45894544871408877,housing_wealth.moments.old_total_wealth_to_annual_income_p90_p50_7684,uniform_birth_time,,af543242386969ff8a08c3ea5d817acbece414abc6b5ad4e6a21f82975117d7f
H0_plus,mean_rooms,5.561097376118652,proposed_scored_restriction,0.08838120078007809,128.02070205233477,Recorded empirical bootstrap standard error under the retained estimator/sample,0.08838120078007809,,acs_rooms_2005_2006,/Users/tommasodesanto/Desktop/Projects/Fertility/Fertility_Spring26/output/model/e5f_matched_pf_20260909a/design_research/housing/early_housing_target_candidates.csv,/Users/tommasodesanto/Desktop/Projects/Fertility/Fertility_Spring26/output/model/e5f_matched_pf_20260909a/design_research/observer_contract/observer_contract.json,/Users/tommasodesanto/Desktop/Projects/Fertility/Fertility_Spring26/output/model/e5f_matched_pf_20260909a/design_research/housing/inspect_early_housing.py; /Users/tommasodesanto/Desktop/Projects/Fertility/Fertility_Spring26/output/model/e5f_matched_pf_20260909a/design_research/housing/summarize_early_housing.py,"sum(HHWT*min(ROOMS,9))/sum(HHWT)",6.307567213973469,0.7464698378548169,True,8.446025073955296,71.33533954988155,housing_wealth.moments.aggregate_mean_occupied_rooms_capped9_18_85,uniform_birth_time,,af543242386969ff8a08c3ea5d817acbece414abc6b5ad4e6a21f82975117d7f
H0_plus,ownership_30_55,0.6483340343191493,proposed_scored_restriction,0.020675272863460718,2339.3623724673616,Recorded empirical bootstrap standard error under the retained estimator/sample,0.020675272863460718,,acs_ownership_30_55_2005_2006,/Users/tommasodesanto/Desktop/Projects/Fertility/Fertility_Spring26/output/model/e5f_matched_pf_20260909a/design_research/housing/early_housing_target_candidates.csv,/Users/tommasodesanto/Desktop/Projects/Fertility/Fertility_Spring26/output/model/e5f_matched_pf_20260909a/design_research/observer_contract/observer_contract.json,/Users/tommasodesanto/Desktop/Projects/Fertility/Fertility_Spring26/output/model/e5f_matched_pf_20260909a/design_research/housing/inspect_early_housing.py; /Users/tommasodesanto/Desktop/Projects/Fertility/Fertility_Spring26/output/model/e5f_matched_pf_20260909a/design_research/housing/summarize_early_housing.py,sum(HHWT*owner)/sum(HHWT),0.5790242006475981,-0.06930983367155119,True,-3.3523056323983047,11.237953053009399,housing_wealth.moments.own_rate_30_55,uniform_birth_time,,af543242386969ff8a08c3ea5d817acbece414abc6b5ad4e6a21f82975117d7f
H0_plus,first_birth_rooms,0.7202462623815278,proposed_scored_restriction,0.0852600513385958,137.5652749002964,Recorded empirical bootstrap standard error under the retained estimator/sample,0.0852600513385958,,psid_sa_first_birth_rooms,/Users/tommasodesanto/Desktop/Projects/Fertility/Fertility_Spring26/code/data/psid_followup_mar2026/output/sa_rooms_first_birth_household_aligned_v1/target_receipt.csv,/Users/tommasodesanto/Desktop/Projects/Fertility/Fertility_Spring26/output/model/e5f_matched_pf_20260909a/design_research/observer_contract/observer_contract.json,/Users/tommasodesanto/Desktop/Projects/Fertility/Fertility_Spring26/code/data/psid_followup_mar2026/sa_rooms_first_birth_household_aligned_v1.do,"beta(event=+3)-beta(event=-1), omitted event=-2; person/year FE, age/education controls, longitudinal IW",0.43677573828944993,-0.28347052409207785,True,-3.324775432826364,11.054131678725737,housing_wealth.moments.housing_increment_0to1,uniform_birth_time,,af543242386969ff8a08c3ea5d817acbece414abc6b5ad4e6a21f82975117d7f
H0_plus,family_rooms,0.3470669317962507,proposed_scored_restriction,0.059705154633000496,280.52808370152104,Recorded empirical bootstrap standard error under the retained estimator/sample,0.059705154633000496,,acs_rooms_3plus_minus_1to2_2005_2006,/Users/tommasodesanto/Desktop/Projects/Fertility/Fertility_Spring26/output/model/e5f_matched_pf_20260909a/design_research/housing/early_housing_target_candidates.csv,/Users/tommasodesanto/Desktop/Projects/Fertility/Fertility_Spring26/output/model/e5f_matched_pf_20260909a/design_research/observer_contract/observer_contract.json,/Users/tommasodesanto/Desktop/Projects/Fertility/Fertility_Spring26/output/model/e5f_matched_pf_20260909a/design_research/housing/inspect_early_housing.py; /Users/tommasodesanto/Desktop/Projects/Fertility/Fertility_Spring26/output/model/e5f_matched_pf_20260909a/design_research/housing/summarize_early_housing.py,"E[min(ROOMS,9)|NCHILD>=3,YNGCH<18]-E[min(ROOMS,9)|NCHILD=1-2,YNGCH<18]",0.16434923369103682,-0.18271769810521388,True,-3.0603337220773454,9.36564249048378,housing_wealth.moments.prime30_55_model_dependent_3plus_minus_1to2_rooms_capped9,uniform_birth_time,,af543242386969ff8a08c3ea5d817acbece414abc6b5ad4e6a21f82975117d7f
H0_plus,recent_parent_ownership,0.16289550916123285,proposed_scored_restriction,0.006079524679464666,27055.822957508266,Recorded empirical bootstrap standard error under the retained estimator/sample,0.006079524679464666,,acs_recent_parent_owner_gap_2005_2006,/Users/tommasodesanto/Desktop/Projects/Fertility/Fertility_Spring26/output/model/e5f_matched_pf_20260909a/design_research/housing/early_housing_target_candidates.csv,/Users/tommasodesanto/Desktop/Projects/Fertility/Fertility_Spring26/output/model/e5f_matched_pf_20260909a/design_research/observer_contract/observer_contract.json,/Users/tommasodesanto/Desktop/Projects/Fertility/Fertility_Spring26/output/model/e5f_matched_pf_20260909a/design_research/housing/inspect_early_housing.py; /Users/tommasodesanto/Desktop/Projects/Fertility/Fertility_Spring26/output/model/e5f_matched_pf_20260909a/design_research/housing/summarize_early_housing.py,"Pr(owner|NCHILD>0,ELDCH<4)-Pr(owner|NCHILD=0)",-0.05131455599770718,-0.21421006515894003,True,-35.23467317806864,1241.48219396531,ownership_current_birth_from_empty_dependent_home_minus_current_empty_home_30_55,uniform_birth_time,maintained synchronized dependent-residence proxy; not exact ACS,af543242386969ff8a08c3ea5d817acbece414abc6b5ad4e6a21f82975117d7f
theta0_minus,initial_normalization,2.1,normalization_separate_from_scored_objective,,,Separate exact normalization within tolerance5e-4,,,author_2_1,/Users/tommasodesanto/Desktop/Projects/Fertility/Fertility_Spring26/output/model/e5f_matched_pf_20260909a/OVERNIGHT_PLAN.md,/Users/tommasodesanto/Desktop/Projects/Fertility/Fertility_Spring26/output/model/e5f_matched_pf_20260909a/OVERNIGHT_PLAN.md,"Author-selected model normalization, not empirical estimation","Author-selected stationary model normalization, using maintained top-parity representative; not empirical female period TFR",2.1000474534018934,4.745340189327152e-05,False,,,final.normalization.completed_fertility,uniform_birth_time,,b1ef262a7bbe2a2f2f2c1d8e8828c8e67749f274ebf017a93b7dd40c0b89f4ab
theta0_minus,cps_childlessness,0.19827875100684264,proposed_scored_restriction,0.005305035738317728,35532.3042455214,CPS official annual generalized-variance approximations pooled with fixed observed weights and correlation-one working convention; not design-exact pooled SE,,,cps_childless_women_40_44_2004_2006,/Users/tommasodesanto/Desktop/Projects/Fertility/Fertility_Spring26/output/model/e5f_matched_pf_20260909a/parameter_target_audit/fertility/fertility_availability.json,/Users/tommasodesanto/Desktop/Projects/Fertility/Fertility_Spring26/output/model/e5f_matched_pf_20260909a/design_research/fertility_contract/fertility_target_contract.json,/Users/tommasodesanto/Desktop/Projects/Fertility/Fertility_Spring26/output/model/e5f_matched_pf_20260909a/parameter_target_audit/fertility/extract_fertility_availability.py; /Users/tommasodesanto/Desktop/Projects/Fertility/Fertility_Spring26/output/model/e5f_matched_pf_20260909a/design_research/fertility_contract/verify_fertility_contract.py,Weighted P(FREVER=0) among pooled June 2004 and June 2006 women age 40-44 with valid FREVER 0-20 and positive FRSUPPWT.,0.18058258572104702,-0.017696165285795623,True,-3.335729702625383,11.127092648977227,fertility.uniform_birth_time.moments.childless_rate_40_44,uniform_birth_time,,b1ef262a7bbe2a2f2f2c1d8e8828c8e67749f274ebf017a93b7dd40c0b89f4ab
theta0_minus,cps_exactly_one,0.21365532522014702,proposed_scored_restriction,0.0060911302714076404,26952.820824310795,CPS official annual generalized-variance approximations pooled with fixed observed weights and correlation-one working convention; not design-exact pooled SE,,,cps_exactly_one_among_mothers_40_44_2004_2006,/Users/tommasodesanto/Desktop/Projects/Fertility/Fertility_Spring26/output/model/e5f_matched_pf_20260909a/parameter_target_audit/fertility/fertility_availability.json,/Users/tommasodesanto/Desktop/Projects/Fertility/Fertility_Spring26/output/model/e5f_matched_pf_20260909a/design_research/fertility_contract/fertility_target_contract.json,/Users/tommasodesanto/Desktop/Projects/Fertility/Fertility_Spring26/output/model/e5f_matched_pf_20260909a/parameter_target_audit/fertility/extract_fertility_availability.py; /Users/tommasodesanto/Desktop/Projects/Fertility/Fertility_Spring26/output/model/e5f_matched_pf_20260909a/design_research/fertility_contract/verify_fertility_contract.py,Weighted P(FREVER=1 | FREVER>=1) in the same pooled CPS sample.,0.23323306600460747,0.01957774078446045,True,3.214139233954702,10.330691015246922,fertility.uniform_birth_time.moments.exactly_one_among_mothers_40_44,uniform_birth_time,,b1ef262a7bbe2a2f2f2c1d8e8828c8e67749f274ebf017a93b7dd40c0b89f4ab
theta0_minus,nchs_mean_age,25.976263860992496,proposed_scored_restriction,0.0845673694617251,139.82806784479274,2003–2006 annual temporal SD: chosen typical-year discrepancy scale for approximate stationary target; not sampling SE,,,nchs_period_mean_age_first_birth_2003_2006,/Users/tommasodesanto/Desktop/Projects/Fertility/Fertility_Spring26/code/data/nchs_natality_timing/first_birth_counts_year_age.csv,/Users/tommasodesanto/Desktop/Projects/Fertility/Fertility_Spring26/output/model/e5f_matched_pf_20260909a/design_research/fertility_contract/fertility_target_contract.json,/Users/tommasodesanto/Desktop/Projects/Fertility/Fertility_Spring26/code/data/nchs_natality_timing/build_first_birth_timing.R; /Users/tommasodesanto/Desktop/Projects/Fertility/Fertility_Spring26/output/model/e5f_matched_pf_20260909a/design_research/fertility_contract/verify_fertility_contract.py,"Pooled national first-birth counts ages 12-49, 2003-2006; age <=21 mapped to midpoint 20, 22-25 to 24, ..., age >=42 to 44; count-weighted mean.",26.585153824654952,0.6088899636624561,True,7.200057983807071,51.840834970183934,fertility.uniform_birth_time.moments.period_mean_age_first_birth,uniform_birth_time,,b1ef262a7bbe2a2f2f2c1d8e8828c8e67749f274ebf017a93b7dd40c0b89f4ab
theta0_minus,nchs_share30,0.2492780130410667,proposed_scored_restriction,0.00849226186213262,13866.065434728798,2003–2006 annual temporal SD: chosen typical-year discrepancy scale for approximate stationary target; not sampling SE,,,nchs_period_first_birth_share_age30plus_2003_2006,/Users/tommasodesanto/Desktop/Projects/Fertility/Fertility_Spring26/code/data/nchs_natality_timing/first_birth_counts_year_age.csv,/Users/tommasodesanto/Desktop/Projects/Fertility/Fertility_Spring26/output/model/e5f_matched_pf_20260909a/design_research/fertility_contract/fertility_target_contract.json,/Users/tommasodesanto/Desktop/Projects/Fertility/Fertility_Spring26/code/data/nchs_natality_timing/build_first_birth_timing.R; /Users/tommasodesanto/Desktop/Projects/Fertility/Fertility_Spring26/output/model/e5f_matched_pf_20260909a/design_research/fertility_contract/verify_fertility_contract.py,"Pooled national first-birth counts ages 12-49, 2003-2006; exact maternal age >=30 divided by all first births in the pooled window.",0.26516817664073195,0.015890163599665247,True,1.8711344348106134,3.5011440731340335,fertility.uniform_birth_time.moments.period_share_first_births_age30plus,uniform_birth_time,,b1ef262a7bbe2a2f2f2c1d8e8828c8e67749f274ebf017a93b7dd40c0b89f4ab
theta0_minus,wealth_earnings,6.14586139445743,proposed_scored_restriction,0.36285515343369,7.595098472533724,Recorded empirical bootstrap standard error under the retained estimator/sample,0.36285515343369,,psid_wealth_gross_earnings_2003_2005,/Users/tommasodesanto/Desktop/Projects/Fertility/Fertility_Spring26/output/model/e5f_matched_pf_20260909a/design_research/wealth/aggregate_wealth_results.csv,/Users/tommasodesanto/Desktop/Projects/Fertility/Fertility_Spring26/output/model/e5f_matched_pf_20260909a/design_research/observer_contract/observer_contract.json,/Users/tommasodesanto/Desktop/Projects/Fertility/Fertility_Spring26/output/model/e5f_matched_pf_20260909a/design_research/wealth/build_initial_wealth.R,sum(IW*NETWORTHR)/sum_{age<=65}(IW*EARNINDRRC),6.08644601012083,-0.05941538433660032,True,-0.1637440829332418,0.026812124695648372,housing_wealth.moments.aggregate_wealth_to_annual_gross_labor_earnings,uniform_birth_time,,b1ef262a7bbe2a2f2f2c1d8e8828c8e67749f274ebf017a93b7dd40c0b89f4ab
theta0_minus,bequest_wealth,0.0088,proposed_scored_restriction,0.00044000000000000007,5165289.256198346,Inherited synthetic five-percent target scale; not empirical SE,,0.00044000000000000007,external_annual_bequest_wealth,/Users/tommasodesanto/Desktop/Projects/Fertility/Fertility_Spring26/tmp/e5f_matched_pf/code/model/intergen_eqscale_seq_optimized/e5_target_provenance.csv,/Users/tommasodesanto/Desktop/Projects/Fertility/Fertility_Spring26/output/model/e5f_matched_pf_20260909a/design_research/observer_contract/observer_contract.json,No microdata builder; external literature normalization,annual bequest flow / aggregate wealth,0.012299403840122599,0.003499403840122598,True,7.953190545733176,63.25323985673958,housing_wealth.moments.annual_bequest_flow_to_aggregate_wealth,uniform_birth_time,,b1ef262a7bbe2a2f2f2c1d8e8828c8e67749f274ebf017a93b7dd40c0b89f4ab
theta0_minus,old_dispersion,3.51593508651872,proposed_scored_restriction,0.306910785103348,10.616361531535473,Recorded empirical bootstrap standard error under the retained estimator/sample,0.306910785103348,,psid_old_wealth_dispersion_2003_2005,/Users/tommasodesanto/Desktop/Projects/Fertility/Fertility_Spring26/output/model/e5f_matched_pf_20260909a/design_research/wealth/old_wealth_results.csv,/Users/tommasodesanto/Desktop/Projects/Fertility/Fertility_Spring26/output/model/e5f_matched_pf_20260909a/design_research/observer_contract/observer_contract.json,/Users/tommasodesanto/Desktop/Projects/Fertility/Fertility_Spring26/output/model/e5f_matched_pf_20260909a/design_research/wealth/build_initial_wealth.R,"Q_.90(NETWORTHR/INCFAMR)/Q_.50(NETWORTHR/INCFAMR), weighted",3.7415199284079175,0.22558484188919747,True,0.7350176430366723,0.540250935575185,housing_wealth.moments.old_total_wealth_to_annual_income_p90_p50_7684,uniform_birth_time,,b1ef262a7bbe2a2f2f2c1d8e8828c8e67749f274ebf017a93b7dd40c0b89f4ab
theta0_minus,mean_rooms,5.561097376118652,proposed_scored_restriction,0.08838120078007809,128.02070205233477,Recorded empirical bootstrap standard error under the retained estimator/sample,0.08838120078007809,,acs_rooms_2005_2006,/Users/tommasodesanto/Desktop/Projects/Fertility/Fertility_Spring26/output/model/e5f_matched_pf_20260909a/design_research/housing/early_housing_target_candidates.csv,/Users/tommasodesanto/Desktop/Projects/Fertility/Fertility_Spring26/output/model/e5f_matched_pf_20260909a/design_research/observer_contract/observer_contract.json,/Users/tommasodesanto/Desktop/Projects/Fertility/Fertility_Spring26/output/model/e5f_matched_pf_20260909a/design_research/housing/inspect_early_housing.py; /Users/tommasodesanto/Desktop/Projects/Fertility/Fertility_Spring26/output/model/e5f_matched_pf_20260909a/design_research/housing/summarize_early_housing.py,"sum(HHWT*min(ROOMS,9))/sum(HHWT)",6.247141306101933,0.6860439299832812,True,7.762328684472022,60.25374660577716,housing_wealth.moments.aggregate_mean_occupied_rooms_capped9_18_85,uniform_birth_time,,b1ef262a7bbe2a2f2f2c1d8e8828c8e67749f274ebf017a93b7dd40c0b89f4ab
theta0_minus,ownership_30_55,0.6483340343191493,proposed_scored_restriction,0.020675272863460718,2339.3623724673616,Recorded empirical bootstrap standard error under the retained estimator/sample,0.020675272863460718,,acs_ownership_30_55_2005_2006,/Users/tommasodesanto/Desktop/Projects/Fertility/Fertility_Spring26/output/model/e5f_matched_pf_20260909a/design_research/housing/early_housing_target_candidates.csv,/Users/tommasodesanto/Desktop/Projects/Fertility/Fertility_Spring26/output/model/e5f_matched_pf_20260909a/design_research/observer_contract/observer_contract.json,/Users/tommasodesanto/Desktop/Projects/Fertility/Fertility_Spring26/output/model/e5f_matched_pf_20260909a/design_research/housing/inspect_early_housing.py; /Users/tommasodesanto/Desktop/Projects/Fertility/Fertility_Spring26/output/model/e5f_matched_pf_20260909a/design_research/housing/summarize_early_housing.py,sum(HHWT*owner)/sum(HHWT),0.574429685809839,-0.07390434850931027,True,-3.5745283265364285,12.77725275721132,housing_wealth.moments.own_rate_30_55,uniform_birth_time,,b1ef262a7bbe2a2f2f2c1d8e8828c8e67749f274ebf017a93b7dd40c0b89f4ab
theta0_minus,first_birth_rooms,0.7202462623815278,proposed_scored_restriction,0.0852600513385958,137.5652749002964,Recorded empirical bootstrap standard error under the retained estimator/sample,0.0852600513385958,,psid_sa_first_birth_rooms,/Users/tommasodesanto/Desktop/Projects/Fertility/Fertility_Spring26/code/data/psid_followup_mar2026/output/sa_rooms_first_birth_household_aligned_v1/target_receipt.csv,/Users/tommasodesanto/Desktop/Projects/Fertility/Fertility_Spring26/output/model/e5f_matched_pf_20260909a/design_research/observer_contract/observer_contract.json,/Users/tommasodesanto/Desktop/Projects/Fertility/Fertility_Spring26/code/data/psid_followup_mar2026/sa_rooms_first_birth_household_aligned_v1.do,"beta(event=+3)-beta(event=-1), omitted event=-2; person/year FE, age/education controls, longitudinal IW",0.438781561589928,-0.2814647007915998,True,-3.301249487568458,10.898248179171008,housing_wealth.moments.housing_increment_0to1,uniform_birth_time,,b1ef262a7bbe2a2f2f2c1d8e8828c8e67749f274ebf017a93b7dd40c0b89f4ab
theta0_minus,family_rooms,0.3470669317962507,proposed_scored_restriction,0.059705154633000496,280.52808370152104,Recorded empirical bootstrap standard error under the retained estimator/sample,0.059705154633000496,,acs_rooms_3plus_minus_1to2_2005_2006,/Users/tommasodesanto/Desktop/Projects/Fertility/Fertility_Spring26/output/model/e5f_matched_pf_20260909a/design_research/housing/early_housing_target_candidates.csv,/Users/tommasodesanto/Desktop/Projects/Fertility/Fertility_Spring26/output/model/e5f_matched_pf_20260909a/design_research/observer_contract/observer_contract.json,/Users/tommasodesanto/Desktop/Projects/Fertility/Fertility_Spring26/output/model/e5f_matched_pf_20260909a/design_research/housing/inspect_early_housing.py; /Users/tommasodesanto/Desktop/Projects/Fertility/Fertility_Spring26/output/model/e5f_matched_pf_20260909a/design_research/housing/summarize_early_housing.py,"E[min(ROOMS,9)|NCHILD>=3,YNGCH<18]-E[min(ROOMS,9)|NCHILD=1-2,YNGCH<18]",0.1661094928219562,-0.1809574389742945,True,-3.030851190095987,9.186058936506262,housing_wealth.moments.prime30_55_model_dependent_3plus_minus_1to2_rooms_capped9,uniform_birth_time,,b1ef262a7bbe2a2f2f2c1d8e8828c8e67749f274ebf017a93b7dd40c0b89f4ab
theta0_minus,recent_parent_ownership,0.16289550916123285,proposed_scored_restriction,0.006079524679464666,27055.822957508266,Recorded empirical bootstrap standard error under the retained estimator/sample,0.006079524679464666,,acs_recent_parent_owner_gap_2005_2006,/Users/tommasodesanto/Desktop/Projects/Fertility/Fertility_Spring26/output/model/e5f_matched_pf_20260909a/design_research/housing/early_housing_target_candidates.csv,/Users/tommasodesanto/Desktop/Projects/Fertility/Fertility_Spring26/output/model/e5f_matched_pf_20260909a/design_research/observer_contract/observer_contract.json,/Users/tommasodesanto/Desktop/Projects/Fertility/Fertility_Spring26/output/model/e5f_matched_pf_20260909a/design_research/housing/inspect_early_housing.py; /Users/tommasodesanto/Desktop/Projects/Fertility/Fertility_Spring26/output/model/e5f_matched_pf_20260909a/design_research/housing/summarize_early_housing.py,"Pr(owner|NCHILD>0,ELDCH<4)-Pr(owner|NCHILD=0)",-0.05316302770863257,-0.21605853686986543,True,-35.53872190035924,1263.0007543110735,ownership_current_birth_from_empty_dependent_home_minus_current_empty_home_30_55,uniform_birth_time,maintained synchronized dependent-residence proxy; not exact ACS,b1ef262a7bbe2a2f2f2c1d8e8828c8e67749f274ebf017a93b7dd40c0b89f4ab
theta0_plus,initial_normalization,2.1,normalization_separate_from_scored_objective,,,Separate exact normalization within tolerance5e-4,,,author_2_1,/Users/tommasodesanto/Desktop/Projects/Fertility/Fertility_Spring26/output/model/e5f_matched_pf_20260909a/OVERNIGHT_PLAN.md,/Users/tommasodesanto/Desktop/Projects/Fertility/Fertility_Spring26/output/model/e5f_matched_pf_20260909a/OVERNIGHT_PLAN.md,"Author-selected model normalization, not empirical estimation","Author-selected stationary model normalization, using maintained top-parity representative; not empirical female period TFR",2.1000187207922156,1.8720792215543014e-05,False,,,final.normalization.completed_fertility,uniform_birth_time,,96a5e5c817aadfc04a686bbd32d40f7af33587134adb331632905835aa631979
theta0_plus,cps_childlessness,0.19827875100684264,proposed_scored_restriction,0.005305035738317728,35532.3042455214,CPS official annual generalized-variance approximations pooled with fixed observed weights and correlation-one working convention; not design-exact pooled SE,,,cps_childless_women_40_44_2004_2006,/Users/tommasodesanto/Desktop/Projects/Fertility/Fertility_Spring26/output/model/e5f_matched_pf_20260909a/parameter_target_audit/fertility/fertility_availability.json,/Users/tommasodesanto/Desktop/Projects/Fertility/Fertility_Spring26/output/model/e5f_matched_pf_20260909a/design_research/fertility_contract/fertility_target_contract.json,/Users/tommasodesanto/Desktop/Projects/Fertility/Fertility_Spring26/output/model/e5f_matched_pf_20260909a/parameter_target_audit/fertility/extract_fertility_availability.py; /Users/tommasodesanto/Desktop/Projects/Fertility/Fertility_Spring26/output/model/e5f_matched_pf_20260909a/design_research/fertility_contract/verify_fertility_contract.py,Weighted P(FREVER=0) among pooled June 2004 and June 2006 women age 40-44 with valid FREVER 0-20 and positive FRSUPPWT.,0.18058738139699637,-0.01769136960984627,True,-3.334825717018893,11.121062562890575,fertility.uniform_birth_time.moments.childless_rate_40_44,uniform_birth_time,,96a5e5c817aadfc04a686bbd32d40f7af33587134adb331632905835aa631979
theta0_plus,cps_exactly_one,0.21365532522014702,proposed_scored_restriction,0.0060911302714076404,26952.820824310795,CPS official annual generalized-variance approximations pooled with fixed observed weights and correlation-one working convention; not design-exact pooled SE,,,cps_exactly_one_among_mothers_40_44_2004_2006,/Users/tommasodesanto/Desktop/Projects/Fertility/Fertility_Spring26/output/model/e5f_matched_pf_20260909a/parameter_target_audit/fertility/fertility_availability.json,/Users/tommasodesanto/Desktop/Projects/Fertility/Fertility_Spring26/output/model/e5f_matched_pf_20260909a/design_research/fertility_contract/fertility_target_contract.json,/Users/tommasodesanto/Desktop/Projects/Fertility/Fertility_Spring26/output/model/e5f_matched_pf_20260909a/parameter_target_audit/fertility/extract_fertility_availability.py; /Users/tommasodesanto/Desktop/Projects/Fertility/Fertility_Spring26/output/model/e5f_matched_pf_20260909a/design_research/fertility_contract/verify_fertility_contract.py,Weighted P(FREVER=1 | FREVER>=1) in the same pooled CPS sample.,0.23323894447781626,0.019583619257669244,True,3.2151043213763892,10.336895797333133,fertility.uniform_birth_time.moments.exactly_one_among_mothers_40_44,uniform_birth_time,,96a5e5c817aadfc04a686bbd32d40f7af33587134adb331632905835aa631979
theta0_plus,nchs_mean_age,25.976263860992496,proposed_scored_restriction,0.0845673694617251,139.82806784479274,2003–2006 annual temporal SD: chosen typical-year discrepancy scale for approximate stationary target; not sampling SE,,,nchs_period_mean_age_first_birth_2003_2006,/Users/tommasodesanto/Desktop/Projects/Fertility/Fertility_Spring26/code/data/nchs_natality_timing/first_birth_counts_year_age.csv,/Users/tommasodesanto/Desktop/Projects/Fertility/Fertility_Spring26/output/model/e5f_matched_pf_20260909a/design_research/fertility_contract/fertility_target_contract.json,/Users/tommasodesanto/Desktop/Projects/Fertility/Fertility_Spring26/code/data/nchs_natality_timing/build_first_birth_timing.R; /Users/tommasodesanto/Desktop/Projects/Fertility/Fertility_Spring26/output/model/e5f_matched_pf_20260909a/design_research/fertility_contract/verify_fertility_contract.py,"Pooled national first-birth counts ages 12-49, 2003-2006; age <=21 mapped to midpoint 20, 22-25 to 24, ..., age >=42 to 44; count-weighted mean.",26.585126646525463,0.6088627855329669,True,7.199736605364508,51.83620718662566,fertility.uniform_birth_time.moments.period_mean_age_first_birth,uniform_birth_time,,96a5e5c817aadfc04a686bbd32d40f7af33587134adb331632905835aa631979
theta0_plus,nchs_share30,0.2492780130410667,proposed_scored_restriction,0.00849226186213262,13866.065434728798,2003–2006 annual temporal SD: chosen typical-year discrepancy scale for approximate stationary target; not sampling SE,,,nchs_period_first_birth_share_age30plus_2003_2006,/Users/tommasodesanto/Desktop/Projects/Fertility/Fertility_Spring26/code/data/nchs_natality_timing/first_birth_counts_year_age.csv,/Users/tommasodesanto/Desktop/Projects/Fertility/Fertility_Spring26/output/model/e5f_matched_pf_20260909a/design_research/fertility_contract/fertility_target_contract.json,/Users/tommasodesanto/Desktop/Projects/Fertility/Fertility_Spring26/code/data/nchs_natality_timing/build_first_birth_timing.R; /Users/tommasodesanto/Desktop/Projects/Fertility/Fertility_Spring26/output/model/e5f_matched_pf_20260909a/design_research/fertility_contract/verify_fertility_contract.py,"Pooled national first-birth counts ages 12-49, 2003-2006; exact maternal age >=30 divided by all first births in the pooled window.",0.26516688945454575,0.015888876413479053,True,1.870982863155489,3.5005768742215113,fertility.uniform_birth_time.moments.period_share_first_births_age30plus,uniform_birth_time,,96a5e5c817aadfc04a686bbd32d40f7af33587134adb331632905835aa631979
theta0_plus,wealth_earnings,6.14586139445743,proposed_scored_restriction,0.36285515343369,7.595098472533724,Recorded empirical bootstrap standard error under the retained estimator/sample,0.36285515343369,,psid_wealth_gross_earnings_2003_2005,/Users/tommasodesanto/Desktop/Projects/Fertility/Fertility_Spring26/output/model/e5f_matched_pf_20260909a/design_research/wealth/aggregate_wealth_results.csv,/Users/tommasodesanto/Desktop/Projects/Fertility/Fertility_Spring26/output/model/e5f_matched_pf_20260909a/design_research/observer_contract/observer_contract.json,/Users/tommasodesanto/Desktop/Projects/Fertility/Fertility_Spring26/output/model/e5f_matched_pf_20260909a/design_research/wealth/build_initial_wealth.R,sum(IW*NETWORTHR)/sum_{age<=65}(IW*EARNINDRRC),6.107348601256337,-0.03851279320109313,True,-0.10613820097812433,0.011265317706872714,housing_wealth.moments.aggregate_wealth_to_annual_gross_labor_earnings,uniform_birth_time,,96a5e5c817aadfc04a686bbd32d40f7af33587134adb331632905835aa631979
theta0_plus,bequest_wealth,0.0088,proposed_scored_restriction,0.00044000000000000007,5165289.256198346,Inherited synthetic five-percent target scale; not empirical SE,,0.00044000000000000007,external_annual_bequest_wealth,/Users/tommasodesanto/Desktop/Projects/Fertility/Fertility_Spring26/tmp/e5f_matched_pf/code/model/intergen_eqscale_seq_optimized/e5_target_provenance.csv,/Users/tommasodesanto/Desktop/Projects/Fertility/Fertility_Spring26/output/model/e5f_matched_pf_20260909a/design_research/observer_contract/observer_contract.json,No microdata builder; external literature normalization,annual bequest flow / aggregate wealth,0.012438364190941456,0.003638364190941455,True,8.269009524866942,68.37651852234022,housing_wealth.moments.annual_bequest_flow_to_aggregate_wealth,uniform_birth_time,,96a5e5c817aadfc04a686bbd32d40f7af33587134adb331632905835aa631979
theta0_plus,old_dispersion,3.51593508651872,proposed_scored_restriction,0.306910785103348,10.616361531535473,Recorded empirical bootstrap standard error under the retained estimator/sample,0.306910785103348,,psid_old_wealth_dispersion_2003_2005,/Users/tommasodesanto/Desktop/Projects/Fertility/Fertility_Spring26/output/model/e5f_matched_pf_20260909a/design_research/wealth/old_wealth_results.csv,/Users/tommasodesanto/Desktop/Projects/Fertility/Fertility_Spring26/output/model/e5f_matched_pf_20260909a/design_research/observer_contract/observer_contract.json,/Users/tommasodesanto/Desktop/Projects/Fertility/Fertility_Spring26/output/model/e5f_matched_pf_20260909a/design_research/wealth/build_initial_wealth.R,"Q_.90(NETWORTHR/INCFAMR)/Q_.50(NETWORTHR/INCFAMR), weighted",3.773103588130956,0.2571685016122358,True,0.8379259188484948,0.7021198454780944,housing_wealth.moments.old_total_wealth_to_annual_income_p90_p50_7684,uniform_birth_time,,96a5e5c817aadfc04a686bbd32d40f7af33587134adb331632905835aa631979
theta0_plus,mean_rooms,5.561097376118652,proposed_scored_restriction,0.08838120078007809,128.02070205233477,Recorded empirical bootstrap standard error under the retained estimator/sample,0.08838120078007809,,acs_rooms_2005_2006,/Users/tommasodesanto/Desktop/Projects/Fertility/Fertility_Spring26/output/model/e5f_matched_pf_20260909a/design_research/housing/early_housing_target_candidates.csv,/Users/tommasodesanto/Desktop/Projects/Fertility/Fertility_Spring26/output/model/e5f_matched_pf_20260909a/design_research/observer_contract/observer_contract.json,/Users/tommasodesanto/Desktop/Projects/Fertility/Fertility_Spring26/output/model/e5f_matched_pf_20260909a/design_research/housing/inspect_early_housing.py; /Users/tommasodesanto/Desktop/Projects/Fertility/Fertility_Spring26/output/model/e5f_matched_pf_20260909a/design_research/housing/summarize_early_housing.py,"sum(HHWT*min(ROOMS,9))/sum(HHWT)",6.245617093123484,0.6845197170048323,True,7.745082788682015,59.986307403538376,housing_wealth.moments.aggregate_mean_occupied_rooms_capped9_18_85,uniform_birth_time,,96a5e5c817aadfc04a686bbd32d40f7af33587134adb331632905835aa631979
theta0_plus,ownership_30_55,0.6483340343191493,proposed_scored_restriction,0.020675272863460718,2339.3623724673616,Recorded empirical bootstrap standard error under the retained estimator/sample,0.020675272863460718,,acs_ownership_30_55_2005_2006,/Users/tommasodesanto/Desktop/Projects/Fertility/Fertility_Spring26/output/model/e5f_matched_pf_20260909a/design_research/housing/early_housing_target_candidates.csv,/Users/tommasodesanto/Desktop/Projects/Fertility/Fertility_Spring26/output/model/e5f_matched_pf_20260909a/design_research/observer_contract/observer_contract.json,/Users/tommasodesanto/Desktop/Projects/Fertility/Fertility_Spring26/output/model/e5f_matched_pf_20260909a/design_research/housing/inspect_early_housing.py; /Users/tommasodesanto/Desktop/Projects/Fertility/Fertility_Spring26/output/model/e5f_matched_pf_20260909a/design_research/housing/summarize_early_housing.py,sum(HHWT*owner)/sum(HHWT),0.5751222738756044,-0.07321176044354483,True,-3.5410299504647176,12.538893110088162,housing_wealth.moments.own_rate_30_55,uniform_birth_time,,96a5e5c817aadfc04a686bbd32d40f7af33587134adb331632905835aa631979
theta0_plus,first_birth_rooms,0.7202462623815278,proposed_scored_restriction,0.0852600513385958,137.5652749002964,Recorded empirical bootstrap standard error under the retained estimator/sample,0.0852600513385958,,psid_sa_first_birth_rooms,/Users/tommasodesanto/Desktop/Projects/Fertility/Fertility_Spring26/code/data/psid_followup_mar2026/output/sa_rooms_first_birth_household_aligned_v1/target_receipt.csv,/Users/tommasodesanto/Desktop/Projects/Fertility/Fertility_Spring26/output/model/e5f_matched_pf_20260909a/design_research/observer_contract/observer_contract.json,/Users/tommasodesanto/Desktop/Projects/Fertility/Fertility_Spring26/code/data/psid_followup_mar2026/sa_rooms_first_birth_household_aligned_v1.do,"beta(event=+3)-beta(event=-1), omitted event=-2; person/year FE, age/education controls, longitudinal IW",0.43890794980409886,-0.2813383125774289,True,-3.2997671026509434,10.8884629317374,housing_wealth.moments.housing_increment_0to1,uniform_birth_time,,96a5e5c817aadfc04a686bbd32d40f7af33587134adb331632905835aa631979
theta0_plus,family_rooms,0.3470669317962507,proposed_scored_restriction,0.059705154633000496,280.52808370152104,Recorded empirical bootstrap standard error under the retained estimator/sample,0.059705154633000496,,acs_rooms_3plus_minus_1to2_2005_2006,/Users/tommasodesanto/Desktop/Projects/Fertility/Fertility_Spring26/output/model/e5f_matched_pf_20260909a/design_research/housing/early_housing_target_candidates.csv,/Users/tommasodesanto/Desktop/Projects/Fertility/Fertility_Spring26/output/model/e5f_matched_pf_20260909a/design_research/observer_contract/observer_contract.json,/Users/tommasodesanto/Desktop/Projects/Fertility/Fertility_Spring26/output/model/e5f_matched_pf_20260909a/design_research/housing/inspect_early_housing.py; /Users/tommasodesanto/Desktop/Projects/Fertility/Fertility_Spring26/output/model/e5f_matched_pf_20260909a/design_research/housing/summarize_early_housing.py,"E[min(ROOMS,9)|NCHILD>=3,YNGCH<18]-E[min(ROOMS,9)|NCHILD=1-2,YNGCH<18]",0.16627662230334206,-0.18079030949290864,True,-3.0280519429888795,9.169098569438727,housing_wealth.moments.prime30_55_model_dependent_3plus_minus_1to2_rooms_capped9,uniform_birth_time,,96a5e5c817aadfc04a686bbd32d40f7af33587134adb331632905835aa631979
theta0_plus,recent_parent_ownership,0.16289550916123285,proposed_scored_restriction,0.006079524679464666,27055.822957508266,Recorded empirical bootstrap standard error under the retained estimator/sample,0.006079524679464666,,acs_recent_parent_owner_gap_2005_2006,/Users/tommasodesanto/Desktop/Projects/Fertility/Fertility_Spring26/output/model/e5f_matched_pf_20260909a/design_research/housing/early_housing_target_candidates.csv,/Users/tommasodesanto/Desktop/Projects/Fertility/Fertility_Spring26/output/model/e5f_matched_pf_20260909a/design_research/observer_contract/observer_contract.json,/Users/tommasodesanto/Desktop/Projects/Fertility/Fertility_Spring26/output/model/e5f_matched_pf_20260909a/design_research/housing/inspect_early_housing.py; /Users/tommasodesanto/Desktop/Projects/Fertility/Fertility_Spring26/output/model/e5f_matched_pf_20260909a/design_research/housing/summarize_early_housing.py,"Pr(owner|NCHILD>0,ELDCH<4)-Pr(owner|NCHILD=0)",-0.053262451905609964,-0.21615796106684282,True,-35.55507584284972,1264.1634181907957,ownership_current_birth_from_empty_dependent_home_minus_current_empty_home_30_55,uniform_birth_time,maintained synchronized dependent-residence proxy; not exact ACS,96a5e5c817aadfc04a686bbd32d40f7af33587134adb331632905835aa631979
theta1_minus,initial_normalization,2.1,normalization_separate_from_scored_objective,,,Separate exact normalization within tolerance5e-4,,,author_2_1,/Users/tommasodesanto/Desktop/Projects/Fertility/Fertility_Spring26/output/model/e5f_matched_pf_20260909a/OVERNIGHT_PLAN.md,/Users/tommasodesanto/Desktop/Projects/Fertility/Fertility_Spring26/output/model/e5f_matched_pf_20260909a/OVERNIGHT_PLAN.md,"Author-selected model normalization, not empirical estimation","Author-selected stationary model normalization, using maintained top-parity representative; not empirical female period TFR",2.100031829425809,3.182942580881587e-05,False,,,final.normalization.completed_fertility,uniform_birth_time,,c6c65a01576ed62dcaffeee4cc557b7e88f67907990cf6f77e63f986c13b0d57
theta1_minus,cps_childlessness,0.19827875100684264,proposed_scored_restriction,0.005305035738317728,35532.3042455214,CPS official annual generalized-variance approximations pooled with fixed observed weights and correlation-one working convention; not design-exact pooled SE,,,cps_childless_women_40_44_2004_2006,/Users/tommasodesanto/Desktop/Projects/Fertility/Fertility_Spring26/output/model/e5f_matched_pf_20260909a/parameter_target_audit/fertility/fertility_availability.json,/Users/tommasodesanto/Desktop/Projects/Fertility/Fertility_Spring26/output/model/e5f_matched_pf_20260909a/design_research/fertility_contract/fertility_target_contract.json,/Users/tommasodesanto/Desktop/Projects/Fertility/Fertility_Spring26/output/model/e5f_matched_pf_20260909a/parameter_target_audit/fertility/extract_fertility_availability.py; /Users/tommasodesanto/Desktop/Projects/Fertility/Fertility_Spring26/output/model/e5f_matched_pf_20260909a/design_research/fertility_contract/verify_fertility_contract.py,Weighted P(FREVER=0) among pooled June 2004 and June 2006 women age 40-44 with valid FREVER 0-20 and positive FRSUPPWT.,0.18058516599662086,-0.01769358501022178,True,-3.335243320308445,11.123848005662099,fertility.uniform_birth_time.moments.childless_rate_40_44,uniform_birth_time,,c6c65a01576ed62dcaffeee4cc557b7e88f67907990cf6f77e63f986c13b0d57
theta1_minus,cps_exactly_one,0.21365532522014702,proposed_scored_restriction,0.0060911302714076404,26952.820824310795,CPS official annual generalized-variance approximations pooled with fixed observed weights and correlation-one working convention; not design-exact pooled SE,,,cps_exactly_one_among_mothers_40_44_2004_2006,/Users/tommasodesanto/Desktop/Projects/Fertility/Fertility_Spring26/output/model/e5f_matched_pf_20260909a/parameter_target_audit/fertility/fertility_availability.json,/Users/tommasodesanto/Desktop/Projects/Fertility/Fertility_Spring26/output/model/e5f_matched_pf_20260909a/design_research/fertility_contract/fertility_target_contract.json,/Users/tommasodesanto/Desktop/Projects/Fertility/Fertility_Spring26/output/model/e5f_matched_pf_20260909a/parameter_target_audit/fertility/extract_fertility_availability.py; /Users/tommasodesanto/Desktop/Projects/Fertility/Fertility_Spring26/output/model/e5f_matched_pf_20260909a/design_research/fertility_contract/verify_fertility_contract.py,Weighted P(FREVER=1 | FREVER>=1) in the same pooled CPS sample.,0.23323625567063613,0.019580930450489115,True,3.2146628914511832,10.334057505673282,fertility.uniform_birth_time.moments.exactly_one_among_mothers_40_44,uniform_birth_time,,c6c65a01576ed62dcaffeee4cc557b7e88f67907990cf6f77e63f986c13b0d57
theta1_minus,nchs_mean_age,25.976263860992496,proposed_scored_restriction,0.0845673694617251,139.82806784479274,2003–2006 annual temporal SD: chosen typical-year discrepancy scale for approximate stationary target; not sampling SE,,,nchs_period_mean_age_first_birth_2003_2006,/Users/tommasodesanto/Desktop/Projects/Fertility/Fertility_Spring26/code/data/nchs_natality_timing/first_birth_counts_year_age.csv,/Users/tommasodesanto/Desktop/Projects/Fertility/Fertility_Spring26/output/model/e5f_matched_pf_20260909a/design_research/fertility_contract/fertility_target_contract.json,/Users/tommasodesanto/Desktop/Projects/Fertility/Fertility_Spring26/code/data/nchs_natality_timing/build_first_birth_timing.R; /Users/tommasodesanto/Desktop/Projects/Fertility/Fertility_Spring26/output/model/e5f_matched_pf_20260909a/design_research/fertility_contract/verify_fertility_contract.py,"Pooled national first-birth counts ages 12-49, 2003-2006; age <=21 mapped to midpoint 20, 22-25 to 24, ..., age >=42 to 44; count-weighted mean.",26.585135762812463,0.6088719018199669,True,7.1998444044725805,51.837759448615124,fertility.uniform_birth_time.moments.period_mean_age_first_birth,uniform_birth_time,,c6c65a01576ed62dcaffeee4cc557b7e88f67907990cf6f77e63f986c13b0d57
theta1_minus,nchs_share30,0.2492780130410667,proposed_scored_restriction,0.00849226186213262,13866.065434728798,2003–2006 annual temporal SD: chosen typical-year discrepancy scale for approximate stationary target; not sampling SE,,,nchs_period_first_birth_share_age30plus_2003_2006,/Users/tommasodesanto/Desktop/Projects/Fertility/Fertility_Spring26/code/data/nchs_natality_timing/first_birth_counts_year_age.csv,/Users/tommasodesanto/Desktop/Projects/Fertility/Fertility_Spring26/output/model/e5f_matched_pf_20260909a/design_research/fertility_contract/fertility_target_contract.json,/Users/tommasodesanto/Desktop/Projects/Fertility/Fertility_Spring26/code/data/nchs_natality_timing/build_first_birth_timing.R; /Users/tommasodesanto/Desktop/Projects/Fertility/Fertility_Spring26/output/model/e5f_matched_pf_20260909a/design_research/fertility_contract/verify_fertility_contract.py,"Pooled national first-birth counts ages 12-49, 2003-2006; exact maternal age >=30 divided by all first births in the pooled window.",0.26516728540081047,0.015889272359743772,True,1.8710294875143638,3.500751343148263,fertility.uniform_birth_time.moments.period_share_first_births_age30plus,uniform_birth_time,,c6c65a01576ed62dcaffeee4cc557b7e88f67907990cf6f77e63f986c13b0d57
theta1_minus,wealth_earnings,6.14586139445743,proposed_scored_restriction,0.36285515343369,7.595098472533724,Recorded empirical bootstrap standard error under the retained estimator/sample,0.36285515343369,,psid_wealth_gross_earnings_2003_2005,/Users/tommasodesanto/Desktop/Projects/Fertility/Fertility_Spring26/output/model/e5f_matched_pf_20260909a/design_research/wealth/aggregate_wealth_results.csv,/Users/tommasodesanto/Desktop/Projects/Fertility/Fertility_Spring26/output/model/e5f_matched_pf_20260909a/design_research/observer_contract/observer_contract.json,/Users/tommasodesanto/Desktop/Projects/Fertility/Fertility_Spring26/output/model/e5f_matched_pf_20260909a/design_research/wealth/build_initial_wealth.R,sum(IW*NETWORTHR)/sum_{age<=65}(IW*EARNINDRRC),6.097624600425517,-0.04823679403191328,True,-0.1329367753921905,0.017672186251673713,housing_wealth.moments.aggregate_wealth_to_annual_gross_labor_earnings,uniform_birth_time,,c6c65a01576ed62dcaffeee4cc557b7e88f67907990cf6f77e63f986c13b0d57
theta1_minus,bequest_wealth,0.0088,proposed_scored_restriction,0.00044000000000000007,5165289.256198346,Inherited synthetic five-percent target scale; not empirical SE,,0.00044000000000000007,external_annual_bequest_wealth,/Users/tommasodesanto/Desktop/Projects/Fertility/Fertility_Spring26/tmp/e5f_matched_pf/code/model/intergen_eqscale_seq_optimized/e5_target_provenance.csv,/Users/tommasodesanto/Desktop/Projects/Fertility/Fertility_Spring26/output/model/e5f_matched_pf_20260909a/design_research/observer_contract/observer_contract.json,No microdata builder; external literature normalization,annual bequest flow / aggregate wealth,0.012373279811930381,0.003573279811930381,True,8.121090481659955,65.95211061130793,housing_wealth.moments.annual_bequest_flow_to_aggregate_wealth,uniform_birth_time,,c6c65a01576ed62dcaffeee4cc557b7e88f67907990cf6f77e63f986c13b0d57
theta1_minus,old_dispersion,3.51593508651872,proposed_scored_restriction,0.306910785103348,10.616361531535473,Recorded empirical bootstrap standard error under the retained estimator/sample,0.306910785103348,,psid_old_wealth_dispersion_2003_2005,/Users/tommasodesanto/Desktop/Projects/Fertility/Fertility_Spring26/output/model/e5f_matched_pf_20260909a/design_research/wealth/old_wealth_results.csv,/Users/tommasodesanto/Desktop/Projects/Fertility/Fertility_Spring26/output/model/e5f_matched_pf_20260909a/design_research/observer_contract/observer_contract.json,/Users/tommasodesanto/Desktop/Projects/Fertility/Fertility_Spring26/output/model/e5f_matched_pf_20260909a/design_research/wealth/build_initial_wealth.R,"Q_.90(NETWORTHR/INCFAMR)/Q_.50(NETWORTHR/INCFAMR), weighted",3.7298545364693645,0.2139194499506445,True,0.6970085781723507,0.48582095804584197,housing_wealth.moments.old_total_wealth_to_annual_income_p90_p50_7684,uniform_birth_time,,c6c65a01576ed62dcaffeee4cc557b7e88f67907990cf6f77e63f986c13b0d57
theta1_minus,mean_rooms,5.561097376118652,proposed_scored_restriction,0.08838120078007809,128.02070205233477,Recorded empirical bootstrap standard error under the retained estimator/sample,0.08838120078007809,,acs_rooms_2005_2006,/Users/tommasodesanto/Desktop/Projects/Fertility/Fertility_Spring26/output/model/e5f_matched_pf_20260909a/design_research/housing/early_housing_target_candidates.csv,/Users/tommasodesanto/Desktop/Projects/Fertility/Fertility_Spring26/output/model/e5f_matched_pf_20260909a/design_research/observer_contract/observer_contract.json,/Users/tommasodesanto/Desktop/Projects/Fertility/Fertility_Spring26/output/model/e5f_matched_pf_20260909a/design_research/housing/inspect_early_housing.py; /Users/tommasodesanto/Desktop/Projects/Fertility/Fertility_Spring26/output/model/e5f_matched_pf_20260909a/design_research/housing/summarize_early_housing.py,"sum(HHWT*min(ROOMS,9))/sum(HHWT)",6.246275156715619,0.685177780596967,True,7.752528530381906,60.101698614385434,housing_wealth.moments.aggregate_mean_occupied_rooms_capped9_18_85,uniform_birth_time,,c6c65a01576ed62dcaffeee4cc557b7e88f67907990cf6f77e63f986c13b0d57
theta1_minus,ownership_30_55,0.6483340343191493,proposed_scored_restriction,0.020675272863460718,2339.3623724673616,Recorded empirical bootstrap standard error under the retained estimator/sample,0.020675272863460718,,acs_ownership_30_55_2005_2006,/Users/tommasodesanto/Desktop/Projects/Fertility/Fertility_Spring26/output/model/e5f_matched_pf_20260909a/design_research/housing/early_housing_target_candidates.csv,/Users/tommasodesanto/Desktop/Projects/Fertility/Fertility_Spring26/output/model/e5f_matched_pf_20260909a/design_research/observer_contract/observer_contract.json,/Users/tommasodesanto/Desktop/Projects/Fertility/Fertility_Spring26/output/model/e5f_matched_pf_20260909a/design_research/housing/inspect_early_housing.py; /Users/tommasodesanto/Desktop/Projects/Fertility/Fertility_Spring26/output/model/e5f_matched_pf_20260909a/design_research/housing/summarize_early_housing.py,sum(HHWT*owner)/sum(HHWT),0.5748112166094426,-0.0735228177097067,True,-3.5560748433769462,12.645668291698374,housing_wealth.moments.own_rate_30_55,uniform_birth_time,,c6c65a01576ed62dcaffeee4cc557b7e88f67907990cf6f77e63f986c13b0d57
theta1_minus,first_birth_rooms,0.7202462623815278,proposed_scored_restriction,0.0852600513385958,137.5652749002964,Recorded empirical bootstrap standard error under the retained estimator/sample,0.0852600513385958,,psid_sa_first_birth_rooms,/Users/tommasodesanto/Desktop/Projects/Fertility/Fertility_Spring26/code/data/psid_followup_mar2026/output/sa_rooms_first_birth_household_aligned_v1/target_receipt.csv,/Users/tommasodesanto/Desktop/Projects/Fertility/Fertility_Spring26/output/model/e5f_matched_pf_20260909a/design_research/observer_contract/observer_contract.json,/Users/tommasodesanto/Desktop/Projects/Fertility/Fertility_Spring26/code/data/psid_followup_mar2026/sa_rooms_first_birth_household_aligned_v1.do,"beta(event=+3)-beta(event=-1), omitted event=-2; person/year FE, age/education controls, longitudinal IW",0.438846407092675,-0.2813998552888528,True,-3.3004889261832737,10.893227151858419,housing_wealth.moments.housing_increment_0to1,uniform_birth_time,,c6c65a01576ed62dcaffeee4cc557b7e88f67907990cf6f77e63f986c13b0d57
theta1_minus,family_rooms,0.3470669317962507,proposed_scored_restriction,0.059705154633000496,280.52808370152104,Recorded empirical bootstrap standard error under the retained estimator/sample,0.059705154633000496,,acs_rooms_3plus_minus_1to2_2005_2006,/Users/tommasodesanto/Desktop/Projects/Fertility/Fertility_Spring26/output/model/e5f_matched_pf_20260909a/design_research/housing/early_housing_target_candidates.csv,/Users/tommasodesanto/Desktop/Projects/Fertility/Fertility_Spring26/output/model/e5f_matched_pf_20260909a/design_research/observer_contract/observer_contract.json,/Users/tommasodesanto/Desktop/Projects/Fertility/Fertility_Spring26/output/model/e5f_matched_pf_20260909a/design_research/housing/inspect_early_housing.py; /Users/tommasodesanto/Desktop/Projects/Fertility/Fertility_Spring26/output/model/e5f_matched_pf_20260909a/design_research/housing/summarize_early_housing.py,"E[min(ROOMS,9)|NCHILD>=3,YNGCH<18]-E[min(ROOMS,9)|NCHILD=1-2,YNGCH<18]",0.1662215370027198,-0.1808453947935309,True,-3.028974565180562,9.174686916510774,housing_wealth.moments.prime30_55_model_dependent_3plus_minus_1to2_rooms_capped9,uniform_birth_time,,c6c65a01576ed62dcaffeee4cc557b7e88f67907990cf6f77e63f986c13b0d57
theta1_minus,recent_parent_ownership,0.16289550916123285,proposed_scored_restriction,0.006079524679464666,27055.822957508266,Recorded empirical bootstrap standard error under the retained estimator/sample,0.006079524679464666,,acs_recent_parent_owner_gap_2005_2006,/Users/tommasodesanto/Desktop/Projects/Fertility/Fertility_Spring26/output/model/e5f_matched_pf_20260909a/design_research/housing/early_housing_target_candidates.csv,/Users/tommasodesanto/Desktop/Projects/Fertility/Fertility_Spring26/output/model/e5f_matched_pf_20260909a/design_research/observer_contract/observer_contract.json,/Users/tommasodesanto/Desktop/Projects/Fertility/Fertility_Spring26/output/model/e5f_matched_pf_20260909a/design_research/housing/inspect_early_housing.py; /Users/tommasodesanto/Desktop/Projects/Fertility/Fertility_Spring26/output/model/e5f_matched_pf_20260909a/design_research/housing/summarize_early_housing.py,"Pr(owner|NCHILD>0,ELDCH<4)-Pr(owner|NCHILD=0)",-0.0532564221228331,-0.21615193128406596,True,-35.55408402472334,1264.0928908370875,ownership_current_birth_from_empty_dependent_home_minus_current_empty_home_30_55,uniform_birth_time,maintained synchronized dependent-residence proxy; not exact ACS,c6c65a01576ed62dcaffeee4cc557b7e88f67907990cf6f77e63f986c13b0d57
theta1_plus,initial_normalization,2.1,normalization_separate_from_scored_objective,,,Separate exact normalization within tolerance5e-4,,,author_2_1,/Users/tommasodesanto/Desktop/Projects/Fertility/Fertility_Spring26/output/model/e5f_matched_pf_20260909a/OVERNIGHT_PLAN.md,/Users/tommasodesanto/Desktop/Projects/Fertility/Fertility_Spring26/output/model/e5f_matched_pf_20260909a/OVERNIGHT_PLAN.md,"Author-selected model normalization, not empirical estimation","Author-selected stationary model normalization, using maintained top-parity representative; not empirical female period TFR",2.100033910375627,3.3910375627055345e-05,False,,,final.normalization.completed_fertility,uniform_birth_time,,98797979f66cdd5aa5d635fe248f75ab19a7c9006de84211c84ffc26c635cf92
theta1_plus,cps_childlessness,0.19827875100684264,proposed_scored_restriction,0.005305035738317728,35532.3042455214,CPS official annual generalized-variance approximations pooled with fixed observed weights and correlation-one working convention; not design-exact pooled SE,,,cps_childless_women_40_44_2004_2006,/Users/tommasodesanto/Desktop/Projects/Fertility/Fertility_Spring26/output/model/e5f_matched_pf_20260909a/parameter_target_audit/fertility/fertility_availability.json,/Users/tommasodesanto/Desktop/Projects/Fertility/Fertility_Spring26/output/model/e5f_matched_pf_20260909a/design_research/fertility_contract/fertility_target_contract.json,/Users/tommasodesanto/Desktop/Projects/Fertility/Fertility_Spring26/output/model/e5f_matched_pf_20260909a/parameter_target_audit/fertility/extract_fertility_availability.py; /Users/tommasodesanto/Desktop/Projects/Fertility/Fertility_Spring26/output/model/e5f_matched_pf_20260909a/design_research/fertility_contract/verify_fertility_contract.py,Weighted P(FREVER=0) among pooled June 2004 and June 2006 women age 40-44 with valid FREVER 0-20 and positive FRSUPPWT.,0.18058486869850107,-0.01769388230834157,True,-3.3352993610468022,11.124221827799207,fertility.uniform_birth_time.moments.childless_rate_40_44,uniform_birth_time,,98797979f66cdd5aa5d635fe248f75ab19a7c9006de84211c84ffc26c635cf92
theta1_plus,cps_exactly_one,0.21365532522014702,proposed_scored_restriction,0.0060911302714076404,26952.820824310795,CPS official annual generalized-variance approximations pooled with fixed observed weights and correlation-one working convention; not design-exact pooled SE,,,cps_exactly_one_among_mothers_40_44_2004_2006,/Users/tommasodesanto/Desktop/Projects/Fertility/Fertility_Spring26/output/model/e5f_matched_pf_20260909a/parameter_target_audit/fertility/fertility_availability.json,/Users/tommasodesanto/Desktop/Projects/Fertility/Fertility_Spring26/output/model/e5f_matched_pf_20260909a/design_research/fertility_contract/fertility_target_contract.json,/Users/tommasodesanto/Desktop/Projects/Fertility/Fertility_Spring26/output/model/e5f_matched_pf_20260909a/parameter_target_audit/fertility/extract_fertility_availability.py; /Users/tommasodesanto/Desktop/Projects/Fertility/Fertility_Spring26/output/model/e5f_matched_pf_20260909a/design_research/fertility_contract/verify_fertility_contract.py,Weighted P(FREVER=1 | FREVER>=1) in the same pooled CPS sample.,0.23323587580008262,0.0195805505799356,True,3.214600526908547,10.333656547600707,fertility.uniform_birth_time.moments.exactly_one_among_mothers_40_44,uniform_birth_time,,98797979f66cdd5aa5d635fe248f75ab19a7c9006de84211c84ffc26c635cf92
theta1_plus,nchs_mean_age,25.976263860992496,proposed_scored_restriction,0.0845673694617251,139.82806784479274,2003–2006 annual temporal SD: chosen typical-year discrepancy scale for approximate stationary target; not sampling SE,,,nchs_period_mean_age_first_birth_2003_2006,/Users/tommasodesanto/Desktop/Projects/Fertility/Fertility_Spring26/code/data/nchs_natality_timing/first_birth_counts_year_age.csv,/Users/tommasodesanto/Desktop/Projects/Fertility/Fertility_Spring26/output/model/e5f_matched_pf_20260909a/design_research/fertility_contract/fertility_target_contract.json,/Users/tommasodesanto/Desktop/Projects/Fertility/Fertility_Spring26/code/data/nchs_natality_timing/build_first_birth_timing.R; /Users/tommasodesanto/Desktop/Projects/Fertility/Fertility_Spring26/output/model/e5f_matched_pf_20260909a/design_research/fertility_contract/verify_fertility_contract.py,"Pooled national first-birth counts ages 12-49, 2003-2006; age <=21 mapped to midpoint 20, 22-25 to 24, ..., age >=42 to 44; count-weighted mean.",26.58514575334754,0.6088818923550434,True,7.199962541469629,51.83946059856581,fertility.uniform_birth_time.moments.period_mean_age_first_birth,uniform_birth_time,,98797979f66cdd5aa5d635fe248f75ab19a7c9006de84211c84ffc26c635cf92
theta1_plus,nchs_share30,0.2492780130410667,proposed_scored_restriction,0.00849226186213262,13866.065434728798,2003–2006 annual temporal SD: chosen typical-year discrepancy scale for approximate stationary target; not sampling SE,,,nchs_period_first_birth_share_age30plus_2003_2006,/Users/tommasodesanto/Desktop/Projects/Fertility/Fertility_Spring26/code/data/nchs_natality_timing/first_birth_counts_year_age.csv,/Users/tommasodesanto/Desktop/Projects/Fertility/Fertility_Spring26/output/model/e5f_matched_pf_20260909a/design_research/fertility_contract/fertility_target_contract.json,/Users/tommasodesanto/Desktop/Projects/Fertility/Fertility_Spring26/code/data/nchs_natality_timing/build_first_birth_timing.R; /Users/tommasodesanto/Desktop/Projects/Fertility/Fertility_Spring26/output/model/e5f_matched_pf_20260909a/design_research/fertility_contract/verify_fertility_contract.py,"Pooled national first-birth counts ages 12-49, 2003-2006; exact maternal age >=30 divided by all first births in the pooled window.",0.26516784336147914,0.01588983032041244,True,1.8710951897592694,3.5009972091402766,fertility.uniform_birth_time.moments.period_share_first_births_age30plus,uniform_birth_time,,98797979f66cdd5aa5d635fe248f75ab19a7c9006de84211c84ffc26c635cf92
theta1_plus,wealth_earnings,6.14586139445743,proposed_scored_restriction,0.36285515343369,7.595098472533724,Recorded empirical bootstrap standard error under the retained estimator/sample,0.36285515343369,,psid_wealth_gross_earnings_2003_2005,/Users/tommasodesanto/Desktop/Projects/Fertility/Fertility_Spring26/output/model/e5f_matched_pf_20260909a/design_research/wealth/aggregate_wealth_results.csv,/Users/tommasodesanto/Desktop/Projects/Fertility/Fertility_Spring26/output/model/e5f_matched_pf_20260909a/design_research/observer_contract/observer_contract.json,/Users/tommasodesanto/Desktop/Projects/Fertility/Fertility_Spring26/output/model/e5f_matched_pf_20260909a/design_research/wealth/build_initial_wealth.R,sum(IW*NETWORTHR)/sum_{age<=65}(IW*EARNINDRRC),6.096131041871085,-0.04973035258634528,True,-0.1370529042119096,0.018783498552918873,housing_wealth.moments.aggregate_wealth_to_annual_gross_labor_earnings,uniform_birth_time,,98797979f66cdd5aa5d635fe248f75ab19a7c9006de84211c84ffc26c635cf92
theta1_plus,bequest_wealth,0.0088,proposed_scored_restriction,0.00044000000000000007,5165289.256198346,Inherited synthetic five-percent target scale; not empirical SE,,0.00044000000000000007,external_annual_bequest_wealth,/Users/tommasodesanto/Desktop/Projects/Fertility/Fertility_Spring26/tmp/e5f_matched_pf/code/model/intergen_eqscale_seq_optimized/e5_target_provenance.csv,/Users/tommasodesanto/Desktop/Projects/Fertility/Fertility_Spring26/output/model/e5f_matched_pf_20260909a/design_research/observer_contract/observer_contract.json,No microdata builder; external literature normalization,annual bequest flow / aggregate wealth,0.012362752918447604,0.0035627529184476033,True,8.097165723744551,65.56409275778364,housing_wealth.moments.annual_bequest_flow_to_aggregate_wealth,uniform_birth_time,,98797979f66cdd5aa5d635fe248f75ab19a7c9006de84211c84ffc26c635cf92
theta1_plus,old_dispersion,3.51593508651872,proposed_scored_restriction,0.306910785103348,10.616361531535473,Recorded empirical bootstrap standard error under the retained estimator/sample,0.306910785103348,,psid_old_wealth_dispersion_2003_2005,/Users/tommasodesanto/Desktop/Projects/Fertility/Fertility_Spring26/output/model/e5f_matched_pf_20260909a/design_research/wealth/old_wealth_results.csv,/Users/tommasodesanto/Desktop/Projects/Fertility/Fertility_Spring26/output/model/e5f_matched_pf_20260909a/design_research/observer_contract/observer_contract.json,/Users/tommasodesanto/Desktop/Projects/Fertility/Fertility_Spring26/output/model/e5f_matched_pf_20260909a/design_research/wealth/build_initial_wealth.R,"Q_.90(NETWORTHR/INCFAMR)/Q_.50(NETWORTHR/INCFAMR), weighted",3.729657495250214,0.21372240873149417,True,0.6963665635260294,0.48492639079705163,housing_wealth.moments.old_total_wealth_to_annual_income_p90_p50_7684,uniform_birth_time,,98797979f66cdd5aa5d635fe248f75ab19a7c9006de84211c84ffc26c635cf92
theta1_plus,mean_rooms,5.561097376118652,proposed_scored_restriction,0.08838120078007809,128.02070205233477,Recorded empirical bootstrap standard error under the retained estimator/sample,0.08838120078007809,,acs_rooms_2005_2006,/Users/tommasodesanto/Desktop/Projects/Fertility/Fertility_Spring26/output/model/e5f_matched_pf_20260909a/design_research/housing/early_housing_target_candidates.csv,/Users/tommasodesanto/Desktop/Projects/Fertility/Fertility_Spring26/output/model/e5f_matched_pf_20260909a/design_research/observer_contract/observer_contract.json,/Users/tommasodesanto/Desktop/Projects/Fertility/Fertility_Spring26/output/model/e5f_matched_pf_20260909a/design_research/housing/inspect_early_housing.py; /Users/tommasodesanto/Desktop/Projects/Fertility/Fertility_Spring26/output/model/e5f_matched_pf_20260909a/design_research/housing/summarize_early_housing.py,"sum(HHWT*min(ROOMS,9))/sum(HHWT)",6.246489453633076,0.6853920775144244,True,7.754953219292738,60.1392994334188,housing_wealth.moments.aggregate_mean_occupied_rooms_capped9_18_85,uniform_birth_time,,98797979f66cdd5aa5d635fe248f75ab19a7c9006de84211c84ffc26c635cf92
theta1_plus,ownership_30_55,0.6483340343191493,proposed_scored_restriction,0.020675272863460718,2339.3623724673616,Recorded empirical bootstrap standard error under the retained estimator/sample,0.020675272863460718,,acs_ownership_30_55_2005_2006,/Users/tommasodesanto/Desktop/Projects/Fertility/Fertility_Spring26/output/model/e5f_matched_pf_20260909a/design_research/housing/early_housing_target_candidates.csv,/Users/tommasodesanto/Desktop/Projects/Fertility/Fertility_Spring26/output/model/e5f_matched_pf_20260909a/design_research/observer_contract/observer_contract.json,/Users/tommasodesanto/Desktop/Projects/Fertility/Fertility_Spring26/output/model/e5f_matched_pf_20260909a/design_research/housing/inspect_early_housing.py; /Users/tommasodesanto/Desktop/Projects/Fertility/Fertility_Spring26/output/model/e5f_matched_pf_20260909a/design_research/housing/summarize_early_housing.py,sum(HHWT*owner)/sum(HHWT),0.5747260258107413,-0.07360800850840798,True,-3.560195262936286,12.674990310233971,housing_wealth.moments.own_rate_30_55,uniform_birth_time,,98797979f66cdd5aa5d635fe248f75ab19a7c9006de84211c84ffc26c635cf92
theta1_plus,first_birth_rooms,0.7202462623815278,proposed_scored_restriction,0.0852600513385958,137.5652749002964,Recorded empirical bootstrap standard error under the retained estimator/sample,0.0852600513385958,,psid_sa_first_birth_rooms,/Users/tommasodesanto/Desktop/Projects/Fertility/Fertility_Spring26/code/data/psid_followup_mar2026/output/sa_rooms_first_birth_household_aligned_v1/target_receipt.csv,/Users/tommasodesanto/Desktop/Projects/Fertility/Fertility_Spring26/output/model/e5f_matched_pf_20260909a/design_research/observer_contract/observer_contract.json,/Users/tommasodesanto/Desktop/Projects/Fertility/Fertility_Spring26/code/data/psid_followup_mar2026/sa_rooms_first_birth_household_aligned_v1.do,"beta(event=+3)-beta(event=-1), omitted event=-2; person/year FE, age/education controls, longitudinal IW",0.4388470284566086,-0.28139923392491917,True,-3.30048163831605,10.893179044861396,housing_wealth.moments.housing_increment_0to1,uniform_birth_time,,98797979f66cdd5aa5d635fe248f75ab19a7c9006de84211c84ffc26c635cf92
theta1_plus,family_rooms,0.3470669317962507,proposed_scored_restriction,0.059705154633000496,280.52808370152104,Recorded empirical bootstrap standard error under the retained estimator/sample,0.059705154633000496,,acs_rooms_3plus_minus_1to2_2005_2006,/Users/tommasodesanto/Desktop/Projects/Fertility/Fertility_Spring26/output/model/e5f_matched_pf_20260909a/design_research/housing/early_housing_target_candidates.csv,/Users/tommasodesanto/Desktop/Projects/Fertility/Fertility_Spring26/output/model/e5f_matched_pf_20260909a/design_research/observer_contract/observer_contract.json,/Users/tommasodesanto/Desktop/Projects/Fertility/Fertility_Spring26/output/model/e5f_matched_pf_20260909a/design_research/housing/inspect_early_housing.py; /Users/tommasodesanto/Desktop/Projects/Fertility/Fertility_Spring26/output/model/e5f_matched_pf_20260909a/design_research/housing/summarize_early_housing.py,"E[min(ROOMS,9)|NCHILD>=3,YNGCH<18]-E[min(ROOMS,9)|NCHILD=1-2,YNGCH<18]",0.16620781086069236,-0.18085912093555834,True,-3.029204463957507,9.176079684460088,housing_wealth.moments.prime30_55_model_dependent_3plus_minus_1to2_rooms_capped9,uniform_birth_time,,98797979f66cdd5aa5d635fe248f75ab19a7c9006de84211c84ffc26c635cf92
theta1_plus,recent_parent_ownership,0.16289550916123285,proposed_scored_restriction,0.006079524679464666,27055.822957508266,Recorded empirical bootstrap standard error under the retained estimator/sample,0.006079524679464666,,acs_recent_parent_owner_gap_2005_2006,/Users/tommasodesanto/Desktop/Projects/Fertility/Fertility_Spring26/output/model/e5f_matched_pf_20260909a/design_research/housing/early_housing_target_candidates.csv,/Users/tommasodesanto/Desktop/Projects/Fertility/Fertility_Spring26/output/model/e5f_matched_pf_20260909a/design_research/observer_contract/observer_contract.json,/Users/tommasodesanto/Desktop/Projects/Fertility/Fertility_Spring26/output/model/e5f_matched_pf_20260909a/design_research/housing/inspect_early_housing.py; /Users/tommasodesanto/Desktop/Projects/Fertility/Fertility_Spring26/output/model/e5f_matched_pf_20260909a/design_research/housing/summarize_early_housing.py,"Pr(owner|NCHILD>0,ELDCH<4)-Pr(owner|NCHILD=0)",-0.05323083056806521,-0.21612633972929807,True,-35.5498745583395,1263.7935811136745,ownership_current_birth_from_empty_dependent_home_minus_current_empty_home_30_55,uniform_birth_time,maintained synchronized dependent-residence proxy; not exact ACS,98797979f66cdd5aa5d635fe248f75ab19a7c9006de84211c84ffc26c635cf92
first_birth_fixed_cost_minus,initial_normalization,2.1,normalization_separate_from_scored_objective,,,Separate exact normalization within tolerance5e-4,,,author_2_1,/Users/tommasodesanto/Desktop/Projects/Fertility/Fertility_Spring26/output/model/e5f_matched_pf_20260909a/OVERNIGHT_PLAN.md,/Users/tommasodesanto/Desktop/Projects/Fertility/Fertility_Spring26/output/model/e5f_matched_pf_20260909a/OVERNIGHT_PLAN.md,"Author-selected model normalization, not empirical estimation","Author-selected stationary model normalization, using maintained top-parity representative; not empirical female period TFR",2.100033217662955,3.3217662954942995e-05,False,,,final.normalization.completed_fertility,uniform_birth_time,,11a0c6c991355e4ec8cf973d7456c1734751cac01dd0a522b5ff12eb409d8a1c
first_birth_fixed_cost_minus,cps_childlessness,0.19827875100684264,proposed_scored_restriction,0.005305035738317728,35532.3042455214,CPS official annual generalized-variance approximations pooled with fixed observed weights and correlation-one working convention; not design-exact pooled SE,,,cps_childless_women_40_44_2004_2006,/Users/tommasodesanto/Desktop/Projects/Fertility/Fertility_Spring26/output/model/e5f_matched_pf_20260909a/parameter_target_audit/fertility/fertility_availability.json,/Users/tommasodesanto/Desktop/Projects/Fertility/Fertility_Spring26/output/model/e5f_matched_pf_20260909a/design_research/fertility_contract/fertility_target_contract.json,/Users/tommasodesanto/Desktop/Projects/Fertility/Fertility_Spring26/output/model/e5f_matched_pf_20260909a/parameter_target_audit/fertility/extract_fertility_availability.py; /Users/tommasodesanto/Desktop/Projects/Fertility/Fertility_Spring26/output/model/e5f_matched_pf_20260909a/design_research/fertility_contract/verify_fertility_contract.py,Weighted P(FREVER=0) among pooled June 2004 and June 2006 women age 40-44 with valid FREVER 0-20 and positive FRSUPPWT.,0.17889297790892136,-0.019385773097921277,True,-3.6542210183241237,13.353331250761796,fertility.uniform_birth_time.moments.childless_rate_40_44,uniform_birth_time,,11a0c6c991355e4ec8cf973d7456c1734751cac01dd0a522b5ff12eb409d8a1c
first_birth_fixed_cost_minus,cps_exactly_one,0.21365532522014702,proposed_scored_restriction,0.0060911302714076404,26952.820824310795,CPS official annual generalized-variance approximations pooled with fixed observed weights and correlation-one working convention; not design-exact pooled SE,,,cps_exactly_one_among_mothers_40_44_2004_2006,/Users/tommasodesanto/Desktop/Projects/Fertility/Fertility_Spring26/output/model/e5f_matched_pf_20260909a/parameter_target_audit/fertility/fertility_availability.json,/Users/tommasodesanto/Desktop/Projects/Fertility/Fertility_Spring26/output/model/e5f_matched_pf_20260909a/design_research/fertility_contract/fertility_target_contract.json,/Users/tommasodesanto/Desktop/Projects/Fertility/Fertility_Spring26/output/model/e5f_matched_pf_20260909a/parameter_target_audit/fertility/extract_fertility_availability.py; /Users/tommasodesanto/Desktop/Projects/Fertility/Fertility_Spring26/output/model/e5f_matched_pf_20260909a/design_research/fertility_contract/verify_fertility_contract.py,Weighted P(FREVER=1 | FREVER>=1) in the same pooled CPS sample.,0.2350053033352044,0.021349978115057372,True,3.505093006346663,12.28567698314029,fertility.uniform_birth_time.moments.exactly_one_among_mothers_40_44,uniform_birth_time,,11a0c6c991355e4ec8cf973d7456c1734751cac01dd0a522b5ff12eb409d8a1c
first_birth_fixed_cost_minus,nchs_mean_age,25.976263860992496,proposed_scored_restriction,0.0845673694617251,139.82806784479274,2003–2006 annual temporal SD: chosen typical-year discrepancy scale for approximate stationary target; not sampling SE,,,nchs_period_mean_age_first_birth_2003_2006,/Users/tommasodesanto/Desktop/Projects/Fertility/Fertility_Spring26/code/data/nchs_natality_timing/first_birth_counts_year_age.csv,/Users/tommasodesanto/Desktop/Projects/Fertility/Fertility_Spring26/output/model/e5f_matched_pf_20260909a/design_research/fertility_contract/fertility_target_contract.json,/Users/tommasodesanto/Desktop/Projects/Fertility/Fertility_Spring26/code/data/nchs_natality_timing/build_first_birth_timing.R; /Users/tommasodesanto/Desktop/Projects/Fertility/Fertility_Spring26/output/model/e5f_matched_pf_20260909a/design_research/fertility_contract/verify_fertility_contract.py,"Pooled national first-birth counts ages 12-49, 2003-2006; age <=21 mapped to midpoint 20, 22-25 to 24, ..., age >=42 to 44; count-weighted mean.",26.596086264889543,0.6198224038970466,True,7.32933290750608,53.71912086905154,fertility.uniform_birth_time.moments.period_mean_age_first_birth,uniform_birth_time,,11a0c6c991355e4ec8cf973d7456c1734751cac01dd0a522b5ff12eb409d8a1c
first_birth_fixed_cost_minus,nchs_share30,0.2492780130410667,proposed_scored_restriction,0.00849226186213262,13866.065434728798,2003–2006 annual temporal SD: chosen typical-year discrepancy scale for approximate stationary target; not sampling SE,,,nchs_period_first_birth_share_age30plus_2003_2006,/Users/tommasodesanto/Desktop/Projects/Fertility/Fertility_Spring26/code/data/nchs_natality_timing/first_birth_counts_year_age.csv,/Users/tommasodesanto/Desktop/Projects/Fertility/Fertility_Spring26/output/model/e5f_matched_pf_20260909a/design_research/fertility_contract/fertility_target_contract.json,/Users/tommasodesanto/Desktop/Projects/Fertility/Fertility_Spring26/code/data/nchs_natality_timing/build_first_birth_timing.R; /Users/tommasodesanto/Desktop/Projects/Fertility/Fertility_Spring26/output/model/e5f_matched_pf_20260909a/design_research/fertility_contract/verify_fertility_contract.py,"Pooled national first-birth counts ages 12-49, 2003-2006; exact maternal age >=30 divided by all first births in the pooled window.",0.26589740836020825,0.016619395319141556,True,1.9570045753355996,3.8298669078844707,fertility.uniform_birth_time.moments.period_share_first_births_age30plus,uniform_birth_time,,11a0c6c991355e4ec8cf973d7456c1734751cac01dd0a522b5ff12eb409d8a1c
first_birth_fixed_cost_minus,wealth_earnings,6.14586139445743,proposed_scored_restriction,0.36285515343369,7.595098472533724,Recorded empirical bootstrap standard error under the retained estimator/sample,0.36285515343369,,psid_wealth_gross_earnings_2003_2005,/Users/tommasodesanto/Desktop/Projects/Fertility/Fertility_Spring26/output/model/e5f_matched_pf_20260909a/design_research/wealth/aggregate_wealth_results.csv,/Users/tommasodesanto/Desktop/Projects/Fertility/Fertility_Spring26/output/model/e5f_matched_pf_20260909a/design_research/observer_contract/observer_contract.json,/Users/tommasodesanto/Desktop/Projects/Fertility/Fertility_Spring26/output/model/e5f_matched_pf_20260909a/design_research/wealth/build_initial_wealth.R,sum(IW*NETWORTHR)/sum_{age<=65}(IW*EARNINDRRC),6.096891402575055,-0.04896999188237494,True,-0.1349574104679871,0.018213502640224755,housing_wealth.moments.aggregate_wealth_to_annual_gross_labor_earnings,uniform_birth_time,,11a0c6c991355e4ec8cf973d7456c1734751cac01dd0a522b5ff12eb409d8a1c
first_birth_fixed_cost_minus,bequest_wealth,0.0088,proposed_scored_restriction,0.00044000000000000007,5165289.256198346,Inherited synthetic five-percent target scale; not empirical SE,,0.00044000000000000007,external_annual_bequest_wealth,/Users/tommasodesanto/Desktop/Projects/Fertility/Fertility_Spring26/tmp/e5f_matched_pf/code/model/intergen_eqscale_seq_optimized/e5_target_provenance.csv,/Users/tommasodesanto/Desktop/Projects/Fertility/Fertility_Spring26/output/model/e5f_matched_pf_20260909a/design_research/observer_contract/observer_contract.json,No microdata builder; external literature normalization,annual bequest flow / aggregate wealth,0.012367795944504219,0.0035677959445042182,True,8.108627146600496,65.74983420258648,housing_wealth.moments.annual_bequest_flow_to_aggregate_wealth,uniform_birth_time,,11a0c6c991355e4ec8cf973d7456c1734751cac01dd0a522b5ff12eb409d8a1c
first_birth_fixed_cost_minus,old_dispersion,3.51593508651872,proposed_scored_restriction,0.306910785103348,10.616361531535473,Recorded empirical bootstrap standard error under the retained estimator/sample,0.306910785103348,,psid_old_wealth_dispersion_2003_2005,/Users/tommasodesanto/Desktop/Projects/Fertility/Fertility_Spring26/output/model/e5f_matched_pf_20260909a/design_research/wealth/old_wealth_results.csv,/Users/tommasodesanto/Desktop/Projects/Fertility/Fertility_Spring26/output/model/e5f_matched_pf_20260909a/design_research/observer_contract/observer_contract.json,/Users/tommasodesanto/Desktop/Projects/Fertility/Fertility_Spring26/output/model/e5f_matched_pf_20260909a/design_research/wealth/build_initial_wealth.R,"Q_.90(NETWORTHR/INCFAMR)/Q_.50(NETWORTHR/INCFAMR), weighted",3.729661429802051,0.21372634328333096,True,0.69637938338127,0.4849442455984779,housing_wealth.moments.old_total_wealth_to_annual_income_p90_p50_7684,uniform_birth_time,,11a0c6c991355e4ec8cf973d7456c1734751cac01dd0a522b5ff12eb409d8a1c
first_birth_fixed_cost_minus,mean_rooms,5.561097376118652,proposed_scored_restriction,0.08838120078007809,128.02070205233477,Recorded empirical bootstrap standard error under the retained estimator/sample,0.08838120078007809,,acs_rooms_2005_2006,/Users/tommasodesanto/Desktop/Projects/Fertility/Fertility_Spring26/output/model/e5f_matched_pf_20260909a/design_research/housing/early_housing_target_candidates.csv,/Users/tommasodesanto/Desktop/Projects/Fertility/Fertility_Spring26/output/model/e5f_matched_pf_20260909a/design_research/observer_contract/observer_contract.json,/Users/tommasodesanto/Desktop/Projects/Fertility/Fertility_Spring26/output/model/e5f_matched_pf_20260909a/design_research/housing/inspect_early_housing.py; /Users/tommasodesanto/Desktop/Projects/Fertility/Fertility_Spring26/output/model/e5f_matched_pf_20260909a/design_research/housing/summarize_early_housing.py,"sum(HHWT*min(ROOMS,9))/sum(HHWT)",6.246488251590947,0.6853908754722946,True,7.754939618638762,60.1390884887331,housing_wealth.moments.aggregate_mean_occupied_rooms_capped9_18_85,uniform_birth_time,,11a0c6c991355e4ec8cf973d7456c1734751cac01dd0a522b5ff12eb409d8a1c
first_birth_fixed_cost_minus,ownership_30_55,0.6483340343191493,proposed_scored_restriction,0.020675272863460718,2339.3623724673616,Recorded empirical bootstrap standard error under the retained estimator/sample,0.020675272863460718,,acs_ownership_30_55_2005_2006,/Users/tommasodesanto/Desktop/Projects/Fertility/Fertility_Spring26/output/model/e5f_matched_pf_20260909a/design_research/housing/early_housing_target_candidates.csv,/Users/tommasodesanto/Desktop/Projects/Fertility/Fertility_Spring26/output/model/e5f_matched_pf_20260909a/design_research/observer_contract/observer_contract.json,/Users/tommasodesanto/Desktop/Projects/Fertility/Fertility_Spring26/output/model/e5f_matched_pf_20260909a/design_research/housing/inspect_early_housing.py; /Users/tommasodesanto/Desktop/Projects/Fertility/Fertility_Spring26/output/model/e5f_matched_pf_20260909a/design_research/housing/summarize_early_housing.py,sum(HHWT*owner)/sum(HHWT),0.5747589347572435,-0.07357509956190578,True,-3.5586035573893002,12.663659278663786,housing_wealth.moments.own_rate_30_55,uniform_birth_time,,11a0c6c991355e4ec8cf973d7456c1734751cac01dd0a522b5ff12eb409d8a1c
first_birth_fixed_cost_minus,first_birth_rooms,0.7202462623815278,proposed_scored_restriction,0.0852600513385958,137.5652749002964,Recorded empirical bootstrap standard error under the retained estimator/sample,0.0852600513385958,,psid_sa_first_birth_rooms,/Users/tommasodesanto/Desktop/Projects/Fertility/Fertility_Spring26/code/data/psid_followup_mar2026/output/sa_rooms_first_birth_household_aligned_v1/target_receipt.csv,/Users/tommasodesanto/Desktop/Projects/Fertility/Fertility_Spring26/output/model/e5f_matched_pf_20260909a/design_research/observer_contract/observer_contract.json,/Users/tommasodesanto/Desktop/Projects/Fertility/Fertility_Spring26/code/data/psid_followup_mar2026/sa_rooms_first_birth_household_aligned_v1.do,"beta(event=+3)-beta(event=-1), omitted event=-2; person/year FE, age/education controls, longitudinal IW",0.43894504430755,-0.2813012180739778,True,-3.2993320278079334,10.88559182971921,housing_wealth.moments.housing_increment_0to1,uniform_birth_time,,11a0c6c991355e4ec8cf973d7456c1734751cac01dd0a522b5ff12eb409d8a1c
first_birth_fixed_cost_minus,family_rooms,0.3470669317962507,proposed_scored_restriction,0.059705154633000496,280.52808370152104,Recorded empirical bootstrap standard error under the retained estimator/sample,0.059705154633000496,,acs_rooms_3plus_minus_1to2_2005_2006,/Users/tommasodesanto/Desktop/Projects/Fertility/Fertility_Spring26/output/model/e5f_matched_pf_20260909a/design_research/housing/early_housing_target_candidates.csv,/Users/tommasodesanto/Desktop/Projects/Fertility/Fertility_Spring26/output/model/e5f_matched_pf_20260909a/design_research/observer_contract/observer_contract.json,/Users/tommasodesanto/Desktop/Projects/Fertility/Fertility_Spring26/output/model/e5f_matched_pf_20260909a/design_research/housing/inspect_early_housing.py; /Users/tommasodesanto/Desktop/Projects/Fertility/Fertility_Spring26/output/model/e5f_matched_pf_20260909a/design_research/housing/summarize_early_housing.py,"E[min(ROOMS,9)|NCHILD>=3,YNGCH<18]-E[min(ROOMS,9)|NCHILD=1-2,YNGCH<18]",0.16750165655939941,-0.17956527523685129,True,-3.007533877780147,9.045260025995287,housing_wealth.moments.prime30_55_model_dependent_3plus_minus_1to2_rooms_capped9,uniform_birth_time,,11a0c6c991355e4ec8cf973d7456c1734751cac01dd0a522b5ff12eb409d8a1c
first_birth_fixed_cost_minus,recent_parent_ownership,0.16289550916123285,proposed_scored_restriction,0.006079524679464666,27055.822957508266,Recorded empirical bootstrap standard error under the retained estimator/sample,0.006079524679464666,,acs_recent_parent_owner_gap_2005_2006,/Users/tommasodesanto/Desktop/Projects/Fertility/Fertility_Spring26/output/model/e5f_matched_pf_20260909a/design_research/housing/early_housing_target_candidates.csv,/Users/tommasodesanto/Desktop/Projects/Fertility/Fertility_Spring26/output/model/e5f_matched_pf_20260909a/design_research/observer_contract/observer_contract.json,/Users/tommasodesanto/Desktop/Projects/Fertility/Fertility_Spring26/output/model/e5f_matched_pf_20260909a/design_research/housing/inspect_early_housing.py; /Users/tommasodesanto/Desktop/Projects/Fertility/Fertility_Spring26/output/model/e5f_matched_pf_20260909a/design_research/housing/summarize_early_housing.py,"Pr(owner|NCHILD>0,ELDCH<4)-Pr(owner|NCHILD=0)",-0.05362084532409844,-0.2165163544853313,True,-35.61402673743183,1268.3589004545095,ownership_current_birth_from_empty_dependent_home_minus_current_empty_home_30_55,uniform_birth_time,maintained synchronized dependent-residence proxy; not exact ACS,11a0c6c991355e4ec8cf973d7456c1734751cac01dd0a522b5ff12eb409d8a1c
first_birth_fixed_cost_plus,initial_normalization,2.1,normalization_separate_from_scored_objective,,,Separate exact normalization within tolerance5e-4,,,author_2_1,/Users/tommasodesanto/Desktop/Projects/Fertility/Fertility_Spring26/output/model/e5f_matched_pf_20260909a/OVERNIGHT_PLAN.md,/Users/tommasodesanto/Desktop/Projects/Fertility/Fertility_Spring26/output/model/e5f_matched_pf_20260909a/OVERNIGHT_PLAN.md,"Author-selected model normalization, not empirical estimation","Author-selected stationary model normalization, using maintained top-parity representative; not empirical female period TFR",2.100034329797534,3.432979753403842e-05,False,,,final.normalization.completed_fertility,uniform_birth_time,,9bc7db616236a8b736b2437aba0ebd74e2761cfc4b6adea63d8efd9aa059d3e9
first_birth_fixed_cost_plus,cps_childlessness,0.19827875100684264,proposed_scored_restriction,0.005305035738317728,35532.3042455214,CPS official annual generalized-variance approximations pooled with fixed observed weights and correlation-one working convention; not design-exact pooled SE,,,cps_childless_women_40_44_2004_2006,/Users/tommasodesanto/Desktop/Projects/Fertility/Fertility_Spring26/output/model/e5f_matched_pf_20260909a/parameter_target_audit/fertility/fertility_availability.json,/Users/tommasodesanto/Desktop/Projects/Fertility/Fertility_Spring26/output/model/e5f_matched_pf_20260909a/design_research/fertility_contract/fertility_target_contract.json,/Users/tommasodesanto/Desktop/Projects/Fertility/Fertility_Spring26/output/model/e5f_matched_pf_20260909a/parameter_target_audit/fertility/extract_fertility_availability.py; /Users/tommasodesanto/Desktop/Projects/Fertility/Fertility_Spring26/output/model/e5f_matched_pf_20260909a/design_research/fertility_contract/verify_fertility_contract.py,Weighted P(FREVER=0) among pooled June 2004 and June 2006 women age 40-44 with valid FREVER 0-20 and positive FRSUPPWT.,0.18227538146658795,-0.01600336954025469,True,-3.0166374610191595,9.100101571224121,fertility.uniform_birth_time.moments.childless_rate_40_44,uniform_birth_time,,9bc7db616236a8b736b2437aba0ebd74e2761cfc4b6adea63d8efd9aa059d3e9
first_birth_fixed_cost_plus,cps_exactly_one,0.21365532522014702,proposed_scored_restriction,0.0060911302714076404,26952.820824310795,CPS official annual generalized-variance approximations pooled with fixed observed weights and correlation-one working convention; not design-exact pooled SE,,,cps_exactly_one_among_mothers_40_44_2004_2006,/Users/tommasodesanto/Desktop/Projects/Fertility/Fertility_Spring26/output/model/e5f_matched_pf_20260909a/parameter_target_audit/fertility/fertility_availability.json,/Users/tommasodesanto/Desktop/Projects/Fertility/Fertility_Spring26/output/model/e5f_matched_pf_20260909a/design_research/fertility_contract/fertility_target_contract.json,/Users/tommasodesanto/Desktop/Projects/Fertility/Fertility_Spring26/output/model/e5f_matched_pf_20260909a/parameter_target_audit/fertility/extract_fertility_availability.py; /Users/tommasodesanto/Desktop/Projects/Fertility/Fertility_Spring26/output/model/e5f_matched_pf_20260909a/design_research/fertility_contract/verify_fertility_contract.py,Weighted P(FREVER=1 | FREVER>=1) in the same pooled CPS sample.,0.23146423049527706,0.017808905275130044,True,2.9237439492513864,8.548278680784094,fertility.uniform_birth_time.moments.exactly_one_among_mothers_40_44,uniform_birth_time,,9bc7db616236a8b736b2437aba0ebd74e2761cfc4b6adea63d8efd9aa059d3e9
first_birth_fixed_cost_plus,nchs_mean_age,25.976263860992496,proposed_scored_restriction,0.0845673694617251,139.82806784479274,2003–2006 annual temporal SD: chosen typical-year discrepancy scale for approximate stationary target; not sampling SE,,,nchs_period_mean_age_first_birth_2003_2006,/Users/tommasodesanto/Desktop/Projects/Fertility/Fertility_Spring26/code/data/nchs_natality_timing/first_birth_counts_year_age.csv,/Users/tommasodesanto/Desktop/Projects/Fertility/Fertility_Spring26/output/model/e5f_matched_pf_20260909a/design_research/fertility_contract/fertility_target_contract.json,/Users/tommasodesanto/Desktop/Projects/Fertility/Fertility_Spring26/code/data/nchs_natality_timing/build_first_birth_timing.R; /Users/tommasodesanto/Desktop/Projects/Fertility/Fertility_Spring26/output/model/e5f_matched_pf_20260909a/design_research/fertility_contract/verify_fertility_contract.py,"Pooled national first-birth counts ages 12-49, 2003-2006; age <=21 mapped to midpoint 20, 22-25 to 24, ..., age >=42 to 44; count-weighted mean.",26.57399440441777,0.5977305434252749,True,7.06809904611974,49.95802412575878,fertility.uniform_birth_time.moments.period_mean_age_first_birth,uniform_birth_time,,9bc7db616236a8b736b2437aba0ebd74e2761cfc4b6adea63d8efd9aa059d3e9
first_birth_fixed_cost_plus,nchs_share30,0.2492780130410667,proposed_scored_restriction,0.00849226186213262,13866.065434728798,2003–2006 annual temporal SD: chosen typical-year discrepancy scale for approximate stationary target; not sampling SE,,,nchs_period_first_birth_share_age30plus_2003_2006,/Users/tommasodesanto/Desktop/Projects/Fertility/Fertility_Spring26/code/data/nchs_natality_timing/first_birth_counts_year_age.csv,/Users/tommasodesanto/Desktop/Projects/Fertility/Fertility_Spring26/output/model/e5f_matched_pf_20260909a/design_research/fertility_contract/fertility_target_contract.json,/Users/tommasodesanto/Desktop/Projects/Fertility/Fertility_Spring26/code/data/nchs_natality_timing/build_first_birth_timing.R; /Users/tommasodesanto/Desktop/Projects/Fertility/Fertility_Spring26/output/model/e5f_matched_pf_20260909a/design_research/fertility_contract/verify_fertility_contract.py,"Pooled national first-birth counts ages 12-49, 2003-2006; exact maternal age >=30 divided by all first births in the pooled window.",0.26442626607753267,0.01514825303646597,True,1.7837713064422467,3.1818400736866796,fertility.uniform_birth_time.moments.period_share_first_births_age30plus,uniform_birth_time,,9bc7db616236a8b736b2437aba0ebd74e2761cfc4b6adea63d8efd9aa059d3e9
first_birth_fixed_cost_plus,wealth_earnings,6.14586139445743,proposed_scored_restriction,0.36285515343369,7.595098472533724,Recorded empirical bootstrap standard error under the retained estimator/sample,0.36285515343369,,psid_wealth_gross_earnings_2003_2005,/Users/tommasodesanto/Desktop/Projects/Fertility/Fertility_Spring26/output/model/e5f_matched_pf_20260909a/design_research/wealth/aggregate_wealth_results.csv,/Users/tommasodesanto/Desktop/Projects/Fertility/Fertility_Spring26/output/model/e5f_matched_pf_20260909a/design_research/observer_contract/observer_contract.json,/Users/tommasodesanto/Desktop/Projects/Fertility/Fertility_Spring26/output/model/e5f_matched_pf_20260909a/design_research/wealth/build_initial_wealth.R,sum(IW*NETWORTHR)/sum_{age<=65}(IW*EARNINDRRC),6.096860354960375,-0.04900103949705503,True,-0.1350429752295353,0.018236605158844885,housing_wealth.moments.aggregate_wealth_to_annual_gross_labor_earnings,uniform_birth_time,,9bc7db616236a8b736b2437aba0ebd74e2761cfc4b6adea63d8efd9aa059d3e9
first_birth_fixed_cost_plus,bequest_wealth,0.0088,proposed_scored_restriction,0.00044000000000000007,5165289.256198346,Inherited synthetic five-percent target scale; not empirical SE,,0.00044000000000000007,external_annual_bequest_wealth,/Users/tommasodesanto/Desktop/Projects/Fertility/Fertility_Spring26/tmp/e5f_matched_pf/code/model/intergen_eqscale_seq_optimized/e5_target_provenance.csv,/Users/tommasodesanto/Desktop/Projects/Fertility/Fertility_Spring26/output/model/e5f_matched_pf_20260909a/design_research/observer_contract/observer_contract.json,No microdata builder; external literature normalization,annual bequest flow / aggregate wealth,0.012368280201955906,0.003568280201955905,True,8.109727731717966,65.7676838825954,housing_wealth.moments.annual_bequest_flow_to_aggregate_wealth,uniform_birth_time,,9bc7db616236a8b736b2437aba0ebd74e2761cfc4b6adea63d8efd9aa059d3e9
first_birth_fixed_cost_plus,old_dispersion,3.51593508651872,proposed_scored_restriction,0.306910785103348,10.616361531535473,Recorded empirical bootstrap standard error under the retained estimator/sample,0.306910785103348,,psid_old_wealth_dispersion_2003_2005,/Users/tommasodesanto/Desktop/Projects/Fertility/Fertility_Spring26/output/model/e5f_matched_pf_20260909a/design_research/wealth/old_wealth_results.csv,/Users/tommasodesanto/Desktop/Projects/Fertility/Fertility_Spring26/output/model/e5f_matched_pf_20260909a/design_research/observer_contract/observer_contract.json,/Users/tommasodesanto/Desktop/Projects/Fertility/Fertility_Spring26/output/model/e5f_matched_pf_20260909a/design_research/wealth/build_initial_wealth.R,"Q_.90(NETWORTHR/INCFAMR)/Q_.50(NETWORTHR/INCFAMR), weighted",3.729850544369756,0.21391545785103583,True,0.6969955708105947,0.48580282572958683,housing_wealth.moments.old_total_wealth_to_annual_income_p90_p50_7684,uniform_birth_time,,9bc7db616236a8b736b2437aba0ebd74e2761cfc4b6adea63d8efd9aa059d3e9
first_birth_fixed_cost_plus,mean_rooms,5.561097376118652,proposed_scored_restriction,0.08838120078007809,128.02070205233477,Recorded empirical bootstrap standard error under the retained estimator/sample,0.08838120078007809,,acs_rooms_2005_2006,/Users/tommasodesanto/Desktop/Projects/Fertility/Fertility_Spring26/output/model/e5f_matched_pf_20260909a/design_research/housing/early_housing_target_candidates.csv,/Users/tommasodesanto/Desktop/Projects/Fertility/Fertility_Spring26/output/model/e5f_matched_pf_20260909a/design_research/observer_contract/observer_contract.json,/Users/tommasodesanto/Desktop/Projects/Fertility/Fertility_Spring26/output/model/e5f_matched_pf_20260909a/design_research/housing/inspect_early_housing.py; /Users/tommasodesanto/Desktop/Projects/Fertility/Fertility_Spring26/output/model/e5f_matched_pf_20260909a/design_research/housing/summarize_early_housing.py,"sum(HHWT*min(ROOMS,9))/sum(HHWT)",6.246277371083621,0.6851799949649688,True,7.752553585121854,60.10208709018572,housing_wealth.moments.aggregate_mean_occupied_rooms_capped9_18_85,uniform_birth_time,,9bc7db616236a8b736b2437aba0ebd74e2761cfc4b6adea63d8efd9aa059d3e9
first_birth_fixed_cost_plus,ownership_30_55,0.6483340343191493,proposed_scored_restriction,0.020675272863460718,2339.3623724673616,Recorded empirical bootstrap standard error under the retained estimator/sample,0.020675272863460718,,acs_ownership_30_55_2005_2006,/Users/tommasodesanto/Desktop/Projects/Fertility/Fertility_Spring26/output/model/e5f_matched_pf_20260909a/design_research/housing/early_housing_target_candidates.csv,/Users/tommasodesanto/Desktop/Projects/Fertility/Fertility_Spring26/output/model/e5f_matched_pf_20260909a/design_research/observer_contract/observer_contract.json,/Users/tommasodesanto/Desktop/Projects/Fertility/Fertility_Spring26/output/model/e5f_matched_pf_20260909a/design_research/housing/inspect_early_housing.py; /Users/tommasodesanto/Desktop/Projects/Fertility/Fertility_Spring26/output/model/e5f_matched_pf_20260909a/design_research/housing/summarize_early_housing.py,sum(HHWT*owner)/sum(HHWT),0.574777941997444,-0.07355609232170524,True,-3.5576842350506754,12.657117116328113,housing_wealth.moments.own_rate_30_55,uniform_birth_time,,9bc7db616236a8b736b2437aba0ebd74e2761cfc4b6adea63d8efd9aa059d3e9
first_birth_fixed_cost_plus,first_birth_rooms,0.7202462623815278,proposed_scored_restriction,0.0852600513385958,137.5652749002964,Recorded empirical bootstrap standard error under the retained estimator/sample,0.0852600513385958,,psid_sa_first_birth_rooms,/Users/tommasodesanto/Desktop/Projects/Fertility/Fertility_Spring26/code/data/psid_followup_mar2026/output/sa_rooms_first_birth_household_aligned_v1/target_receipt.csv,/Users/tommasodesanto/Desktop/Projects/Fertility/Fertility_Spring26/output/model/e5f_matched_pf_20260909a/design_research/observer_contract/observer_contract.json,/Users/tommasodesanto/Desktop/Projects/Fertility/Fertility_Spring26/code/data/psid_followup_mar2026/sa_rooms_first_birth_household_aligned_v1.do,"beta(event=+3)-beta(event=-1), omitted event=-2; person/year FE, age/education controls, longitudinal IW",0.4387484266066828,-0.281497835774845,True,-3.3016381219021818,10.900814287997765,housing_wealth.moments.housing_increment_0to1,uniform_birth_time,,9bc7db616236a8b736b2437aba0ebd74e2761cfc4b6adea63d8efd9aa059d3e9
first_birth_fixed_cost_plus,family_rooms,0.3470669317962507,proposed_scored_restriction,0.059705154633000496,280.52808370152104,Recorded empirical bootstrap standard error under the retained estimator/sample,0.059705154633000496,,acs_rooms_3plus_minus_1to2_2005_2006,/Users/tommasodesanto/Desktop/Projects/Fertility/Fertility_Spring26/output/model/e5f_matched_pf_20260909a/design_research/housing/early_housing_target_candidates.csv,/Users/tommasodesanto/Desktop/Projects/Fertility/Fertility_Spring26/output/model/e5f_matched_pf_20260909a/design_research/observer_contract/observer_contract.json,/Users/tommasodesanto/Desktop/Projects/Fertility/Fertility_Spring26/output/model/e5f_matched_pf_20260909a/design_research/housing/inspect_early_housing.py; /Users/tommasodesanto/Desktop/Projects/Fertility/Fertility_Spring26/output/model/e5f_matched_pf_20260909a/design_research/housing/summarize_early_housing.py,"E[min(ROOMS,9)|NCHILD>=3,YNGCH<18]-E[min(ROOMS,9)|NCHILD=1-2,YNGCH<18]",0.1649240870215749,-0.1821428447746758,True,-3.050705519385775,9.306804166010831,housing_wealth.moments.prime30_55_model_dependent_3plus_minus_1to2_rooms_capped9,uniform_birth_time,,9bc7db616236a8b736b2437aba0ebd74e2761cfc4b6adea63d8efd9aa059d3e9
first_birth_fixed_cost_plus,recent_parent_ownership,0.16289550916123285,proposed_scored_restriction,0.006079524679464666,27055.822957508266,Recorded empirical bootstrap standard error under the retained estimator/sample,0.006079524679464666,,acs_recent_parent_owner_gap_2005_2006,/Users/tommasodesanto/Desktop/Projects/Fertility/Fertility_Spring26/output/model/e5f_matched_pf_20260909a/design_research/housing/early_housing_target_candidates.csv,/Users/tommasodesanto/Desktop/Projects/Fertility/Fertility_Spring26/output/model/e5f_matched_pf_20260909a/design_research/observer_contract/observer_contract.json,/Users/tommasodesanto/Desktop/Projects/Fertility/Fertility_Spring26/output/model/e5f_matched_pf_20260909a/design_research/housing/inspect_early_housing.py; /Users/tommasodesanto/Desktop/Projects/Fertility/Fertility_Spring26/output/model/e5f_matched_pf_20260909a/design_research/housing/summarize_early_housing.py,"Pr(owner|NCHILD>0,ELDCH<4)-Pr(owner|NCHILD=0)",-0.0528684942196771,-0.21576400338090995,True,-35.490275104847356,1259.5596270177482,ownership_current_birth_from_empty_dependent_home_minus_current_empty_home_30_55,uniform_birth_time,maintained synchronized dependent-residence proxy; not exact ACS,9bc7db616236a8b736b2437aba0ebd74e2761cfc4b6adea63d8efd9aa059d3e9
h_P_minus,initial_normalization,2.1,normalization_separate_from_scored_objective,,,Separate exact normalization within tolerance5e-4,,,author_2_1,/Users/tommasodesanto/Desktop/Projects/Fertility/Fertility_Spring26/output/model/e5f_matched_pf_20260909a/OVERNIGHT_PLAN.md,/Users/tommasodesanto/Desktop/Projects/Fertility/Fertility_Spring26/output/model/e5f_matched_pf_20260909a/OVERNIGHT_PLAN.md,"Author-selected model normalization, not empirical estimation","Author-selected stationary model normalization, using maintained top-parity representative; not empirical female period TFR",2.100008328156058,8.328156058112768e-06,False,,,final.normalization.completed_fertility,uniform_birth_time,,e29636f07caa08c7965459bde490874752d710a814c60f658cb3a6e6e0943e2f
h_P_minus,cps_childlessness,0.19827875100684264,proposed_scored_restriction,0.005305035738317728,35532.3042455214,CPS official annual generalized-variance approximations pooled with fixed observed weights and correlation-one working convention; not design-exact pooled SE,,,cps_childless_women_40_44_2004_2006,/Users/tommasodesanto/Desktop/Projects/Fertility/Fertility_Spring26/output/model/e5f_matched_pf_20260909a/parameter_target_audit/fertility/fertility_availability.json,/Users/tommasodesanto/Desktop/Projects/Fertility/Fertility_Spring26/output/model/e5f_matched_pf_20260909a/design_research/fertility_contract/fertility_target_contract.json,/Users/tommasodesanto/Desktop/Projects/Fertility/Fertility_Spring26/output/model/e5f_matched_pf_20260909a/parameter_target_audit/fertility/extract_fertility_availability.py; /Users/tommasodesanto/Desktop/Projects/Fertility/Fertility_Spring26/output/model/e5f_matched_pf_20260909a/design_research/fertility_contract/verify_fertility_contract.py,Weighted P(FREVER=0) among pooled June 2004 and June 2006 women age 40-44 with valid FREVER 0-20 and positive FRSUPPWT.,0.1804757083809544,-0.01780304262588825,True,-3.355876096611132,11.261904375805967,fertility.uniform_birth_time.moments.childless_rate_40_44,uniform_birth_time,,e29636f07caa08c7965459bde490874752d710a814c60f658cb3a6e6e0943e2f
h_P_minus,cps_exactly_one,0.21365532522014702,proposed_scored_restriction,0.0060911302714076404,26952.820824310795,CPS official annual generalized-variance approximations pooled with fixed observed weights and correlation-one working convention; not design-exact pooled SE,,,cps_exactly_one_among_mothers_40_44_2004_2006,/Users/tommasodesanto/Desktop/Projects/Fertility/Fertility_Spring26/output/model/e5f_matched_pf_20260909a/parameter_target_audit/fertility/fertility_availability.json,/Users/tommasodesanto/Desktop/Projects/Fertility/Fertility_Spring26/output/model/e5f_matched_pf_20260909a/design_research/fertility_contract/fertility_target_contract.json,/Users/tommasodesanto/Desktop/Projects/Fertility/Fertility_Spring26/output/model/e5f_matched_pf_20260909a/parameter_target_audit/fertility/extract_fertility_availability.py; /Users/tommasodesanto/Desktop/Projects/Fertility/Fertility_Spring26/output/model/e5f_matched_pf_20260909a/design_research/fertility_contract/verify_fertility_contract.py,Weighted P(FREVER=1 | FREVER>=1) in the same pooled CPS sample.,0.23332293368724807,0.019667608467101055,True,3.228893093852011,10.425750611525212,fertility.uniform_birth_time.moments.exactly_one_among_mothers_40_44,uniform_birth_time,,e29636f07caa08c7965459bde490874752d710a814c60f658cb3a6e6e0943e2f
h_P_minus,nchs_mean_age,25.976263860992496,proposed_scored_restriction,0.0845673694617251,139.82806784479274,2003–2006 annual temporal SD: chosen typical-year discrepancy scale for approximate stationary target; not sampling SE,,,nchs_period_mean_age_first_birth_2003_2006,/Users/tommasodesanto/Desktop/Projects/Fertility/Fertility_Spring26/code/data/nchs_natality_timing/first_birth_counts_year_age.csv,/Users/tommasodesanto/Desktop/Projects/Fertility/Fertility_Spring26/output/model/e5f_matched_pf_20260909a/design_research/fertility_contract/fertility_target_contract.json,/Users/tommasodesanto/Desktop/Projects/Fertility/Fertility_Spring26/code/data/nchs_natality_timing/build_first_birth_timing.R; /Users/tommasodesanto/Desktop/Projects/Fertility/Fertility_Spring26/output/model/e5f_matched_pf_20260909a/design_research/fertility_contract/verify_fertility_contract.py,"Pooled national first-birth counts ages 12-49, 2003-2006; age <=21 mapped to midpoint 20, 22-25 to 24, ..., age >=42 to 44; count-weighted mean.",26.583986950094133,0.6077230891016363,True,7.1862598182942135,51.64233017602999,fertility.uniform_birth_time.moments.period_mean_age_first_birth,uniform_birth_time,,e29636f07caa08c7965459bde490874752d710a814c60f658cb3a6e6e0943e2f
h_P_minus,nchs_share30,0.2492780130410667,proposed_scored_restriction,0.00849226186213262,13866.065434728798,2003–2006 annual temporal SD: chosen typical-year discrepancy scale for approximate stationary target; not sampling SE,,,nchs_period_first_birth_share_age30plus_2003_2006,/Users/tommasodesanto/Desktop/Projects/Fertility/Fertility_Spring26/code/data/nchs_natality_timing/first_birth_counts_year_age.csv,/Users/tommasodesanto/Desktop/Projects/Fertility/Fertility_Spring26/output/model/e5f_matched_pf_20260909a/design_research/fertility_contract/fertility_target_contract.json,/Users/tommasodesanto/Desktop/Projects/Fertility/Fertility_Spring26/code/data/nchs_natality_timing/build_first_birth_timing.R; /Users/tommasodesanto/Desktop/Projects/Fertility/Fertility_Spring26/output/model/e5f_matched_pf_20260909a/design_research/fertility_contract/verify_fertility_contract.py,"Pooled national first-birth counts ages 12-49, 2003-2006; exact maternal age >=30 divided by all first births in the pooled window.",0.26510887434524144,0.015830861304174743,True,1.8641513369677483,3.4750602071186436,fertility.uniform_birth_time.moments.period_share_first_births_age30plus,uniform_birth_time,,e29636f07caa08c7965459bde490874752d710a814c60f658cb3a6e6e0943e2f
h_P_minus,wealth_earnings,6.14586139445743,proposed_scored_restriction,0.36285515343369,7.595098472533724,Recorded empirical bootstrap standard error under the retained estimator/sample,0.36285515343369,,psid_wealth_gross_earnings_2003_2005,/Users/tommasodesanto/Desktop/Projects/Fertility/Fertility_Spring26/output/model/e5f_matched_pf_20260909a/design_research/wealth/aggregate_wealth_results.csv,/Users/tommasodesanto/Desktop/Projects/Fertility/Fertility_Spring26/output/model/e5f_matched_pf_20260909a/design_research/observer_contract/observer_contract.json,/Users/tommasodesanto/Desktop/Projects/Fertility/Fertility_Spring26/output/model/e5f_matched_pf_20260909a/design_research/wealth/build_initial_wealth.R,sum(IW*NETWORTHR)/sum_{age<=65}(IW*EARNINDRRC),6.097507373501836,-0.04835402095559438,True,-0.13325984348856942,0.01775818588659802,housing_wealth.moments.aggregate_wealth_to_annual_gross_labor_earnings,uniform_birth_time,,e29636f07caa08c7965459bde490874752d710a814c60f658cb3a6e6e0943e2f
h_P_minus,bequest_wealth,0.0088,proposed_scored_restriction,0.00044000000000000007,5165289.256198346,Inherited synthetic five-percent target scale; not empirical SE,,0.00044000000000000007,external_annual_bequest_wealth,/Users/tommasodesanto/Desktop/Projects/Fertility/Fertility_Spring26/tmp/e5f_matched_pf/code/model/intergen_eqscale_seq_optimized/e5_target_provenance.csv,/Users/tommasodesanto/Desktop/Projects/Fertility/Fertility_Spring26/output/model/e5f_matched_pf_20260909a/design_research/observer_contract/observer_contract.json,No microdata builder; external literature normalization,annual bequest flow / aggregate wealth,0.012368926499328572,0.0035689264993285716,True,8.111196589383116,65.7915101116203,housing_wealth.moments.annual_bequest_flow_to_aggregate_wealth,uniform_birth_time,,e29636f07caa08c7965459bde490874752d710a814c60f658cb3a6e6e0943e2f
h_P_minus,old_dispersion,3.51593508651872,proposed_scored_restriction,0.306910785103348,10.616361531535473,Recorded empirical bootstrap standard error under the retained estimator/sample,0.306910785103348,,psid_old_wealth_dispersion_2003_2005,/Users/tommasodesanto/Desktop/Projects/Fertility/Fertility_Spring26/output/model/e5f_matched_pf_20260909a/design_research/wealth/old_wealth_results.csv,/Users/tommasodesanto/Desktop/Projects/Fertility/Fertility_Spring26/output/model/e5f_matched_pf_20260909a/design_research/observer_contract/observer_contract.json,/Users/tommasodesanto/Desktop/Projects/Fertility/Fertility_Spring26/output/model/e5f_matched_pf_20260909a/design_research/wealth/build_initial_wealth.R,"Q_.90(NETWORTHR/INCFAMR)/Q_.50(NETWORTHR/INCFAMR), weighted",3.731215079165467,0.2152799926467468,True,0.7014416015854712,0.4920203204347909,housing_wealth.moments.old_total_wealth_to_annual_income_p90_p50_7684,uniform_birth_time,,e29636f07caa08c7965459bde490874752d710a814c60f658cb3a6e6e0943e2f
h_P_minus,mean_rooms,5.561097376118652,proposed_scored_restriction,0.08838120078007809,128.02070205233477,Recorded empirical bootstrap standard error under the retained estimator/sample,0.08838120078007809,,acs_rooms_2005_2006,/Users/tommasodesanto/Desktop/Projects/Fertility/Fertility_Spring26/output/model/e5f_matched_pf_20260909a/design_research/housing/early_housing_target_candidates.csv,/Users/tommasodesanto/Desktop/Projects/Fertility/Fertility_Spring26/output/model/e5f_matched_pf_20260909a/design_research/observer_contract/observer_contract.json,/Users/tommasodesanto/Desktop/Projects/Fertility/Fertility_Spring26/output/model/e5f_matched_pf_20260909a/design_research/housing/inspect_early_housing.py; /Users/tommasodesanto/Desktop/Projects/Fertility/Fertility_Spring26/output/model/e5f_matched_pf_20260909a/design_research/housing/summarize_early_housing.py,"sum(HHWT*min(ROOMS,9))/sum(HHWT)",6.24481653017019,0.6837191540515377,True,7.736024720379835,59.84607847432791,housing_wealth.moments.aggregate_mean_occupied_rooms_capped9_18_85,uniform_birth_time,,e29636f07caa08c7965459bde490874752d710a814c60f658cb3a6e6e0943e2f
h_P_minus,ownership_30_55,0.6483340343191493,proposed_scored_restriction,0.020675272863460718,2339.3623724673616,Recorded empirical bootstrap standard error under the retained estimator/sample,0.020675272863460718,,acs_ownership_30_55_2005_2006,/Users/tommasodesanto/Desktop/Projects/Fertility/Fertility_Spring26/output/model/e5f_matched_pf_20260909a/design_research/housing/early_housing_target_candidates.csv,/Users/tommasodesanto/Desktop/Projects/Fertility/Fertility_Spring26/output/model/e5f_matched_pf_20260909a/design_research/observer_contract/observer_contract.json,/Users/tommasodesanto/Desktop/Projects/Fertility/Fertility_Spring26/output/model/e5f_matched_pf_20260909a/design_research/housing/inspect_early_housing.py; /Users/tommasodesanto/Desktop/Projects/Fertility/Fertility_Spring26/output/model/e5f_matched_pf_20260909a/design_research/housing/summarize_early_housing.py,sum(HHWT*owner)/sum(HHWT),0.5749450985849941,-0.07338893573415517,True,-3.549599379839624,12.599655757357844,housing_wealth.moments.own_rate_30_55,uniform_birth_time,,e29636f07caa08c7965459bde490874752d710a814c60f658cb3a6e6e0943e2f
h_P_minus,first_birth_rooms,0.7202462623815278,proposed_scored_restriction,0.0852600513385958,137.5652749002964,Recorded empirical bootstrap standard error under the retained estimator/sample,0.0852600513385958,,psid_sa_first_birth_rooms,/Users/tommasodesanto/Desktop/Projects/Fertility/Fertility_Spring26/code/data/psid_followup_mar2026/output/sa_rooms_first_birth_household_aligned_v1/target_receipt.csv,/Users/tommasodesanto/Desktop/Projects/Fertility/Fertility_Spring26/output/model/e5f_matched_pf_20260909a/design_research/observer_contract/observer_contract.json,/Users/tommasodesanto/Desktop/Projects/Fertility/Fertility_Spring26/code/data/psid_followup_mar2026/sa_rooms_first_birth_household_aligned_v1.do,"beta(event=+3)-beta(event=-1), omitted event=-2; person/year FE, age/education controls, longitudinal IW",0.43229602464348904,-0.28795023773803874,True,-3.3773171985845205,11.406271459854793,housing_wealth.moments.housing_increment_0to1,uniform_birth_time,,e29636f07caa08c7965459bde490874752d710a814c60f658cb3a6e6e0943e2f
h_P_minus,family_rooms,0.3470669317962507,proposed_scored_restriction,0.059705154633000496,280.52808370152104,Recorded empirical bootstrap standard error under the retained estimator/sample,0.059705154633000496,,acs_rooms_3plus_minus_1to2_2005_2006,/Users/tommasodesanto/Desktop/Projects/Fertility/Fertility_Spring26/output/model/e5f_matched_pf_20260909a/design_research/housing/early_housing_target_candidates.csv,/Users/tommasodesanto/Desktop/Projects/Fertility/Fertility_Spring26/output/model/e5f_matched_pf_20260909a/design_research/observer_contract/observer_contract.json,/Users/tommasodesanto/Desktop/Projects/Fertility/Fertility_Spring26/output/model/e5f_matched_pf_20260909a/design_research/housing/inspect_early_housing.py; /Users/tommasodesanto/Desktop/Projects/Fertility/Fertility_Spring26/output/model/e5f_matched_pf_20260909a/design_research/housing/summarize_early_housing.py,"E[min(ROOMS,9)|NCHILD>=3,YNGCH<18]-E[min(ROOMS,9)|NCHILD=1-2,YNGCH<18]",0.16627261299959617,-0.18079431879665453,True,-3.0281190947075296,9.169505251732348,housing_wealth.moments.prime30_55_model_dependent_3plus_minus_1to2_rooms_capped9,uniform_birth_time,,e29636f07caa08c7965459bde490874752d710a814c60f658cb3a6e6e0943e2f
h_P_minus,recent_parent_ownership,0.16289550916123285,proposed_scored_restriction,0.006079524679464666,27055.822957508266,Recorded empirical bootstrap standard error under the retained estimator/sample,0.006079524679464666,,acs_recent_parent_owner_gap_2005_2006,/Users/tommasodesanto/Desktop/Projects/Fertility/Fertility_Spring26/output/model/e5f_matched_pf_20260909a/design_research/housing/early_housing_target_candidates.csv,/Users/tommasodesanto/Desktop/Projects/Fertility/Fertility_Spring26/output/model/e5f_matched_pf_20260909a/design_research/observer_contract/observer_contract.json,/Users/tommasodesanto/Desktop/Projects/Fertility/Fertility_Spring26/output/model/e5f_matched_pf_20260909a/design_research/housing/inspect_early_housing.py; /Users/tommasodesanto/Desktop/Projects/Fertility/Fertility_Spring26/output/model/e5f_matched_pf_20260909a/design_research/housing/summarize_early_housing.py,"Pr(owner|NCHILD>0,ELDCH<4)-Pr(owner|NCHILD=0)",-0.05383044043028751,-0.21672594959152036,True,-35.64850231196104,1270.8157170858917,ownership_current_birth_from_empty_dependent_home_minus_current_empty_home_30_55,uniform_birth_time,maintained synchronized dependent-residence proxy; not exact ACS,e29636f07caa08c7965459bde490874752d710a814c60f658cb3a6e6e0943e2f
h_P_plus,initial_normalization,2.1,normalization_separate_from_scored_objective,,,Separate exact normalization within tolerance5e-4,,,author_2_1,/Users/tommasodesanto/Desktop/Projects/Fertility/Fertility_Spring26/output/model/e5f_matched_pf_20260909a/OVERNIGHT_PLAN.md,/Users/tommasodesanto/Desktop/Projects/Fertility/Fertility_Spring26/output/model/e5f_matched_pf_20260909a/OVERNIGHT_PLAN.md,"Author-selected model normalization, not empirical estimation","Author-selected stationary model normalization, using maintained top-parity representative; not empirical female period TFR",2.1000082327651404,8.232765140281373e-06,False,,,final.normalization.completed_fertility,uniform_birth_time,,338d5fd13370e38d25a4afb638a498cbd9c0378b674e52d6764eef730e190ea4
h_P_plus,cps_childlessness,0.19827875100684264,proposed_scored_restriction,0.005305035738317728,35532.3042455214,CPS official annual generalized-variance approximations pooled with fixed observed weights and correlation-one working convention; not design-exact pooled SE,,,cps_childless_women_40_44_2004_2006,/Users/tommasodesanto/Desktop/Projects/Fertility/Fertility_Spring26/output/model/e5f_matched_pf_20260909a/parameter_target_audit/fertility/fertility_availability.json,/Users/tommasodesanto/Desktop/Projects/Fertility/Fertility_Spring26/output/model/e5f_matched_pf_20260909a/design_research/fertility_contract/fertility_target_contract.json,/Users/tommasodesanto/Desktop/Projects/Fertility/Fertility_Spring26/output/model/e5f_matched_pf_20260909a/parameter_target_audit/fertility/extract_fertility_availability.py; /Users/tommasodesanto/Desktop/Projects/Fertility/Fertility_Spring26/output/model/e5f_matched_pf_20260909a/design_research/fertility_contract/verify_fertility_contract.py,Weighted P(FREVER=0) among pooled June 2004 and June 2006 women age 40-44 with valid FREVER 0-20 and positive FRSUPPWT.,0.18070698202187876,-0.017571768984963876,True,-3.3122809820195545,10.971205303848425,fertility.uniform_birth_time.moments.childless_rate_40_44,uniform_birth_time,,338d5fd13370e38d25a4afb638a498cbd9c0378b674e52d6764eef730e190ea4
h_P_plus,cps_exactly_one,0.21365532522014702,proposed_scored_restriction,0.0060911302714076404,26952.820824310795,CPS official annual generalized-variance approximations pooled with fixed observed weights and correlation-one working convention; not design-exact pooled SE,,,cps_exactly_one_among_mothers_40_44_2004_2006,/Users/tommasodesanto/Desktop/Projects/Fertility/Fertility_Spring26/output/model/e5f_matched_pf_20260909a/parameter_target_audit/fertility/fertility_availability.json,/Users/tommasodesanto/Desktop/Projects/Fertility/Fertility_Spring26/output/model/e5f_matched_pf_20260909a/design_research/fertility_contract/fertility_target_contract.json,/Users/tommasodesanto/Desktop/Projects/Fertility/Fertility_Spring26/output/model/e5f_matched_pf_20260909a/parameter_target_audit/fertility/extract_fertility_availability.py; /Users/tommasodesanto/Desktop/Projects/Fertility/Fertility_Spring26/output/model/e5f_matched_pf_20260909a/design_research/fertility_contract/verify_fertility_contract.py,Weighted P(FREVER=1 | FREVER>=1) in the same pooled CPS sample.,0.23315724228666398,0.019501917066516966,True,3.201691015879412,10.250825361162942,fertility.uniform_birth_time.moments.exactly_one_among_mothers_40_44,uniform_birth_time,,338d5fd13370e38d25a4afb638a498cbd9c0378b674e52d6764eef730e190ea4
h_P_plus,nchs_mean_age,25.976263860992496,proposed_scored_restriction,0.0845673694617251,139.82806784479274,2003–2006 annual temporal SD: chosen typical-year discrepancy scale for approximate stationary target; not sampling SE,,,nchs_period_mean_age_first_birth_2003_2006,/Users/tommasodesanto/Desktop/Projects/Fertility/Fertility_Spring26/code/data/nchs_natality_timing/first_birth_counts_year_age.csv,/Users/tommasodesanto/Desktop/Projects/Fertility/Fertility_Spring26/output/model/e5f_matched_pf_20260909a/design_research/fertility_contract/fertility_target_contract.json,/Users/tommasodesanto/Desktop/Projects/Fertility/Fertility_Spring26/code/data/nchs_natality_timing/build_first_birth_timing.R; /Users/tommasodesanto/Desktop/Projects/Fertility/Fertility_Spring26/output/model/e5f_matched_pf_20260909a/design_research/fertility_contract/verify_fertility_contract.py,"Pooled national first-birth counts ages 12-49, 2003-2006; age <=21 mapped to midpoint 20, 22-25 to 24, ..., age >=42 to 44; count-weighted mean.",26.586407926864712,0.6101440658722161,True,7.2148876068371175,52.054603179291824,fertility.uniform_birth_time.moments.period_mean_age_first_birth,uniform_birth_time,,338d5fd13370e38d25a4afb638a498cbd9c0378b674e52d6764eef730e190ea4
h_P_plus,nchs_share30,0.2492780130410667,proposed_scored_restriction,0.00849226186213262,13866.065434728798,2003–2006 annual temporal SD: chosen typical-year discrepancy scale for approximate stationary target; not sampling SE,,,nchs_period_first_birth_share_age30plus_2003_2006,/Users/tommasodesanto/Desktop/Projects/Fertility/Fertility_Spring26/code/data/nchs_natality_timing/first_birth_counts_year_age.csv,/Users/tommasodesanto/Desktop/Projects/Fertility/Fertility_Spring26/output/model/e5f_matched_pf_20260909a/design_research/fertility_contract/fertility_target_contract.json,/Users/tommasodesanto/Desktop/Projects/Fertility/Fertility_Spring26/code/data/nchs_natality_timing/build_first_birth_timing.R; /Users/tommasodesanto/Desktop/Projects/Fertility/Fertility_Spring26/output/model/e5f_matched_pf_20260909a/design_research/fertility_contract/verify_fertility_contract.py,"Pooled national first-birth counts ages 12-49, 2003-2006; exact maternal age >=30 divided by all first births in the pooled window.",0.2652329224575469,0.01595490941648023,True,1.8787585304715924,3.5297336158197767,fertility.uniform_birth_time.moments.period_share_first_births_age30plus,uniform_birth_time,,338d5fd13370e38d25a4afb638a498cbd9c0378b674e52d6764eef730e190ea4
h_P_plus,wealth_earnings,6.14586139445743,proposed_scored_restriction,0.36285515343369,7.595098472533724,Recorded empirical bootstrap standard error under the retained estimator/sample,0.36285515343369,,psid_wealth_gross_earnings_2003_2005,/Users/tommasodesanto/Desktop/Projects/Fertility/Fertility_Spring26/output/model/e5f_matched_pf_20260909a/design_research/wealth/aggregate_wealth_results.csv,/Users/tommasodesanto/Desktop/Projects/Fertility/Fertility_Spring26/output/model/e5f_matched_pf_20260909a/design_research/observer_contract/observer_contract.json,/Users/tommasodesanto/Desktop/Projects/Fertility/Fertility_Spring26/output/model/e5f_matched_pf_20260909a/design_research/wealth/build_initial_wealth.R,sum(IW*NETWORTHR)/sum_{age<=65}(IW*EARNINDRRC),6.096362917544034,-0.049498476913396594,True,-0.13641387326318405,0.01860874481866404,housing_wealth.moments.aggregate_wealth_to_annual_gross_labor_earnings,uniform_birth_time,,338d5fd13370e38d25a4afb638a498cbd9c0378b674e52d6764eef730e190ea4
h_P_plus,bequest_wealth,0.0088,proposed_scored_restriction,0.00044000000000000007,5165289.256198346,Inherited synthetic five-percent target scale; not empirical SE,,0.00044000000000000007,external_annual_bequest_wealth,/Users/tommasodesanto/Desktop/Projects/Fertility/Fertility_Spring26/tmp/e5f_matched_pf/code/model/intergen_eqscale_seq_optimized/e5_target_provenance.csv,/Users/tommasodesanto/Desktop/Projects/Fertility/Fertility_Spring26/output/model/e5f_matched_pf_20260909a/design_research/observer_contract/observer_contract.json,No microdata builder; external literature normalization,annual bequest flow / aggregate wealth,0.012366953012650858,0.0035669530126508572,True,8.106711392388311,65.71876959947842,housing_wealth.moments.annual_bequest_flow_to_aggregate_wealth,uniform_birth_time,,338d5fd13370e38d25a4afb638a498cbd9c0378b674e52d6764eef730e190ea4
h_P_plus,old_dispersion,3.51593508651872,proposed_scored_restriction,0.306910785103348,10.616361531535473,Recorded empirical bootstrap standard error under the retained estimator/sample,0.306910785103348,,psid_old_wealth_dispersion_2003_2005,/Users/tommasodesanto/Desktop/Projects/Fertility/Fertility_Spring26/output/model/e5f_matched_pf_20260909a/design_research/wealth/old_wealth_results.csv,/Users/tommasodesanto/Desktop/Projects/Fertility/Fertility_Spring26/output/model/e5f_matched_pf_20260909a/design_research/observer_contract/observer_contract.json,/Users/tommasodesanto/Desktop/Projects/Fertility/Fertility_Spring26/output/model/e5f_matched_pf_20260909a/design_research/wealth/build_initial_wealth.R,"Q_.90(NETWORTHR/INCFAMR)/Q_.50(NETWORTHR/INCFAMR), weighted",3.7282946567336483,0.21235957021492835,True,0.6919260596965309,0.4787616720871673,housing_wealth.moments.old_total_wealth_to_annual_income_p90_p50_7684,uniform_birth_time,,338d5fd13370e38d25a4afb638a498cbd9c0378b674e52d6764eef730e190ea4
h_P_plus,mean_rooms,5.561097376118652,proposed_scored_restriction,0.08838120078007809,128.02070205233477,Recorded empirical bootstrap standard error under the retained estimator/sample,0.08838120078007809,,acs_rooms_2005_2006,/Users/tommasodesanto/Desktop/Projects/Fertility/Fertility_Spring26/output/model/e5f_matched_pf_20260909a/design_research/housing/early_housing_target_candidates.csv,/Users/tommasodesanto/Desktop/Projects/Fertility/Fertility_Spring26/output/model/e5f_matched_pf_20260909a/design_research/observer_contract/observer_contract.json,/Users/tommasodesanto/Desktop/Projects/Fertility/Fertility_Spring26/output/model/e5f_matched_pf_20260909a/design_research/housing/inspect_early_housing.py; /Users/tommasodesanto/Desktop/Projects/Fertility/Fertility_Spring26/output/model/e5f_matched_pf_20260909a/design_research/housing/summarize_early_housing.py,"sum(HHWT*min(ROOMS,9))/sum(HHWT)",6.247956654102494,0.6868592779838423,True,7.77155404001556,60.39705219688218,housing_wealth.moments.aggregate_mean_occupied_rooms_capped9_18_85,uniform_birth_time,,338d5fd13370e38d25a4afb638a498cbd9c0378b674e52d6764eef730e190ea4
h_P_plus,ownership_30_55,0.6483340343191493,proposed_scored_restriction,0.020675272863460718,2339.3623724673616,Recorded empirical bootstrap standard error under the retained estimator/sample,0.020675272863460718,,acs_ownership_30_55_2005_2006,/Users/tommasodesanto/Desktop/Projects/Fertility/Fertility_Spring26/output/model/e5f_matched_pf_20260909a/design_research/housing/early_housing_target_candidates.csv,/Users/tommasodesanto/Desktop/Projects/Fertility/Fertility_Spring26/output/model/e5f_matched_pf_20260909a/design_research/observer_contract/observer_contract.json,/Users/tommasodesanto/Desktop/Projects/Fertility/Fertility_Spring26/output/model/e5f_matched_pf_20260909a/design_research/housing/inspect_early_housing.py; /Users/tommasodesanto/Desktop/Projects/Fertility/Fertility_Spring26/output/model/e5f_matched_pf_20260909a/design_research/housing/summarize_early_housing.py,sum(HHWT*owner)/sum(HHWT),0.5746065340900157,-0.07372750022913355,True,-3.565974713660573,12.716175658466607,housing_wealth.moments.own_rate_30_55,uniform_birth_time,,338d5fd13370e38d25a4afb638a498cbd9c0378b674e52d6764eef730e190ea4
h_P_plus,first_birth_rooms,0.7202462623815278,proposed_scored_restriction,0.0852600513385958,137.5652749002964,Recorded empirical bootstrap standard error under the retained estimator/sample,0.0852600513385958,,psid_sa_first_birth_rooms,/Users/tommasodesanto/Desktop/Projects/Fertility/Fertility_Spring26/code/data/psid_followup_mar2026/output/sa_rooms_first_birth_household_aligned_v1/target_receipt.csv,/Users/tommasodesanto/Desktop/Projects/Fertility/Fertility_Spring26/output/model/e5f_matched_pf_20260909a/design_research/observer_contract/observer_contract.json,/Users/tommasodesanto/Desktop/Projects/Fertility/Fertility_Spring26/code/data/psid_followup_mar2026/sa_rooms_first_birth_household_aligned_v1.do,"beta(event=+3)-beta(event=-1), omitted event=-2; person/year FE, age/education controls, longitudinal IW",0.44540467771752557,-0.2748415846640022,True,-3.2235681347705927,10.391391519508359,housing_wealth.moments.housing_increment_0to1,uniform_birth_time,,338d5fd13370e38d25a4afb638a498cbd9c0378b674e52d6764eef730e190ea4
h_P_plus,family_rooms,0.3470669317962507,proposed_scored_restriction,0.059705154633000496,280.52808370152104,Recorded empirical bootstrap standard error under the retained estimator/sample,0.059705154633000496,,acs_rooms_3plus_minus_1to2_2005_2006,/Users/tommasodesanto/Desktop/Projects/Fertility/Fertility_Spring26/output/model/e5f_matched_pf_20260909a/design_research/housing/early_housing_target_candidates.csv,/Users/tommasodesanto/Desktop/Projects/Fertility/Fertility_Spring26/output/model/e5f_matched_pf_20260909a/design_research/observer_contract/observer_contract.json,/Users/tommasodesanto/Desktop/Projects/Fertility/Fertility_Spring26/output/model/e5f_matched_pf_20260909a/design_research/housing/inspect_early_housing.py; /Users/tommasodesanto/Desktop/Projects/Fertility/Fertility_Spring26/output/model/e5f_matched_pf_20260909a/design_research/housing/summarize_early_housing.py,"E[min(ROOMS,9)|NCHILD>=3,YNGCH<18]-E[min(ROOMS,9)|NCHILD=1-2,YNGCH<18]",0.16611107803735692,-0.18095585375889378,True,-3.03082463936665,9.185897994591981,housing_wealth.moments.prime30_55_model_dependent_3plus_minus_1to2_rooms_capped9,uniform_birth_time,,338d5fd13370e38d25a4afb638a498cbd9c0378b674e52d6764eef730e190ea4
h_P_plus,recent_parent_ownership,0.16289550916123285,proposed_scored_restriction,0.006079524679464666,27055.822957508266,Recorded empirical bootstrap standard error under the retained estimator/sample,0.006079524679464666,,acs_recent_parent_owner_gap_2005_2006,/Users/tommasodesanto/Desktop/Projects/Fertility/Fertility_Spring26/output/model/e5f_matched_pf_20260909a/design_research/housing/early_housing_target_candidates.csv,/Users/tommasodesanto/Desktop/Projects/Fertility/Fertility_Spring26/output/model/e5f_matched_pf_20260909a/design_research/observer_contract/observer_contract.json,/Users/tommasodesanto/Desktop/Projects/Fertility/Fertility_Spring26/output/model/e5f_matched_pf_20260909a/design_research/housing/inspect_early_housing.py; /Users/tommasodesanto/Desktop/Projects/Fertility/Fertility_Spring26/output/model/e5f_matched_pf_20260909a/design_research/housing/summarize_early_housing.py,"Pr(owner|NCHILD>0,ELDCH<4)-Pr(owner|NCHILD=0)",-0.05259179538951542,-0.21548730455074827,True,-35.444761870713066,1256.331144071555,ownership_current_birth_from_empty_dependent_home_minus_current_empty_home_30_55,uniform_birth_time,maintained synchronized dependent-residence proxy; not exact ACS,338d5fd13370e38d25a4afb638a498cbd9c0378b674e52d6764eef730e190ea4
