{
  "eligible_E1_chains": 7,
  "production_chain_count": 8,
  "winners": {
    "E1": {
      "arm": "E1",
      "case": 0,
      "elapsed_sec": 12.326859385007992,
      "error": "",
      "feasibility_census": [],
      "label": "tight_winner_repeat_1",
      "market_residual": 1.4621864605266664e-05,
      "moments": {
        "aggregate_mean_occupied_rooms_18_85": 5.612270133975543,
        "aggregate_own_rate": 0.5655826908163046,
        "attempt_hazard_by_age": [
          0.31308144346617034,
          0.3634791257489543,
          0.430645901711884,
          0.5089526237235379,
          0.5766713978765102,
          0.6113724320279369,
          0.6020655049887513,
          0.0,
          0.0,
          0.0,
          0.0,
          0.0,
          0.0,
          0.0,
          0.0,
          0.0,
          0.0
        ],
        "childless_chosen_45": 0.008002884520706913,
        "childless_clock_45": 0.021923186143807914,
        "childless_rate": 0.029925780413844857,
        "first_birth_age_distribution": [
          0.3491239619175415,
          0.2592256476019048,
          0.17800920247549534,
          0.10898081951446317,
          0.0593578443030126,
          0.030471982700488624,
          0.014830541487093925,
          0.0,
          0.0,
          0.0,
          0.0,
          0.0,
          0.0,
          0.0,
          0.0,
          0.0,
          0.0
        ],
        "first_birth_hazard_by_age": [
          0.30681981459684693,
          0.35105427121765703,
          0.4054857069371953,
          0.45813049169167286,
          0.47825085043005433,
          0.43303395283479695,
          0.30189722633666205,
          0.0,
          0.0,
          0.0,
          0.0,
          0.0,
          0.0,
          0.0,
          0.0,
          0.0,
          0.0
        ],
        "housing_increment_0to1": 0.7567846773119966,
        "housing_increment_1to2": 0.0,
        "housing_user_cost_share": 0.2688575845014475,
        "liquid_wealth_to_income": 1.1876493286884506,
        "market_residual": 1.4621864605266664e-05,
        "mean_age_first_birth": 23.68384420293338,
        "mean_completed_fertility": 1.8054811103662782,
        "old_2plus_minus_1_total_estate_wealth_to_annual_income_median_gap_6575": 0.6496037417175486,
        "old_age_own_rate": 0.7503992549154236,
        "old_age_parent_childless_gap": 0.01036297869197822,
        "old_age_parent_childless_gap_6575": 0.01036297869197822,
        "old_minus_young_owner_rate_6575_2534": 0.3869446013615019,
        "old_nonhousing_ge_1x_income_share_6575": 0.6066968183787989,
        "old_nonhousing_wealth_to_income_6575": 8.842680305981364,
        "old_nonhousing_wealth_to_income_median_6575": 2.977350482872115,
        "old_owner_rate": 0.7503992549154236,
        "old_parent_childless_nonhousing_wealth_to_income_gap_6575": 0.28822113840217156,
        "old_parent_childless_nonhousing_wealth_to_income_median_gap_6575": 0.0,
        "old_parent_childless_total_wealth_to_income_gap_6575": 0.6311698732416922,
        "old_parent_childless_total_wealth_to_income_median_gap_6575": 0.6496037417175522,
        "old_total_estate_wealth_to_annual_income_median_7684": 6.502177801329015,
        "old_total_estate_wealth_to_annual_income_p90_p50_7684": 3.6900691275789375,
        "old_total_wealth_to_income_6575": 17.916864769221775,
        "old_total_wealth_to_income_median_6575": 11.952164069585056,
        "own_family_gap": 0.08180689989627654,
        "own_gap_newparent_nonparent_3055": 0.08180689989627654,
        "own_rate": 0.5585997563628965,
        "own_rate_2534": 0.3634546535539217,
        "own_rate_3055": 0.5585997563628965,
        "own_rate_3544": 0.524205628145434,
        "own_rate_newparents_3055": 0.54646697577001,
        "own_rate_nonparents_3055": 0.4646600758737335,
        "owner_neg_liquid_share_2534": 0.4053625043591308,
        "parity_progression_1to2_flow": 0.5931910239432946,
        "parity_progression_2to3_flow": 0.45177234389525656,
        "parity_share_0": 0.029925780413844857,
        "parity_share_1": 0.39463489919566863,
        "parity_share_2plus": 0.5754393203904866,
        "parity_share_3plus": 0.25996757038963664,
        "prime30_55_childless_owner_mean_rooms": 6.355154891761392,
        "prime30_55_childless_owner_minus_renter_mean_rooms": 2.311189797180062,
        "prime30_55_childless_owner_share_rooms_ge6": 0.6560839132585714,
        "prime30_55_childless_renter_mean_rooms": 4.0439650945813295,
        "prime30_55_childless_renter_share_rooms_ge6": 0.22842969244831388,
        "prime30_55_parent_3plus_minus_1to2_mean_rooms": 0.43913868193696626,
        "prime30_55_parent_owner_minus_renter_mean_rooms": 2.8335471754324466,
        "prime_childless_owner_median_rooms": 6.0,
        "prime_childless_owner_minus_renter_rooms": 1.9428260166429894,
        "prime_childless_renter_median_rooms": 4.057173983357011,
        "renter25_45_all_cap_share": 0.25399581593121123,
        "second_birth_hazard_by_age": [
          0.0,
          0.5214818671684719,
          0.5258204430779566,
          0.5301629991534929,
          0.5196152240440488,
          0.4548693251556905,
          0.30118320030974094,
          0.0,
          0.0,
          0.0,
          0.0,
          0.0,
          0.0,
          0.0,
          0.0,
          0.0,
          0.0
        ],
        "share_first_births_age30plus": 0.21364118800505832,
        "tfr": 1.9094681385221328,
        "third_birth_hazard_by_age": [
          0.0,
          0.0,
          0.3678150337612461,
          0.36995090084558274,
          0.37538116586827963,
          0.3719674999369403,
          0.30118444897394936,
          0.0,
          0.0,
          0.0,
          0.0,
          0.0,
          0.0,
          0.0,
          0.0,
          0.0,
          0.0
        ],
        "wealth_to_income": 2.2371480304648594,
        "young_all_liquid_wealth_to_annual_gross_income_2530": 0.30601129530730864,
        "young_all_liquid_wealth_to_annual_gross_income_2530_median": 0.2015499738436966,
        "young_childless_liquid_wealth_to_annual_gross_income_2535": 0.44331634936750863,
        "young_childless_liquid_wealth_to_annual_gross_income_2535_median": 0.222050315148781,
        "young_childless_renter_liquid_wealth_to_annual_gross_income_2535": 0.3702374404655934,
        "young_childless_renter_liquid_wealth_to_annual_gross_income_2535_median": 0.0,
        "young_liquid_wealth_to_income": 0.12268595014761847,
        "young_owner_rate": 0.3634546535539217
      },
      "origin": {
        "phase": "tight_winner_verification",
        "search_case": 854
      },
      "price": 0.8320548260952941,
      "rank_loss": 2.2944474177687804,
      "status": "ok",
      "strict_converged": true,
      "target_fit": [
        {
          "gap": -0.008531861477867109,
          "loss_contribution": 0.0014558532055502543,
          "model": 1.9094681385221328,
          "moment": "tfr",
          "target": 1.918,
          "weight": 20.0
        },
        {
          "gap": -0.15807421958615514,
          "loss_contribution": 0.4997491779554398,
          "model": 0.029925780413844857,
          "moment": "childless_rate",
          "target": 0.188,
          "weight": 20.0
        },
        {
          "gap": -0.016872653637103552,
          "loss_contribution": 0.02846864407576637,
          "model": 0.5585997563628965,
          "moment": "own_rate",
          "target": 0.57547241,
          "weight": 100.0
        },
        {
          "gap": -0.08585477010372347,
          "loss_contribution": 0.3316968697303444,
          "model": 0.08180689989627654,
          "moment": "own_family_gap",
          "target": 0.16766167,
          "weight": 45.0
        },
        {
          "gap": 0.09235000731199661,
          "loss_contribution": 0.11939933390736157,
          "model": 0.7567846773119966,
          "moment": "housing_increment_0to1",
          "target": 0.66443467,