{"theta": {"H0": 9.999672059746388, "alpha_cons": 0.6731064483929385, "beta": 0.8411423842686492, "c_bar_0": 1.28, "c_bar_n": 0.4559787014242588, "chi": 1.15, "h_bar_0": 1.0, "h_bar_jump": 1.4758939442666474, "h_bar_n": 0.984106767291167, "kappa_fert": 1.8906304000000005, "psi_child": 0.26907999999999993, "tenure_choice_kappa": 0.0, "theta0": 0.1318301350511569, "theta_n": 1.109009045400624}, "loss": 0.0}