case,group,gross_net_worth,mass,conditional_cdf
reference_phi10,inherited_renter,-12.0,0.0,0.0
reference_phi10,inherited_renter,-11.3,0.0,0.0
reference_phi10,inherited_renter,-10.6,0.0,0.0
reference_phi10,inherited_renter,-10.447886047958887,0.0,0.0
reference_phi10,inherited_renter,-9.9,0.0,0.0
reference_phi10,inherited_renter,-9.747886047958888,0.0,0.0
reference_phi10,inherited_renter,-9.2,0.0,0.0
reference_phi10,inherited_renter,-9.047886047958887,0.0,0.0
reference_phi10,inherited_renter,-8.895772095917774,0.0,0.0
reference_phi10,inherited_renter,-8.5,0.0,0.0
reference_phi10,inherited_renter,-8.347886047958887,0.0,0.0
reference_phi10,inherited_renter,-8.195772095917775,0.0,0.0
reference_phi10,inherited_renter,-7.800000000000001,0.0,0.0
reference_phi10,inherited_renter,-7.647886047958886,0.0,0.0
reference_phi10,inherited_renter,-7.495772095917774,0.0,0.0
reference_phi10,inherited_renter,-7.343658143876662,0.0,0.0
reference_phi10,inherited_renter,-7.1000000000000005,0.0,0.0
reference_phi10,inherited_renter,-6.947886047958887,0.0,0.0
reference_phi10,inherited_renter,-6.7957720959177745,0.0,0.0
reference_phi10,inherited_renter,-6.643658143876663,0.0,0.0
reference_phi10,inherited_renter,-6.4,0.0,0.0
reference_phi10,inherited_renter,-6.247886047958888,0.0,0.0
reference_phi10,inherited_renter,-6.0957720959177735,0.0,0.0
reference_phi10,inherited_renter,-5.943658143876662,0.0,0.0
reference_phi10,inherited_renter,-5.791544191835549,0.0,0.0
reference_phi10,inherited_renter,-5.7,0.0,0.0
reference_phi10,inherited_renter,-5.547886047958888,0.0,0.0
reference_phi10,inherited_renter,-5.395772095917774,0.0,0.0
reference_phi10,inherited_renter,-5.2436581438766625,0.0,0.0
reference_phi10,inherited_renter,-5.09154419183555,0.0,0.0
reference_phi10,inherited_renter,-5.0,0.0,0.0
reference_phi10,inherited_renter,-4.8604651162790695,0.0,0.0
reference_phi10,inherited_renter,-4.8478860479588874,0.0,0.0
reference_phi10,inherited_renter,-4.72093023255814,0.0,0.0
reference_phi10,inherited_renter,-4.695772095917775,0.0,0.0
reference_phi10,inherited_renter,-4.5813953488372094,0.0,0.0
reference_phi10,inherited_renter,-4.5436581438766614,0.0,0.0
reference_phi10,inherited_renter,-4.441860465116279,0.0,0.0
reference_phi10,inherited_renter,-4.391544191835549,0.0,0.0
reference_phi10,inherited_renter,-4.3023255813953485,0.0,0.0
reference_phi10,inherited_renter,-4.239430239794436,0.0,0.0
reference_phi10,inherited_renter,-4.162790697674419,0.0,0.0
reference_phi10,inherited_renter,-4.147886047958887,0.0,0.0
reference_phi10,inherited_renter,-4.023255813953488,0.0,0.0
reference_phi10,inherited_renter,-3.995772095917775,0.0,0.0
reference_phi10,inherited_renter,-3.883720930232558,0.0,0.0
reference_phi10,inherited_renter,-3.843658143876662,0.0,0.0
reference_phi10,inherited_renter,-3.744186046511628,0.0,0.0
reference_phi10,inherited_renter,-3.6915441918355496,0.0,0.0
reference_phi10,inherited_renter,-3.604651162790698,0.0,0.0
reference_phi10,inherited_renter,-3.539430239794437,0.0,0.0
reference_phi10,inherited_renter,-3.4651162790697674,0.0,0.0
reference_phi10,inherited_renter,-3.447886047958887,0.0,0.0
reference_phi10,inherited_renter,-3.3255813953488373,0.0,0.0
reference_phi10,inherited_renter,-3.3083511642379566,0.0,0.0
reference_phi10,inherited_renter,-3.295772095917775,0.0,0.0
reference_phi10,inherited_renter,-3.1860465116279073,0.0,0.0
reference_phi10,inherited_renter,-3.168816280517027,0.0,0.0
reference_phi10,inherited_renter,-3.143658143876663,0.0,0.0
reference_phi10,inherited_renter,-3.046511627906977,0.0,0.0
reference_phi10,inherited_renter,-3.0292813967960965,0.0,0.0
reference_phi10,inherited_renter,-2.9915441918355485,0.0,0.0
reference_phi10,inherited_renter,-2.9069767441860463,0.0,0.0
reference_phi10,inherited_renter,-2.889746513075166,0.0,0.0
reference_phi10,inherited_renter,-2.839430239794436,0.0,0.0
reference_phi10,inherited_renter,-2.7674418604651163,0.0,0.0
reference_phi10,inherited_renter,-2.7502116293542356,0.0,0.0
reference_phi10,inherited_renter,-2.6279069767441863,0.0,0.0
reference_phi10,inherited_renter,-2.610676745633306,0.0,0.0
reference_phi10,inherited_renter,-2.595772095917775,0.0,0.0
reference_phi10,inherited_renter,-2.488372093023256,0.0,0.0
reference_phi10,inherited_renter,-2.4711418619123755,0.0,0.0
reference_phi10,inherited_renter,-2.4436581438766627,0.0,0.0
reference_phi10,inherited_renter,-2.3488372093023258,0.0,0.0
reference_phi10,inherited_renter,-2.331606978191445,0.0,0.0
reference_phi10,inherited_renter,-2.2915441918355492,0.0,0.0
reference_phi10,inherited_renter,-2.2093023255813953,0.0,0.0
reference_phi10,inherited_renter,-2.1920720944705154,0.0,0.0
reference_phi10,inherited_renter,-2.1394302397944367,0.0,0.0
reference_phi10,inherited_renter,-2.0697674418604652,0.0,0.0
reference_phi10,inherited_renter,-2.052537210749585,0.0,0.0
reference_phi10,inherited_renter,-1.9302325581395348,0.0,0.0
reference_phi10,inherited_renter,-1.9130023270286547,0.0,0.0
reference_phi10,inherited_renter,-1.8957720959177746,0.0,0.0
reference_phi10,inherited_renter,-1.7906976744186047,0.0,0.0
reference_phi10,inherited_renter,-1.7734674433077247,0.0,0.0
reference_phi10,inherited_renter,-1.7562372121968441,0.0,0.0
reference_phi10,inherited_renter,-1.7436581438766625,0.0,0.0
reference_phi10,inherited_renter,-1.6511627906976747,0.0,0.0
reference_phi10,inherited_renter,-1.6339325595867946,0.0,0.0
reference_phi10,inherited_renter,-1.6167023284759146,0.0,0.0
reference_phi10,inherited_renter,-1.59154419183555,0.0,0.0
reference_phi10,inherited_renter,-1.5116279069767442,0.0,0.0
reference_phi10,inherited_renter,-1.4943976758658641,0.0,0.0
reference_phi10,inherited_renter,-1.477167444754984,0.0,0.0
reference_phi10,inherited_renter,-1.4394302397944356,0.0,0.0
reference_phi10,inherited_renter,-1.3720930232558142,0.0,0.0
reference_phi10,inherited_renter,-1.3548627921449337,0.0,0.0
reference_phi10,inherited_renter,-1.3376325610340536,0.0,0.0
reference_phi10,inherited_renter,-1.2325581395348837,0.0,0.0
reference_phi10,inherited_renter,-1.2153279084240036,0.0,0.0
reference_phi10,inherited_renter,-1.198097677313123,0.0,0.0
reference_phi10,inherited_renter,-1.0930232558139537,0.0,0.0
reference_phi10,inherited_renter,-1.0757930247030736,0.0,0.0
reference_phi10,inherited_renter,-1.0585627935921935,0.0,0.0
reference_phi10,inherited_renter,-1.0436581438766623,0.0,0.0
reference_phi10,inherited_renter,-0.9534883720930232,0.0,0.0
reference_phi10,inherited_renter,-0.9362581409821431,0.0,0.0
reference_phi10,inherited_renter,-0.919027909871263,0.0,0.0
reference_phi10,inherited_renter,-0.8915441918355498,0.0,0.0
reference_phi10,inherited_renter,-0.8139534883720927,0.0,0.0
reference_phi10,inherited_renter,-0.7967232572612131,0.0,0.0
reference_phi10,inherited_renter,-0.7794930261503326,0.0,0.0
reference_phi10,inherited_renter,-0.7394302397944363,0.0,0.0
reference_phi10,inherited_renter,-0.6744186046511631,0.0,0.0
reference_phi10,inherited_renter,-0.6571883735402826,0.0,0.0
reference_phi10,inherited_renter,-0.6399581424294025,0.0,0.0
reference_phi10,inherited_renter,-0.5348837209302326,0.0,0.0
reference_phi10,inherited_renter,-0.5176534898193526,0.0,0.0
reference_phi10,inherited_renter,-0.5004232587084725,0.0,0.0
reference_phi10,inherited_renter,-0.39534883720930214,0.0,0.0
reference_phi10,inherited_renter,-0.37811860609842207,0.0,0.0
reference_phi10,inherited_renter,-0.360888374987542,0.0,0.0
reference_phi10,inherited_renter,-0.34365814387666216,0.0,0.0
reference_phi10,inherited_renter,-0.25581395348837255,0.0,0.0
reference_phi10,inherited_renter,-0.23858372237749204,0.0,0.0
reference_phi10,inherited_renter,-0.22135349126661197,0.0,0.0
reference_phi10,inherited_renter,-0.20412326015573168,0.0,0.0
reference_phi10,inherited_renter,-0.1915441918355496,0.0,0.0
reference_phi10,inherited_renter,-0.11627906976744207,0.0,0.0
reference_phi10,inherited_renter,-0.099048838656562,0.0,0.0
reference_phi10,inherited_renter,-0.08181860754568193,0.0,0.0
reference_phi10,inherited_renter,-0.06458837643480209,0.0,0.0
reference_phi10,inherited_renter,-0.03943023979443705,0.0,0.0
reference_phi10,inherited_renter,0.0,0.06670108849572226,0.23401660453821696
reference_phi10,inherited_renter,0.04048604506436848,0.0,0.23401660453821696
reference_phi10,inherited_renter,0.05771627617524855,0.0,0.23401660453821696
reference_phi10,inherited_renter,0.0749465072861284,0.0,0.23401660453821696
reference_phi10,inherited_renter,0.1627906976744189,0.021580427841874163,0.30973018825823795
reference_phi10,inherited_renter,0.18002092878529852,0.0,0.30973018825823795
reference_phi10,inherited_renter,0.19725115989617903,0.0,0.30973018825823795
reference_phi10,inherited_renter,0.21448139100705887,0.0,0.30973018825823795
reference_phi10,inherited_renter,0.3023255813953485,0.023905428306292418,0.3936008909474318
reference_phi10,inherited_renter,0.319555812506229,0.0,0.3936008909474318
reference_phi10,inherited_renter,0.33678604361710907,0.0,0.3936008909474318
reference_phi10,inherited_renter,0.35401627472798936,0.0,0.3936008909474318
reference_phi10,inherited_renter,0.44186046511627897,0.014701806204999866,0.44518126011777304
reference_phi10,inherited_renter,0.45909069622715903,0.0,0.44518126011777304
reference_phi10,inherited_renter,0.4763209273380391,0.0,0.44518126011777304
reference_phi10,inherited_renter,0.49355115844891895,0.0,0.44518126011777304
reference_phi10,inherited_renter,0.5084558081644506,0.0,0.44518126011777304
reference_phi10,inherited_renter,0.5813953488372094,0.011359910156365333,0.48503679565108465
reference_phi10,inherited_renter,0.5986255799480895,0.0,0.48503679565108465
reference_phi10,inherited_renter,0.6158558110589696,0.0,0.48503679565108465
reference_phi10,inherited_renter,0.6330860421698494,0.0,0.48503679565108465
reference_phi10,inherited_renter,0.6605697602055631,0.0,0.48503679565108465
reference_phi10,inherited_renter,0.720930232558139,0.012830670386404994,0.5300524016253126
reference_phi10,inherited_renter,0.73816046366902,0.0,0.5300524016253126
reference_phi10,inherited_renter,0.7553906947798996,0.0,0.5300524016253126
reference_phi10,inherited_renter,0.7726209258907799,0.0,0.5300524016253126
reference_phi10,inherited_renter,0.8604651162790695,0.01367652145717877,0.578035623271063
reference_phi10,inherited_renter,0.8776953473899496,0.0,0.578035623271063
reference_phi10,inherited_renter,0.8949255785008301,0.0,0.578035623271063
reference_phi10,inherited_renter,0.91215580961171,0.0,0.578035623271063
reference_phi10,inherited_renter,1.0,0.011478177501145805,0.6183060923995743
reference_phi10,inherited_renter,1.01723023111088,0.0,0.6183060923995743
reference_phi10,inherited_renter,1.0344604622217601,0.0,0.6183060923995743
reference_phi10,inherited_renter,1.05169069333264,0.0,0.6183060923995743
reference_phi10,inherited_renter,1.1395348837209305,0.007974898238889151,0.646285524961943
reference_phi10,inherited_renter,1.1567651148318105,0.0,0.646285524961943
reference_phi10,inherited_renter,1.1739953459426906,0.0,0.646285524961943
reference_phi10,inherited_renter,1.1912255770535705,0.0,0.646285524961943
reference_phi10,inherited_renter,1.2084558081644508,0.0,0.646285524961943
reference_phi10,inherited_renter,1.27906976744186,0.005616974853784255,0.6659923305434358
reference_phi10,inherited_renter,1.2962999985527401,0.0,0.6659923305434358
reference_phi10,inherited_renter,1.3135302296636207,0.0,0.6659923305434358
reference_phi10,inherited_renter,1.3307604607745005,0.0,0.6659923305434358
reference_phi10,inherited_renter,1.3479906918853812,0.0,0.6659923305434358
reference_phi10,inherited_renter,1.3605697602055633,0.0,0.6659923305434358
reference_phi10,inherited_renter,1.4186046511627906,0.005032188637466495,0.6836474501958119
reference_phi10,inherited_renter,1.4358348822736706,0.0,0.6836474501958119
reference_phi10,inherited_renter,1.4530651133845507,0.0,0.6836474501958119
reference_phi10,inherited_renter,1.4702953444954305,0.0,0.6836474501958119
reference_phi10,inherited_renter,1.4875255756063108,0.0,0.6836474501958119
reference_phi10,inherited_renter,1.5521139520411127,0.0,0.6836474501958119
reference_phi10,inherited_renter,1.558139534883721,0.004743627035115742,0.7002901694825394
reference_phi10,inherited_renter,1.5925999971054812,0.0,0.7002901694825394
reference_phi10,inherited_renter,1.609830228216361,0.0,0.7002901694825394
reference_phi10,inherited_renter,1.6270604593272413,0.0,0.7002901694825394
reference_phi10,inherited_renter,1.6976744186046506,0.00542147503886522,0.7193110761693217
reference_phi10,inherited_renter,1.7149046497155316,0.0,0.7193110761693217
reference_phi10,inherited_renter,1.7321348808264112,0.0,0.7193110761693217
reference_phi10,inherited_renter,1.7493651119372915,0.0,0.7193110761693217
reference_phi10,inherited_renter,1.7665953430481718,0.0,0.7193110761693217
reference_phi10,inherited_renter,1.837209302325581,0.0036269928518352485,0.7320361541405049
reference_phi10,inherited_renter,1.8544395334364612,0.0,0.7320361541405049
reference_phi10,inherited_renter,1.8716697645473417,0.0,0.7320361541405049
reference_phi10,inherited_renter,1.8888999956582215,0.0,0.7320361541405049
reference_phi10,inherited_renter,1.9061302267691023,0.0,0.7320361541405049
reference_phi10,inherited_renter,1.9767441860465116,0.0031415734829842823,0.7430581685629897
reference_phi10,inherited_renter,1.9939744171573917,0.0,0.7430581685629897
reference_phi10,inherited_renter,2.0112046482682717,0.0,0.7430581685629897
reference_phi10,inherited_renter,2.0284348793791516,0.0,0.7430581685629897
reference_phi10,inherited_renter,2.045665110490032,0.0,0.7430581685629897
reference_phi10,inherited_renter,2.0605697602055635,0.0,0.7430581685629897
reference_phi10,inherited_renter,2.116279069767442,0.0033283836683329605,0.75473559485737
reference_phi10,inherited_renter,2.1335093008783224,0.0,0.75473559485737
reference_phi10,inherited_renter,2.150739531989202,0.0,0.75473559485737
reference_phi10,inherited_renter,2.167969763100082,0.0,0.75473559485737
reference_phi10,inherited_renter,2.1851999942109623,0.0,0.75473559485737
reference_phi10,inherited_renter,2.2558139534883717,0.00286001697658805,0.7647697858560029
reference_phi10,inherited_renter,2.273044184599252,0.0,0.7647697858560029
reference_phi10,inherited_renter,2.2902744157101327,0.0,0.7647697858560029
reference_phi10,inherited_renter,2.307504646821012,0.0,0.7647697858560029
reference_phi10,inherited_renter,2.324734877931893,0.0,0.7647697858560029
reference_phi10,inherited_renter,2.395348837209302,0.00238045298072502,0.773121456516488
reference_phi10,inherited_renter,2.4125790683201824,0.0,0.773121456516488
reference_phi10,inherited_renter,2.4298092994310623,0.0,0.773121456516488
reference_phi10,inherited_renter,2.4470395305419426,0.0,0.773121456516488
reference_phi10,inherited_renter,2.464269761652823,0.0,0.773121456516488
reference_phi10,inherited_renter,2.5348837209302326,0.002511216827217108,0.7819319039682154
reference_phi10,inherited_renter,2.552113952041113,0.0,0.7819319039682154
reference_phi10,inherited_renter,2.5693441831519928,0.0,0.7819319039682154
reference_phi10,inherited_renter,2.5865744142628726,0.0,0.7819319039682154
reference_phi10,inherited_renter,2.603804645373753,0.0,0.7819319039682154
reference_phi10,inherited_renter,2.674418604651163,0.00215771678189173,0.7895021185815169
reference_phi10,inherited_renter,2.6916488357620434,0.0,0.7895021185815169
reference_phi10,inherited_renter,2.7088790668729232,0.0,0.7895021185815169
reference_phi10,inherited_renter,2.726109297983803,0.0,0.7895021185815169
reference_phi10,inherited_renter,2.7433395290946834,0.0,0.7895021185815169
reference_phi10,inherited_renter,2.7605697602055637,0.0,0.7895021185815169
reference_phi10,inherited_renter,2.8139534883720927,0.002161423557847235,0.7970853381868276
reference_phi10,inherited_renter,2.831183719482973,0.0,0.7970853381868276
reference_phi10,inherited_renter,2.848413950593853,0.0,0.7970853381868276
reference_phi10,inherited_renter,2.865644181704733,0.0,0.7970853381868276
reference_phi10,inherited_renter,2.8828744128156134,0.0,0.7970853381868276
reference_phi10,inherited_renter,2.900104643926494,0.0,0.7970853381868276
reference_phi10,inherited_renter,2.953488372093023,0.001935846009914987,0.803877133049039
reference_phi10,inherited_renter,2.9707186032039035,0.0,0.803877133049039
reference_phi10,inherited_renter,2.9879488343147833,0.0,0.803877133049039
reference_phi10,inherited_renter,3.005179065425663,0.0,0.803877133049039
reference_phi10,inherited_renter,3.0224092965365434,0.0,0.803877133049039
reference_phi10,inherited_renter,3.0396395276474237,0.0,0.803877133049039
reference_phi10,inherited_renter,3.0930232558139537,0.001699435452052708,0.8098394962291653
reference_phi10,inherited_renter,3.1042279040822254,0.0,0.8098394962291653
reference_phi10,inherited_renter,3.110253486924834,0.0,0.8098394962291653
reference_phi10,inherited_renter,3.1447139491465936,0.0,0.8098394962291653
reference_phi10,inherited_renter,3.161944180257474,0.0,0.8098394962291653
reference_phi10,inherited_renter,3.179174411368354,0.0,0.8098394962291653
reference_phi10,inherited_renter,3.232558139534884,0.0016041769272941036,0.8154676508225944
reference_phi10,inherited_renter,3.2497883706457635,0.0,0.8154676508225944
reference_phi10,inherited_renter,3.2670186017566443,0.0,0.8154676508225944
reference_phi10,inherited_renter,3.2842488328675237,0.0,0.8154676508225944
reference_phi10,inherited_renter,3.3014790639784044,0.0,0.8154676508225944
reference_phi10,inherited_renter,3.3187092950892847,0.0,0.8154676508225944
reference_phi10,inherited_renter,3.3720930232558146,0.0015309579750384442,0.8208389212934231
reference_phi10,inherited_renter,3.389323254366694,0.0,0.8208389212934231
reference_phi10,inherited_renter,3.406553485477574,0.0,0.8208389212934231
reference_phi10,inherited_renter,3.423783716588454,0.0,0.8208389212934231
reference_phi10,inherited_renter,3.4410139476993344,0.0,0.8208389212934231
reference_phi10,inherited_renter,3.458244178810215,0.0,0.8208389212934231
reference_phi10,inherited_renter,3.5116279069767433,0.0015098089915858111,0.8261359918762343
reference_phi10,inherited_renter,3.5288581380876245,0.0,0.8261359918762343
reference_phi10,inherited_renter,3.5460883691985043,0.0,0.8261359918762343
reference_phi10,inherited_renter,3.563318600309384,0.0,0.8261359918762343
reference_phi10,inherited_renter,3.5805488314202645,0.0,0.8261359918762343
reference_phi10,inherited_renter,3.5977790625311448,0.0,0.8261359918762343
reference_phi10,inherited_renter,3.651162790697674,0.001490613478543105,0.8313657161999974
reference_phi10,inherited_renter,3.668393021808555,0.0,0.8313657161999974
reference_phi10,inherited_renter,3.685623252919435,0.0,0.8313657161999974
reference_phi10,inherited_renter,3.7028534840303147,0.0,0.8313657161999974
reference_phi10,inherited_renter,3.720083715141195,0.0,0.8313657161999974
reference_phi10,inherited_renter,3.7373139462520752,0.0,0.8313657161999974
reference_phi10,inherited_renter,3.7906976744186043,0.0014448422162339862,0.8364348549076548
reference_phi10,inherited_renter,3.8079279055294846,0.0,0.8364348549076548
reference_phi10,inherited_renter,3.8251581366403644,0.0,0.8364348549076548
reference_phi10,inherited_renter,3.842388367751245,0.0,0.8364348549076548
reference_phi10,inherited_renter,3.859618598862125,0.0,0.8364348549076548
reference_phi10,inherited_renter,3.8768488299730057,0.0,0.8364348549076548
reference_phi10,inherited_renter,3.9302325581395348,0.0013280552757198836,0.8410942539260526
reference_phi10,inherited_renter,3.947462789250415,0.0,0.8410942539260526
reference_phi10,inherited_renter,3.964693020361295,0.0,0.8410942539260526
reference_phi10,inherited_renter,3.9819232514721747,0.0,0.8410942539260526
reference_phi10,inherited_renter,3.9991534825830555,0.0,0.8410942539260526
reference_phi10,inherited_renter,4.016383713693935,0.0,0.8410942539260526
reference_phi10,inherited_renter,4.069767441860465,0.0014114832477905895,0.8460463547756769
reference_phi10,inherited_renter,4.0869976729713455,0.0,0.8460463547756769
reference_phi10,inherited_renter,4.104227904082226,0.0,0.8460463547756769
reference_phi10,inherited_renter,4.121458135193105,0.0,0.8460463547756769
reference_phi10,inherited_renter,4.1386883663039855,0.0,0.8460463547756769
reference_phi10,inherited_renter,4.155918597414866,0.0,0.8460463547756769
reference_phi10,inherited_renter,4.209302325581396,0.001353128681851103,0.8507937222740405
reference_phi10,inherited_renter,4.226532556692276,0.0,0.8507937222740405
reference_phi10,inherited_renter,4.243762787803156,0.0,0.8507937222740405
reference_phi10,inherited_renter,4.260993018914036,0.0,0.8507937222740405
reference_phi10,inherited_renter,4.278223250024916,0.0,0.8507937222740405
reference_phi10,inherited_renter,4.295453481135796,0.0,0.8507937222740405
reference_phi10,inherited_renter,4.348837209302326,0.0011132681785925782,0.8546995541722919
reference_phi10,inherited_renter,4.366067440413206,0.0,0.8546995541722919
reference_phi10,inherited_renter,4.383297671524085,0.0,0.8546995541722919
reference_phi10,inherited_renter,4.400527902634965,0.0,0.8546995541722919
reference_phi10,inherited_renter,4.417758133745846,0.0,0.8546995541722919
reference_phi10,inherited_renter,4.434988364856727,0.0,0.8546995541722919
reference_phi10,inherited_renter,4.488372093023255,0.0014743996972393912,0.8598723934566503
reference_phi10,inherited_renter,4.505602324134136,0.0,0.8598723934566503
reference_phi10,inherited_renter,4.5228325552450155,0.0,0.8598723934566503
reference_phi10,inherited_renter,4.540062786355896,0.0,0.8598723934566503
reference_phi10,inherited_renter,4.557293017466776,0.0,0.8598723934566503
reference_phi10,inherited_renter,4.574523248577656,0.0,0.8598723934566503
reference_phi10,inherited_renter,4.627906976744185,0.0011932759687175712,0.864058927691309
reference_phi10,inherited_renter,4.645137207855067,0.0,0.864058927691309
reference_phi10,inherited_renter,4.656341856123338,0.0,0.864058927691309
reference_phi10,inherited_renter,4.662367438965946,0.0,0.864058927691309
reference_phi10,inherited_renter,4.6968279011877065,0.0,0.864058927691309
reference_phi10,inherited_renter,4.714058132298587,0.0,0.864058927691309
reference_phi10,inherited_renter,4.767441860465116,0.0012624655446269125,0.8684882092332291
reference_phi10,inherited_renter,4.784672091575997,0.0,0.8684882092332291
reference_phi10,inherited_renter,4.8019023226868764,0.0,0.8684882092332291
reference_phi10,inherited_renter,4.819132553797757,0.0,0.8684882092332291
reference_phi10,inherited_renter,4.836362784908637,0.0,0.8684882092332291
reference_phi10,inherited_renter,4.853593016019517,0.0,0.8684882092332291
reference_phi10,inherited_renter,4.906976744186046,0.001075214123548476,0.872260530855244
reference_phi10,inherited_renter,4.9242069752969275,0.0,0.872260530855244
reference_phi10,inherited_renter,4.941437206407807,0.0,0.872260530855244
reference_phi10,inherited_renter,4.958667437518686,0.0,0.872260530855244
reference_phi10,inherited_renter,4.9758976686295675,0.0,0.872260530855244
reference_phi10,inherited_renter,4.993127899740447,0.0,0.872260530855244
reference_phi10,inherited_renter,5.046511627906977,0.0010510769123626721,0.8759481685788083
reference_phi10,inherited_renter,5.063741859017856,0.0,0.8759481685788083
reference_phi10,inherited_renter,5.080972090128737,0.0,0.8759481685788083
reference_phi10,inherited_renter,5.098202321239617,0.0,0.8759481685788083
reference_phi10,inherited_renter,5.115432552350497,0.0,0.8759481685788083
reference_phi10,inherited_renter,5.132662783461377,0.0,0.8759481685788083
reference_phi10,inherited_renter,5.186046511627907,0.0012097653244374858,0.8801925546885058
reference_phi10,inherited_renter,5.203276742738787,0.0,0.8801925546885058
reference_phi10,inherited_renter,5.220506973849668,0.0,0.8801925546885058
reference_phi10,inherited_renter,5.237737204960547,0.0,0.8801925546885058
reference_phi10,inherited_renter,5.254967436071428,0.0,0.8801925546885058
reference_phi10,inherited_renter,5.272197667182308,0.0,0.8801925546885058
reference_phi10,inherited_renter,5.325581395348838,0.0007696218038593056,0.8828927247363946
reference_phi10,inherited_renter,5.342811626459717,0.0,0.8828927247363946
reference_phi10,inherited_renter,5.360041857570597,0.0,0.8828927247363946
reference_phi10,inherited_renter,5.377272088681477,0.0,0.8828927247363946
reference_phi10,inherited_renter,5.394502319792358,0.0,0.8828927247363946
reference_phi10,inherited_renter,5.411732550903238,0.0,0.8828927247363946
reference_phi10,inherited_renter,5.4651162790697665,0.0009380268895987156,0.886183733513313
reference_phi10,inherited_renter,5.482346510180648,0.0,0.886183733513313
reference_phi10,inherited_renter,5.499576741291527,0.0,0.886183733513313
reference_phi10,inherited_renter,5.516806972402407,0.0,0.886183733513313
reference_phi10,inherited_renter,5.534037203513288,0.0,0.886183733513313
reference_phi10,inherited_renter,5.551267434624169,0.0,0.886183733513313
reference_phi10,inherited_renter,5.604651162790697,0.0011391757122811695,0.890180460375987
reference_phi10,inherited_renter,5.621881393901578,0.0,0.890180460375987
reference_phi10,inherited_renter,5.6391116250124576,0.0,0.890180460375987
reference_phi10,inherited_renter,5.656341856123338,0.0,0.890180460375987
reference_phi10,inherited_renter,5.673572087234218,0.0,0.890180460375987
reference_phi10,inherited_renter,5.690802318345098,0.0,0.890180460375987
reference_phi10,inherited_renter,5.7441860465116275,0.0012073660621977494,0.8944164288239128
reference_phi10,inherited_renter,5.761416277622509,0.0,0.8944164288239128
reference_phi10,inherited_renter,5.778646508733388,0.0,0.8944164288239128
reference_phi10,inherited_renter,5.795876739844268,0.0,0.8944164288239128
reference_phi10,inherited_renter,5.813106970955149,0.0,0.8944164288239128
reference_phi10,inherited_renter,5.830337202066029,0.0,0.8944164288239128
reference_phi10,inherited_renter,5.900951161343439,0.0,0.8944164288239128
reference_phi10,inherited_renter,5.9181813924543185,0.0,0.8944164288239128
reference_phi10,inherited_renter,5.935411623565198,0.0,0.8944164288239128
reference_phi10,inherited_renter,5.952641854676078,0.0,0.8944164288239128
reference_phi10,inherited_renter,5.9698720857869585,0.0,0.8944164288239128
reference_phi10,inherited_renter,6.023255813953488,0.0017826773745623103,0.9006708410919966
reference_phi10,inherited_renter,6.040486045064368,0.0,0.9006708410919966
reference_phi10,inherited_renter,6.057716276175249,0.0,0.9006708410919966
reference_phi10,inherited_renter,6.074946507286128,0.0,0.9006708410919966
reference_phi10,inherited_renter,6.092176738397009,0.0,0.9006708410919966
reference_phi10,inherited_renter,6.109406969507889,0.0,0.9006708410919966
reference_phi10,inherited_renter,6.180020928785298,0.0,0.9006708410919966
reference_phi10,inherited_renter,6.1972511598961795,0.0,0.9006708410919966
reference_phi10,inherited_renter,6.208455808164451,0.0,0.9006708410919966
reference_phi10,inherited_renter,6.214481391007059,0.0,0.9006708410919966
reference_phi10,inherited_renter,6.2489418532288195,0.0,0.9006708410919966
reference_phi10,inherited_renter,6.302325581395349,0.0017449371807330186,0.9067928442463202
reference_phi10,inherited_renter,6.319555812506229,0.0,0.9067928442463202
reference_phi10,inherited_renter,6.33678604361711,0.0,0.9067928442463202
reference_phi10,inherited_renter,6.3540162747279885,0.0,0.9067928442463202
reference_phi10,inherited_renter,6.37124650583887,0.0,0.9067928442463202
reference_phi10,inherited_renter,6.38847673694975,0.0,0.9067928442463202
reference_phi10,inherited_renter,6.459090696227159,0.0,0.9067928442463202
reference_phi10,inherited_renter,6.47632092733804,0.0,0.9067928442463202
reference_phi10,inherited_renter,6.493551158448919,0.0,0.9067928442463202
reference_phi10,inherited_renter,6.510781389559799,0.0,0.9067928442463202
reference_phi10,inherited_renter,6.52801162067068,0.0,0.9067928442463202
reference_phi10,inherited_renter,6.581395348837209,0.001324701178554676,0.9114404756242251
reference_phi10,inherited_renter,6.59862557994809,0.0,0.9114404756242251
reference_phi10,inherited_renter,6.615855811058969,0.0,0.9114404756242251
reference_phi10,inherited_renter,6.633086042169849,0.0,0.9114404756242251
reference_phi10,inherited_renter,6.65031627328073,0.0,0.9114404756242251
reference_phi10,inherited_renter,6.66754650439161,0.0,0.9114404756242251
reference_phi10,inherited_renter,6.73816046366902,0.0,0.9114404756242251
reference_phi10,inherited_renter,6.7553906947799,0.0,0.9114404756242251
reference_phi10,inherited_renter,6.77262092589078,0.0,0.9114404756242251
reference_phi10,inherited_renter,6.78985115700166,0.0,0.9114404756242251
reference_phi10,inherited_renter,6.8070813881125405,0.0,0.9114404756242251
reference_phi10,inherited_renter,6.8604651162790695,0.002314285411341571,0.9195600014986675
reference_phi10,inherited_renter,6.877695347389951,0.0,0.9195600014986675
reference_phi10,inherited_renter,6.89492557850083,0.0,0.9195600014986675
reference_phi10,inherited_renter,6.9121558096117095,0.0,0.9195600014986675
reference_phi10,inherited_renter,6.92938604072259,0.0,0.9195600014986675
reference_phi10,inherited_renter,6.946616271833471,0.0,0.9195600014986675
reference_phi10,inherited_renter,7.017230231110879,0.0,0.9195600014986675
reference_phi10,inherited_renter,7.034460462221761,0.0,0.9195600014986675
reference_phi10,inherited_renter,7.05169069333264,0.0,0.9195600014986675
reference_phi10,inherited_renter,7.06892092444352,0.0,0.9195600014986675
reference_phi10,inherited_renter,7.086151155554401,0.0,0.9195600014986675
reference_phi10,inherited_renter,7.15676511483181,0.0,0.9195600014986675
reference_phi10,inherited_renter,7.173995345942691,0.0,0.9195600014986675
reference_phi10,inherited_renter,7.1912255770535705,0.0,0.9195600014986675
reference_phi10,inherited_renter,7.208455808164451,0.0,0.9195600014986675
reference_phi10,inherited_renter,7.225686039275331,0.0,0.9195600014986675
reference_phi10,inherited_renter,7.29629999855274,0.0,0.9195600014986675
reference_phi10,inherited_renter,7.3135302296636215,0.0,0.9195600014986675
reference_phi10,inherited_renter,7.330760460774501,0.0,0.9195600014986675
reference_phi10,inherited_renter,7.347990691885381,0.0,0.9195600014986675
reference_phi10,inherited_renter,7.3652209229962615,0.0,0.9195600014986675
reference_phi10,inherited_renter,7.453065113384552,0.0,0.9195600014986675
reference_phi10,inherited_renter,7.4702953444954305,0.0,0.9195600014986675
reference_phi10,inherited_renter,7.487525575606311,0.0,0.9195600014986675
reference_phi10,inherited_renter,7.504755806717191,0.0,0.9195600014986675
reference_phi10,inherited_renter,7.571428571428571,0.0027816652838510074,0.929319300475181
reference_phi10,inherited_renter,7.575369765994601,0.0,0.929319300475181
reference_phi10,inherited_renter,7.592599997105481,0.0,0.929319300475181
reference_phi10,inherited_renter,7.609830228216361,0.0,0.929319300475181
reference_phi10,inherited_renter,7.627060459327241,0.0,0.929319300475181
reference_phi10,inherited_renter,7.644290690438122,0.0,0.929319300475181
reference_phi10,inherited_renter,7.732134880826411,0.0,0.929319300475181
reference_phi10,inherited_renter,7.7493651119372915,0.0,0.929319300475181
reference_phi10,inherited_renter,7.760569760205564,0.0,0.929319300475181
reference_phi10,inherited_renter,7.766595343048172,0.0,0.929319300475181
reference_phi10,inherited_renter,7.854439533436462,0.0,0.929319300475181
reference_phi10,inherited_renter,7.871669764547342,0.0,0.929319300475181
reference_phi10,inherited_renter,7.888899995658222,0.0,0.929319300475181
reference_phi10,inherited_renter,7.906130226769101,0.0,0.929319300475181
reference_phi10,inherited_renter,7.9233604578799826,0.0,0.929319300475181
reference_phi10,inherited_renter,8.011204648268272,0.0,0.929319300475181
reference_phi10,inherited_renter,8.028434879379152,0.0,0.929319300475181
reference_phi10,inherited_renter,8.045665110490031,0.0,0.929319300475181
reference_phi10,inherited_renter,8.062895341600912,0.0,0.929319300475181
reference_phi10,inherited_renter,8.133509300878321,0.0,0.929319300475181
reference_phi10,inherited_renter,8.142857142857142,0.002801245562657833,0.9391472956374034
reference_phi10,inherited_renter,8.150739531989203,0.0,0.9391472956374034
reference_phi10,inherited_renter,8.167969763100082,0.0,0.9391472956374034
reference_phi10,inherited_renter,8.185199994210961,0.0,0.9391472956374034
reference_phi10,inherited_renter,8.202430225321843,0.0,0.9391472956374034
reference_phi10,inherited_renter,8.290274415710133,0.0,0.9391472956374034
reference_phi10,inherited_renter,8.307504646821013,0.0,0.9391472956374034
reference_phi10,inherited_renter,8.324734877931892,0.0,0.9391472956374034
reference_phi10,inherited_renter,8.341965109042773,0.0,0.9391472956374034
reference_phi10,inherited_renter,8.412579068320182,0.0,0.9391472956374034
reference_phi10,inherited_renter,8.429809299431064,0.0,0.9391472956374034
reference_phi10,inherited_renter,8.447039530541943,0.0,0.9391472956374034
reference_phi10,inherited_renter,8.464269761652822,0.0,0.9391472956374034
reference_phi10,inherited_renter,8.481499992763702,0.0,0.9391472956374034
reference_phi10,inherited_renter,8.569344183151992,0.0,0.9391472956374034
reference_phi10,inherited_renter,8.586574414262873,0.0,0.9391472956374034
reference_phi10,inherited_renter,8.603804645373753,0.0,0.9391472956374034
reference_phi10,inherited_renter,8.621034876484632,0.0,0.9391472956374034
reference_phi10,inherited_renter,8.708879066872923,0.0,0.9391472956374034
reference_phi10,inherited_renter,8.726109297983804,0.0,0.9391472956374034
reference_phi10,inherited_renter,8.743339529094683,0.0,0.9391472956374034
reference_phi10,inherited_renter,8.760569760205563,0.0,0.9391472956374034
reference_phi10,inherited_renter,8.848413950593853,0.0,0.9391472956374034
reference_phi10,inherited_renter,8.865644181704734,0.0,0.9391472956374034
reference_phi10,inherited_renter,8.882874412815614,0.0,0.9391472956374034
reference_phi10,inherited_renter,8.900104643926493,0.0,0.9391472956374034
reference_phi10,inherited_renter,9.005179065425665,0.0,0.9391472956374034
reference_phi10,inherited_renter,9.022409296536544,0.0,0.9391472956374034
reference_phi10,inherited_renter,9.039639527647424,0.0,0.9391472956374034
reference_phi10,inherited_renter,9.123542523469684,0.0,0.9391472956374034
reference_phi10,inherited_renter,9.127483718035714,0.0,0.9391472956374034
reference_phi10,inherited_renter,9.144713949146592,0.0,0.9391472956374034
reference_phi10,inherited_renter,9.161944180257475,0.0,0.9391472956374034
reference_phi10,inherited_renter,9.179174411368354,0.0,0.9391472956374034
reference_phi10,inherited_renter,9.284248832867522,0.0,0.9391472956374034
reference_phi10,inherited_renter,9.285714285714285,0.0038390667420022317,0.9526164216115107
reference_phi10,inherited_renter,9.301479063978405,0.0,0.9526164216115107
reference_phi10,inherited_renter,9.318709295089285,0.0,0.9526164216115107
reference_phi10,inherited_renter,9.406553485477575,0.0,0.9526164216115107
reference_phi10,inherited_renter,9.423783716588453,0.0,0.9526164216115107
reference_phi10,inherited_renter,9.441013947699336,0.0,0.9526164216115107
reference_phi10,inherited_renter,9.458244178810215,0.0,0.9526164216115107
reference_phi10,inherited_renter,9.563318600309383,0.0,0.9526164216115107
reference_phi10,inherited_renter,9.580548831420266,0.0,0.9526164216115107
reference_phi10,inherited_renter,9.597779062531146,0.0,0.9526164216115107
reference_phi10,inherited_renter,9.685623252919434,0.0,0.9526164216115107
reference_phi10,inherited_renter,9.694971094898255,0.0,0.9526164216115107
reference_phi10,inherited_renter,9.702853484030314,0.0,0.9526164216115107
reference_phi10,inherited_renter,9.720083715141193,0.0,0.9526164216115107
reference_phi10,inherited_renter,9.737313946252076,0.0,0.9526164216115107
reference_phi10,inherited_renter,9.842388367751244,0.0,0.9526164216115107
reference_phi10,inherited_renter,9.859618598862124,0.0,0.9526164216115107
reference_phi10,inherited_renter,9.876848829973007,0.0,0.9526164216115107
reference_phi10,inherited_renter,9.964693020361295,0.0,0.9526164216115107
reference_phi10,inherited_renter,9.981923251472175,0.0,0.9526164216115107
reference_phi10,inherited_renter,9.999153482583054,0.0,0.9526164216115107
reference_phi10,inherited_renter,10.016383713693935,0.0,0.9526164216115107
reference_phi10,inherited_renter,10.121458135193105,0.0,0.9526164216115107
reference_phi10,inherited_renter,10.138688366303985,0.0,0.9526164216115107
reference_phi10,inherited_renter,10.155918597414866,0.0,0.9526164216115107
reference_phi10,inherited_renter,10.260993018914036,0.0,0.9526164216115107
reference_phi10,inherited_renter,10.278223250024915,0.0,0.9526164216115107
reference_phi10,inherited_renter,10.295453481135796,0.0,0.9526164216115107
reference_phi10,inherited_renter,10.400527902634966,0.0,0.9526164216115107
reference_phi10,inherited_renter,10.417758133745846,0.0,0.9526164216115107
reference_phi10,inherited_renter,10.434988364856727,0.0,0.9526164216115107
reference_phi10,inherited_renter,10.557293017466776,0.0,0.9526164216115107
reference_phi10,inherited_renter,10.574523248577655,0.0,0.9526164216115107
reference_phi10,inherited_renter,10.675656475510797,0.0,0.9526164216115107
reference_phi10,inherited_renter,10.679597670076827,0.0,0.9526164216115107
reference_phi10,inherited_renter,10.696827901187707,0.0,0.9526164216115107
reference_phi10,inherited_renter,10.714058132298586,0.0,0.9526164216115107
reference_phi10,inherited_renter,10.836362784908637,0.0,0.9526164216115107
reference_phi10,inherited_renter,10.837828237755398,0.0,0.9526164216115107
reference_phi10,inherited_renter,10.853593016019516,0.0,0.9526164216115107
reference_phi10,inherited_renter,10.958667437518688,0.0,0.9526164216115107
reference_phi10,inherited_renter,10.975897668629568,0.0,0.9526164216115107
reference_phi10,inherited_renter,10.993127899740447,0.0,0.9526164216115107
reference_phi10,inherited_renter,11.0,0.002528983662264919,0.9614892028947398
reference_phi10,inherited_renter,11.115432552350498,0.0,0.9614892028947398
reference_phi10,inherited_renter,11.132662783461377,0.0,0.9614892028947398
reference_phi10,inherited_renter,11.237737204960546,0.0,0.9614892028947398
reference_phi10,inherited_renter,11.247085046939368,0.0,0.9614892028947398
reference_phi10,inherited_renter,11.254967436071428,0.0,0.9614892028947398
reference_phi10,inherited_renter,11.272197667182308,0.0,0.9614892028947398
reference_phi10,inherited_renter,11.394502319792359,0.0,0.9614892028947398
reference_phi10,inherited_renter,11.411732550903238,0.0,0.9614892028947398
reference_phi10,inherited_renter,11.516806972402406,0.0,0.9614892028947398
reference_phi10,inherited_renter,11.53403720351329,0.0,0.9614892028947398
reference_phi10,inherited_renter,11.551267434624169,0.0,0.9614892028947398
reference_phi10,inherited_renter,11.571428571428571,0.001781976419225824,0.9677411559047893
reference_phi10,inherited_renter,11.673572087234216,0.0,0.9677411559047893
reference_phi10,inherited_renter,11.6908023183451,0.0,0.9677411559047893
reference_phi10,inherited_renter,11.813106970955147,0.0,0.9677411559047893
reference_phi10,inherited_renter,11.83033720206603,0.0,0.9677411559047893
reference_phi10,inherited_renter,11.952641854676077,0.0,0.9677411559047893
reference_phi10,inherited_renter,11.96987208578696,0.0,0.9677411559047893
reference_phi10,inherited_renter,12.10940696950789,0.0,0.9677411559047893
reference_phi10,inherited_renter,12.22777042755191,0.0,0.9677411559047893
reference_phi10,inherited_renter,12.231711622117938,0.0,0.9677411559047893
reference_phi10,inherited_renter,12.248941853228818,0.0,0.9677411559047893
reference_phi10,inherited_renter,12.388476736949748,0.0,0.9677411559047893
reference_phi10,inherited_renter,12.38994218979651,0.0,0.9677411559047893
reference_phi10,inherited_renter,12.5107813895598,0.0,0.9677411559047893
reference_phi10,inherited_renter,12.528011620670679,0.0,0.9677411559047893
reference_phi10,inherited_renter,12.552113952041113,0.0,0.9677411559047893
reference_phi10,inherited_renter,12.66754650439161,0.0,0.9677411559047893
reference_phi10,inherited_renter,12.78985115700166,0.0,0.9677411559047893
reference_phi10,inherited_renter,12.79919899898048,0.0,0.9677411559047893
reference_phi10,inherited_renter,12.80708138811254,0.0,0.9677411559047893
reference_phi10,inherited_renter,12.94661627183347,0.0,0.9677411559047893
reference_phi10,inherited_renter,13.068920924443521,0.0,0.9677411559047893
reference_phi10,inherited_renter,13.0861511555544,0.0,0.9677411559047893
reference_phi10,inherited_renter,13.123542523469684,0.0,0.9677411559047893
reference_phi10,inherited_renter,13.225686039275331,0.0,0.9677411559047893
reference_phi10,inherited_renter,13.285714285714285,0.0022387111956901525,0.9755955343620568
reference_phi10,inherited_renter,13.365220922996262,0.0,0.9755955343620568
reference_phi10,inherited_renter,13.504755806717192,0.0,0.9755955343620568
reference_phi10,inherited_renter,13.779884379593021,0.0,0.9755955343620568
reference_phi10,inherited_renter,13.783825574159053,0.0,0.9755955343620568
reference_phi10,inherited_renter,13.942056141837622,0.0,0.9755955343620568
reference_phi10,inherited_renter,14.062895341600914,0.0,0.9755955343620568
reference_phi10,inherited_renter,14.104227904082226,0.0,0.9755955343620568
reference_phi10,inherited_renter,14.341965109042771,0.0,0.9755955343620568
reference_phi10,inherited_renter,14.351312951021594,0.0,0.9755955343620568
reference_phi10,inherited_renter,14.621034876484632,0.0,0.9755955343620568
reference_phi10,inherited_renter,14.675656475510797,0.0,0.9755955343620568
reference_phi10,inherited_renter,14.837828237755398,0.0,0.9755955343620568
reference_phi10,inherited_renter,15.331998331634136,0.0,0.9755955343620568
reference_phi10,inherited_renter,15.474341649025257,0.002288089147429066,0.9836231522801127
reference_phi10,inherited_renter,15.494170093878736,0.0,0.9836231522801127
reference_phi10,inherited_renter,15.656341856123337,0.0,0.9836231522801127
reference_phi10,inherited_renter,15.903426903062705,0.0,0.9836231522801127
reference_phi10,inherited_renter,16.22777042755191,0.0,0.9836231522801127
reference_phi10,inherited_renter,16.38994218979651,0.0,0.9836231522801127
reference_phi10,inherited_renter,17.02645560106637,0.0,0.9836231522801127
reference_phi10,inherited_renter,17.046284045919847,0.0,0.9836231522801127
reference_phi10,inherited_renter,17.20845580816445,0.0,0.9836231522801127
reference_phi10,inherited_renter,17.77988437959302,0.0,0.9836231522801127
reference_phi10,inherited_renter,17.94205614183762,0.0,0.9836231522801127
reference_phi10,inherited_renter,18.57856955310748,0.0,0.9836231522801127
reference_phi10,inherited_renter,18.760569760205563,0.0,0.9836231522801127
reference_phi10,inherited_renter,18.794733192202056,0.001774797399550765,0.9898499181478506
reference_phi10,inherited_renter,19.331998331634136,0.0,0.9898499181478506
reference_phi10,inherited_renter,19.494170093878736,0.0,0.9898499181478506
reference_phi10,inherited_renter,20.130683505148596,0.0,0.9898499181478506
reference_phi10,inherited_renter,20.346847144243167,0.0,0.9898499181478506
reference_phi10,inherited_renter,21.046284045919847,0.0,0.9898499181478506
reference_phi10,inherited_renter,21.682797457189707,0.0,0.9898499181478506
reference_phi10,inherited_renter,21.898961096284282,0.0,0.9898499181478506
reference_phi10,inherited_renter,21.97137002317335,0.0011200175312972439,0.993779429728674
reference_phi10,inherited_renter,23.234911409230822,0.0,0.993779429728674
reference_phi10,inherited_renter,23.451075048325393,0.0,0.993779429728674
reference_phi10,inherited_renter,23.52348397521446,0.0,0.993779429728674
reference_phi10,inherited_renter,25.003189000366508,0.0,0.993779429728674
reference_phi10,inherited_renter,25.075597927255576,0.0,0.993779429728674
reference_phi10,inherited_renter,25.733126291998992,0.0009833441703943277,0.997229431355902
reference_phi10,inherited_renter,26.55530295240762,0.0,0.997229431355902
reference_phi10,inherited_renter,26.627711879296687,0.0,0.997229431355902
reference_phi10,inherited_renter,27.285240244040104,0.0,0.997229431355902
reference_phi10,inherited_renter,28.1798258313378,0.0,0.997229431355902
reference_phi10,inherited_renter,28.83735419608122,0.0,0.997229431355902
reference_phi10,inherited_renter,29.731939783378913,0.0,0.997229431355902
reference_phi10,inherited_renter,30.38946814812233,0.0,0.997229431355902
reference_phi10,inherited_renter,31.941582100163444,0.0,0.997229431355902
reference_phi10,inherited_renter,33.493696052204555,0.0,0.997229431355902
reference_phi10,inherited_renter,33.6605536290589,0.0005093116115229332,0.9990163193463151
reference_phi10,inherited_renter,35.212667581100014,0.0,0.9990163193463151
reference_phi10,inherited_renter,36.764781533141125,0.0,0.9990163193463151
reference_phi10,inherited_renter,38.31689548518224,0.0,0.9990163193463151
reference_phi10,inherited_renter,39.869009437223355,0.0,0.9990163193463151
reference_phi10,inherited_renter,41.421123389264466,0.0,0.9990163193463151
reference_phi10,inherited_renter,42.37612633868264,0.0002055558562403776,0.9997374992341577
reference_phi10,inherited_renter,43.92824029072375,0.0,0.9997374992341577
reference_phi10,inherited_renter,45.48035424276486,0.0,0.9997374992341577
reference_phi10,inherited_renter,47.03246819480598,0.0,0.9997374992341577
reference_phi10,inherited_renter,48.58458214684709,0.0,0.9997374992341577
reference_phi10,inherited_renter,50.1366960988882,0.0,0.9997374992341577
reference_phi10,inherited_renter,53.348382301167675,6.543815029577823e-05,0.9999670848988723
reference_phi10,inherited_renter,54.900496253208786,0.0,0.9999670848988723
reference_phi10,inherited_renter,56.4526102052499,0.0,0.9999670848988723
reference_phi10,inherited_renter,58.004724157291015,0.0,0.9999670848988723
reference_phi10,inherited_renter,59.556838109332126,0.0,0.9999670848988723
reference_phi10,inherited_renter,61.10895206137324,0.0,0.9999670848988723
reference_phi10,inherited_renter,75.35659294528742,8.496225251284414e-06,0.999996893374709
reference_phi10,inherited_renter,76.90870689732853,0.0,0.999996893374709
reference_phi10,inherited_renter,78.46082084936964,0.0,0.999996893374709
reference_phi10,inherited_renter,80.01293480141075,0.0,0.999996893374709
reference_phi10,inherited_renter,81.56504875345186,0.0,0.999996893374709
reference_phi10,inherited_renter,83.11716270549299,0.0,0.999996893374709
reference_phi10,inherited_renter,94.86832980505136,8.473848407237234e-07,0.9999998663715166
reference_phi10,inherited_renter,96.42044375709247,0.0,0.9999998663715166
reference_phi10,inherited_renter,97.97255770913358,0.0,0.9999998663715166
reference_phi10,inherited_renter,99.5246716611747,0.0,0.9999998663715166
reference_phi10,inherited_renter,101.0767856132158,0.0,0.9999998663715166
reference_phi10,inherited_renter,102.62889956525693,0.0,0.9999998663715166
reference_phi10,inherited_renter,119.43215116604912,3.750684876968987e-08,0.9999999979619539
reference_phi10,inherited_renter,120.98426511809024,0.0,0.9999999979619539
reference_phi10,inherited_renter,122.53637907013135,0.0,0.9999999979619539
reference_phi10,inherited_renter,124.08849302217246,0.0,0.9999999979619539
reference_phi10,inherited_renter,125.64060697421357,0.0,0.9999999979619539
reference_phi10,inherited_renter,127.1927209262547,0.0,0.9999999979619539
reference_phi10,inherited_renter,168.70239755710477,5.786366522797893e-10,0.9999999999920645
reference_phi10,inherited_renter,170.25451150914589,0.0,0.9999999999920645
reference_phi10,inherited_renter,171.806625461187,0.0,0.9999999999920645
reference_phi10,inherited_renter,173.3587394132281,0.0,0.9999999999920645
reference_phi10,inherited_renter,174.91085336526922,0.0,0.9999999999920645
reference_phi10,inherited_renter,176.46296731731033,0.0,0.9999999999920645
reference_phi10,inherited_renter,212.38373531524127,2.2599942943571665e-12,0.9999999999999933
reference_phi10,inherited_renter,213.93584926728238,0.0,0.9999999999999933
reference_phi10,inherited_renter,215.4879632193235,0.0,0.9999999999999933
reference_phi10,inherited_renter,217.0400771713646,0.0,0.9999999999999933
reference_phi10,inherited_renter,218.5921911234057,0.0,0.9999999999999933
reference_phi10,inherited_renter,220.14430507544682,0.0,0.9999999999999933
reference_phi10,inherited_renter,267.3752814401236,1.7539338218957373e-15,0.9999999999999996
reference_phi10,inherited_renter,268.9273953921647,0.0,0.9999999999999996
reference_phi10,inherited_renter,270.47950934420584,0.0,0.9999999999999996
reference_phi10,inherited_renter,272.03162329624695,0.0,0.9999999999999996
reference_phi10,inherited_renter,273.58373724828806,0.0,0.9999999999999996
reference_phi10,inherited_renter,275.13585120032917,0.0,0.9999999999999996
reference_phi10,inherited_renter,377.67762353825,1.3122331109793198e-18,0.9999999999999996
reference_phi10,inherited_renter,379.2297374902911,0.0,0.9999999999999996
reference_phi10,inherited_renter,380.7818514423322,0.0,0.9999999999999996
reference_phi10,inherited_renter,382.3339653943733,0.0,0.9999999999999996
reference_phi10,inherited_renter,383.8860793464144,0.0,0.9999999999999996
reference_phi10,inherited_renter,385.43819329845553,0.0,0.9999999999999996
reference_phi10,inherited_renter,475.4679577383344,2.8693373654621217e-23,0.9999999999999996
reference_phi10,inherited_renter,477.0200716903755,0.0,0.9999999999999996
reference_phi10,inherited_renter,478.5721856424166,0.0,0.9999999999999996
reference_phi10,inherited_renter,480.12429959445774,0.0,0.9999999999999996
reference_phi10,inherited_renter,481.67641354649885,0.0,0.9999999999999996
reference_phi10,inherited_renter,483.22852749853996,0.0,0.9999999999999996
reference_phi10,inherited_renter,598.5786944906639,1.4162859876301419e-29,0.9999999999999996
reference_phi10,inherited_renter,600.1308084427051,0.0,0.9999999999999996
reference_phi10,inherited_renter,601.6829223947461,0.0,0.9999999999999996
reference_phi10,inherited_renter,603.2350363467873,0.0,0.9999999999999996
reference_phi10,inherited_renter,604.7871502988284,0.0,0.9999999999999996
reference_phi10,inherited_renter,606.3392642508695,0.0,0.9999999999999996
reference_phi10,inherited_renter,845.5148793793368,2.479050397896546e-35,0.9999999999999996
reference_phi10,inherited_renter,847.066993331378,0.0,0.9999999999999996
reference_phi10,inherited_renter,848.619107283419,0.0,0.9999999999999996
reference_phi10,inherited_renter,850.1712212354602,0.0,0.9999999999999996
reference_phi10,inherited_renter,851.7233351875012,0.0,0.9999999999999996
reference_phi10,inherited_renter,853.2754491395424,0.0,0.9999999999999996
reference_phi10,inherited_renter,1064.4401677007263,0.0,0.9999999999999996
reference_phi10,inherited_renter,1065.9922816527674,0.0,0.9999999999999996
reference_phi10,inherited_renter,1067.5443956048086,0.0,0.9999999999999996
reference_phi10,inherited_renter,1069.0965095568497,0.0,0.9999999999999996
reference_phi10,inherited_renter,1070.6486235088908,0.0,0.9999999999999996
reference_phi10,inherited_renter,1072.2007374609318,0.0,0.9999999999999996
reference_phi10,inherited_renter,1340.0507764528895,0.0,0.9999999999999996
reference_phi10,inherited_renter,1341.6028904049306,0.0,0.9999999999999996
reference_phi10,inherited_renter,1343.1550043569719,0.0,0.9999999999999996
reference_phi10,inherited_renter,1344.707118309013,0.0,0.9999999999999996
reference_phi10,inherited_renter,1346.259232261054,0.0,0.9999999999999996
reference_phi10,inherited_renter,1347.811346213095,0.0,0.9999999999999996
reference_phi10,inherited_renter,1892.8720334405798,0.0,0.9999999999999996
reference_phi10,inherited_renter,1894.4241473926209,0.0,0.9999999999999996
reference_phi10,inherited_renter,1895.9762613446621,0.0,0.9999999999999996
reference_phi10,inherited_renter,1897.5283752967032,0.0,0.9999999999999996
reference_phi10,inherited_renter,1899.0804892487442,0.0,0.9999999999999996
reference_phi10,inherited_renter,1900.6326032007853,0.0,0.9999999999999996
reference_phi10,inherited_renter,2382.984704172845,0.0,0.9999999999999996
reference_phi10,inherited_renter,2384.536818124886,0.0,0.9999999999999996
reference_phi10,inherited_renter,2386.088932076927,0.0,0.9999999999999996
reference_phi10,inherited_renter,2387.641046028968,0.0,0.9999999999999996
reference_phi10,inherited_renter,2389.1931599810096,0.0,0.9999999999999996
reference_phi10,inherited_renter,2390.7452739330506,0.0,0.9999999999999996
reference_phi10,inherited_renter,3000.0,0.0,0.9999999999999996
reference_phi10,inherited_renter,3001.552113952041,0.0,0.9999999999999996
reference_phi10,inherited_renter,3003.104227904082,0.0,0.9999999999999996
reference_phi10,inherited_renter,3004.656341856123,0.0,0.9999999999999996
reference_phi10,inherited_renter,3006.2084558081647,0.0,0.9999999999999996
reference_phi10,inherited_renter,3007.7605697602057,0.0,0.9999999999999996
reference_phi10,inherited_owner,-12.0,0.0,0.0
reference_phi10,inherited_owner,-11.3,0.0,0.0
reference_phi10,inherited_owner,-10.6,0.0,0.0
reference_phi10,inherited_owner,-10.447886047958887,0.0,0.0
reference_phi10,inherited_owner,-9.9,0.0,0.0
reference_phi10,inherited_owner,-9.747886047958888,0.0,0.0
reference_phi10,inherited_owner,-9.2,0.0,0.0
reference_phi10,inherited_owner,-9.047886047958887,0.0,0.0
reference_phi10,inherited_owner,-8.895772095917774,0.0,0.0
reference_phi10,inherited_owner,-8.5,0.0,0.0
reference_phi10,inherited_owner,-8.347886047958887,0.0,0.0
reference_phi10,inherited_owner,-8.195772095917775,0.0,0.0
reference_phi10,inherited_owner,-7.800000000000001,0.0,0.0
reference_phi10,inherited_owner,-7.647886047958886,0.0,0.0
reference_phi10,inherited_owner,-7.495772095917774,0.0,0.0
reference_phi10,inherited_owner,-7.343658143876662,0.0,0.0
reference_phi10,inherited_owner,-7.1000000000000005,0.0,0.0
reference_phi10,inherited_owner,-6.947886047958887,0.0,0.0
reference_phi10,inherited_owner,-6.7957720959177745,0.0,0.0
reference_phi10,inherited_owner,-6.643658143876663,0.0,0.0
reference_phi10,inherited_owner,-6.4,0.0,0.0
reference_phi10,inherited_owner,-6.247886047958888,0.0,0.0
reference_phi10,inherited_owner,-6.0957720959177735,0.0,0.0
reference_phi10,inherited_owner,-5.943658143876662,0.0,0.0
reference_phi10,inherited_owner,-5.791544191835549,0.0,0.0
reference_phi10,inherited_owner,-5.7,0.0,0.0
reference_phi10,inherited_owner,-5.547886047958888,0.0,0.0
reference_phi10,inherited_owner,-5.395772095917774,0.0,0.0
reference_phi10,inherited_owner,-5.2436581438766625,0.0,0.0
reference_phi10,inherited_owner,-5.09154419183555,0.0,0.0
reference_phi10,inherited_owner,-5.0,0.0,0.0
reference_phi10,inherited_owner,-4.8604651162790695,0.0,0.0
reference_phi10,inherited_owner,-4.8478860479588874,0.0,0.0
reference_phi10,inherited_owner,-4.72093023255814,0.0,0.0
reference_phi10,inherited_owner,-4.695772095917775,0.0,0.0
reference_phi10,inherited_owner,-4.5813953488372094,0.0,0.0
reference_phi10,inherited_owner,-4.5436581438766614,0.0,0.0
reference_phi10,inherited_owner,-4.441860465116279,0.0,0.0
reference_phi10,inherited_owner,-4.391544191835549,0.0,0.0
reference_phi10,inherited_owner,-4.3023255813953485,0.0,0.0
reference_phi10,inherited_owner,-4.239430239794436,0.0,0.0
reference_phi10,inherited_owner,-4.162790697674419,0.0,0.0
reference_phi10,inherited_owner,-4.147886047958887,0.0,0.0
reference_phi10,inherited_owner,-4.023255813953488,0.0,0.0
reference_phi10,inherited_owner,-3.995772095917775,0.0,0.0
reference_phi10,inherited_owner,-3.883720930232558,0.0,0.0
reference_phi10,inherited_owner,-3.843658143876662,0.0,0.0
reference_phi10,inherited_owner,-3.744186046511628,0.0,0.0
reference_phi10,inherited_owner,-3.6915441918355496,0.0,0.0
reference_phi10,inherited_owner,-3.604651162790698,0.0,0.0
reference_phi10,inherited_owner,-3.539430239794437,0.0,0.0
reference_phi10,inherited_owner,-3.4651162790697674,0.0,0.0
reference_phi10,inherited_owner,-3.447886047958887,0.0,0.0
reference_phi10,inherited_owner,-3.3255813953488373,0.0,0.0
reference_phi10,inherited_owner,-3.3083511642379566,0.0,0.0
reference_phi10,inherited_owner,-3.295772095917775,0.0,0.0
reference_phi10,inherited_owner,-3.1860465116279073,0.0,0.0
reference_phi10,inherited_owner,-3.168816280517027,0.0,0.0
reference_phi10,inherited_owner,-3.143658143876663,0.0,0.0
reference_phi10,inherited_owner,-3.046511627906977,0.0,0.0
reference_phi10,inherited_owner,-3.0292813967960965,0.0,0.0
reference_phi10,inherited_owner,-2.9915441918355485,0.0,0.0
reference_phi10,inherited_owner,-2.9069767441860463,0.0,0.0
reference_phi10,inherited_owner,-2.889746513075166,0.0,0.0
reference_phi10,inherited_owner,-2.839430239794436,0.0,0.0
reference_phi10,inherited_owner,-2.7674418604651163,0.0,0.0
reference_phi10,inherited_owner,-2.7502116293542356,0.0,0.0
reference_phi10,inherited_owner,-2.6279069767441863,0.0,0.0
reference_phi10,inherited_owner,-2.610676745633306,0.0,0.0
reference_phi10,inherited_owner,-2.595772095917775,0.0,0.0
reference_phi10,inherited_owner,-2.488372093023256,0.0,0.0
reference_phi10,inherited_owner,-2.4711418619123755,0.0,0.0
reference_phi10,inherited_owner,-2.4436581438766627,0.0,0.0
reference_phi10,inherited_owner,-2.3488372093023258,0.0,0.0
reference_phi10,inherited_owner,-2.331606978191445,0.0,0.0
reference_phi10,inherited_owner,-2.2915441918355492,0.0,0.0
reference_phi10,inherited_owner,-2.2093023255813953,0.0,0.0
reference_phi10,inherited_owner,-2.1920720944705154,0.0,0.0
reference_phi10,inherited_owner,-2.1394302397944367,0.0,0.0
reference_phi10,inherited_owner,-2.0697674418604652,0.0,0.0
reference_phi10,inherited_owner,-2.052537210749585,0.0,0.0
reference_phi10,inherited_owner,-1.9302325581395348,0.0,0.0
reference_phi10,inherited_owner,-1.9130023270286547,0.0,0.0
reference_phi10,inherited_owner,-1.8957720959177746,0.0,0.0
reference_phi10,inherited_owner,-1.7906976744186047,0.0,0.0
reference_phi10,inherited_owner,-1.7734674433077247,0.0,0.0
reference_phi10,inherited_owner,-1.7562372121968441,0.0,0.0
reference_phi10,inherited_owner,-1.7436581438766625,0.0,0.0
reference_phi10,inherited_owner,-1.6511627906976747,0.0,0.0
reference_phi10,inherited_owner,-1.6339325595867946,0.0,0.0
reference_phi10,inherited_owner,-1.6167023284759146,0.0,0.0
reference_phi10,inherited_owner,-1.59154419183555,0.0,0.0
reference_phi10,inherited_owner,-1.5116279069767442,0.0,0.0
reference_phi10,inherited_owner,-1.4943976758658641,0.0,0.0
reference_phi10,inherited_owner,-1.477167444754984,0.0,0.0
reference_phi10,inherited_owner,-1.4394302397944356,0.0,0.0
reference_phi10,inherited_owner,-1.3720930232558142,0.0,0.0
reference_phi10,inherited_owner,-1.3548627921449337,0.0,0.0
reference_phi10,inherited_owner,-1.3376325610340536,0.0,0.0
reference_phi10,inherited_owner,-1.2325581395348837,0.0,0.0
reference_phi10,inherited_owner,-1.2153279084240036,0.0,0.0
reference_phi10,inherited_owner,-1.198097677313123,0.0,0.0
reference_phi10,inherited_owner,-1.0930232558139537,0.0,0.0
reference_phi10,inherited_owner,-1.0757930247030736,0.0,0.0
reference_phi10,inherited_owner,-1.0585627935921935,0.0,0.0
reference_phi10,inherited_owner,-1.0436581438766623,0.0,0.0
reference_phi10,inherited_owner,-0.9534883720930232,0.0,0.0
reference_phi10,inherited_owner,-0.9362581409821431,0.0,0.0
reference_phi10,inherited_owner,-0.919027909871263,0.0,0.0
reference_phi10,inherited_owner,-0.8915441918355498,0.0,0.0
reference_phi10,inherited_owner,-0.8139534883720927,0.0,0.0
reference_phi10,inherited_owner,-0.7967232572612131,0.0,0.0
reference_phi10,inherited_owner,-0.7794930261503326,0.0,0.0
reference_phi10,inherited_owner,-0.7394302397944363,0.0,0.0
reference_phi10,inherited_owner,-0.6744186046511631,0.0,0.0
reference_phi10,inherited_owner,-0.6571883735402826,0.0,0.0
reference_phi10,inherited_owner,-0.6399581424294025,0.0,0.0
reference_phi10,inherited_owner,-0.5348837209302326,0.0,0.0
reference_phi10,inherited_owner,-0.5176534898193526,0.0,0.0
reference_phi10,inherited_owner,-0.5004232587084725,0.0,0.0
reference_phi10,inherited_owner,-0.39534883720930214,0.0,0.0
reference_phi10,inherited_owner,-0.37811860609842207,0.0,0.0
reference_phi10,inherited_owner,-0.360888374987542,0.0,0.0
reference_phi10,inherited_owner,-0.34365814387666216,0.0,0.0
reference_phi10,inherited_owner,-0.25581395348837255,0.0,0.0
reference_phi10,inherited_owner,-0.23858372237749204,0.0,0.0
reference_phi10,inherited_owner,-0.22135349126661197,0.0,0.0
reference_phi10,inherited_owner,-0.20412326015573168,0.0,0.0
reference_phi10,inherited_owner,-0.1915441918355496,0.0,0.0
reference_phi10,inherited_owner,-0.11627906976744207,0.0,0.0
reference_phi10,inherited_owner,-0.099048838656562,0.01804134187531819,0.025233604550475828
reference_phi10,inherited_owner,-0.08181860754568193,3.6422162452027475e-06,0.025238698752728293
reference_phi10,inherited_owner,-0.06458837643480209,0.0,0.025238698752728293
reference_phi10,inherited_owner,-0.03943023979443705,0.0,0.025238698752728293
reference_phi10,inherited_owner,0.0,0.0,0.025238698752728293
reference_phi10,inherited_owner,0.04048604506436848,0.029203637778184497,0.0660844990386922
reference_phi10,inherited_owner,0.05771627617524855,5.6020565668557645e-05,0.0661628524566665
reference_phi10,inherited_owner,0.0749465072861284,0.0,0.0661628524566665
reference_phi10,inherited_owner,0.1627906976744189,0.0,0.0661628524566665
reference_phi10,inherited_owner,0.18002092878529852,0.01873244898399918,0.09236307709576982
reference_phi10,inherited_owner,0.19725115989617903,0.0007855160116623108,0.09346174262427305
reference_phi10,inherited_owner,0.21448139100705887,1.2624531577096625e-31,0.09346174262427305
reference_phi10,inherited_owner,0.3023255813953485,0.0,0.09346174262427305
reference_phi10,inherited_owner,0.319555812506229,0.016631677399293547,0.11672371356885157
reference_phi10,inherited_owner,0.33678604361710907,0.0014476567242914275,0.11874848520491163
reference_phi10,inherited_owner,0.35401627472798936,7.355819674115777e-11,0.11874848530779414
reference_phi10,inherited_owner,0.44186046511627897,0.0,0.11874848530779414
reference_phi10,inherited_owner,0.45909069622715903,0.009419556527886829,0.13192319072096106
reference_phi10,inherited_owner,0.4763209273380391,0.0030795226160730575,0.13623037897975368
reference_phi10,inherited_owner,0.49355115844891895,2.8173945149498735e-05,0.1362697845957795
reference_phi10,inherited_owner,0.5084558081644506,2.8813339020968713e-17,0.13626978459577951
reference_phi10,inherited_owner,0.5813953488372094,0.0,0.13626978459577951
reference_phi10,inherited_owner,0.5986255799480895,0.006108972994100296,0.14481412735076898
reference_phi10,inherited_owner,0.6158558110589696,0.004215528834358234,0.1507101958534589
reference_phi10,inherited_owner,0.6330860421698494,0.0003893074801946064,0.1512547025243963
reference_phi10,inherited_owner,0.6605697602055631,4.212508741602275e-21,0.1512547025243963
reference_phi10,inherited_owner,0.720930232558139,0.0,0.1512547025243963
reference_phi10,inherited_owner,0.73816046366902,0.004582985287119695,0.15766471565950782
reference_phi10,inherited_owner,0.7553906947798996,0.005115547723112986,0.16481959965850324
reference_phi10,inherited_owner,0.7726209258907799,0.0011044369217773375,0.16636432536281467
reference_phi10,inherited_owner,0.8604651162790695,0.0,0.16636432536281467
reference_phi10,inherited_owner,0.8776953473899496,0.0031623272482745562,0.17078732869558352
reference_phi10,inherited_owner,0.8949255785008301,0.004184623704245908,0.1766401715980257
reference_phi10,inherited_owner,0.91215580961171,0.002456322529409009,0.18007571823218857
reference_phi10,inherited_owner,1.0,0.0,0.18007571823218857
reference_phi10,inherited_owner,1.01723023111088,0.0023907771293689506,0.18341958949563103
reference_phi10,inherited_owner,1.0344604622217601,0.004822040351194422,0.19016395807915315
reference_phi10,inherited_owner,1.05169069333264,0.0025195434208415777,0.19368792889954137
reference_phi10,inherited_owner,1.1395348837209305,0.0,0.19368792889954137
reference_phi10,inherited_owner,1.1567651148318105,0.0019672025106680013,0.1964393656035268
reference_phi10,inherited_owner,1.1739953459426906,0.005636566582186058,0.2043229749902483
reference_phi10,inherited_owner,1.1912255770535705,0.003271332002911684,0.208898438316938
reference_phi10,inherited_owner,1.2084558081644508,0.00038825739686498985,0.20944147628406898
reference_phi10,inherited_owner,1.27906976744186,0.0,0.20944147628406898
reference_phi10,inherited_owner,1.2962999985527401,0.0013679641546028149,0.2113547855464857
reference_phi10,inherited_owner,1.3135302296636207,0.005128320054041043,0.2185275336239989
reference_phi10,inherited_owner,1.3307604607745005,0.004987222612613109,0.22550293512581487
reference_phi10,inherited_owner,1.3479906918853812,0.0003574555252569519,0.226002891915673
reference_phi10,inherited_owner,1.3605697602055633,4.70827236033668e-05,0.22606874438034982
reference_phi10,inherited_owner,1.4186046511627906,0.0,0.22606874438034982
reference_phi10,inherited_owner,1.4358348822736706,0.0009570650687924641,0.2274073477748136
reference_phi10,inherited_owner,1.4530651133845507,0.0042140166869594495,0.23330130130569338
reference_phi10,inherited_owner,1.4702953444954305,0.004494425568093203,0.23958744998856743
reference_phi10,inherited_owner,1.4875255756063108,0.00047484177403718574,0.24025158958710213
reference_phi10,inherited_owner,1.5521139520411127,0.0007576604404184949,0.2413112947946851
reference_phi10,inherited_owner,1.558139534883721,0.0,0.2413112947946851
reference_phi10,inherited_owner,1.5925999971054812,0.004214915454874381,0.247206505391381
reference_phi10,inherited_owner,1.609830228216361,0.0041953902018583705,0.25307440690448657
reference_phi10,inherited_owner,1.6270604593272413,0.0005693305758760654,0.2538707036937961
reference_phi10,inherited_owner,1.6976744186046506,0.0,0.2538707036937961
reference_phi10,inherited_owner,1.7149046497155316,0.0005969328286185997,0.2547056064989564
reference_phi10,inherited_owner,1.7321348808264112,0.0042242153142831,0.26061382438614744
reference_phi10,inherited_owner,1.7493651119372915,0.004599817962584926,0.26704738061905914
reference_phi10,inherited_owner,1.7665953430481718,0.001523787026077527,0.26917863224662175
reference_phi10,inherited_owner,1.837209302325581,0.0,0.26917863224662175
reference_phi10,inherited_owner,1.8544395334364612,0.00041065398437421715,0.2697529953023406
reference_phi10,inherited_owner,1.8716697645473417,0.004311609360481796,0.2757834472681875
reference_phi10,inherited_owner,1.8888999956582215,0.005167992815615474,0.28301168383341474
reference_phi10,inherited_owner,1.9061302267691023,0.002633014785258446,0.2866943618917283
reference_phi10,inherited_owner,1.9767441860465116,0.0,0.2866943618917283
reference_phi10,inherited_owner,1.9939744171573917,0.00031410924579197697,0.28713369221143176
reference_phi10,inherited_owner,2.0112046482682717,0.004068103432257257,0.29282356350756017
reference_phi10,inherited_owner,2.0284348793791516,0.004971711042208607,0.29977726968115453
reference_phi10,inherited_owner,2.045665110490032,0.0019402262389998305,0.3024909759005549
reference_phi10,inherited_owner,2.0605697602055635,0.0007884630627542934,0.30359376333541954
reference_phi10,inherited_owner,2.116279069767442,0.0,0.30359376333541954
reference_phi10,inherited_owner,2.1335093008783224,0.00024734227751677215,0.3039397097324562
reference_phi10,inherited_owner,2.150739531989202,0.00385774824208949,0.3093353667888392
reference_phi10,inherited_owner,2.167969763100082,0.004401008242536626,0.31549085690609496
reference_phi10,inherited_owner,2.1851999942109623,0.0018377721849808105,0.318061265298672
reference_phi10,inherited_owner,2.2558139534883717,0.0,0.318061265298672
reference_phi10,inherited_owner,2.273044184599252,0.00020116401626792818,0.3183426242614017
reference_phi10,inherited_owner,2.2902744157101327,0.003915411391727659,0.3238189321432699
reference_phi10,inherited_owner,2.307504646821012,0.004107464848391751,0.3295638564624023
reference_phi10,inherited_owner,2.324734877931893,0.0021405872021218403,0.3325577984506115
reference_phi10,inherited_owner,2.395348837209302,0.0,0.3325577984506115
reference_phi10,inherited_owner,2.4125790683201824,0.00015637239329364852,0.3327765094069391
reference_phi10,inherited_owner,2.4298092994310623,0.0036902991076229134,0.3379379629727697
reference_phi10,inherited_owner,2.4470395305419426,0.004130711419853555,0.3437154012143961
reference_phi10,inherited_owner,2.464269761652823,0.003215882261303801,0.34821330950877005
reference_phi10,inherited_owner,2.5348837209302326,0.0,0.34821330950877005
reference_phi10,inherited_owner,2.552113952041113,0.0001214750668226771,0.34838321116132615
reference_phi10,inherited_owner,2.5693441831519928,0.0034460529899346844,0.3532030487880915
reference_phi10,inherited_owner,2.5865744142628726,0.0041201565286441534,0.3589657243833088
reference_phi10,inherited_owner,2.603804645373753,0.003028530944859863,0.36320159291014065
reference_phi10,inherited_owner,2.674418604651163,0.0,0.36320159291014065
reference_phi10,inherited_owner,2.6916488357620434,0.00010546908905834009,0.36334910772938134
reference_phi10,inherited_owner,2.7088790668729232,0.0033610960910993035,0.3680501200046921
reference_phi10,inherited_owner,2.726109297983803,0.003642016738615998,0.37314404321636724
reference_phi10,inherited_owner,2.7433395290946834,0.003009494378482001,0.3773532861633892
reference_phi10,inherited_owner,2.7605697602055637,0.0019834297098019473,0.38012741911296083
reference_phi10,inherited_owner,2.8139534883720927,0.0,0.38012741911296083
reference_phi10,inherited_owner,2.831183719482973,9.350893312675908e-05,0.3802582058059222
reference_phi10,inherited_owner,2.848413950593853,0.0033897724279259352,0.3849993263696541
reference_phi10,inherited_owner,2.865644181704733,0.003641525240293655,0.39009256214497395
reference_phi10,inherited_owner,2.8828744128156134,0.0027575660163225275,0.3939494443468965
reference_phi10,inherited_owner,2.900104643926494,0.0007460996525686289,0.3949929800061769
reference_phi10,inherited_owner,2.953488372093023,0.0,0.3949929800061769
reference_phi10,inherited_owner,2.9707186032039035,7.667540384250095e-05,0.3951002224071402
reference_phi10,inherited_owner,2.9879488343147833,0.0027864248276361207,0.39899746811625175
reference_phi10,inherited_owner,3.005179065425663,0.0036198373660411565,0.4040603700479911
reference_phi10,inherited_owner,3.0224092965365434,0.003614638086169017,0.4091159999833819
reference_phi10,inherited_owner,3.0396395276474237,0.001139457055808862,0.41070970675681573
reference_phi10,inherited_owner,3.0930232558139537,0.0,0.41070970675681573
reference_phi10,inherited_owner,3.1042279040822254,0.0029862989641953777,0.41488650733255855
reference_phi10,inherited_owner,3.110253486924834,6.634850222187987e-05,0.41497930596578403
reference_phi10,inherited_owner,3.1447139491465936,0.0032064117058600876,0.4194639682248802
reference_phi10,inherited_owner,3.161944180257474,0.0032184747939254642,0.4239655025767509
reference_phi10,inherited_owner,3.179174411368354,0.0009171186099080304,0.425248234675518
reference_phi10,inherited_owner,3.232558139534884,0.0,0.425248234675518
reference_phi10,inherited_owner,3.2497883706457635,6.290881742378692e-05,0.42533622237801705
reference_phi10,inherited_owner,3.2670186017566443,0.002991287953720258,0.42952000082656155
reference_phi10,inherited_owner,3.2842488328675237,0.003159225949415213,0.4339386665136303
reference_phi10,inherited_owner,3.3014790639784044,0.0030165062879417533,0.4381577166995857
reference_phi10,inherited_owner,3.3187092950892847,0.00042302728072040333,0.43874938572229655
reference_phi10,inherited_owner,3.3720930232558146,0.0,0.43874938572229655
reference_phi10,inherited_owner,3.389323254366694,5.569744816711203e-05,0.4388272872105136
reference_phi10,inherited_owner,3.406553485477574,0.002481391811561331,0.44229789710973555
reference_phi10,inherited_owner,3.423783716588454,0.0029118624646368536,0.44637058673813523
reference_phi10,inherited_owner,3.4410139476993344,0.0028351823790918247,0.450336027417487
reference_phi10,inherited_owner,3.458244178810215,0.00040151166972517724,0.45089760353340264
reference_phi10,inherited_owner,3.5116279069767433,0.0,0.45089760353340264
reference_phi10,inherited_owner,3.5288581380876245,5.3134468170290414e-05,0.45097192029803546
reference_phi10,inherited_owner,3.5460883691985043,0.0024290518519638374,0.4543693246756395
reference_phi10,inherited_owner,3.563318600309384,0.002837290812903932,0.45833771432549497
reference_phi10,inherited_owner,3.5805488314202645,0.002946293363329331,0.4624585608863405
reference_phi10,inherited_owner,3.5977790625311448,0.0007624590376544637,0.4635249776736877
reference_phi10,inherited_owner,3.651162790697674,0.0,0.4635249776736877
reference_phi10,inherited_owner,3.668393021808555,4.921923528534884e-05,0.46359381838010805
reference_phi10,inherited_owner,3.685623252919435,0.0022464676285117308,0.4667358505063803
reference_phi10,inherited_owner,3.7028534840303147,0.0026460397672503112,0.4704367460147666
reference_phi10,inherited_owner,3.720083715141195,0.0027533198720977965,0.47428768932783194
reference_phi10,inherited_owner,3.7373139462520752,0.001287408713897338,0.4760883293581484
reference_phi10,inherited_owner,3.7906976744186043,0.0,0.4760883293581484
reference_phi10,inherited_owner,3.8079279055294846,4.722804313789768e-05,0.4761543850746505
reference_phi10,inherited_owner,3.8251581366403644,0.002175063249091681,0.4791965471421483
reference_phi10,inherited_owner,3.842388367751245,0.0024331386071100524,0.48259966747835265
reference_phi10,inherited_owner,3.859618598862125,0.0026350280745720206,0.4862851614328858
reference_phi10,inherited_owner,3.8768488299730057,0.0010441332318703962,0.4877455431081022
reference_phi10,inherited_owner,3.9302325581395348,0.0,0.4877455431081022
reference_phi10,inherited_owner,3.947462789250415,4.2093909804344985e-05,0.48780441794575713
reference_phi10,inherited_owner,3.964693020361295,0.0018154949269377967,0.49034366815044483
reference_phi10,inherited_owner,3.9819232514721747,0.002368593513358882,0.49365651219885165
reference_phi10,inherited_owner,3.9991534825830555,0.002817289466553699,0.4975969268750179
reference_phi10,inherited_owner,4.016383713693935,0.0009417806646060988,0.49891415266832023
reference_phi10,inherited_owner,4.069767441860465,0.0,0.49891415266832023
reference_phi10,inherited_owner,4.0869976729713455,4.375987716785982e-05,0.4989753576187758
reference_phi10,inherited_owner,4.104227904082226,0.0018687318387391716,0.5015890678713452
reference_phi10,inherited_owner,4.121458135193105,0.0023188112194193946,0.5048322836887941
reference_phi10,inherited_owner,4.1386883663039855,0.003329598211566893,0.5094892413121953
reference_phi10,inherited_owner,4.155918597414866,0.0009356780801644423,0.5107979316981205
reference_phi10,inherited_owner,4.209302325581396,0.0,0.5107979316981205
reference_phi10,inherited_owner,4.226532556692276,4.3210157355231257e-05,0.5108583677804697
reference_phi10,inherited_owner,4.243762787803156,0.0016600520470963676,0.5131802070970309
reference_phi10,inherited_owner,4.260993018914036,0.0024195599852948266,0.5165643356323153
reference_phi10,inherited_owner,4.278223250024916,0.002947519837483123,0.5206868976067925
reference_phi10,inherited_owner,4.295453481135796,0.0011835707182599026,0.5223423041540712
reference_phi10,inherited_owner,4.348837209302326,0.0,0.5223423041540712
reference_phi10,inherited_owner,4.366067440413206,4.221282376214542e-05,0.5224013453112719
reference_phi10,inherited_owner,4.383297671524085,0.0015842988662803652,0.524617232098284
reference_phi10,inherited_owner,4.400527902634965,0.002127210331215024,0.5275924644653953
reference_phi10,inherited_owner,4.417758133745846,0.002666620101495553,0.5313221447515133
reference_phi10,inherited_owner,4.434988364856727,0.0014182069714994308,0.5333057263574082
reference_phi10,inherited_owner,4.488372093023255,0.0,0.5333057263574082
reference_phi10,inherited_owner,4.505602324134136,3.717125951828889e-05,0.5333577161079385
reference_phi10,inherited_owner,4.5228325552450155,0.001433373170660059,0.5353625099870002
reference_phi10,inherited_owner,4.540062786355896,0.0018690637494157996,0.5379766844679411
reference_phi10,inherited_owner,4.557293017466776,0.0025388479532893835,0.541527655660097
reference_phi10,inherited_owner,4.574523248577656,0.0013670672035568051,0.5434397103978695
reference_phi10,inherited_owner,4.627906976744185,0.0,0.5434397103978695
reference_phi10,inherited_owner,4.645137207855067,3.5518017339966046e-05,0.543489387833737
reference_phi10,inherited_owner,4.656341856123338,0.0020069219727997713,0.5462963783433826
reference_phi10,inherited_owner,4.662367438965946,0.0012507300619459566,0.5480457176109741
reference_phi10,inherited_owner,4.6968279011877065,0.002705341645650505,0.551829555960253
reference_phi10,inherited_owner,4.714058132298587,0.0013668958569635317,0.5537413710433365
reference_phi10,inherited_owner,4.767441860465116,0.0,0.5537413710433365
reference_phi10,inherited_owner,4.784672091575997,3.69191907275492e-05,0.5537930082367106
reference_phi10,inherited_owner,4.8019023226868764,0.0012476221103699008,0.5555380005537496
reference_phi10,inherited_owner,4.819132553797757,0.00213732309515658,0.5585273771839637
reference_phi10,inherited_owner,4.836362784908637,0.0024996744489759384,0.5620235581768354
reference_phi10,inherited_owner,4.853593016019517,0.0014312135603333285,0.5640253315071294
reference_phi10,inherited_owner,4.906976744186046,0.0,0.5640253315071294
reference_phi10,inherited_owner,4.9242069752969275,3.730098293828554e-05,0.5640775026959087
reference_phi10,inherited_owner,4.941437206407807,0.0011350239657041167,0.5656650091077835
reference_phi10,inherited_owner,4.958667437518686,0.0019060493311831143,0.5683309136402269
reference_phi10,inherited_owner,4.9758976686295675,0.0026001806739081334,0.571967668119945
reference_phi10,inherited_owner,4.993127899740447,0.0013963420492186583,0.5739206682532327
reference_phi10,inherited_owner,5.046511627906977,0.0,0.5739206682532327
reference_phi10,inherited_owner,5.063741859017856,3.1000287272277867e-05,0.5739640269454733
reference_phi10,inherited_owner,5.080972090128737,0.0010625901100070796,0.5754502234169147
reference_phi10,inherited_owner,5.098202321239617,0.0019125603479983437,0.5781252346125251
reference_phi10,inherited_owner,5.115432552350497,0.0026598744997895613,0.5818454801322559
reference_phi10,inherited_owner,5.132662783461377,0.0013279921992480472,0.5837028824382222
reference_phi10,inherited_owner,5.186046511627907,0.0,0.5837028824382222
reference_phi10,inherited_owner,5.203276742738787,3.1732180780960704e-05,0.5837472647966345
reference_phi10,inherited_owner,5.220506973849668,0.0009550931529221646,0.5850831101620325
reference_phi10,inherited_owner,5.237737204960547,0.0018094212188624137,0.5876138653474037
reference_phi10,inherited_owner,5.254967436071428,0.0026711136587759922,0.59134983056777
reference_phi10,inherited_owner,5.272197667182308,0.001975634978467294,0.5941130613810464
reference_phi10,inherited_owner,5.325581395348838,0.0,0.5941130613810464
reference_phi10,inherited_owner,5.342811626459717,2.6886551131126013e-05,0.5941506663775958
reference_phi10,inherited_owner,5.360041857570597,0.0008475946985516968,0.5953361585427653
reference_phi10,inherited_owner,5.377272088681477,0.0015961613974092713,0.5975686369126842
reference_phi10,inherited_owner,5.394502319792358,0.0024184300835906085,0.6009511851058309
reference_phi10,inherited_owner,5.411732550903238,0.0013330377128945854,0.6028156443423176
reference_phi10,inherited_owner,5.4651162790697665,0.0,0.6028156443423176
reference_phi10,inherited_owner,5.482346510180648,2.744992870107113e-05,0.6028540373094577
reference_phi10,inherited_owner,5.499576741291527,0.0007728973890509416,0.6039350537442767
reference_phi10,inherited_owner,5.516806972402407,0.0015680251069777134,0.6061281791641117
reference_phi10,inherited_owner,5.534037203513288,0.0024483994631624957,0.6095526441657734
reference_phi10,inherited_owner,5.551267434624169,0.0013172466882658699,0.6113950172141217
reference_phi10,inherited_owner,5.604651162790697,0.0,0.6113950172141217
reference_phi10,inherited_owner,5.621881393901578,2.69985916071654e-05,0.6114327789165905
reference_phi10,inherited_owner,5.6391116250124576,0.0007182424118320995,0.6124373519199072
reference_phi10,inherited_owner,5.656341856123338,0.0014993120007811016,0.6145343714424546
reference_phi10,inherited_owner,5.673572087234218,0.002386313081399506,0.6178719990449802
reference_phi10,inherited_owner,5.690802318345098,0.0013696230527304033,0.6197876285327788
reference_phi10,inherited_owner,5.7441860465116275,0.0,0.6197876285327788
reference_phi10,inherited_owner,5.761416277622509,2.6183997797835407e-05,0.6198242508999258
reference_phi10,inherited_owner,5.778646508733388,0.0006573548182886924,0.6207436631946809
reference_phi10,inherited_owner,5.795876739844268,0.001462562391546061,0.622789282709777
reference_phi10,inherited_owner,5.813106970955149,0.0022546835316679696,0.6259428060462209
reference_phi10,inherited_owner,5.830337202066029,0.0013103999832750146,0.6277756029196148
reference_phi10,inherited_owner,5.900951161343439,3.158521959163764e-05,0.6278197797300938
reference_phi10,inherited_owner,5.9181813924543185,0.0006284864709172286,0.6286988151800094
reference_phi10,inherited_owner,5.935411623565198,0.0014438741891788101,0.6307182963561974
reference_phi10,inherited_owner,5.952641854676078,0.002104449237879744,0.6336616938169958
reference_phi10,inherited_owner,5.9698720857869585,0.0014623966181759205,0.6357070814724166
reference_phi10,inherited_owner,6.023255813953488,0.0,0.6357070814724166
reference_phi10,inherited_owner,6.040486045064368,2.0147088051816976e-05,0.635735260288397
reference_phi10,inherited_owner,6.057716276175249,0.0006120323221392999,0.6365912820685785
reference_phi10,inherited_owner,6.074946507286128,0.0015544462048431385,0.6387654152954235
reference_phi10,inherited_owner,6.092176738397009,0.002198430469523142,0.6418402600316433
reference_phi10,inherited_owner,6.109406969507889,0.0014254594621350377,0.6438339853664232
reference_phi10,inherited_owner,6.180020928785298,2.308338848540369e-05,0.643866271052308
reference_phi10,inherited_owner,6.1972511598961795,0.0005150500102558915,0.6445866480825939
reference_phi10,inherited_owner,6.208455808164451,0.0021218621520971274,0.647554400194752
reference_phi10,inherited_owner,6.214481391007059,0.0012707422594113343,0.6493317296129939
reference_phi10,inherited_owner,6.2489418532288195,0.001369282429234488,0.6512468826861967
reference_phi10,inherited_owner,6.302325581395349,0.0,0.6512468826861967
reference_phi10,inherited_owner,6.319555812506229,2.2981806461690365e-05,0.6512790262939238
reference_phi10,inherited_owner,6.33678604361711,0.0004869757986125979,0.6519601372009043
reference_phi10,inherited_owner,6.3540162747279885,0.0012973186914449549,0.6537746378662149
reference_phi10,inherited_owner,6.37124650583887,0.0021981247994956915,0.656849055075666
reference_phi10,inherited_owner,6.38847673694975,0.001325795929948673,0.6587033855596266
reference_phi10,inherited_owner,6.459090696227159,2.271746947979207e-05,0.6587351594512363
reference_phi10,inherited_owner,6.47632092733804,0.0004544469440189316,0.6593707737283668
reference_phi10,inherited_owner,6.493551158448919,0.0011690565156524653,0.6610058799204117
reference_phi10,inherited_owner,6.510781389559799,0.0019481139053632922,0.6637306182601066
reference_phi10,inherited_owner,6.52801162067068,0.0014549932440173492,0.6657656511527195
reference_phi10,inherited_owner,6.581395348837209,0.0,0.6657656511527195
reference_phi10,inherited_owner,6.59862557994809,2.0786577368126108e-05,0.6657947243933293
reference_phi10,inherited_owner,6.615855811058969,0.0003906346487940089,0.666341087314641
reference_phi10,inherited_owner,6.633086042169849,0.001159678579033477,0.6679630770131469
reference_phi10,inherited_owner,6.65031627328073,0.0019421112095177697,0.670679419655102
reference_phi10,inherited_owner,6.66754650439161,0.0016076808616983839,0.672928009775938
reference_phi10,inherited_owner,6.73816046366902,2.2151507877213313e-05,0.6729589920827882
reference_phi10,inherited_owner,6.7553906947799,0.00041555229177307046,0.6735402061783423
reference_phi10,inherited_owner,6.77262092589078,0.00116104566374207,0.6751641079560695
reference_phi10,inherited_owner,6.78985115700166,0.0019461735514272461,0.6778861324109409
reference_phi10,inherited_owner,6.8070813881125405,0.001566111116556752,0.6800765808194021
reference_phi10,inherited_owner,6.8604651162790695,0.0,0.6800765808194021
reference_phi10,inherited_owner,6.877695347389951,1.7952036365554506e-05,0.6801016895163968
reference_phi10,inherited_owner,6.89492557850083,0.0004037719402539012,0.6806664269699276
reference_phi10,inherited_owner,6.9121558096117095,0.0011070846172729334,0.6822148558855393
reference_phi10,inherited_owner,6.92938604072259,0.0020041601657365222,0.6850179835812236
reference_phi10,inherited_owner,6.946616271833471,0.0016905748228521653,0.6873825137163796
reference_phi10,inherited_owner,7.017230231110879,2.2549977546781458e-05,0.6874140533446385
reference_phi10,inherited_owner,7.034460462221761,0.0003377365686650582,0.6878864301265222
reference_phi10,inherited_owner,7.05169069333264,0.0010523840979023156,0.6893583519128947
reference_phi10,inherited_owner,7.06892092444352,0.0018902129623725068,0.6920021068363544
reference_phi10,inherited_owner,7.086151155554401,0.0016545660559776825,0.6943162731465833
reference_phi10,inherited_owner,7.15676511483181,1.298952194208586e-05,0.6943344410002967
reference_phi10,inherited_owner,7.173995345942691,0.00029321356862342006,0.6947445454864603
reference_phi10,inherited_owner,7.1912255770535705,0.0009643196578005712,0.6960932955447073
reference_phi10,inherited_owner,7.208455808164451,0.0018285801251363713,0.6986508474211381
reference_phi10,inherited_owner,7.225686039275331,0.0014768823090827272,0.7007164955537735
reference_phi10,inherited_owner,7.29629999855274,3.235728621056977e-05,0.700761752218727
reference_phi10,inherited_owner,7.3135302296636215,0.0003302854588082899,0.7012237074720523
reference_phi10,inherited_owner,7.330760460774501,0.0009884436753915431,0.7026061986967972
reference_phi10,inherited_owner,7.347990691885381,0.0016951109941487341,0.7049770733684884
reference_phi10,inherited_owner,7.3652209229962615,0.001624502523985446,0.707249191183493
reference_phi10,inherited_owner,7.453065113384552,0.0003010254971134731,0.7076702218588312
reference_phi10,inherited_owner,7.4702953444954305,0.0010075686296462693,0.7090794622874903
reference_phi10,inherited_owner,7.487525575606311,0.0017907728245643811,0.7115841348116897
reference_phi10,inherited_owner,7.504755806717191,0.001515153511787548,0.7137033111353763
reference_phi10,inherited_owner,7.571428571428571,0.0,0.7137033111353763
reference_phi10,inherited_owner,7.575369765994601,3.056368492792623e-05,0.71374605917177
reference_phi10,inherited_owner,7.592599997105481,0.000228504915266741,0.7140656586067526
reference_phi10,inherited_owner,7.609830228216361,0.000768348524353096,0.7151403127513534
reference_phi10,inherited_owner,7.627060459327241,0.0016461316841965756,0.7174426822892785
reference_phi10,inherited_owner,7.644290690438122,0.001453003041623809,0.719474931576297
reference_phi10,inherited_owner,7.732134880826411,0.00028431426786644184,0.7198725890151384
reference_phi10,inherited_owner,7.7493651119372915,0.0008974490883472798,0.7211278102484615
reference_phi10,inherited_owner,7.760569760205564,0.0015387783066279491,0.7232800294984842
reference_phi10,inherited_owner,7.766595343048172,0.0017088708173168554,0.7256701494091886
reference_phi10,inherited_owner,7.854439533436462,3.391757710321334e-05,0.7257175883820681
reference_phi10,inherited_owner,7.871669764547342,0.0002976406120831118,0.7261338847726233
reference_phi10,inherited_owner,7.888899995658222,0.0008545454302090897,0.7273290986101159
reference_phi10,inherited_owner,7.906130226769101,0.0016229622727236858,0.7295990621457151
reference_phi10,inherited_owner,7.9233604578799826,0.0017687707488958817,0.7320729613671
reference_phi10,inherited_owner,8.011204648268272,0.00022679841259480747,0.7323901739943892
reference_phi10,inherited_owner,8.028434879379152,0.0007222232526406671,0.7334003148187381
reference_phi10,inherited_owner,8.045665110490031,0.0014458672355703362,0.7354225835782912
reference_phi10,inherited_owner,8.062895341600912,0.0014004377917679557,0.7373813122404511
reference_phi10,inherited_owner,8.133509300878321,2.104219298153957e-05,0.7374107429989967
reference_phi10,inherited_owner,8.142857142857142,0.0,0.7374107429989967
reference_phi10,inherited_owner,8.150739531989203,0.00022623109181666462,0.7377271621405093
reference_phi10,inherited_owner,8.167969763100082,0.0008136135936412071,0.7388651264793438
reference_phi10,inherited_owner,8.185199994210961,0.0013952671226882638,0.7408166231617697
reference_phi10,inherited_owner,8.202430225321843,0.001500213307639923,0.7429149033012384
reference_phi10,inherited_owner,8.290274415710133,0.00019383725189320574,0.7431860146517815
reference_phi10,inherited_owner,8.307504646821013,0.0006268593033656498,0.7440627742564291
reference_phi10,inherited_owner,8.324734877931892,0.0014455940069372278,0.7460846608635165
reference_phi10,inherited_owner,8.341965109042773,0.001445073297397242,0.7481058191778469
reference_phi10,inherited_owner,8.412579068320182,5.45012106675048e-05,0.7481820475430656
reference_phi10,inherited_owner,8.429809299431064,0.00012480920903189618,0.748356612508728
reference_phi10,inherited_owner,8.447039530541943,0.0005797764864963773,0.749167519518252
reference_phi10,inherited_owner,8.464269761652822,0.0013500463063911778,0.7510557679010904
reference_phi10,inherited_owner,8.481499992763702,0.00157197301389574,0.7532544150788224
reference_phi10,inherited_owner,8.569344183151992,0.00022940332444603266,0.7535752710778738
reference_phi10,inherited_owner,8.586574414262873,0.0005892195040463419,0.7543993856066759
reference_phi10,inherited_owner,8.603804645373753,0.0013456223307067344,0.7562814463758805
reference_phi10,inherited_owner,8.621034876484632,0.0016131462035807063,0.7585376806219009
reference_phi10,inherited_owner,8.708879066872923,0.000315590065111725,0.7589790820962548
reference_phi10,inherited_owner,8.726109297983804,0.0007478390179721045,0.7600250505268371
reference_phi10,inherited_owner,8.743339529094683,0.0014261438178751122,0.7620197330388734
reference_phi10,inherited_owner,8.760569760205563,0.0015935929056890008,0.7642486189762112
reference_phi10,inherited_owner,8.848413950593853,0.0001802082072319008,0.764500668001692
reference_phi10,inherited_owner,8.865644181704734,0.0006650245323813193,0.7654308075768104
reference_phi10,inherited_owner,8.882874412815614,0.0012982160420618983,0.767246563325627
reference_phi10,inherited_owner,8.900104643926493,0.001564533781157223,0.7694348055867856
reference_phi10,inherited_owner,9.005179065425665,0.0005550318881949364,0.7702111034517894
reference_phi10,inherited_owner,9.022409296536544,0.0012542573454509347,0.7719653761704356
reference_phi10,inherited_owner,9.039639527647424,0.0015142557839865,0.7740832968830661
reference_phi10,inherited_owner,9.123542523469684,4.58293610770145e-05,0.774147396326567
reference_phi10,inherited_owner,9.127483718035714,0.0002878699751590137,0.7745500269715223
reference_phi10,inherited_owner,9.144713949146592,0.0005307539172880329,0.7752923683425257
reference_phi10,inherited_owner,9.161944180257475,0.001172477620926746,0.7769322594789618
reference_phi10,inherited_owner,9.179174411368354,0.0017895565277494944,0.7794352308241105
reference_phi10,inherited_owner,9.284248832867522,0.0003460748025037139,0.7799192699145293
reference_phi10,inherited_owner,9.285714285714285,0.0,0.7799192699145293
reference_phi10,inherited_owner,9.301479063978405,0.0010759684325204744,0.7814241780373646
reference_phi10,inherited_owner,9.318709295089285,0.0014405115932408885,0.7834389561035098
reference_phi10,inherited_owner,9.406553485477575,0.00023750800833592374,0.7837711477554022
reference_phi10,inherited_owner,9.423783716588453,0.000573487265887904,0.7845732583180287
reference_phi10,inherited_owner,9.441013947699336,0.0010315497287061981,0.7860160400195347
reference_phi10,inherited_owner,9.458244178810215,0.0014896554788724134,0.7880995534039654
reference_phi10,inherited_owner,9.563318600309383,0.00043008634987115775,0.7887010956257252
reference_phi10,inherited_owner,9.580548831420266,0.0011199644612148126,0.7902675389934186
reference_phi10,inherited_owner,9.597779062531146,0.0016417935509383747,0.7925638409816081
reference_phi10,inherited_owner,9.685623252919434,0.000383730742831995,0.7931005477235679
reference_phi10,inherited_owner,9.694971094898255,6.607661894498822e-05,0.7931929660860164
reference_phi10,inherited_owner,9.702853484030314,0.0004436501840365656,0.7938134794258828
reference_phi10,inherited_owner,9.720083715141193,0.0012742600337953061,0.7955957289952041
reference_phi10,inherited_owner,9.737313946252076,0.0015325947982989978,0.7977392996532882
reference_phi10,inherited_owner,9.842388367751244,0.0005167233555158348,0.798462017115503
reference_phi10,inherited_owner,9.859618598862124,0.0009524515812492438,0.799794167834713
reference_phi10,inherited_owner,9.876848829973007,0.001399117908818311,0.8017510504366058
reference_phi10,inherited_owner,9.964693020361295,0.0004373347366744639,0.8023627306474069
reference_phi10,inherited_owner,9.981923251472175,0.0006865347275508798,0.8033229555544515
reference_phi10,inherited_owner,9.999153482583054,0.0010491433005818671,0.8047903445849693
reference_phi10,inherited_owner,10.016383713693935,0.0015939606757920332,0.8070197449056278
reference_phi10,inherited_owner,10.121458135193105,0.00029118068372530797,0.8074270060881186
reference_phi10,inherited_owner,10.138688366303985,0.0010868492765393474,0.8089471327527369
reference_phi10,inherited_owner,10.155918597414866,0.0013768827307985192,0.8108729160221554
reference_phi10,inherited_owner,10.260993018914036,0.00028727936307079683,0.8112747206048377
reference_phi10,inherited_owner,10.278223250024915,0.0007453285356279266,0.8123171777379156
reference_phi10,inherited_owner,10.295453481135796,0.0014806941007707902,0.8143881572502648
reference_phi10,inherited_owner,10.400527902634966,0.0005681527740332013,0.8151828067016907
reference_phi10,inherited_owner,10.417758133745846,0.0008426125520108365,0.8163613305650291
reference_phi10,inherited_owner,10.434988364856727,0.0013757574934305738,0.8182855400161051
reference_phi10,inherited_owner,10.557293017466776,0.0008232562930951106,0.8194369911602172
reference_phi10,inherited_owner,10.574523248577655,0.0014833076295135287,0.8215116260963831
reference_phi10,inherited_owner,10.675656475510797,0.00036377572162295995,0.8220204226575222
reference_phi10,inherited_owner,10.679597670076827,0.0006012801375614966,0.822861405846031
reference_phi10,inherited_owner,10.696827901187707,0.000796839809517571,0.8239759094557071
reference_phi10,inherited_owner,10.714058132298586,0.0013680257376564092,0.8258893048515408
reference_phi10,inherited_owner,10.836362784908637,0.000759556099589642,0.8269516614314117
reference_phi10,inherited_owner,10.837828237755398,8.418364365846663e-05,0.8270694052660099
reference_phi10,inherited_owner,10.853593016019516,0.001378198792546706,0.8289970292511551
reference_phi10,inherited_owner,10.958667437518688,0.0006158948542489435,0.829858453379371
reference_phi10,inherited_owner,10.975897668629568,0.000692879480227792,0.8308275524034922
reference_phi10,inherited_owner,10.993127899740447,0.0013298588779908915,0.8326875655481392
reference_phi10,inherited_owner,11.0,0.0,0.8326875655481392
reference_phi10,inherited_owner,11.115432552350498,0.0009196159494569249,0.8339737905621805
reference_phi10,inherited_owner,11.132662783461377,0.0014848037887922115,0.8360505181082999
reference_phi10,inherited_owner,11.237737204960546,0.0006355959779178861,0.8369394973023915
reference_phi10,inherited_owner,11.247085046939368,0.0006232760954184924,0.83781124523701
reference_phi10,inherited_owner,11.254967436071428,0.0010198785022865124,0.8392377029248074
reference_phi10,inherited_owner,11.272197667182308,0.0012374629548644106,0.8409684860929724
reference_phi10,inherited_owner,11.394502319792359,0.0005996516784013078,0.8418071916296989
reference_phi10,inherited_owner,11.411732550903238,0.0013575403845051117,0.8437059216388434
reference_phi10,inherited_owner,11.516806972402406,0.0010236200098362016,0.8451376124031262
reference_phi10,inherited_owner,11.53403720351329,0.0005158195109419803,0.845859065699033
reference_phi10,inherited_owner,11.551267434624169,0.0012560217385096239,0.8476158061940242
reference_phi10,inherited_owner,11.571428571428571,0.0,0.8476158061940242
reference_phi10,inherited_owner,11.673572087234216,0.0006849116111615468,0.8485737609219773
reference_phi10,inherited_owner,11.6908023183451,0.0012891011608306164,0.8503767681008646
reference_phi10,inherited_owner,11.813106970955147,0.0006576335370143084,0.851296570226828
reference_phi10,inherited_owner,11.83033720206603,0.0013672678827464872,0.8532089056454584
reference_phi10,inherited_owner,11.952641854676077,0.0011351770168234346,0.8547966261229745
reference_phi10,inherited_owner,11.96987208578696,0.0013531910898388312,0.8566892729714294
reference_phi10,inherited_owner,12.10940696950789,0.0011498684805445823,0.858297541731239
reference_phi10,inherited_owner,12.22777042755191,0.0010989837330313433,0.859834640308405
reference_phi10,inherited_owner,12.231711622117938,0.0009705628385452143,0.8611921224196853
reference_phi10,inherited_owner,12.248941853228818,0.0013459369066311539,0.8630746231719318
reference_phi10,inherited_owner,12.388476736949748,0.0011324588769821122,0.8646585419108442
reference_phi10,inherited_owner,12.38994218979651,0.0007155500145403591,0.8656593491804909
reference_phi10,inherited_owner,12.5107813895598,0.0013704496768742374,0.8675761348298934
reference_phi10,inherited_owner,12.528011620670679,0.00117747298940117,0.8692230127610778
reference_phi10,inherited_owner,12.552113952041113,5.815209121319579e-05,0.869304347446912
reference_phi10,inherited_owner,12.66754650439161,0.0011340543780531062,0.8708904977406259
reference_phi10,inherited_owner,12.78985115700166,0.0010173728915535481,0.87231345094462
reference_phi10,inherited_owner,12.79919899898048,0.0013472868098558053,0.8741978397451274
reference_phi10,inherited_owner,12.80708138811254,0.0011093194410162059,0.8757493944070927
reference_phi10,inherited_owner,12.94661627183347,0.0013196694179037254,0.8775951560172252
reference_phi10,inherited_owner,13.068920924443521,0.0015867470504270615,0.8798144669680856
reference_phi10,inherited_owner,13.0861511555544,0.0013849337605200097,0.8817515108466994
reference_phi10,inherited_owner,13.123542523469684,4.7161336063413546e-05,0.8818174732630496
reference_phi10,inherited_owner,13.225686039275331,0.0009293698301925767,0.883117340586572
reference_phi10,inherited_owner,13.285714285714285,0.0,0.883117340586572
reference_phi10,inherited_owner,13.365220922996262,0.000886441898170292,0.8843571665634858
reference_phi10,inherited_owner,13.504755806717192,0.0016585773709543858,0.8866769433175802
reference_phi10,inherited_owner,13.779884379593021,0.002139116878405736,0.8896688288308625
reference_phi10,inherited_owner,13.783825574159053,0.0022535779268258805,0.8928208058080852
reference_phi10,inherited_owner,13.942056141837622,0.0016880538072556257,0.8951818099133557
reference_phi10,inherited_owner,14.062895341600914,0.0016188891376828782,0.8974460765401767
reference_phi10,inherited_owner,14.104227904082226,0.0004577680983010161,0.8980863359647905
reference_phi10,inherited_owner,14.341965109042771,0.0019640850520380236,0.9008334124211393
reference_phi10,inherited_owner,14.351312951021594,0.0024347876840734297,0.9042388392463098
reference_phi10,inherited_owner,14.621034876484632,0.0032167125951068484,0.9087379088908192
reference_phi10,inherited_owner,14.675656475510797,0.00037455518730050556,0.9092617822004647
reference_phi10,inherited_owner,14.837828237755398,6.595093097317436e-05,0.909354024768862
reference_phi10,inherited_owner,15.331998331634136,0.003603039568260408,0.9143934323846326
reference_phi10,inherited_owner,15.474341649025257,0.0,0.9143934323846326
reference_phi10,inherited_owner,15.494170093878736,0.0030971591955537866,0.9187252881252186
reference_phi10,inherited_owner,15.656341856123337,0.001099295895687277,0.9202628233100977
reference_phi10,inherited_owner,15.903426903062705,0.004672636113106017,0.9267982269791393
reference_phi10,inherited_owner,16.22777042755191,0.0010411689248293046,0.9282544626128827
reference_phi10,inherited_owner,16.38994218979651,0.0004746958519769361,0.9289183981168667
reference_phi10,inherited_owner,17.02645560106637,7.517299226981428e-05,0.9290235391630771
reference_phi10,inherited_owner,17.046284045919847,0.006095847959323947,0.9375495245287135
reference_phi10,inherited_owner,17.20845580816445,0.0021056532039973744,0.9404946059221769
reference_phi10,inherited_owner,17.77988437959302,0.0017616242967331982,0.9429585097258674
reference_phi10,inherited_owner,17.94205614183762,0.001155124849733072,0.9445741303302565
reference_phi10,inherited_owner,18.57856955310748,0.0005103272779880961,0.9452879018896597
reference_phi10,inherited_owner,18.760569760205563,0.0040892107694502555,0.9510072950585802
reference_phi10,inherited_owner,18.794733192202056,0.0,0.9510072950585802
reference_phi10,inherited_owner,19.331998331634136,0.0033115910576117496,0.9556390668945203
reference_phi10,inherited_owner,19.494170093878736,0.002438761576142591,0.959050051821837
reference_phi10,inherited_owner,20.130683505148596,0.0012438309184875766,0.9607897415711738
reference_phi10,inherited_owner,20.346847144243167,6.789286217032989e-05,0.9608847002304379
reference_phi10,inherited_owner,21.046284045919847,0.004564792413660573,0.9672692678206628
reference_phi10,inherited_owner,21.682797457189707,0.0023238523213923966,0.9705195343982251
reference_phi10,inherited_owner,21.898961096284282,0.0004016260614650218,0.9710812705086658
reference_phi10,inherited_owner,21.97137002317335,0.0,0.9710812705086658
reference_phi10,inherited_owner,23.234911409230822,0.004132394349621021,0.9768610625876359
reference_phi10,inherited_owner,23.451075048325393,0.000981668922446001,0.9782340782734804
reference_phi10,inherited_owner,23.52348397521446,4.804329883246195e-05,0.9783012742510533
reference_phi10,inherited_owner,25.003189000366508,0.0018275500700810137,0.9808573854363144
reference_phi10,inherited_owner,25.075597927255576,0.00027057946561848324,0.9812358326317658
reference_phi10,inherited_owner,25.733126291998992,0.0,0.9812358326317658
reference_phi10,inherited_owner,26.55530295240762,0.003263108163767648,0.9857997936485785
reference_phi10,inherited_owner,26.627711879296687,0.0006733430789747183,0.9867415679965771
reference_phi10,inherited_owner,27.285240244040104,5.3469090422267166e-05,0.9868163527821386
reference_phi10,inherited_owner,28.1798258313378,0.0011679650833730467,0.9884499324374811
reference_phi10,inherited_owner,28.83735419608122,0.0002530544714478471,0.9888038682204386
reference_phi10,inherited_owner,29.731939783378913,0.001886447887803447,0.9914423571052946
reference_phi10,inherited_owner,30.38946814812233,0.0005909376044304243,0.9922688746629826
reference_phi10,inherited_owner,31.941582100163444,0.0010538575806816287,0.9937428573427202
reference_phi10,inherited_owner,33.493696052204555,0.0016102347973661352,0.9959950195372484
reference_phi10,inherited_owner,33.6605536290589,0.0,0.9959950195372484
reference_phi10,inherited_owner,35.212667581100014,3.348047332867959e-05,0.9960418471529533
reference_phi10,inherited_owner,36.764781533141125,0.00013757007377980892,0.9962342601599086
reference_phi10,inherited_owner,38.31689548518224,0.0003215430705215266,0.9966839878322492
reference_phi10,inherited_owner,39.869009437223355,0.000569032217258779,0.997479867320927
reference_phi10,inherited_owner,41.421123389264466,0.0008355044894817172,0.9986484494604058
reference_phi10,inherited_owner,42.37612633868264,0.0,0.9986484494604058
reference_phi10,inherited_owner,43.92824029072375,1.7143599071077584e-05,0.9986724274329158
reference_phi10,inherited_owner,45.48035424276486,6.210841563062262e-05,0.9987592956498207
reference_phi10,inherited_owner,47.03246819480598,0.00013504138498100142,0.9989481718947313
reference_phi10,inherited_owner,48.58458214684709,0.00022041949977235305,0.9992564626267016
reference_phi10,inherited_owner,50.1366960988882,0.00029575117506286586,0.9996701163476084
reference_phi10,inherited_owner,53.348382301167675,0.0,0.9996701163476084
reference_phi10,inherited_owner,54.900496253208786,6.270969261374407e-06,0.9996788872671766
reference_phi10,inherited_owner,56.4526102052499,2.1228505420704523e-05,0.9997085786124593
reference_phi10,inherited_owner,58.004724157291015,4.254043590845773e-05,0.9997680779858727
reference_phi10,inherited_owner,59.556838109332126,6.254472317942387e-05,0.9998555564463075
reference_phi10,inherited_owner,61.10895206137324,7.602876399221746e-05,0.9999618944215147
reference_phi10,inherited_owner,75.35659294528742,0.0,0.9999618944215147
reference_phi10,inherited_owner,76.90870689732853,1.1034368301538924e-06,0.9999634377484363
reference_phi10,inherited_owner,78.46082084936964,3.1620727158164525e-06,0.999967860395766
reference_phi10,inherited_owner,80.01293480141075,5.50760518283976e-06,0.9999755636327072
reference_phi10,inherited_owner,81.56504875345186,7.206021680627774e-06,0.9999856423675778
reference_phi10,inherited_owner,83.11716270549299,8.283347411051843e-06,0.9999972279089622
reference_phi10,inherited_owner,94.86832980505136,0.0,0.9999972279089622
reference_phi10,inherited_owner,96.42044375709247,1.053829452670627e-07,0.9999973753032959
reference_phi10,inherited_owner,97.97255770913358,2.853333992251141e-07,0.9999977743861476
reference_phi10,inherited_owner,99.5246716611747,4.4119834845461047e-07,0.9999983914702164
reference_phi10,inherited_owner,101.0767856132158,5.22857461609358e-07,0.999999122767174
reference_phi10,inherited_owner,102.62889956525693,5.659118061228868e-07,0.9999999142822854
reference_phi10,inherited_owner,119.43215116604912,0.0,0.9999999142822854
reference_phi10,inherited_owner,120.98426511809024,5.061970824092593e-09,0.9999999213622338
reference_phi10,inherited_owner,122.53637907013135,1.1424234686319343e-08,0.9999999373407914
reference_phi10,inherited_owner,124.08849302217246,1.4933851542894037e-08,0.9999999582280905
reference_phi10,inherited_owner,125.64060697421357,1.4748501734217501e-08,0.9999999788561492
reference_phi10,inherited_owner,127.1927209262547,1.4331247544523603e-08,0.9999999989006135
reference_phi10,inherited_owner,168.70239755710477,0.0,0.9999999989006135
reference_phi10,inherited_owner,170.25451150914589,1.1082977989422513e-10,0.9999999990556261
reference_phi10,inherited_owner,171.806625461187,1.9039839644866803e-10,0.9999999993219276
reference_phi10,inherited_owner,173.3587394132281,1.9301156254077977e-10,0.9999999995918842
reference_phi10,inherited_owner,174.91085336526922,1.561521926794989e-10,0.9999999998102872
reference_phi10,inherited_owner,176.46296731731033,1.341271149284635e-10,0.9999999999978848
reference_phi10,inherited_owner,212.38373531524127,0.0,0.9999999999978848
reference_phi10,inherited_owner,213.93584926728238,3.0992798708173456e-13,0.9999999999983183
reference_phi10,inherited_owner,215.4879632193235,4.781130334421859e-13,0.9999999999989869
reference_phi10,inherited_owner,217.0400771713646,3.7053991685481916e-13,0.9999999999995053
reference_phi10,inherited_owner,218.5921911234057,2.1406280508033615e-13,0.9999999999998046
reference_phi10,inherited_owner,220.14430507544682,1.3902588854441038e-13,0.9999999999999991
reference_phi10,inherited_owner,267.3752814401236,0.0,0.9999999999999991
reference_phi10,inherited_owner,268.9273953921647,1.5629132279176694e-16,0.9999999999999992
reference_phi10,inherited_owner,270.47950934420584,2.6623900799893277e-16,0.9999999999999996
reference_phi10,inherited_owner,272.03162329624695,1.8478885129885467e-16,0.9999999999999999
reference_phi10,inherited_owner,273.58373724828806,9.456456238279835e-17,1.0
reference_phi10,inherited_owner,275.13585120032917,5.340155803395734e-17,1.0
reference_phi10,inherited_owner,377.67762353825,0.0,1.0
reference_phi10,inherited_owner,379.2297374902911,2.1529422314033953e-19,1.0
reference_phi10,inherited_owner,380.7818514423322,2.5030448495180993e-19,1.0
reference_phi10,inherited_owner,382.3339653943733,1.605950273651267e-19,1.0
reference_phi10,inherited_owner,383.8860793464144,9.796340468217283e-20,1.0
reference_phi10,inherited_owner,385.43819329845553,7.918171624785753e-20,1.0
reference_phi10,inherited_owner,475.4679577383344,0.0,1.0
reference_phi10,inherited_owner,477.0200716903755,1.375020830174831e-24,1.0
reference_phi10,inherited_owner,478.5721856424166,2.241631915425397e-24,1.0
reference_phi10,inherited_owner,480.12429959445774,1.0813748045528907e-24,1.0
reference_phi10,inherited_owner,481.67641354649885,3.0300762850494326e-25,1.0
reference_phi10,inherited_owner,483.22852749853996,4.377062025295653e-26,1.0
reference_phi10,inherited_owner,598.5786944906639,0.0,1.0
reference_phi10,inherited_owner,600.1308084427051,8.461720853417988e-33,1.0
reference_phi10,inherited_owner,601.6829223947461,3.800434957907705e-32,1.0
reference_phi10,inherited_owner,603.2350363467873,5.441921106205049e-33,1.0
reference_phi10,inherited_owner,604.7871502988284,1.6576747053657765e-34,1.0
reference_phi10,inherited_owner,606.3392642508695,3.400485011386919e-35,1.0
reference_phi10,inherited_owner,845.5148793793368,0.0,1.0
reference_phi10,inherited_owner,847.066993331378,3.0876653038942335e-36,1.0
reference_phi10,inherited_owner,848.619107283419,9.00412863469636e-37,1.0
reference_phi10,inherited_owner,850.1712212354602,1.181255097141194e-37,1.0
reference_phi10,inherited_owner,851.7233351875012,3.2295877782730193e-37,1.0
reference_phi10,inherited_owner,853.2754491395424,5.0875848415685425e-37,1.0
reference_phi10,inherited_owner,1064.4401677007263,0.0,1.0
reference_phi10,inherited_owner,1065.9922816527674,0.0,1.0
reference_phi10,inherited_owner,1067.5443956048086,0.0,1.0
reference_phi10,inherited_owner,1069.0965095568497,0.0,1.0
reference_phi10,inherited_owner,1070.6486235088908,0.0,1.0
reference_phi10,inherited_owner,1072.2007374609318,0.0,1.0
reference_phi10,inherited_owner,1340.0507764528895,0.0,1.0
reference_phi10,inherited_owner,1341.6028904049306,0.0,1.0
reference_phi10,inherited_owner,1343.1550043569719,0.0,1.0
reference_phi10,inherited_owner,1344.707118309013,0.0,1.0
reference_phi10,inherited_owner,1346.259232261054,0.0,1.0
reference_phi10,inherited_owner,1347.811346213095,0.0,1.0
reference_phi10,inherited_owner,1892.8720334405798,0.0,1.0
reference_phi10,inherited_owner,1894.4241473926209,0.0,1.0
reference_phi10,inherited_owner,1895.9762613446621,0.0,1.0
reference_phi10,inherited_owner,1897.5283752967032,0.0,1.0
reference_phi10,inherited_owner,1899.0804892487442,0.0,1.0
reference_phi10,inherited_owner,1900.6326032007853,0.0,1.0
reference_phi10,inherited_owner,2382.984704172845,0.0,1.0
reference_phi10,inherited_owner,2384.536818124886,0.0,1.0
reference_phi10,inherited_owner,2386.088932076927,0.0,1.0
reference_phi10,inherited_owner,2387.641046028968,0.0,1.0
reference_phi10,inherited_owner,2389.1931599810096,0.0,1.0
reference_phi10,inherited_owner,2390.7452739330506,0.0,1.0
reference_phi10,inherited_owner,3000.0,0.0,1.0
reference_phi10,inherited_owner,3001.552113952041,0.0,1.0
reference_phi10,inherited_owner,3003.104227904082,0.0,1.0
reference_phi10,inherited_owner,3004.656341856123,0.0,1.0
reference_phi10,inherited_owner,3006.2084558081647,0.0,1.0
reference_phi10,inherited_owner,3007.7605697602057,0.0,1.0
