case,group,gross_net_worth,mass,conditional_cdf
reference_phi08,inherited_renter,-12.0,0.0,0.0
reference_phi08,inherited_renter,-11.3,0.0,0.0
reference_phi08,inherited_renter,-10.6,0.0,0.0
reference_phi08,inherited_renter,-10.447886047958887,0.0,0.0
reference_phi08,inherited_renter,-9.9,0.0,0.0
reference_phi08,inherited_renter,-9.747886047958888,0.0,0.0
reference_phi08,inherited_renter,-9.2,0.0,0.0
reference_phi08,inherited_renter,-9.047886047958887,0.0,0.0
reference_phi08,inherited_renter,-8.895772095917774,0.0,0.0
reference_phi08,inherited_renter,-8.5,0.0,0.0
reference_phi08,inherited_renter,-8.347886047958887,0.0,0.0
reference_phi08,inherited_renter,-8.195772095917775,0.0,0.0
reference_phi08,inherited_renter,-7.800000000000001,0.0,0.0
reference_phi08,inherited_renter,-7.647886047958886,0.0,0.0
reference_phi08,inherited_renter,-7.495772095917774,0.0,0.0
reference_phi08,inherited_renter,-7.343658143876662,0.0,0.0
reference_phi08,inherited_renter,-7.1000000000000005,0.0,0.0
reference_phi08,inherited_renter,-6.947886047958887,0.0,0.0
reference_phi08,inherited_renter,-6.7957720959177745,0.0,0.0
reference_phi08,inherited_renter,-6.643658143876663,0.0,0.0
reference_phi08,inherited_renter,-6.4,0.0,0.0
reference_phi08,inherited_renter,-6.247886047958888,0.0,0.0
reference_phi08,inherited_renter,-6.0957720959177735,0.0,0.0
reference_phi08,inherited_renter,-5.943658143876662,0.0,0.0
reference_phi08,inherited_renter,-5.791544191835549,0.0,0.0
reference_phi08,inherited_renter,-5.7,0.0,0.0
reference_phi08,inherited_renter,-5.547886047958888,0.0,0.0
reference_phi08,inherited_renter,-5.395772095917774,0.0,0.0
reference_phi08,inherited_renter,-5.2436581438766625,0.0,0.0
reference_phi08,inherited_renter,-5.09154419183555,0.0,0.0
reference_phi08,inherited_renter,-5.0,0.0,0.0
reference_phi08,inherited_renter,-4.8604651162790695,0.0,0.0
reference_phi08,inherited_renter,-4.8478860479588874,0.0,0.0
reference_phi08,inherited_renter,-4.72093023255814,0.0,0.0
reference_phi08,inherited_renter,-4.695772095917775,0.0,0.0
reference_phi08,inherited_renter,-4.5813953488372094,0.0,0.0
reference_phi08,inherited_renter,-4.5436581438766614,0.0,0.0
reference_phi08,inherited_renter,-4.441860465116279,0.0,0.0
reference_phi08,inherited_renter,-4.391544191835549,0.0,0.0
reference_phi08,inherited_renter,-4.3023255813953485,0.0,0.0
reference_phi08,inherited_renter,-4.239430239794436,0.0,0.0
reference_phi08,inherited_renter,-4.162790697674419,0.0,0.0
reference_phi08,inherited_renter,-4.147886047958887,0.0,0.0
reference_phi08,inherited_renter,-4.023255813953488,0.0,0.0
reference_phi08,inherited_renter,-3.995772095917775,0.0,0.0
reference_phi08,inherited_renter,-3.883720930232558,0.0,0.0
reference_phi08,inherited_renter,-3.843658143876662,0.0,0.0
reference_phi08,inherited_renter,-3.744186046511628,0.0,0.0
reference_phi08,inherited_renter,-3.6915441918355496,0.0,0.0
reference_phi08,inherited_renter,-3.604651162790698,0.0,0.0
reference_phi08,inherited_renter,-3.539430239794437,0.0,0.0
reference_phi08,inherited_renter,-3.4651162790697674,0.0,0.0
reference_phi08,inherited_renter,-3.447886047958887,0.0,0.0
reference_phi08,inherited_renter,-3.3255813953488373,0.0,0.0
reference_phi08,inherited_renter,-3.3083511642379566,0.0,0.0
reference_phi08,inherited_renter,-3.295772095917775,0.0,0.0
reference_phi08,inherited_renter,-3.1860465116279073,0.0,0.0
reference_phi08,inherited_renter,-3.168816280517027,0.0,0.0
reference_phi08,inherited_renter,-3.143658143876663,0.0,0.0
reference_phi08,inherited_renter,-3.046511627906977,0.0,0.0
reference_phi08,inherited_renter,-3.0292813967960965,0.0,0.0
reference_phi08,inherited_renter,-2.9915441918355485,0.0,0.0
reference_phi08,inherited_renter,-2.9069767441860463,0.0,0.0
reference_phi08,inherited_renter,-2.889746513075166,0.0,0.0
reference_phi08,inherited_renter,-2.839430239794436,0.0,0.0
reference_phi08,inherited_renter,-2.7674418604651163,0.0,0.0
reference_phi08,inherited_renter,-2.7502116293542356,0.0,0.0
reference_phi08,inherited_renter,-2.6279069767441863,0.0,0.0
reference_phi08,inherited_renter,-2.610676745633306,0.0,0.0
reference_phi08,inherited_renter,-2.595772095917775,0.0,0.0
reference_phi08,inherited_renter,-2.488372093023256,0.0,0.0
reference_phi08,inherited_renter,-2.4711418619123755,0.0,0.0
reference_phi08,inherited_renter,-2.4436581438766627,0.0,0.0
reference_phi08,inherited_renter,-2.3488372093023258,0.0,0.0
reference_phi08,inherited_renter,-2.331606978191445,0.0,0.0
reference_phi08,inherited_renter,-2.2915441918355492,0.0,0.0
reference_phi08,inherited_renter,-2.2093023255813953,0.0,0.0
reference_phi08,inherited_renter,-2.1920720944705154,0.0,0.0
reference_phi08,inherited_renter,-2.1394302397944367,0.0,0.0
reference_phi08,inherited_renter,-2.0697674418604652,0.0,0.0
reference_phi08,inherited_renter,-2.052537210749585,0.0,0.0
reference_phi08,inherited_renter,-1.9302325581395348,0.0,0.0
reference_phi08,inherited_renter,-1.9130023270286547,0.0,0.0
reference_phi08,inherited_renter,-1.8957720959177746,0.0,0.0
reference_phi08,inherited_renter,-1.7906976744186047,0.0,0.0
reference_phi08,inherited_renter,-1.7734674433077247,0.0,0.0
reference_phi08,inherited_renter,-1.7562372121968441,0.0,0.0
reference_phi08,inherited_renter,-1.7436581438766625,0.0,0.0
reference_phi08,inherited_renter,-1.6511627906976747,0.0,0.0
reference_phi08,inherited_renter,-1.6339325595867946,0.0,0.0
reference_phi08,inherited_renter,-1.6167023284759146,0.0,0.0
reference_phi08,inherited_renter,-1.59154419183555,0.0,0.0
reference_phi08,inherited_renter,-1.5116279069767442,0.0,0.0
reference_phi08,inherited_renter,-1.4943976758658641,0.0,0.0
reference_phi08,inherited_renter,-1.477167444754984,0.0,0.0
reference_phi08,inherited_renter,-1.4394302397944356,0.0,0.0
reference_phi08,inherited_renter,-1.3720930232558142,0.0,0.0
reference_phi08,inherited_renter,-1.3548627921449337,0.0,0.0
reference_phi08,inherited_renter,-1.3376325610340536,0.0,0.0
reference_phi08,inherited_renter,-1.2325581395348837,0.0,0.0
reference_phi08,inherited_renter,-1.2153279084240036,0.0,0.0
reference_phi08,inherited_renter,-1.198097677313123,0.0,0.0
reference_phi08,inherited_renter,-1.0930232558139537,0.0,0.0
reference_phi08,inherited_renter,-1.0757930247030736,0.0,0.0
reference_phi08,inherited_renter,-1.0585627935921935,0.0,0.0
reference_phi08,inherited_renter,-1.0436581438766623,0.0,0.0
reference_phi08,inherited_renter,-0.9534883720930232,0.0,0.0
reference_phi08,inherited_renter,-0.9362581409821431,0.0,0.0
reference_phi08,inherited_renter,-0.919027909871263,0.0,0.0
reference_phi08,inherited_renter,-0.8915441918355498,0.0,0.0
reference_phi08,inherited_renter,-0.8139534883720927,0.0,0.0
reference_phi08,inherited_renter,-0.7967232572612131,0.0,0.0
reference_phi08,inherited_renter,-0.7794930261503326,0.0,0.0
reference_phi08,inherited_renter,-0.7394302397944363,0.0,0.0
reference_phi08,inherited_renter,-0.6744186046511631,0.0,0.0
reference_phi08,inherited_renter,-0.6571883735402826,0.0,0.0
reference_phi08,inherited_renter,-0.6399581424294025,0.0,0.0
reference_phi08,inherited_renter,-0.5348837209302326,0.0,0.0
reference_phi08,inherited_renter,-0.5176534898193526,0.0,0.0
reference_phi08,inherited_renter,-0.5004232587084725,0.0,0.0
reference_phi08,inherited_renter,-0.39534883720930214,0.0,0.0
reference_phi08,inherited_renter,-0.37811860609842207,0.0,0.0
reference_phi08,inherited_renter,-0.360888374987542,0.0,0.0
reference_phi08,inherited_renter,-0.34365814387666216,0.0,0.0
reference_phi08,inherited_renter,-0.25581395348837255,0.0,0.0
reference_phi08,inherited_renter,-0.23858372237749204,0.0,0.0
reference_phi08,inherited_renter,-0.22135349126661197,0.0,0.0
reference_phi08,inherited_renter,-0.20412326015573168,0.0,0.0
reference_phi08,inherited_renter,-0.1915441918355496,0.0,0.0
reference_phi08,inherited_renter,-0.11627906976744207,0.0,0.0
reference_phi08,inherited_renter,-0.099048838656562,0.0,0.0
reference_phi08,inherited_renter,-0.08181860754568193,0.0,0.0
reference_phi08,inherited_renter,-0.06458837643480209,0.0,0.0
reference_phi08,inherited_renter,-0.03943023979443705,0.0,0.0
reference_phi08,inherited_renter,0.0,0.11750327030424992,0.3100388109182314
reference_phi08,inherited_renter,0.04048604506436848,0.0,0.3100388109182314
reference_phi08,inherited_renter,0.05771627617524855,0.0,0.3100388109182314
reference_phi08,inherited_renter,0.0749465072861284,0.0,0.3100388109182314
reference_phi08,inherited_renter,0.1627906976744189,0.036714013072176484,0.4069107441628187
reference_phi08,inherited_renter,0.18002092878529852,0.0,0.4069107441628187
reference_phi08,inherited_renter,0.19725115989617903,0.0,0.4069107441628187
reference_phi08,inherited_renter,0.21448139100705887,0.0,0.4069107441628187
reference_phi08,inherited_renter,0.3023255813953485,0.02925056575119911,0.48408996309609215
reference_phi08,inherited_renter,0.319555812506229,0.0,0.48408996309609215
reference_phi08,inherited_renter,0.33678604361710907,0.0,0.48408996309609215
reference_phi08,inherited_renter,0.35401627472798936,0.0,0.48408996309609215
reference_phi08,inherited_renter,0.44186046511627897,0.01952421576204812,0.5356056751550224
reference_phi08,inherited_renter,0.45909069622715903,0.0,0.5356056751550224
reference_phi08,inherited_renter,0.4763209273380391,0.0,0.5356056751550224
reference_phi08,inherited_renter,0.49355115844891895,0.0,0.5356056751550224
reference_phi08,inherited_renter,0.5084558081644506,0.0,0.5356056751550224
reference_phi08,inherited_renter,0.5813953488372094,0.013980545444293873,0.5724941096157303
reference_phi08,inherited_renter,0.5986255799480895,0.0,0.5724941096157303
reference_phi08,inherited_renter,0.6158558110589696,0.0,0.5724941096157303
reference_phi08,inherited_renter,0.6330860421698494,0.0,0.5724941096157303
reference_phi08,inherited_renter,0.6605697602055631,0.0,0.5724941096157303
reference_phi08,inherited_renter,0.720930232558139,0.015180386176340408,0.6125483895281585
reference_phi08,inherited_renter,0.73816046366902,0.0,0.6125483895281585
reference_phi08,inherited_renter,0.7553906947798996,0.0,0.6125483895281585
reference_phi08,inherited_renter,0.7726209258907799,0.0,0.6125483895281585
reference_phi08,inherited_renter,0.8604651162790695,0.015559773370107697,0.6536037033192919
reference_phi08,inherited_renter,0.8776953473899496,0.0,0.6536037033192919
reference_phi08,inherited_renter,0.8949255785008301,0.0,0.6536037033192919
reference_phi08,inherited_renter,0.91215580961171,0.0,0.6536037033192919
reference_phi08,inherited_renter,1.0,0.012675989830086701,0.6870499963795245
reference_phi08,inherited_renter,1.01723023111088,0.0,0.6870499963795245
reference_phi08,inherited_renter,1.0344604622217601,0.0,0.6870499963795245
reference_phi08,inherited_renter,1.05169069333264,0.0,0.6870499963795245
reference_phi08,inherited_renter,1.1395348837209305,0.009139128231718138,0.7111640865019051
reference_phi08,inherited_renter,1.1567651148318105,0.0,0.7111640865019051
reference_phi08,inherited_renter,1.1739953459426906,0.0,0.7111640865019051
reference_phi08,inherited_renter,1.1912255770535705,0.0,0.7111640865019051
reference_phi08,inherited_renter,1.2084558081644508,0.0,0.7111640865019051
reference_phi08,inherited_renter,1.27906976744186,0.006663381199683831,0.7287457825559438
reference_phi08,inherited_renter,1.2962999985527401,0.0,0.7287457825559438
reference_phi08,inherited_renter,1.3135302296636207,0.0,0.7287457825559438
reference_phi08,inherited_renter,1.3307604607745005,0.0,0.7287457825559438
reference_phi08,inherited_renter,1.3479906918853812,0.0,0.7287457825559438
reference_phi08,inherited_renter,1.3605697602055633,0.0,0.7287457825559438
reference_phi08,inherited_renter,1.4186046511627906,0.00603981864713971,0.7446821746807955
reference_phi08,inherited_renter,1.4358348822736706,0.0,0.7446821746807955
reference_phi08,inherited_renter,1.4530651133845507,0.0,0.7446821746807955
reference_phi08,inherited_renter,1.4702953444954305,0.0,0.7446821746807955
reference_phi08,inherited_renter,1.4875255756063108,0.0,0.7446821746807955
reference_phi08,inherited_renter,1.5521139520411127,0.0,0.7446821746807955
reference_phi08,inherited_renter,1.558139534883721,0.005358498218743188,0.7588208655593123
reference_phi08,inherited_renter,1.5925999971054812,0.0,0.7588208655593123
reference_phi08,inherited_renter,1.609830228216361,0.0,0.7588208655593123
reference_phi08,inherited_renter,1.6270604593272413,0.0,0.7588208655593123
reference_phi08,inherited_renter,1.6976744186046506,0.006033751042130636,0.774741247976202
reference_phi08,inherited_renter,1.7149046497155316,0.0,0.774741247976202
reference_phi08,inherited_renter,1.7321348808264112,0.0,0.774741247976202
reference_phi08,inherited_renter,1.7493651119372915,0.0,0.774741247976202
reference_phi08,inherited_renter,1.7665953430481718,0.0,0.774741247976202
reference_phi08,inherited_renter,1.837209302325581,0.004341884222805861,0.7861975471761969
reference_phi08,inherited_renter,1.8544395334364612,0.0,0.7861975471761969
reference_phi08,inherited_renter,1.8716697645473417,0.0,0.7861975471761969
reference_phi08,inherited_renter,1.8888999956582215,0.0,0.7861975471761969
reference_phi08,inherited_renter,1.9061302267691023,0.0,0.7861975471761969
reference_phi08,inherited_renter,1.9767441860465116,0.003728796859047874,0.7960361818060369
reference_phi08,inherited_renter,1.9939744171573917,0.0,0.7960361818060369
reference_phi08,inherited_renter,2.0112046482682717,0.0,0.7960361818060369
reference_phi08,inherited_renter,2.0284348793791516,0.0,0.7960361818060369
reference_phi08,inherited_renter,2.045665110490032,0.0,0.7960361818060369
reference_phi08,inherited_renter,2.0605697602055635,0.0,0.7960361818060369
reference_phi08,inherited_renter,2.116279069767442,0.003750325214513811,0.8059316201802526
reference_phi08,inherited_renter,2.1335093008783224,0.0,0.8059316201802526
reference_phi08,inherited_renter,2.150739531989202,0.0,0.8059316201802526
reference_phi08,inherited_renter,2.167969763100082,0.0,0.8059316201802526
reference_phi08,inherited_renter,2.1851999942109623,0.0,0.8059316201802526
reference_phi08,inherited_renter,2.2558139534883717,0.0032322861148823996,0.8144601840322274
reference_phi08,inherited_renter,2.273044184599252,0.0,0.8144601840322274
reference_phi08,inherited_renter,2.2902744157101327,0.0,0.8144601840322274
reference_phi08,inherited_renter,2.307504646821012,0.0,0.8144601840322274
reference_phi08,inherited_renter,2.324734877931893,0.0,0.8144601840322274
reference_phi08,inherited_renter,2.395348837209302,0.0027074370794916078,0.8216039049736789
reference_phi08,inherited_renter,2.4125790683201824,0.0,0.8216039049736789
reference_phi08,inherited_renter,2.4298092994310623,0.0,0.8216039049736789
reference_phi08,inherited_renter,2.4470395305419426,0.0,0.8216039049736789
reference_phi08,inherited_renter,2.464269761652823,0.0,0.8216039049736789
reference_phi08,inherited_renter,2.5348837209302326,0.0027653968991221364,0.8289005560719912
reference_phi08,inherited_renter,2.552113952041113,0.0,0.8289005560719912
reference_phi08,inherited_renter,2.5693441831519928,0.0,0.8289005560719912
reference_phi08,inherited_renter,2.5865744142628726,0.0,0.8289005560719912
reference_phi08,inherited_renter,2.603804645373753,0.0,0.8289005560719912
reference_phi08,inherited_renter,2.674418604651163,0.0024228935388290853,0.8352934933052697
reference_phi08,inherited_renter,2.6916488357620434,0.0,0.8352934933052697
reference_phi08,inherited_renter,2.7088790668729232,0.0,0.8352934933052697
reference_phi08,inherited_renter,2.726109297983803,0.0,0.8352934933052697
reference_phi08,inherited_renter,2.7433395290946834,0.0,0.8352934933052697
reference_phi08,inherited_renter,2.7605697602055637,0.0,0.8352934933052697
reference_phi08,inherited_renter,2.8139534883720927,0.0023430032363261338,0.8414756356021369
reference_phi08,inherited_renter,2.831183719482973,0.0,0.8414756356021369
reference_phi08,inherited_renter,2.848413950593853,0.0,0.8414756356021369
reference_phi08,inherited_renter,2.865644181704733,0.0,0.8414756356021369
reference_phi08,inherited_renter,2.8828744128156134,0.0,0.8414756356021369
reference_phi08,inherited_renter,2.900104643926494,0.0,0.8414756356021369
reference_phi08,inherited_renter,2.953488372093023,0.002071231416970214,0.8469406930766326
reference_phi08,inherited_renter,2.9707186032039035,0.0,0.8469406930766326
reference_phi08,inherited_renter,2.9879488343147833,0.0,0.8469406930766326
reference_phi08,inherited_renter,3.005179065425663,0.0,0.8469406930766326
reference_phi08,inherited_renter,3.0224092965365434,0.0,0.8469406930766326
reference_phi08,inherited_renter,3.0396395276474237,0.0,0.8469406930766326
reference_phi08,inherited_renter,3.0930232558139537,0.001883004175132759,0.8519091026698344
reference_phi08,inherited_renter,3.1042279040822254,0.0,0.8519091026698344
reference_phi08,inherited_renter,3.110253486924834,0.0,0.8519091026698344
reference_phi08,inherited_renter,3.1447139491465936,0.0,0.8519091026698344
reference_phi08,inherited_renter,3.161944180257474,0.0,0.8519091026698344
reference_phi08,inherited_renter,3.179174411368354,0.0,0.8519091026698344
reference_phi08,inherited_renter,3.232558139534884,0.0017854168789195567,0.8566200228399732
reference_phi08,inherited_renter,3.2497883706457635,0.0,0.8566200228399732
reference_phi08,inherited_renter,3.2670186017566443,0.0,0.8566200228399732
reference_phi08,inherited_renter,3.2842488328675237,0.0,0.8566200228399732
reference_phi08,inherited_renter,3.3014790639784044,0.0,0.8566200228399732
reference_phi08,inherited_renter,3.3187092950892847,0.0,0.8566200228399732
reference_phi08,inherited_renter,3.3720930232558146,0.0016681287536725391,0.8610214718712045
reference_phi08,inherited_renter,3.389323254366694,0.0,0.8610214718712045
reference_phi08,inherited_renter,3.406553485477574,0.0,0.8610214718712045
reference_phi08,inherited_renter,3.423783716588454,0.0,0.8610214718712045
reference_phi08,inherited_renter,3.4410139476993344,0.0,0.8610214718712045
reference_phi08,inherited_renter,3.458244178810215,0.0,0.8610214718712045
reference_phi08,inherited_renter,3.5116279069767433,0.001656803722970976,0.8653930391889887
reference_phi08,inherited_renter,3.5288581380876245,0.0,0.8653930391889887
reference_phi08,inherited_renter,3.5460883691985043,0.0,0.8653930391889887
reference_phi08,inherited_renter,3.563318600309384,0.0,0.8653930391889887
reference_phi08,inherited_renter,3.5805488314202645,0.0,0.8653930391889887
reference_phi08,inherited_renter,3.5977790625311448,0.0,0.8653930391889887
reference_phi08,inherited_renter,3.651162790697674,0.0016129719079641506,0.8696489538634897
reference_phi08,inherited_renter,3.668393021808555,0.0,0.8696489538634897
reference_phi08,inherited_renter,3.685623252919435,0.0,0.8696489538634897
reference_phi08,inherited_renter,3.7028534840303147,0.0,0.8696489538634897
reference_phi08,inherited_renter,3.720083715141195,0.0,0.8696489538634897
reference_phi08,inherited_renter,3.7373139462520752,0.0,0.8696489538634897
reference_phi08,inherited_renter,3.7906976744186043,0.0014955515619155652,0.8735950485272604
reference_phi08,inherited_renter,3.8079279055294846,0.0,0.8735950485272604
reference_phi08,inherited_renter,3.8251581366403644,0.0,0.8735950485272604
reference_phi08,inherited_renter,3.842388367751245,0.0,0.8735950485272604
reference_phi08,inherited_renter,3.859618598862125,0.0,0.8735950485272604
reference_phi08,inherited_renter,3.8768488299730057,0.0,0.8735950485272604
reference_phi08,inherited_renter,3.9302325581395348,0.001469653645192505,0.8774728101200853
reference_phi08,inherited_renter,3.947462789250415,0.0,0.8774728101200853
reference_phi08,inherited_renter,3.964693020361295,0.0,0.8774728101200853
reference_phi08,inherited_renter,3.9819232514721747,0.0,0.8774728101200853
reference_phi08,inherited_renter,3.9991534825830555,0.0,0.8774728101200853
reference_phi08,inherited_renter,4.016383713693935,0.0,0.8774728101200853
reference_phi08,inherited_renter,4.069767441860465,0.0014193681556490159,0.8812178906960827
reference_phi08,inherited_renter,4.0869976729713455,0.0,0.8812178906960827
reference_phi08,inherited_renter,4.104227904082226,0.0,0.8812178906960827
reference_phi08,inherited_renter,4.121458135193105,0.0,0.8812178906960827
reference_phi08,inherited_renter,4.1386883663039855,0.0,0.8812178906960827
reference_phi08,inherited_renter,4.155918597414866,0.0,0.8812178906960827
reference_phi08,inherited_renter,4.209302325581396,0.0014206466499966262,0.8849663446494022
reference_phi08,inherited_renter,4.226532556692276,0.0,0.8849663446494022
reference_phi08,inherited_renter,4.243762787803156,0.0,0.8849663446494022
reference_phi08,inherited_renter,4.260993018914036,0.0,0.8849663446494022
reference_phi08,inherited_renter,4.278223250024916,0.0,0.8849663446494022
reference_phi08,inherited_renter,4.295453481135796,0.0,0.8849663446494022
reference_phi08,inherited_renter,4.348837209302326,0.0012393664805372404,0.8882364809521853
reference_phi08,inherited_renter,4.366067440413206,0.0,0.8882364809521853
reference_phi08,inherited_renter,4.383297671524085,0.0,0.8882364809521853
reference_phi08,inherited_renter,4.400527902634965,0.0,0.8882364809521853
reference_phi08,inherited_renter,4.417758133745846,0.0,0.8882364809521853
reference_phi08,inherited_renter,4.434988364856727,0.0,0.8882364809521853
reference_phi08,inherited_renter,4.488372093023255,0.001509948659786717,0.8922205631467974
reference_phi08,inherited_renter,4.505602324134136,0.0,0.8922205631467974
reference_phi08,inherited_renter,4.5228325552450155,0.0,0.8922205631467974
reference_phi08,inherited_renter,4.540062786355896,0.0,0.8922205631467974
reference_phi08,inherited_renter,4.557293017466776,0.0,0.8922205631467974
reference_phi08,inherited_renter,4.574523248577656,0.0,0.8922205631467974
reference_phi08,inherited_renter,4.627906976744185,0.0010902065930654022,0.895097132921358
reference_phi08,inherited_renter,4.645137207855067,0.0,0.895097132921358
reference_phi08,inherited_renter,4.656341856123338,0.0,0.895097132921358
reference_phi08,inherited_renter,4.662367438965946,0.0,0.895097132921358
reference_phi08,inherited_renter,4.6968279011877065,0.0,0.895097132921358
reference_phi08,inherited_renter,4.714058132298587,0.0,0.895097132921358
reference_phi08,inherited_renter,4.767441860465116,0.0014749401992331015,0.8989888433764089
reference_phi08,inherited_renter,4.784672091575997,0.0,0.8989888433764089
reference_phi08,inherited_renter,4.8019023226868764,0.0,0.8989888433764089
reference_phi08,inherited_renter,4.819132553797757,0.0,0.8989888433764089
reference_phi08,inherited_renter,4.836362784908637,0.0,0.8989888433764089
reference_phi08,inherited_renter,4.853593016019517,0.0,0.8989888433764089
reference_phi08,inherited_renter,4.906976744186046,0.001146328203041829,0.9020134930910328
reference_phi08,inherited_renter,4.9242069752969275,0.0,0.9020134930910328
reference_phi08,inherited_renter,4.941437206407807,0.0,0.9020134930910328
reference_phi08,inherited_renter,4.958667437518686,0.0,0.9020134930910328
reference_phi08,inherited_renter,4.9758976686295675,0.0,0.9020134930910328
reference_phi08,inherited_renter,4.993127899740447,0.0,0.9020134930910328
reference_phi08,inherited_renter,5.046511627906977,0.001012823172794284,0.9046858824751792
reference_phi08,inherited_renter,5.063741859017856,0.0,0.9046858824751792
reference_phi08,inherited_renter,5.080972090128737,0.0,0.9046858824751792
reference_phi08,inherited_renter,5.098202321239617,0.0,0.9046858824751792
reference_phi08,inherited_renter,5.115432552350497,0.0,0.9046858824751792
reference_phi08,inherited_renter,5.132662783461377,0.0,0.9046858824751792
reference_phi08,inherited_renter,5.186046511627907,0.0013164165107143893,0.9081593195003635
reference_phi08,inherited_renter,5.203276742738787,0.0,0.9081593195003635
reference_phi08,inherited_renter,5.220506973849668,0.0,0.9081593195003635
reference_phi08,inherited_renter,5.237737204960547,0.0,0.9081593195003635
reference_phi08,inherited_renter,5.254967436071428,0.0,0.9081593195003635
reference_phi08,inherited_renter,5.272197667182308,0.0,0.9081593195003635
reference_phi08,inherited_renter,5.325581395348838,0.0008962258813154032,0.9105240605483165
reference_phi08,inherited_renter,5.342811626459717,0.0,0.9105240605483165
reference_phi08,inherited_renter,5.360041857570597,0.0,0.9105240605483165
reference_phi08,inherited_renter,5.377272088681477,0.0,0.9105240605483165
reference_phi08,inherited_renter,5.394502319792358,0.0,0.9105240605483165
reference_phi08,inherited_renter,5.411732550903238,0.0,0.9105240605483165
reference_phi08,inherited_renter,5.4651162790697665,0.000942553783020241,0.9130110403009429
reference_phi08,inherited_renter,5.482346510180648,0.0,0.9130110403009429
reference_phi08,inherited_renter,5.499576741291527,0.0,0.9130110403009429
reference_phi08,inherited_renter,5.516806972402407,0.0,0.9130110403009429
reference_phi08,inherited_renter,5.534037203513288,0.0,0.9130110403009429
reference_phi08,inherited_renter,5.551267434624169,0.0,0.9130110403009429
reference_phi08,inherited_renter,5.604651162790697,0.0010333722062253277,0.9157376494346674
reference_phi08,inherited_renter,5.621881393901578,0.0,0.9157376494346674
reference_phi08,inherited_renter,5.6391116250124576,0.0,0.9157376494346674
reference_phi08,inherited_renter,5.656341856123338,0.0,0.9157376494346674
reference_phi08,inherited_renter,5.673572087234218,0.0,0.9157376494346674
reference_phi08,inherited_renter,5.690802318345098,0.0,0.9157376494346674
reference_phi08,inherited_renter,5.7441860465116275,0.00143891964353222,0.9195343176817082
reference_phi08,inherited_renter,5.761416277622509,0.0,0.9195343176817082
reference_phi08,inherited_renter,5.778646508733388,0.0,0.9195343176817082
reference_phi08,inherited_renter,5.795876739844268,0.0,0.9195343176817082
reference_phi08,inherited_renter,5.813106970955149,0.0,0.9195343176817082
reference_phi08,inherited_renter,5.830337202066029,0.0,0.9195343176817082
reference_phi08,inherited_renter,5.900951161343439,0.0,0.9195343176817082
reference_phi08,inherited_renter,5.9181813924543185,0.0,0.9195343176817082
reference_phi08,inherited_renter,5.935411623565198,0.0,0.9195343176817082
reference_phi08,inherited_renter,5.952641854676078,0.0,0.9195343176817082
reference_phi08,inherited_renter,5.9698720857869585,0.0,0.9195343176817082
reference_phi08,inherited_renter,6.023255813953488,0.001803252584409126,0.9242922983371217
reference_phi08,inherited_renter,6.040486045064368,0.0,0.9242922983371217
reference_phi08,inherited_renter,6.057716276175249,0.0,0.9242922983371217
reference_phi08,inherited_renter,6.074946507286128,0.0,0.9242922983371217
reference_phi08,inherited_renter,6.092176738397009,0.0,0.9242922983371217
reference_phi08,inherited_renter,6.109406969507889,0.0,0.9242922983371217
reference_phi08,inherited_renter,6.180020928785298,0.0,0.9242922983371217
reference_phi08,inherited_renter,6.1972511598961795,0.0,0.9242922983371217
reference_phi08,inherited_renter,6.208455808164451,0.0,0.9242922983371217
reference_phi08,inherited_renter,6.214481391007059,0.0,0.9242922983371217
reference_phi08,inherited_renter,6.2489418532288195,0.0,0.9242922983371217
reference_phi08,inherited_renter,6.302325581395349,0.0017155382186287505,0.9288188398368709
reference_phi08,inherited_renter,6.319555812506229,0.0,0.9288188398368709
reference_phi08,inherited_renter,6.33678604361711,0.0,0.9288188398368709
reference_phi08,inherited_renter,6.3540162747279885,0.0,0.9288188398368709
reference_phi08,inherited_renter,6.37124650583887,0.0,0.9288188398368709
reference_phi08,inherited_renter,6.38847673694975,0.0,0.9288188398368709
reference_phi08,inherited_renter,6.459090696227159,0.0,0.9288188398368709
reference_phi08,inherited_renter,6.47632092733804,0.0,0.9288188398368709
reference_phi08,inherited_renter,6.493551158448919,0.0,0.9288188398368709
reference_phi08,inherited_renter,6.510781389559799,0.0,0.9288188398368709
reference_phi08,inherited_renter,6.52801162067068,0.0,0.9288188398368709
reference_phi08,inherited_renter,6.581395348837209,0.0014460747979530984,0.9326343873505301
reference_phi08,inherited_renter,6.59862557994809,0.0,0.9326343873505301
reference_phi08,inherited_renter,6.615855811058969,0.0,0.9326343873505301
reference_phi08,inherited_renter,6.633086042169849,0.0,0.9326343873505301
reference_phi08,inherited_renter,6.65031627328073,0.0,0.9326343873505301
reference_phi08,inherited_renter,6.66754650439161,0.0,0.9326343873505301
reference_phi08,inherited_renter,6.73816046366902,0.0,0.9326343873505301
reference_phi08,inherited_renter,6.7553906947799,0.0,0.9326343873505301
reference_phi08,inherited_renter,6.77262092589078,0.0,0.9326343873505301
reference_phi08,inherited_renter,6.78985115700166,0.0,0.9326343873505301
reference_phi08,inherited_renter,6.8070813881125405,0.0,0.9326343873505301
reference_phi08,inherited_renter,6.8604651162790695,0.002291916306374943,0.9386817339861827
reference_phi08,inherited_renter,6.877695347389951,0.0,0.9386817339861827
reference_phi08,inherited_renter,6.89492557850083,0.0,0.9386817339861827
reference_phi08,inherited_renter,6.9121558096117095,0.0,0.9386817339861827
reference_phi08,inherited_renter,6.92938604072259,0.0,0.9386817339861827
reference_phi08,inherited_renter,6.946616271833471,0.0,0.9386817339861827
reference_phi08,inherited_renter,7.017230231110879,0.0,0.9386817339861827
reference_phi08,inherited_renter,7.034460462221761,0.0,0.9386817339861827
reference_phi08,inherited_renter,7.05169069333264,0.0,0.9386817339861827
reference_phi08,inherited_renter,7.06892092444352,0.0,0.9386817339861827
reference_phi08,inherited_renter,7.086151155554401,0.0,0.9386817339861827
reference_phi08,inherited_renter,7.15676511483181,0.0,0.9386817339861827
reference_phi08,inherited_renter,7.173995345942691,0.0,0.9386817339861827
reference_phi08,inherited_renter,7.1912255770535705,0.0,0.9386817339861827
reference_phi08,inherited_renter,7.208455808164451,0.0,0.9386817339861827
reference_phi08,inherited_renter,7.225686039275331,0.0,0.9386817339861827
reference_phi08,inherited_renter,7.29629999855274,0.0,0.9386817339861827
reference_phi08,inherited_renter,7.3135302296636215,0.0,0.9386817339861827
reference_phi08,inherited_renter,7.330760460774501,0.0,0.9386817339861827
reference_phi08,inherited_renter,7.347990691885381,0.0,0.9386817339861827
reference_phi08,inherited_renter,7.3652209229962615,0.0,0.9386817339861827
reference_phi08,inherited_renter,7.453065113384552,0.0,0.9386817339861827
reference_phi08,inherited_renter,7.4702953444954305,0.0,0.9386817339861827
reference_phi08,inherited_renter,7.487525575606311,0.0,0.9386817339861827
reference_phi08,inherited_renter,7.504755806717191,0.0,0.9386817339861827
reference_phi08,inherited_renter,7.571428571428571,0.0028627409053087506,0.946235232573505
reference_phi08,inherited_renter,7.575369765994601,0.0,0.946235232573505
reference_phi08,inherited_renter,7.592599997105481,0.0,0.946235232573505
reference_phi08,inherited_renter,7.609830228216361,0.0,0.946235232573505
reference_phi08,inherited_renter,7.627060459327241,0.0,0.946235232573505
reference_phi08,inherited_renter,7.644290690438122,0.0,0.946235232573505
reference_phi08,inherited_renter,7.732134880826411,0.0,0.946235232573505
reference_phi08,inherited_renter,7.7493651119372915,0.0,0.946235232573505
reference_phi08,inherited_renter,7.760569760205564,0.0,0.946235232573505
reference_phi08,inherited_renter,7.766595343048172,0.0,0.946235232573505
reference_phi08,inherited_renter,7.854439533436462,0.0,0.946235232573505
reference_phi08,inherited_renter,7.871669764547342,0.0,0.946235232573505
reference_phi08,inherited_renter,7.888899995658222,0.0,0.946235232573505
reference_phi08,inherited_renter,7.906130226769101,0.0,0.946235232573505
reference_phi08,inherited_renter,7.9233604578799826,0.0,0.946235232573505
reference_phi08,inherited_renter,8.011204648268272,0.0,0.946235232573505
reference_phi08,inherited_renter,8.028434879379152,0.0,0.946235232573505
reference_phi08,inherited_renter,8.045665110490031,0.0,0.946235232573505
reference_phi08,inherited_renter,8.062895341600912,0.0,0.946235232573505
reference_phi08,inherited_renter,8.133509300878321,0.0,0.946235232573505
reference_phi08,inherited_renter,8.142857142857142,0.002845437777701961,0.9537430759114501
reference_phi08,inherited_renter,8.150739531989203,0.0,0.9537430759114501
reference_phi08,inherited_renter,8.167969763100082,0.0,0.9537430759114501
reference_phi08,inherited_renter,8.185199994210961,0.0,0.9537430759114501
reference_phi08,inherited_renter,8.202430225321843,0.0,0.9537430759114501
reference_phi08,inherited_renter,8.290274415710133,0.0,0.9537430759114501
reference_phi08,inherited_renter,8.307504646821013,0.0,0.9537430759114501
reference_phi08,inherited_renter,8.324734877931892,0.0,0.9537430759114501
reference_phi08,inherited_renter,8.341965109042773,0.0,0.9537430759114501
reference_phi08,inherited_renter,8.412579068320182,0.0,0.9537430759114501
reference_phi08,inherited_renter,8.429809299431064,0.0,0.9537430759114501
reference_phi08,inherited_renter,8.447039530541943,0.0,0.9537430759114501
reference_phi08,inherited_renter,8.464269761652822,0.0,0.9537430759114501
reference_phi08,inherited_renter,8.481499992763702,0.0,0.9537430759114501
reference_phi08,inherited_renter,8.569344183151992,0.0,0.9537430759114501
reference_phi08,inherited_renter,8.586574414262873,0.0,0.9537430759114501
reference_phi08,inherited_renter,8.603804645373753,0.0,0.9537430759114501
reference_phi08,inherited_renter,8.621034876484632,0.0,0.9537430759114501
reference_phi08,inherited_renter,8.708879066872923,0.0,0.9537430759114501
reference_phi08,inherited_renter,8.726109297983804,0.0,0.9537430759114501
reference_phi08,inherited_renter,8.743339529094683,0.0,0.9537430759114501
reference_phi08,inherited_renter,8.760569760205563,0.0,0.9537430759114501
reference_phi08,inherited_renter,8.848413950593853,0.0,0.9537430759114501
reference_phi08,inherited_renter,8.865644181704734,0.0,0.9537430759114501
reference_phi08,inherited_renter,8.882874412815614,0.0,0.9537430759114501
reference_phi08,inherited_renter,8.900104643926493,0.0,0.9537430759114501
reference_phi08,inherited_renter,9.005179065425665,0.0,0.9537430759114501
reference_phi08,inherited_renter,9.022409296536544,0.0,0.9537430759114501
reference_phi08,inherited_renter,9.039639527647424,0.0,0.9537430759114501
reference_phi08,inherited_renter,9.123542523469684,0.0,0.9537430759114501
reference_phi08,inherited_renter,9.127483718035714,0.0,0.9537430759114501
reference_phi08,inherited_renter,9.144713949146592,0.0,0.9537430759114501
reference_phi08,inherited_renter,9.161944180257475,0.0,0.9537430759114501
reference_phi08,inherited_renter,9.179174411368354,0.0,0.9537430759114501
reference_phi08,inherited_renter,9.284248832867522,0.0,0.9537430759114501
reference_phi08,inherited_renter,9.285714285714285,0.0038862488077719116,0.9639971561270406
reference_phi08,inherited_renter,9.301479063978405,0.0,0.9639971561270406
reference_phi08,inherited_renter,9.318709295089285,0.0,0.9639971561270406
reference_phi08,inherited_renter,9.406553485477575,0.0,0.9639971561270406
reference_phi08,inherited_renter,9.423783716588453,0.0,0.9639971561270406
reference_phi08,inherited_renter,9.441013947699336,0.0,0.9639971561270406
reference_phi08,inherited_renter,9.458244178810215,0.0,0.9639971561270406
reference_phi08,inherited_renter,9.563318600309383,0.0,0.9639971561270406
reference_phi08,inherited_renter,9.580548831420266,0.0,0.9639971561270406
reference_phi08,inherited_renter,9.597779062531146,0.0,0.9639971561270406
reference_phi08,inherited_renter,9.685623252919434,0.0,0.9639971561270406
reference_phi08,inherited_renter,9.694971094898255,0.0,0.9639971561270406
reference_phi08,inherited_renter,9.702853484030314,0.0,0.9639971561270406
reference_phi08,inherited_renter,9.720083715141193,0.0,0.9639971561270406
reference_phi08,inherited_renter,9.737313946252076,0.0,0.9639971561270406
reference_phi08,inherited_renter,9.842388367751244,0.0,0.9639971561270406
reference_phi08,inherited_renter,9.859618598862124,0.0,0.9639971561270406
reference_phi08,inherited_renter,9.876848829973007,0.0,0.9639971561270406
reference_phi08,inherited_renter,9.964693020361295,0.0,0.9639971561270406
reference_phi08,inherited_renter,9.981923251472175,0.0,0.9639971561270406
reference_phi08,inherited_renter,9.999153482583054,0.0,0.9639971561270406
reference_phi08,inherited_renter,10.016383713693935,0.0,0.9639971561270406
reference_phi08,inherited_renter,10.121458135193105,0.0,0.9639971561270406
reference_phi08,inherited_renter,10.138688366303985,0.0,0.9639971561270406
reference_phi08,inherited_renter,10.155918597414866,0.0,0.9639971561270406
reference_phi08,inherited_renter,10.260993018914036,0.0,0.9639971561270406
reference_phi08,inherited_renter,10.278223250024915,0.0,0.9639971561270406
reference_phi08,inherited_renter,10.295453481135796,0.0,0.9639971561270406
reference_phi08,inherited_renter,10.400527902634966,0.0,0.9639971561270406
reference_phi08,inherited_renter,10.417758133745846,0.0,0.9639971561270406
reference_phi08,inherited_renter,10.434988364856727,0.0,0.9639971561270406
reference_phi08,inherited_renter,10.557293017466776,0.0,0.9639971561270406
reference_phi08,inherited_renter,10.574523248577655,0.0,0.9639971561270406
reference_phi08,inherited_renter,10.675656475510797,0.0,0.9639971561270406
reference_phi08,inherited_renter,10.679597670076827,0.0,0.9639971561270406
reference_phi08,inherited_renter,10.696827901187707,0.0,0.9639971561270406
reference_phi08,inherited_renter,10.714058132298586,0.0,0.9639971561270406
reference_phi08,inherited_renter,10.836362784908637,0.0,0.9639971561270406
reference_phi08,inherited_renter,10.837828237755398,0.0,0.9639971561270406
reference_phi08,inherited_renter,10.853593016019516,0.0,0.9639971561270406
reference_phi08,inherited_renter,10.958667437518688,0.0,0.9639971561270406
reference_phi08,inherited_renter,10.975897668629568,0.0,0.9639971561270406
reference_phi08,inherited_renter,10.993127899740447,0.0,0.9639971561270406
reference_phi08,inherited_renter,11.0,0.002578887144040189,0.9708016910268801
reference_phi08,inherited_renter,11.115432552350498,0.0,0.9708016910268801
reference_phi08,inherited_renter,11.132662783461377,0.0,0.9708016910268801
reference_phi08,inherited_renter,11.237737204960546,0.0,0.9708016910268801
reference_phi08,inherited_renter,11.247085046939368,0.0,0.9708016910268801
reference_phi08,inherited_renter,11.254967436071428,0.0,0.9708016910268801
reference_phi08,inherited_renter,11.272197667182308,0.0,0.9708016910268801
reference_phi08,inherited_renter,11.394502319792359,0.0,0.9708016910268801
reference_phi08,inherited_renter,11.411732550903238,0.0,0.9708016910268801
reference_phi08,inherited_renter,11.516806972402406,0.0,0.9708016910268801
reference_phi08,inherited_renter,11.53403720351329,0.0,0.9708016910268801
reference_phi08,inherited_renter,11.551267434624169,0.0,0.9708016910268801
reference_phi08,inherited_renter,11.571428571428571,0.0017879096491100256,0.9755191885076225
reference_phi08,inherited_renter,11.673572087234216,0.0,0.9755191885076225
reference_phi08,inherited_renter,11.6908023183451,0.0,0.9755191885076225
reference_phi08,inherited_renter,11.813106970955147,0.0,0.9755191885076225
reference_phi08,inherited_renter,11.83033720206603,0.0,0.9755191885076225
reference_phi08,inherited_renter,11.952641854676077,0.0,0.9755191885076225
reference_phi08,inherited_renter,11.96987208578696,0.0,0.9755191885076225
reference_phi08,inherited_renter,12.10940696950789,0.0,0.9755191885076225
reference_phi08,inherited_renter,12.22777042755191,0.0,0.9755191885076225
reference_phi08,inherited_renter,12.231711622117938,0.0,0.9755191885076225
reference_phi08,inherited_renter,12.248941853228818,0.0,0.9755191885076225
reference_phi08,inherited_renter,12.388476736949748,0.0,0.9755191885076225
reference_phi08,inherited_renter,12.38994218979651,0.0,0.9755191885076225
reference_phi08,inherited_renter,12.5107813895598,0.0,0.9755191885076225
reference_phi08,inherited_renter,12.528011620670679,0.0,0.9755191885076225
reference_phi08,inherited_renter,12.552113952041113,0.0,0.9755191885076225
reference_phi08,inherited_renter,12.66754650439161,0.0,0.9755191885076225
reference_phi08,inherited_renter,12.78985115700166,0.0,0.9755191885076225
reference_phi08,inherited_renter,12.79919899898048,0.0,0.9755191885076225
reference_phi08,inherited_renter,12.80708138811254,0.0,0.9755191885076225
reference_phi08,inherited_renter,12.94661627183347,0.0,0.9755191885076225
reference_phi08,inherited_renter,13.068920924443521,0.0,0.9755191885076225
reference_phi08,inherited_renter,13.0861511555544,0.0,0.9755191885076225
reference_phi08,inherited_renter,13.123542523469684,0.0,0.9755191885076225
reference_phi08,inherited_renter,13.225686039275331,0.0,0.9755191885076225
reference_phi08,inherited_renter,13.285714285714285,0.0022640631387846,0.981493043035884
reference_phi08,inherited_renter,13.365220922996262,0.0,0.981493043035884
reference_phi08,inherited_renter,13.504755806717192,0.0,0.981493043035884
reference_phi08,inherited_renter,13.779884379593021,0.0,0.981493043035884
reference_phi08,inherited_renter,13.783825574159053,0.0,0.981493043035884
reference_phi08,inherited_renter,13.942056141837622,0.0,0.981493043035884
reference_phi08,inherited_renter,14.062895341600914,0.0,0.981493043035884
reference_phi08,inherited_renter,14.104227904082226,0.0,0.981493043035884
reference_phi08,inherited_renter,14.341965109042771,0.0,0.981493043035884
reference_phi08,inherited_renter,14.351312951021594,0.0,0.981493043035884
reference_phi08,inherited_renter,14.621034876484632,0.0,0.981493043035884
reference_phi08,inherited_renter,14.675656475510797,0.0,0.981493043035884
reference_phi08,inherited_renter,14.837828237755398,0.0,0.981493043035884
reference_phi08,inherited_renter,15.331998331634136,0.0,0.981493043035884
reference_phi08,inherited_renter,15.474341649025257,0.002307991425645287,0.9875828047536961
reference_phi08,inherited_renter,15.494170093878736,0.0,0.9875828047536961
reference_phi08,inherited_renter,15.656341856123337,0.0,0.9875828047536961
reference_phi08,inherited_renter,15.903426903062705,0.0,0.9875828047536961
reference_phi08,inherited_renter,16.22777042755191,0.0,0.9875828047536961
reference_phi08,inherited_renter,16.38994218979651,0.0,0.9875828047536961
reference_phi08,inherited_renter,17.02645560106637,0.0,0.9875828047536961
reference_phi08,inherited_renter,17.046284045919847,0.0,0.9875828047536961
reference_phi08,inherited_renter,17.20845580816445,0.0,0.9875828047536961
reference_phi08,inherited_renter,17.77988437959302,0.0,0.9875828047536961
reference_phi08,inherited_renter,17.94205614183762,0.0,0.9875828047536961
reference_phi08,inherited_renter,18.57856955310748,0.0,0.9875828047536961
reference_phi08,inherited_renter,18.760569760205563,0.0,0.9875828047536961
reference_phi08,inherited_renter,18.794733192202056,0.0017901632717933955,0.9923062485412536
reference_phi08,inherited_renter,19.331998331634136,0.0,0.9923062485412536
reference_phi08,inherited_renter,19.494170093878736,0.0,0.9923062485412536
reference_phi08,inherited_renter,20.130683505148596,0.0,0.9923062485412536
reference_phi08,inherited_renter,20.346847144243167,0.0,0.9923062485412536
reference_phi08,inherited_renter,21.046284045919847,0.0,0.9923062485412536
reference_phi08,inherited_renter,21.682797457189707,0.0,0.9923062485412536
reference_phi08,inherited_renter,21.898961096284282,0.0,0.9923062485412536
reference_phi08,inherited_renter,21.97137002317335,0.0011303925259136096,0.9952888510994434
reference_phi08,inherited_renter,23.234911409230822,0.0,0.9952888510994434
reference_phi08,inherited_renter,23.451075048325393,0.0,0.9952888510994434
reference_phi08,inherited_renter,23.52348397521446,0.0,0.9952888510994434
reference_phi08,inherited_renter,25.003189000366508,0.0,0.9952888510994434
reference_phi08,inherited_renter,25.075597927255576,0.0,0.9952888510994434
reference_phi08,inherited_renter,25.733126291998992,0.0009911365656132389,0.9979040191834009
reference_phi08,inherited_renter,26.55530295240762,0.0,0.9979040191834009
reference_phi08,inherited_renter,26.627711879296687,0.0,0.9979040191834009
reference_phi08,inherited_renter,27.285240244040104,0.0,0.9979040191834009
reference_phi08,inherited_renter,28.1798258313378,0.0,0.9979040191834009
reference_phi08,inherited_renter,28.83735419608122,0.0,0.9979040191834009
reference_phi08,inherited_renter,29.731939783378913,0.0,0.9979040191834009
reference_phi08,inherited_renter,30.38946814812233,0.0,0.9979040191834009
reference_phi08,inherited_renter,31.941582100163444,0.0,0.9979040191834009
reference_phi08,inherited_renter,33.493696052204555,0.0,0.9979040191834009
reference_phi08,inherited_renter,33.6605536290589,0.000512489014311126,0.9992562495017082
reference_phi08,inherited_renter,35.212667581100014,0.0,0.9992562495017082
reference_phi08,inherited_renter,36.764781533141125,0.0,0.9992562495017082
reference_phi08,inherited_renter,38.31689548518224,0.0,0.9992562495017082
reference_phi08,inherited_renter,39.869009437223355,0.0,0.9992562495017082
reference_phi08,inherited_renter,41.421123389264466,0.0,0.9992562495017082
reference_phi08,inherited_renter,42.37612633868264,0.00020668752007004085,0.9998016058376488
reference_phi08,inherited_renter,43.92824029072375,0.0,0.9998016058376488
reference_phi08,inherited_renter,45.48035424276486,0.0,0.9998016058376488
reference_phi08,inherited_renter,47.03246819480598,0.0,0.9998016058376488
reference_phi08,inherited_renter,48.58458214684709,0.0,0.9998016058376488
reference_phi08,inherited_renter,50.1366960988882,0.0,0.9998016058376488
reference_phi08,inherited_renter,53.348382301167675,6.576349501099533e-05,0.9999751264191801
reference_phi08,inherited_renter,54.900496253208786,0.0,0.9999751264191801
reference_phi08,inherited_renter,56.4526102052499,0.0,0.9999751264191801
reference_phi08,inherited_renter,58.004724157291015,0.0,0.9999751264191801
reference_phi08,inherited_renter,59.556838109332126,0.0,0.9999751264191801
reference_phi08,inherited_renter,61.10895206137324,0.0,0.9999751264191801
reference_phi08,inherited_renter,75.35659294528742,8.537212889855465e-06,0.9999976523227236
reference_phi08,inherited_renter,76.90870689732853,0.0,0.9999976523227236
reference_phi08,inherited_renter,78.46082084936964,0.0,0.9999976523227236
reference_phi08,inherited_renter,80.01293480141075,0.0,0.9999976523227236
reference_phi08,inherited_renter,81.56504875345186,0.0,0.9999976523227236
reference_phi08,inherited_renter,83.11716270549299,0.0,0.9999976523227236
reference_phi08,inherited_renter,94.86832980505136,8.514816693441768e-07,0.999999899003719
reference_phi08,inherited_renter,96.42044375709247,0.0,0.999999899003719
reference_phi08,inherited_renter,97.97255770913358,0.0,0.999999899003719
reference_phi08,inherited_renter,99.5246716611747,0.0,0.999999899003719
reference_phi08,inherited_renter,101.0767856132158,0.0,0.999999899003719
reference_phi08,inherited_renter,102.62889956525693,0.0,0.999999899003719
reference_phi08,inherited_renter,119.43215116604912,3.769320563230464e-08,0.9999999984593053
reference_phi08,inherited_renter,120.98426511809024,0.0,0.9999999984593053
reference_phi08,inherited_renter,122.53637907013135,0.0,0.9999999984593053
reference_phi08,inherited_renter,124.08849302217246,0.0,0.9999999984593053
reference_phi08,inherited_renter,125.64060697421357,0.0,0.9999999984593053
reference_phi08,inherited_renter,127.1927209262547,0.0,0.9999999984593053
reference_phi08,inherited_renter,168.70239755710477,5.816414334116931e-10,0.9999999999939981
reference_phi08,inherited_renter,170.25451150914589,0.0,0.9999999999939981
reference_phi08,inherited_renter,171.806625461187,0.0,0.9999999999939981
reference_phi08,inherited_renter,173.3587394132281,0.0,0.9999999999939981
reference_phi08,inherited_renter,174.91085336526922,0.0,0.9999999999939981
reference_phi08,inherited_renter,176.46296731731033,0.0,0.9999999999939981
reference_phi08,inherited_renter,212.38373531524127,2.272775309080433e-12,0.999999999999995
reference_phi08,inherited_renter,213.93584926728238,0.0,0.999999999999995
reference_phi08,inherited_renter,215.4879632193235,0.0,0.999999999999995
reference_phi08,inherited_renter,217.0400771713646,0.0,0.999999999999995
reference_phi08,inherited_renter,218.5921911234057,0.0,0.999999999999995
reference_phi08,inherited_renter,220.14430507544682,0.0,0.999999999999995
reference_phi08,inherited_renter,267.3752814401236,1.7655827112369515e-15,0.9999999999999997
reference_phi08,inherited_renter,268.9273953921647,0.0,0.9999999999999997
reference_phi08,inherited_renter,270.47950934420584,0.0,0.9999999999999997
reference_phi08,inherited_renter,272.03162329624695,0.0,0.9999999999999997
reference_phi08,inherited_renter,273.58373724828806,0.0,0.9999999999999997
reference_phi08,inherited_renter,275.13585120032917,0.0,0.9999999999999997
reference_phi08,inherited_renter,377.67762353825,1.3219666080154385e-18,0.9999999999999997
reference_phi08,inherited_renter,379.2297374902911,0.0,0.9999999999999997
reference_phi08,inherited_renter,380.7818514423322,0.0,0.9999999999999997
reference_phi08,inherited_renter,382.3339653943733,0.0,0.9999999999999997
reference_phi08,inherited_renter,383.8860793464144,0.0,0.9999999999999997
reference_phi08,inherited_renter,385.43819329845553,0.0,0.9999999999999997
reference_phi08,inherited_renter,475.4679577383344,2.900185576248142e-23,0.9999999999999997
reference_phi08,inherited_renter,477.0200716903755,0.0,0.9999999999999997
reference_phi08,inherited_renter,478.5721856424166,0.0,0.9999999999999997
reference_phi08,inherited_renter,480.12429959445774,0.0,0.9999999999999997
reference_phi08,inherited_renter,481.67641354649885,0.0,0.9999999999999997
reference_phi08,inherited_renter,483.22852749853996,0.0,0.9999999999999997
reference_phi08,inherited_renter,598.5786944906639,1.43415386015823e-29,0.9999999999999997
reference_phi08,inherited_renter,600.1308084427051,0.0,0.9999999999999997
reference_phi08,inherited_renter,601.6829223947461,0.0,0.9999999999999997
reference_phi08,inherited_renter,603.2350363467873,0.0,0.9999999999999997
reference_phi08,inherited_renter,604.7871502988284,0.0,0.9999999999999997
reference_phi08,inherited_renter,606.3392642508695,0.0,0.9999999999999997
reference_phi08,inherited_renter,845.5148793793368,2.5161930313216173e-35,0.9999999999999997
reference_phi08,inherited_renter,847.066993331378,0.0,0.9999999999999997
reference_phi08,inherited_renter,848.619107283419,0.0,0.9999999999999997
reference_phi08,inherited_renter,850.1712212354602,0.0,0.9999999999999997
reference_phi08,inherited_renter,851.7233351875012,0.0,0.9999999999999997
reference_phi08,inherited_renter,853.2754491395424,0.0,0.9999999999999997
reference_phi08,inherited_renter,1064.4401677007263,0.0,0.9999999999999997
reference_phi08,inherited_renter,1065.9922816527674,0.0,0.9999999999999997
reference_phi08,inherited_renter,1067.5443956048086,0.0,0.9999999999999997
reference_phi08,inherited_renter,1069.0965095568497,0.0,0.9999999999999997
reference_phi08,inherited_renter,1070.6486235088908,0.0,0.9999999999999997
reference_phi08,inherited_renter,1072.2007374609318,0.0,0.9999999999999997
reference_phi08,inherited_renter,1340.0507764528895,0.0,0.9999999999999997
reference_phi08,inherited_renter,1341.6028904049306,0.0,0.9999999999999997
reference_phi08,inherited_renter,1343.1550043569719,0.0,0.9999999999999997
reference_phi08,inherited_renter,1344.707118309013,0.0,0.9999999999999997
reference_phi08,inherited_renter,1346.259232261054,0.0,0.9999999999999997
reference_phi08,inherited_renter,1347.811346213095,0.0,0.9999999999999997
reference_phi08,inherited_renter,1892.8720334405798,0.0,0.9999999999999997
reference_phi08,inherited_renter,1894.4241473926209,0.0,0.9999999999999997
reference_phi08,inherited_renter,1895.9762613446621,0.0,0.9999999999999997
reference_phi08,inherited_renter,1897.5283752967032,0.0,0.9999999999999997
reference_phi08,inherited_renter,1899.0804892487442,0.0,0.9999999999999997
reference_phi08,inherited_renter,1900.6326032007853,0.0,0.9999999999999997
reference_phi08,inherited_renter,2382.984704172845,0.0,0.9999999999999997
reference_phi08,inherited_renter,2384.536818124886,0.0,0.9999999999999997
reference_phi08,inherited_renter,2386.088932076927,0.0,0.9999999999999997
reference_phi08,inherited_renter,2387.641046028968,0.0,0.9999999999999997
reference_phi08,inherited_renter,2389.1931599810096,0.0,0.9999999999999997
reference_phi08,inherited_renter,2390.7452739330506,0.0,0.9999999999999997
reference_phi08,inherited_renter,3000.0,0.0,0.9999999999999997
reference_phi08,inherited_renter,3001.552113952041,0.0,0.9999999999999997
reference_phi08,inherited_renter,3003.104227904082,0.0,0.9999999999999997
reference_phi08,inherited_renter,3004.656341856123,0.0,0.9999999999999997
reference_phi08,inherited_renter,3006.2084558081647,0.0,0.9999999999999997
reference_phi08,inherited_renter,3007.7605697602057,0.0,0.9999999999999997
reference_phi08,inherited_owner,-12.0,0.0,0.0
reference_phi08,inherited_owner,-11.3,0.0,0.0
reference_phi08,inherited_owner,-10.6,0.0,0.0
reference_phi08,inherited_owner,-10.447886047958887,0.0,0.0
reference_phi08,inherited_owner,-9.9,0.0,0.0
reference_phi08,inherited_owner,-9.747886047958888,0.0,0.0
reference_phi08,inherited_owner,-9.2,0.0,0.0
reference_phi08,inherited_owner,-9.047886047958887,0.0,0.0
reference_phi08,inherited_owner,-8.895772095917774,0.0,0.0
reference_phi08,inherited_owner,-8.5,0.0,0.0
reference_phi08,inherited_owner,-8.347886047958887,0.0,0.0
reference_phi08,inherited_owner,-8.195772095917775,0.0,0.0
reference_phi08,inherited_owner,-7.800000000000001,0.0,0.0
reference_phi08,inherited_owner,-7.647886047958886,0.0,0.0
reference_phi08,inherited_owner,-7.495772095917774,0.0,0.0
reference_phi08,inherited_owner,-7.343658143876662,0.0,0.0
reference_phi08,inherited_owner,-7.1000000000000005,0.0,0.0
reference_phi08,inherited_owner,-6.947886047958887,0.0,0.0
reference_phi08,inherited_owner,-6.7957720959177745,0.0,0.0
reference_phi08,inherited_owner,-6.643658143876663,0.0,0.0
reference_phi08,inherited_owner,-6.4,0.0,0.0
reference_phi08,inherited_owner,-6.247886047958888,0.0,0.0
reference_phi08,inherited_owner,-6.0957720959177735,0.0,0.0
reference_phi08,inherited_owner,-5.943658143876662,0.0,0.0
reference_phi08,inherited_owner,-5.791544191835549,0.0,0.0
reference_phi08,inherited_owner,-5.7,0.0,0.0
reference_phi08,inherited_owner,-5.547886047958888,0.0,0.0
reference_phi08,inherited_owner,-5.395772095917774,0.0,0.0
reference_phi08,inherited_owner,-5.2436581438766625,0.0,0.0
reference_phi08,inherited_owner,-5.09154419183555,0.0,0.0
reference_phi08,inherited_owner,-5.0,0.0,0.0
reference_phi08,inherited_owner,-4.8604651162790695,0.0,0.0
reference_phi08,inherited_owner,-4.8478860479588874,0.0,0.0
reference_phi08,inherited_owner,-4.72093023255814,0.0,0.0
reference_phi08,inherited_owner,-4.695772095917775,0.0,0.0
reference_phi08,inherited_owner,-4.5813953488372094,0.0,0.0
reference_phi08,inherited_owner,-4.5436581438766614,0.0,0.0
reference_phi08,inherited_owner,-4.441860465116279,0.0,0.0
reference_phi08,inherited_owner,-4.391544191835549,0.0,0.0
reference_phi08,inherited_owner,-4.3023255813953485,0.0,0.0
reference_phi08,inherited_owner,-4.239430239794436,0.0,0.0
reference_phi08,inherited_owner,-4.162790697674419,0.0,0.0
reference_phi08,inherited_owner,-4.147886047958887,0.0,0.0
reference_phi08,inherited_owner,-4.023255813953488,0.0,0.0
reference_phi08,inherited_owner,-3.995772095917775,0.0,0.0
reference_phi08,inherited_owner,-3.883720930232558,0.0,0.0
reference_phi08,inherited_owner,-3.843658143876662,0.0,0.0
reference_phi08,inherited_owner,-3.744186046511628,0.0,0.0
reference_phi08,inherited_owner,-3.6915441918355496,0.0,0.0
reference_phi08,inherited_owner,-3.604651162790698,0.0,0.0
reference_phi08,inherited_owner,-3.539430239794437,0.0,0.0
reference_phi08,inherited_owner,-3.4651162790697674,0.0,0.0
reference_phi08,inherited_owner,-3.447886047958887,0.0,0.0
reference_phi08,inherited_owner,-3.3255813953488373,0.0,0.0
reference_phi08,inherited_owner,-3.3083511642379566,0.0,0.0
reference_phi08,inherited_owner,-3.295772095917775,0.0,0.0
reference_phi08,inherited_owner,-3.1860465116279073,0.0,0.0
reference_phi08,inherited_owner,-3.168816280517027,0.0,0.0
reference_phi08,inherited_owner,-3.143658143876663,0.0,0.0
reference_phi08,inherited_owner,-3.046511627906977,0.0,0.0
reference_phi08,inherited_owner,-3.0292813967960965,0.0,0.0
reference_phi08,inherited_owner,-2.9915441918355485,0.0,0.0
reference_phi08,inherited_owner,-2.9069767441860463,0.0,0.0
reference_phi08,inherited_owner,-2.889746513075166,0.0,0.0
reference_phi08,inherited_owner,-2.839430239794436,0.0,0.0
reference_phi08,inherited_owner,-2.7674418604651163,0.0,0.0
reference_phi08,inherited_owner,-2.7502116293542356,0.0,0.0
reference_phi08,inherited_owner,-2.6279069767441863,0.0,0.0
reference_phi08,inherited_owner,-2.610676745633306,0.0,0.0
reference_phi08,inherited_owner,-2.595772095917775,0.0,0.0
reference_phi08,inherited_owner,-2.488372093023256,0.0,0.0
reference_phi08,inherited_owner,-2.4711418619123755,0.0,0.0
reference_phi08,inherited_owner,-2.4436581438766627,0.0,0.0
reference_phi08,inherited_owner,-2.3488372093023258,0.0,0.0
reference_phi08,inherited_owner,-2.331606978191445,0.0,0.0
reference_phi08,inherited_owner,-2.2915441918355492,0.0,0.0
reference_phi08,inherited_owner,-2.2093023255813953,0.0,0.0
reference_phi08,inherited_owner,-2.1920720944705154,0.0,0.0
reference_phi08,inherited_owner,-2.1394302397944367,0.0,0.0
reference_phi08,inherited_owner,-2.0697674418604652,0.0,0.0
reference_phi08,inherited_owner,-2.052537210749585,0.0,0.0
reference_phi08,inherited_owner,-1.9302325581395348,0.0,0.0
reference_phi08,inherited_owner,-1.9130023270286547,0.0,0.0
reference_phi08,inherited_owner,-1.8957720959177746,0.0,0.0
reference_phi08,inherited_owner,-1.7906976744186047,0.0,0.0
reference_phi08,inherited_owner,-1.7734674433077247,0.0,0.0
reference_phi08,inherited_owner,-1.7562372121968441,0.0,0.0
reference_phi08,inherited_owner,-1.7436581438766625,0.0,0.0
reference_phi08,inherited_owner,-1.6511627906976747,0.0,0.0
reference_phi08,inherited_owner,-1.6339325595867946,0.0,0.0
reference_phi08,inherited_owner,-1.6167023284759146,0.0,0.0
reference_phi08,inherited_owner,-1.59154419183555,0.0,0.0
reference_phi08,inherited_owner,-1.5116279069767442,0.0,0.0
reference_phi08,inherited_owner,-1.4943976758658641,0.0,0.0
reference_phi08,inherited_owner,-1.477167444754984,0.0,0.0
reference_phi08,inherited_owner,-1.4394302397944356,0.0,0.0
reference_phi08,inherited_owner,-1.3720930232558142,0.0,0.0
reference_phi08,inherited_owner,-1.3548627921449337,0.0,0.0
reference_phi08,inherited_owner,-1.3376325610340536,0.0,0.0
reference_phi08,inherited_owner,-1.2325581395348837,0.0,0.0
reference_phi08,inherited_owner,-1.2153279084240036,0.0,0.0
reference_phi08,inherited_owner,-1.198097677313123,0.0,0.0
reference_phi08,inherited_owner,-1.0930232558139537,0.0,0.0
reference_phi08,inherited_owner,-1.0757930247030736,0.0,0.0
reference_phi08,inherited_owner,-1.0585627935921935,0.0,0.0
reference_phi08,inherited_owner,-1.0436581438766623,0.0,0.0
reference_phi08,inherited_owner,-0.9534883720930232,0.0,0.0
reference_phi08,inherited_owner,-0.9362581409821431,0.0,0.0
reference_phi08,inherited_owner,-0.919027909871263,0.0,0.0
reference_phi08,inherited_owner,-0.8915441918355498,0.0,0.0
reference_phi08,inherited_owner,-0.8139534883720927,0.0,0.0
reference_phi08,inherited_owner,-0.7967232572612131,0.0,0.0
reference_phi08,inherited_owner,-0.7794930261503326,0.0,0.0
reference_phi08,inherited_owner,-0.7394302397944363,0.0,0.0
reference_phi08,inherited_owner,-0.6744186046511631,0.0,0.0
reference_phi08,inherited_owner,-0.6571883735402826,0.0,0.0
reference_phi08,inherited_owner,-0.6399581424294025,0.0,0.0
reference_phi08,inherited_owner,-0.5348837209302326,0.0,0.0
reference_phi08,inherited_owner,-0.5176534898193526,0.0,0.0
reference_phi08,inherited_owner,-0.5004232587084725,0.0,0.0
reference_phi08,inherited_owner,-0.39534883720930214,0.0,0.0
reference_phi08,inherited_owner,-0.37811860609842207,0.0,0.0
reference_phi08,inherited_owner,-0.360888374987542,0.0,0.0
reference_phi08,inherited_owner,-0.34365814387666216,0.0,0.0
reference_phi08,inherited_owner,-0.25581395348837255,0.0,0.0
reference_phi08,inherited_owner,-0.23858372237749204,0.0,0.0
reference_phi08,inherited_owner,-0.22135349126661197,0.0,0.0
reference_phi08,inherited_owner,-0.20412326015573168,0.0,0.0
reference_phi08,inherited_owner,-0.1915441918355496,0.0,0.0
reference_phi08,inherited_owner,-0.11627906976744207,0.0,0.0
reference_phi08,inherited_owner,-0.099048838656562,0.0,0.0
reference_phi08,inherited_owner,-0.08181860754568193,0.0,0.0
reference_phi08,inherited_owner,-0.06458837643480209,0.0,0.0
reference_phi08,inherited_owner,-0.03943023979443705,0.0,0.0
reference_phi08,inherited_owner,0.0,0.0,0.0
reference_phi08,inherited_owner,0.04048604506436848,0.0,0.0
reference_phi08,inherited_owner,0.05771627617524855,0.0,0.0
reference_phi08,inherited_owner,0.0749465072861284,0.0,0.0
reference_phi08,inherited_owner,0.1627906976744189,0.0,0.0
reference_phi08,inherited_owner,0.18002092878529852,0.0006122542401848979,0.0009859092820018634
reference_phi08,inherited_owner,0.19725115989617903,0.0,0.0009859092820018634
reference_phi08,inherited_owner,0.21448139100705887,0.0,0.0009859092820018634
reference_phi08,inherited_owner,0.3023255813953485,0.0,0.0009859092820018634
reference_phi08,inherited_owner,0.319555812506229,0.011561264331845279,0.019602942972125562
reference_phi08,inherited_owner,0.33678604361710907,0.0,0.019602942972125562
reference_phi08,inherited_owner,0.35401627472798936,0.0,0.019602942972125562
reference_phi08,inherited_owner,0.44186046511627897,0.0,0.019602942972125562
reference_phi08,inherited_owner,0.45909069622715903,0.008028958137379312,0.03253192546484968
reference_phi08,inherited_owner,0.4763209273380391,0.0,0.03253192546484968
reference_phi08,inherited_owner,0.49355115844891895,0.0,0.03253192546484968
reference_phi08,inherited_owner,0.5084558081644506,0.0,0.03253192546484968
reference_phi08,inherited_owner,0.5813953488372094,0.0,0.03253192546484968
reference_phi08,inherited_owner,0.5986255799480895,0.006335156721737554,0.042733389832023884
reference_phi08,inherited_owner,0.6158558110589696,0.002689786858066927,0.04706473726242135
reference_phi08,inherited_owner,0.6330860421698494,0.0,0.04706473726242135
reference_phi08,inherited_owner,0.6605697602055631,0.0,0.04706473726242135
reference_phi08,inherited_owner,0.720930232558139,0.0,0.04706473726242135
reference_phi08,inherited_owner,0.73816046366902,0.004129718555659553,0.053714797954284424
reference_phi08,inherited_owner,0.7553906947798996,0.002394725966040956,0.05757101062348154
reference_phi08,inherited_owner,0.7726209258907799,0.0,0.05757101062348154
reference_phi08,inherited_owner,0.8604651162790695,0.0,0.05757101062348154
reference_phi08,inherited_owner,0.8776953473899496,0.003470772883197267,0.0631599751037131
reference_phi08,inherited_owner,0.8949255785008301,0.0026290740795077904,0.06739355711577799
reference_phi08,inherited_owner,0.91215580961171,0.0007928828315847466,0.06867033152074291
reference_phi08,inherited_owner,1.0,0.0,0.06867033152074291
reference_phi08,inherited_owner,1.01723023111088,0.002553151706581927,0.0727816561971026
reference_phi08,inherited_owner,1.0344604622217601,0.0040786431427143,0.07934947046191014
reference_phi08,inherited_owner,1.05169069333264,0.0013297211027992041,0.08149071227238348
reference_phi08,inherited_owner,1.1395348837209305,0.0,0.08149071227238348
reference_phi08,inherited_owner,1.1567651148318105,0.002051216033754547,0.08479377298529733
reference_phi08,inherited_owner,1.1739953459426906,0.004750118859348379,0.09244286051571504
reference_phi08,inherited_owner,1.1912255770535705,0.0023774250874529375,0.09627121368526775
reference_phi08,inherited_owner,1.2084558081644508,0.00025562005286457206,0.09668283710286775
reference_phi08,inherited_owner,1.27906976744186,0.0,0.09668283710286775
reference_phi08,inherited_owner,1.2962999985527401,0.0015054576439293356,0.09910706639748619
reference_phi08,inherited_owner,1.3135302296636207,0.005323214920428591,0.10767900703207686
reference_phi08,inherited_owner,1.3307604607745005,0.004179974526241835,0.1144099946079385
reference_phi08,inherited_owner,1.3479906918853812,0.0002799962561627262,0.11486087087756341
reference_phi08,inherited_owner,1.3605697602055633,2.9122071771899662e-05,0.11490776597274865
reference_phi08,inherited_owner,1.4186046511627906,0.0,0.11490776597274865
reference_phi08,inherited_owner,1.4358348822736706,0.0010703837215439937,0.1166313983743066
reference_phi08,inherited_owner,1.4530651133845507,0.0050860871146709615,0.12482149354442718
reference_phi08,inherited_owner,1.4702953444954305,0.0033312127069194362,0.13018572512097384
reference_phi08,inherited_owner,1.4875255756063108,0.00031853625503892733,0.13069866211656272
reference_phi08,inherited_owner,1.5521139520411127,0.0008006118977375863,0.13198788258978025
reference_phi08,inherited_owner,1.558139534883721,0.0,0.13198788258978025
reference_phi08,inherited_owner,1.5925999971054812,0.004546624571309908,0.13930928450490376
reference_phi08,inherited_owner,1.609830228216361,0.0031020845220911765,0.14430455235794531
reference_phi08,inherited_owner,1.6270604593272413,0.00038247598926474023,0.14492045111896507
reference_phi08,inherited_owner,1.6976744186046506,0.0,0.14492045111896507
reference_phi08,inherited_owner,1.7149046497155316,0.0006796621241540282,0.1460149069068518
reference_phi08,inherited_owner,1.7321348808264112,0.004145539639454697,0.15269044419379776
reference_phi08,inherited_owner,1.7493651119372915,0.0036054555443302194,0.1584962873447194
reference_phi08,inherited_owner,1.7665953430481718,0.0011813498035619274,0.16039860775375578
reference_phi08,inherited_owner,1.837209302325581,0.0,0.16039860775375578
reference_phi08,inherited_owner,1.8544395334364612,0.0004664298723481103,0.16114969694247594
reference_phi08,inherited_owner,1.8716697645473417,0.0039019112996496836,0.1674329209944822
reference_phi08,inherited_owner,1.8888999956582215,0.004320616715354164,0.1743903838327202
reference_phi08,inherited_owner,1.9061302267691023,0.002124783303839251,0.17781190947354725
reference_phi08,inherited_owner,1.9767441860465116,0.0,0.17781190947354725
reference_phi08,inherited_owner,1.9939744171573917,0.00036604109285207206,0.17840134322075654
reference_phi08,inherited_owner,2.0112046482682717,0.003870160841923968,0.18463343970365015
reference_phi08,inherited_owner,2.0284348793791516,0.004547827888742115,0.19195677931352154
reference_phi08,inherited_owner,2.045665110490032,0.0015217589745936658,0.19440725854183763
reference_phi08,inherited_owner,2.0605697602055635,0.0005556182191681797,0.195301967183401
reference_phi08,inherited_owner,2.116279069767442,0.0,0.195301967183401
reference_phi08,inherited_owner,2.1335093008783224,0.0002827113414064341,0.19575721553829298
reference_phi08,inherited_owner,2.150739531989202,0.004249092151380114,0.20259950280585326
reference_phi08,inherited_owner,2.167969763100082,0.004501823727557754,0.20984876219455925
reference_phi08,inherited_owner,2.1851999942109623,0.0015268446318332726,0.21230743082582026
reference_phi08,inherited_owner,2.2558139534883717,0.0,0.21230743082582026
reference_phi08,inherited_owner,2.273044184599252,0.00022987268887875813,0.21267759341967316
reference_phi08,inherited_owner,2.2902744157101327,0.003628712947380379,0.21852088782537993
reference_phi08,inherited_owner,2.307504646821012,0.004221608524930902,0.22531891837630044
reference_phi08,inherited_owner,2.324734877931893,0.0017828738352581822,0.22818986927782212
reference_phi08,inherited_owner,2.395348837209302,0.0,0.22818986927782212
reference_phi08,inherited_owner,2.4125790683201824,0.000167744327391584,0.22845998694875663
reference_phi08,inherited_owner,2.4298092994310623,0.004034680201121219,0.23495700795590108
reference_phi08,inherited_owner,2.4470395305419426,0.003750919586036536,0.24099709096912647
reference_phi08,inherited_owner,2.464269761652823,0.003174405839448345,0.2461088173999763
reference_phi08,inherited_owner,2.5348837209302326,0.0,0.2461088173999763
reference_phi08,inherited_owner,2.552113952041113,0.0001292144143046264,0.24631689058603198
reference_phi08,inherited_owner,2.5693441831519928,0.0037833582935215106,0.25240920945277456
reference_phi08,inherited_owner,2.5865744142628726,0.004081520875895249,0.25898165771383397
reference_phi08,inherited_owner,2.603804645373753,0.0030665652667290744,0.26391972912583384
reference_phi08,inherited_owner,2.674418604651163,0.0,0.26391972912583384
reference_phi08,inherited_owner,2.6916488357620434,0.0001021477966988206,0.2640842171020559
reference_phi08,inherited_owner,2.7088790668729232,0.0036424530371780136,0.2699496370908585
reference_phi08,inherited_owner,2.726109297983803,0.0033477071471981986,0.27534042956434135
reference_phi08,inherited_owner,2.7433395290946834,0.003216678814883545,0.280520227910621
reference_phi08,inherited_owner,2.7605697602055637,0.001243423366094537,0.2825225050001523
reference_phi08,inherited_owner,2.8139534883720927,0.0,0.2825225050001523
reference_phi08,inherited_owner,2.831183719482973,8.896481959854612e-05,0.2826657645084692
reference_phi08,inherited_owner,2.848413950593853,0.003330984826618042,0.2880296291307515
reference_phi08,inherited_owner,2.865644181704733,0.0032544401891496863,0.2932702343885176
reference_phi08,inherited_owner,2.8828744128156134,0.002891160283782797,0.29792585222250073
reference_phi08,inherited_owner,2.900104643926494,0.0003577862300271141,0.29850199321427184
reference_phi08,inherited_owner,2.953488372093023,0.0,0.29850199321427184
reference_phi08,inherited_owner,2.9707186032039035,7.901169518049022e-05,0.29862922526682834
reference_phi08,inherited_owner,2.9879488343147833,0.003147972643909159,0.30369838648354885
reference_phi08,inherited_owner,3.005179065425663,0.0032932229032016673,0.30900144331005136
reference_phi08,inherited_owner,3.0224092965365434,0.0037657497183514682,0.31506540719521353
reference_phi08,inherited_owner,3.0396395276474237,0.0009156130877013656,0.31653981338571135
reference_phi08,inherited_owner,3.0930232558139537,0.0,0.31653981338571135
reference_phi08,inherited_owner,3.1042279040822254,0.003110578514251672,0.32154875906270686
reference_phi08,inherited_owner,3.110253486924834,6.86730628291065e-05,0.3216593428784208
reference_phi08,inherited_owner,3.1447139491465936,0.00294393550039716,0.32639994432297725
reference_phi08,inherited_owner,3.161944180257474,0.003330657781739385,0.33176328230687907
reference_phi08,inherited_owner,3.179174411368354,0.0008608832058852372,0.3331495573013086
reference_phi08,inherited_owner,3.232558139534884,0.0,0.3331495573013086
reference_phi08,inherited_owner,3.2497883706457635,6.355021817712516e-05,0.3332518918314135
reference_phi08,inherited_owner,3.2670186017566443,0.0031988330279361836,0.3384029532154294
reference_phi08,inherited_owner,3.2842488328675237,0.0028782020471214724,0.34303770447967036
reference_phi08,inherited_owner,3.3014790639784044,0.003074611153282081,0.3479887321338877
reference_phi08,inherited_owner,3.3187092950892847,0.00037828541090389794,0.3485978828320412
reference_phi08,inherited_owner,3.3720930232558146,0.0,0.3485978828320412
reference_phi08,inherited_owner,3.389323254366694,6.023867900643318e-05,0.34869488481074534
reference_phi08,inherited_owner,3.406553485477574,0.0028427658279591276,0.3532725733466323
reference_phi08,inherited_owner,3.423783716588454,0.002611227646605368,0.35747741735625593
reference_phi08,inherited_owner,3.4410139476993344,0.002835593439779026,0.3620435562390466
reference_phi08,inherited_owner,3.458244178810215,0.00036526188836645004,0.3626317352380083
reference_phi08,inherited_owner,3.5116279069767433,0.0,0.3626317352380083
reference_phi08,inherited_owner,3.5288581380876245,5.4758166458157764e-05,0.3627199119806638
reference_phi08,inherited_owner,3.5460883691985043,0.002572797718382746,0.36686287251042793
reference_phi08,inherited_owner,3.563318600309384,0.002737280848858328,0.3712706992255526
reference_phi08,inherited_owner,3.5805488314202645,0.0029259462256243265,0.37598233265027203
reference_phi08,inherited_owner,3.5977790625311448,0.0006865251104543532,0.3770878398632885
reference_phi08,inherited_owner,3.651162790697674,0.0,0.3770878398632885
reference_phi08,inherited_owner,3.668393021808555,5.2440175511034816e-05,0.3771722839592094
reference_phi08,inherited_owner,3.685623252919435,0.0025023978764916466,0.38120188005143046
reference_phi08,inherited_owner,3.7028534840303147,0.0024838535940716385,0.3852016143983733
reference_phi08,inherited_owner,3.720083715141195,0.0026803411476181227,0.38951775145864126
reference_phi08,inherited_owner,3.7373139462520752,0.0012498953835534763,0.39153045039855305
reference_phi08,inherited_owner,3.7906976744186043,0.0,0.39153045039855305
reference_phi08,inherited_owner,3.8079279055294846,4.9880339462910815e-05,0.391610772406043
reference_phi08,inherited_owner,3.8251581366403644,0.0023845621202809204,0.3954506182961834
reference_phi08,inherited_owner,3.842388367751245,0.0025015852491647997,0.3994789058195588
reference_phi08,inherited_owner,3.859618598862125,0.0026555522148458003,0.4037551254120379
reference_phi08,inherited_owner,3.8768488299730057,0.0010981391916943146,0.40552345227849534
reference_phi08,inherited_owner,3.9302325581395348,0.0,0.40552345227849534
reference_phi08,inherited_owner,3.947462789250415,4.5059681542117234e-05,0.40559601160983294
reference_phi08,inherited_owner,3.964693020361295,0.0021089415136518607,0.4089920273121995
reference_phi08,inherited_owner,3.9819232514721747,0.0022256155720172897,0.41257592254166675
reference_phi08,inherited_owner,3.9991534825830555,0.0027419685567924377,0.41699129784438826
reference_phi08,inherited_owner,4.016383713693935,0.000874814371447462,0.4184000061100562
reference_phi08,inherited_owner,4.069767441860465,0.0,0.4184000061100562
reference_phi08,inherited_owner,4.0869976729713455,4.4128266518809675e-05,0.41847106558944236
reference_phi08,inherited_owner,4.104227904082226,0.0019534990407487816,0.4216167732223928
reference_phi08,inherited_owner,4.121458135193105,0.0022276263555757628,0.4252039064044038
reference_phi08,inherited_owner,4.1386883663039855,0.0032756881335406322,0.4304787270978885
reference_phi08,inherited_owner,4.155918597414866,0.0008718932860309,0.43188273155746293
reference_phi08,inherited_owner,4.209302325581396,0.0,0.43188273155746293
reference_phi08,inherited_owner,4.226532556692276,4.6305275597636764e-05,0.43195729666133803
reference_phi08,inherited_owner,4.243762787803156,0.0018697128188015168,0.4349680838502966
reference_phi08,inherited_owner,4.260993018914036,0.0023089197950326022,0.43868612336380497
reference_phi08,inherited_owner,4.278223250024916,0.0028941694955122244,0.4433465869131476
reference_phi08,inherited_owner,4.295453481135796,0.0012067758017524392,0.4452898506525439
reference_phi08,inherited_owner,4.348837209302326,0.0,0.4452898506525439
reference_phi08,inherited_owner,4.366067440413206,4.284790707323282e-05,0.44535884837689627
reference_phi08,inherited_owner,4.383297671524085,0.0017618916798926494,0.4481960118411516
reference_phi08,inherited_owner,4.400527902634965,0.0020927292492934,0.45156592103275156
reference_phi08,inherited_owner,4.417758133745846,0.0028111042954733854,0.45609262519529936
reference_phi08,inherited_owner,4.434988364856727,0.001377950894313388,0.458311531145932
reference_phi08,inherited_owner,4.488372093023255,0.0,0.458311531145932
reference_phi08,inherited_owner,4.505602324134136,3.787026979564416e-05,0.45837251341122776
reference_phi08,inherited_owner,4.5228325552450155,0.0015751836855733298,0.4609090221269464
reference_phi08,inherited_owner,4.540062786355896,0.00185791314459959,0.46390080837225
reference_phi08,inherited_owner,4.557293017466776,0.002613269517363257,0.46810894039394557
reference_phi08,inherited_owner,4.574523248577656,0.0013041686571326784,0.4702090352564568
reference_phi08,inherited_owner,4.627906976744185,0.0,0.4702090352564568
reference_phi08,inherited_owner,4.645137207855067,3.686074524802235e-05,0.4702683918905089
reference_phi08,inherited_owner,4.656341856123338,0.0018949835593853543,0.473319872399447
reference_phi08,inherited_owner,4.662367438965946,0.0014158980161518714,0.475599884369753
reference_phi08,inherited_owner,4.6968279011877065,0.002827587960794942,0.4801531320783889
reference_phi08,inherited_owner,4.714058132298587,0.001149699837460091,0.48200448673936375
reference_phi08,inherited_owner,4.767441860465116,0.0,0.48200448673936375
reference_phi08,inherited_owner,4.784672091575997,3.785829971114446e-05,0.48206544972930526
reference_phi08,inherited_owner,4.8019023226868764,0.0013360492747946523,0.4842168817566834
reference_phi08,inherited_owner,4.819132553797757,0.001923803992809045,0.48731477163440795
reference_phi08,inherited_owner,4.836362784908637,0.0025258149337042853,0.49138207607154166
reference_phi08,inherited_owner,4.853593016019517,0.0012462759981496882,0.49338894673713457
reference_phi08,inherited_owner,4.906976744186046,0.0,0.49338894673713457
reference_phi08,inherited_owner,4.9242069752969275,3.7554499640819956e-05,0.49344942051966917
reference_phi08,inherited_owner,4.941437206407807,0.0012549029966089414,0.4954701831884505
reference_phi08,inherited_owner,4.958667437518686,0.0019627654072112517,0.4986308123949993
reference_phi08,inherited_owner,4.9758976686295675,0.0026557885650595418,0.5029074125807912
reference_phi08,inherited_owner,4.993127899740447,0.0012994394329681326,0.504999892002372
reference_phi08,inherited_owner,5.046511627906977,0.0,0.504999892002372
reference_phi08,inherited_owner,5.063741859017856,3.269727115874427e-05,0.5050525442194017
reference_phi08,inherited_owner,5.080972090128737,0.001149449042377838,0.5069034950265798
reference_phi08,inherited_owner,5.098202321239617,0.0018178528229779295,0.5098307723794422
reference_phi08,inherited_owner,5.115432552350497,0.002676788063361978,0.5141411879297263
reference_phi08,inherited_owner,5.132662783461377,0.0012114632020663533,0.5160919997613604
reference_phi08,inherited_owner,5.186046511627907,0.0,0.5160919997613604
reference_phi08,inherited_owner,5.203276742738787,3.368841391934873e-05,0.5161462480095539
reference_phi08,inherited_owner,5.220506973849668,0.0010656081466412848,0.5178621903318695
reference_phi08,inherited_owner,5.237737204960547,0.0017229125724109874,0.5206365859762422
reference_phi08,inherited_owner,5.254967436071428,0.002672452526603288,0.524940020038033
reference_phi08,inherited_owner,5.272197667182308,0.0018410615502736816,0.527904670263409
reference_phi08,inherited_owner,5.325581395348838,0.0,0.527904670263409
reference_phi08,inherited_owner,5.342811626459717,2.9427718858538716e-05,0.5279520575402403
reference_phi08,inherited_owner,5.360041857570597,0.0009656792750797635,0.5295070850079969
reference_phi08,inherited_owner,5.377272088681477,0.0017262670326050268,0.5322868823192335
reference_phi08,inherited_owner,5.394502319792358,0.0024405738091537715,0.5362169234915554
reference_phi08,inherited_owner,5.411732550903238,0.0012576797962515558,0.5382421576239252
reference_phi08,inherited_owner,5.4651162790697665,0.0,0.5382421576239252
reference_phi08,inherited_owner,5.482346510180648,2.7915345420160326e-05,0.5382871095350003
reference_phi08,inherited_owner,5.499576741291527,0.0008428287066298723,0.5396443114790048
reference_phi08,inherited_owner,5.516806972402407,0.0015335248815119226,0.5421137372757242
reference_phi08,inherited_owner,5.534037203513288,0.0023958472032266885,0.5459717554663472
reference_phi08,inherited_owner,5.551267434624169,0.0012210456415504647,0.5479379978420454
reference_phi08,inherited_owner,5.604651162790697,0.0,0.5479379978420454
reference_phi08,inherited_owner,5.621881393901578,2.816665178920256e-05,0.5479833544302392
reference_phi08,inherited_owner,5.6391116250124576,0.0008189450493444744,0.5493020966660698
reference_phi08,inherited_owner,5.656341856123338,0.0014984554336510752,0.551715050344033
reference_phi08,inherited_owner,5.673572087234218,0.0024604150086209287,0.5556770416792723
reference_phi08,inherited_owner,5.690802318345098,0.0014062289195887474,0.5579414835621465
reference_phi08,inherited_owner,5.7441860465116275,0.0,0.5579414835621465
reference_phi08,inherited_owner,5.761416277622509,2.6358740358698736e-05,0.5579839288815512
reference_phi08,inherited_owner,5.778646508733388,0.0007266838947588623,0.5591541035408687
reference_phi08,inherited_owner,5.795876739844268,0.0014583545145410775,0.5615024829525019
reference_phi08,inherited_owner,5.813106970955149,0.0022613380395584363,0.5651439018543477
reference_phi08,inherited_owner,5.830337202066029,0.001304666260641566,0.5672447980047651
reference_phi08,inherited_owner,5.900951161343439,3.4190760580234166e-05,0.5672998551787336
reference_phi08,inherited_owner,5.9181813924543185,0.0006562317428925889,0.5683565811660729
reference_phi08,inherited_owner,5.935411623565198,0.0014356376982985212,0.5706683798265719
reference_phi08,inherited_owner,5.952641854676078,0.0020687897206478826,0.5739997393406863
reference_phi08,inherited_owner,5.9698720857869585,0.0013976475153063684,0.5762503626403979
reference_phi08,inherited_owner,6.023255813953488,0.0,0.5762503626403979
reference_phi08,inherited_owner,6.040486045064368,2.07550277008741e-05,0.5762837843353662
reference_phi08,inherited_owner,6.057716276175249,0.000660019572759082,0.577346609842119
reference_phi08,inherited_owner,6.074946507286128,0.0014990600458836194,0.5797605371234857
reference_phi08,inherited_owner,6.092176738397009,0.002119614501463066,0.5831737394732598
reference_phi08,inherited_owner,6.109406969507889,0.0014947338982356684,0.5855807003853613
reference_phi08,inherited_owner,6.180020928785298,2.354553738457342e-05,0.5856186156211138
reference_phi08,inherited_owner,6.1972511598961795,0.0005568815878722093,0.5865153586576233
reference_phi08,inherited_owner,6.208455808164451,0.0022854262753069397,0.5901955666990989
reference_phi08,inherited_owner,6.214481391007059,0.0013701160130116018,0.5924018561879878
reference_phi08,inherited_owner,6.2489418532288195,0.0013347782639682002,0.5945512415143567
reference_phi08,inherited_owner,6.302325581395349,0.0,0.5945512415143567
reference_phi08,inherited_owner,6.319555812506229,2.237635090706207e-05,0.5945872740162303
reference_phi08,inherited_owner,6.33678604361711,0.0005276820663736124,0.5954369972407303
reference_phi08,inherited_owner,6.3540162747279885,0.0012915913600551365,0.5975168389581959
reference_phi08,inherited_owner,6.37124650583887,0.0022556085410749237,0.6011490316834547
reference_phi08,inherited_owner,6.38847673694975,0.0013360032116783455,0.6033003895356768
reference_phi08,inherited_owner,6.459090696227159,2.4743194719742758e-05,0.6033402333517575
reference_phi08,inherited_owner,6.47632092733804,0.0004936716951986043,0.6041351898822519
reference_phi08,inherited_owner,6.493551158448919,0.001192773813822293,0.6060559063055811
reference_phi08,inherited_owner,6.510781389559799,0.0019873447298037377,0.6092561154459201
reference_phi08,inherited_owner,6.52801162067068,0.0013837348729024202,0.6114843353021227
reference_phi08,inherited_owner,6.581395348837209,0.0,0.6114843353021227
reference_phi08,inherited_owner,6.59862557994809,1.892559956548936e-05,0.6115148110800829
reference_phi08,inherited_owner,6.615855811058969,0.00041041383299151587,0.6121756979810639
reference_phi08,inherited_owner,6.633086042169849,0.001148695051135963,0.6140254346407276
reference_phi08,inherited_owner,6.65031627328073,0.0019904787713580143,0.6172306905091343
reference_phi08,inherited_owner,6.66754650439161,0.0015773456312393546,0.6197706805928197
reference_phi08,inherited_owner,6.73816046366902,2.287587400768065e-05,0.6198075174737063
reference_phi08,inherited_owner,6.7553906947799,0.0004283816989400461,0.6204973379200248
reference_phi08,inherited_owner,6.77262092589078,0.0011516492737989235,0.6223518317464884
reference_phi08,inherited_owner,6.78985115700166,0.0019701773083732063,0.6255243962924326
reference_phi08,inherited_owner,6.8070813881125405,0.0015326924347833335,0.6279924816052441
reference_phi08,inherited_owner,6.8604651162790695,0.0,0.6279924816052441
reference_phi08,inherited_owner,6.877695347389951,2.0105773467095857e-05,0.6280248578100657
reference_phi08,inherited_owner,6.89492557850083,0.00043701729861597255,0.6287285841100595
reference_phi08,inherited_owner,6.9121558096117095,0.0011674959175334862,0.6306085956906211
reference_phi08,inherited_owner,6.92938604072259,0.0020434389379910046,0.6338991329934921
reference_phi08,inherited_owner,6.946616271833471,0.0016104233759484561,0.636492387968453
reference_phi08,inherited_owner,7.017230231110879,2.2839199748064e-05,0.6365291657930023
reference_phi08,inherited_owner,7.034460462221761,0.0003406969005435144,0.6370777879413662
reference_phi08,inherited_owner,7.05169069333264,0.00111013226042009,0.638865427173505
reference_phi08,inherited_owner,7.06892092444352,0.001900871694028538,0.641926389309874
reference_phi08,inherited_owner,7.086151155554401,0.0015784299476019749,0.6444681254616083
reference_phi08,inherited_owner,7.15676511483181,1.302500000023024e-05,0.6444890995399493
reference_phi08,inherited_owner,7.173995345942691,0.00030990527484199185,0.6449881381205818
reference_phi08,inherited_owner,7.1912255770535705,0.0009710001864354485,0.6465517338195566
reference_phi08,inherited_owner,7.208455808164451,0.001867806136353785,0.6495594506893574
reference_phi08,inherited_owner,7.225686039275331,0.0014440412981258895,0.6518847816155857
reference_phi08,inherited_owner,7.29629999855274,2.838111522181189e-05,0.6519304835529415
reference_phi08,inherited_owner,7.3135302296636215,0.00034616973145542754,0.6524879185676616
reference_phi08,inherited_owner,7.330760460774501,0.0010140996191063388,0.6541209170211302
reference_phi08,inherited_owner,7.347990691885381,0.0017140973940878291,0.6568811176374232
reference_phi08,inherited_owner,7.3652209229962615,0.0014930480489015237,0.6592853638365875
reference_phi08,inherited_owner,7.453065113384552,0.00027420546478153923,0.6597269152300448
reference_phi08,inherited_owner,7.4702953444954305,0.0009956681778026005,0.6613302336455988
reference_phi08,inherited_owner,7.487525575606311,0.001825162118081315,0.664269281111944
reference_phi08,inherited_owner,7.504755806717191,0.001473782007388175,0.6666425033215486
reference_phi08,inherited_owner,7.571428571428571,0.0,0.6666425033215486
reference_phi08,inherited_owner,7.575369765994601,3.5350828136871245e-05,0.6666994285452532
reference_phi08,inherited_owner,7.592599997105481,0.0002487472769384883,0.6670999847735486
reference_phi08,inherited_owner,7.609830228216361,0.0008116468432913758,0.6684069747525266
reference_phi08,inherited_owner,7.627060459327241,0.0016751546785710118,0.6711044661506967
reference_phi08,inherited_owner,7.644290690438122,0.0014480706565534974,0.6734362855283127
reference_phi08,inherited_owner,7.732134880826411,0.00029367667617931635,0.6739091912951477
reference_phi08,inherited_owner,7.7493651119372915,0.0009495099313344078,0.6754381813669401
reference_phi08,inherited_owner,7.760569760205564,0.001521701200008938,0.6778885675611935
reference_phi08,inherited_owner,7.766595343048172,0.0016565412863186078,0.6805560859269424
reference_phi08,inherited_owner,7.854439533436462,3.428198320603126e-05,0.6806112899961507
reference_phi08,inherited_owner,7.871669764547342,0.00027838770472584826,0.6810595760251728
reference_phi08,inherited_owner,7.888899995658222,0.0008531438685960224,0.6824333884118012
reference_phi08,inherited_owner,7.906130226769101,0.0016737001226338778,0.6851285375473859
reference_phi08,inherited_owner,7.9233604578799826,0.0016741838890916238,0.6878244656891574
reference_phi08,inherited_owner,8.011204648268272,0.0002672961142908474,0.688254890997511
reference_phi08,inherited_owner,8.028434879379152,0.0007439069401399736,0.6894527998221328
reference_phi08,inherited_owner,8.045665110490031,0.001481599057009985,0.6918386097792354
reference_phi08,inherited_owner,8.062895341600912,0.001460481686156625,0.6941904145623933
reference_phi08,inherited_owner,8.133509300878321,1.9949465496886742e-05,0.6942225390654403
reference_phi08,inherited_owner,8.142857142857142,0.0,0.6942225390654403
reference_phi08,inherited_owner,8.150739531989203,0.0002251721619951704,0.69458513242942
reference_phi08,inherited_owner,8.167969763100082,0.0008561023505070761,0.6959637088414897
reference_phi08,inherited_owner,8.185199994210961,0.00141877704885467,0.6982483569006598
reference_phi08,inherited_owner,8.202430225321843,0.0013897899105664194,0.7004863271472132
reference_phi08,inherited_owner,8.290274415710133,0.00019489840631586826,0.7008001708664109
reference_phi08,inherited_owner,8.307504646821013,0.0006764947886364475,0.7018895263131631
reference_phi08,inherited_owner,8.324734877931892,0.0014588194571139145,0.7042386544189957
reference_phi08,inherited_owner,8.341965109042773,0.0015454555061506514,0.7067272920280626
reference_phi08,inherited_owner,8.412579068320182,5.595408084666176e-05,0.7068173945443897
reference_phi08,inherited_owner,8.429809299431064,0.00014301768035808902,0.707047695045882
reference_phi08,inherited_owner,8.447039530541943,0.0006014715058414962,0.7080162409563028
reference_phi08,inherited_owner,8.464269761652822,0.0014524067615433538,0.7103550427374311
reference_phi08,inherited_owner,8.481499992763702,0.0014314345672254217,0.7126600731215077
reference_phi08,inherited_owner,8.569344183151992,0.00021138751427996505,0.7130004691510475
reference_phi08,inherited_owner,8.586574414262873,0.0005940185065181766,0.7139570135419534
reference_phi08,inherited_owner,8.603804645373753,0.0013328996286076306,0.7161033737132185
reference_phi08,inherited_owner,8.621034876484632,0.0017135565786460234,0.7188627034576924
reference_phi08,inherited_owner,8.708879066872923,0.00033418325231147195,0.7194008367178949
reference_phi08,inherited_owner,8.726109297983804,0.0007953097758544394,0.7206815192164676
reference_phi08,inherited_owner,8.743339529094683,0.0014901785900251572,0.7230811447434424
reference_phi08,inherited_owner,8.760569760205563,0.0014469800125003545,0.7254112078635679
reference_phi08,inherited_owner,8.848413950593853,0.0001955119107315164,0.7257260395051977
reference_phi08,inherited_owner,8.865644181704734,0.0006478941221990709,0.7267693394726059
reference_phi08,inherited_owner,8.882874412815614,0.0013656968386488394,0.7289685127918758
reference_phi08,inherited_owner,8.900104643926493,0.0016486891497014767,0.7316233869097514
reference_phi08,inherited_owner,9.005179065425665,0.0006230656097207611,0.7326267056744108
reference_phi08,inherited_owner,9.022409296536544,0.001296845524881275,0.7347150081415639
reference_phi08,inherited_owner,9.039639527647424,0.0015008376635028673,0.7371317979097795
reference_phi08,inherited_owner,9.123542523469684,4.666436878336677e-05,0.7372069412592291
reference_phi08,inherited_owner,9.127483718035714,0.00028900832621524795,0.7376723296104889
reference_phi08,inherited_owner,9.144713949146592,0.0005511474894594354,0.7385598390631731
reference_phi08,inherited_owner,9.161944180257475,0.0012034673124221304,0.7404977751623082
reference_phi08,inherited_owner,9.179174411368354,0.0017140114465150351,0.7432578373777472
reference_phi08,inherited_owner,9.284248832867522,0.00034989254283428846,0.7438212672130055
reference_phi08,inherited_owner,9.285714285714285,0.0,0.7438212672130055
reference_phi08,inherited_owner,9.301479063978405,0.0011385537422871042,0.7456546733846635
reference_phi08,inherited_owner,9.318709295089285,0.00143353719035843,0.7479630896099925
reference_phi08,inherited_owner,9.406553485477575,0.00024647171947002214,0.7483599815219261
reference_phi08,inherited_owner,9.423783716588453,0.0005813715682877231,0.749296160625061
reference_phi08,inherited_owner,9.441013947699336,0.0010506181427680735,0.7509879646352412
reference_phi08,inherited_owner,9.458244178810215,0.0014379456802454402,0.7533034798250426
reference_phi08,inherited_owner,9.563318600309383,0.00044732201368348663,0.7540237997450829
reference_phi08,inherited_owner,9.580548831420266,0.0010693508010574675,0.7557457688410589
reference_phi08,inherited_owner,9.597779062531146,0.0015329292271279971,0.758214235459144
reference_phi08,inherited_owner,9.685623252919434,0.0003883232458874174,0.7588395500219666
reference_phi08,inherited_owner,9.694971094898255,6.638067589243527e-05,0.7589464424209283
reference_phi08,inherited_owner,9.702853484030314,0.00039284642589994907,0.7595790406330355
reference_phi08,inherited_owner,9.720083715141193,0.0013770768974635055,0.7617965391918525
reference_phi08,inherited_owner,9.737313946252076,0.001572515576207443,0.7643287514672746
reference_phi08,inherited_owner,9.842388367751244,0.0005773912613004171,0.7652585211062581
reference_phi08,inherited_owner,9.859618598862124,0.0009926195150133806,0.7668569302786509
reference_phi08,inherited_owner,9.876848829973007,0.0014416672102379826,0.7691784382255817
reference_phi08,inherited_owner,9.964693020361295,0.0004424064923556215,0.7698908427115018
reference_phi08,inherited_owner,9.981923251472175,0.0007186195896558691,0.7710480314693225
reference_phi08,inherited_owner,9.999153482583054,0.0010894653128232174,0.7728023908413494
reference_phi08,inherited_owner,10.016383713693935,0.0015856179398405141,0.7753557017733003
reference_phi08,inherited_owner,10.121458135193105,0.0002974676299464528,0.7758347120899471
reference_phi08,inherited_owner,10.138688366303985,0.0011281411761793726,0.7776513509696842
reference_phi08,inherited_owner,10.155918597414866,0.0012905153847365442,0.7797294600506336
reference_phi08,inherited_owner,10.260993018914036,0.00028918936778562425,0.7801951399320337
reference_phi08,inherited_owner,10.278223250024915,0.0007667388276447021,0.7814298148063439
reference_phi08,inherited_owner,10.295453481135796,0.0015043330818871,0.7838522332255402
reference_phi08,inherited_owner,10.400527902634966,0.0005631842034959421,0.7847591253256844
reference_phi08,inherited_owner,10.417758133745846,0.0009116540048501267,0.7862271562291282
reference_phi08,inherited_owner,10.434988364856727,0.0013934373700391221,0.788470999957503
reference_phi08,inherited_owner,10.557293017466776,0.0008167860850189276,0.7897862656262014
reference_phi08,inherited_owner,10.574523248577655,0.001409967965523633,0.7920567284720205
reference_phi08,inherited_owner,10.675656475510797,0.00037230947666826934,0.7926562561595929
reference_phi08,inherited_owner,10.679597670076827,0.0006197386235208919,0.7936542174985944
reference_phi08,inherited_owner,10.696827901187707,0.0008747181298092406,0.7950627707869372
reference_phi08,inherited_owner,10.714058132298586,0.0013602256292857043,0.7972531338510209
reference_phi08,inherited_owner,10.836362784908637,0.0007814457114204526,0.7985114911308943
reference_phi08,inherited_owner,10.837828237755398,8.52718872811628e-05,0.7986488039327442
reference_phi08,inherited_owner,10.853593016019516,0.001460456747580877,0.8010005685574652
reference_phi08,inherited_owner,10.958667437518688,0.0006394473595055609,0.8020302667542432
reference_phi08,inherited_owner,10.975897668629568,0.0007103915567401436,0.8031742059606656
reference_phi08,inherited_owner,10.993127899740447,0.0012348399397890293,0.8051626612109827
reference_phi08,inherited_owner,11.0,0.0,0.8051626612109827
reference_phi08,inherited_owner,11.115432552350498,0.0009535852163441988,0.8066982136894588
reference_phi08,inherited_owner,11.132662783461377,0.0014870612947187056,0.8090928194547471
reference_phi08,inherited_owner,11.237737204960546,0.0006281138848656774,0.8101042674261917
reference_phi08,inherited_owner,11.247085046939368,0.0006321298366773375,0.8111221822604318
reference_phi08,inherited_owner,11.254967436071428,0.001084313171676943,0.8128682451708826
reference_phi08,inherited_owner,11.272197667182308,0.0012938055315098956,0.8149516523551853
reference_phi08,inherited_owner,11.394502319792359,0.0006168962319057417,0.8159450366082436
reference_phi08,inherited_owner,11.411732550903238,0.0012536659593503693,0.8179638072834455
reference_phi08,inherited_owner,11.516806972402406,0.0010560849745413397,0.8196644144996056
reference_phi08,inherited_owner,11.53403720351329,0.0005599120188606373,0.8205660374207182
reference_phi08,inherited_owner,11.551267434624169,0.0012472916724286297,0.8225745436204297
reference_phi08,inherited_owner,11.571428571428571,0.0,0.8225745436204297
reference_phi08,inherited_owner,11.673572087234216,0.0006693170205033117,0.82365234075078
reference_phi08,inherited_owner,11.6908023183451,0.0012874372192553218,0.8257254930805623
reference_phi08,inherited_owner,11.813106970955147,0.0007121027500797821,0.8268721878112198
reference_phi08,inherited_owner,11.83033720206603,0.0014255310576085018,0.8291677118096387
reference_phi08,inherited_owner,11.952641854676077,0.001172352986676286,0.8310555446991221
reference_phi08,inherited_owner,11.96987208578696,0.001351960643871021,0.8332325987074228
reference_phi08,inherited_owner,12.10940696950789,0.0010387776705970495,0.8349053360772263
reference_phi08,inherited_owner,12.22777042755191,0.001102892304848034,0.8366813168529081
reference_phi08,inherited_owner,12.231711622117938,0.00098389080838261,0.8382656702420619
reference_phi08,inherited_owner,12.248941853228818,0.0013998894210943257,0.8405199036690388
reference_phi08,inherited_owner,12.388476736949748,0.0011718701681918352,0.8424069590788511
reference_phi08,inherited_owner,12.38994218979651,0.0007216152122481273,0.8435689716695264
reference_phi08,inherited_owner,12.5107813895598,0.0014156738952574056,0.8458486227393182
reference_phi08,inherited_owner,12.528011620670679,0.0011966800245912475,0.8477756293101089
reference_phi08,inherited_owner,12.552113952041113,5.791454140204252e-05,0.8478688887441536
reference_phi08,inherited_owner,12.66754650439161,0.0009889567064588138,0.8494613997181916
reference_phi08,inherited_owner,12.78985115700166,0.0010502950689683468,0.8511526834845955
reference_phi08,inherited_owner,12.79919899898048,0.001370884215952497,0.8533602100060114
reference_phi08,inherited_owner,12.80708138811254,0.0012069130278407007,0.8553036947197437
reference_phi08,inherited_owner,12.94661627183347,0.0013455124624377457,0.8574703652606711
reference_phi08,inherited_owner,13.068920924443521,0.0016087566645591272,0.8600609363404113
reference_phi08,inherited_owner,13.0861511555544,0.0014490262738608081,0.8623942945427693
reference_phi08,inherited_owner,13.123542523469684,4.8169049550842825e-05,0.8624718608705142
reference_phi08,inherited_owner,13.225686039275331,0.0008907795533446611,0.863906277771563
reference_phi08,inherited_owner,13.285714285714285,0.0,0.863906277771563
reference_phi08,inherited_owner,13.365220922996262,0.0009056329426383108,0.8653646129951201
reference_phi08,inherited_owner,13.504755806717192,0.0016135639551888494,0.8679629252257449
reference_phi08,inherited_owner,13.779884379593021,0.0022006367905417217,0.8715065972752103
reference_phi08,inherited_owner,13.783825574159053,0.0022827696644464298,0.8751825273923628
reference_phi08,inherited_owner,13.942056141837622,0.001706860851747618,0.8779310750485054
reference_phi08,inherited_owner,14.062895341600914,0.00167221687867436,0.8806238357253565
reference_phi08,inherited_owner,14.104227904082226,0.000465741130997066,0.881373815838065
reference_phi08,inherited_owner,14.341965109042771,0.0019370871082411156,0.8844930954358418
reference_phi08,inherited_owner,14.351312951021594,0.002469867455741869,0.8884703079892327
reference_phi08,inherited_owner,14.621034876484632,0.003264568006150281,0.8937272220091631
reference_phi08,inherited_owner,14.675656475510797,0.0003741724079621136,0.8943297495636762
reference_phi08,inherited_owner,14.837828237755398,6.633273692718793e-05,0.8944365647668135
reference_phi08,inherited_owner,15.331998331634136,0.003657430267190495,0.9003261024980813
reference_phi08,inherited_owner,15.474341649025257,0.0,0.9003261024980813
reference_phi08,inherited_owner,15.494170093878736,0.0031421306657045452,0.9053858564128036
reference_phi08,inherited_owner,15.656341856123337,0.001113589097501992,0.9071790621686865
reference_phi08,inherited_owner,15.903426903062705,0.004756071039454731,0.9148377344585552
reference_phi08,inherited_owner,16.22777042755191,0.0010466315786760011,0.9165231189288062
reference_phi08,inherited_owner,16.38994218979651,0.0004787659323711983,0.9172940728000092
reference_phi08,inherited_owner,17.02645560106637,7.560512672758661e-05,0.9174158192760893
reference_phi08,inherited_owner,17.046284045919847,0.006167674977709881,0.927347588808724
reference_phi08,inherited_owner,17.20845580816445,0.002119826482030033,0.9307611325095168
reference_phi08,inherited_owner,17.77988437959302,0.001796414236048842,0.93365388743614
reference_phi08,inherited_owner,17.94205614183762,0.0011621731808532966,0.9355253278461744
reference_phi08,inherited_owner,18.57856955310748,0.0005148763934840545,0.9363544301734464
reference_phi08,inherited_owner,18.760569760205563,0.004123289857745159,0.9429941387721282
reference_phi08,inherited_owner,18.794733192202056,0.0,0.9429941387721282
reference_phi08,inherited_owner,19.331998331634136,0.0033814550506418677,0.9484392752894241
reference_phi08,inherited_owner,19.494170093878736,0.002459957550234833,0.9524005299822044
reference_phi08,inherited_owner,20.130683505148596,0.0012546277132810023,0.9544208493639158
reference_phi08,inherited_owner,20.346847144243167,6.829585161188425e-05,0.9545308257586991
reference_phi08,inherited_owner,21.046284045919847,0.004615847151591629,0.9619636963741507
reference_phi08,inherited_owner,21.682797457189707,0.0023465272473971377,0.9657422949396428
reference_phi08,inherited_owner,21.898961096284282,0.0004049886381120746,0.9663944456822812
reference_phi08,inherited_owner,21.97137002317335,0.0,0.9663944456822812
reference_phi08,inherited_owner,23.234911409230822,0.004184225963230641,0.9731322793212879
reference_phi08,inherited_owner,23.451075048325393,0.0009902404392027199,0.9747268574823614
reference_phi08,inherited_owner,23.52348397521446,4.836967163886213e-05,0.9748047468706355
reference_phi08,inherited_owner,25.003189000366508,0.0018441204639036042,0.9777743228460392
reference_phi08,inherited_owner,25.075597927255576,0.0002727560899174288,0.9782135403199612
reference_phi08,inherited_owner,25.733126291998992,0.0,0.9782135403199612
reference_phi08,inherited_owner,26.55530295240762,0.0032975028977028894,0.9835234891955975
reference_phi08,inherited_owner,26.627711879296687,0.0006790397985692347,0.9846169428563772
reference_phi08,inherited_owner,27.285240244040104,5.381666204485016e-05,0.9847036035001979
reference_phi08,inherited_owner,28.1798258313378,0.0011784131210139412,0.9866011949871749
reference_phi08,inherited_owner,28.83735419608122,0.0002548344598196432,0.9870115533690691
reference_phi08,inherited_owner,29.731939783378913,0.0019053085108456393,0.9900796600845941
reference_phi08,inherited_owner,30.38946814812233,0.0005951878345133656,0.9910380874372641
reference_phi08,inherited_owner,31.941582100163444,0.0010618162560236553,0.9927479237011632
reference_phi08,inherited_owner,33.493696052204555,0.0016233884681170615,0.9953620562852479
reference_phi08,inherited_owner,33.6605536290589,0.0,0.9953620562852479
reference_phi08,inherited_owner,35.212667581100014,3.366206615608492e-05,0.9954162621057983
reference_phi08,inherited_owner,36.764781533141125,0.00013834690773224153,0.9956390412905178
reference_phi08,inherited_owner,38.31689548518224,0.00032342274951867203,0.9961598469784699
reference_phi08,inherited_owner,39.869009437223355,0.000572510051757908,0.9970817564353927
reference_phi08,inherited_owner,41.421123389264466,0.0008408163250295317,0.9984357178535365
reference_phi08,inherited_owner,42.37612633868264,0.0,0.9984357178535365
reference_phi08,inherited_owner,43.92824029072375,1.7229233817729864e-05,0.9984634619840428
reference_phi08,inherited_owner,45.48035424276486,6.242544167373429e-05,0.9985639852933802
reference_phi08,inherited_owner,47.03246819480598,0.00013575255624600642,0.9987825868096685
reference_phi08,inherited_owner,48.58458214684709,0.0002216093743590888,0.9991394430383707
reference_phi08,inherited_owner,50.1366960988882,0.0002973748884645964,0.9996183040139728
reference_phi08,inherited_owner,53.348382301167675,0.0,0.9996183040139728
reference_phi08,inherited_owner,54.900496253208786,6.300599145249687e-06,0.9996284498304847
reference_phi08,inherited_owner,56.4526102052499,2.133030184862194e-05,0.9996627978859168
reference_phi08,inherited_owner,58.004724157291015,4.2750281275048306e-05,0.9997316384040398
reference_phi08,inherited_owner,59.556838109332126,6.28597620847e-05,0.9998328610968954
reference_phi08,inherited_owner,61.10895206137324,7.641675509335891e-05,0.9999559145332004
reference_phi08,inherited_owner,75.35659294528742,0.0,0.9999559145332004
reference_phi08,inherited_owner,76.90870689732853,1.1086171911033927e-06,0.9999576997327255
reference_phi08,inherited_owner,78.46082084936964,3.1770627759801253e-06,0.9999628157376051
reference_phi08,inherited_owner,80.01293480141075,5.534267890252331e-06,0.9999717275355544
reference_phi08,inherited_owner,81.56504875345186,7.241374944974341e-06,0.999983388277619
reference_phi08,inherited_owner,83.11716270549299,8.324291195782705e-06,0.9999967928331408
reference_phi08,inherited_owner,94.86832980505136,0.0,0.9999967928331408
reference_phi08,inherited_owner,96.42044375709247,1.0588234166287318e-07,0.9999969633348321
reference_phi08,inherited_owner,97.97255770913358,2.8669448637013286e-07,0.9999974249972211
reference_phi08,inherited_owner,99.5246716611747,4.4334383080422117e-07,0.9999981389110973
reference_phi08,inherited_owner,101.0767856132158,5.254313202887281e-07,0.9999989850099592
reference_phi08,inherited_owner,102.62889956525693,5.687160605574262e-07,0.9999999008099751
reference_phi08,inherited_owner,119.43215116604912,0.0,0.9999999008099751
reference_phi08,inherited_owner,120.98426511809024,5.08679672562996e-09,0.999999909001213
reference_phi08,inherited_owner,122.53637907013135,1.1480982721480937e-08,0.9999999274889698
reference_phi08,inherited_owner,124.08849302217246,1.5009421126732144e-08,0.9999999516585495
reference_phi08,inherited_owner,125.64060697421357,1.4824374777885165e-08,0.99999997553015
reference_phi08,inherited_owner,127.1927209262547,1.4405697235317106e-08,0.9999999987275566
reference_phi08,inherited_owner,168.70239755710477,0.0,0.9999999987275566
reference_phi08,inherited_owner,170.25451150914589,1.1140225281176781e-10,0.9999999989069469
reference_phi08,inherited_owner,171.806625461187,1.9139116943220887e-10,0.9999999992151429
reference_phi08,inherited_owner,173.3587394132281,1.940348540270412e-10,0.9999999995275961
reference_phi08,inherited_owner,174.91085336526922,1.5699088944384825e-10,0.9999999997803976
reference_phi08,inherited_owner,176.46296731731033,1.348536541654627e-10,0.9999999999975516
reference_phi08,inherited_owner,212.38373531524127,0.0,0.9999999999975516
reference_phi08,inherited_owner,213.93584926728238,3.1169199375172297e-13,0.9999999999980534
reference_phi08,inherited_owner,215.4879632193235,4.808771630725101e-13,0.9999999999988277
reference_phi08,inherited_owner,217.0400771713646,3.727448942247916e-13,0.9999999999994279
reference_phi08,inherited_owner,218.5921911234057,2.1537409191809437e-13,0.9999999999997747
reference_phi08,inherited_owner,220.14430507544682,1.398957750548123e-13,1.0
reference_phi08,inherited_owner,267.3752814401236,0.0,1.0
reference_phi08,inherited_owner,268.9273953921647,1.5738065021440572e-16,1.0000000000000002
reference_phi08,inherited_owner,270.47950934420584,2.6809661676201094e-16,1.0000000000000004
reference_phi08,inherited_owner,272.03162329624695,1.8611239851738232e-16,1.0000000000000009
reference_phi08,inherited_owner,273.58373724828806,9.526307859080017e-17,1.000000000000001
reference_phi08,inherited_owner,275.13585120032917,5.381225868965519e-17,1.000000000000001
reference_phi08,inherited_owner,377.67762353825,0.0,1.000000000000001
reference_phi08,inherited_owner,379.2297374902911,2.169458478194917e-19,1.000000000000001
reference_phi08,inherited_owner,380.7818514423322,2.522278521262861e-19,1.000000000000001
reference_phi08,inherited_owner,382.3339653943733,1.6185656437619001e-19,1.000000000000001
reference_phi08,inherited_owner,383.8860793464144,9.874560843294094e-20,1.000000000000001
reference_phi08,inherited_owner,385.43819329845553,7.981476459319617e-20,1.000000000000001
reference_phi08,inherited_owner,475.4679577383344,0.0,1.000000000000001
reference_phi08,inherited_owner,477.0200716903755,1.3907578479271182e-24,1.000000000000001
reference_phi08,inherited_owner,478.5721856424166,2.2690444184793023e-24,1.000000000000001
reference_phi08,inherited_owner,480.12429959445774,1.0946585524398804e-24,1.000000000000001
reference_phi08,inherited_owner,481.67641354649885,3.067469433721924e-25,1.000000000000001
reference_phi08,inherited_owner,483.22852749853996,4.431420341931512e-26,1.000000000000001
reference_phi08,inherited_owner,598.5786944906639,0.0,1.000000000000001
reference_phi08,inherited_owner,600.1308084427051,8.58449390323306e-33,1.000000000000001
reference_phi08,inherited_owner,601.6829223947461,3.856546306005347e-32,1.000000000000001
reference_phi08,inherited_owner,603.2350363467873,5.5277728515589975e-33,1.000000000000001
reference_phi08,inherited_owner,604.7871502988284,1.6969104740708694e-34,1.000000000000001
reference_phi08,inherited_owner,606.3392642508695,3.476366061275787e-35,1.000000000000001
reference_phi08,inherited_owner,845.5148793793368,0.0,1.000000000000001
reference_phi08,inherited_owner,847.066993331378,3.134342947563102e-36,1.000000000000001
reference_phi08,inherited_owner,848.619107283419,9.151692380514669e-37,1.000000000000001
reference_phi08,inherited_owner,850.1712212354602,1.2032472895869316e-37,1.000000000000001
reference_phi08,inherited_owner,851.7233351875012,3.2789894126425334e-37,1.000000000000001
reference_phi08,inherited_owner,853.2754491395424,5.164402751078487e-37,1.000000000000001
reference_phi08,inherited_owner,1064.4401677007263,0.0,1.000000000000001
reference_phi08,inherited_owner,1065.9922816527674,0.0,1.000000000000001
reference_phi08,inherited_owner,1067.5443956048086,0.0,1.000000000000001
reference_phi08,inherited_owner,1069.0965095568497,0.0,1.000000000000001
reference_phi08,inherited_owner,1070.6486235088908,0.0,1.000000000000001
reference_phi08,inherited_owner,1072.2007374609318,0.0,1.000000000000001
reference_phi08,inherited_owner,1340.0507764528895,0.0,1.000000000000001
reference_phi08,inherited_owner,1341.6028904049306,0.0,1.000000000000001
reference_phi08,inherited_owner,1343.1550043569719,0.0,1.000000000000001
reference_phi08,inherited_owner,1344.707118309013,0.0,1.000000000000001
reference_phi08,inherited_owner,1346.259232261054,0.0,1.000000000000001
reference_phi08,inherited_owner,1347.811346213095,0.0,1.000000000000001
reference_phi08,inherited_owner,1892.8720334405798,0.0,1.000000000000001
reference_phi08,inherited_owner,1894.4241473926209,0.0,1.000000000000001
reference_phi08,inherited_owner,1895.9762613446621,0.0,1.000000000000001
reference_phi08,inherited_owner,1897.5283752967032,0.0,1.000000000000001
reference_phi08,inherited_owner,1899.0804892487442,0.0,1.000000000000001
reference_phi08,inherited_owner,1900.6326032007853,0.0,1.000000000000001
reference_phi08,inherited_owner,2382.984704172845,0.0,1.000000000000001
reference_phi08,inherited_owner,2384.536818124886,0.0,1.000000000000001
reference_phi08,inherited_owner,2386.088932076927,0.0,1.000000000000001
reference_phi08,inherited_owner,2387.641046028968,0.0,1.000000000000001
reference_phi08,inherited_owner,2389.1931599810096,0.0,1.000000000000001
reference_phi08,inherited_owner,2390.7452739330506,0.0,1.000000000000001
reference_phi08,inherited_owner,3000.0,0.0,1.000000000000001
reference_phi08,inherited_owner,3001.552113952041,0.0,1.000000000000001
reference_phi08,inherited_owner,3003.104227904082,0.0,1.000000000000001
reference_phi08,inherited_owner,3004.656341856123,0.0,1.000000000000001
reference_phi08,inherited_owner,3006.2084558081647,0.0,1.000000000000001
reference_phi08,inherited_owner,3007.7605697602057,0.0,1.000000000000001
