{
  "J": 17,
  "aggregate_housing_demand": 5.743226061803137,
  "aggregate_housing_excess": 7.546434677330183e-05,
  "aggregate_housing_supply": 5.7431505974563635,
  "aggregate_own_rate": 0.5753642452167679,
  "aggregate_owner_demand": 3.8801663606614314,
  "aggregate_rental_demand": 1.8630597011417058,
  "best_max_abs_rel_excess": 1.3139886460007669e-05,
  "childless_rate": 0.2292162291402862,
  "housing_demand_by_income_type": [
    [
      0.18653062209099866
    ],
    [
      1.0910697610904985
    ],
    [
      2.202982649823526
    ],
    [
      1.7890937809543586
    ],
    [
      0.47354924784375496
    ]
  ],
  "housing_supply": [
    5.7431505974563635
  ],
  "income_process": "markov",
  "income_state_weights": [
    0.0625,
    0.25,
    0.375,
    0.25,
    0.0625
  ],
  "income_states": [
    0.18585660669906814,
    0.38026991161025575,
    0.7780471635867694,
    1.5919150326725213,
    3.2571206346492074
  ],
  "income_transition": [
    [
      0.7320941406250001,
      0.23743593749999992,
      0.028877343749999968,
      0.0015609374999999972,
      3.164062499999993e-05
    ],
    [
      0.059358984374999965,
      0.7465328125000001,
      0.17924765624999994,
      0.014470312499999985,
      0.00039023437499999936
    ],
    [
      0.0048128906249999956,
      0.11949843749999997,
      0.7513773437500002,
      0.11949843749999997,
      0.0048128906249999956
    ],
    [
      0.00039023437499999936,
      0.014470312499999985,
      0.17924765624999994,
      0.7465328125000001,
      0.059358984374999965
    ],
    [
      3.164062499999993e-05,
      0.0015609374999999972,
      0.028877343749999968,
      0.23743593749999992,
      0.7320941406250001
    ]
  ],
  "income_type_weights": [
    0.0625,
    0.25,
    0.375,
    0.25,
    0.0625
  ],
  "income_types": [
    0.18585660669906814,
    0.38026991161025575,
    0.7780471635867694,
    1.5919150326725213,
    3.2571206346492074
  ],
  "markets": 1,
  "mean_age_first_birth": 28.184479259056452,
  "mean_completed_fertility": 0.990525607348743,
  "mean_fertility_by_income_type": [
    0.9771226193720008,
    0.9851191755132824,
    0.991209772511924,
    0.9959566525393255,
    0.9997251509880121
  ],
  "n_child_stages": 1,
  "old_owner_rate": 0.7416600148864619,
  "own_rate": 0.5753642452167679,
  "own_rate_3055": 0.5888894354362075,
  "own_rate_by_income_type": [
    0.2642925165285569,
    0.4414245606506587,
    0.582667514490304,
    0.7201216200021399,
    0.7993455987559865
  ],
  "owner_asset_price": [
    0.8515432012274374
  ],
  "owner_demand_by_size": [
    0.027169566338794027,
    0.5694005119639867,
    0.9625095051860186,
    1.0760962189909897,
    1.2449905581816423
  ],
  "owner_user_cost": [
    0.1411104750980653
  ],
  "period_years": 4.0,
  "pti_constraint": false,
  "rental_demand_by_market": [
    1.8630597011417058
  ],
  "target_own_rate": 0.5888894354362075,
  "tfr": 1.981051214697486,
  "tfr_by_income_type": [
    1.9542452387440017,
    1.9702383510265649,
    1.982419545023848,
    1.991913305078651,
    1.9994503019760241
  ],
  "young_owner_rate": 0.40423023090039834
}