{
  "H_own": [
    2.0,
    4.0,
    6.0,
    8.0,
    10.0
  ],
  "case": "birth_grant_A0p4_Hge6",
  "debt_diagnostics": {
    "all_age_owner_negative_unsecured_mass": 0.0008538902952966345,
    "all_age_renter_negative_b_mass": 0.06030197368815029,
    "post_taper_owner_negative_unsecured_mass": 1.0501215401894742e-06,
    "post_taper_renter_negative_b_mass": 0.0,
    "post_taper_total_mass": 0.32093198256064165,
    "taper_end_age": 62.0
  },
  "delta_from_baseline": {
    "aggregate_mean_occupied_rooms_18_85": 0.08946935590618388,
    "aggregate_own_rate": -0.02203878993978403,
    "childless_rate": -0.015731346742811098,
    "housing_increment_0to1": 0.6337047670189097,
    "mean_age_first_birth": -0.1403835410104719,
    "old_age_own_rate": -0.006656535709775091,
    "old_nonhousing_ge_1x_income_share_6575": -0.005532005853839395,
    "old_total_estate_wealth_to_annual_income_median_7684": 0.09526310382681746,
    "own_family_gap": 0.28873042582569397,
    "own_rate": -0.020796115394619452,
    "own_rate_2534": -0.06639822443587967,
    "prime30_55_childless_owner_minus_renter_mean_rooms": 0.027382502853170898,
    "prime30_55_childless_owner_share_rooms_ge6": 0.06330198304012291,
    "prime30_55_childless_renter_mean_rooms": 0.21825507637614638,
    "prime30_55_parent_3plus_minus_1to2_mean_rooms": 0.06913775828705404,
    "renter25_45_all_cap_share": 0.050113448917854825,
    "tfr": 0.041970194784842096,
    "young_childless_renter_liquid_wealth_to_annual_gross_income_2535": 0.3781536512590936
  },
  "elapsed_sec": 114.69204462898779,
  "hR_max": 6.0,
  "label": "Birth grant, family-size homes",
  "market_residual": 1.7795873459752648e-05,
  "moments": {
    "aggregate_mean_occupied_rooms_18_85": 5.761596877693319,
    "aggregate_own_rate": 0.6460876722486754,
    "childless_rate": 0.17309517701105503,
    "housing_increment_0to1": 1.3145358418284074,
    "mean_age_first_birth": 32.154857644617636,
    "old_age_own_rate": 0.947341835447706,
    "old_nonhousing_ge_1x_income_share_6575": 0.6044641260835172,
    "old_total_estate_wealth_to_annual_income_median_7684": 6.525800064372592,
    "own_family_gap": 0.506415679044228,
    "own_rate": 0.6375153810612085,
    "own_rate_2534": 0.20958083892007634,
    "prime30_55_childless_owner_minus_renter_mean_rooms": 2.34062980244075,
    "prime30_55_childless_owner_share_rooms_ge6": 0.8216799387023663,
    "prime30_55_childless_renter_mean_rooms": 4.18637044947511,
    "prime30_55_parent_3plus_minus_1to2_mean_rooms": 0.6708043231508336,
    "renter25_45_all_cap_share": 0.1613605377986527,
    "tfr": 2.076594736641818,
    "young_childless_renter_liquid_wealth_to_annual_gross_income_2535": 0.7007471846297983
  },
  "note": "Pays 0.4 period-income units when a renter buys a home with at least six rooms in the birth state.",
  "overrides": {
    "birth_entry_grant": true,
    "birth_entry_grant_amount": 0.4,
    "birth_entry_grant_locations": [],
    "birth_entry_grant_owner_rungs": [
      3,
      4,
      5
    ]
  },
  "p_eq": [
    0.7656968970121781
  ],
  "rank_loss": 25.090963984981062,
  "status": "diagnostic_mechanics_not_policy_estimate"
}