{
  "ok": true,
  "accepted": true,
  "strict_converged": true,
  "convergence_reason": "strict_tol",
  "iterations_completed": 12,
  "best_eq_error": 0.0003464318147695515,
  "final_eq_error": 0.0003464318147695515,
  "elapsed_sec": 83.10237065298134,
  "loss": 311.29977174646774,
  "p_eq": [
    0.511963296326644,
    0.6124693819761028
  ],
  "Nb": 30,
  "Nz": 5,
  "rho_z": 0.95,
  "sigma_z": 0.35,
  "kappa_entry": 1000000.0,
  "target_city_entry_prob": 0.9,
  "scale_factor": 0.9999999999999998,
  "city_entry_prob_total": 0.8999999999999999,
  "outside_entry_prob": 0.09999999999999998,
  "outside_entry_flow": 0.005806434956255813,
  "outside_value": -1504137.9225856075,
  "moments": {
    "location_inv_err": 0.0,
    "location_inv_err_pop": 0.0,
    "location_inv_err_rent": 0.0,
    "location_inv_converged": 1.0,
    "tfr": 1.5577399532013758,
    "childless_rate": 0.3506682481240308,
    "mean_age_first_birth": 34.792929270511685,
    "tfr_gradient": -0.23928484835171626,
    "parity_progression_1to2": 0.1646352912722412,
    "own_rate": 0.574877824481063,
    "own_rate_2534": 0.15369881314166406,
    "own_rate_3544": 0.5282362381516506,
    "own_gradient": -0.08189595715302245,
    "own_family_gap": 0.38261844706131304,
    "prime_childless_renter_median_rooms": 5.766935898924492,
    "prime_childless_owner_median_rooms": 6.8,
    "housing_increment_0to1": 0.5914008904712746,
    "housing_increment_0to1_onechild": 0.5554861046065662,
    "housing_increment_1to2": 1.492481719454366,
    "housing_increment_0to2plus": 0.77363363991733,
    "young_liquid_wealth_to_income": 1.2146623524737923,
    "center_share_nonparents": 0.31623927787718165,
    "center_share_newparents": 0.3926828644689537,
    "migration_rate": 0.03350458536257135,
    "old_age_own_rate": 0.7089408305733089,
    "old_age_parent_childless_gap": 0.29081668424259,
    "owner_neg_liquid_share_2545": 0.6400704233634853,
    "inv_E_C": 0.11127541027064872,
    "inv_r_bar_C": 0.0719341870623939,
    "inv_pop_C": 0.40904444539737816,
    "inv_rent_ratio": 1.1963150217419762,
    "inv_err_pop": 0.0,
    "inv_err_rent": 0.0,
    "inv_max_error": 0.0,
    "inv_pop_share_C": 0.40904444539737816,
    "inv_rent_ratio_C_over_P": 1.1963150217419762
  },
  "timings": {
    "bellman_hank_z": 28.687121745111654,
    "distribution_hank_z": 14.24794358102372,
    "n_full": 12,
    "n_dist": 12,
    "best_eq_error": 0.0003464318147695515,
    "best_eq_iter": 12,
    "final_eq_error": 0.0003464318147695515,
    "iterations_completed": 12,
    "accepted": true,
    "strict_converged": true,
    "convergence_reason": "strict_tol",
    "population_closure": "outside_option_benchmark_normalized",
    "runtime_category": "project-scale"
  },
  "results": "results_income_mortgage_risk_v5_hank_z_outside_closure_nz5.csv",
  "diagnostics": "diagnostics_income_mortgage_risk_v5_hank_z_outside_closure_nz5.csv",
  "closure_diagnostics": "diagnostics_income_mortgage_risk_v5_hank_z_outside_closure_nz5_closure.csv",
  "trace": "diagnostics_income_mortgage_risk_v5_hank_z_outside_closure_nz5_trace.csv",
  "report": "REPORT_V5_HANK_Z_OUTSIDE_CLOSURE_NZ5.md",
  "plot_data": "figures_v5_hank_z_outside_closure_nz5/plot_data_income_mortgage_risk_v5_hank_z_outside_closure_nz5.csv",
  "images": [
    "figures_v5_hank_z_outside_closure_nz5/01_equilibrium_trace.png",
    "figures_v5_hank_z_outside_closure_nz5/02_moment_target_benchmark_model.png",
    "figures_v5_hank_z_outside_closure_nz5/02b_moment_deviations_from_target.png",
    "figures_v5_hank_z_outside_closure_nz5/03_z_process_and_age_mass.png",
    "figures_v5_hank_z_outside_closure_nz5/04_sorting_age_profiles.png",
    "figures_v5_hank_z_outside_closure_nz5/05_sorting_heatmaps.png",
    "figures_v5_hank_z_outside_closure_nz5/06_tenure_rung_sorting_by_z.png",
    "figures_v5_hank_z_outside_closure_nz5/07_fertility_by_z_and_wealth.png",
    "figures_v5_hank_z_outside_closure_nz5/08_aggregate_sorting_by_z.png"
  ],
  "pdf": "figures_v5_hank_z_outside_closure_nz5/HANK_Z_OUTSIDE_CLOSURE_NZ5_FIGURE_PACKET.pdf",
  "figure_index": "figures_v5_hank_z_outside_closure_nz5/README_FIGURES.md"
}