{
  "case": "e3",
  "current_distribution_timing": "post_housing_choice",
  "l4_enabled": true,
  "market_residual": 1.423947344385409e-07,
  "nonwealth_max_abs_diff": 9.992007221626409e-16,
  "output_directory": "/Users/tommasodesanto/Desktop/Projects/Fertility/Fertility_Spring26/output/model/eqscale_timing_repair_readout_20260723/e3",
  "p90_p50": 3.176451136249355,
  "p90_p50_legacy_alias": 3.176451136249355,
  "repaired_loss": 7.258983377372602,
  "repeats_bitwise": true,
  "stored_rank_loss": 2.8062360987094337,
  "target_set": "candidate_replacement_income_disciplined_v1",
  "theta": {
    "H0": 7.025973559107289,
    "alpha_cons": 0.6979366377806151,
    "beta": 0.9550382330845937,
    "chi": 1.0676189227745583,
    "delta_alpha": 0.02357048886199779,
    "delta_alpha_jump": 0.07130035144118048,
    "gamma_e": 0.008452662228283487,
    "kappa_fert": 15.910941904148531,
    "psi_child": 2.7233469613302477,
    "tenure_choice_kappa": 0.017296718557815217,
    "theta0": 0.1678481276530561,
    "theta1": 0.09587530700872433,
    "theta_n": 0.0
  },
  "wealth_moment_timing": "beginning_of_period_state",
  "winner_record": "/Users/tommasodesanto/Desktop/Projects/Fertility/Fertility_Spring26/output/model/eqscale_seq_l4_recalibration_20260722/report/results.json"
}
