specification,coefficient,std_error,p_value,r_squared,n,covariance
LPM with prompt length and model A/B fixed effects,0.08671148901659924,0.0025974439716637894,2.388351448740901e-244,0.16615622780079864,39687,cluster
LPM with winsorized log token advantage,0.09426580758852626,0.0026472207873732023,1.0040417797693848e-277,0.16791839826004784,39687,cluster
