{
  "H_own": [
    2.0,
    4.0,
    6.0,
    8.0,
    10.0
  ],
  "case": "tax2_grant_A0p4_Hge6",
  "debt_diagnostics": {
    "all_age_owner_negative_unsecured_mass": 0.00026022947098450905,
    "all_age_renter_negative_b_mass": 0.06072097584790507,
    "post_taper_owner_negative_unsecured_mass": 6.768035973294075e-17,
    "post_taper_renter_negative_b_mass": 0.0,
    "post_taper_total_mass": 0.32093198262615086,
    "taper_end_age": 62.0
  },
  "delta_from_baseline": {
    "aggregate_mean_occupied_rooms_18_85": 0.12442396836981295,
    "aggregate_own_rate": -0.025583555471283992,
    "childless_rate": -0.01975277167428713,
    "housing_increment_0to1": 0.6655865561985369,
    "mean_age_first_birth": -0.17092950011262786,
    "old_age_own_rate": -0.005934195877130732,
    "old_nonhousing_ge_1x_income_share_6575": 0.19503401082539418,
    "old_total_estate_wealth_to_annual_income_median_7684": -0.04747323365933376,
    "own_family_gap": 0.23202699492217205,
    "own_rate": -0.03207473051662679,
    "own_rate_2534": -0.06302056455880684,
    "prime30_55_childless_owner_minus_renter_mean_rooms": -0.009727299255625432,
    "prime30_55_childless_owner_share_rooms_ge6": 0.04842183626209429,
    "prime30_55_childless_renter_mean_rooms": 0.22875352258059234,
    "prime30_55_parent_3plus_minus_1to2_mean_rooms": 0.023403056531573263,
    "renter25_45_all_cap_share": 0.08138188731506965,
    "tfr": 0.0552590860252824,
    "young_childless_renter_liquid_wealth_to_annual_gross_income_2535": 0.34849294174065615
  },
  "elapsed_sec": 113.24613819198566,
  "hR_max": 6.0,
  "label": "Property tax plus birth grant",
  "market_residual": 1.49884335280147e-05,
  "moments": {
    "aggregate_mean_occupied_rooms_18_85": 5.796551490156948,
    "aggregate_own_rate": 0.6425429067171754,
    "childless_rate": 0.169073752079579,
    "housing_increment_0to1": 1.3464176310080347,
    "mean_age_first_birth": 32.12431168551548,
    "old_age_own_rate": 0.9480641752803504,
    "old_nonhousing_ge_1x_income_share_6575": 0.8050301427627508,
    "old_total_estate_wealth_to_annual_income_median_7684": 6.383063726886441,
    "own_family_gap": 0.4497122481407061,
    "own_rate": 0.6262367659392012,
    "own_rate_2534": 0.21295849879714918,
    "prime30_55_childless_owner_minus_renter_mean_rooms": 2.303520000331954,
    "prime30_55_childless_owner_share_rooms_ge6": 0.8067997919243377,
    "prime30_55_childless_renter_mean_rooms": 4.196868895679556,
    "prime30_55_parent_3plus_minus_1to2_mean_rooms": 0.6250696213953528,
    "renter25_45_all_cap_share": 0.19262897619586752,
    "tfr": 2.089883627882258,
    "young_childless_renter_liquid_wealth_to_annual_gross_income_2535": 0.6710864751113609
  },
  "note": "Combines the 2 percent annual property tax with the family-size birth grant.",
  "overrides": {
    "birth_entry_grant": true,
    "birth_entry_grant_amount": 0.4,
    "birth_entry_grant_locations": [],
    "birth_entry_grant_owner_rungs": [
      3,
      4,
      5
    ],
    "tau_H": 0.08
  },
  "p_eq": [
    0.6189333128314761
  ],
  "rank_loss": 388.59554346145967,
  "status": "diagnostic_mechanics_not_policy_estimate"
}