{
  "J": 17,
  "aggregate_housing_demand": 5.936964640979624,
  "aggregate_housing_excess": 4.538548702814893e-05,
  "aggregate_housing_supply": 5.936919255492596,
  "aggregate_own_rate": 0.672020308095998,
  "aggregate_owner_demand": 4.4647510970905895,
  "aggregate_rental_demand": 1.472213543889034,
  "best_max_abs_rel_excess": 7.64461921663498e-06,
  "childless_rate": 0.15494040902430167,
  "housing_demand_by_income_type": [
    [
      0.2700190653895083
    ],
    [
      1.301124277595291
    ],
    [
      2.222083092063951
    ],
    [
      1.6651729453107649
    ],
    [
      0.47856526062011007
    ]
  ],
  "housing_supply": [
    5.936919255492596
  ],
  "income_process": "markov",
  "income_state_weights": [
    0.0625,
    0.25,
    0.375,
    0.25,
    0.0625
  ],
  "income_states": [
    0.39961700218563456,
    0.605607263682558,
    0.9177791630965285,
    1.3908660657275138,
    2.1078147015949065
  ],
  "income_transition": [
    [
      0.5179228012729178,
      0.3703824842024232,
      0.09932695393994877,
      0.01183862532476536,
      0.0005291352599450613
    ],
    [
      0.09259562105060577,
      0.567586278242892,
      0.2866658321453914,
      0.05019261222991943,
      0.0029596563311913393
    ],
    [
      0.016554492323324795,
      0.19111055476359423,
      0.584669905826162,
      0.19111055476359423,
      0.016554492323324795
    ],
    [
      0.00295965633119134,
      0.05019261222991944,
      0.28666583214539143,
      0.5675862782428921,
      0.09259562105060579
    ],
    [
      0.0005291352599450612,
      0.01183862532476536,
      0.09932695393994877,
      0.37038248420242315,
      0.5179228012729177
    ]
  ],
  "income_type_weights": [
    0.0625,
    0.25,
    0.375,
    0.25,
    0.0625
  ],
  "income_types": [
    0.39961700218563456,
    0.605607263682558,
    0.9177791630965285,
    1.3908660657275138,
    2.1078147015949065
  ],
  "markets": 1,
  "mean_age_first_birth": 27.365267625801742,
  "mean_completed_fertility": 1.7383907898707147,
  "mean_fertility_by_income_type": [
    1.738298761399277,
    1.7383464485039302,
    1.7383917482649582,
    1.7384351244215668,
    1.7384770952404547
  ],
  "n_child_stages": 1,
  "old_owner_rate": 0.9455193002497714,
  "own_rate": 0.672020308095998,
  "own_rate_3055": 0.6777952527956078,
  "own_rate_by_income_type": [
    0.476859177883763,
    0.5751740257614611,
    0.6584480614412395,
    0.7989816622256465,
    0.8281546313799644
  ],
  "owner_asset_price": [
    0.7853195420972497
  ],
  "owner_demand_by_size": [
    0.0,
    0.39110323431710603,
    2.0421607363506196,
    1.2294265659724082,
    0.8020605604504563
  ],
  "owner_user_cost": [
    0.13013645523727232
  ],
  "period_years": 4.0,
  "pti_constraint": false,
  "rental_demand_by_market": [
    1.472213543889034
  ],
  "target_own_rate": 0.6777952527956078,
  "tfr": 3.4767815797414294,
  "tfr_by_income_type": [
    3.476597522798554,
    3.4766928970078603,
    3.4767834965299165,
    3.4768702488431336,
    3.4769541904809094
  ],
  "young_owner_rate": 0.35942859045387954
}