path,weighting,phase,own_loss,primary_loss,stationary_solves,solve_seconds,diagnostic_pngs,source_manifest_sha256,receipt_sha256,status
/Users/tommasodesanto/Desktop/Projects/Fertility/Fertility_Spring26/tmp/e5f_overnight_local_20260927/portable/night_launch_v2/primary/smoke/smoke_0000/case,primary,acceptance,592.8153847254691,592.8153847254692,4,218.72697795800923,17,49566b92deae0d27014ebe4204cc88209ea27a664e90ca697d2e377d2f8f4737,10d62faa11f14f22335d457439d795eca34ae09c4d647cdc8587db49e93027ef,table_checked_provisional_point
/Users/tommasodesanto/Desktop/Projects/Fertility/Fertility_Spring26/tmp/e5f_overnight_local_20260927/portable/night_launch_v2/primary/smoke/smoke_0001/case,primary,acceptance,592.8153847254691,592.8153847254692,4,218.866402500018,17,49566b92deae0d27014ebe4204cc88209ea27a664e90ca697d2e377d2f8f4737,4ef5ac71eeeb709d1049ddb739e884841ca0eddf680a0b7ad470a6a955f62ae1,table_checked_provisional_point
/Users/tommasodesanto/Desktop/Projects/Fertility/Fertility_Spring26/tmp/e5f_overnight_local_20260927/portable/night_launch_v2/identity/smoke/smoke_0001/case,identity,acceptance,2.806905306938252,592.8153847254692,4,223.84922550001647,17,49566b92deae0d27014ebe4204cc88209ea27a664e90ca697d2e377d2f8f4737,ff30670e94223c02f46190bab35f92c9c1a80899136c1690a963d16b4be4d295,table_checked_provisional_point
/Users/tommasodesanto/Desktop/Projects/Fertility/Fertility_Spring26/tmp/e5f_overnight_local_20260927/portable/night_launch_v2/identity/smoke/smoke_0000/case,identity,acceptance,2.806905306938252,592.8153847254692,4,225.01052362498012,17,49566b92deae0d27014ebe4204cc88209ea27a664e90ca697d2e377d2f8f4737,51fa7b9760795f0a903ba03bc9ea55d85a35e6f185eb1addb6a3b8641484a550,table_checked_provisional_point
/Users/tommasodesanto/Desktop/Projects/Fertility/Fertility_Spring26/tmp/e5f_overnight_local_20260927/portable/night_launch_v2/primary/search/initial_0002/case,primary,search,631.3775951192932,631.3775951192932,4,280.09642916698067,0,49566b92deae0d27014ebe4204cc88209ea27a664e90ca697d2e377d2f8f4737,7f4f059dd70c5971a618d78f7d3199fd92549396c40469b091b39efe176630fd,table_checked_provisional_point
/Users/tommasodesanto/Desktop/Projects/Fertility/Fertility_Spring26/tmp/e5f_overnight_local_20260927/portable/night_launch_v2/primary/search/initial_0001/case,primary,search,596.2810301272589,596.2810301272589,4,282.76427962601883,0,49566b92deae0d27014ebe4204cc88209ea27a664e90ca697d2e377d2f8f4737,f9d97ae782dbd6f00c5bd9dfde1639824d100b32031612ae269f30d76c19cda7,table_checked_provisional_point
/Users/tommasodesanto/Desktop/Projects/Fertility/Fertility_Spring26/tmp/e5f_overnight_local_20260927/portable/night_launch_v2/primary/search/initial_0004/case,primary,search,590.2725332685255,590.2725332685255,4,283.9570735829766,0,49566b92deae0d27014ebe4204cc88209ea27a664e90ca697d2e377d2f8f4737,3a478ab953a11f23b793f1e6bcd3c1789b6f312eb60f9cf9fc99d6be7de9e047,table_checked_provisional_point
/Users/tommasodesanto/Desktop/Projects/Fertility/Fertility_Spring26/tmp/e5f_overnight_local_20260927/portable/night_launch_v2/primary/search/initial_0007/case,primary,search,633.1282264854228,633.1282264854229,4,284.688993415999,0,49566b92deae0d27014ebe4204cc88209ea27a664e90ca697d2e377d2f8f4737,8f54c6979aece1f6899608e7f9abf9ad4da1cbd1c6ca37a87ea24ce9505724a7,table_checked_provisional_point
/Users/tommasodesanto/Desktop/Projects/Fertility/Fertility_Spring26/tmp/e5f_overnight_local_20260927/portable/night_launch_v2/primary/search/initial_0000/case,primary,search,394.012434787092,394.01243478709205,5,311.6870487089909,0,49566b92deae0d27014ebe4204cc88209ea27a664e90ca697d2e377d2f8f4737,363d8aeb5d3af70ab2a6510a441ad8c52d58005ab174f008303af9d90aa67cd5,table_checked_provisional_point
/Users/tommasodesanto/Desktop/Projects/Fertility/Fertility_Spring26/tmp/e5f_overnight_local_20260927/portable/night_launch_v2/primary/search/initial_0003/case,primary,search,983.771057676052,983.7710576760521,5,310.87828374898527,0,49566b92deae0d27014ebe4204cc88209ea27a664e90ca697d2e377d2f8f4737,c56e67c5e15ae853e47995b0ced381c7639be571867550a67d9a21be1f83c59b,table_checked_provisional_point
/Users/tommasodesanto/Desktop/Projects/Fertility/Fertility_Spring26/tmp/e5f_overnight_local_20260927/portable/night_launch_v2/primary/search/initial_0006/case,primary,search,449.45837488691785,449.4583748869178,6,347.734182041997,0,49566b92deae0d27014ebe4204cc88209ea27a664e90ca697d2e377d2f8f4737,64279040281d3a78437e28e0af8d1b177ede6ba883119bdcf28be196785d3a87,table_checked_provisional_point
/Users/tommasodesanto/Desktop/Projects/Fertility/Fertility_Spring26/tmp/e5f_overnight_local_20260927/portable/night_launch_v2/primary/search/initial_0005/case,primary,search,555.3897778927394,555.3897778927394,6,362.4671792500012,0,49566b92deae0d27014ebe4204cc88209ea27a664e90ca697d2e377d2f8f4737,58229272dad616f949cfe7bbb58360523133b82d390101ec494bd24bddfdd8e2,table_checked_provisional_point
/Users/tommasodesanto/Desktop/Projects/Fertility/Fertility_Spring26/tmp/e5f_overnight_local_20260927/portable/night_launch_v2/primary/search/de_0015/case,primary,search,391.6677578773596,391.6677578773596,5,328.7816569150018,0,49566b92deae0d27014ebe4204cc88209ea27a664e90ca697d2e377d2f8f4737,f39c37ee5cdff8d4290b929f1a005f111a2361d747c90c9e65a9e3a866fc1364,table_checked_provisional_point
/Users/tommasodesanto/Desktop/Projects/Fertility/Fertility_Spring26/tmp/e5f_overnight_local_20260927/portable/night_launch_v2/primary/search/de_0014/case,primary,search,351.50025560491173,351.5002556049118,5,329.94295929101645,0,49566b92deae0d27014ebe4204cc88209ea27a664e90ca697d2e377d2f8f4737,59d5fa224e28d3684f8fe24d28111d4cceed850728cc025205de1555291a9cb6,table_checked_provisional_point
/Users/tommasodesanto/Desktop/Projects/Fertility/Fertility_Spring26/tmp/e5f_overnight_local_20260927/portable/night_launch_v2/primary/search/de_0013/case,primary,search,393.47091112867247,393.4709111286724,5,333.6846347489918,0,49566b92deae0d27014ebe4204cc88209ea27a664e90ca697d2e377d2f8f4737,c831648bf89eebc6104d6fe7a81a5eac6b7c2e0a7a0bda2107b844e5e9cd2f29,table_checked_provisional_point
/Users/tommasodesanto/Desktop/Projects/Fertility/Fertility_Spring26/tmp/e5f_overnight_local_20260927/portable/night_launch_v2/primary/search/de_0010/case,primary,search,385.9729455968828,385.9729455968828,5,344.8274478320236,0,49566b92deae0d27014ebe4204cc88209ea27a664e90ca697d2e377d2f8f4737,9d40f94a073fe17b5108ecd69bdf03bf0ee5dfa848fdd5b3df3d353344bc74d8,table_checked_provisional_point
/Users/tommasodesanto/Desktop/Projects/Fertility/Fertility_Spring26/tmp/e5f_overnight_local_20260927/portable/night_launch_v2/primary/search/de_0009/case,primary,search,414.4648522009138,414.4648522009138,5,348.92919262299256,0,49566b92deae0d27014ebe4204cc88209ea27a664e90ca697d2e377d2f8f4737,237f3674d1ae224241cb7b0ecece553b9ed78f841631ca2736ce41d589630970,table_checked_provisional_point
/Users/tommasodesanto/Desktop/Projects/Fertility/Fertility_Spring26/tmp/e5f_overnight_local_20260927/portable/night_launch_v2/primary/search/de_0008/case,primary,search,512.7290496376324,512.7290496376324,6,359.541148874996,0,49566b92deae0d27014ebe4204cc88209ea27a664e90ca697d2e377d2f8f4737,b17b3635b64ad96c2aa61ff0d203280f6a0e89b7ceb0305720e8cd37eb9e0c91,table_checked_provisional_point
/Users/tommasodesanto/Desktop/Projects/Fertility/Fertility_Spring26/tmp/e5f_overnight_local_20260927/portable/night_launch_v2/primary/search/de_0012/case,primary,search,412.88262256635,412.88262256635005,6,398.07603479099635,0,49566b92deae0d27014ebe4204cc88209ea27a664e90ca697d2e377d2f8f4737,60b7f2895650eb131747805d249a462120c5aa7740dd415f9c833e6d57f163fa,table_checked_provisional_point
/Users/tommasodesanto/Desktop/Projects/Fertility/Fertility_Spring26/tmp/e5f_overnight_local_20260927/portable/night_launch_v2/primary/search/de_0011/case,primary,search,544.6444150556691,544.6444150556691,7,456.48452749996795,0,49566b92deae0d27014ebe4204cc88209ea27a664e90ca697d2e377d2f8f4737,f61d9cdac791c0b828b1919c7d22c0d24efaaef250982399d1eedb8cfc1f6437,table_checked_provisional_point
/Users/tommasodesanto/Desktop/Projects/Fertility/Fertility_Spring26/tmp/e5f_overnight_local_20260927/portable/night_launch_v2/primary/search/de_0018/case,primary,search,351.96405747661305,351.96405747661305,5,297.608644833017,0,49566b92deae0d27014ebe4204cc88209ea27a664e90ca697d2e377d2f8f4737,641a18842f027a6c14377ef579f8856acebd953e7279e07723994af3eeb7940e,table_checked_provisional_point
/Users/tommasodesanto/Desktop/Projects/Fertility/Fertility_Spring26/tmp/e5f_overnight_local_20260927/portable/night_launch_v2/primary/search/de_0017/case,primary,search,342.1386198926828,342.1386198926827,5,299.6866265410208,0,49566b92deae0d27014ebe4204cc88209ea27a664e90ca697d2e377d2f8f4737,94dea69f1b05ae93faf6eab234589c42c85b6746c6c44820db0a3db3cf6a2adc,table_checked_provisional_point
/Users/tommasodesanto/Desktop/Projects/Fertility/Fertility_Spring26/tmp/e5f_overnight_local_20260927/portable/night_launch_v2/primary/search/de_0021/case,primary,search,348.9768414463749,348.9768414463749,5,308.5821600420022,0,49566b92deae0d27014ebe4204cc88209ea27a664e90ca697d2e377d2f8f4737,1fda179a1fe3ba968ead4c06d70bb92e0f52b00433d4450815344407c855e4d2,table_checked_provisional_point
/Users/tommasodesanto/Desktop/Projects/Fertility/Fertility_Spring26/tmp/e5f_overnight_local_20260927/portable/night_launch_v2/primary/search/de_0023/case,primary,search,368.5729898475909,368.5729898475909,5,315.07055124900944,0,49566b92deae0d27014ebe4204cc88209ea27a664e90ca697d2e377d2f8f4737,be72455f2b0557f92a7cad81a77ecf669439ebbb8284fb65bf4cc11d3590abc6,table_checked_provisional_point
/Users/tommasodesanto/Desktop/Projects/Fertility/Fertility_Spring26/tmp/e5f_overnight_local_20260927/portable/night_launch_v2/primary/search/de_0016/case,primary,search,381.93968231643987,381.9396823164398,5,315.20476808298554,0,49566b92deae0d27014ebe4204cc88209ea27a664e90ca697d2e377d2f8f4737,0146c5aff9983ad6d260eac1b8f6a5d9446348341372477a857568fd6e0b2208,table_checked_provisional_point
/Users/tommasodesanto/Desktop/Projects/Fertility/Fertility_Spring26/tmp/e5f_overnight_local_20260927/portable/night_launch_v2/primary/search/de_0019/case,primary,search,327.71638987702687,327.71638987702687,5,315.7617940840137,0,49566b92deae0d27014ebe4204cc88209ea27a664e90ca697d2e377d2f8f4737,d49949a6b0c27df9ad3ec34c9f1eb99420529207bd56a897c65b32ec555b7989,table_checked_provisional_point
/Users/tommasodesanto/Desktop/Projects/Fertility/Fertility_Spring26/tmp/e5f_overnight_local_20260927/portable/night_launch_v2/primary/search/de_0020/case,primary,search,351.2708624955291,351.2708624955291,5,315.58213745798275,0,49566b92deae0d27014ebe4204cc88209ea27a664e90ca697d2e377d2f8f4737,d7df8f7d046b1610bc8824e75bf608695df6cc0f3693ae4a1971d6f840447325,table_checked_provisional_point
/Users/tommasodesanto/Desktop/Projects/Fertility/Fertility_Spring26/tmp/e5f_overnight_local_20260927/portable/night_launch_v2/primary/search/de_0022/case,primary,search,372.9511978199358,372.9511978199358,5,317.8920749159879,0,49566b92deae0d27014ebe4204cc88209ea27a664e90ca697d2e377d2f8f4737,e11a4a9e99f78452939d609bda023529cb982517e8989501c590dfaba785050c,table_checked_provisional_point
/Users/tommasodesanto/Desktop/Projects/Fertility/Fertility_Spring26/tmp/e5f_overnight_local_20260927/portable/night_launch_v2/primary/search/de_0024/case,primary,search,319.51787566579037,319.5178756657905,4,265.14409650096786,0,49566b92deae0d27014ebe4204cc88209ea27a664e90ca697d2e377d2f8f4737,cf310df65070341f7ff549db2b7322fb5554921e2e4b4ba30a2cae1a92a32f07,table_checked_provisional_point
/Users/tommasodesanto/Desktop/Projects/Fertility/Fertility_Spring26/tmp/e5f_overnight_local_20260927/portable/night_launch_v2/primary/search/de_0027/case,primary,search,400.90665716581276,400.9066571658127,5,310.90366562498093,0,49566b92deae0d27014ebe4204cc88209ea27a664e90ca697d2e377d2f8f4737,2aac2115db893babe6256b177029b624768fc8c3241ff64c87e7aecb78d870a6,table_checked_provisional_point
/Users/tommasodesanto/Desktop/Projects/Fertility/Fertility_Spring26/tmp/e5f_overnight_local_20260927/portable/night_launch_v2/primary/search/de_0029/case,primary,search,319.8075152169493,319.8075152169493,5,326.83859662701434,0,49566b92deae0d27014ebe4204cc88209ea27a664e90ca697d2e377d2f8f4737,846cc9545ab107c879d248e6148eae2be91d7ce6e36dbff269e21a7e13eaf479,table_checked_provisional_point
/Users/tommasodesanto/Desktop/Projects/Fertility/Fertility_Spring26/tmp/e5f_overnight_local_20260927/portable/night_launch_v2/primary/search/de_0025/case,primary,search,327.0257710036244,327.02577100362436,5,328.6276289590023,0,49566b92deae0d27014ebe4204cc88209ea27a664e90ca697d2e377d2f8f4737,bb886a8819f3f48f9f2965fecf3c58afb28c126e9bccc93ed0230d1aac95701c,table_checked_provisional_point
/Users/tommasodesanto/Desktop/Projects/Fertility/Fertility_Spring26/tmp/e5f_overnight_local_20260927/portable/night_launch_v2/primary/search/de_0028/case,primary,search,346.51062215268126,346.5106221526812,5,328.70973187396885,0,49566b92deae0d27014ebe4204cc88209ea27a664e90ca697d2e377d2f8f4737,325b69a6074165e67bab289df95a13033d17141daa796430f2e7e5ae0d27d76c,table_checked_provisional_point
/Users/tommasodesanto/Desktop/Projects/Fertility/Fertility_Spring26/tmp/e5f_overnight_local_20260927/portable/night_launch_v2/primary/search/de_0026/case,primary,search,335.21275290325275,335.2127529032527,5,329.51815554097993,0,49566b92deae0d27014ebe4204cc88209ea27a664e90ca697d2e377d2f8f4737,96c4e8643c5b7fca67fc607b192dd9ef90cc62e42752dc0057213c0141333dac,table_checked_provisional_point
/Users/tommasodesanto/Desktop/Projects/Fertility/Fertility_Spring26/tmp/e5f_overnight_local_20260927/portable/night_launch_v2/primary/search/de_0031/case,primary,search,331.8407558669963,331.84075586699623,5,329.72984741599066,0,49566b92deae0d27014ebe4204cc88209ea27a664e90ca697d2e377d2f8f4737,999c107fe3bdc69f977dccb78d7e98f122dba4510628fa7957b9c8e43d9b887d,table_checked_provisional_point
/Users/tommasodesanto/Desktop/Projects/Fertility/Fertility_Spring26/tmp/e5f_overnight_local_20260927/portable/night_launch_v2/primary/search/de_0030/case,primary,search,301.0350766328176,301.03507663281766,5,345.5072146669845,0,49566b92deae0d27014ebe4204cc88209ea27a664e90ca697d2e377d2f8f4737,a44147eb1caabf2fd5851d2a7217f412fbcd5a70be6602e2168796676165a16f,table_checked_provisional_point
/Users/tommasodesanto/Desktop/Projects/Fertility/Fertility_Spring26/tmp/e5f_overnight_local_20260927/portable/night_launch_v2/primary/search/de_0037/case,primary,search,310.20848808011095,310.2084880801109,5,318.7320945829997,0,49566b92deae0d27014ebe4204cc88209ea27a664e90ca697d2e377d2f8f4737,cdbb9417b243198d088c34101853898f64dcc34a5d2e71a2f61539a3e2392aa8,table_checked_provisional_point
/Users/tommasodesanto/Desktop/Projects/Fertility/Fertility_Spring26/tmp/e5f_overnight_local_20260927/portable/night_launch_v2/primary/search/de_0032/case,primary,search,290.24512020132687,290.24512020132687,5,337.70028562500374,0,49566b92deae0d27014ebe4204cc88209ea27a664e90ca697d2e377d2f8f4737,ff3489612dab9c09a2fe5a3948a8a29c8fec3a67576a1cd417fc4fc0680ed1b8,table_checked_provisional_point
/Users/tommasodesanto/Desktop/Projects/Fertility/Fertility_Spring26/tmp/e5f_overnight_local_20260927/portable/night_launch_v2/primary/search/de_0034/case,primary,search,301.45296588841137,301.4529658884113,5,354.4283006270125,0,49566b92deae0d27014ebe4204cc88209ea27a664e90ca697d2e377d2f8f4737,5e629631389deb038202012d44b18d47121549156c3400b39c8cd0b47781c3a7,table_checked_provisional_point
/Users/tommasodesanto/Desktop/Projects/Fertility/Fertility_Spring26/tmp/e5f_overnight_local_20260927/portable/night_launch_v2/primary/search/de_0036/case,primary,search,311.91109024842115,311.9110902484212,5,356.4795314999792,0,49566b92deae0d27014ebe4204cc88209ea27a664e90ca697d2e377d2f8f4737,43521ed63d53b5fb533a91351d0b3cd58869401886298d02bf99f104be114604,table_checked_provisional_point
/Users/tommasodesanto/Desktop/Projects/Fertility/Fertility_Spring26/tmp/e5f_overnight_local_20260927/portable/night_launch_v2/primary/search/de_0039/case,primary,search,346.54597705468825,346.5459770546883,5,367.9077480830165,0,49566b92deae0d27014ebe4204cc88209ea27a664e90ca697d2e377d2f8f4737,829f298336a91feaf1d8d8af4f9d25fec258d575929194088be6b376a2ffdfe8,table_checked_provisional_point
/Users/tommasodesanto/Desktop/Projects/Fertility/Fertility_Spring26/tmp/e5f_overnight_local_20260927/portable/night_launch_v2/primary/search/de_0033/case,primary,search,310.91744768117735,310.91744768117735,5,370.7376668740035,0,49566b92deae0d27014ebe4204cc88209ea27a664e90ca697d2e377d2f8f4737,5b4e1ef7ee49183c80b4a6139bf2ba022408a2fc9a65f55647eae1949bfbc00d,table_checked_provisional_point
/Users/tommasodesanto/Desktop/Projects/Fertility/Fertility_Spring26/tmp/e5f_overnight_local_20260927/portable/night_launch_v2/primary/search/de_0035/case,primary,search,356.2542857338567,356.25428573385676,5,371.3210893760115,0,49566b92deae0d27014ebe4204cc88209ea27a664e90ca697d2e377d2f8f4737,1ef1853c87e50853bec36e55a15cb04bb4a0565ce6c57c655ac099a26594f7f1,table_checked_provisional_point
/Users/tommasodesanto/Desktop/Projects/Fertility/Fertility_Spring26/tmp/e5f_overnight_local_20260927/portable/night_launch_v2/primary/search/de_0038/case,primary,search,294.6326886119481,294.6326886119481,7,470.29281954099133,0,49566b92deae0d27014ebe4204cc88209ea27a664e90ca697d2e377d2f8f4737,3bbdc3734039d23ba66fa3661f172f6e54b8adbdbfa9f60ba784babdecdd4ba2,table_checked_provisional_point
/Users/tommasodesanto/Desktop/Projects/Fertility/Fertility_Spring26/tmp/e5f_overnight_local_20260927/portable/night_launch_v2/primary/search/de_0043/case,primary,search,320.61485109627574,320.61485109627574,4,288.19054704200244,0,49566b92deae0d27014ebe4204cc88209ea27a664e90ca697d2e377d2f8f4737,b2f00ffd0fd4cbf804155c9e25d814f70498978a284a370da513f7d873c1508b,table_checked_provisional_point
/Users/tommasodesanto/Desktop/Projects/Fertility/Fertility_Spring26/tmp/e5f_overnight_local_20260927/portable/night_launch_v2/primary/search/de_0040/case,primary,search,408.35177921370615,408.3517792137062,5,304.29800779199286,0,49566b92deae0d27014ebe4204cc88209ea27a664e90ca697d2e377d2f8f4737,457801fb79352ed6dce8f05c91747851aa08523c66526da55ce8d0d6e6060f3e,table_checked_provisional_point
/Users/tommasodesanto/Desktop/Projects/Fertility/Fertility_Spring26/tmp/e5f_overnight_local_20260927/portable/night_launch_v2/primary/search/de_0044/case,primary,search,289.28903137154214,289.2890313715422,5,318.26029083301546,0,49566b92deae0d27014ebe4204cc88209ea27a664e90ca697d2e377d2f8f4737,92419ff5437ab06a9166c75248a557301d41ff6286b624efce5cc0cccc114697,table_checked_provisional_point
/Users/tommasodesanto/Desktop/Projects/Fertility/Fertility_Spring26/tmp/e5f_overnight_local_20260927/portable/night_launch_v2/primary/search/de_0041/case,primary,search,290.3307220092465,290.3307220092464,5,320.10921320896887,0,49566b92deae0d27014ebe4204cc88209ea27a664e90ca697d2e377d2f8f4737,3c7e07be74de93b2fb93ca2cb6800a32cf5d13eea63b9b451e426c84116978d9,table_checked_provisional_point
/Users/tommasodesanto/Desktop/Projects/Fertility/Fertility_Spring26/tmp/e5f_overnight_local_20260927/portable/night_launch_v2/primary/search/de_0047/case,primary,search,294.65951477765316,294.65951477765316,5,333.3689799160202,0,49566b92deae0d27014ebe4204cc88209ea27a664e90ca697d2e377d2f8f4737,76be2d672e1abab542617ed649fa90187299f64b5b828010de93195eb1f092ad,table_checked_provisional_point
/Users/tommasodesanto/Desktop/Projects/Fertility/Fertility_Spring26/tmp/e5f_overnight_local_20260927/portable/night_launch_v2/primary/search/de_0042/case,primary,search,296.6318870847712,296.6318870847713,5,334.23048349900637,0,49566b92deae0d27014ebe4204cc88209ea27a664e90ca697d2e377d2f8f4737,8fbc66179bd995f2a7556041e2713d8657d4c8321d8ffa08fea9221d6c1a3b11,table_checked_provisional_point
/Users/tommasodesanto/Desktop/Projects/Fertility/Fertility_Spring26/tmp/e5f_overnight_local_20260927/portable/night_launch_v2/primary/search/de_0046/case,primary,search,303.9715568186031,303.97155681860306,5,337.412372375009,0,49566b92deae0d27014ebe4204cc88209ea27a664e90ca697d2e377d2f8f4737,3cafd8a162faca9f03b6de6be3ddbeabff51817d759ac41b0e35b64145f5e3e1,table_checked_provisional_point
/Users/tommasodesanto/Desktop/Projects/Fertility/Fertility_Spring26/tmp/e5f_overnight_local_20260927/portable/night_launch_v2/primary/search/de_0045/case,primary,search,289.84122313596384,289.84122313596384,5,344.0491038739856,0,49566b92deae0d27014ebe4204cc88209ea27a664e90ca697d2e377d2f8f4737,f35d891603baf090f1bed1b5cad4ec3c83547c27f839e6e31bf917ea541f7e19,table_checked_provisional_point
/Users/tommasodesanto/Desktop/Projects/Fertility/Fertility_Spring26/tmp/e5f_overnight_local_20260927/portable/night_launch_v2/primary/search/de_0054/case,primary,search,304.81837079303165,304.81837079303153,4,245.64944583199394,0,49566b92deae0d27014ebe4204cc88209ea27a664e90ca697d2e377d2f8f4737,2f08e31dd283a45c43a58d5249005ab455ecd5a9a8ce6467ed9eeccb34246896,table_checked_provisional_point
/Users/tommasodesanto/Desktop/Projects/Fertility/Fertility_Spring26/tmp/e5f_overnight_local_20260927/portable/night_launch_v2/primary/search/de_0048/case,primary,search,322.59619388498663,322.59619388498663,5,293.58020087597833,0,49566b92deae0d27014ebe4204cc88209ea27a664e90ca697d2e377d2f8f4737,499a4b3205edfc92a2f5a5177417afc203eb171750b1224531eef9adc537281c,table_checked_provisional_point
/Users/tommasodesanto/Desktop/Projects/Fertility/Fertility_Spring26/tmp/e5f_overnight_local_20260927/portable/night_launch_v2/primary/search/de_0049/case,primary,search,288.2663121878676,288.2663121878677,5,322.7210202500137,0,49566b92deae0d27014ebe4204cc88209ea27a664e90ca697d2e377d2f8f4737,0f61be58babab10a59770e5b1c018f3c8114c09cf97bc4283672d37f7cd4fd30,table_checked_provisional_point
/Users/tommasodesanto/Desktop/Projects/Fertility/Fertility_Spring26/tmp/e5f_overnight_local_20260927/portable/night_launch_v2/primary/search/de_0050/case,primary,search,287.95358966302837,287.95358966302837,5,322.8327107080113,0,49566b92deae0d27014ebe4204cc88209ea27a664e90ca697d2e377d2f8f4737,4429f11ea1521ea9246ffe081de35dfb7429cb89c3e851b1ff9b875f9d92eb88,table_checked_provisional_point
/Users/tommasodesanto/Desktop/Projects/Fertility/Fertility_Spring26/tmp/e5f_overnight_local_20260927/portable/night_launch_v2/primary/search/de_0052/case,primary,search,286.5563764822351,286.5563764822352,5,323.7596068330022,0,49566b92deae0d27014ebe4204cc88209ea27a664e90ca697d2e377d2f8f4737,72f768890dcb1b4b570b83e9f14012085a0a7c1b7fef159034f3c5249a9ae3be,table_checked_provisional_point
/Users/tommasodesanto/Desktop/Projects/Fertility/Fertility_Spring26/tmp/e5f_overnight_local_20260927/portable/night_launch_v2/primary/search/de_0055/case,primary,search,289.75861986178415,289.75861986178415,5,324.2828257910005,0,49566b92deae0d27014ebe4204cc88209ea27a664e90ca697d2e377d2f8f4737,3ad1e0bf2152044db0807cccf059c02c9d7491852eeb0baedacf73f502441882,table_checked_provisional_point
/Users/tommasodesanto/Desktop/Projects/Fertility/Fertility_Spring26/tmp/e5f_overnight_local_20260927/portable/night_launch_v2/primary/search/de_0053/case,primary,search,307.55209195574025,307.5520919557403,5,338.715393749997,0,49566b92deae0d27014ebe4204cc88209ea27a664e90ca697d2e377d2f8f4737,3b885b8632525f8c06657db95da72010d7999daa020b25947b009a1e99c146a8,table_checked_provisional_point
/Users/tommasodesanto/Desktop/Projects/Fertility/Fertility_Spring26/tmp/e5f_overnight_local_20260927/portable/night_launch_v2/primary/search/de_0051/case,primary,search,287.5577702050984,287.55777020509845,5,341.2421366669878,0,49566b92deae0d27014ebe4204cc88209ea27a664e90ca697d2e377d2f8f4737,3183193745bfa1ad2654017f2a3917465bfbbddb39cb4f1d81ea9723a045414b,table_checked_provisional_point
/Users/tommasodesanto/Desktop/Projects/Fertility/Fertility_Spring26/tmp/e5f_overnight_local_20260927/portable/night_launch_v2/primary/search/de_0062/case,primary,search,313.3831468639544,313.38314686395444,5,293.61484408398974,0,49566b92deae0d27014ebe4204cc88209ea27a664e90ca697d2e377d2f8f4737,71f4fc885310975a19ba65319eee9c0af640c2b0b8f9409eea87cea4b962d221,table_checked_provisional_point
/Users/tommasodesanto/Desktop/Projects/Fertility/Fertility_Spring26/tmp/e5f_overnight_local_20260927/portable/night_launch_v2/primary/search/de_0061/case,primary,search,285.78788307256934,285.78788307256934,5,327.3694042080024,0,49566b92deae0d27014ebe4204cc88209ea27a664e90ca697d2e377d2f8f4737,d25548e594a0021a46987cc9e12bce48e53d26358907ca80a0ea9ccce152c9d9,table_checked_provisional_point
/Users/tommasodesanto/Desktop/Projects/Fertility/Fertility_Spring26/tmp/e5f_overnight_local_20260927/portable/night_launch_v2/primary/search/de_0057/case,primary,search,289.4337998116964,289.4337998116965,5,328.6350390430016,0,49566b92deae0d27014ebe4204cc88209ea27a664e90ca697d2e377d2f8f4737,e7279383349ad5bbb14fee4261a56c30d1c8691fee53469f559d6ba21c64d22b,table_checked_provisional_point
/Users/tommasodesanto/Desktop/Projects/Fertility/Fertility_Spring26/tmp/e5f_overnight_local_20260927/portable/night_launch_v2/primary/search/de_0058/case,primary,search,266.5955540389088,266.5955540389088,5,328.8772998760105,0,49566b92deae0d27014ebe4204cc88209ea27a664e90ca697d2e377d2f8f4737,3a454d6221313b3794755cd5cb6990979cfc26c0e39f5d59fc367d9b8cbceaf0,table_checked_provisional_point
/Users/tommasodesanto/Desktop/Projects/Fertility/Fertility_Spring26/tmp/e5f_overnight_local_20260927/portable/night_launch_v2/primary/search/de_0063/case,primary,search,286.0810767783708,286.0810767783707,5,328.74322675101575,0,49566b92deae0d27014ebe4204cc88209ea27a664e90ca697d2e377d2f8f4737,6a52253529fe23c85f0877866a9dad2fee1dfd0c50043d70dfd03d56dcb7ccc9,table_checked_provisional_point
/Users/tommasodesanto/Desktop/Projects/Fertility/Fertility_Spring26/tmp/e5f_overnight_local_20260927/portable/night_launch_v2/primary/search/de_0060/case,primary,search,315.35365266706606,315.35365266706606,5,344.23355870902014,0,49566b92deae0d27014ebe4204cc88209ea27a664e90ca697d2e377d2f8f4737,f95e137dc9e2a2b0d320f40205d9bc9ce908bbb52fe7687bcbfad35365f377d3,table_checked_provisional_point
/Users/tommasodesanto/Desktop/Projects/Fertility/Fertility_Spring26/tmp/e5f_overnight_local_20260927/portable/night_launch_v2/primary/search/de_0056/case,primary,search,254.80197255319663,254.8019725531966,5,345.1947461239906,0,49566b92deae0d27014ebe4204cc88209ea27a664e90ca697d2e377d2f8f4737,9766be137cdbcf57d84859b0d0df9097efae30b8a9272859301521afcfbc52f5,table_checked_provisional_point
/Users/tommasodesanto/Desktop/Projects/Fertility/Fertility_Spring26/tmp/e5f_overnight_local_20260927/portable/night_launch_v2/primary/search/de_0059/case,primary,search,282.92412603069084,282.92412603069084,7,454.6504713759932,0,49566b92deae0d27014ebe4204cc88209ea27a664e90ca697d2e377d2f8f4737,5f5de63c319e32eaa3b0c790072eb1f576a556aa682e49f4c7b8c7a44b3d66ca,table_checked_provisional_point
/Users/tommasodesanto/Desktop/Projects/Fertility/Fertility_Spring26/tmp/e5f_overnight_local_20260927/portable/night_launch_v2/primary/search/de_0067/case,primary,search,267.2313337178904,267.2313337178904,5,303.5534505430114,0,49566b92deae0d27014ebe4204cc88209ea27a664e90ca697d2e377d2f8f4737,293a14acb1a52bd0943f578b805d2b006168f4c540e7c96bdfe560c16b446409,table_checked_provisional_point
/Users/tommasodesanto/Desktop/Projects/Fertility/Fertility_Spring26/tmp/e5f_overnight_local_20260927/portable/night_launch_v2/primary/search/de_0065/case,primary,search,259.1248725071431,259.1248725071431,5,317.3807932510099,0,49566b92deae0d27014ebe4204cc88209ea27a664e90ca697d2e377d2f8f4737,47e039b0fba2fb771199b1905d44a69bd5feb74ec06f41b4285d23c0caa34ad8,table_checked_provisional_point
/Users/tommasodesanto/Desktop/Projects/Fertility/Fertility_Spring26/tmp/e5f_overnight_local_20260927/portable/night_launch_v2/primary/search/de_0068/case,primary,search,245.13624865950797,245.13624865950797,5,318.65929166798014,0,49566b92deae0d27014ebe4204cc88209ea27a664e90ca697d2e377d2f8f4737,4a7e1fb4eca57e370a6eda1bee1c0e7b25bac1d2ae6d88155fc49fecc05f2f03,table_checked_provisional_point
/Users/tommasodesanto/Desktop/Projects/Fertility/Fertility_Spring26/tmp/e5f_overnight_local_20260927/portable/night_launch_v2/primary/search/de_0071/case,primary,search,255.87283847599375,255.87283847599372,5,318.47000316700723,0,49566b92deae0d27014ebe4204cc88209ea27a664e90ca697d2e377d2f8f4737,9b79931d32a203a9a324f44a18559e9ba606b8eebe79687dc43ea3fa39f564fc,table_checked_provisional_point
/Users/tommasodesanto/Desktop/Projects/Fertility/Fertility_Spring26/tmp/e5f_overnight_local_20260927/portable/night_launch_v2/primary/search/de_0066/case,primary,search,252.3598257184931,252.3598257184931,5,336.5377459170122,0,49566b92deae0d27014ebe4204cc88209ea27a664e90ca697d2e377d2f8f4737,1bc7746e85c189e91f3508ee71beebff5029999b3dc98993611bbb2a7fa542d1,table_checked_provisional_point
/Users/tommasodesanto/Desktop/Projects/Fertility/Fertility_Spring26/tmp/e5f_overnight_local_20260927/portable/night_launch_v2/primary/search/de_0069/case,primary,search,254.81027773602798,254.81027773602798,5,336.7777217900002,0,49566b92deae0d27014ebe4204cc88209ea27a664e90ca697d2e377d2f8f4737,381e70e19b72cff39e68aa1df9afe82a28865103dfd3c35358952bd696c74690,table_checked_provisional_point
/Users/tommasodesanto/Desktop/Projects/Fertility/Fertility_Spring26/tmp/e5f_overnight_local_20260927/portable/night_launch_v2/primary/search/de_0064/case,primary,search,327.63494284157105,327.6349428415711,5,349.83832991699455,0,49566b92deae0d27014ebe4204cc88209ea27a664e90ca697d2e377d2f8f4737,f59a6085212ccc1560345744c8c9903c301a59e15d2586407c5145b57fe8af01,table_checked_provisional_point
/Users/tommasodesanto/Desktop/Projects/Fertility/Fertility_Spring26/tmp/e5f_overnight_local_20260927/portable/night_launch_v2/primary/search/de_0070/case,primary,search,213.87803200362018,213.87803200362018,5,350.2355314159795,0,49566b92deae0d27014ebe4204cc88209ea27a664e90ca697d2e377d2f8f4737,1159f728fd9619f1e4378c4f542de4bfd5b58b5027f77aa06b56aa45e9abfe33,table_checked_provisional_point
/Users/tommasodesanto/Desktop/Projects/Fertility/Fertility_Spring26/tmp/e5f_overnight_local_20260927/portable/night_launch_v2/primary/search/de_0078/case,primary,search,205.21955998656506,205.2195599865651,4,275.12698474898934,0,49566b92deae0d27014ebe4204cc88209ea27a664e90ca697d2e377d2f8f4737,586e5c08a8fe00dc3baffe36d13e7cbd6d512500e9759b564df9d1f05a5d22c1,table_checked_provisional_point
/Users/tommasodesanto/Desktop/Projects/Fertility/Fertility_Spring26/tmp/e5f_overnight_local_20260927/portable/night_launch_v2/primary/search/de_0072/case,primary,search,331.13113160698947,331.1311316069894,5,304.7506520010211,0,49566b92deae0d27014ebe4204cc88209ea27a664e90ca697d2e377d2f8f4737,fbed0251121fd8d1818b8cd03bf348d74cfad23c91ac12aaca50b95087331ca2,table_checked_provisional_point
/Users/tommasodesanto/Desktop/Projects/Fertility/Fertility_Spring26/tmp/e5f_overnight_local_20260927/portable/night_launch_v2/primary/search/de_0079/case,primary,search,209.43074304403413,209.4307430440341,5,322.4774101249932,0,49566b92deae0d27014ebe4204cc88209ea27a664e90ca697d2e377d2f8f4737,eda3de00564ddff4bef6ee0db346e779420e3783d30c4a040c6c4327ed3147a9,table_checked_provisional_point
/Users/tommasodesanto/Desktop/Projects/Fertility/Fertility_Spring26/tmp/e5f_overnight_local_20260927/portable/night_launch_v2/primary/search/de_0074/case,primary,search,218.85480415756075,218.85480415756075,5,339.2536529170029,0,49566b92deae0d27014ebe4204cc88209ea27a664e90ca697d2e377d2f8f4737,7d99a56a8d4a0244dbecd80e98893f4ac5671b4069082bf6bc1a0d6134781781,table_checked_provisional_point
/Users/tommasodesanto/Desktop/Projects/Fertility/Fertility_Spring26/tmp/e5f_overnight_local_20260927/portable/night_launch_v2/primary/search/de_0077/case,primary,search,204.76867230215151,204.76867230215154,5,338.5938629590237,0,49566b92deae0d27014ebe4204cc88209ea27a664e90ca697d2e377d2f8f4737,70bff1ebb09d58b2af885558cd5097e21d817d12d0742590e8b4f3681102c76b,table_checked_provisional_point
/Users/tommasodesanto/Desktop/Projects/Fertility/Fertility_Spring26/tmp/e5f_overnight_local_20260927/portable/night_launch_v2/primary/search/de_0073/case,primary,search,213.81032432560673,213.81032432560673,5,355.1255689999816,0,49566b92deae0d27014ebe4204cc88209ea27a664e90ca697d2e377d2f8f4737,f55dd2570619e00365cbbc055d85f0c3a7e4988d05aeb8a574e4625690ec31f7,table_checked_provisional_point
/Users/tommasodesanto/Desktop/Projects/Fertility/Fertility_Spring26/tmp/e5f_overnight_local_20260927/portable/night_launch_v2/primary/search/de_0076/case,primary,search,216.21420811187656,216.2142081118766,5,356.7347633740137,0,49566b92deae0d27014ebe4204cc88209ea27a664e90ca697d2e377d2f8f4737,11572060188cd0acc3622a03bcb6f719b0b38f48e59bd6205af5b8acae593f8c,table_checked_provisional_point
/Users/tommasodesanto/Desktop/Projects/Fertility/Fertility_Spring26/tmp/e5f_overnight_local_20260927/portable/night_launch_v2/primary/search/de_0075/case,primary,search,202.08716966561582,202.08716966561582,7,438.6966365850094,0,49566b92deae0d27014ebe4204cc88209ea27a664e90ca697d2e377d2f8f4737,bb6e648d8a4ad7ed02d930ab1d8468a3bf038639ec27ffb023833f0bfb0c3656,table_checked_provisional_point
/Users/tommasodesanto/Desktop/Projects/Fertility/Fertility_Spring26/tmp/e5f_overnight_local_20260927/portable/night_launch_v2/primary/search/de_0083/case,primary,search,207.4694874945075,207.4694874945075,5,351.07983058200625,0,49566b92deae0d27014ebe4204cc88209ea27a664e90ca697d2e377d2f8f4737,7a168b8a5c8918c1a100c0ba673a5766b62690d120b2b3703b51a768835ea56d,table_checked_provisional_point
/Users/tommasodesanto/Desktop/Projects/Fertility/Fertility_Spring26/tmp/e5f_overnight_local_20260927/portable/night_launch_v2/primary/search/de_0081/case,primary,search,204.7731465904664,204.77314659046644,7,441.71231820796675,0,49566b92deae0d27014ebe4204cc88209ea27a664e90ca697d2e377d2f8f4737,47297833541344a715b2d77bbe77a25f48eb26cce40fe91d51ad459ebdfce30c,table_checked_provisional_point
/Users/tommasodesanto/Desktop/Projects/Fertility/Fertility_Spring26/tmp/e5f_overnight_local_20260927/portable/night_launch_v2/primary/search/de_0080/case,primary,search,230.76820707636662,230.7682070763666,7,443.1580895429943,0,49566b92deae0d27014ebe4204cc88209ea27a664e90ca697d2e377d2f8f4737,d12776f517b1e70192425bc0bb77b5801beeff1f177f3a775a0fba52e5f29e7d,table_checked_provisional_point
/Users/tommasodesanto/Desktop/Projects/Fertility/Fertility_Spring26/tmp/e5f_overnight_local_20260927/portable/night_launch_v2/primary/search/de_0085/case,primary,search,201.14724390521692,201.14724390521692,7,461.78323045895377,0,49566b92deae0d27014ebe4204cc88209ea27a664e90ca697d2e377d2f8f4737,07e6be777f94df2437c8282cd22f23b97872e6e31740fb83c449a0f980f90cc8,table_checked_provisional_point
/Users/tommasodesanto/Desktop/Projects/Fertility/Fertility_Spring26/tmp/e5f_overnight_local_20260927/portable/night_launch_v2/primary/search/de_0082/case,primary,search,198.61955219079195,198.61955219079198,7,463.0248053310206,0,49566b92deae0d27014ebe4204cc88209ea27a664e90ca697d2e377d2f8f4737,b7a153fade68ef4e526d963765bdeb202c82afbf10761dab3b6d443600531531,table_checked_provisional_point
/Users/tommasodesanto/Desktop/Projects/Fertility/Fertility_Spring26/tmp/e5f_overnight_local_20260927/portable/night_launch_v2/primary/search/de_0087/case,primary,search,198.01411240728547,198.01411240728547,7,465.57577599797514,0,49566b92deae0d27014ebe4204cc88209ea27a664e90ca697d2e377d2f8f4737,9e8043d02a97b220f9e766622df9a024f9bf83c47a92ec12c76c9146ac1a4cb7,table_checked_provisional_point
/Users/tommasodesanto/Desktop/Projects/Fertility/Fertility_Spring26/tmp/e5f_overnight_local_20260927/portable/night_launch_v2/primary/search/de_0084/case,primary,search,187.7417771472629,187.7417771472629,7,477.10703841701616,0,49566b92deae0d27014ebe4204cc88209ea27a664e90ca697d2e377d2f8f4737,a280bced3ccd0bf83e4f0fa3e3da067ad59d7c8904c3a8285fdbbb5ff3e241e2,table_checked_provisional_point
/Users/tommasodesanto/Desktop/Projects/Fertility/Fertility_Spring26/tmp/e5f_overnight_local_20260927/portable/night_launch_v2/primary/search/de_0086/case,primary,search,191.2338834678491,191.23388346784913,7,489.1335158739821,0,49566b92deae0d27014ebe4204cc88209ea27a664e90ca697d2e377d2f8f4737,387ffffb38a39d6b70910ba9170c079b2c4ec137488baf5e3dc6fc9c1031b453,table_checked_provisional_point
/Users/tommasodesanto/Desktop/Projects/Fertility/Fertility_Spring26/tmp/e5f_overnight_local_20260927/portable/night_launch_v2/primary/search/de_0088/case,primary,search,231.8609482798218,231.8609482798218,7,447.90528600300604,0,49566b92deae0d27014ebe4204cc88209ea27a664e90ca697d2e377d2f8f4737,f7990de6667a233d52da56eab24e52b69bcd4a9db959579f9a7ba4610102c72d,table_checked_provisional_point
/Users/tommasodesanto/Desktop/Projects/Fertility/Fertility_Spring26/tmp/e5f_overnight_local_20260927/portable/night_launch_v2/primary/search/de_0095/case,primary,search,154.50670905274467,154.50670905274467,7,451.5130084589764,0,49566b92deae0d27014ebe4204cc88209ea27a664e90ca697d2e377d2f8f4737,283fefd6389656ca810765fca8cd2e8b2748afc8fa19975f45f32953393e1746,table_checked_provisional_point
/Users/tommasodesanto/Desktop/Projects/Fertility/Fertility_Spring26/tmp/e5f_overnight_local_20260927/portable/night_launch_v2/primary/search/de_0093/case,primary,search,193.53859951208065,193.53859951208068,7,460.7748330000031,0,49566b92deae0d27014ebe4204cc88209ea27a664e90ca697d2e377d2f8f4737,f8e0b1dd7a8e801189600178b853b6874da2a78a6e5aad51b8b07d5add02bb04,table_checked_provisional_point
/Users/tommasodesanto/Desktop/Projects/Fertility/Fertility_Spring26/tmp/e5f_overnight_local_20260927/portable/night_launch_v2/primary/search/de_0090/case,primary,search,190.55981389426313,190.55981389426316,7,461.9610149589862,0,49566b92deae0d27014ebe4204cc88209ea27a664e90ca697d2e377d2f8f4737,6d704aba5dbf92f11a843bbcdc621599c98d960ae295707005ef6988dbf979d4,table_checked_provisional_point
/Users/tommasodesanto/Desktop/Projects/Fertility/Fertility_Spring26/tmp/e5f_overnight_local_20260927/portable/night_launch_v2/primary/search/de_0094/case,primary,search,232.08308481201925,232.0830848120193,7,478.0528604580031,0,49566b92deae0d27014ebe4204cc88209ea27a664e90ca697d2e377d2f8f4737,e0d9f5b6ec9f5189c8cd9bc8d75b1055e13120d9aed167d31b1d35e98fc09000,table_checked_provisional_point
/Users/tommasodesanto/Desktop/Projects/Fertility/Fertility_Spring26/tmp/e5f_overnight_local_20260927/portable/night_launch_v2/primary/search/de_0092/case,primary,search,187.8231450811788,187.82314508117884,7,481.2298288350139,0,49566b92deae0d27014ebe4204cc88209ea27a664e90ca697d2e377d2f8f4737,67ded9bbfa6840a00bd6e714a0fc90fef8a06fa727ef332266d96549b863646e,table_checked_provisional_point
/Users/tommasodesanto/Desktop/Projects/Fertility/Fertility_Spring26/tmp/e5f_overnight_local_20260927/portable/night_launch_v2/primary/search/de_0089/case,primary,search,189.4099142885494,189.4099142885494,7,481.7709689559997,0,49566b92deae0d27014ebe4204cc88209ea27a664e90ca697d2e377d2f8f4737,1514dbb3e96e9814659c54230b5a1473e01b1449ae05b65e552dc28df4d89dc9,table_checked_provisional_point
/Users/tommasodesanto/Desktop/Projects/Fertility/Fertility_Spring26/tmp/e5f_overnight_local_20260927/portable/night_launch_v2/primary/search/de_0091/case,primary,search,236.09712489316638,236.0971248931664,7,494.9943417070317,0,49566b92deae0d27014ebe4204cc88209ea27a664e90ca697d2e377d2f8f4737,d2998b8ad0b978f6612f558ecf2398b2ccbee608550f93cea67a9d05712b84d7,table_checked_provisional_point
/Users/tommasodesanto/Desktop/Projects/Fertility/Fertility_Spring26/tmp/e5f_overnight_local_20260927/portable/night_launch_v2/primary/search/de_0102/case,primary,search,162.97096689024366,162.9709668902437,7,429.6836022500065,0,49566b92deae0d27014ebe4204cc88209ea27a664e90ca697d2e377d2f8f4737,7b043191a522913be039a041e39934a4eeecf680056a67c12052524cbddaac59,table_checked_provisional_point
/Users/tommasodesanto/Desktop/Projects/Fertility/Fertility_Spring26/tmp/e5f_overnight_local_20260927/portable/night_launch_v2/primary/search/de_0097/case,primary,search,159.84273017257854,159.84273017257854,7,432.29518708201067,0,49566b92deae0d27014ebe4204cc88209ea27a664e90ca697d2e377d2f8f4737,4959f20a74f44e642f8ba8ed763fdde200dd3fa0c6928d17aed123e60c9d6a55,table_checked_provisional_point
/Users/tommasodesanto/Desktop/Projects/Fertility/Fertility_Spring26/tmp/e5f_overnight_local_20260927/portable/night_launch_v2/primary/search/de_0101/case,primary,search,149.8829279372439,149.88292793724386,7,432.25670479198743,0,49566b92deae0d27014ebe4204cc88209ea27a664e90ca697d2e377d2f8f4737,ab6163602b2a6d55b388fee33bc8b1c573a4aa5d4d0c4c02d4dfd7466572c7e9,table_checked_provisional_point
/Users/tommasodesanto/Desktop/Projects/Fertility/Fertility_Spring26/tmp/e5f_overnight_local_20260927/portable/night_launch_v2/primary/search/de_0103/case,primary,search,159.45267275741804,159.45267275741804,7,445.8942057489912,0,49566b92deae0d27014ebe4204cc88209ea27a664e90ca697d2e377d2f8f4737,96ef307868215c4d83df12c75587c40407a9228aea89ccb9a7afcb322d7768f1,table_checked_provisional_point
/Users/tommasodesanto/Desktop/Projects/Fertility/Fertility_Spring26/tmp/e5f_overnight_local_20260927/portable/night_launch_v2/primary/search/de_0100/case,primary,search,161.61922793588045,161.61922793588045,7,447.54936541702773,0,49566b92deae0d27014ebe4204cc88209ea27a664e90ca697d2e377d2f8f4737,5494a1f879d95c391d40c15a8dfe537515af0de124b9285d699e4ba44b89ddf4,table_checked_provisional_point
/Users/tommasodesanto/Desktop/Projects/Fertility/Fertility_Spring26/tmp/e5f_overnight_local_20260927/portable/night_launch_v2/primary/search/de_0099/case,primary,search,182.19438223654123,182.19438223654126,7,461.16816329299763,0,49566b92deae0d27014ebe4204cc88209ea27a664e90ca697d2e377d2f8f4737,0323a6e55f2d0aa470b301db01463d7ea1606f42a7caf7f4da171678da8bb0f5,table_checked_provisional_point
/Users/tommasodesanto/Desktop/Projects/Fertility/Fertility_Spring26/tmp/e5f_overnight_local_20260927/portable/night_launch_v2/primary/search/de_0096/case,primary,search,153.39229482322745,153.39229482322745,7,462.865016959011,0,49566b92deae0d27014ebe4204cc88209ea27a664e90ca697d2e377d2f8f4737,7b4583624b9e6ff797404382cc2415b0905e374351289c55204fe49ad4f82de0,table_checked_provisional_point
/Users/tommasodesanto/Desktop/Projects/Fertility/Fertility_Spring26/tmp/e5f_overnight_local_20260927/portable/night_launch_v2/primary/search/de_0098/case,primary,search,150.71419578259676,150.71419578259673,7,477.8022442500078,0,49566b92deae0d27014ebe4204cc88209ea27a664e90ca697d2e377d2f8f4737,9973aa35407acb8c56deb84201df48d9179ecc4d7ce1d372415b7fca1ec9fdaa,table_checked_provisional_point
/Users/tommasodesanto/Desktop/Projects/Fertility/Fertility_Spring26/tmp/e5f_overnight_local_20260927/portable/night_launch_v2/primary/search/de_0111/case,primary,search,154.20554973585607,154.2055497358561,7,427.60228491801536,0,49566b92deae0d27014ebe4204cc88209ea27a664e90ca697d2e377d2f8f4737,b3dae7e640252dc382ff856fa499db9fc1bd46188d2a7d1a1bb06f660884c58d,table_checked_provisional_point
/Users/tommasodesanto/Desktop/Projects/Fertility/Fertility_Spring26/tmp/e5f_overnight_local_20260927/portable/night_launch_v2/primary/search/de_0105/case,primary,search,151.5614340240171,151.5614340240171,7,428.76876845699735,0,49566b92deae0d27014ebe4204cc88209ea27a664e90ca697d2e377d2f8f4737,2c2a21977bfe452aace0020bce403d35d3e720bb6572551d667ce75c186834c1,table_checked_provisional_point
/Users/tommasodesanto/Desktop/Projects/Fertility/Fertility_Spring26/tmp/e5f_overnight_local_20260927/portable/night_launch_v2/primary/search/de_0108/case,primary,search,147.41201305430133,147.41201305430133,7,428.85102649799956,0,49566b92deae0d27014ebe4204cc88209ea27a664e90ca697d2e377d2f8f4737,d050fc4cf46f2640f8959c34168fdefdcd4861825acf0159f6b563e5dbbc1401,table_checked_provisional_point
/Users/tommasodesanto/Desktop/Projects/Fertility/Fertility_Spring26/tmp/e5f_overnight_local_20260927/portable/night_launch_v2/primary/search/de_0106/case,primary,search,149.90822127824916,149.90822127824916,7,430.32058462602436,0,49566b92deae0d27014ebe4204cc88209ea27a664e90ca697d2e377d2f8f4737,dc4052706010832424cbc66d180bee6ae1cb99e1e4cbdce900d112549d099096,table_checked_provisional_point
/Users/tommasodesanto/Desktop/Projects/Fertility/Fertility_Spring26/tmp/e5f_overnight_local_20260927/portable/night_launch_v2/primary/search/de_0109/case,primary,search,164.01910265132335,164.01910265132332,7,446.68696204300795,0,49566b92deae0d27014ebe4204cc88209ea27a664e90ca697d2e377d2f8f4737,7c8a6a231b017bcdf78d4f79109a39a5a234f19619f4482e0cef301924f59bff,table_checked_provisional_point
/Users/tommasodesanto/Desktop/Projects/Fertility/Fertility_Spring26/tmp/e5f_overnight_local_20260927/portable/night_launch_v2/primary/search/de_0110/case,primary,search,142.04934255875943,142.04934255875943,7,447.8283874169865,0,49566b92deae0d27014ebe4204cc88209ea27a664e90ca697d2e377d2f8f4737,4c8d4a824664e18f91b483f68ec693583fce31aa7418a81ac7b74eea290a5199,table_checked_provisional_point
/Users/tommasodesanto/Desktop/Projects/Fertility/Fertility_Spring26/tmp/e5f_overnight_local_20260927/portable/night_launch_v2/primary/search/de_0104/case,primary,search,149.47449287185586,149.47449287185583,7,462.24343233401305,0,49566b92deae0d27014ebe4204cc88209ea27a664e90ca697d2e377d2f8f4737,bc209b35567daefbaddbd2c901dbc5ce57b0cba1f2f7ee75a4fa6dfa3f5d1223,table_checked_provisional_point
/Users/tommasodesanto/Desktop/Projects/Fertility/Fertility_Spring26/tmp/e5f_overnight_local_20260927/portable/night_launch_v2/primary/search/de_0107/case,primary,search,210.47205501138927,210.47205501138927,7,489.1538726659928,0,49566b92deae0d27014ebe4204cc88209ea27a664e90ca697d2e377d2f8f4737,1f99029d6845df8b786819a35211600ae4d543647e06edcc82497a512046e74a,table_checked_provisional_point
/Users/tommasodesanto/Desktop/Projects/Fertility/Fertility_Spring26/tmp/e5f_overnight_local_20260927/portable/night_launch_v2/primary/search/de_0118/case,primary,search,158.2525667442574,158.25256674425736,7,428.6350179169822,0,49566b92deae0d27014ebe4204cc88209ea27a664e90ca697d2e377d2f8f4737,a959d215599922b2460dfd7445c79ba4039ea775be26a45c5c604e6b2b7c712f,table_checked_provisional_point
/Users/tommasodesanto/Desktop/Projects/Fertility/Fertility_Spring26/tmp/e5f_overnight_local_20260927/portable/night_launch_v2/primary/search/de_0117/case,primary,search,142.85472819095497,142.85472819095497,7,435.0339555830142,0,49566b92deae0d27014ebe4204cc88209ea27a664e90ca697d2e377d2f8f4737,462e459f9c62c62b6dac5429e45a316f7c8aa09543f856f49f093355b6a71ebe,table_checked_provisional_point
/Users/tommasodesanto/Desktop/Projects/Fertility/Fertility_Spring26/tmp/e5f_overnight_local_20260927/portable/night_launch_v2/primary/search/de_0114/case,primary,search,147.07805780997325,147.07805780997327,7,446.3198104990006,0,49566b92deae0d27014ebe4204cc88209ea27a664e90ca697d2e377d2f8f4737,aff7e13a72a362ccd0040a8f6cf2316cb8c3b11807f0194c96c515fbe6132178,table_checked_provisional_point
/Users/tommasodesanto/Desktop/Projects/Fertility/Fertility_Spring26/tmp/e5f_overnight_local_20260927/portable/night_launch_v2/primary/search/de_0115/case,primary,search,193.4505471966746,193.45054719667456,7,448.68333283398533,0,49566b92deae0d27014ebe4204cc88209ea27a664e90ca697d2e377d2f8f4737,7fb40368e328b30b5cd8d197f504248b8d246bca220a8e9a8eb378468fde86fd,table_checked_provisional_point
/Users/tommasodesanto/Desktop/Projects/Fertility/Fertility_Spring26/tmp/e5f_overnight_local_20260927/portable/night_launch_v2/primary/search/de_0116/case,primary,search,161.75240721655976,161.75240721655976,7,453.87716524997086,0,49566b92deae0d27014ebe4204cc88209ea27a664e90ca697d2e377d2f8f4737,d51f8ac555639a45f7430c14f77432da012f5cf21ce87c32f531a6cec0e4a74f,table_checked_provisional_point
/Users/tommasodesanto/Desktop/Projects/Fertility/Fertility_Spring26/tmp/e5f_overnight_local_20260927/portable/night_launch_v2/primary/search/de_0112/case,primary,search,136.91430500225684,136.91430500225684,7,462.3428852490033,0,49566b92deae0d27014ebe4204cc88209ea27a664e90ca697d2e377d2f8f4737,67351c60c37b75cb9330ae74daf031b164663f6c7c3f6d578fc3cab581e91869,table_checked_provisional_point
/Users/tommasodesanto/Desktop/Projects/Fertility/Fertility_Spring26/tmp/e5f_overnight_local_20260927/portable/night_launch_v2/primary/search/de_0113/case,primary,search,142.36344283207086,142.3634428320709,7,462.1276753740094,0,49566b92deae0d27014ebe4204cc88209ea27a664e90ca697d2e377d2f8f4737,4a944a8daeb61fc360052d95361ca84be9027e83eda3a64941ba79b876f19ffc,table_checked_provisional_point
/Users/tommasodesanto/Desktop/Projects/Fertility/Fertility_Spring26/tmp/e5f_overnight_local_20260927/portable/night_launch_v2/primary/search/de_0119/case,primary,search,133.49727242957738,133.49727242957738,7,462.7004801239964,0,49566b92deae0d27014ebe4204cc88209ea27a664e90ca697d2e377d2f8f4737,f2d95ba17f04bca8e1093c423cbcc3b366dcba7e7bd496498ed4313cd490fac0,table_checked_provisional_point
/Users/tommasodesanto/Desktop/Projects/Fertility/Fertility_Spring26/tmp/e5f_overnight_local_20260927/portable/night_launch_v2/primary/search/de_0127/case,primary,search,142.26071416530954,142.26071416530954,5,338.9945113739959,0,49566b92deae0d27014ebe4204cc88209ea27a664e90ca697d2e377d2f8f4737,632d3e5ac90296e35d1c7d8cd0076b289ca3e4fbce3300ad69ff54722ef423b7,table_checked_provisional_point
/Users/tommasodesanto/Desktop/Projects/Fertility/Fertility_Spring26/tmp/e5f_overnight_local_20260927/portable/night_launch_v2/primary/search/de_0121/case,primary,search,137.12327617060518,137.12327617060518,5,357.05263316602213,0,49566b92deae0d27014ebe4204cc88209ea27a664e90ca697d2e377d2f8f4737,da55d22ef9ce45e58fc944e1b5d4d2511c9b47bf1f6dbd27744e1c7f2f9cab1c,table_checked_provisional_point
/Users/tommasodesanto/Desktop/Projects/Fertility/Fertility_Spring26/tmp/e5f_overnight_local_20260927/portable/night_launch_v2/primary/search/de_0123/case,primary,search,139.05296053158497,139.05296053158497,6,399.54939237503277,0,49566b92deae0d27014ebe4204cc88209ea27a664e90ca697d2e377d2f8f4737,624a633f1eb93a3d80bf15ea74b410e65085467b1221776707dad8f8d08b9ef5,table_checked_provisional_point
/Users/tommasodesanto/Desktop/Projects/Fertility/Fertility_Spring26/tmp/e5f_overnight_local_20260927/portable/night_launch_v2/primary/search/de_0120/case,primary,search,168.70375121583407,168.70375121583407,7,438.0192627929937,0,49566b92deae0d27014ebe4204cc88209ea27a664e90ca697d2e377d2f8f4737,991e2799a2dbb88353f3c6f7ef835482ba185c06da35705f0d99a9fac04ac03a,table_checked_provisional_point
/Users/tommasodesanto/Desktop/Projects/Fertility/Fertility_Spring26/tmp/e5f_overnight_local_20260927/portable/night_launch_v2/primary/search/de_0126/case,primary,search,150.18286437236242,150.18286437236245,7,440.6288748739753,0,49566b92deae0d27014ebe4204cc88209ea27a664e90ca697d2e377d2f8f4737,314579935f77cd262cbb3d65f614c3e797821687072b6059046077e25c0a6176,table_checked_provisional_point
/Users/tommasodesanto/Desktop/Projects/Fertility/Fertility_Spring26/tmp/e5f_overnight_local_20260927/portable/night_launch_v2/primary/search/de_0125/case,primary,search,135.0957690228646,135.0957690228646,7,454.2889245010156,0,49566b92deae0d27014ebe4204cc88209ea27a664e90ca697d2e377d2f8f4737,6e50162db7f9604b126d0e3659b2e71e21e30892035c3bd692fd581936696c00,table_checked_provisional_point
/Users/tommasodesanto/Desktop/Projects/Fertility/Fertility_Spring26/tmp/e5f_overnight_local_20260927/portable/night_launch_v2/primary/search/de_0124/case,primary,search,133.1685983041131,133.16859830411312,7,455.58833995797613,0,49566b92deae0d27014ebe4204cc88209ea27a664e90ca697d2e377d2f8f4737,0609f5a62f9ff60ee70011f46cc278b03021bc6f1f01a6a7e90a9a3564a8bcb4,table_checked_provisional_point
/Users/tommasodesanto/Desktop/Projects/Fertility/Fertility_Spring26/tmp/e5f_overnight_local_20260927/portable/night_launch_v2/primary/search/de_0122/case,primary,search,133.99757927702876,133.99757927702876,8,493.5508435010561,0,49566b92deae0d27014ebe4204cc88209ea27a664e90ca697d2e377d2f8f4737,2a2fef86bb0c901402fcc5690dc79962f23e3ddcdae114b000ac35400460ee9a,table_checked_provisional_point
/Users/tommasodesanto/Desktop/Projects/Fertility/Fertility_Spring26/tmp/e5f_overnight_local_20260927/portable/night_launch_v2/primary/search/de_0132/case,primary,search,230.21249460639052,230.21249460639052,5,352.1874606250203,0,49566b92deae0d27014ebe4204cc88209ea27a664e90ca697d2e377d2f8f4737,3dea7db671f9e8100e827e295535f72a65fa113d8339ce0b3ef9a7e1436f1a39,table_checked_provisional_point
/Users/tommasodesanto/Desktop/Projects/Fertility/Fertility_Spring26/tmp/e5f_overnight_local_20260927/portable/night_launch_v2/primary/search/de_0135/case,primary,search,142.6647254906095,142.6647254906095,7,423.1750967899861,0,49566b92deae0d27014ebe4204cc88209ea27a664e90ca697d2e377d2f8f4737,fea8dbbab8d489c76c7420866212cc3a21805fa8b376a66cde1fb306ca3f8943,table_checked_provisional_point
/Users/tommasodesanto/Desktop/Projects/Fertility/Fertility_Spring26/tmp/e5f_overnight_local_20260927/portable/night_launch_v2/primary/search/de_0133/case,primary,search,136.6577845518021,136.65778455180214,7,440.36871287599206,0,49566b92deae0d27014ebe4204cc88209ea27a664e90ca697d2e377d2f8f4737,a6efbbcff4b4628cf952aef362b15d83f344655c2d4623388a20aaa9e3582294,table_checked_provisional_point
/Users/tommasodesanto/Desktop/Projects/Fertility/Fertility_Spring26/tmp/e5f_overnight_local_20260927/portable/night_launch_v2/primary/search/de_0129/case,primary,search,129.3976005799708,129.39760057997077,7,442.1804476659745,0,49566b92deae0d27014ebe4204cc88209ea27a664e90ca697d2e377d2f8f4737,5c0944dfa16eae77085ce455da0a0f8ed723e53f51cb3c532f795c9fc63c3b66,table_checked_provisional_point
/Users/tommasodesanto/Desktop/Projects/Fertility/Fertility_Spring26/tmp/e5f_overnight_local_20260927/portable/night_launch_v2/primary/search/de_0134/case,primary,search,156.56876587230138,156.56876587230138,7,442.4968960410042,0,49566b92deae0d27014ebe4204cc88209ea27a664e90ca697d2e377d2f8f4737,68cb35d3b24882c51b698945168fb8b6ee48f0412be80294bdbf294696c7694b,table_checked_provisional_point
/Users/tommasodesanto/Desktop/Projects/Fertility/Fertility_Spring26/tmp/e5f_overnight_local_20260927/portable/night_launch_v2/primary/search/de_0131/case,primary,search,179.63774868077905,179.63774868077905,7,445.46648466799525,0,49566b92deae0d27014ebe4204cc88209ea27a664e90ca697d2e377d2f8f4737,1ae2d83e796bef30faacb16157033cfc751cf9bd41bc7f42c5384c5cd890541c,table_checked_provisional_point
/Users/tommasodesanto/Desktop/Projects/Fertility/Fertility_Spring26/tmp/e5f_overnight_local_20260927/portable/night_launch_v2/primary/search/de_0130/case,primary,search,123.34455612558713,123.34455612558713,7,459.2076380820363,0,49566b92deae0d27014ebe4204cc88209ea27a664e90ca697d2e377d2f8f4737,30a88ddaabc95fb5cecaec0a15eba5f73bb618eced4ea29fd428c0f903e45a85,table_checked_provisional_point
/Users/tommasodesanto/Desktop/Projects/Fertility/Fertility_Spring26/tmp/e5f_overnight_local_20260927/portable/night_launch_v2/primary/search/de_0128/case,primary,search,137.2003315531085,137.20033155310847,7,471.33459233204485,0,49566b92deae0d27014ebe4204cc88209ea27a664e90ca697d2e377d2f8f4737,3a49bc9997a83b0b59353814faa275905d541885db867cf4dd0f8106aa6f18cf,table_checked_provisional_point
/Users/tommasodesanto/Desktop/Projects/Fertility/Fertility_Spring26/tmp/e5f_overnight_local_20260927/portable/night_launch_v2/primary/search/de_0142/case,primary,search,101.33975750511513,101.33975750511513,6,399.2480117919913,0,49566b92deae0d27014ebe4204cc88209ea27a664e90ca697d2e377d2f8f4737,ff58ca3762b186e4cbb7046e7ffbb0ebf49437fa7302b552a9a240191d786f3b,table_checked_provisional_point
/Users/tommasodesanto/Desktop/Projects/Fertility/Fertility_Spring26/tmp/e5f_overnight_local_20260927/portable/night_launch_v2/primary/search/de_0138/case,primary,search,123.07230402465719,123.07230402465717,6,413.35591608297545,0,49566b92deae0d27014ebe4204cc88209ea27a664e90ca697d2e377d2f8f4737,9a5ebccf45c34a31b3f05c69c93582f5bc5087b04eb07ae0a11767c4f8c52936,table_checked_provisional_point
/Users/tommasodesanto/Desktop/Projects/Fertility/Fertility_Spring26/tmp/e5f_overnight_local_20260927/portable/night_launch_v2/primary/search/de_0141/case,primary,search,138.8719577452693,138.8719577452693,6,419.4135547920305,0,49566b92deae0d27014ebe4204cc88209ea27a664e90ca697d2e377d2f8f4737,3a29fa1ce8ae8ef34e78a784459590dc66e1f1ee93db5b8ad3ee7b9b0fb18e27,table_checked_provisional_point
/Users/tommasodesanto/Desktop/Projects/Fertility/Fertility_Spring26/tmp/e5f_overnight_local_20260927/portable/night_launch_v2/primary/search/de_0136/case,primary,search,111.25316332647557,111.25316332647556,7,432.2968338750361,0,49566b92deae0d27014ebe4204cc88209ea27a664e90ca697d2e377d2f8f4737,54fea7e05d892e208193de24a86746879b881b5616a002ab4533def2bade23b0,table_checked_provisional_point
/Users/tommasodesanto/Desktop/Projects/Fertility/Fertility_Spring26/tmp/e5f_overnight_local_20260927/portable/night_launch_v2/primary/search/de_0139/case,primary,search,121.23321579209467,121.23321579209468,7,435.32334912600345,0,49566b92deae0d27014ebe4204cc88209ea27a664e90ca697d2e377d2f8f4737,5aa93870971c4dd745c15741bdd7b6cbf16c11a2c5903d03aed450b10b81a2a7,table_checked_provisional_point
/Users/tommasodesanto/Desktop/Projects/Fertility/Fertility_Spring26/tmp/e5f_overnight_local_20260927/portable/night_launch_v2/primary/search/de_0140/case,primary,search,129.15896923594937,129.15896923594937,7,442.8676863309811,0,49566b92deae0d27014ebe4204cc88209ea27a664e90ca697d2e377d2f8f4737,69416604cd139346c94c75be4c3db2255a336df92ed80140dbbecc84145fd4f2,table_checked_provisional_point
/Users/tommasodesanto/Desktop/Projects/Fertility/Fertility_Spring26/tmp/e5f_overnight_local_20260927/portable/night_launch_v2/primary/search/de_0143/case,primary,search,123.41925879800041,123.41925879800041,7,457.5668370430067,0,49566b92deae0d27014ebe4204cc88209ea27a664e90ca697d2e377d2f8f4737,fe9302f5e70484cdd9f77af0b91f4dc8c2dc07f1108858686cced5c886a627a4,table_checked_provisional_point
/Users/tommasodesanto/Desktop/Projects/Fertility/Fertility_Spring26/tmp/e5f_overnight_local_20260927/portable/night_launch_v2/primary/search/de_0137/case,primary,search,125.51174871827902,125.51174871827901,7,459.79891296004644,0,49566b92deae0d27014ebe4204cc88209ea27a664e90ca697d2e377d2f8f4737,35bde3cb8c3127098875e587c1f76ed18c211f902eaebefe539e79976e019375,table_checked_provisional_point
/Users/tommasodesanto/Desktop/Projects/Fertility/Fertility_Spring26/tmp/e5f_overnight_local_20260927/portable/night_launch_v2/primary/search/de_0145/case,primary,search,101.36232174201209,101.3623217420121,6,379.8303282079869,0,49566b92deae0d27014ebe4204cc88209ea27a664e90ca697d2e377d2f8f4737,5f3b4a9dd494eacb2850b6e0de658ec5749428ef8486cf837e9464661bdc8072,table_checked_provisional_point
/Users/tommasodesanto/Desktop/Projects/Fertility/Fertility_Spring26/tmp/e5f_overnight_local_20260927/portable/night_launch_v2/primary/search/de_0150/case,primary,search,94.12847254362012,94.12847254362013,6,386.31742441799724,0,49566b92deae0d27014ebe4204cc88209ea27a664e90ca697d2e377d2f8f4737,295d9753d852635a220e726f68f825ce0af8c048a3089d5dd081b787ab9fc4c4,table_checked_provisional_point
/Users/tommasodesanto/Desktop/Projects/Fertility/Fertility_Spring26/tmp/e5f_overnight_local_20260927/portable/night_launch_v2/primary/search/de_0151/case,primary,search,108.34334752971698,108.34334752971698,6,385.6357106670039,0,49566b92deae0d27014ebe4204cc88209ea27a664e90ca697d2e377d2f8f4737,18116da259479159d4c8ad85a7bfc03dd9a6d6baab473e18460a09eea082b592,table_checked_provisional_point
/Users/tommasodesanto/Desktop/Projects/Fertility/Fertility_Spring26/tmp/e5f_overnight_local_20260927/portable/night_launch_v2/primary/search/de_0144/case,primary,search,107.31753284955798,107.31753284955795,6,386.84505758297746,0,49566b92deae0d27014ebe4204cc88209ea27a664e90ca697d2e377d2f8f4737,1473aac9128dc966da6ad69f0871bb22d635e74e7bcc894d975839c6fe8449d9,table_checked_provisional_point
/Users/tommasodesanto/Desktop/Projects/Fertility/Fertility_Spring26/tmp/e5f_overnight_local_20260927/portable/night_launch_v2/primary/search/de_0146/case,primary,search,116.31126746433726,116.31126746433726,6,387.7930812490522,0,49566b92deae0d27014ebe4204cc88209ea27a664e90ca697d2e377d2f8f4737,8b8adaeea87afecbe591b25c6d554911e091e64d3cf1664dedff0ae214eb2338,table_checked_provisional_point
/Users/tommasodesanto/Desktop/Projects/Fertility/Fertility_Spring26/tmp/e5f_overnight_local_20260927/portable/night_launch_v2/primary/search/de_0148/case,primary,search,98.5087686318505,98.50876863185049,6,406.27558470796794,0,49566b92deae0d27014ebe4204cc88209ea27a664e90ca697d2e377d2f8f4737,9a04c7fa81f6ff6389c6b512f7caead835265ac93e51f287911970e620c3d0a3,table_checked_provisional_point
/Users/tommasodesanto/Desktop/Projects/Fertility/Fertility_Spring26/tmp/e5f_overnight_local_20260927/portable/night_launch_v2/primary/search/de_0147/case,primary,search,131.05228964851045,131.05228964851045,6,428.7019430840155,0,49566b92deae0d27014ebe4204cc88209ea27a664e90ca697d2e377d2f8f4737,b44b20ee4dd949aa959fae8514d513f81baab576021c5c1e607e3abe40693eac,table_checked_provisional_point
/Users/tommasodesanto/Desktop/Projects/Fertility/Fertility_Spring26/tmp/e5f_overnight_local_20260927/portable/night_launch_v2/primary/search/de_0149/case,primary,search,100.57654003120713,100.57654003120713,8,473.81345141501515,0,49566b92deae0d27014ebe4204cc88209ea27a664e90ca697d2e377d2f8f4737,914462d9c0beaf11f23b032d3411d8a07f5b2f57fee33609ae608e944135f141,table_checked_provisional_point
/Users/tommasodesanto/Desktop/Projects/Fertility/Fertility_Spring26/tmp/e5f_overnight_local_20260927/portable/night_launch_v2/primary/search/de_0153/case,primary,search,386.2677451758985,386.2677451758985,6,379.2843329180614,0,49566b92deae0d27014ebe4204cc88209ea27a664e90ca697d2e377d2f8f4737,92d219ce9a402aab7604c3368ad1743e37bed3e2239af7504558286918aa9618,table_checked_provisional_point
/Users/tommasodesanto/Desktop/Projects/Fertility/Fertility_Spring26/tmp/e5f_overnight_local_20260927/portable/night_launch_v2/primary/search/de_0156/case,primary,search,93.16178325788286,93.16178325788286,6,379.0911592920602,0,49566b92deae0d27014ebe4204cc88209ea27a664e90ca697d2e377d2f8f4737,d40f1474d1ede33c327e697d05d83b66445c67fdfe139f7c71a8118ef066eaea,table_checked_provisional_point
/Users/tommasodesanto/Desktop/Projects/Fertility/Fertility_Spring26/tmp/e5f_overnight_local_20260927/portable/night_launch_v2/primary/search/de_0157/case,primary,search,94.19607662021959,94.19607662021957,6,380.88593412403134,0,49566b92deae0d27014ebe4204cc88209ea27a664e90ca697d2e377d2f8f4737,3655dcba30da4f64701772699ee58fc6005619ef7aa846892825c6d982dc5fe6,table_checked_provisional_point
/Users/tommasodesanto/Desktop/Projects/Fertility/Fertility_Spring26/tmp/e5f_overnight_local_20260927/portable/night_launch_v2/primary/search/de_0154/case,primary,search,96.05207884758025,96.05207884758026,6,381.0586006259837,0,49566b92deae0d27014ebe4204cc88209ea27a664e90ca697d2e377d2f8f4737,a987369a2ae6e0c4d8a1006129154b4f92f681a9e9791ba4556603295b6c8c37,table_checked_provisional_point
/Users/tommasodesanto/Desktop/Projects/Fertility/Fertility_Spring26/tmp/e5f_overnight_local_20260927/portable/night_launch_v2/primary/search/de_0159/case,primary,search,94.18518518061484,94.18518518061482,6,394.3972205820319,0,49566b92deae0d27014ebe4204cc88209ea27a664e90ca697d2e377d2f8f4737,0b1b40633de82d519d9258ccb7a83b6a1d84f4077ccb2a5f7f5c635d4c243257,table_checked_provisional_point
/Users/tommasodesanto/Desktop/Projects/Fertility/Fertility_Spring26/tmp/e5f_overnight_local_20260927/portable/night_launch_v2/primary/search/de_0155/case,primary,search,97.91697283489783,97.91697283489783,6,398.8823595409922,0,49566b92deae0d27014ebe4204cc88209ea27a664e90ca697d2e377d2f8f4737,55978f8b660403cf21f391551ac078174c384e2e27d7a1ff11832da0c03590c8,table_checked_provisional_point
/Users/tommasodesanto/Desktop/Projects/Fertility/Fertility_Spring26/tmp/e5f_overnight_local_20260927/portable/night_launch_v2/primary/search/de_0158/case,primary,search,107.78776173708948,107.78776173708948,6,401.6588585420104,0,49566b92deae0d27014ebe4204cc88209ea27a664e90ca697d2e377d2f8f4737,e2e1641981352419b229f8b0c44ee2bf556adc80f0fd1f0c9d45608bd480b348,table_checked_provisional_point
/Users/tommasodesanto/Desktop/Projects/Fertility/Fertility_Spring26/tmp/e5f_overnight_local_20260927/portable/night_launch_v2/primary/search/de_0152/case,primary,search,134.5218692999062,134.52186929990623,6,412.9852587500063,0,49566b92deae0d27014ebe4204cc88209ea27a664e90ca697d2e377d2f8f4737,63e634eb43d31b7eb62bb5de77cb4357749e9de2176240c0fab4d845d66b662c,table_checked_provisional_point
/Users/tommasodesanto/Desktop/Projects/Fertility/Fertility_Spring26/tmp/e5f_overnight_local_20260927/portable/night_launch_v2/primary/search/de_0163/case,primary,search,155.16460083946018,155.16460083946018,6,371.6834303759679,0,49566b92deae0d27014ebe4204cc88209ea27a664e90ca697d2e377d2f8f4737,3c06cb457c7b9f6753c11eff419a8f589a2905e0ad2a1648ce76f4f298aab1cb,table_checked_provisional_point
/Users/tommasodesanto/Desktop/Projects/Fertility/Fertility_Spring26/tmp/e5f_overnight_local_20260927/portable/night_launch_v2/primary/search/de_0162/case,primary,search,102.07917946907833,102.07917946907833,6,379.5360464999976,0,49566b92deae0d27014ebe4204cc88209ea27a664e90ca697d2e377d2f8f4737,e1be3769b02aeb331fd6dd2600214ca3e0612682f22f8bf52eb31ac88c6a430b,table_checked_provisional_point
/Users/tommasodesanto/Desktop/Projects/Fertility/Fertility_Spring26/tmp/e5f_overnight_local_20260927/portable/night_launch_v2/primary/search/de_0164/case,primary,search,93.16682228620998,93.16682228620999,6,382.7945290419739,0,49566b92deae0d27014ebe4204cc88209ea27a664e90ca697d2e377d2f8f4737,fad28cd5aa11835c3b2965dccd4cd30d1ad4cdba84b4ef58fda708e6e981cb3b,table_checked_provisional_point
/Users/tommasodesanto/Desktop/Projects/Fertility/Fertility_Spring26/tmp/e5f_overnight_local_20260927/portable/night_launch_v2/primary/search/de_0161/case,primary,search,87.95610130476412,87.95610130476412,6,383.87703920996864,0,49566b92deae0d27014ebe4204cc88209ea27a664e90ca697d2e377d2f8f4737,46feb6ddcfe0b374afea533a4cd2540c902800a3a71ce222fe5d8bb6d5f53bfa,table_checked_provisional_point
/Users/tommasodesanto/Desktop/Projects/Fertility/Fertility_Spring26/tmp/e5f_overnight_local_20260927/portable/night_launch_v2/primary/search/de_0166/case,primary,search,133.50815205793225,133.50815205793225,6,384.5633101259882,0,49566b92deae0d27014ebe4204cc88209ea27a664e90ca697d2e377d2f8f4737,8a5a694d3ec91d9f0515b7956a5d473e9a65d128d93f96c6fb3969b31cd4e0f2,table_checked_provisional_point
/Users/tommasodesanto/Desktop/Projects/Fertility/Fertility_Spring26/tmp/e5f_overnight_local_20260927/portable/night_launch_v2/primary/search/de_0167/case,primary,search,93.49109080366028,93.49109080366026,6,398.83860579202883,0,49566b92deae0d27014ebe4204cc88209ea27a664e90ca697d2e377d2f8f4737,9fe833e42ad42b1f4eec6032d4b09d4d050b47d3ab59855b6df0e7c01e76671a,table_checked_provisional_point
/Users/tommasodesanto/Desktop/Projects/Fertility/Fertility_Spring26/tmp/e5f_overnight_local_20260927/portable/night_launch_v2/primary/search/de_0165/case,primary,search,116.01837816821705,116.01837816821705,6,401.09866812604014,0,49566b92deae0d27014ebe4204cc88209ea27a664e90ca697d2e377d2f8f4737,7e4006a21037bbcc692de43db0e0b1c52c4bc3e64ebb27594e1f2739937da549,table_checked_provisional_point
/Users/tommasodesanto/Desktop/Projects/Fertility/Fertility_Spring26/tmp/e5f_overnight_local_20260927/portable/night_launch_v2/primary/search/de_0160/case,primary,search,140.7598481922298,140.7598481922298,7,448.54204062500503,0,49566b92deae0d27014ebe4204cc88209ea27a664e90ca697d2e377d2f8f4737,2c5f59f13aff3274d184152af945a3fe91376f651daa1a92b442fbbc160e4e30,table_checked_provisional_point
/Users/tommasodesanto/Desktop/Projects/Fertility/Fertility_Spring26/tmp/e5f_overnight_local_20260927/portable/night_launch_v2/primary/search/de_0168/case,primary,search,136.36474501652287,136.3647450165229,6,387.94358383197687,0,49566b92deae0d27014ebe4204cc88209ea27a664e90ca697d2e377d2f8f4737,c8144ce49c9061c97ccb1bea0a8b6987385e967ce26d8cb372d0b61e8f9dfcee,table_checked_provisional_point
/Users/tommasodesanto/Desktop/Projects/Fertility/Fertility_Spring26/tmp/e5f_overnight_local_20260927/portable/night_launch_v2/primary/search/de_0175/case,primary,search,87.62932327592878,87.62932327592878,6,404.5107248349814,0,49566b92deae0d27014ebe4204cc88209ea27a664e90ca697d2e377d2f8f4737,33226daaa8449637a69fd5e5c855dca86d33fdaf2a9380e262497e7c3362db9a,table_checked_provisional_point
/Users/tommasodesanto/Desktop/Projects/Fertility/Fertility_Spring26/tmp/e5f_overnight_local_20260927/portable/night_launch_v2/primary/search/de_0172/case,primary,search,109.28879757290241,109.28879757290241,6,406.0170461660018,0,49566b92deae0d27014ebe4204cc88209ea27a664e90ca697d2e377d2f8f4737,a8be0397d3350514efef1e20b14f22697710cfb94dddf68d8939ca4c1b3080ec,table_checked_provisional_point
/Users/tommasodesanto/Desktop/Projects/Fertility/Fertility_Spring26/tmp/e5f_overnight_local_20260927/portable/night_launch_v2/primary/search/de_0169/case,primary,search,97.55137215235014,97.55137215235014,6,406.6069405400485,0,49566b92deae0d27014ebe4204cc88209ea27a664e90ca697d2e377d2f8f4737,dbc4e4ddff8af3b6b0376c413cd2c72fdc4dfd992ae53f592d600143b9395060,table_checked_provisional_point
/Users/tommasodesanto/Desktop/Projects/Fertility/Fertility_Spring26/tmp/e5f_overnight_local_20260927/portable/night_launch_v2/primary/search/de_0170/case,primary,search,89.16105890356494,89.16105890356494,6,406.3856022930413,0,49566b92deae0d27014ebe4204cc88209ea27a664e90ca697d2e377d2f8f4737,09000152f179778355672c4e106000b4085f1983f5100b870df4cc0ad7ad4022,table_checked_provisional_point
/Users/tommasodesanto/Desktop/Projects/Fertility/Fertility_Spring26/tmp/e5f_overnight_local_20260927/portable/night_launch_v2/primary/search/de_0173/case,primary,search,86.97768627230383,86.97768627230383,6,421.65956199893844,0,49566b92deae0d27014ebe4204cc88209ea27a664e90ca697d2e377d2f8f4737,eb739070b3150062310d3fe066d459a00b1bdec35325fdb93b5505079dcb60d1,table_checked_provisional_point
/Users/tommasodesanto/Desktop/Projects/Fertility/Fertility_Spring26/tmp/e5f_overnight_local_20260927/portable/night_launch_v2/primary/search/de_0174/case,primary,search,100.10482978420022,100.10482978420022,6,427.0655493310187,0,49566b92deae0d27014ebe4204cc88209ea27a664e90ca697d2e377d2f8f4737,e652c8beaa7ea848487c60c1513bc098e6512202c0d199896580e16a664d52d2,table_checked_provisional_point
/Users/tommasodesanto/Desktop/Projects/Fertility/Fertility_Spring26/tmp/e5f_overnight_local_20260927/portable/night_launch_v2/primary/search/de_0171/case,primary,search,101.84305136789501,101.84305136789501,7,446.6619110009633,0,49566b92deae0d27014ebe4204cc88209ea27a664e90ca697d2e377d2f8f4737,231d0313ee43ad054c1b730c606de1a4469096828675c9a728a497e101d03cb3,table_checked_provisional_point
/Users/tommasodesanto/Desktop/Projects/Fertility/Fertility_Spring26/tmp/e5f_overnight_local_20260927/portable/night_launch_v2/primary/search/de_0176/case,primary,search,109.36346999258664,109.36346999258664,6,389.40935429302044,0,49566b92deae0d27014ebe4204cc88209ea27a664e90ca697d2e377d2f8f4737,039501f06d025a7437e5c28e9721135d88e7cd1c58d65513c720ede2a202137e,table_checked_provisional_point
/Users/tommasodesanto/Desktop/Projects/Fertility/Fertility_Spring26/tmp/e5f_overnight_local_20260927/portable/night_launch_v2/primary/search/de_0177/case,primary,search,95.23020750638422,95.2302075063842,6,388.90702879198943,0,49566b92deae0d27014ebe4204cc88209ea27a664e90ca697d2e377d2f8f4737,bb06accf4df11868a2be67ef4becfec52a1c417707bd2c205166a12a32a39582,table_checked_provisional_point
/Users/tommasodesanto/Desktop/Projects/Fertility/Fertility_Spring26/tmp/e5f_overnight_local_20260927/portable/night_launch_v2/primary/search/de_0182/case,primary,search,202.27454040044378,202.27454040044378,6,388.9864153759845,0,49566b92deae0d27014ebe4204cc88209ea27a664e90ca697d2e377d2f8f4737,f86de2bb4c0ab3593ff8d9dff16052661506698626c9593b6145c329d7a4d856,table_checked_provisional_point
/Users/tommasodesanto/Desktop/Projects/Fertility/Fertility_Spring26/tmp/e5f_overnight_local_20260927/portable/night_launch_v2/primary/search/de_0180/case,primary,search,87.0534593725038,87.0534593725038,6,390.38495920796413,0,49566b92deae0d27014ebe4204cc88209ea27a664e90ca697d2e377d2f8f4737,ea4a4ea7edef95b80109bc947d6e4445502eaa9f88c0aebc69157bf45d8697df,table_checked_provisional_point
/Users/tommasodesanto/Desktop/Projects/Fertility/Fertility_Spring26/tmp/e5f_overnight_local_20260927/portable/night_launch_v2/primary/search/de_0183/case,primary,search,116.75773697560307,116.75773697560308,6,406.72374899996794,0,49566b92deae0d27014ebe4204cc88209ea27a664e90ca697d2e377d2f8f4737,47e2ebdccae0aec31084c2940cfc1b993f91fa4e9a3bbf4d6fd898cf8cacefaa,table_checked_provisional_point
/Users/tommasodesanto/Desktop/Projects/Fertility/Fertility_Spring26/tmp/e5f_overnight_local_20260927/portable/night_launch_v2/primary/search/de_0178/case,primary,search,87.00184721362619,87.00184721362618,6,421.60437729096157,0,49566b92deae0d27014ebe4204cc88209ea27a664e90ca697d2e377d2f8f4737,1764d4a119f7e7d132215c6ff0bc7caf0b1b23d45fc57a7028dde0fc1e52ff5d,table_checked_provisional_point
/Users/tommasodesanto/Desktop/Projects/Fertility/Fertility_Spring26/tmp/e5f_overnight_local_20260927/portable/night_launch_v2/primary/search/de_0179/case,primary,search,107.93701564384904,107.93701564384905,6,421.54257200003485,0,49566b92deae0d27014ebe4204cc88209ea27a664e90ca697d2e377d2f8f4737,a26c8b951c995565f2959a54d3ccb11f6171f14d19ee4ec2e357ea72648a08b3,table_checked_provisional_point
/Users/tommasodesanto/Desktop/Projects/Fertility/Fertility_Spring26/tmp/e5f_overnight_local_20260927/portable/night_launch_v2/primary/search/de_0181/case,primary,search,78.43641157015007,78.43641157015009,6,422.1059475429647,0,49566b92deae0d27014ebe4204cc88209ea27a664e90ca697d2e377d2f8f4737,72ae9517834ea961d66ba936a2db70106f3ee79ab37f514149e335a07a11d7f0,table_checked_provisional_point
/Users/tommasodesanto/Desktop/Projects/Fertility/Fertility_Spring26/tmp/e5f_overnight_local_20260927/portable/night_launch_v2/primary/search/de_0187/case,primary,search,108.58603550125518,108.5860355012552,6,406.7170027080283,0,49566b92deae0d27014ebe4204cc88209ea27a664e90ca697d2e377d2f8f4737,2ecaf5ea54f2665f678d810c1af83225befa73e1de853c151ea57959ff697022,table_checked_provisional_point
/Users/tommasodesanto/Desktop/Projects/Fertility/Fertility_Spring26/tmp/e5f_overnight_local_20260927/portable/night_launch_v2/primary/search/de_0189/case,primary,search,78.46143424072199,78.46143424072199,6,409.03076491702814,0,49566b92deae0d27014ebe4204cc88209ea27a664e90ca697d2e377d2f8f4737,5402ff965bdca6058470ba70c7287af5c6a8dff9325a81de11ec3700247a1802,table_checked_provisional_point
/Users/tommasodesanto/Desktop/Projects/Fertility/Fertility_Spring26/tmp/e5f_overnight_local_20260927/portable/night_launch_v2/primary/search/de_0185/case,primary,search,78.48456133977477,78.48456133977477,6,409.702635706024,0,49566b92deae0d27014ebe4204cc88209ea27a664e90ca697d2e377d2f8f4737,e9ca0f38fdc0b4fdfca52ba13cde816a203f3ca84ac3577269ffeb33080eb9b8,table_checked_provisional_point
/Users/tommasodesanto/Desktop/Projects/Fertility/Fertility_Spring26/tmp/e5f_overnight_local_20260927/portable/night_launch_v2/primary/search/de_0190/case,primary,search,105.43297518795393,105.43297518795391,6,410.0249424990034,0,49566b92deae0d27014ebe4204cc88209ea27a664e90ca697d2e377d2f8f4737,ab0a20479ca478c4c6358b45405c9988ab977b2aabbeebe04d60a59d25a765f6,table_checked_provisional_point
/Users/tommasodesanto/Desktop/Projects/Fertility/Fertility_Spring26/tmp/e5f_overnight_local_20260927/portable/night_launch_v2/primary/search/de_0191/case,primary,search,78.73902362465022,78.7390236246502,6,411.0076344590343,0,49566b92deae0d27014ebe4204cc88209ea27a664e90ca697d2e377d2f8f4737,72e2ee4f5af2807912834b04d99d51380ad9b4fab7d87d913d1aa130e84a3075,table_checked_provisional_point
/Users/tommasodesanto/Desktop/Projects/Fertility/Fertility_Spring26/tmp/e5f_overnight_local_20260927/portable/night_launch_v2/primary/search/de_0184/case,primary,search,97.96947911062685,97.96947911062688,6,422.4138485840522,0,49566b92deae0d27014ebe4204cc88209ea27a664e90ca697d2e377d2f8f4737,4c54aaee4f97f4b1350e98c8aab7c1a7ed28a46edc3379acd6f900b7521d2189,table_checked_provisional_point
/Users/tommasodesanto/Desktop/Projects/Fertility/Fertility_Spring26/tmp/e5f_overnight_local_20260927/portable/night_launch_v2/primary/search/de_0186/case,primary,search,69.42112083338502,69.42112083338502,6,423.7969636240159,0,49566b92deae0d27014ebe4204cc88209ea27a664e90ca697d2e377d2f8f4737,823e91e11c8414427a0dcacd753068fea23d739a4cce93f2be6fcba8b45243ab,table_checked_provisional_point
/Users/tommasodesanto/Desktop/Projects/Fertility/Fertility_Spring26/tmp/e5f_overnight_local_20260927/portable/night_launch_v2/primary/search/de_0188/case,primary,search,79.51464499677589,79.51464499677589,6,424.73206241600565,0,49566b92deae0d27014ebe4204cc88209ea27a664e90ca697d2e377d2f8f4737,83b6def431dd7535ee01bfa92479a38ef5b56980d4ea305601585acdea6b8dcf,table_checked_provisional_point
/Users/tommasodesanto/Desktop/Projects/Fertility/Fertility_Spring26/tmp/e5f_overnight_local_20260927/portable/night_launch_v2/primary/search/de_0194/case,primary,search,70.216963779441,70.216963779441,5,348.54368787503336,0,49566b92deae0d27014ebe4204cc88209ea27a664e90ca697d2e377d2f8f4737,88e11151107abe7d668e6a1002bb9c454cd2e74a601cb671cbb48e309bb3a5f2,table_checked_provisional_point
/Users/tommasodesanto/Desktop/Projects/Fertility/Fertility_Spring26/tmp/e5f_overnight_local_20260927/portable/night_launch_v2/primary/search/de_0195/case,primary,search,98.3180992866023,98.31809928660229,6,361.84931591906934,0,49566b92deae0d27014ebe4204cc88209ea27a664e90ca697d2e377d2f8f4737,5265f91a81cff88c5b2d4646a1f6653e57d9007b2a4a90643e806c50a78e9f48,table_checked_provisional_point
/Users/tommasodesanto/Desktop/Projects/Fertility/Fertility_Spring26/tmp/e5f_overnight_local_20260927/portable/night_launch_v2/primary/search/de_0198/case,primary,search,93.90932977611797,93.90932977611796,6,377.2493888339959,0,49566b92deae0d27014ebe4204cc88209ea27a664e90ca697d2e377d2f8f4737,a81e1f59e72fc0269ac1cb722c4ec92aa1f5a0a9cadd0655909b0ca437700da2,table_checked_provisional_point
/Users/tommasodesanto/Desktop/Projects/Fertility/Fertility_Spring26/tmp/e5f_overnight_local_20260927/portable/night_launch_v2/primary/search/de_0196/case,primary,search,69.56050819639374,69.56050819639374,6,390.64616779002245,0,49566b92deae0d27014ebe4204cc88209ea27a664e90ca697d2e377d2f8f4737,327d6e705abe72f5f93451d5f46fe9d3038c9a887226fc58d45849f9f8c19e2d,table_checked_provisional_point
/Users/tommasodesanto/Desktop/Projects/Fertility/Fertility_Spring26/tmp/e5f_overnight_local_20260927/portable/night_launch_v2/primary/search/de_0199/case,primary,search,69.76563228834858,69.76563228834858,6,403.8604439580231,0,49566b92deae0d27014ebe4204cc88209ea27a664e90ca697d2e377d2f8f4737,37e65aef6b52b07840afde5ede3ed421fd3432d845f0ddb2cb2419ba0442a0c8,table_checked_provisional_point
/Users/tommasodesanto/Desktop/Projects/Fertility/Fertility_Spring26/tmp/e5f_overnight_local_20260927/portable/night_launch_v2/primary/search/de_0197/case,primary,search,71.85322422745594,71.85322422745594,6,404.62756704204367,0,49566b92deae0d27014ebe4204cc88209ea27a664e90ca697d2e377d2f8f4737,8ebad0bf55ea8514b6a92962028b04cbfc1c18e3f3262fbda7b92b1619af4d7f,table_checked_provisional_point
/Users/tommasodesanto/Desktop/Projects/Fertility/Fertility_Spring26/tmp/e5f_overnight_local_20260927/portable/night_launch_v2/primary/search/de_0192/case,primary,search,75.96962663823733,75.96962663823733,7,426.85601895998116,0,49566b92deae0d27014ebe4204cc88209ea27a664e90ca697d2e377d2f8f4737,79519524948be661ca6e82485d2a4af49237c24096b2add93f56c49745f9054d,table_checked_provisional_point
/Users/tommasodesanto/Desktop/Projects/Fertility/Fertility_Spring26/tmp/e5f_overnight_local_20260927/portable/night_launch_v2/primary/search/de_0193/case,primary,search,63.73048187259709,63.73048187259708,7,429.5463121670182,0,49566b92deae0d27014ebe4204cc88209ea27a664e90ca697d2e377d2f8f4737,50ac3ae9b1a8a97f438a140110c94eb94f1bdbcbdfd9a1fff2587c3efa450a8a,table_checked_provisional_point
/Users/tommasodesanto/Desktop/Projects/Fertility/Fertility_Spring26/tmp/e5f_overnight_local_20260927/portable/night_launch_v2/primary/search/de_0207/case,primary,search,80.58409405110793,80.58409405110793,6,394.6568908339832,0,49566b92deae0d27014ebe4204cc88209ea27a664e90ca697d2e377d2f8f4737,00ec2fc3a9ef4f4c70457101122bf059ff95a1f9263887e544b84a94efb3f83f,table_checked_provisional_point
/Users/tommasodesanto/Desktop/Projects/Fertility/Fertility_Spring26/tmp/e5f_overnight_local_20260927/portable/night_launch_v2/primary/search/de_0200/case,primary,search,88.89116763486572,88.89116763486574,7,428.24812954000663,0,49566b92deae0d27014ebe4204cc88209ea27a664e90ca697d2e377d2f8f4737,a5ad9cfefd5f10c413f7c3d26235901ba85432964865738670ff09fcab82e091,table_checked_provisional_point
/Users/tommasodesanto/Desktop/Projects/Fertility/Fertility_Spring26/tmp/e5f_overnight_local_20260927/portable/night_launch_v2/primary/search/de_0202/case,primary,search,64.81690125999293,64.81690125999293,7,440.0223659599724,0,49566b92deae0d27014ebe4204cc88209ea27a664e90ca697d2e377d2f8f4737,4e3fc2b2466b24a367bd88572b95162dec600645e75030b695fee81a43d1e8a4,table_checked_provisional_point
/Users/tommasodesanto/Desktop/Projects/Fertility/Fertility_Spring26/tmp/e5f_overnight_local_20260927/portable/night_launch_v2/primary/search/de_0205/case,primary,search,65.44847313416496,65.44847313416496,7,441.90952083299635,0,49566b92deae0d27014ebe4204cc88209ea27a664e90ca697d2e377d2f8f4737,bfc52948c7f90883046d83e631d96e46e7318c566cc4025e216c3e6994272d8f,table_checked_provisional_point
/Users/tommasodesanto/Desktop/Projects/Fertility/Fertility_Spring26/tmp/e5f_overnight_local_20260927/portable/night_launch_v2/primary/search/de_0203/case,primary,search,60.90093375015495,60.900933750154955,7,443.02916720797657,0,49566b92deae0d27014ebe4204cc88209ea27a664e90ca697d2e377d2f8f4737,43580539639e01087f28ee922aa0617b86e3913205fa369c60bbb814163422b4,table_checked_provisional_point
/Users/tommasodesanto/Desktop/Projects/Fertility/Fertility_Spring26/tmp/e5f_overnight_local_20260927/portable/night_launch_v2/primary/search/de_0206/case,primary,search,58.465601401156995,58.465601401156995,7,443.1076421660546,0,49566b92deae0d27014ebe4204cc88209ea27a664e90ca697d2e377d2f8f4737,347fc68f17d0d5973daf55eef8b530b8eef441ec4c31135366c4e2542ff34b99,table_checked_provisional_point
/Users/tommasodesanto/Desktop/Projects/Fertility/Fertility_Spring26/tmp/e5f_overnight_local_20260927/portable/night_launch_v2/primary/search/de_0204/case,primary,search,66.95838556793437,66.95838556793437,7,444.375117751013,0,49566b92deae0d27014ebe4204cc88209ea27a664e90ca697d2e377d2f8f4737,b872a9f4147b2c271983eee140fa239d676a04c5c7682d301e1813fa48481a22,table_checked_provisional_point
/Users/tommasodesanto/Desktop/Projects/Fertility/Fertility_Spring26/tmp/e5f_overnight_local_20260927/portable/night_launch_v2/primary/search/de_0201/case,primary,search,64.03361472106226,64.03361472106226,8,477.5256333749858,0,49566b92deae0d27014ebe4204cc88209ea27a664e90ca697d2e377d2f8f4737,49f151903d636bc5c4b92747fd0c4ed106e2637df9036c31e6fbb3e23a360a59,table_checked_provisional_point
/Users/tommasodesanto/Desktop/Projects/Fertility/Fertility_Spring26/tmp/e5f_overnight_local_20260927/portable/night_launch_v2/identity/search/initial_0001/case,identity,search,2.8075149564717865,611.2338161796491,4,281.7881648749899,0,49566b92deae0d27014ebe4204cc88209ea27a664e90ca697d2e377d2f8f4737,ad1178bc055019e07582ae6a71379566085aa26f1f125768975e11713dde9be4,table_checked_provisional_point
/Users/tommasodesanto/Desktop/Projects/Fertility/Fertility_Spring26/tmp/e5f_overnight_local_20260927/portable/night_launch_v2/identity/search/initial_0000/case,identity,search,2.7511766695096784,589.1023018968903,5,323.8379120839818,0,49566b92deae0d27014ebe4204cc88209ea27a664e90ca697d2e377d2f8f4737,407535d01641a32e4654a95df40fa7c7afe33e645c20ba765eadefb1de39d177,table_checked_provisional_point
/Users/tommasodesanto/Desktop/Projects/Fertility/Fertility_Spring26/tmp/e5f_overnight_local_20260927/portable/night_launch_v2/identity/search/de_0002/case,identity,search,2.669681927779952,743.9460603243032,4,280.1024685000011,0,49566b92deae0d27014ebe4204cc88209ea27a664e90ca697d2e377d2f8f4737,41c9fc648de4792689239597b298d2b73bec10719e75e2f13850b534e358ce67,table_checked_provisional_point
/Users/tommasodesanto/Desktop/Projects/Fertility/Fertility_Spring26/tmp/e5f_overnight_local_20260927/portable/night_launch_v2/identity/search/de_0003/case,identity,search,2.7542623995281654,727.2013491419671,5,317.15585237398045,0,49566b92deae0d27014ebe4204cc88209ea27a664e90ca697d2e377d2f8f4737,fbf56304a97d3fb1d6edec37c2c90ae00ee2440d8a89c9b9e5c68911d91867ce,table_checked_provisional_point
/Users/tommasodesanto/Desktop/Projects/Fertility/Fertility_Spring26/tmp/e5f_overnight_local_20260927/portable/night_launch_v2/identity/search/de_0004/case,identity,search,2.699246163213986,663.9495294377472,5,267.3550409160089,0,49566b92deae0d27014ebe4204cc88209ea27a664e90ca697d2e377d2f8f4737,6978993b69565fd7ccba0868f52140a6c16c173ea0720df127218054722e054a,table_checked_provisional_point
/Users/tommasodesanto/Desktop/Projects/Fertility/Fertility_Spring26/tmp/e5f_overnight_local_20260927/portable/night_launch_v2/identity/search/de_0005/case,identity,search,2.666742083185204,760.406288915112,6,330.8686482070043,0,49566b92deae0d27014ebe4204cc88209ea27a664e90ca697d2e377d2f8f4737,4b38e333cf7ff453475ec5b542bd7c634464a4d3dffef9314a9ebb17556505e0,table_checked_provisional_point
/Users/tommasodesanto/Desktop/Projects/Fertility/Fertility_Spring26/tmp/e5f_overnight_local_20260927/portable/night_launch_v2/identity/search/de_0006/case,identity,search,2.7886441202017203,725.7249697760989,6,354.03458512401266,0,49566b92deae0d27014ebe4204cc88209ea27a664e90ca697d2e377d2f8f4737,43efbf89310ad7ea40d5a4db391e45a99e4822e1fe98424a32eebb2140d7e132,table_checked_provisional_point
/Users/tommasodesanto/Desktop/Projects/Fertility/Fertility_Spring26/tmp/e5f_overnight_local_20260927/portable/night_launch_v2/identity/search/de_0007/case,identity,search,2.6149134488213095,762.1306294536565,6,371.2626054579887,0,49566b92deae0d27014ebe4204cc88209ea27a664e90ca697d2e377d2f8f4737,e98aba2b3723cd3f2b10861a6b4233b7ab9bdd91eff54b21ba61cc4153cd37f9,table_checked_provisional_point
/Users/tommasodesanto/Desktop/Projects/Fertility/Fertility_Spring26/tmp/e5f_overnight_local_20260927/portable/night_launch_v2/identity/search/de_0008/case,identity,search,3.0959319391259914,957.4880992604888,6,358.43302574998233,0,49566b92deae0d27014ebe4204cc88209ea27a664e90ca697d2e377d2f8f4737,af7e89fd34487e866ad57a006d19a07db5be61d05af067bf2f1d2da1b07941c1,table_checked_provisional_point
/Users/tommasodesanto/Desktop/Projects/Fertility/Fertility_Spring26/tmp/e5f_overnight_local_20260927/portable/night_launch_v2/identity/search/de_0009/case,identity,search,2.6371792769579177,771.885195742236,6,376.5395215410099,0,49566b92deae0d27014ebe4204cc88209ea27a664e90ca697d2e377d2f8f4737,8e4c6024b845bcf5887cb741e13cc6e29da4a5faa6729b8fae28c479d557ce08,table_checked_provisional_point
/Users/tommasodesanto/Desktop/Projects/Fertility/Fertility_Spring26/tmp/e5f_overnight_local_20260927/portable/night_launch_v2/identity/search/de_0010/case,identity,search,2.909423689247972,849.058046515372,6,315.20102004102955,0,49566b92deae0d27014ebe4204cc88209ea27a664e90ca697d2e377d2f8f4737,42047484d1bd8603debe1a26ae7e60e7b046ed0bb05a3f21cd45e2b263db3d7d,table_checked_provisional_point
/Users/tommasodesanto/Desktop/Projects/Fertility/Fertility_Spring26/tmp/e5f_overnight_local_20260927/portable/night_launch_v2/identity/search/de_0011/case,identity,search,2.6151791191505818,762.0937232530002,6,331.9135403750115,0,49566b92deae0d27014ebe4204cc88209ea27a664e90ca697d2e377d2f8f4737,ee22f64f81ab826c46f70ace18c4488bf23c3302016232f340944b9354392be6,table_checked_provisional_point
/Users/tommasodesanto/Desktop/Projects/Fertility/Fertility_Spring26/tmp/e5f_overnight_local_20260927/portable/night_launch_v2/identity/search/de_0013/case,identity,search,2.6256703513159207,753.5258856385848,4,269.9555098339915,0,49566b92deae0d27014ebe4204cc88209ea27a664e90ca697d2e377d2f8f4737,c9dcf0e67ce873eb764216d897712921e36cb1976e40ff768ee3eb24df4b078d,table_checked_provisional_point
/Users/tommasodesanto/Desktop/Projects/Fertility/Fertility_Spring26/tmp/e5f_overnight_local_20260927/portable/night_launch_v2/identity/search/de_0012/case,identity,search,2.5781228235018214,748.8248453276888,6,345.1035862090066,0,49566b92deae0d27014ebe4204cc88209ea27a664e90ca697d2e377d2f8f4737,1579f9956e43bbb67058e224f4c0bb878d360c9563c7b1782dbc89e88d9423e0,table_checked_provisional_point
/Users/tommasodesanto/Desktop/Projects/Fertility/Fertility_Spring26/tmp/e5f_overnight_local_20260927/portable/night_launch_v2/identity/search/de_0014/case,identity,search,2.425263648682172,635.4066031682073,5,317.3767826680123,0,49566b92deae0d27014ebe4204cc88209ea27a664e90ca697d2e377d2f8f4737,7d8c43bc94bdacf1b2ac743e92c28d664f83f2a10fdd78f5ad589193928a675a,table_checked_provisional_point
/Users/tommasodesanto/Desktop/Projects/Fertility/Fertility_Spring26/tmp/e5f_overnight_local_20260927/portable/night_launch_v2/identity/search/de_0015/case,identity,search,2.578964642923356,750.1898337217345,6,347.4495997100166,0,49566b92deae0d27014ebe4204cc88209ea27a664e90ca697d2e377d2f8f4737,4db051e2f88bbd44db242c0d1114ccc1cbdae0d3a5406a49fb58a7cb0ebd1bb9,table_checked_provisional_point
/Users/tommasodesanto/Desktop/Projects/Fertility/Fertility_Spring26/tmp/e5f_overnight_local_20260927/portable/night_launch_v2/identity/search/de_0017/case,identity,search,2.425936691517742,634.3387961873129,5,297.54464179200295,0,49566b92deae0d27014ebe4204cc88209ea27a664e90ca697d2e377d2f8f4737,54555bf53d8af91be7255ad4e7fa29e2e19c6c66f43bf6745cb4946a482685e4,table_checked_provisional_point
/Users/tommasodesanto/Desktop/Projects/Fertility/Fertility_Spring26/tmp/e5f_overnight_local_20260927/portable/night_launch_v2/identity/search/de_0016/case,identity,search,2.772561137888217,856.760080952481,6,327.1545737490087,0,49566b92deae0d27014ebe4204cc88209ea27a664e90ca697d2e377d2f8f4737,9d908d537b3f54ffbb467ca42ab139e4333ca68143db3e0ead4f0efa6429366e,table_checked_provisional_point
/Users/tommasodesanto/Desktop/Projects/Fertility/Fertility_Spring26/tmp/e5f_overnight_local_20260927/portable/night_launch_v2/identity/search/de_0018/case,identity,search,2.5743119739562745,721.7348498048715,5,300.32951529200363,0,49566b92deae0d27014ebe4204cc88209ea27a664e90ca697d2e377d2f8f4737,969452284e700dac1d2177ecb8e272c3b4a117f29eb398e901b3c0ce4b25e203,table_checked_provisional_point
/Users/tommasodesanto/Desktop/Projects/Fertility/Fertility_Spring26/tmp/e5f_overnight_local_20260927/portable/night_launch_v2/identity/search/de_0019/case,identity,search,2.46153371255007,630.5212263900167,5,300.39688741700957,0,49566b92deae0d27014ebe4204cc88209ea27a664e90ca697d2e377d2f8f4737,759f3d6487f0cd0f5ed0676e33886858ceaffd0da9861a4bef9587f79d8d5f3d,table_checked_provisional_point
/Users/tommasodesanto/Desktop/Projects/Fertility/Fertility_Spring26/tmp/e5f_overnight_local_20260927/portable/night_launch_v2/identity/search/de_0020/case,identity,search,2.477965732565398,546.0260642639496,5,298.2116286669916,0,49566b92deae0d27014ebe4204cc88209ea27a664e90ca697d2e377d2f8f4737,2548f6dc6b04a95a6266f13fb1463706250a5540b8344b4578dece736ecbaaa5,table_checked_provisional_point
/Users/tommasodesanto/Desktop/Projects/Fertility/Fertility_Spring26/tmp/e5f_overnight_local_20260927/portable/night_launch_v2/identity/search/de_0021/case,identity,search,2.4360205497207104,619.5558568306678,5,314.91362104099244,0,49566b92deae0d27014ebe4204cc88209ea27a664e90ca697d2e377d2f8f4737,07f99e2ff1c827d6b3805c8c00fddb4d7a689d62e9c37e8c761305b5efd91c36,table_checked_provisional_point
/Users/tommasodesanto/Desktop/Projects/Fertility/Fertility_Spring26/tmp/e5f_overnight_local_20260927/portable/night_launch_v2/identity/search/de_0023/case,identity,search,2.4265344161974736,622.1280745429465,5,264.70016100100474,0,49566b92deae0d27014ebe4204cc88209ea27a664e90ca697d2e377d2f8f4737,62c9a5da1c83a0e303412cf5bf61c9a9a8d0f6d2d71b3bcaf7710f7934dc0609,table_checked_provisional_point
/Users/tommasodesanto/Desktop/Projects/Fertility/Fertility_Spring26/tmp/e5f_overnight_local_20260927/portable/night_launch_v2/identity/search/de_0022/case,identity,search,2.4281547751368797,547.758983060946,5,266.59792795700196,0,49566b92deae0d27014ebe4204cc88209ea27a664e90ca697d2e377d2f8f4737,a945b8451d56de7e462c7990a222499595440d82c2d098d47b003f103367386b,table_checked_provisional_point
/Users/tommasodesanto/Desktop/Projects/Fertility/Fertility_Spring26/tmp/e5f_overnight_local_20260927/portable/night_launch_v2/identity/search/de_0024/case,identity,search,2.1547755310145047,620.6367810482117,5,304.218444498998,0,49566b92deae0d27014ebe4204cc88209ea27a664e90ca697d2e377d2f8f4737,292d82e9e609eeb1ce3a7cffbe08eef5c3b18748bd9d0bf12e6b12f25eb9e6b0,table_checked_provisional_point
/Users/tommasodesanto/Desktop/Projects/Fertility/Fertility_Spring26/tmp/e5f_overnight_local_20260927/portable/night_launch_v2/identity/search/de_0025/case,identity,search,2.4071667230714087,636.2919775511242,5,317.89884575000906,0,49566b92deae0d27014ebe4204cc88209ea27a664e90ca697d2e377d2f8f4737,9d76e0ef164012c8cb1c110383c2f1396cfd06f2def1086461828bb7e0f21e62,table_checked_provisional_point
/Users/tommasodesanto/Desktop/Projects/Fertility/Fertility_Spring26/tmp/e5f_overnight_local_20260927/portable/night_launch_v2/identity/search/de_0026/case,identity,search,2.1732797877819645,574.2385814541339,5,291.70851458300604,0,49566b92deae0d27014ebe4204cc88209ea27a664e90ca697d2e377d2f8f4737,67e0c4b7c9c43c7f24b73e3b9a47210cb5bdbd069cb14b6bb606549db1e3e284,table_checked_provisional_point
/Users/tommasodesanto/Desktop/Projects/Fertility/Fertility_Spring26/tmp/e5f_overnight_local_20260927/portable/night_launch_v2/identity/search/de_0027/case,identity,search,2.1674293474737194,627.0483598409439,5,293.6802766230103,0,49566b92deae0d27014ebe4204cc88209ea27a664e90ca697d2e377d2f8f4737,a443d7c268e5f0e0ba1fd87f9b68f4f7f8896d0af43dd92d0dba95551bc97ba6,table_checked_provisional_point
/Users/tommasodesanto/Desktop/Projects/Fertility/Fertility_Spring26/tmp/e5f_overnight_local_20260927/portable/night_launch_v2/identity/search/de_0028/case,identity,search,2.1670320620120562,692.319511379865,5,294.05947816702246,0,49566b92deae0d27014ebe4204cc88209ea27a664e90ca697d2e377d2f8f4737,6247c49aba91f0727dffdd20aef144bbb5db9645c828f31c76b0dc26b14083a3,table_checked_provisional_point
/Users/tommasodesanto/Desktop/Projects/Fertility/Fertility_Spring26/tmp/e5f_overnight_local_20260927/portable/night_launch_v2/identity/search/de_0029/case,identity,search,2.1543422230440687,620.854295661219,5,295.0468578729924,0,49566b92deae0d27014ebe4204cc88209ea27a664e90ca697d2e377d2f8f4737,d6caa5ae23b549b04429e61b6f9c9330dbd81a6b9bd6a5064a9be6197e358cfd,table_checked_provisional_point
/Users/tommasodesanto/Desktop/Projects/Fertility/Fertility_Spring26/tmp/e5f_overnight_local_20260927/portable/night_launch_v2/identity/search/de_0031/case,identity,search,2.1181000454753884,635.6957607722884,5,313.44665420998354,0,49566b92deae0d27014ebe4204cc88209ea27a664e90ca697d2e377d2f8f4737,0d3a93bb2bbcd9de915f3f682a1d7f0689e86263ebb22d323badb80194ed0a27,table_checked_provisional_point
/Users/tommasodesanto/Desktop/Projects/Fertility/Fertility_Spring26/tmp/e5f_overnight_local_20260927/portable/night_launch_v2/identity/search/de_0030/case,identity,search,2.1306358456022543,680.9954078413477,5,339.2586017499998,0,49566b92deae0d27014ebe4204cc88209ea27a664e90ca697d2e377d2f8f4737,d07ec062ebd9fbf06f7f1a1bee12520532221fef6e6598463b3e63ca75c6c36b,table_checked_provisional_point
/Users/tommasodesanto/Desktop/Projects/Fertility/Fertility_Spring26/tmp/e5f_overnight_local_20260927/portable/night_launch_v2/identity/search/de_0033/case,identity,search,2.1186966511626726,636.8598797431697,5,291.4426271239936,0,49566b92deae0d27014ebe4204cc88209ea27a664e90ca697d2e377d2f8f4737,e1fa20277ee73053599f68338f326319389d466c5273a1fa3fbaad6a945e8eec,table_checked_provisional_point
/Users/tommasodesanto/Desktop/Projects/Fertility/Fertility_Spring26/tmp/e5f_overnight_local_20260927/portable/night_launch_v2/identity/search/de_0032/case,identity,search,2.0038771940514626,595.3942502895919,5,325.04893241600075,0,49566b92deae0d27014ebe4204cc88209ea27a664e90ca697d2e377d2f8f4737,076eaefa6dd3e7e19713ce97574854859ececc60d206289bcff2e661a9e99849,table_checked_provisional_point
/Users/tommasodesanto/Desktop/Projects/Fertility/Fertility_Spring26/tmp/e5f_overnight_local_20260927/portable/night_launch_v2/identity/search/de_0034/case,identity,search,2.1064377393206692,546.1297823384259,5,320.18585254001664,0,49566b92deae0d27014ebe4204cc88209ea27a664e90ca697d2e377d2f8f4737,d80203c990a8ebf925ac53000c0560347a26148d02faf75fbd2b191e9f925ae4,table_checked_provisional_point
/Users/tommasodesanto/Desktop/Projects/Fertility/Fertility_Spring26/tmp/e5f_overnight_local_20260927/portable/night_launch_v2/identity/search/de_0035/case,identity,search,1.9597032959912908,581.2786185813558,5,320.0530702489923,0,49566b92deae0d27014ebe4204cc88209ea27a664e90ca697d2e377d2f8f4737,dc157371185cb2015eb638c84e8ada1d1b5b4db64b5aa47ede7f598fe18e9789,table_checked_provisional_point
/Users/tommasodesanto/Desktop/Projects/Fertility/Fertility_Spring26/tmp/e5f_overnight_local_20260927/portable/night_launch_v2/identity/search/de_0036/case,identity,search,2.0937186327159045,639.3124204302272,5,336.8252200850111,0,49566b92deae0d27014ebe4204cc88209ea27a664e90ca697d2e377d2f8f4737,53b1ebdb027fe3f604396d7d0878754997aa7fdda057d4243d1df869f2120719,table_checked_provisional_point
/Users/tommasodesanto/Desktop/Projects/Fertility/Fertility_Spring26/tmp/e5f_overnight_local_20260927/portable/night_launch_v2/identity/search/de_0037/case,identity,search,1.9700023221740957,561.8170981970295,5,336.7685773739795,0,49566b92deae0d27014ebe4204cc88209ea27a664e90ca697d2e377d2f8f4737,e62e04608ddc87158117871e720de20f4e129f2ccf5f8dad23f49edc44ae12fa,table_checked_provisional_point
/Users/tommasodesanto/Desktop/Projects/Fertility/Fertility_Spring26/tmp/e5f_overnight_local_20260927/portable/night_launch_v2/identity/search/de_0039/case,identity,search,1.912529015360441,659.1509966097897,5,333.7695222499897,0,49566b92deae0d27014ebe4204cc88209ea27a664e90ca697d2e377d2f8f4737,07e16d317a9ed9908c29a6b6e8b9b5af143f2267c442907ea969477ba691b52a,table_checked_provisional_point
/Users/tommasodesanto/Desktop/Projects/Fertility/Fertility_Spring26/tmp/e5f_overnight_local_20260927/portable/night_launch_v2/identity/search/de_0038/case,identity,search,2.510247023561671,797.1069487606388,6,380.16709912499937,0,49566b92deae0d27014ebe4204cc88209ea27a664e90ca697d2e377d2f8f4737,fd9e78bad85d7414c167d85c662c3b1bb15d6978353394503d55a50140a0dbcd,table_checked_provisional_point
/Users/tommasodesanto/Desktop/Projects/Fertility/Fertility_Spring26/tmp/e5f_overnight_local_20260927/portable/night_launch_v2/identity/search/de_0041/case,identity,search,1.9178260531787577,640.7836533812704,5,308.6721929170162,0,49566b92deae0d27014ebe4204cc88209ea27a664e90ca697d2e377d2f8f4737,421a5543681e3a69de10f699daec283bf8a9b1f7d9684649d6482c9c809c9fd8,table_checked_provisional_point
/Users/tommasodesanto/Desktop/Projects/Fertility/Fertility_Spring26/tmp/e5f_overnight_local_20260927/portable/night_launch_v2/identity/search/de_0040/case,identity,search,1.7558444336795755,546.2931048172661,5,330.2761010850372,0,49566b92deae0d27014ebe4204cc88209ea27a664e90ca697d2e377d2f8f4737,19c3579289400cf1bffe334905d56c875afeba5c1fbef2d62f5423e1333082a4,table_checked_provisional_point
/Users/tommasodesanto/Desktop/Projects/Fertility/Fertility_Spring26/tmp/e5f_overnight_local_20260927/portable/night_launch_v2/identity/search/de_0042/case,identity,search,1.7807145851021657,537.700257463912,4,280.5120743759908,0,49566b92deae0d27014ebe4204cc88209ea27a664e90ca697d2e377d2f8f4737,560a45caf71fb0de6be832ca18cdd3333d7d11a864b8556502fed9567f4edc47,table_checked_provisional_point
/Users/tommasodesanto/Desktop/Projects/Fertility/Fertility_Spring26/tmp/e5f_overnight_local_20260927/portable/night_launch_v2/identity/search/de_0043/case,identity,search,1.8162690376969899,545.5149365133852,5,341.0061751239991,0,49566b92deae0d27014ebe4204cc88209ea27a664e90ca697d2e377d2f8f4737,34a2d592f84c921e424909b991bac33cb10e59c9f710421e37522fa7e765fc7c,table_checked_provisional_point
/Users/tommasodesanto/Desktop/Projects/Fertility/Fertility_Spring26/tmp/e5f_overnight_local_20260927/portable/night_launch_v2/identity/search/de_0045/case,identity,search,1.6869368150913504,515.058373591913,4,309.55294095902354,0,49566b92deae0d27014ebe4204cc88209ea27a664e90ca697d2e377d2f8f4737,f49101fa5e31641ef0cb63bf580cae5c3cbb3654d504b79e387b2883aa44006e,table_checked_provisional_point
/Users/tommasodesanto/Desktop/Projects/Fertility/Fertility_Spring26/tmp/e5f_overnight_local_20260927/portable/night_launch_v2/identity/search/de_0044/case,identity,search,1.7290417565575602,597.2615560027318,5,335.49247879197355,0,49566b92deae0d27014ebe4204cc88209ea27a664e90ca697d2e377d2f8f4737,a309f08378aedc6e117531b5177cdf9a74bec19ccd11f552414349e534af21dd,table_checked_provisional_point
/Users/tommasodesanto/Desktop/Projects/Fertility/Fertility_Spring26/tmp/e5f_overnight_local_20260927/portable/night_launch_v2/identity/search/de_0047/case,identity,search,1.6953657319904982,515.0056469686466,4,301.3166482509987,0,49566b92deae0d27014ebe4204cc88209ea27a664e90ca697d2e377d2f8f4737,4de11f530d4e2f989bddeb0babc5e0a7e84b6b4dc68eaf6668af1d2c09b8a1f5,table_checked_provisional_point
/Users/tommasodesanto/Desktop/Projects/Fertility/Fertility_Spring26/tmp/e5f_overnight_local_20260927/portable/night_launch_v2/identity/search/de_0046/case,identity,search,1.722753050646226,611.6712312357716,5,328.03124012600165,0,49566b92deae0d27014ebe4204cc88209ea27a664e90ca697d2e377d2f8f4737,992d4eb7ff0d0a292be29a52d27613cab36017030d74ee0d37f76be9cae15d74,table_checked_provisional_point
/Users/tommasodesanto/Desktop/Projects/Fertility/Fertility_Spring26/tmp/e5f_overnight_local_20260927/portable/night_launch_v2/identity/search/de_0049/case,identity,search,1.699130031182332,506.2788076414339,4,296.8910105419927,0,49566b92deae0d27014ebe4204cc88209ea27a664e90ca697d2e377d2f8f4737,e6f70d3ddbf65e859258a513a4234f11d9a6ffb11a10a96728c70d193c8ab4fd,table_checked_provisional_point
/Users/tommasodesanto/Desktop/Projects/Fertility/Fertility_Spring26/tmp/e5f_overnight_local_20260927/portable/night_launch_v2/identity/search/de_0048/case,identity,search,1.915027856305632,517.3321577695012,5,310.2668417500099,0,49566b92deae0d27014ebe4204cc88209ea27a664e90ca697d2e377d2f8f4737,f324a8a1fbb0f6c4379b9f68ce6bcc892a2d94cc59ebdc294dad3090fac51abc,table_checked_provisional_point
/Users/tommasodesanto/Desktop/Projects/Fertility/Fertility_Spring26/tmp/e5f_overnight_local_20260927/portable/night_launch_v2/identity/search/de_0051/case,identity,search,1.6835735596831551,508.05836646659844,4,300.85652400003164,0,49566b92deae0d27014ebe4204cc88209ea27a664e90ca697d2e377d2f8f4737,60b25f28048fc59fea195f60e4c81a9867546288692cc3ab1ea3b94bf6a0c9ef,table_checked_provisional_point
/Users/tommasodesanto/Desktop/Projects/Fertility/Fertility_Spring26/tmp/e5f_overnight_local_20260927/portable/night_launch_v2/identity/search/de_0050/case,identity,search,1.6075452670715644,406.6345318845517,4,318.30484645898105,0,49566b92deae0d27014ebe4204cc88209ea27a664e90ca697d2e377d2f8f4737,0ba2b8cfcb7431b9a2e0c30d86616f6724fed5323d96d00f129990acc1731b9b,table_checked_provisional_point
/Users/tommasodesanto/Desktop/Projects/Fertility/Fertility_Spring26/tmp/e5f_overnight_local_20260927/portable/night_launch_v2/identity/search/de_0052/case,identity,search,1.6990422741175653,421.78465825497125,4,273.9682303330046,0,49566b92deae0d27014ebe4204cc88209ea27a664e90ca697d2e377d2f8f4737,d4690668d57ac2183526269bc4c7aa3354076de78a963b9c732341d288b19051,table_checked_provisional_point
/Users/tommasodesanto/Desktop/Projects/Fertility/Fertility_Spring26/tmp/e5f_overnight_local_20260927/portable/night_launch_v2/identity/search/de_0053/case,identity,search,1.4782378730988432,386.8420667065556,4,291.7442683329864,0,49566b92deae0d27014ebe4204cc88209ea27a664e90ca697d2e377d2f8f4737,b906ab626785a11b24e957e98d188b473d708a09403a91bbc9a1d3a698e65091,table_checked_provisional_point
/Users/tommasodesanto/Desktop/Projects/Fertility/Fertility_Spring26/tmp/e5f_overnight_local_20260927/portable/night_launch_v2/identity/search/de_0054/case,identity,search,1.365467620931085,378.12764407207334,4,271.6036530409765,0,49566b92deae0d27014ebe4204cc88209ea27a664e90ca697d2e377d2f8f4737,72112d6e6bc3272d657e300bc9928906129390a8046cb10587b2c89c7caf7f55,table_checked_provisional_point
/Users/tommasodesanto/Desktop/Projects/Fertility/Fertility_Spring26/tmp/e5f_overnight_local_20260927/portable/night_launch_v2/identity/search/de_0055/case,identity,search,1.499214309242749,384.7803400800122,4,271.8983370840142,0,49566b92deae0d27014ebe4204cc88209ea27a664e90ca697d2e377d2f8f4737,26e6a6164e999632adbe530b4935e43ca3f88427fb0912b1e61bb77f352af6a4,table_checked_provisional_point
/Users/tommasodesanto/Desktop/Projects/Fertility/Fertility_Spring26/tmp/e5f_overnight_local_20260927/portable/night_launch_v2/identity/search/de_0056/case,identity,search,1.45385688832149,400.8978289720664,4,274.1667097899772,0,49566b92deae0d27014ebe4204cc88209ea27a664e90ca697d2e377d2f8f4737,3cc11b49a5773eb3d555146ef3c643705db4a8006a3dc4fa594ce2a89bbc184a,table_checked_provisional_point
/Users/tommasodesanto/Desktop/Projects/Fertility/Fertility_Spring26/tmp/e5f_overnight_local_20260927/portable/night_launch_v2/identity/search/de_0057/case,identity,search,1.3671536586058226,363.4195761425926,4,296.78705329299555,0,49566b92deae0d27014ebe4204cc88209ea27a664e90ca697d2e377d2f8f4737,0b093b8a18d6c2b90e19ad0eb24452b06fe5abe132bf3f4b18e49ebeb17a9bc5,table_checked_provisional_point
/Users/tommasodesanto/Desktop/Projects/Fertility/Fertility_Spring26/tmp/e5f_overnight_local_20260927/portable/night_launch_v2/identity/search/de_0059/case,identity,search,1.3631014675527824,394.5502497385267,4,278.2423381259723,0,49566b92deae0d27014ebe4204cc88209ea27a664e90ca697d2e377d2f8f4737,0bb90f83fea2b1668f80fa3eea550288921b7fa135379acc9f53fc8424ed13f1,table_checked_provisional_point
/Users/tommasodesanto/Desktop/Projects/Fertility/Fertility_Spring26/tmp/e5f_overnight_local_20260927/portable/night_launch_v2/identity/search/de_0058/case,identity,search,1.2099520306948721,361.21763839808403,4,280.95375799995963,17,49566b92deae0d27014ebe4204cc88209ea27a664e90ca697d2e377d2f8f4737,fae588158e208d4692cd361abbd22b8eb55fc2844f83772bad28645457fb9c71,table_checked_provisional_point
/Users/tommasodesanto/Desktop/Projects/Fertility/Fertility_Spring26/tmp/e5f_overnight_local_20260927/portable/night_launch_v2/identity/search/repeat_0061/case,identity,repeat,1.2099520306948721,361.21763839808403,4,269.4946884160163,17,49566b92deae0d27014ebe4204cc88209ea27a664e90ca697d2e377d2f8f4737,ccf9c7179624377e594043f8edef29fa52f07825d96d548ca99a34983d12be19,table_checked_provisional_point
/Users/tommasodesanto/Desktop/Projects/Fertility/Fertility_Spring26/tmp/e5f_overnight_local_20260927/portable/night_launch_v2/identity/search/repeat_0060/case,identity,repeat,1.2099520306948721,361.21763839808403,4,272.223177457985,17,49566b92deae0d27014ebe4204cc88209ea27a664e90ca697d2e377d2f8f4737,d5de1aef5291db8bd2f4f64cf3149844201d380e098b47d2d21e5db6384657df,table_checked_provisional_point
/Users/tommasodesanto/Desktop/Projects/Fertility/Fertility_Spring26/tmp/e5f_overnight_local_20260927/portable/night_launch_v3/early_fertility_3000/smoke/smoke_0000/case,early_fertility_3000,acceptance,333.323138988988,86.97768627230383,6,389.1175296679721,17,49566b92deae0d27014ebe4204cc88209ea27a664e90ca697d2e377d2f8f4737,b8232c58d20a259b6d8d6503c57974813012afc8274682ba345b64bc3648c5d4,table_checked_provisional_point
/Users/tommasodesanto/Desktop/Projects/Fertility/Fertility_Spring26/tmp/e5f_overnight_local_20260927/portable/night_launch_v3/early_fertility_3000/smoke/smoke_0001/case,early_fertility_3000,acceptance,333.323138988988,86.97768627230383,6,391.8387165009917,17,49566b92deae0d27014ebe4204cc88209ea27a664e90ca697d2e377d2f8f4737,41cf2b8f45c8b6ee56ead17f911fa12b48aac25c9b49bbc8081137d8ddde7aed,table_checked_provisional_point
