path,name,line,end,lines
code/model/intergen_eqscale_seq_optimized/audit_timing_repaired_readout.py,parse_args,46,52,7
code/model/intergen_eqscale_seq_optimized/audit_timing_repaired_readout.py,write_csv,55,59,5
code/model/intergen_eqscale_seq_optimized/audit_timing_repaired_readout.py,write_json,62,63,2
code/model/intergen_eqscale_seq_optimized/audit_timing_repaired_readout.py,selected_cases,66,71,6
code/model/intergen_eqscale_seq_optimized/audit_timing_repaired_readout.py,load_winner,74,84,11
code/model/intergen_eqscale_seq_optimized/audit_timing_repaired_readout.py,solve_twice,87,127,41
code/model/intergen_eqscale_seq_optimized/audit_timing_repaired_readout.py,nonwealth_difference,130,137,8
code/model/intergen_eqscale_seq_optimized/audit_timing_repaired_readout.py,run_case,140,195,56
code/model/intergen_eqscale_seq_optimized/audit_timing_repaired_readout.py,write_readme,198,222,25
code/model/intergen_eqscale_seq_optimized/audit_timing_repaired_readout.py,main,225,232,8
code/model/intergen_eqscale_seq_optimized/audit_timing_repaired_readout.py,shift,213,215,3
code/model/intergen_eqscale_seq_optimized/benchmark_e1.py,api,9,13,5
code/model/intergen_eqscale_seq_optimized/benchmark_e1.py,run,14,18,5
code/model/intergen_eqscale_seq_optimized/benchmark_e1.py,main,19,30,12
code/model/intergen_eqscale_seq_optimized/build_e2_packet.py,parse_args,90,106,17
code/model/intergen_eqscale_seq_optimized/build_e2_packet.py,load_winner_theta,109,122,14
code/model/intergen_eqscale_seq_optimized/build_e2_packet.py,arm_externals,125,130,6
code/model/intergen_eqscale_seq_optimized/build_e2_packet.py,target_system,133,139,7
code/model/intergen_eqscale_seq_optimized/build_e2_packet.py,age_grid,142,143,2
code/model/intergen_eqscale_seq_optimized/build_e2_packet.py,as_array,146,147,2
code/model/intergen_eqscale_seq_optimized/build_e2_packet.py,solve_case,150,165,16
code/model/intergen_eqscale_seq_optimized/build_e2_packet.py,e5_chain_overrides,168,191,24
code/model/intergen_eqscale_seq_optimized/build_e2_packet.py,solve_e5_case,194,209,16
code/model/intergen_eqscale_seq_optimized/build_e2_packet.py,verify_e5_winner,212,231,20
code/model/intergen_eqscale_seq_optimized/build_e2_packet.py,write_policy_births_summary,234,257,24
code/model/intergen_eqscale_seq_optimized/build_e2_packet.py,target_fit,260,267,8
code/model/intergen_eqscale_seq_optimized/build_e2_packet.py,fertility_record,270,304,35
code/model/intergen_eqscale_seq_optimized/build_e2_packet.py,plot_line,307,318,12
code/model/intergen_eqscale_seq_optimized/build_e2_packet.py,write_timing_supplement,321,353,33
code/model/intergen_eqscale_seq_optimized/build_e2_packet.py,write_hazard_delta,356,366,11
code/model/intergen_eqscale_seq_optimized/build_e2_packet.py,flatten_record,369,374,6
code/model/intergen_eqscale_seq_optimized/build_e2_packet.py,pct_delta,377,380,4
code/model/intergen_eqscale_seq_optimized/build_e2_packet.py,write_policy_table,383,396,14
code/model/intergen_eqscale_seq_optimized/build_e2_packet.py,main,399,449,51
code/model/intergen_eqscale_seq_optimized/build_e5f_psinneg_iteration_packet.py,parse_args,16,23,8
code/model/intergen_eqscale_seq_optimized/build_e5f_psinneg_iteration_packet.py,read_csv,26,28,3
code/model/intergen_eqscale_seq_optimized/build_e5f_psinneg_iteration_packet.py,write_csv,31,42,12
code/model/intergen_eqscale_seq_optimized/build_e5f_psinneg_iteration_packet.py,target_comparison,45,78,34
code/model/intergen_eqscale_seq_optimized/build_e5f_psinneg_iteration_packet.py,parameter_comparison,81,88,8
code/model/intergen_eqscale_seq_optimized/build_e5f_psinneg_iteration_packet.py,policy_comparison,91,103,13
code/model/intergen_eqscale_seq_optimized/build_e5f_psinneg_iteration_packet.py,validate_entry_contract,106,133,28
code/model/intergen_eqscale_seq_optimized/build_e5f_psinneg_iteration_packet.py,plot_targets,136,162,27
code/model/intergen_eqscale_seq_optimized/build_e5f_psinneg_iteration_packet.py,plot_policies,165,203,39
code/model/intergen_eqscale_seq_optimized/build_e5f_psinneg_iteration_packet.py,main,206,221,16
code/model/intergen_eqscale_seq_optimized/build_e6_decision_tables.py,parse_args,28,39,12
code/model/intergen_eqscale_seq_optimized/build_e6_decision_tables.py,parse_variant,42,46,5
code/model/intergen_eqscale_seq_optimized/build_e6_decision_tables.py,read_report,49,72,24
code/model/intergen_eqscale_seq_optimized/build_e6_decision_tables.py,validate_common_contract,75,92,18
code/model/intergen_eqscale_seq_optimized/build_e6_decision_tables.py,derived_parameter_rows,95,128,34
code/model/intergen_eqscale_seq_optimized/build_e6_decision_tables.py,read_parameter_rows,131,143,13
code/model/intergen_eqscale_seq_optimized/build_e6_decision_tables.py,write_csv,146,155,10
code/model/intergen_eqscale_seq_optimized/build_e6_decision_tables.py,build_summary,158,190,33
code/model/intergen_eqscale_seq_optimized/build_e6_decision_tables.py,build_target_comparison,193,220,28
code/model/intergen_eqscale_seq_optimized/build_e6_decision_tables.py,build_parameter_comparison,223,254,32
code/model/intergen_eqscale_seq_optimized/build_e6_decision_tables.py,main,257,282,26
code/model/intergen_eqscale_seq_optimized/build_e6_l1_comparison.py,parse_args,20,26,7
code/model/intergen_eqscale_seq_optimized/build_e6_l1_comparison.py,winner,29,33,5
code/model/intergen_eqscale_seq_optimized/build_e6_l1_comparison.py,write_csv,36,42,7
code/model/intergen_eqscale_seq_optimized/build_e6_l1_comparison.py,evaluate,45,78,34
code/model/intergen_eqscale_seq_optimized/build_e6_l1_comparison.py,parameter_value,81,83,3
code/model/intergen_eqscale_seq_optimized/build_e6_l1_comparison.py,main,86,236,151
code/model/intergen_eqscale_seq_optimized/build_e6_plain_comparison.py,parse_args,35,40,6
code/model/intergen_eqscale_seq_optimized/build_e6_plain_comparison.py,winner,43,47,5
code/model/intergen_eqscale_seq_optimized/build_e6_plain_comparison.py,write_csv,50,56,7
code/model/intergen_eqscale_seq_optimized/build_e6_plain_comparison.py,write_relative_gap_plot,59,82,24
code/model/intergen_eqscale_seq_optimized/build_e6_plain_comparison.py,metrics,85,121,37
code/model/intergen_eqscale_seq_optimized/build_e6_plain_comparison.py,main,124,243,120
code/model/intergen_eqscale_seq_optimized/build_e6_winner_diagnostics.py,parse_args,31,40,10
code/model/intergen_eqscale_seq_optimized/build_e6_winner_diagnostics.py,configure_environment,43,59,17
code/model/intergen_eqscale_seq_optimized/build_e6_winner_diagnostics.py,expected_arm,62,70,9
code/model/intergen_eqscale_seq_optimized/build_e6_winner_diagnostics.py,read_certified,73,91,19
code/model/intergen_eqscale_seq_optimized/build_e6_winner_diagnostics.py,certified_rows,94,100,7
code/model/intergen_eqscale_seq_optimized/build_e6_winner_diagnostics.py,write_csv,103,112,10
code/model/intergen_eqscale_seq_optimized/build_e6_winner_diagnostics.py,first_birth_age_diagnostic,115,236,122
code/model/intergen_eqscale_seq_optimized/build_e6_winner_diagnostics.py,main,239,388,150
code/model/intergen_eqscale_seq_optimized/build_e6_winner_diagnostics.py,grouped_share,204,205,2
code/model/intergen_eqscale_seq_optimized/calibration.py,external_entry_wealth_overrides,49,57,9
code/model/intergen_eqscale_seq_optimized/calibration.py,external_entry_wealth_overrides_1824,89,97,9
code/model/intergen_eqscale_seq_optimized/calibration.py,run_small_calibration,888,988,101
code/model/intergen_eqscale_seq_optimized/calibration.py,run_informed_smoke,991,1142,152
code/model/intergen_eqscale_seq_optimized/calibration.py,informed_smoke_candidates,1145,1194,50
code/model/intergen_eqscale_seq_optimized/calibration.py,base_overrides,1197,1223,27
code/model/intergen_eqscale_seq_optimized/calibration.py,lifecycle_overrides,1226,1241,16
code/model/intergen_eqscale_seq_optimized/calibration.py,age_to_period_number,1244,1245,2
code/model/intergen_eqscale_seq_optimized/calibration.py,draw_candidate,1248,1278,31
code/model/intergen_eqscale_seq_optimized/calibration.py,literal_topcode_tfr,1281,1294,14
code/model/intergen_eqscale_seq_optimized/calibration.py,extract_moments,1297,1512,216
code/model/intergen_eqscale_seq_optimized/calibration.py,housing_user_cost_share,1515,1536,22
code/model/intergen_eqscale_seq_optimized/calibration.py,get_target_set,1539,1544,6
code/model/intergen_eqscale_seq_optimized/calibration.py,get_target_system,1547,1550,4
code/model/intergen_eqscale_seq_optimized/calibration.py,get_target_moment_objects,1553,1569,17
code/model/intergen_eqscale_seq_optimized/calibration.py,diagnostic_loss,1572,1589,18
code/model/intergen_eqscale_seq_optimized/calibration.py,jsonable,1592,1603,12
code/model/intergen_eqscale_seq_optimized/cli.py,main,35,297,263
code/model/intergen_eqscale_seq_optimized/cli.py,one_market_overrides,300,316,17
code/model/intergen_eqscale_seq_optimized/cli.py,load_seed_theta,319,327,9
code/model/intergen_eqscale_seq_optimized/cli.py,smoke_overrides,330,350,21
code/model/intergen_eqscale_seq_optimized/cli.py,run_size_overrides,353,365,13
code/model/intergen_eqscale_seq_optimized/cli.py,lifecycle_overrides,368,382,15
code/model/intergen_eqscale_seq_optimized/cli.py,age_to_period_number,385,386,2
code/model/intergen_eqscale_seq_optimized/cli.py,summarize_solution,389,434,46
code/model/intergen_eqscale_seq_optimized/cli.py,_jsonable,437,446,10
code/model/intergen_eqscale_seq_optimized/collect_e1.py,parse_args,19,25,7
code/model/intergen_eqscale_seq_optimized/collect_e1.py,write_csv,28,37,10
code/model/intergen_eqscale_seq_optimized/collect_e1.py,eligible_tight,40,47,8
code/model/intergen_eqscale_seq_optimized/collect_e1.py,parameter_rows,50,97,48
code/model/intergen_eqscale_seq_optimized/collect_e1.py,main,100,184,85
code/model/intergen_eqscale_seq_optimized/collect_e5_probe.py,parse_args,20,24,5
code/model/intergen_eqscale_seq_optimized/collect_e5_probe.py,write_csv,27,32,6
code/model/intergen_eqscale_seq_optimized/collect_e5_probe.py,main,35,69,35
code/model/intergen_eqscale_seq_optimized/diagnostics.py,write_diagnostics,14,146,133
code/model/intergen_eqscale_seq_optimized/diagnostics.py,write_distribution_diagnostics,149,213,65
code/model/intergen_eqscale_seq_optimized/diagnostics.py,weighted_liquid_wealth,216,219,4
code/model/intergen_eqscale_seq_optimized/diagnostics.py,mean_housing_for_distribution,222,238,17
code/model/intergen_eqscale_seq_optimized/diagnostics.py,plot_age_by_income_state,241,264,24
code/model/intergen_eqscale_seq_optimized/diagnostics.py,write_policy_diagnostics,267,284,18
code/model/intergen_eqscale_seq_optimized/diagnostics.py,age_to_index,287,289,3
code/model/intergen_eqscale_seq_optimized/diagnostics.py,plot_policy_childless_renter,292,359,68
code/model/intergen_eqscale_seq_optimized/diagnostics.py,completed_fertility_measure,362,376,15
code/model/intergen_eqscale_seq_optimized/diagnostics.py,_summary,379,417,39
code/model/intergen_eqscale_seq_optimized/diagnostics.py,_dumps_json,420,434,15
code/model/intergen_eqscale_seq_optimized/diagnostics.py,convert,423,432,10
code/model/intergen_eqscale_seq_optimized/e1_profile.py,_survival_schedule,24,25,2
code/model/intergen_eqscale_seq_optimized/e1_profile.py,e1_overrides,27,43,17
code/model/intergen_eqscale_seq_optimized/e1_profile.py,e1_target_system,45,48,4
code/model/intergen_eqscale_seq_optimized/e5_maturation_repair.py,e5_maturation_repair_overrides,17,22,6
code/model/intergen_eqscale_seq_optimized/e5_maturation_repair.py,e5_maturation_repair_metadata,25,34,10
code/model/intergen_eqscale_seq_optimized/e5_profile.py,_weight,134,139,6
code/model/intergen_eqscale_seq_optimized/e5_profile.py,e5_target_system,164,172,9
code/model/intergen_eqscale_seq_optimized/e5_profile.py,e5_overrides,175,191,17
code/model/intergen_eqscale_seq_optimized/e5_young_ownership_profile.py,e5_young_ownership_target_system,56,70,15
code/model/intergen_eqscale_seq_optimized/e5_young_ownership_profile.py,e5_target_system_for_profile,73,82,10
code/model/intergen_eqscale_seq_optimized/e5f_floor_profile.py,e5f_overrides,28,37,10
code/model/intergen_eqscale_seq_optimized/e5f_floor_profile.py,e5f_metadata,40,54,15
code/model/intergen_eqscale_seq_optimized/e5f_income_entry_profile.py,e5f_income_entry_overrides,27,32,6
code/model/intergen_eqscale_seq_optimized/e5f_income_entry_profile.py,e5f_income_entry_metadata,35,46,12
code/model/intergen_eqscale_seq_optimized/e6_plain_weighting.py,target_relative_block_equal_weights,43,66,24
code/model/intergen_eqscale_seq_optimized/e6_plain_weighting.py,target_relative_block_equal_l1_weights,69,92,24
code/model/intergen_eqscale_seq_optimized/e6a_profile.py,terminal_decay,16,23,8
code/model/intergen_eqscale_seq_optimized/e6a_profile.py,e6a_overrides,26,34,9
code/model/intergen_eqscale_seq_optimized/e6a_profile.py,e6a_metadata,37,53,17
code/model/intergen_eqscale_seq_optimized/e6b_profile.py,permanent_income_levels,20,39,20
code/model/intergen_eqscale_seq_optimized/e6b_profile.py,e6b_overrides,42,66,25
code/model/intergen_eqscale_seq_optimized/e6b_profile.py,e6b_metadata,69,93,25
code/model/intergen_eqscale_seq_optimized/e6c_profile.py,e6c_overrides,25,27,3
code/model/intergen_eqscale_seq_optimized/e6c_profile.py,e6c_metadata,30,42,13
code/model/intergen_eqscale_seq_optimized/externals.py,flhsv_income_overrides,28,32,5
code/model/intergen_eqscale_seq_optimized/kernels.py,interp_scalar,31,51,21
code/model/intergen_eqscale_seq_optimized/kernels.py,eval_renter_scalar,55,75,21
code/model/intergen_eqscale_seq_optimized/kernels.py,golden_renter_kernel,79,118,40
code/model/intergen_eqscale_seq_optimized/kernels.py,eval_owner_scalar,122,128,7
code/model/intergen_eqscale_seq_optimized/kernels.py,golden_owner_kernel,132,171,40
code/model/intergen_eqscale_seq_optimized/kernels.py,scatter_vec_kernel,175,185,11
code/model/intergen_eqscale_seq_optimized/kernels.py,scatter_cols_kernel,189,201,13
code/model/intergen_eqscale_seq_optimized/kernels.py,scatter_cols_sameidx_kernel,205,217,13
code/model/intergen_eqscale_seq_optimized/kernels.py,interp_cols_kernel,221,248,28
code/model/intergen_eqscale_seq_optimized/kernels.py,interp_cols_preidx_kernel,252,260,9
code/model/intergen_eqscale_seq_optimized/kernels.py,_advance_mass_component,264,345,82
code/model/intergen_eqscale_seq_optimized/kernels.py,forward_distribution_fast_kernel,349,492,144
code/model/intergen_eqscale_seq_optimized/kernels.py,eval_renter_block_kernel,496,569,74
code/model/intergen_eqscale_seq_optimized/kernels.py,_interp_with_clip,573,592,20
code/model/intergen_eqscale_seq_optimized/kernels.py,tenure_choice_kernel,596,668,73
code/model/intergen_eqscale_seq_optimized/kernels.py,tenure_logit_kernel,672,757,86
code/model/intergen_eqscale_seq_optimized/kernels.py,full_renter_block_kernel,761,910,150
code/model/intergen_eqscale_seq_optimized/kernels.py,full_owner_block_kernel,914,1044,131
code/model/intergen_eqscale_seq_optimized/kernels.py,location_logit_kernel,1048,1102,55
code/model/intergen_eqscale_seq_optimized/kernels.py,eval_owner_block_kernel,1106,1159,54
code/model/intergen_eqscale_seq_optimized/kernels.py,njit,21,25,5
code/model/intergen_eqscale_seq_optimized/kernels.py,deco,22,23,2
code/model/intergen_eqscale_seq_optimized/local_panel.py,run_local_panel,50,273,224
code/model/intergen_eqscale_seq_optimized/local_panel.py,run_global_de_panel,276,507,232
code/model/intergen_eqscale_seq_optimized/local_panel.py,run_local_polish,510,822,313
code/model/intergen_eqscale_seq_optimized/local_panel.py,init_panel_worker,825,831,7
code/model/intergen_eqscale_seq_optimized/local_panel.py,run_local_panel_case,834,912,79
code/model/intergen_eqscale_seq_optimized/local_panel.py,local_panel_candidates,915,937,23
code/model/intergen_eqscale_seq_optimized/local_panel.py,latin_hypercube,940,945,6
code/model/intergen_eqscale_seq_optimized/local_panel.py,theta_from_global_unit,948,961,14
code/model/intergen_eqscale_seq_optimized/local_panel.py,global_unit_from_theta,964,984,21
code/model/intergen_eqscale_seq_optimized/local_panel.py,keep_internal_candidate,987,1004,18
code/model/intergen_eqscale_seq_optimized/local_panel.py,keep_internal_theta,1007,1010,4
code/model/intergen_eqscale_seq_optimized/local_panel.py,draw_internal_candidate,1013,1046,34
code/model/intergen_eqscale_seq_optimized/local_panel.py,income_process_overrides,1049,1116,68
code/model/intergen_eqscale_seq_optimized/local_panel.py,stationary_distribution,1119,1128,10
code/model/intergen_eqscale_seq_optimized/local_panel.py,income_process_fingerprint,1131,1141,11
code/model/intergen_eqscale_seq_optimized/local_panel.py,ranking_targets_without_age,1144,1147,4
code/model/intergen_eqscale_seq_optimized/local_panel.py,is_better_record,1150,1156,7
code/model/intergen_eqscale_seq_optimized/local_panel.py,record_is_strictly_converged,1159,1160,2
code/model/intergen_eqscale_seq_optimized/local_panel.py,de_candidate_is_acceptable,1163,1166,4
code/model/intergen_eqscale_seq_optimized/local_panel.py,record_selection_loss,1169,1173,5
code/model/intergen_eqscale_seq_optimized/local_panel.py,record_sort_key,1176,1181,6
code/model/intergen_eqscale_seq_optimized/local_panel.py,strict_records,1184,1185,2
code/model/intergen_eqscale_seq_optimized/local_panel.py,append_jsonl,1188,1190,3
code/model/intergen_eqscale_seq_optimized/local_panel.py,write_panel_summary_tables,1193,1220,28
code/model/intergen_eqscale_seq_optimized/local_panel.py,write_panel_plots,1223,1239,17
code/model/intergen_eqscale_seq_optimized/local_panel.py,plot_best_moment_fit,1242,1257,16
code/model/intergen_eqscale_seq_optimized/local_panel.py,plot_tradeoffs,1260,1290,31
code/model/intergen_eqscale_seq_optimized/local_panel.py,plot_loss_distribution,1293,1304,12
code/model/intergen_eqscale_seq_optimized/local_panel.py,write_best_case_diagnostics,1307,1337,31
code/model/intergen_eqscale_seq_optimized/local_panel.py,load_panel_records,1340,1347,8
code/model/intergen_eqscale_seq_optimized/local_panel.py,write_csv,1350,1358,9
code/model/intergen_eqscale_seq_optimized/local_panel.py,csv_cell,1361,1371,11
code/model/intergen_eqscale_seq_optimized/local_panel.py,first_scalar,1374,1383,10
code/model/intergen_eqscale_seq_optimized/local_panel.py,none_safe_sub,1386,1391,6
code/model/intergen_eqscale_seq_optimized/local_panel.py,submit_next,176,195,20
code/model/intergen_eqscale_seq_optimized/local_panel.py,evaluate,392,428,37
code/model/intergen_eqscale_seq_optimized/local_panel.py,loss_of,662,663,2
code/model/intergen_eqscale_seq_optimized/local_panel.py,evaluate,665,703,39
code/model/intergen_eqscale_seq_optimized/local_panel.py,can_eval,705,706,2
code/model/intergen_eqscale_seq_optimized/parameters.py,asdict,24,31,8
code/model/intergen_eqscale_seq_optimized/parameters.py,clone_ns,34,35,2
code/model/intergen_eqscale_seq_optimized/parameters.py,setup_parameters,38,303,266
code/model/intergen_eqscale_seq_optimized/parameters.py,build_calibration_setup,306,310,5
code/model/intergen_eqscale_seq_optimized/parameters.py,apply_overrides,313,614,302
code/model/intergen_eqscale_seq_optimized/parameters.py,unsecured_debt_floor,617,621,5
code/model/intergen_eqscale_seq_optimized/parameters.py,build_debt_caps,624,696,73
code/model/intergen_eqscale_seq_optimized/parameters.py,finalize_location_choice_spec,699,722,24
code/model/intergen_eqscale_seq_optimized/parameters.py,set_income_given_w_and_pension,725,738,14
code/model/intergen_eqscale_seq_optimized/parameters.py,resolve_pension_value,741,754,14
code/model/intergen_eqscale_seq_optimized/parameters.py,compute_stationary_worker_income,757,766,10
code/model/intergen_eqscale_seq_optimized/parameters.py,get_income_age_profile,769,788,20
code/model/intergen_eqscale_seq_optimized/parameters.py,get_fecundity_by_age,791,815,25
code/model/intergen_eqscale_seq_optimized/parameters.py,fecundity_active,818,819,2
code/model/intergen_eqscale_seq_optimized/parameters.py,readiness_gate_active,822,824,3
code/model/intergen_eqscale_seq_optimized/parameters.py,readiness_cumulative_probability,827,836,10
code/model/intergen_eqscale_seq_optimized/parameters.py,readiness_transition_hazard,839,849,11
code/model/intergen_eqscale_seq_optimized/parameters.py,readiness_childless_states,852,854,3
code/model/intergen_eqscale_seq_optimized/parameters.py,readiness_settled_state,857,859,3
code/model/intergen_eqscale_seq_optimized/parameters.py,independent_child_maturation_active,862,864,3
code/model/intergen_eqscale_seq_optimized/parameters.py,configure_child_state_process,867,888,22
code/model/intergen_eqscale_seq_optimized/parameters.py,make_independent_child_count_transition_matrix,891,922,32
code/model/intergen_eqscale_seq_optimized/parameters.py,make_child_transition_matrix_with_matured,925,949,25
code/model/intergen_eqscale_seq_optimized/parameters.py,make_persistent_transition_matrix,952,957,6
code/model/intergen_eqscale_seq_optimized/parameters.py,normalize_transition_matrix,960,974,15
code/model/intergen_eqscale_seq_optimized/parameters.py,_coerce_value,977,980,4
code/model/intergen_eqscale_seq_optimized/parity_panel_e1.py,solve,9,10,2
code/model/intergen_eqscale_seq_optimized/parity_panel_e1.py,main,11,16,6
code/model/intergen_eqscale_seq_optimized/production_profile.py,production_profile_metadata,93,120,28
code/model/intergen_eqscale_seq_optimized/production_profile.py,production_profile_overrides,123,167,45
code/model/intergen_eqscale_seq_optimized/production_profile.py,comparison_arm_switches,170,178,9
code/model/intergen_eqscale_seq_optimized/production_profile.py,validate_frozen_source_theta,181,191,11
code/model/intergen_eqscale_seq_optimized/production_profile.py,validate_production_profile,194,231,38
code/model/intergen_eqscale_seq_optimized/promotion_collect_e1.py,main,6,13,8
code/model/intergen_eqscale_seq_optimized/promotion_worker_e1.py,jsonable,12,17,6
code/model/intergen_eqscale_seq_optimized/promotion_worker_e1.py,evaluate,19,28,10
code/model/intergen_eqscale_seq_optimized/promotion_worker_e1.py,paired_fixed_price,30,33,4
code/model/intergen_eqscale_seq_optimized/promotion_worker_e1.py,main,35,53,19
code/model/intergen_eqscale_seq_optimized/run_e1_chain.py,load_runtime,140,154,15
code/model/intergen_eqscale_seq_optimized/run_e1_chain.py,transform,157,171,15
code/model/intergen_eqscale_seq_optimized/run_e1_chain.py,inverse,174,189,16
code/model/intergen_eqscale_seq_optimized/run_e1_chain.py,parse_args,192,225,34
code/model/intergen_eqscale_seq_optimized/run_e1_chain.py,seed_reproduction_gate,228,265,38
code/model/intergen_eqscale_seq_optimized/run_e1_chain.py,apply_probe_seed_overrides,268,283,16
code/model/intergen_eqscale_seq_optimized/run_e1_chain.py,build_seed_theta,286,343,58
code/model/intergen_eqscale_seq_optimized/run_e1_chain.py,theta_from_unit,346,351,6
code/model/intergen_eqscale_seq_optimized/run_e1_chain.py,unit_from_theta,354,361,8
code/model/intergen_eqscale_seq_optimized/run_e1_chain.py,survival_schedule,364,370,7
code/model/intergen_eqscale_seq_optimized/run_e1_chain.py,common_overrides,373,450,78
code/model/intergen_eqscale_seq_optimized/run_e1_chain.py,objective_loss,453,467,15
code/model/intergen_eqscale_seq_optimized/run_e1_chain.py,target_fit,470,484,15
code/model/intergen_eqscale_seq_optimized/run_e1_chain.py,main,487,831,345
code/model/intergen_eqscale_seq_optimized/run_e1_chain.py,score,701,702,2
code/model/intergen_eqscale_seq_optimized/run_e1_chain.py,can_eval,704,705,2
code/model/intergen_eqscale_seq_optimized/run_e1_chain.py,evaluate,707,735,29
code/model/intergen_eqscale_seq_optimized/run_e5_wealth_slice.py,comma_floats,22,26,5
code/model/intergen_eqscale_seq_optimized/run_e5_wealth_slice.py,parse_args,29,39,11
code/model/intergen_eqscale_seq_optimized/run_e5_wealth_slice.py,load_e5_chain,42,53,12
code/model/intergen_eqscale_seq_optimized/run_e5_wealth_slice.py,load_winner_theta,56,61,6
code/model/intergen_eqscale_seq_optimized/run_e5_wealth_slice.py,existing_nodes,64,68,5
code/model/intergen_eqscale_seq_optimized/run_e5_wealth_slice.py,main,71,108,38
code/model/intergen_eqscale_seq_optimized/run_e5b_autopsy.py,write_csv,29,34,6
code/model/intergen_eqscale_seq_optimized/run_e5b_autopsy.py,weighted_quantile,37,43,7
code/model/intergen_eqscale_seq_optimized/run_e5b_autopsy.py,load_chain,46,54,9
code/model/intergen_eqscale_seq_optimized/run_e5b_autopsy.py,theta,57,60,4
code/model/intergen_eqscale_seq_optimized/run_e5b_autopsy.py,solve,63,68,6
code/model/intergen_eqscale_seq_optimized/run_e5b_autopsy.py,verify,71,86,16
code/model/intergen_eqscale_seq_optimized/run_e5b_autopsy.py,ages,89,90,2
code/model/intergen_eqscale_seq_optimized/run_e5b_autopsy.py,state_arrays,93,101,9
code/model/intergen_eqscale_seq_optimized/run_e5b_autopsy.py,fertility_anatomy,104,143,40
code/model/intergen_eqscale_seq_optimized/run_e5b_autopsy.py,childless_tables,146,170,25
code/model/intergen_eqscale_seq_optimized/run_e5b_autopsy.py,entry_surface,173,192,20
code/model/intergen_eqscale_seq_optimized/run_e5b_autopsy.py,child_cost,195,226,32
code/model/intergen_eqscale_seq_optimized/run_e5b_autopsy.py,passthrough,229,243,15
code/model/intergen_eqscale_seq_optimized/run_e5b_autopsy.py,wealth_anatomy,246,262,17
code/model/intergen_eqscale_seq_optimized/run_e5b_autopsy.py,loss_forensics,265,276,12
code/model/intergen_eqscale_seq_optimized/run_e5b_autopsy.py,main,279,293,15
code/model/intergen_eqscale_seq_optimized/run_e5b_autopsy.py,util,211,214,4
code/model/intergen_eqscale_seq_optimized/run_e5f_floor_strict_smoke.py,parse_args,20,24,5
code/model/intergen_eqscale_seq_optimized/run_e5f_floor_strict_smoke.py,main,27,118,92
code/model/intergen_eqscale_seq_optimized/run_e6a_fecundity_tail_frontier.py,write_csv,34,40,7
code/model/intergen_eqscale_seq_optimized/run_e6a_fecundity_tail_frontier.py,load_chain,43,53,11
code/model/intergen_eqscale_seq_optimized/run_e6a_fecundity_tail_frontier.py,load_winner,56,59,4
code/model/intergen_eqscale_seq_optimized/run_e6a_fecundity_tail_frontier.py,terminal_decay_for_probability,62,75,14
code/model/intergen_eqscale_seq_optimized/run_e6a_fecundity_tail_frontier.py,schedules,78,116,39
code/model/intergen_eqscale_seq_optimized/run_e6a_fecundity_tail_frontier.py,target_fit,119,135,17
code/model/intergen_eqscale_seq_optimized/run_e6a_fecundity_tail_frontier.py,solve_case,138,159,22
code/model/intergen_eqscale_seq_optimized/run_e6a_fecundity_tail_frontier.py,verify_baseline,162,185,24
code/model/intergen_eqscale_seq_optimized/run_e6a_fecundity_tail_frontier.py,main,188,308,121
code/model/intergen_eqscale_seq_optimized/run_e6b_income_level_diagnostic.py,write_csv,30,36,7
code/model/intergen_eqscale_seq_optimized/run_e6b_income_level_diagnostic.py,load_chain,39,49,11
code/model/intergen_eqscale_seq_optimized/run_e6b_income_level_diagnostic.py,load_winner,52,55,4
code/model/intergen_eqscale_seq_optimized/run_e6b_income_level_diagnostic.py,variants,58,66,9
code/model/intergen_eqscale_seq_optimized/run_e6b_income_level_diagnostic.py,verify_baseline,69,85,17
code/model/intergen_eqscale_seq_optimized/run_e6b_income_level_diagnostic.py,main,88,214,127
code/model/intergen_eqscale_seq_optimized/run_e6c_projection_diagnostic.py,parse_args,29,33,5
code/model/intergen_eqscale_seq_optimized/run_e6c_projection_diagnostic.py,write_csv,36,45,10
code/model/intergen_eqscale_seq_optimized/run_e6c_projection_diagnostic.py,main,48,205,158
code/model/intergen_eqscale_seq_optimized/run_e6c_timing_jacobian.py,parse_args,33,39,7
code/model/intergen_eqscale_seq_optimized/run_e6c_timing_jacobian.py,configure_environment,42,52,11
code/model/intergen_eqscale_seq_optimized/run_e6c_timing_jacobian.py,write_csv,55,64,10
code/model/intergen_eqscale_seq_optimized/run_e6c_timing_jacobian.py,main,67,230,164
code/model/intergen_eqscale_seq_optimized/run_family_gap_scan.py,main,59,94,36
code/model/intergen_eqscale_seq_optimized/run_fertility_frontier_scan.py,cell_spec,67,88,22
code/model/intergen_eqscale_seq_optimized/run_fertility_frontier_scan.py,cell_overrides,91,136,46
code/model/intergen_eqscale_seq_optimized/run_fertility_frontier_scan.py,main,139,190,52
code/model/intergen_eqscale_seq_optimized/run_seq_smoke.py,parse_args,61,65,5
code/model/intergen_eqscale_seq_optimized/run_seq_smoke.py,target_fit,68,84,17
code/model/intergen_eqscale_seq_optimized/run_seq_smoke.py,compare_gate0,87,103,17
code/model/intergen_eqscale_seq_optimized/run_seq_smoke.py,main,106,177,72
code/model/intergen_eqscale_seq_optimized/solver.py,jsonable_feasibility_census,101,108,8
code/model/intergen_eqscale_seq_optimized/solver.py,debt_rule_at_age,111,118,8
code/model/intergen_eqscale_seq_optimized/solver.py,renter_borrowing_floor,121,124,4
code/model/intergen_eqscale_seq_optimized/solver.py,owner_borrowing_floor,127,142,16
code/model/intergen_eqscale_seq_optimized/solver.py,effective_owner_collateral_floor,145,161,17
code/model/intergen_eqscale_seq_optimized/solver.py,uses_outside_option_closure,164,165,2
code/model/intergen_eqscale_seq_optimized/solver.py,uses_accounting_scale_price_closure,168,170,3
code/model/intergen_eqscale_seq_optimized/solver.py,uses_benchmark_normalized_outside_closure,173,174,2
code/model/intergen_eqscale_seq_optimized/solver.py,uses_renewal_valve_closure,177,178,2
code/model/intergen_eqscale_seq_optimized/solver.py,uses_calibrated_renewal_valve_closure,181,183,3
code/model/intergen_eqscale_seq_optimized/solver.py,normalize_population_mass,186,189,4
code/model/intergen_eqscale_seq_optimized/solver.py,uses_income_types,192,193,2
code/model/intergen_eqscale_seq_optimized/solver.py,uses_markov_income,196,198,3
code/model/intergen_eqscale_seq_optimized/solver.py,income_type_values,201,208,8
code/model/intergen_eqscale_seq_optimized/solver.py,income_transition_values,211,223,13
code/model/intergen_eqscale_seq_optimized/solver.py,income_at_state,226,233,8
code/model/intergen_eqscale_seq_optimized/solver.py,birth_destination_child_state,236,245,10
code/model/intergen_eqscale_seq_optimized/solver.py,housing_demand_normalizer,248,251,4
code/model/intergen_eqscale_seq_optimized/solver.py,annual_gross_income_at_state,262,270,9
code/model/intergen_eqscale_seq_optimized/solver.py,uses_entry_wealth_income_ratio,273,274,2
code/model/intergen_eqscale_seq_optimized/solver.py,entry_wealth_ratio_distribution,277,291,15
code/model/intergen_eqscale_seq_optimized/solver.py,_linear_grid_weights_for_points,294,327,34
code/model/intergen_eqscale_seq_optimized/solver.py,_scalar_entry_wealth_grid_weights,330,396,67
code/model/intergen_eqscale_seq_optimized/solver.py,entry_wealth_grid_weights,399,419,21
code/model/intergen_eqscale_seq_optimized/solver.py,aggregate_entry_wealth_grid_weights,422,442,21
code/model/intergen_eqscale_seq_optimized/solver.py,_entry_value_on_nodes,445,455,11
code/model/intergen_eqscale_seq_optimized/solver.py,entry_values_by_location,458,497,40
code/model/intergen_eqscale_seq_optimized/solver.py,attach_entry_wealth_stats,500,524,25
code/model/intergen_eqscale_seq_optimized/solver.py,outside_option_entry_target,527,554,28
code/model/intergen_eqscale_seq_optimized/solver.py,city_entry_probabilities,557,564,8
code/model/intergen_eqscale_seq_optimized/solver.py,calibrate_outside_value_for_entry_total,567,583,17
code/model/intergen_eqscale_seq_optimized/solver.py,accounting_population_scale,586,707,122
code/model/intergen_eqscale_seq_optimized/solver.py,benchmark_normalized_outside_population_scale,710,856,147
code/model/intergen_eqscale_seq_optimized/solver.py,renewal_population_scale,859,994,136
code/model/intergen_eqscale_seq_optimized/solver.py,markov_market_housing_demand,997,1024,28
code/model/intergen_eqscale_seq_optimized/solver.py,attach_markov_market_accounting,1027,1048,22
code/model/intergen_eqscale_seq_optimized/solver.py,set_entry_masses,1051,1061,11
code/model/intergen_eqscale_seq_optimized/solver.py,run_model_cp_dt,1064,1142,79
code/model/intergen_eqscale_seq_optimized/solver.py,solve_markov_income_partial_equilibrium,1145,1159,15
code/model/intergen_eqscale_seq_optimized/solver.py,solve_markov_income_equilibrium,1162,1281,120
code/model/intergen_eqscale_seq_optimized/solver.py,refine_one_market_markov_income,1284,1499,216
code/model/intergen_eqscale_seq_optimized/solver.py,solve_markov_income_at_prices,1502,1549,48
code/model/intergen_eqscale_seq_optimized/solver.py,upgrade_fast_markov_solution,1552,1578,27
code/model/intergen_eqscale_seq_optimized/solver.py,make_income_type_params,1581,1597,17
code/model/intergen_eqscale_seq_optimized/solver.py,solve_income_type_partial_equilibrium,1600,1625,26
code/model/intergen_eqscale_seq_optimized/solver.py,solve_income_type_equilibrium,1628,1697,70
code/model/intergen_eqscale_seq_optimized/solver.py,aggregate_income_type_solutions,1700,1783,84
code/model/intergen_eqscale_seq_optimized/solver.py,solve_partial_equilibrium_dt,1786,1810,25
code/model/intergen_eqscale_seq_optimized/solver.py,solve_equilibrium,1813,2210,398
code/model/intergen_eqscale_seq_optimized/solver.py,precompute_shared,2213,2331,119
code/model/intergen_eqscale_seq_optimized/solver.py,solve_bellman_full,2334,2335,2
code/model/intergen_eqscale_seq_optimized/solver.py,solve_bellman_eval,2338,2341,4
code/model/intergen_eqscale_seq_optimized/solver.py,solve_bellman_full_markov_income,2344,2807,464
code/model/intergen_eqscale_seq_optimized/solver.py,solve_bellman_core,2810,3340,531
code/model/intergen_eqscale_seq_optimized/solver.py,golden_renter,3343,3362,20
code/model/intergen_eqscale_seq_optimized/solver.py,eval_renter,3365,3382,18
code/model/intergen_eqscale_seq_optimized/solver.py,golden_owner,3385,3404,20
code/model/intergen_eqscale_seq_optimized/solver.py,eval_owner,3407,3417,11
code/model/intergen_eqscale_seq_optimized/solver.py,build_forward_tenure_transition_maps,3420,3488,69
code/model/intergen_eqscale_seq_optimized/solver.py,realize_current_choices,3491,3568,78
code/model/intergen_eqscale_seq_optimized/solver.py,realize_current_choices_markov_income,3571,3601,31
code/model/intergen_eqscale_seq_optimized/solver.py,realize_current_cross_section,3604,3649,46
code/model/intergen_eqscale_seq_optimized/solver.py,assign_current_choices_to_beginning_assets,3652,3724,73
code/model/intergen_eqscale_seq_optimized/solver.py,assign_current_choices_to_beginning_assets_markov_income,3727,3749,23
code/model/intergen_eqscale_seq_optimized/solver.py,assign_current_cross_section_to_beginning_assets,3752,3787,36
code/model/intergen_eqscale_seq_optimized/solver.py,_dead_mass_census_at_age,3790,3863,74
code/model/intergen_eqscale_seq_optimized/solver.py,_gate_dead_mass_at_age,3866,3891,26
code/model/intergen_eqscale_seq_optimized/solver.py,_censor_entry_dead_mass,3894,3920,27
code/model/intergen_eqscale_seq_optimized/solver.py,forward_distribution,3923,4408,486
code/model/intergen_eqscale_seq_optimized/solver.py,forward_distribution_markov_income,4411,5096,686
code/model/intergen_eqscale_seq_optimized/solver.py,collapse_markov_policy,5099,5106,8
code/model/intergen_eqscale_seq_optimized/solver.py,collapse_markov_fertility_probs,5109,5123,15
code/model/intergen_eqscale_seq_optimized/solver.py,collapse_markov_location_probs,5126,5131,6
code/model/intergen_eqscale_seq_optimized/solver.py,advance_cohort_horizon_markov_income,5134,5176,43
code/model/intergen_eqscale_seq_optimized/solver.py,advance_cohort_one_period_markov_income,5179,5322,144
code/model/intergen_eqscale_seq_optimized/solver.py,mean_housing_childless_weighted_markov,5325,5343,19
code/model/intergen_eqscale_seq_optimized/solver.py,mean_housing_distribution_markov,5346,5363,18
code/model/intergen_eqscale_seq_optimized/solver.py,markov_renter_room_moments,5366,5431,66
code/model/intergen_eqscale_seq_optimized/solver.py,add_annual_gross_liquid_wealth_moments,5434,5500,67
code/model/intergen_eqscale_seq_optimized/solver.py,add_aggregate_wealth_gross_labor_diagnostics,5503,5586,84
code/model/intergen_eqscale_seq_optimized/solver.py,add_annual_gross_old_wealth_moments,5589,5678,90
code/model/intergen_eqscale_seq_optimized/solver.py,add_annual_gross_estate_wealth_moments,5681,5690,10
code/model/intergen_eqscale_seq_optimized/solver.py,add_old_nonhousing_income_share_moments,5693,5744,52
code/model/intergen_eqscale_seq_optimized/solver.py,add_old_wealth_income_moments,5747,5806,60
code/model/intergen_eqscale_seq_optimized/solver.py,compute_markov_statistics,5809,5975,167
code/model/intergen_eqscale_seq_optimized/solver.py,add_aggregate_wealth_bequest_flow_moments,5978,6041,64
code/model/intergen_eqscale_seq_optimized/solver.py,compute_markov_eq_stats,6044,6069,26
code/model/intergen_eqscale_seq_optimized/solver.py,compute_eq_stats,6072,6099,28
code/model/intergen_eqscale_seq_optimized/solver.py,age_to_index,6102,6104,3
code/model/intergen_eqscale_seq_optimized/solver.py,compute_statistics,6107,6741,635
code/model/intergen_eqscale_seq_optimized/solver.py,append_pension_budget_stats,6744,6757,14
code/model/intergen_eqscale_seq_optimized/solver.py,advance_cohort_horizon,6760,6800,41
code/model/intergen_eqscale_seq_optimized/solver.py,advance_cohort_one_period,6803,6913,111
code/model/intergen_eqscale_seq_optimized/solver.py,mean_housing_childless_weighted,6916,6930,15
code/model/intergen_eqscale_seq_optimized/solver.py,mean_housing_distribution,6933,6949,17
code/model/intergen_eqscale_seq_optimized/solver.py,apply_child_aging,6952,6987,36
code/model/intergen_eqscale_seq_optimized/solver.py,pack_solution_markov_income,6990,7067,78
code/model/intergen_eqscale_seq_optimized/solver.py,pack_fast_solution_markov_income,7070,7092,23
code/model/intergen_eqscale_seq_optimized/solver.py,pack_solution,7095,7145,51
code/model/intergen_eqscale_seq_optimized/solver.py,get_completed_fertility,7148,7167,20
code/model/intergen_eqscale_seq_optimized/solver.py,bequest_utility_vec,7170,7204,35
code/model/intergen_eqscale_seq_optimized/solver.py,pti_adjusted_downpayment,7207,7234,28
code/model/intergen_eqscale_seq_optimized/solver.py,has_birth_dp_grant,7237,7244,8
code/model/intergen_eqscale_seq_optimized/solver.py,get_phi_state_matrix,7247,7255,9
code/model/intergen_eqscale_seq_optimized/solver.py,get_phi_choice_tensor,7258,7272,15
code/model/intergen_eqscale_seq_optimized/solver.py,get_parent_target_locations,7275,7280,6
code/model/intergen_eqscale_seq_optimized/solver.py,get_parent_target_owner_tenures,7283,7288,6
code/model/intergen_eqscale_seq_optimized/solver.py,get_parent_target_child_states,7291,7301,11
code/model/intergen_eqscale_seq_optimized/solver.py,get_birth_entry_grant_tensor,7304,7330,27
code/model/intergen_eqscale_seq_optimized/solver.py,property_tax_revenue_from_distribution,7333,7348,16
code/model/intergen_eqscale_seq_optimized/solver.py,markov_grant_outlays,7351,7407,57
code/model/intergen_eqscale_seq_optimized/solver.py,current_child_bin_dt,7410,7428,19
code/model/intergen_eqscale_seq_optimized/solver.py,__init__,85,98,14
code/model/intergen_eqscale_seq_optimized/solver.py,tilted,363,368,6
code/model/intergen_eqscale_seq_optimized/solver.py,fast_solve,1189,1207,19
code/model/intergen_eqscale_seq_optimized/solver.py,eval_price,1309,1329,21
code/model/intergen_eqscale_seq_optimized/solver.py,sample_stats,5456,5484,29
code/model/intergen_eqscale_seq_optimized/solver.py,pooled_quantile,5659,5662,4
code/model/intergen_eqscale_seq_optimized/solver.py,mean,5795,5797,3
code/model/intergen_eqscale_seq_optimized/solver.py,median,5798,5800,3
code/model/intergen_eqscale_seq_optimized/solver.py,weighted_mean_from_cells,6478,6485,8
code/model/intergen_eqscale_seq_optimized/state_layout.py,from_parameters,20,29,10
code/model/intergen_eqscale_seq_optimized/state_layout.py,markov_shape,32,41,10
code/model/intergen_eqscale_seq_optimized/state_layout.py,nonmarkov_shape,44,52,9
code/model/intergen_eqscale_seq_optimized/state_layout.py,family_state_count,55,56,2
code/model/intergen_eqscale_seq_optimized/state_layout.py,encode_family_state,58,63,6
code/model/intergen_eqscale_seq_optimized/state_layout.py,decode_family_state,65,68,4
code/model/intergen_eqscale_seq_optimized/state_layout.py,require_markov_shape,70,72,3
code/model/intergen_eqscale_seq_optimized/target_system.py,from_mappings,21,35,15
code/model/intergen_eqscale_seq_optimized/target_system.py,count,38,39,2
code/model/intergen_eqscale_seq_optimized/target_system.py,fingerprint,42,52,11
code/model/intergen_eqscale_seq_optimized/target_system.py,targets_dict,54,55,2
code/model/intergen_eqscale_seq_optimized/target_system.py,weights_dict,57,58,2
code/model/intergen_eqscale_seq_optimized/target_system.py,loss,60,73,14
code/model/intergen_eqscale_seq_optimized/target_system.py,require_identified,75,80,6
code/model/intergen_eqscale_seq_optimized/utils.py,make_grid,10,54,45
code/model/intergen_eqscale_seq_optimized/utils.py,_pchip_slopes,57,84,28
code/model/intergen_eqscale_seq_optimized/utils.py,make_value_interp,87,121,35
code/model/intergen_eqscale_seq_optimized/utils.py,interp_indices,124,130,7
code/model/intergen_eqscale_seq_optimized/utils.py,interp_vector,133,135,3
code/model/intergen_eqscale_seq_optimized/utils.py,interp_on_grid,138,145,8
code/model/intergen_eqscale_seq_optimized/utils.py,interp_cols,148,156,9
code/model/intergen_eqscale_seq_optimized/utils.py,scatter_redistribute,159,164,6
code/model/intergen_eqscale_seq_optimized/utils.py,scatter_redistribute_cols,167,177,11
code/model/intergen_eqscale_seq_optimized/utils.py,scatter_redistribute_cols_sameidx,180,191,12
code/model/intergen_eqscale_seq_optimized/utils.py,logsumexp,194,199,6
code/model/intergen_eqscale_seq_optimized/utils.py,flat_nc,205,206,2
code/model/intergen_eqscale_seq_optimized/utils.py,unflat_nc,209,210,2
code/model/intergen_eqscale_seq_optimized/utils.py,decode_flat_family_state,213,220,8
code/model/intergen_eqscale_seq_optimized/utils.py,weighted_quantile,223,244,22
code/model/intergen_eqscale_seq_optimized/utils.py,weighted_median_from_cells,247,250,4
code/model/intergen_eqscale_seq_optimized/utils.py,dict_to_namespace,253,254,2
code/model/intergen_eqscale_seq_optimized/utils.py,_edge,71,77,7
code/model/intergen_eqscale_seq_optimized/utils.py,_f,107,118,12
code/model/intergen_eqscale_seq_optimized/tests/test_age_survival.py,test_age_survival_default_is_inert,10,13,4
code/model/intergen_eqscale_seq_optimized/tests/test_age_survival.py,test_age_survival_override_is_external_and_validated,15,25,11
code/model/intergen_eqscale_seq_optimized/tests/test_bequest_normalization.py,_params,11,21,11
code/model/intergen_eqscale_seq_optimized/tests/test_bequest_normalization.py,test_zero_estate_is_zero_for_every_family_size,25,29,5
code/model/intergen_eqscale_seq_optimized/tests/test_bequest_normalization.py,test_normalized_bequest_is_strictly_increasing_in_estate_wealth,31,34,4
code/model/intergen_eqscale_seq_optimized/tests/test_bequest_normalization.py,test_family_size_raises_marginal_value_when_theta_n_is_positive,36,46,11
code/model/intergen_eqscale_seq_optimized/tests/test_bequest_normalization.py,test_zero_child_shifter_makes_linear_spec_child_blind,48,54,7
code/model/intergen_eqscale_seq_optimized/tests/test_bequest_normalization.py,test_parent_gated_luxury_is_child_blind_on_the_intensive_margin,56,65,10
code/model/intergen_eqscale_seq_optimized/tests/test_bequest_normalization.py,test_parent_gate_rejects_unnormalized_crra_level,67,71,5
code/model/intergen_eqscale_seq_optimized/tests/test_bequest_normalization.py,test_equal_division_matches_normalized_child_level_formula,73,83,11
code/model/intergen_eqscale_seq_optimized/tests/test_bequest_normalization.py,test_equal_division_one_child_equals_parent_gated,85,91,7
code/model/intergen_eqscale_seq_optimized/tests/test_bequest_normalization.py,test_sigma_one_branch_uses_scaled_normalized_log_difference,93,98,6
code/model/intergen_eqscale_seq_optimized/tests/test_bequest_normalization.py,test_crra_branch_uses_scaled_normalized_power_difference,100,108,9
code/model/intergen_eqscale_seq_optimized/tests/test_bequest_normalization.py,test_legacy_branch_remains_available_for_fixed_parameter_ab,110,115,6
code/model/intergen_eqscale_seq_optimized/tests/test_bequest_normalization.py,test_estate_tax_is_applied_before_normalized_utility,117,128,12
code/model/intergen_eqscale_seq_optimized/tests/test_bequest_target_moments.py,test_aggregate_gross_ratio_uses_all_wealth_and_worker_earnings,27,54,28
code/model/intergen_eqscale_seq_optimized/tests/test_bequest_target_moments.py,test_age_profile_prorates_four_year_states_at_bin_boundaries,56,87,32
code/model/intergen_eqscale_seq_optimized/tests/test_bequest_target_moments.py,test_estate_targets_use_gross_home_value_and_live_parity_bins,89,145,57
code/model/intergen_eqscale_seq_optimized/tests/test_bequest_target_moments.py,test_old_wealth_moment_name_is_the_live_implementation,147,176,30
code/model/intergen_eqscale_seq_optimized/tests/test_bequest_target_moments.py,test_internal_target_set_replaces_three_legacy_old_age_moments,178,190,13
code/model/intergen_eqscale_seq_optimized/tests/test_bequest_target_moments.py,test_median_composition_target_set_keeps_estate_median_only,192,208,17
code/model/intergen_eqscale_seq_optimized/tests/test_bequest_target_moments.py,test_income_disciplined_target_set_swaps_composition_median_for_share,210,234,25
code/model/intergen_eqscale_seq_optimized/tests/test_bequest_target_moments.py,test_old_nonhousing_ge_1x_income_share_uses_raw_b_and_estate_window,236,265,30
code/model/intergen_eqscale_seq_optimized/tests/test_bequest_target_moments.py,_args,269,276,8
code/model/intergen_eqscale_seq_optimized/tests/test_bequest_target_moments.py,test_m4_estimates_both_remaining_de_nardi_parameters,278,298,21
code/model/intergen_eqscale_seq_optimized/tests/test_bequest_target_moments.py,test_m4_target_system_has_14_moments_including_rooms,300,309,10
code/model/intergen_eqscale_seq_optimized/tests/test_bequest_target_moments.py,test_m4_uses_ssa_survival_schedule,311,315,5
code/model/intergen_eqscale_seq_optimized/tests/test_bequest_target_moments.py,test_m4_rejects_silent_start_clipping,317,323,7
code/model/intergen_eqscale_seq_optimized/tests/test_bequest_target_moments.py,test_m5_frees_tenure_choice_kappa_with_wide_bequest_domains,325,349,25
code/model/intergen_eqscale_seq_optimized/tests/test_bequest_target_moments.py,test_m5_uses_ssa_survival_schedule,351,355,5
code/model/intergen_eqscale_seq_optimized/tests/test_bequest_target_moments.py,test_m5_rejects_silent_start_clipping,357,367,11
code/model/intergen_eqscale_seq_optimized/tests/test_bequest_target_moments.py,test_m5_target_system_has_15_moments_including_rooms,369,376,8
code/model/intergen_eqscale_seq_optimized/tests/test_bequest_target_moments.py,test_m5_income_and_entry_overrides,378,426,49
code/model/intergen_eqscale_seq_optimized/tests/test_bequest_target_moments.py,test_m4_profile_fixes_theta1_and_reestimates_other_coordinates,428,445,18
code/model/intergen_eqscale_seq_optimized/tests/test_bequest_target_moments.py,test_tight_repeat_must_be_bit_identical,449,462,14
code/model/intergen_eqscale_seq_optimized/tests/test_bequest_target_moments.py,test_nested_reference_proves_exact_strict_m1_seed,464,572,109
code/model/intergen_eqscale_seq_optimized/tests/test_bequest_target_moments.py,test_m5_nested_reference_and_acceptance_rows,574,703,130
code/model/intergen_eqscale_seq_optimized/tests/test_calendar_time_continuation.py,_tiny_markov,15,54,40
code/model/intergen_eqscale_seq_optimized/tests/test_calendar_time_continuation.py,_stationary_objects,57,62,6
code/model/intergen_eqscale_seq_optimized/tests/test_calendar_time_continuation.py,setUpClass,67,75,9
code/model/intergen_eqscale_seq_optimized/tests/test_calendar_time_continuation.py,solve,77,85,9
code/model/intergen_eqscale_seq_optimized/tests/test_calendar_time_continuation.py,test_absent_calendar_continuation_is_bitwise_inert,87,96,10
code/model/intergen_eqscale_seq_optimized/tests/test_calendar_time_continuation.py,test_stationary_value_is_calendar_time_fixed_point,98,107,10
code/model/intergen_eqscale_seq_optimized/tests/test_calendar_time_continuation.py,test_calendar_continuation_changes_only_nonterminal_recursion,109,121,13
code/model/intergen_eqscale_seq_optimized/tests/test_calendar_time_continuation.py,test_calendar_continuation_rejects_wrong_shape,123,127,5
code/model/intergen_eqscale_seq_optimized/tests/test_code_repair_20260709.py,_family_count_attr,50,52,3
code/model/intergen_eqscale_seq_optimized/tests/test_code_repair_20260709.py,_fixture,55,117,63
code/model/intergen_eqscale_seq_optimized/tests/test_code_repair_20260709.py,_mapped_values,120,121,2
code/model/intergen_eqscale_seq_optimized/tests/test_code_repair_20260709.py,test_working_age_mean_and_entry_value_match_frozen_source,125,149,25
code/model/intergen_eqscale_seq_optimized/tests/test_code_repair_20260709.py,test_lower_loss_nonconverged_record_cannot_win,153,161,9
code/model/intergen_eqscale_seq_optimized/tests/test_code_repair_20260709.py,test_de_population_never_accepts_invalid_candidate,163,167,5
code/model/intergen_eqscale_seq_optimized/tests/test_code_repair_20260709.py,test_named_production_profile_is_exact,169,206,38
code/model/intergen_eqscale_seq_optimized/tests/test_code_repair_20260709.py,test_profile_pins_dense_grid_and_runtime_metadata,208,240,33
code/model/intergen_eqscale_seq_optimized/tests/test_code_repair_20260709.py,test_exact_frozen_theta_and_comparison_switches,242,276,35
code/model/intergen_eqscale_seq_optimized/tests/test_code_repair_20260709.py,test_global_de_applies_named_production_profile,278,346,69
code/model/intergen_eqscale_seq_optimized/tests/test_code_repair_20260709.py,test_zero_grant_is_identical_to_historical_transaction_map,350,384,35
code/model/intergen_eqscale_seq_optimized/tests/test_code_repair_20260709.py,test_nonzero_grant_and_policy_hook_precedence_match_bellman,386,426,41
code/model/intergen_eqscale_seq_optimized/tests/test_code_repair_20260709.py,test_birth_and_purchase_are_visible_in_same_current_period,430,462,33
code/model/intergen_eqscale_seq_optimized/tests/test_code_repair_20260709.py,test_terminal_age_applies_current_housing_choice,464,480,17
code/model/intergen_eqscale_seq_optimized/tests/test_code_repair_20260709.py,test_beginning_assets_are_conditioned_on_current_buy_and_sell,482,502,21
code/model/intergen_eqscale_seq_optimized/tests/test_code_repair_20260709.py,test_one_period_transition_applies_transaction_saving_and_stage_once,504,529,26
code/model/intergen_eqscale_seq_optimized/tests/test_code_repair_20260709.py,test_markov_path_conserves_mass_and_transitions_income_once,531,572,42
code/model/intergen_eqscale_seq_optimized/tests/test_code_repair_20260709.py,fake_case,281,309,29
code/model/intergen_eqscale_seq_optimized/tests/test_combined_specification.py,test_scalar_h0_override_is_coerced_to_one_market_vector,11,13,3
code/model/intergen_eqscale_seq_optimized/tests/test_combined_specification.py,test_finance_rates_are_four_year_objects,15,20,6
code/model/intergen_eqscale_seq_optimized/tests/test_e4_packet_args.py,test_e4_winner_keys_are_accepted_only_by_e4_arm,23,28,6
code/model/intergen_eqscale_seq_optimized/tests/test_e4_packet_args.py,test_e4_arm_externals_use_power_scale_and_flhsv_income,31,35,5
code/model/intergen_eqscale_seq_optimized/tests/test_e4_packet_args.py,test_e4_postprocesses_defaults_without_changing_e2_defaults,38,48,11
code/model/intergen_eqscale_seq_optimized/tests/test_e5_profile.py,test_pending_timing_targets_refuse_to_build,19,24,6
code/model/intergen_eqscale_seq_optimized/tests/test_e5_profile.py,test_shipped_timing_targets_are_the_nchs_build_values,26,31,6
code/model/intergen_eqscale_seq_optimized/tests/test_e5_profile.py,test_rooms_target_uses_wave_aligned_four_year_contrast,33,45,13
code/model/intergen_eqscale_seq_optimized/tests/test_e5_profile.py,test_stationary_runner_refuses_dated_transition_target,47,68,22
code/model/intergen_eqscale_seq_optimized/tests/test_e5_profile.py,test_seed_reproduction_gate_compares_model_moments,70,85,16
code/model/intergen_eqscale_seq_optimized/tests/test_e5_profile.py,test_standard_diagnostic_uses_literal_top_group_measurement,87,99,13
code/model/intergen_eqscale_seq_optimized/tests/test_e5_profile.py,test_dummy_timing_targets_complete_twelve_row_contract,101,110,10
code/model/intergen_eqscale_seq_optimized/tests/test_e5_profile.py,test_wealth_flow_uses_gross_labor_earnings_without_payroll_wedge,112,130,19
code/model/intergen_eqscale_seq_optimized/tests/test_e5_profile.py,test_e5_smoke_metadata_with_injected_timing_targets,132,186,55
code/model/intergen_eqscale_seq_optimized/tests/test_e5_profile.py,test_collector_accepts_e5_contract,188,236,49
code/model/intergen_eqscale_seq_optimized/tests/test_e5_profile.py,test_e6a_external_has_no_added_free_parameter,238,252,15
code/model/intergen_eqscale_seq_optimized/tests/test_e5_profile.py,fake_runtime,152,166,15
code/model/intergen_eqscale_seq_optimized/tests/test_e5f_child_room_floor.py,_repaired_tiny,22,31,10
code/model/intergen_eqscale_seq_optimized/tests/test_e5f_child_room_floor.py,_parameters,34,46,13
code/model/intergen_eqscale_seq_optimized/tests/test_e5f_child_room_floor.py,test_e5f_contract_is_nine_parameters_against_same_twelve_targets,49,55,7
code/model/intergen_eqscale_seq_optimized/tests/test_e5f_child_room_floor.py,test_switch_off_and_zero_floor_are_bitwise_nested,58,82,25
code/model/intergen_eqscale_seq_optimized/tests/test_e5f_child_room_floor.py,test_floor_is_keyed_to_children_currently_at_home,85,101,17
code/model/intergen_eqscale_seq_optimized/tests/test_e5f_child_room_floor.py,test_first_child_jump_separates_level_from_additional_child_slope,104,120,17
code/model/intergen_eqscale_seq_optimized/tests/test_e5f_child_room_floor.py,test_renter_utility_respects_floor_and_diverges_at_boundary,123,141,19
code/model/intergen_eqscale_seq_optimized/tests/test_e5f_child_room_floor.py,test_owner_rungs_below_floor_are_dead_and_receive_no_mass,144,188,45
code/model/intergen_eqscale_seq_optimized/tests/test_e5f_child_room_floor.py,test_floor_cap_guard_accepts_domain_upper_bound_and_refuses_collision,191,201,11
code/model/intergen_eqscale_seq_optimized/tests/test_e5f_child_room_floor.py,value,131,138,8
code/model/intergen_eqscale_seq_optimized/tests/test_e5f_income_entry_profile.py,test_profile_adds_only_one_free_parameter,14,21,8
code/model/intergen_eqscale_seq_optimized/tests/test_e5f_income_entry_profile.py,test_profile_reuses_measured_permanent_income_process,24,34,11
code/model/intergen_eqscale_seq_optimized/tests/test_e5f_income_entry_profile.py,test_profile_metadata_separates_external_and_free_objects,37,40,4
code/model/intergen_eqscale_seq_optimized/tests/test_e5f_probe_contract.py,run_contract,15,36,22
code/model/intergen_eqscale_seq_optimized/tests/test_e5f_probe_contract.py,test_e5f_probe_can_fix_both_fertility_scales,39,54,16
code/model/intergen_eqscale_seq_optimized/tests/test_e5f_probe_contract.py,test_e5f_probe_is_default_off,57,67,11
code/model/intergen_eqscale_seq_optimized/tests/test_e5f_transition_calibration.py,test_transition_unit_round_trip,31,40,10
code/model/intergen_eqscale_seq_optimized/tests/test_e5f_transition_calibration.py,test_latin_hypercube_is_deterministic_and_stratified,43,50,8
code/model/intergen_eqscale_seq_optimized/tests/test_e5f_transition_calibration.py,test_panel_anchor_is_the_declared_working_point,53,69,17
code/model/intergen_eqscale_seq_optimized/tests/test_e5f_transition_calibration.py,test_coordinate_panel_moves_one_dimension_at_a_time,72,91,20
code/model/intergen_eqscale_seq_optimized/tests/test_e5f_transition_calibration.py,test_repaired_profile_adds_cost_and_measured_income,94,104,11
code/model/intergen_eqscale_seq_optimized/tests/test_e5f_transition_calibration.py,test_old_fertility_normalization_uses_a_local_bracket,107,141,35
code/model/intergen_eqscale_seq_optimized/tests/test_e5f_transition_calibration.py,fake_solve_ge,117,125,9
code/model/intergen_eqscale_seq_optimized/tests/test_e5f_transition_calibration.py,extract_moments,112,113,2
code/model/intergen_eqscale_seq_optimized/tests/test_e6_plain_weighting.py,test_each_block_has_equal_aggregate_weight_at_unit_relative_gap,14,21,8
code/model/intergen_eqscale_seq_optimized/tests/test_e6_plain_weighting.py,test_weights_follow_target_order,23,26,4
code/model/intergen_eqscale_seq_optimized/tests/test_e6_plain_weighting.py,test_l1_each_block_is_mean_absolute_proportional_gap,28,35,8
code/model/intergen_eqscale_seq_optimized/tests/test_e6_plain_weighting.py,test_l1_weights_follow_target_order,37,40,4
code/model/intergen_eqscale_seq_optimized/tests/test_e6_plain_weighting.py,test_contract_rejects_missing_row,42,48,7
code/model/intergen_eqscale_seq_optimized/tests/test_e6b_profile.py,test_permanent_level_rule_matches_mean_and_log_variance,20,29,10
code/model/intergen_eqscale_seq_optimized/tests/test_e6b_profile.py,test_combined_process_keeps_permanent_levels_fixed,32,46,15
code/model/intergen_eqscale_seq_optimized/tests/test_e6b_profile.py,test_e6b_overrides_pass_parameter_validation,49,55,7
code/model/intergen_eqscale_seq_optimized/tests/test_e6b_profile.py,test_e6b_metadata_discloses_external_identification,58,63,6
code/model/intergen_eqscale_seq_optimized/tests/test_e6b_profile.py,test_default_parameters_leave_permanent_levels_disabled,66,70,5
code/model/intergen_eqscale_seq_optimized/tests/test_e6b_profile.py,test_strict_collector_accepts_e6_contracts,74,148,75
code/model/intergen_eqscale_seq_optimized/tests/test_e6c_profile.py,readiness_parameters,28,36,9
code/model/intergen_eqscale_seq_optimized/tests/test_e6c_profile.py,test_readiness_profile_has_exactly_two_free_coordinates,39,48,10
code/model/intergen_eqscale_seq_optimized/tests/test_e6c_profile.py,test_logistic_readiness_arrival_is_irreversible_and_consistent,51,64,14
code/model/intergen_eqscale_seq_optimized/tests/test_e6c_profile.py,test_readiness_gate_requires_sequential_births,67,69,3
code/model/intergen_eqscale_seq_optimized/tests/test_e6c_profile.py,test_settled_childless_state_has_childless_flow_preferences,72,79,8
code/model/intergen_eqscale_seq_optimized/tests/test_e6c_profile.py,test_backward_readiness_transition_uses_unsettled_and_settled_values,82,103,22
code/model/intergen_eqscale_seq_optimized/tests/test_e6c_profile.py,test_default_off_precompute_is_bitwise_identical,106,117,12
code/model/intergen_eqscale_seq_optimized/tests/test_e6c_profile.py,test_winner_diagnostic_configures_combined_e6c_arm,120,129,10
code/model/intergen_eqscale_seq_optimized/tests/test_e6c_profile.py,test_strict_collector_accepts_twelve_parameter_e6c_contract,132,196,65
code/model/intergen_eqscale_seq_optimized/tests/test_entrant_feasibility.py,_array_sha256,40,41,2
code/model/intergen_eqscale_seq_optimized/tests/test_entrant_feasibility.py,_python_kernel,44,47,4
code/model/intergen_eqscale_seq_optimized/tests/test_entrant_feasibility.py,_mapped_values,50,51,2
code/model/intergen_eqscale_seq_optimized/tests/test_entrant_feasibility.py,_inert_overrides,54,88,35
code/model/intergen_eqscale_seq_optimized/tests/test_entrant_feasibility.py,_indebted_solution_overrides,91,102,12
code/model/intergen_eqscale_seq_optimized/tests/test_entrant_feasibility.py,_all_dead_overrides,105,137,33
code/model/intergen_eqscale_seq_optimized/tests/test_entrant_feasibility.py,test_debt_cap_construction_uses_income_and_exact_age_taper,141,164,24
code/model/intergen_eqscale_seq_optimized/tests/test_entrant_feasibility.py,test_debt_cap_income_mean_accepts_all_markov_transition_aliases,166,189,24
code/model/intergen_eqscale_seq_optimized/tests/test_entrant_feasibility.py,test_unsecured_floor_rolls_legacy_debt_and_opens_standing_line,191,199,9
code/model/intergen_eqscale_seq_optimized/tests/test_entrant_feasibility.py,test_owner_floor_does_not_count_the_mortgage_twice,201,219,19
code/model/intergen_eqscale_seq_optimized/tests/test_entrant_feasibility.py,test_owner_ltv_taper_reduces_next_period_collateral_capacity,221,235,15
code/model/intergen_eqscale_seq_optimized/tests/test_entrant_feasibility.py,test_indebted_renter_is_feasible_and_budget_identity_holds,239,281,43
code/model/intergen_eqscale_seq_optimized/tests/test_entrant_feasibility.py,test_owner_kernel_floor_sweep_and_budget_identity,283,329,47
code/model/intergen_eqscale_seq_optimized/tests/test_entrant_feasibility.py,test_seller_map_preserves_negative_post_liquidation_wealth,331,352,22
code/model/intergen_eqscale_seq_optimized/tests/test_entrant_feasibility.py,test_nonnegative_grid_default_credit_rule_is_bit_identical,356,384,29
code/model/intergen_eqscale_seq_optimized/tests/test_entrant_feasibility.py,setUpClass,389,395,7
code/model/intergen_eqscale_seq_optimized/tests/test_entrant_feasibility.py,test_negative_entrant_is_feasible_and_all_policies_respect_floors,397,419,23
code/model/intergen_eqscale_seq_optimized/tests/test_entrant_feasibility.py,test_taper_leaves_retired_renters_debt_free_and_owners_secured_only,421,443,23
code/model/intergen_eqscale_seq_optimized/tests/test_entrant_feasibility.py,test_python_owner_fallback_marks_raw_nonpositive_consumption_dead,447,484,38
code/model/intergen_eqscale_seq_optimized/tests/test_entrant_feasibility.py,test_markov_all_dead_masks_and_full_gate,486,512,27
code/model/intergen_eqscale_seq_optimized/tests/test_entrant_feasibility.py,test_all_dead_discrete_choice_rows_have_exactly_zero_probabilities,514,535,22
code/model/intergen_eqscale_seq_optimized/tests/test_entrant_feasibility.py,test_full_solve_rejects_positive_entry_mass_on_dead_state,537,542,6
code/model/intergen_eqscale_seq_optimized/tests/test_entrant_feasibility.py,test_local_panel_records_infeasible_theta_separately,544,571,28
code/model/intergen_eqscale_seq_optimized/tests/test_entry_target_contract.py,test_outside_origin_share_maps_to_candidate_specific_entry_probability,21,35,15
code/model/intergen_eqscale_seq_optimized/tests/test_entry_target_contract.py,test_infeasible_empirical_share_is_rejected,37,46,10
code/model/intergen_eqscale_seq_optimized/tests/test_entry_target_contract.py,test_floor_and_tilt_baselines_reproduce_scale_and_outside_share,50,74,25
code/model/intergen_eqscale_seq_optimized/tests/test_entry_target_contract.py,test_policy_scale_uses_fixed_retention_and_inflow_identity,76,95,20
code/model/intergen_eqscale_seq_optimized/tests/test_entry_target_contract.py,test_quota_mode_does_not_read_values_or_logit_objects,97,118,22
code/model/intergen_eqscale_seq_optimized/tests/test_entry_target_contract.py,test_retention_above_one_fails_loudly,120,129,10
code/model/intergen_eqscale_seq_optimized/tests/test_entry_target_contract.py,V,104,105,2
code/model/intergen_eqscale_seq_optimized/tests/test_eqscale_seq.py,_tiny_markov,17,33,17
code/model/intergen_eqscale_seq_optimized/tests/test_eqscale_seq.py,test_default_nesting_chain_is_bitwise_production,36,40,5
code/model/intergen_eqscale_seq_optimized/tests/test_eqscale_seq.py,test_sequential_accounting_pi_one,43,48,6
code/model/intergen_eqscale_seq_optimized/tests/test_eqscale_seq.py,test_sequential_second_birth_hazard_respects_fecundity,51,58,8
code/model/intergen_eqscale_seq_optimized/tests/test_eqscale_seq.py,test_kappa_continuation_default_is_bitwise_inert,61,70,10
code/model/intergen_eqscale_seq_optimized/tests/test_eqscale_seq.py,test_kappa_continuation_split_changes_attempt_margin,73,85,13
code/model/intergen_eqscale_seq_optimized/tests/test_eqscale_seq.py,test_kappa_continuation_ignored_without_sequential_births,88,93,6
code/model/intergen_eqscale_seq_optimized/tests/test_eqscale_seq.py,test_first_birth_fixed_cost_default_is_bitwise_inert,96,102,7
code/model/intergen_eqscale_seq_optimized/tests/test_eqscale_seq.py,test_first_birth_fixed_cost_raises_childlessness,105,115,11
code/model/intergen_eqscale_seq_optimized/tests/test_eqscale_seq.py,test_first_birth_fixed_cost_is_paid_only_when_birth_occurs,118,128,11
code/model/intergen_eqscale_seq_optimized/tests/test_eqscale_seq.py,test_eqscale_renter_allocation_and_childless_invariance,131,145,15
code/model/intergen_eqscale_seq_optimized/tests/test_eqscale_seq.py,test_eqscale_form_default_is_bitwise_inert,148,153,6
code/model/intergen_eqscale_seq_optimized/tests/test_eqscale_seq.py,test_eqscale_power_form_scale_values,156,166,11
code/model/intergen_eqscale_seq_optimized/tests/test_eqscale_seq.py,test_eqscale_power_form_changes_parent_cells_only_at_terminal_age,169,180,12
code/model/intergen_eqscale_seq_optimized/tests/test_eqscale_seq.py,test_eqscale_sigma_point_twenty_is_feasible,183,188,6
code/model/intergen_eqscale_seq_optimized/tests/test_eqscale_seq.py,test_sequential_preserves_childless_mass,191,199,9
code/model/intergen_eqscale_seq_optimized/tests/test_eqscale_seq.py,test_no_same_period_second_attempt,202,204,3
code/model/intergen_eqscale_seq_optimized/tests/test_eqscale_seq.py,test_second_birth_hazard_bounded,207,216,10
code/model/intergen_eqscale_seq_optimized/tests/test_eqscale_seq.py,test_sequential_first_birth_event_study_is_measured,219,221,3
code/model/intergen_eqscale_seq_optimized/tests/test_eqscale_seq.py,test_eval_renter_scalar_bitwise_vs_production_across_rents,224,234,11
code/model/intergen_eqscale_seq_optimized/tests/test_externals.py,test_flhsv_external_literals_and_income_overrides,14,27,14
code/model/intergen_eqscale_seq_optimized/tests/test_externals.py,test_v2_cell_one_uses_power_scale_and_flhsv_income,30,34,5
code/model/intergen_eqscale_seq_optimized/tests/test_externals.py,test_v3_entry_noise_cell_overrides_and_prior_designs_are_unchanged,37,58,22
code/model/intergen_eqscale_seq_optimized/tests/test_fecundity.py,_tiny_markov_overrides,15,53,39
code/model/intergen_eqscale_seq_optimized/tests/test_fecundity.py,test_fecundity_schedule_nesting_and_terminal_age,56,74,19
code/model/intergen_eqscale_seq_optimized/tests/test_fecundity.py,test_terminal_tail_gate_is_default_off_and_preserves_early_anchors,77,103,27
code/model/intergen_eqscale_seq_optimized/tests/test_fecundity.py,test_terminal_tail_gate_rejects_invalid_decay,106,115,10
code/model/intergen_eqscale_seq_optimized/tests/test_fecundity.py,test_default_fork_is_bitwise_nested_in_production,118,125,8
code/model/intergen_eqscale_seq_optimized/tests/test_fecundity.py,test_attempt_gate_realizes_half_of_attempt_hazard_and_conserves_mass,128,144,17
code/model/intergen_eqscale_seq_optimized/tests/test_fecundity.py,test_active_gate_rejects_nonmarkov_path,147,154,8
code/model/intergen_eqscale_seq_optimized/tests/test_independent_child_maturation.py,repaired_parameters,29,38,10
code/model/intergen_eqscale_seq_optimized/tests/test_independent_child_maturation.py,test_birth_destination_preserves_the_historical_shared_clock,41,47,7
code/model/intergen_eqscale_seq_optimized/tests/test_independent_child_maturation.py,test_two_child_transition_matches_independent_binomial_formula,50,61,12
code/model/intergen_eqscale_seq_optimized/tests/test_independent_child_maturation.py,test_repair_reuses_existing_dimension_and_preserves_parity_after_exit,64,70,7
code/model/intergen_eqscale_seq_optimized/tests/test_independent_child_maturation.py,test_preferences_depend_on_children_at_home_not_ever_born,73,86,14
code/model/intergen_eqscale_seq_optimized/tests/test_independent_child_maturation.py,test_policy_eligibility_covers_every_valid_parent_count,89,103,15
code/model/intergen_eqscale_seq_optimized/tests/test_independent_child_maturation.py,test_parity_progression_remains_available_after_older_child_leaves,106,115,10
code/model/intergen_eqscale_seq_optimized/tests/test_independent_child_maturation.py,test_transfer_and_budget_accounting_are_available_in_repaired_package,118,138,21
code/model/intergen_eqscale_seq_optimized/tests/test_independent_child_maturation.py,test_grant_outlays_sum_all_valid_at_home_counts,141,164,24
code/model/intergen_eqscale_seq_optimized/tests/test_literal_parity.py,_seq_eqscale,27,39,13
code/model/intergen_eqscale_seq_optimized/tests/test_literal_parity.py,test_gates_passed_at_defaults_are_inert,51,65,15
code/model/intergen_eqscale_seq_optimized/tests/test_literal_parity.py,test_completed_fertility_reads_parity,68,80,13
code/model/intergen_eqscale_seq_optimized/tests/test_literal_parity.py,test_child_bin_high_cutoff,83,89,7
code/model/intergen_eqscale_seq_optimized/tests/test_literal_parity.py,test_l4_solves_and_preserves_age_mass,92,101,10
code/model/intergen_eqscale_seq_optimized/tests/test_literal_parity.py,test_l4_no_same_period_chaining,104,109,6
code/model/intergen_eqscale_seq_optimized/tests/test_literal_parity.py,test_saved_birth_order_flows_use_normalized_population_units,112,124,13
code/model/intergen_eqscale_seq_optimized/tests/test_literal_parity.py,test_l4_third_birth_hazard_respects_fecundity,127,138,12
code/model/intergen_eqscale_seq_optimized/tests/test_literal_parity.py,test_entrant_conversion_factor_scales_accounting,141,151,11
code/model/intergen_eqscale_seq_optimized/tests/test_literal_parity.py,test_literal_topcode_tfr_arithmetic,154,159,6
code/model/intergen_eqscale_seq_optimized/tests/test_literal_parity.py,test_extract_moments_tfr_convention,162,171,10
code/model/intergen_eqscale_seq_optimized/tests/test_markov_renewal_closure.py,_renewal_parameters,15,28,14
code/model/intergen_eqscale_seq_optimized/tests/test_markov_renewal_closure.py,test_markov_market_demand_applies_renewal_scale,31,54,24
code/model/intergen_eqscale_seq_optimized/tests/test_markov_renewal_closure.py,test_attached_market_residual_uses_scaled_not_per_unit_demand,57,75,19
code/model/intergen_eqscale_seq_optimized/tests/test_markov_renewal_closure.py,test_tiny_markov_renewal_baseline_nests_normalized_equilibrium,78,133,56
code/model/intergen_eqscale_seq_optimized/tests/test_optimized_port.py,tiny,12,14,3
code/model/intergen_eqscale_seq_optimized/tests/test_optimized_port.py,test_direct_payload_restores_sequential_side_channel_after_stale_bellman,16,31,16
code/model/intergen_eqscale_seq_optimized/tests/test_optimized_port.py,test_integrated_direct_payload_freshness_after_last_price_is_rejected,34,59,26
code/model/intergen_eqscale_seq_optimized/tests/test_optimized_port.py,test_contracts_and_atomic_target_system,61,67,7
code/model/intergen_eqscale_seq_optimized/tests/test_optimized_port.py,test_default_nesting_flags_reproduce_production_bitwise,70,82,13
code/model/intergen_eqscale_seq_optimized/tests/test_optimized_port.py,test_direct_vs_legacy_tiny_e1_root_agreement_and_price_count,85,94,10
code/model/intergen_eqscale_seq_optimized/tests/test_optimized_port.py,test_repeat_price_cache_hit_preserves_result,97,107,11
code/model/intergen_eqscale_seq_optimized/tests/test_optimized_port.py,traced,41,44,4
code/model/intergen_eqscale_seq_optimized/tests/test_retirement_income_heterogeneity.py,test_default_retirement_income_is_common_across_income_states,10,13,4
code/model/intergen_eqscale_seq_optimized/tests/test_retirement_income_heterogeneity.py,test_retirement_income_scale_loads_persistent_state_and_preserves_mean,16,27,12
code/model/intergen_eqscale_seq_optimized/tests/test_retirement_income_heterogeneity.py,test_annual_gross_retirement_income_uses_same_multiplier_without_payroll_grossup,30,39,10
code/model/intergen_eqscale_seq_optimized/tests/test_retirement_income_heterogeneity.py,test_invalid_retirement_income_scale_is_rejected,42,44,3
code/model/intergen_eqscale_seq_optimized/tests/test_transfer_floor.py,_python_kernel,28,29,2
code/model/intergen_eqscale_seq_optimized/tests/test_transfer_floor.py,_renter_call,32,69,38
code/model/intergen_eqscale_seq_optimized/tests/test_transfer_floor.py,_owner_call,72,111,40
code/model/intergen_eqscale_seq_optimized/tests/test_transfer_floor.py,test_precompute_shared_builds_transfer_guarantees_in_f_order,114,126,13
code/model/intergen_eqscale_seq_optimized/tests/test_transfer_floor.py,test_renter_kernel_is_identical_off_and_matches_no_floor_formula,129,148,20
code/model/intergen_eqscale_seq_optimized/tests/test_transfer_floor.py,test_income_poor_negative_asset_node_is_revived_but_cap_still_binds,151,178,28
code/model/intergen_eqscale_seq_optimized/tests/test_transfer_floor.py,test_mortgage_leverage_does_not_trigger_transfer,181,203,23
code/model/intergen_eqscale_seq_optimized/tests/test_transfer_floor.py,test_owner_kernel_is_identical_off_and_floor_revives_node,206,224,19
code/model/intergen_housing_fertility_optimized/calibration.py,external_entry_wealth_overrides,49,57,9
code/model/intergen_housing_fertility_optimized/calibration.py,external_entry_wealth_overrides_1824,89,97,9
code/model/intergen_housing_fertility_optimized/calibration.py,run_small_calibration,949,1049,101
code/model/intergen_housing_fertility_optimized/calibration.py,run_informed_smoke,1052,1203,152
code/model/intergen_housing_fertility_optimized/calibration.py,informed_smoke_candidates,1206,1255,50
code/model/intergen_housing_fertility_optimized/calibration.py,base_overrides,1258,1284,27
code/model/intergen_housing_fertility_optimized/calibration.py,lifecycle_overrides,1287,1302,16
code/model/intergen_housing_fertility_optimized/calibration.py,age_to_period_number,1305,1306,2
code/model/intergen_housing_fertility_optimized/calibration.py,draw_candidate,1309,1339,31
code/model/intergen_housing_fertility_optimized/calibration.py,extract_moments,1342,1534,193
code/model/intergen_housing_fertility_optimized/calibration.py,housing_user_cost_share,1537,1558,22
code/model/intergen_housing_fertility_optimized/calibration.py,get_target_set,1561,1566,6
code/model/intergen_housing_fertility_optimized/calibration.py,get_target_system,1569,1573,5
code/model/intergen_housing_fertility_optimized/calibration.py,get_target_moment_objects,1576,1592,17
code/model/intergen_housing_fertility_optimized/calibration.py,diagnostic_loss,1595,1612,18
code/model/intergen_housing_fertility_optimized/calibration.py,jsonable,1615,1626,12
code/model/intergen_housing_fertility_optimized/diagnostics.py,write_diagnostics,12,144,133
code/model/intergen_housing_fertility_optimized/diagnostics.py,write_distribution_diagnostics,147,199,53
code/model/intergen_housing_fertility_optimized/diagnostics.py,weighted_liquid_wealth,202,205,4
code/model/intergen_housing_fertility_optimized/diagnostics.py,mean_housing_for_distribution,208,224,17
code/model/intergen_housing_fertility_optimized/diagnostics.py,plot_age_by_income_state,227,250,24
code/model/intergen_housing_fertility_optimized/diagnostics.py,write_policy_diagnostics,253,270,18
code/model/intergen_housing_fertility_optimized/diagnostics.py,age_to_index,273,275,3
code/model/intergen_housing_fertility_optimized/diagnostics.py,plot_policy_childless_renter,278,345,68
code/model/intergen_housing_fertility_optimized/diagnostics.py,_summary,348,386,39
code/model/intergen_housing_fertility_optimized/diagnostics.py,_dumps_json,389,403,15
code/model/intergen_housing_fertility_optimized/diagnostics.py,convert,392,401,10
code/model/intergen_housing_fertility_optimized/kernels.py,interp_scalar,31,51,21
code/model/intergen_housing_fertility_optimized/kernels.py,eval_renter_scalar,55,69,15
code/model/intergen_housing_fertility_optimized/kernels.py,golden_renter_kernel,73,112,40
code/model/intergen_housing_fertility_optimized/kernels.py,eval_owner_scalar,116,120,5
code/model/intergen_housing_fertility_optimized/kernels.py,golden_owner_kernel,124,163,40
code/model/intergen_housing_fertility_optimized/kernels.py,scatter_vec_kernel,167,177,11
code/model/intergen_housing_fertility_optimized/kernels.py,scatter_cols_kernel,181,193,13
code/model/intergen_housing_fertility_optimized/kernels.py,scatter_cols_sameidx_kernel,197,209,13
code/model/intergen_housing_fertility_optimized/kernels.py,interp_cols_kernel,213,240,28
code/model/intergen_housing_fertility_optimized/kernels.py,interp_cols_preidx_kernel,244,252,9
code/model/intergen_housing_fertility_optimized/kernels.py,_advance_mass_component,256,337,82
code/model/intergen_housing_fertility_optimized/kernels.py,forward_distribution_fast_kernel,341,484,144
code/model/intergen_housing_fertility_optimized/kernels.py,eval_renter_block_kernel,488,561,74
code/model/intergen_housing_fertility_optimized/kernels.py,_interp_with_clip,565,584,20
code/model/intergen_housing_fertility_optimized/kernels.py,tenure_choice_kernel,588,660,73
code/model/intergen_housing_fertility_optimized/kernels.py,tenure_logit_kernel,664,749,86
code/model/intergen_housing_fertility_optimized/kernels.py,full_renter_block_kernel,753,891,139
code/model/intergen_housing_fertility_optimized/kernels.py,full_owner_block_kernel,895,1013,119
code/model/intergen_housing_fertility_optimized/kernels.py,location_logit_kernel,1017,1071,55
code/model/intergen_housing_fertility_optimized/kernels.py,eval_owner_block_kernel,1075,1122,48
code/model/intergen_housing_fertility_optimized/kernels.py,njit,21,25,5
code/model/intergen_housing_fertility_optimized/kernels.py,deco,22,23,2
code/model/intergen_housing_fertility_optimized/local_panel.py,run_local_panel,50,273,224
code/model/intergen_housing_fertility_optimized/local_panel.py,run_global_de_panel,276,507,232
code/model/intergen_housing_fertility_optimized/local_panel.py,run_local_polish,510,822,313
code/model/intergen_housing_fertility_optimized/local_panel.py,init_panel_worker,825,831,7
code/model/intergen_housing_fertility_optimized/local_panel.py,run_local_panel_case,834,912,79
code/model/intergen_housing_fertility_optimized/local_panel.py,local_panel_candidates,915,937,23
code/model/intergen_housing_fertility_optimized/local_panel.py,latin_hypercube,940,945,6
code/model/intergen_housing_fertility_optimized/local_panel.py,theta_from_global_unit,948,961,14
code/model/intergen_housing_fertility_optimized/local_panel.py,global_unit_from_theta,964,984,21
code/model/intergen_housing_fertility_optimized/local_panel.py,keep_internal_candidate,987,1004,18
code/model/intergen_housing_fertility_optimized/local_panel.py,keep_internal_theta,1007,1010,4
code/model/intergen_housing_fertility_optimized/local_panel.py,draw_internal_candidate,1013,1046,34
code/model/intergen_housing_fertility_optimized/local_panel.py,income_process_overrides,1049,1116,68
code/model/intergen_housing_fertility_optimized/local_panel.py,stationary_distribution,1119,1128,10
code/model/intergen_housing_fertility_optimized/local_panel.py,income_process_fingerprint,1131,1141,11
code/model/intergen_housing_fertility_optimized/local_panel.py,ranking_targets_without_age,1144,1147,4
code/model/intergen_housing_fertility_optimized/local_panel.py,is_better_record,1150,1156,7
code/model/intergen_housing_fertility_optimized/local_panel.py,record_is_strictly_converged,1159,1160,2
code/model/intergen_housing_fertility_optimized/local_panel.py,de_candidate_is_acceptable,1163,1166,4
code/model/intergen_housing_fertility_optimized/local_panel.py,record_selection_loss,1169,1173,5
code/model/intergen_housing_fertility_optimized/local_panel.py,record_sort_key,1176,1181,6
code/model/intergen_housing_fertility_optimized/local_panel.py,strict_records,1184,1185,2
code/model/intergen_housing_fertility_optimized/local_panel.py,append_jsonl,1188,1190,3
code/model/intergen_housing_fertility_optimized/local_panel.py,write_panel_summary_tables,1193,1220,28
code/model/intergen_housing_fertility_optimized/local_panel.py,write_panel_plots,1223,1239,17
code/model/intergen_housing_fertility_optimized/local_panel.py,plot_best_moment_fit,1242,1257,16
code/model/intergen_housing_fertility_optimized/local_panel.py,plot_tradeoffs,1260,1290,31
code/model/intergen_housing_fertility_optimized/local_panel.py,plot_loss_distribution,1293,1304,12
code/model/intergen_housing_fertility_optimized/local_panel.py,write_best_case_diagnostics,1307,1337,31
code/model/intergen_housing_fertility_optimized/local_panel.py,load_panel_records,1340,1347,8
code/model/intergen_housing_fertility_optimized/local_panel.py,write_csv,1350,1358,9
code/model/intergen_housing_fertility_optimized/local_panel.py,csv_cell,1361,1371,11
code/model/intergen_housing_fertility_optimized/local_panel.py,first_scalar,1374,1383,10
code/model/intergen_housing_fertility_optimized/local_panel.py,none_safe_sub,1386,1391,6
code/model/intergen_housing_fertility_optimized/local_panel.py,submit_next,176,195,20
code/model/intergen_housing_fertility_optimized/local_panel.py,evaluate,392,428,37
code/model/intergen_housing_fertility_optimized/local_panel.py,loss_of,662,663,2
code/model/intergen_housing_fertility_optimized/local_panel.py,evaluate,665,703,39
code/model/intergen_housing_fertility_optimized/local_panel.py,can_eval,705,706,2
code/model/intergen_housing_fertility_optimized/m5_profile.py,_survival_schedule,51,57,7
code/model/intergen_housing_fertility_optimized/m5_profile.py,m5_overrides,60,96,37
code/model/intergen_housing_fertility_optimized/m5_profile.py,m5_target_system,99,102,4
code/model/intergen_housing_fertility_optimized/new_moment_profile.py,new_moment_target_system,63,70,8
code/model/intergen_housing_fertility_optimized/new_moment_profile.py,new_moment_overrides,73,79,7
code/model/intergen_housing_fertility_optimized/parameters.py,asdict,40,47,8
code/model/intergen_housing_fertility_optimized/parameters.py,clone_ns,50,51,2
code/model/intergen_housing_fertility_optimized/parameters.py,setup_parameters,54,259,206
code/model/intergen_housing_fertility_optimized/parameters.py,build_calibration_setup,262,266,5
code/model/intergen_housing_fertility_optimized/parameters.py,apply_overrides,269,483,215
code/model/intergen_housing_fertility_optimized/parameters.py,unsecured_debt_floor,486,490,5
code/model/intergen_housing_fertility_optimized/parameters.py,build_debt_caps,493,565,73
code/model/intergen_housing_fertility_optimized/parameters.py,finalize_location_choice_spec,568,591,24
code/model/intergen_housing_fertility_optimized/parameters.py,set_income_given_w_and_pension,594,607,14
code/model/intergen_housing_fertility_optimized/parameters.py,resolve_pension_value,610,623,14
code/model/intergen_housing_fertility_optimized/parameters.py,compute_stationary_worker_income,626,635,10
code/model/intergen_housing_fertility_optimized/parameters.py,get_income_age_profile,638,657,20
code/model/intergen_housing_fertility_optimized/parameters.py,make_child_transition_matrix_with_matured,660,684,25
code/model/intergen_housing_fertility_optimized/parameters.py,make_persistent_transition_matrix,687,692,6
code/model/intergen_housing_fertility_optimized/parameters.py,normalize_transition_matrix,695,709,15
code/model/intergen_housing_fertility_optimized/parameters.py,_coerce_value,712,715,4
code/model/intergen_housing_fertility_optimized/production_profile.py,production_profile_metadata,93,120,28
code/model/intergen_housing_fertility_optimized/production_profile.py,production_profile_overrides,123,167,45
code/model/intergen_housing_fertility_optimized/production_profile.py,comparison_arm_switches,170,178,9
code/model/intergen_housing_fertility_optimized/production_profile.py,validate_frozen_source_theta,181,191,11
code/model/intergen_housing_fertility_optimized/production_profile.py,validate_production_profile,194,231,38
code/model/intergen_housing_fertility_optimized/solver.py,jsonable_feasibility_census,93,100,8
code/model/intergen_housing_fertility_optimized/solver.py,debt_rule_at_age,103,110,8
code/model/intergen_housing_fertility_optimized/solver.py,renter_borrowing_floor,113,116,4
code/model/intergen_housing_fertility_optimized/solver.py,owner_borrowing_floor,119,134,16
code/model/intergen_housing_fertility_optimized/solver.py,effective_owner_collateral_floor,137,153,17
code/model/intergen_housing_fertility_optimized/solver.py,uses_outside_option_closure,156,157,2
code/model/intergen_housing_fertility_optimized/solver.py,uses_accounting_scale_price_closure,160,162,3
code/model/intergen_housing_fertility_optimized/solver.py,uses_benchmark_normalized_outside_closure,165,166,2
code/model/intergen_housing_fertility_optimized/solver.py,uses_renewal_valve_closure,169,170,2
code/model/intergen_housing_fertility_optimized/solver.py,uses_calibrated_renewal_valve_closure,173,175,3
code/model/intergen_housing_fertility_optimized/solver.py,normalize_population_mass,178,181,4
code/model/intergen_housing_fertility_optimized/solver.py,uses_income_types,184,185,2
code/model/intergen_housing_fertility_optimized/solver.py,uses_markov_income,188,190,3
code/model/intergen_housing_fertility_optimized/solver.py,income_type_values,193,200,8
code/model/intergen_housing_fertility_optimized/solver.py,income_transition_values,203,215,13
code/model/intergen_housing_fertility_optimized/solver.py,income_at_state,218,225,8
code/model/intergen_housing_fertility_optimized/solver.py,housing_demand_normalizer,228,231,4
code/model/intergen_housing_fertility_optimized/solver.py,annual_gross_income_at_state,242,250,9
code/model/intergen_housing_fertility_optimized/solver.py,uses_entry_wealth_income_ratio,253,254,2
code/model/intergen_housing_fertility_optimized/solver.py,entry_wealth_ratio_distribution,257,271,15
code/model/intergen_housing_fertility_optimized/solver.py,_linear_grid_weights_for_points,274,307,34
code/model/intergen_housing_fertility_optimized/solver.py,_scalar_entry_wealth_grid_weights,310,376,67
code/model/intergen_housing_fertility_optimized/solver.py,entry_wealth_grid_weights,379,399,21
code/model/intergen_housing_fertility_optimized/solver.py,aggregate_entry_wealth_grid_weights,402,422,21
code/model/intergen_housing_fertility_optimized/solver.py,_entry_value_on_nodes,425,435,11
code/model/intergen_housing_fertility_optimized/solver.py,entry_values_by_location,438,477,40
code/model/intergen_housing_fertility_optimized/solver.py,attach_entry_wealth_stats,480,504,25
code/model/intergen_housing_fertility_optimized/solver.py,outside_option_entry_target,507,534,28
code/model/intergen_housing_fertility_optimized/solver.py,city_entry_probabilities,537,544,8
code/model/intergen_housing_fertility_optimized/solver.py,calibrate_outside_value_for_entry_total,547,563,17
code/model/intergen_housing_fertility_optimized/solver.py,accounting_population_scale,566,687,122
code/model/intergen_housing_fertility_optimized/solver.py,benchmark_normalized_outside_population_scale,690,836,147
code/model/intergen_housing_fertility_optimized/solver.py,renewal_population_scale,839,974,136
code/model/intergen_housing_fertility_optimized/solver.py,set_entry_masses,977,987,11
code/model/intergen_housing_fertility_optimized/solver.py,run_model_cp_dt,990,1068,79
code/model/intergen_housing_fertility_optimized/solver.py,solve_markov_income_partial_equilibrium,1071,1085,15
code/model/intergen_housing_fertility_optimized/solver.py,solve_markov_income_equilibrium,1088,1218,131
code/model/intergen_housing_fertility_optimized/solver.py,refine_one_market_markov_income,1221,1475,255
code/model/intergen_housing_fertility_optimized/solver.py,solve_markov_income_at_prices,1478,1523,46
code/model/intergen_housing_fertility_optimized/solver.py,upgrade_fast_markov_solution,1526,1585,60
code/model/intergen_housing_fertility_optimized/solver.py,make_income_type_params,1588,1604,17
code/model/intergen_housing_fertility_optimized/solver.py,solve_income_type_partial_equilibrium,1607,1632,26
code/model/intergen_housing_fertility_optimized/solver.py,solve_income_type_equilibrium,1635,1704,70
code/model/intergen_housing_fertility_optimized/solver.py,aggregate_income_type_solutions,1707,1790,84
code/model/intergen_housing_fertility_optimized/solver.py,solve_partial_equilibrium_dt,1793,1817,25
code/model/intergen_housing_fertility_optimized/solver.py,solve_equilibrium,1820,2217,398
code/model/intergen_housing_fertility_optimized/solver.py,precompute_shared,2220,2284,65
code/model/intergen_housing_fertility_optimized/solver.py,solve_bellman_full,2287,2288,2
code/model/intergen_housing_fertility_optimized/solver.py,solve_bellman_eval,2291,2294,4
code/model/intergen_housing_fertility_optimized/solver.py,solve_bellman_full_markov_income,2297,2655,359
code/model/intergen_housing_fertility_optimized/solver.py,solve_bellman_core,2658,3164,507
code/model/intergen_housing_fertility_optimized/solver.py,golden_renter,3167,3186,20
code/model/intergen_housing_fertility_optimized/solver.py,eval_renter,3189,3199,11
code/model/intergen_housing_fertility_optimized/solver.py,golden_owner,3202,3221,20
code/model/intergen_housing_fertility_optimized/solver.py,eval_owner,3224,3231,8
code/model/intergen_housing_fertility_optimized/solver.py,build_forward_tenure_transition_maps,3234,3302,69
code/model/intergen_housing_fertility_optimized/solver.py,realize_current_choices,3305,3382,78
code/model/intergen_housing_fertility_optimized/solver.py,realize_current_choices_markov_income,3385,3415,31
code/model/intergen_housing_fertility_optimized/solver.py,realize_current_cross_section,3418,3463,46
code/model/intergen_housing_fertility_optimized/solver.py,assign_current_choices_to_beginning_assets,3466,3538,73
code/model/intergen_housing_fertility_optimized/solver.py,assign_current_choices_to_beginning_assets_markov_income,3541,3563,23
code/model/intergen_housing_fertility_optimized/solver.py,assign_current_cross_section_to_beginning_assets,3566,3601,36
code/model/intergen_housing_fertility_optimized/solver.py,_dead_mass_census_at_age,3604,3677,74
code/model/intergen_housing_fertility_optimized/solver.py,_gate_dead_mass_at_age,3680,3705,26
code/model/intergen_housing_fertility_optimized/solver.py,_censor_entry_dead_mass,3708,3734,27
code/model/intergen_housing_fertility_optimized/solver.py,forward_distribution,3737,4207,471
code/model/intergen_housing_fertility_optimized/solver.py,forward_distribution_markov_income,4210,4695,486
code/model/intergen_housing_fertility_optimized/solver.py,collapse_markov_policy,4698,4705,8
code/model/intergen_housing_fertility_optimized/solver.py,collapse_markov_fertility_probs,4708,4716,9
code/model/intergen_housing_fertility_optimized/solver.py,collapse_markov_location_probs,4719,4724,6
code/model/intergen_housing_fertility_optimized/solver.py,advance_cohort_horizon_markov_income,4727,4769,43
code/model/intergen_housing_fertility_optimized/solver.py,advance_cohort_one_period_markov_income,4772,4890,119
code/model/intergen_housing_fertility_optimized/solver.py,mean_housing_childless_weighted_markov,4893,4908,16
code/model/intergen_housing_fertility_optimized/solver.py,mean_housing_distribution_markov,4911,4928,18
code/model/intergen_housing_fertility_optimized/solver.py,markov_renter_room_moments,4931,4995,65
code/model/intergen_housing_fertility_optimized/solver.py,add_annual_gross_liquid_wealth_moments,4998,5063,66
code/model/intergen_housing_fertility_optimized/solver.py,add_annual_gross_old_wealth_moments,5066,5155,90
code/model/intergen_housing_fertility_optimized/solver.py,add_annual_gross_estate_wealth_moments,5158,5167,10
code/model/intergen_housing_fertility_optimized/solver.py,add_old_nonhousing_income_share_moments,5170,5221,52
code/model/intergen_housing_fertility_optimized/solver.py,add_old_wealth_income_moments,5224,5348,125
code/model/intergen_housing_fertility_optimized/solver.py,compute_markov_statistics,5351,5461,111
code/model/intergen_housing_fertility_optimized/solver.py,_weighted_ols,5464,5487,24
code/model/intergen_housing_fertility_optimized/solver.py,add_one_shot_cex_auxiliary_moments,5490,5635,146
code/model/intergen_housing_fertility_optimized/solver.py,markov_tenure_residual_variance,5638,5672,35
code/model/intergen_housing_fertility_optimized/solver.py,_weighted_fractional_logit,5675,5710,36
code/model/intergen_housing_fertility_optimized/solver.py,markov_model_feasible_tenure_brier,5713,5811,99
code/model/intergen_housing_fertility_optimized/solver.py,add_aggregate_wealth_bequest_flow_moments,5814,5976,163
code/model/intergen_housing_fertility_optimized/solver.py,compute_markov_eq_stats,5979,6004,26
code/model/intergen_housing_fertility_optimized/solver.py,compute_eq_stats,6007,6034,28
code/model/intergen_housing_fertility_optimized/solver.py,age_to_index,6037,6039,3
code/model/intergen_housing_fertility_optimized/solver.py,compute_statistics,6042,6622,581
code/model/intergen_housing_fertility_optimized/solver.py,append_pension_budget_stats,6625,6638,14
code/model/intergen_housing_fertility_optimized/solver.py,advance_cohort_horizon,6641,6681,41
code/model/intergen_housing_fertility_optimized/solver.py,advance_cohort_one_period,6684,6794,111
code/model/intergen_housing_fertility_optimized/solver.py,mean_housing_childless_weighted,6797,6811,15
code/model/intergen_housing_fertility_optimized/solver.py,mean_housing_distribution,6814,6830,17
code/model/intergen_housing_fertility_optimized/solver.py,apply_child_aging,6833,6856,24
code/model/intergen_housing_fertility_optimized/solver.py,pack_solution_markov_income,6859,6935,77
code/model/intergen_housing_fertility_optimized/solver.py,pack_fast_solution_markov_income,6938,6960,23
code/model/intergen_housing_fertility_optimized/solver.py,pack_solution,6963,7013,51
code/model/intergen_housing_fertility_optimized/solver.py,get_completed_fertility,7016,7024,9
code/model/intergen_housing_fertility_optimized/solver.py,bequest_utility_vec,7027,7061,35
code/model/intergen_housing_fertility_optimized/solver.py,pti_adjusted_downpayment,7064,7091,28
code/model/intergen_housing_fertility_optimized/solver.py,has_birth_dp_grant,7094,7099,6
code/model/intergen_housing_fertility_optimized/solver.py,get_phi_state_matrix,7102,7110,9
code/model/intergen_housing_fertility_optimized/solver.py,get_phi_choice_tensor,7113,7127,15
code/model/intergen_housing_fertility_optimized/solver.py,get_parent_target_locations,7130,7135,6
code/model/intergen_housing_fertility_optimized/solver.py,get_parent_target_owner_tenures,7138,7143,6
code/model/intergen_housing_fertility_optimized/solver.py,get_parent_target_child_states,7146,7153,8
code/model/intergen_housing_fertility_optimized/solver.py,get_birth_entry_grant_tensor,7156,7177,22
code/model/intergen_housing_fertility_optimized/solver.py,property_tax_revenue_from_distribution,7180,7197,18
code/model/intergen_housing_fertility_optimized/solver.py,markov_grant_outlays,7200,7249,50
code/model/intergen_housing_fertility_optimized/solver.py,current_child_bin_dt,7252,7260,9
code/model/intergen_housing_fertility_optimized/solver.py,__init__,77,90,14
code/model/intergen_housing_fertility_optimized/solver.py,tilted,343,348,6
code/model/intergen_housing_fertility_optimized/solver.py,fast_solve,1106,1129,24
code/model/intergen_housing_fertility_optimized/solver.py,eval_price,1250,1277,28
code/model/intergen_housing_fertility_optimized/solver.py,sample_stats,5019,5047,29
code/model/intergen_housing_fertility_optimized/solver.py,pooled_quantile,5136,5139,4
code/model/intergen_housing_fertility_optimized/solver.py,weighted_mean,5304,5308,5
code/model/intergen_housing_fertility_optimized/solver.py,weighted_median,5310,5312,3
code/model/intergen_housing_fertility_optimized/solver.py,weighted_mean_from_cells,6361,6368,8
code/model/intergen_housing_fertility_optimized/target_system.py,from_mappings,21,35,15
code/model/intergen_housing_fertility_optimized/target_system.py,count,38,39,2
code/model/intergen_housing_fertility_optimized/target_system.py,fingerprint,42,52,11
code/model/intergen_housing_fertility_optimized/target_system.py,targets_dict,54,55,2
code/model/intergen_housing_fertility_optimized/target_system.py,weights_dict,57,58,2
code/model/intergen_housing_fertility_optimized/target_system.py,loss,60,73,14
code/model/intergen_housing_fertility_optimized/target_system.py,require_identified,75,80,6
code/model/intergen_housing_fertility_optimized/utils.py,make_grid,10,54,45
code/model/intergen_housing_fertility_optimized/utils.py,_pchip_slopes,57,84,28
code/model/intergen_housing_fertility_optimized/utils.py,make_value_interp,87,121,35
code/model/intergen_housing_fertility_optimized/utils.py,interp_indices,124,130,7
code/model/intergen_housing_fertility_optimized/utils.py,interp_vector,133,135,3
code/model/intergen_housing_fertility_optimized/utils.py,interp_on_grid,138,145,8
code/model/intergen_housing_fertility_optimized/utils.py,interp_cols,148,156,9
code/model/intergen_housing_fertility_optimized/utils.py,scatter_redistribute,159,164,6
code/model/intergen_housing_fertility_optimized/utils.py,scatter_redistribute_cols,167,177,11
code/model/intergen_housing_fertility_optimized/utils.py,scatter_redistribute_cols_sameidx,180,191,12
code/model/intergen_housing_fertility_optimized/utils.py,logsumexp,194,199,6
code/model/intergen_housing_fertility_optimized/utils.py,flat_nc,205,206,2
code/model/intergen_housing_fertility_optimized/utils.py,unflat_nc,209,210,2
code/model/intergen_housing_fertility_optimized/utils.py,decode_flat_family_state,213,226,14
code/model/intergen_housing_fertility_optimized/utils.py,weighted_quantile,229,250,22
code/model/intergen_housing_fertility_optimized/utils.py,weighted_median_from_cells,253,256,4
code/model/intergen_housing_fertility_optimized/utils.py,dict_to_namespace,259,260,2
code/model/intergen_housing_fertility_optimized/utils.py,_edge,71,77,7
code/model/intergen_housing_fertility_optimized/utils.py,_f,107,118,12
code/model/tools/audit_closed_reproductive_closure.py,jsonable,60,71,12
code/model/tools/audit_closed_reproductive_closure.py,write_json,74,76,3
code/model/tools/audit_closed_reproductive_closure.py,write_csv,79,91,13
code/model/tools/audit_closed_reproductive_closure.py,configure_environment,94,103,10
code/model/tools/audit_closed_reproductive_closure.py,load_chain,106,114,9
code/model/tools/audit_closed_reproductive_closure.py,load_winner,117,129,13
code/model/tools/audit_closed_reproductive_closure.py,theta_from_winner,132,133,2
code/model/tools/audit_closed_reproductive_closure.py,make_overrides,136,151,16
code/model/tools/audit_closed_reproductive_closure.py,solve_ge,154,157,4
code/model/tools/audit_closed_reproductive_closure.py,solve_pe,160,173,14
code/model/tools/audit_closed_reproductive_closure.py,solve_fiscally_balanced,176,238,63
code/model/tools/audit_closed_reproductive_closure.py,shared_clock_mature_flows_by_parity,241,269,29
code/model/tools/audit_closed_reproductive_closure.py,topcode_consistent_renewal_accounting,272,373,102
code/model/tools/audit_closed_reproductive_closure.py,readout,376,434,59
code/model/tools/audit_closed_reproductive_closure.py,verify_source_solution,437,448,12
code/model/tools/audit_closed_reproductive_closure.py,checkpoint,451,455,5
code/model/tools/audit_closed_reproductive_closure.py,monotone,458,460,3
code/model/tools/audit_closed_reproductive_closure.py,log_slope,463,469,7
code/model/tools/audit_closed_reproductive_closure.py,bisection,472,509,38
code/model/tools/audit_closed_reproductive_closure.py,parameter_rows,512,547,36
code/model/tools/audit_closed_reproductive_closure.py,run_architecture_only,550,579,30
code/model/tools/audit_closed_reproductive_closure.py,make_schedule_plot,582,631,50
code/model/tools/audit_closed_reproductive_closure.py,make_plots,634,706,73
code/model/tools/audit_closed_reproductive_closure.py,main,709,1165,457
code/model/tools/audit_closed_reproductive_closure.py,solve_at,188,195,8
code/model/tools/audit_closed_reproductive_closure.py,residual,197,198,2
code/model/tools/audit_closed_reproductive_closure.py,evaluate,997,1013,17
code/model/tools/audit_closed_reproductive_closure.py,evaluate_root,896,932,37
code/model/tools/run_dynamic_population_transition.py,parse_args,125,168,44
code/model/tools/run_dynamic_population_transition.py,jsonable,171,182,12
code/model/tools/run_dynamic_population_transition.py,distribution_health,185,203,19
code/model/tools/run_dynamic_population_transition.py,write_json_atomic,206,210,5
code/model/tools/run_dynamic_population_transition.py,write_csv,213,221,9
code/model/tools/run_dynamic_population_transition.py,load_selected_source,224,237,14
code/model/tools/run_dynamic_population_transition.py,build_transition_maps,240,271,32
code/model/tools/run_dynamic_population_transition.py,policy_from_solution,274,293,20
code/model/tools/run_dynamic_population_transition.py,solve_policy,296,321,26
code/model/tools/run_dynamic_population_transition.py,entrant_cohort,324,342,19
code/model/tools/run_dynamic_population_transition.py,gate_pre_fertility_distribution,345,375,31
code/model/tools/run_dynamic_population_transition.py,apply_fertility,378,400,23
code/model/tools/run_dynamic_population_transition.py,housing_demand_by_location,403,418,16
code/model/tools/run_dynamic_population_transition.py,evaluate_period,421,463,43
code/model/tools/run_dynamic_population_transition.py,clear_scalar_housing_market,466,544,79
code/model/tools/run_dynamic_population_transition.py,reconstruct_stationary_pre_fertility,547,589,43
code/model/tools/run_dynamic_population_transition.py,load_initial_state_packet,592,733,142
code/model/tools/run_dynamic_population_transition.py,normalize_date0_housing_supply,736,779,44
code/model/tools/run_dynamic_population_transition.py,advance_calendar_distribution,782,852,71
code/model/tools/run_dynamic_population_transition.py,baseline_operator_gates,855,901,47
code/model/tools/run_dynamic_population_transition.py,distribution_rows,904,946,43
code/model/tools/run_dynamic_population_transition.py,run_scenario,949,1156,208
code/model/tools/run_dynamic_population_transition.py,reproduction_readout,1159,1184,26
code/model/tools/run_dynamic_population_transition.py,fixed_price_root_audit,1187,1256,70
code/model/tools/run_dynamic_population_transition.py,make_plots,1259,1346,88
code/model/tools/run_dynamic_population_transition.py,write_run_readme,1349,1414,66
code/model/tools/run_dynamic_population_transition.py,main,1417,1766,350
code/model/tools/run_dynamic_population_transition.py,__init__,96,98,3
code/model/tools/run_dynamic_population_transition.py,total,101,102,2
code/model/tools/run_dynamic_population_transition.py,quantity,114,122,9
code/model/tools/run_dynamic_population_transition.py,full,481,491,11
code/model/tools/run_dynamic_population_transition.py,signed,493,494,2
code/model/tools/run_dynamic_population_transition.py,evaluate,1200,1206,7
code/model/tools/run_e5f_open_population_transition.py,parse_args,141,285,145
code/model/tools/run_e5f_open_population_transition.py,jsonable,288,299,12
code/model/tools/run_e5f_open_population_transition.py,effective_birth_to_household_conversion,302,311,10
code/model/tools/run_e5f_open_population_transition.py,stationary_renewal_from_births,314,348,35
code/model/tools/run_e5f_open_population_transition.py,advance_birth_vintage_queue,351,370,20
code/model/tools/run_e5f_open_population_transition.py,preference_shifter_at_date,373,387,15
code/model/tools/run_e5f_open_population_transition.py,acs_2007_age_reweight_diagnostic,390,511,122
code/model/tools/run_e5f_open_population_transition.py,reweight_distribution_to_acs_2007_ages,514,533,20
code/model/tools/run_e5f_open_population_transition.py,census_household_model_age_levels,536,546,11
code/model/tools/run_e5f_open_population_transition.py,census_household_target_indices,549,556,8
code/model/tools/run_e5f_open_population_transition.py,census_household_age_target_years,559,564,6
code/model/tools/run_e5f_open_population_transition.py,reweight_distribution_to_observed_age_path,567,650,84
code/model/tools/run_e5f_open_population_transition.py,write_json,653,660,8
code/model/tools/run_e5f_open_population_transition.py,configure_sequential_model,663,670,8
code/model/tools/run_e5f_open_population_transition.py,apply_sequential_fertility,673,736,64
code/model/tools/run_e5f_open_population_transition.py,calendar_topcode_birth_accounting,739,774,36
code/model/tools/run_e5f_open_population_transition.py,children_at_home_units,777,784,8
code/model/tools/run_e5f_open_population_transition.py,normalize_pure_transition_mass_roundoff,787,824,38
code/model/tools/run_e5f_open_population_transition.py,advance_sequential_calendar_distribution,827,899,73
code/model/tools/run_e5f_open_population_transition.py,independent_child_distribution_rows,902,944,43
code/model/tools/run_e5f_open_population_transition.py,operator_gates,947,1016,70
code/model/tools/run_e5f_open_population_transition.py,run_birth_vintage_scenario,1019,1505,487
code/model/tools/run_e5f_open_population_transition.py,solve_stationary_open_endpoint,1508,1693,186
code/model/tools/run_e5f_open_population_transition.py,make_paper_transition_plot,1696,1762,67
code/model/tools/run_e5f_open_population_transition.py,make_population_target_accounting_plot,1765,1848,84
code/model/tools/run_e5f_open_population_transition.py,download_fred_annual_comparison,1875,1937,63
code/model/tools/run_e5f_open_population_transition.py,make_historical_comparison,1940,2129,190
code/model/tools/run_e5f_open_population_transition.py,main,2132,2706,575
code/model/tools/run_e5f_open_population_transition.py,evaluate,1543,1615,73
code/model/tools/run_e5f_transition_calibration.py,parse_args,71,202,132
code/model/tools/run_e5f_transition_calibration.py,jsonable,205,216,12
code/model/tools/run_e5f_transition_calibration.py,write_json,219,226,8
code/model/tools/run_e5f_transition_calibration.py,parse_candidates,229,233,5
code/model/tools/run_e5f_transition_calibration.py,transform_unit,236,248,13
code/model/tools/run_e5f_transition_calibration.py,inverse_unit,251,265,15
code/model/tools/run_e5f_transition_calibration.py,latin_hypercube,268,275,8
code/model/tools/run_e5f_transition_calibration.py,transition_unit_from_candidate,278,290,13
code/model/tools/run_e5f_transition_calibration.py,candidate_from_transition_unit,293,310,18
code/model/tools/run_e5f_transition_calibration.py,panel_candidate,313,409,97
code/model/tools/run_e5f_transition_calibration.py,source_sha256,412,413,2
code/model/tools/run_e5f_transition_calibration.py,code_fingerprint_contract,416,436,21
code/model/tools/run_e5f_transition_calibration.py,activate_model_profile,439,466,28
code/model/tools/run_e5f_transition_calibration.py,configure_first_child_room_jump,469,517,49
code/model/tools/run_e5f_transition_calibration.py,validated_structural_stationary_age_mass,520,569,50
code/model/tools/run_e5f_transition_calibration.py,normalize_distribution_mass_roundoff,572,607,36
code/model/tools/run_e5f_transition_calibration.py,solve_old_steady_state,610,718,109
code/model/tools/run_e5f_transition_calibration.py,first_birth_accounting_by_age,721,752,32
code/model/tools/run_e5f_transition_calibration.py,first_birth_flows_by_age,755,760,6
code/model/tools/run_e5f_transition_calibration.py,period_fertility_diagnostics,763,876,114
code/model/tools/run_e5f_transition_calibration.py,first_birth_housing_response,879,1003,125
code/model/tools/run_e5f_transition_calibration.py,begin_dated_first_birth_housing_branch,1006,1124,119
code/model/tools/run_e5f_transition_calibration.py,finish_dated_first_birth_housing_branch,1127,1253,127
code/model/tools/run_e5f_transition_calibration.py,target_age_fertility_moments,1256,1277,22
code/model/tools/run_e5f_transition_calibration.py,transition_cross_section_moments,1280,1325,46
code/model/tools/run_e5f_transition_calibration.py,cohort_timing_moments,1328,1465,138
code/model/tools/run_e5f_transition_calibration.py,target_fit_rows,1468,1497,30
code/model/tools/run_e5f_transition_calibration.py,parameter_rows,1500,1561,62
code/model/tools/run_e5f_transition_calibration.py,make_diagnostic_plot,1564,1624,61
code/model/tools/run_e5f_transition_calibration.py,main,1627,2662,1036
code/model/tools/run_e5f_transition_calibration.py,evaluate,622,642,21
code/model/tools/run_e5f_transition_calibration.py,advance,1052,1091,40
code/model/tools/run_e5f_transition_calibration.py,observer,2073,2130,58
