{
  "Nb": 40,
  "n_masked_node_rows": 1046,
  "solver_sol": {
    "mean_parity": 0.9256655412685797,
    "tfr": 1.8513310825371594,
    "childless_rate": 0.252003756219782,
    "total_births_kfe": 0.05445091419227433
  },
  "baseline_rerun": {
    "mean_parity": 0.9256655412685797,
    "tfr": 1.8513310825371594,
    "childless_rate": 0.252003756219782,
    "total_births_kfe": 0.05445091419227433
  },
  "masked_infeasible_fert": {
    "mean_parity": 0.8258390591280047,
    "tfr": 1.6516781182560094,
    "childless_rate": 0.29862899557313777,
    "total_births_kfe": 0.048578768184012286
  },
  "invalid_childless_j0_mass_baseline_postreshuffle_n0": 0.0040370920122424,
  "artifact_birth_share_of_total": 0.10784292780699001
}