case_id,actual_weight,calibrated_smm,definition,empirical_builder,empirical_provenance_contract,empirical_provenance_contract_id,empirical_record_id,empirical_source_path,empirical_standard_error,evaluation_input,gap,label,loss_contribution,model,model_available,model_checkpoint_sha256,model_observation,model_source_json_location,model_source_path,reference_inverse_squared_synthetic_scale,reference_inverse_variance,restriction_id,role,sample,sample_provenance,scored,synthetic_scale,target,uncertainty_status,warning,weight_decision_source,weight_rationale,weight_status,working_scale,authoritative_record,sample_weights,residence_filter_caution,clustering,fixed_effects,geography,common_acs_sample,maintained_model_approximation
baseline_smoke,,False,"Author-selected stationary model normalization, using maintained top-parity representative; not empirical female period TFR","Author-selected model normalization, not empirical estimation",/Users/tommasodesanto/Desktop/Projects/Fertility/Fertility_Spring26/output/model/e5f_matched_pf_20260909a/OVERNIGHT_PLAN.md,author_initial_model_fertility_2_1,author_2_1,/Users/tommasodesanto/Desktop/Projects/Fertility/Fertility_Spring26/output/model/e5f_matched_pf_20260909a/OVERNIGHT_PLAN.md,,normalization,8.225487202473403e-07,Initial model completed fertility,,2.1000008225487203,True,1b8fcabf605700ae2decadf0354f0239ea6970dad2a4cce8a34675cf4132b81d,final.normalization.completed_fertility,completed_fertility,,,,initial_normalization,normalization_separate_from_scored_objective,"Author-selected stationary model normalization, using maintained top-parity representative; not empirical female period TFR","Author-selected model normalization, as explicitly recorded in the preserved target definition",False,,2.1,Author normalization; no empirical SE,Separate from CPS age-window stocks and actual birth/entry accounting.,/Users/tommasodesanto/Desktop/Projects/Fertility/Fertility_Spring26/output/model/e5f_matched_pf_20260909a/initial_calibration_contract/lead_methodological_decision.json,Separate exact normalization within tolerance5e-4,separate_unscored_normalization,,,,,,,,,
baseline_smoke,35532.3042455214,False,Weighted P(FREVER=0) among pooled June 2004 and June 2006 women age 40-44 with valid FREVER 0-20 and positive FRSUPPWT.,/Users/tommasodesanto/Desktop/Projects/Fertility/Fertility_Spring26/output/model/e5f_matched_pf_20260909a/parameter_target_audit/fertility/extract_fertility_availability.py; /Users/tommasodesanto/Desktop/Projects/Fertility/Fertility_Spring26/output/model/e5f_matched_pf_20260909a/design_research/fertility_contract/verify_fertility_contract.py,/Users/tommasodesanto/Desktop/Projects/Fertility/Fertility_Spring26/output/model/e5f_matched_pf_20260909a/design_research/fertility_contract/fertility_target_contract.json,early_cps_nchs_fertility_certification_20260911_v2_not_activated,cps_childless_women_40_44_2004_2006,/Users/tommasodesanto/Desktop/Projects/Fertility/Fertility_Spring26/output/model/e5f_matched_pf_20260909a/parameter_target_audit/fertility/fertility_availability.json,,early_measurement,-0.0020203691943533053,"Childless women, ages 40–44",0.14503901712403044,0.19625838181248934,True,1b8fcabf605700ae2decadf0354f0239ea6970dad2a4cce8a34675cf4132b81d,fertility.uniform_birth_time.moments.childless_rate_40_44,fertility.uniform_birth_time.moments.childless_rate_40_44,,,,cps_childlessness,proposed_scored_restriction,"June, femaleSEX2,age40-44,FREVER0-20,FRSUPPWT>0;excludeFREVER999NIU; 2004+2006 pooled weighted records; Weighted P(FREVER=0) among pooled June 2004 and June 2006 women age 40-44 with valid FREVER 0-20 and positive FRSUPPWT.",/Users/tommasodesanto/Desktop/Projects/Fertility/Fertility_Spring26/output/model/e5f_matched_pf_20260909a/parameter_target_audit/fertility/fertility_availability.json#/sample and /Users/tommasodesanto/Desktop/Projects/Fertility/Fertility_Spring26/output/model/e5f_matched_pf_20260909a/design_research/fertility_contract/fertility_target_contract.json#/candidate_moments/0/definition,True,,0.19827875100684264,annual_generalized_variance_approximation_recovered_pooled_covariance_not_certified,Uniform birth-time parity interpolation is the main diagnostic; constant-post-cell sensitivity retained. Model household reproductive member is not certified female exposure; no empirical age reweighting.,/Users/tommasodesanto/Desktop/Projects/Fertility/Fertility_Spring26/output/model/e5f_matched_pf_20260909a/initial_calibration_contract/lead_methodological_decision.json,CPS official annual generalized-variance approximations pooled with fixed observed weights and correlation-one working convention; not design-exact pooled SE,frozen_lead_selected_working_minimum_distance_weight,0.005305035738317728,"{'active_weight': None, 'definition': 'Weighted P(FREVER=0) among pooled June 2004 and June 2006 women age 40-44 with valid FREVER 0-20 and positive FRSUPPWT.', 'id': 'cps_childless_women_40_44_2004_2006', 'model_observer_status': 'blocked_by_age_window_mapping', 'production_active': False, 'reported_value': 0.198279, 'sample_records': 10872, 'uncertainty': {'annual_official_approximate_sampling_gvf_se': {'2004': {'approximate_gvf_se': 0.0052157901461549385, 'b_parameter': 2016, 'denominator_population_units': 11534656.9936, 'value': 0.1928386121957651}, '2006': {'approximate_gvf_se': 0.005396662766690418, 'b_parameter': 2016, 'denominator_population_units': 11234864.9964, 'value': 0.20386405489820397}}, 'pooled_candidates': {'annual': {'2004': {'approximate_gvf_se': 0.0052157901461549385, 'b_parameter': 2016, 'denominator_population_units': 11534656.9936, 'value': 0.1928386121957651}, '2006': {'approximate_gvf_se': 0.005396662766690418, 'b_parameter': 2016, 'denominator_population_units': 11234864.9964, 'value': 0.20386405489820397}}, 'base_share_2004': 0.5065831860091674, 'pooled_fixed_bases_max_positive_correlation_se': 0.005305035738317728, 'pooled_fixed_bases_zero_crossyear_covariance_se': 0.0037512549510131253, 'qualification': 'Annual official generalized-variance approximation. Pooled candidates condition on observed base shares; cross-year covariance and random conditional-mother bases are not certified. Neither scale is adopted.'}, 'sampling_se': None, 'status': 'annual_generalized_variance_approximation_recovered_pooled_covariance_not_certified'}, 'value': 0.19827875100684264, 'weighted_denominator': 22769521.989999805}",IPUMS fertility supplement FRSUPPWT divided10000 as supplied loader; official Census supplement weight crosswalk not independently certified,,,,,,
baseline_smoke,26952.820824310795,False,Weighted P(FREVER=1 | FREVER>=1) in the same pooled CPS sample.,/Users/tommasodesanto/Desktop/Projects/Fertility/Fertility_Spring26/output/model/e5f_matched_pf_20260909a/parameter_target_audit/fertility/extract_fertility_availability.py; /Users/tommasodesanto/Desktop/Projects/Fertility/Fertility_Spring26/output/model/e5f_matched_pf_20260909a/design_research/fertility_contract/verify_fertility_contract.py,/Users/tommasodesanto/Desktop/Projects/Fertility/Fertility_Spring26/output/model/e5f_matched_pf_20260909a/design_research/fertility_contract/fertility_target_contract.json,early_cps_nchs_fertility_certification_20260911_v2_not_activated,cps_exactly_one_among_mothers_40_44_2004_2006,/Users/tommasodesanto/Desktop/Projects/Fertility/Fertility_Spring26/output/model/e5f_matched_pf_20260909a/parameter_target_audit/fertility/fertility_availability.json,,early_measurement,0.0027836411339013656,"Exactly one child among mothers, ages 40–44",0.2088481896880262,0.21643896635404838,True,1b8fcabf605700ae2decadf0354f0239ea6970dad2a4cce8a34675cf4132b81d,fertility.uniform_birth_time.moments.exactly_one_among_mothers_40_44,fertility.uniform_birth_time.moments.exactly_one_among_mothers_40_44,,,,cps_exactly_one,proposed_scored_restriction,"June, femaleSEX2,age40-44,FREVER0-20,FRSUPPWT>0;excludeFREVER999NIU; 2004+2006 pooled weighted records; Weighted P(FREVER=1 | FREVER>=1) in the same pooled CPS sample.",/Users/tommasodesanto/Desktop/Projects/Fertility/Fertility_Spring26/output/model/e5f_matched_pf_20260909a/parameter_target_audit/fertility/fertility_availability.json#/sample and /Users/tommasodesanto/Desktop/Projects/Fertility/Fertility_Spring26/output/model/e5f_matched_pf_20260909a/design_research/fertility_contract/fertility_target_contract.json#/candidate_moments/1/definition,True,,0.21365532522014702,annual_generalized_variance_approximation_recovered_pooled_covariance_not_certified,Uniform birth-time parity interpolation is the main diagnostic; constant-post-cell sensitivity retained. Model household reproductive member is not certified female exposure; no empirical age reweighting.,/Users/tommasodesanto/Desktop/Projects/Fertility/Fertility_Spring26/output/model/e5f_matched_pf_20260909a/initial_calibration_contract/lead_methodological_decision.json,CPS official annual generalized-variance approximations pooled with fixed observed weights and correlation-one working convention; not design-exact pooled SE,frozen_lead_selected_working_minimum_distance_weight,0.0060911302714076404,"{'active_weight': None, 'definition': 'Weighted P(FREVER=1 | FREVER>=1) in the same pooled CPS sample.', 'id': 'cps_exactly_one_among_mothers_40_44_2004_2006', 'model_observer_status': 'blocked_by_age_window_mapping; literal parity-one conditional-on-parenthood stock, not a continuation hazard', 'production_active': False, 'reported_value': 0.213655, 'uncertainty': {'annual_official_approximate_sampling_gvf_se': {'2004': {'approximate_gvf_se': 0.006046407789789988, 'b_parameter': 2016, 'denominator_population_units': 9310329.7468, 'value': 0.21511000477596962}, '2006': {'approximate_gvf_se': 0.006137682005815865, 'b_parameter': 2016, 'denominator_population_units': 8944479.862, 'value': 0.21214114591071567}}, 'pooled_candidates': {'annual': {'2004': {'approximate_gvf_se': 0.006046407789789988, 'b_parameter': 2016, 'denominator_population_units': 9310329.7468, 'value': 0.21511000477596962}, '2006': {'approximate_gvf_se': 0.006137682005815865, 'b_parameter': 2016, 'denominator_population_units': 8944479.862, 'value': 0.21214114591071567}}, 'base_share_2004': 0.5100206436725485, 'pooled_fixed_bases_max_positive_correlation_se': 0.0060911302714076404, 'pooled_fixed_bases_zero_crossyear_covariance_se': 0.004307418797745566, 'qualification': 'Annual official generalized-variance approximation. Pooled candidates condition on observed base shares; cross-year covariance and random conditional-mother bases are not certified. Neither scale is adopted.'}, 'sampling_se': None, 'status': 'annual_generalized_variance_approximation_recovered_pooled_covariance_not_certified'}, 'value': 0.21365532522014702, 'weighted_mother_denominator': 18254809.608799897, 'weighted_numerator': 3900237.283800007}",IPUMS fertility supplement FRSUPPWT divided10000 as supplied loader; official Census supplement weight crosswalk not independently certified,,,,,,
baseline_smoke,139.82806784479274,False,"Pooled national first-birth counts ages 12-49, 2003-2006; age <=21 mapped to midpoint 20, 22-25 to 24, ..., age >=42 to 44; count-weighted mean.",/Users/tommasodesanto/Desktop/Projects/Fertility/Fertility_Spring26/code/data/nchs_natality_timing/build_first_birth_timing.R; /Users/tommasodesanto/Desktop/Projects/Fertility/Fertility_Spring26/output/model/e5f_matched_pf_20260909a/design_research/fertility_contract/verify_fertility_contract.py,/Users/tommasodesanto/Desktop/Projects/Fertility/Fertility_Spring26/output/model/e5f_matched_pf_20260909a/design_research/fertility_contract/fertility_target_contract.json,early_cps_nchs_fertility_certification_20260911_v2_not_activated,nchs_period_mean_age_first_birth_2003_2006,/Users/tommasodesanto/Desktop/Projects/Fertility/Fertility_Spring26/code/data/nchs_natality_timing/first_birth_counts_year_age.csv,,early_measurement,0.11898186645450082,Period mean first-birth age,1.9795018470151229,26.095245727446997,True,1b8fcabf605700ae2decadf0354f0239ea6970dad2a4cce8a34675cf4132b81d,fertility.uniform_birth_time.moments.period_mean_age_first_birth,fertility.uniform_birth_time.moments.period_mean_age_first_birth,,,,nchs_mean_age,proposed_scored_restriction,"US-named raw files; exact/decoded age12-49 and known live-birth order1; 2003 under15 recode mapped14; Pooled national first-birth counts ages 12-49, 2003-2006; age <=21 mapped to midpoint 20, 22-25 to 24, ..., age >=42 to 44; count-weighted mean.",/Users/tommasodesanto/Desktop/Projects/Fertility/Fertility_Spring26/output/model/e5f_matched_pf_20260909a/design_research/fertility_contract/fertility_target_contract.json#/nchs_source_cautions/sample and #/candidate_moments/2/definition,True,,25.976263860992496,national_count_not_probability_sample,"First-birth flow timing, not completed-cohort timing. Household maternal proxy; empirical under-18/over-45 tail collapse retained; raw builder residence and unknown-order comparability remain unresolved.",/Users/tommasodesanto/Desktop/Projects/Fertility/Fertility_Spring26/output/model/e5f_matched_pf_20260909a/initial_calibration_contract/lead_methodological_decision.json,2003–2006 annual temporal SD: chosen typical-year discrepancy scale for approximate stationary target; not sampling SE,frozen_lead_selected_working_minimum_distance_weight,0.0845673694617251,"{'active_weight': None, 'definition': 'Pooled national first-birth counts ages 12-49, 2003-2006; age <=21 mapped to midpoint 20, 22-25 to 24, ..., age >=42 to 44; count-weighted mean.', 'first_birth_count': 6611269, 'id': 'nchs_period_mean_age_first_birth_2003_2006', 'model_observer_status': 'dated_flow_primitive_available_scored_period_adapter_and_population_mapping_not_certified', 'production_active': False, 'reported_value': 25.976264, 'uncertainty': {'annual_2003_2006_sample_sd': 0.0845673694617251, 'conditional_multinomial_process_se': 0.002249891508714525, 'conditional_multinomial_qualification': 'Model-based process variation conditional on total first births; not a sampling SE and not adopted for SMM. Our mean-age delta-method extension is not a quoted NCHS formula.', 'note': 'annual SD is period variation, not a sampling SE', 'sampling_se': None, 'status': 'national_count_not_probability_sample', 'temporal_variation': {'annual_range': 0.18579015118294961, 'annual_sample_sd': 0.0845673694617251, 'maximum_leave_one_year_shift': 0.03969117381891607}}, 'value': 25.976263860992496}",,None in authoritative builder: reads age/order only. Do not label exact sample US-resident births without verification.,,,,,
baseline_smoke,13866.065434728798,False,"Pooled national first-birth counts ages 12-49, 2003-2006; exact maternal age >=30 divided by all first births in the pooled window.",/Users/tommasodesanto/Desktop/Projects/Fertility/Fertility_Spring26/code/data/nchs_natality_timing/build_first_birth_timing.R; /Users/tommasodesanto/Desktop/Projects/Fertility/Fertility_Spring26/output/model/e5f_matched_pf_20260909a/design_research/fertility_contract/verify_fertility_contract.py,/Users/tommasodesanto/Desktop/Projects/Fertility/Fertility_Spring26/output/model/e5f_matched_pf_20260909a/design_research/fertility_contract/fertility_target_contract.json,early_cps_nchs_fertility_certification_20260911_v2_not_activated,nchs_period_first_birth_share_age30plus_2003_2006,/Users/tommasodesanto/Desktop/Projects/Fertility/Fertility_Spring26/code/data/nchs_natality_timing/first_birth_counts_year_age.csv,,early_measurement,-0.017122788621551477,First births at age 30+,4.065390202013711,0.23215522441951522,True,1b8fcabf605700ae2decadf0354f0239ea6970dad2a4cce8a34675cf4132b81d,fertility.uniform_birth_time.moments.period_share_first_births_age30plus,fertility.uniform_birth_time.moments.period_share_first_births_age30plus,,,,nchs_share30,proposed_scored_restriction,"US-named raw files; exact/decoded age12-49 and known live-birth order1; 2003 under15 recode mapped14; Pooled national first-birth counts ages 12-49, 2003-2006; exact maternal age >=30 divided by all first births in the pooled window.",/Users/tommasodesanto/Desktop/Projects/Fertility/Fertility_Spring26/output/model/e5f_matched_pf_20260909a/design_research/fertility_contract/fertility_target_contract.json#/nchs_source_cautions/sample and #/candidate_moments/3/definition,True,,0.2492780130410667,national_count_not_probability_sample,"First-birth flow timing, not completed-cohort timing. Household maternal proxy; empirical under-18/over-45 tail collapse retained; raw builder residence and unknown-order comparability remain unresolved.",/Users/tommasodesanto/Desktop/Projects/Fertility/Fertility_Spring26/output/model/e5f_matched_pf_20260909a/initial_calibration_contract/lead_methodological_decision.json,2003–2006 annual temporal SD: chosen typical-year discrepancy scale for approximate stationary target; not sampling SE,frozen_lead_selected_working_minimum_distance_weight,0.00849226186213262,"{'active_weight': None, 'definition': 'Pooled national first-birth counts ages 12-49, 2003-2006; exact maternal age >=30 divided by all first births in the pooled window.', 'first_birth_count': 6611269, 'id': 'nchs_period_first_birth_share_age30plus_2003_2006', 'model_observer_status': 'dated_flow_primitive_available_scored_period_adapter_and_population_mapping_not_certified', 'production_active': False, 'reported_value': 0.249278, 'uncertainty': {'annual_2003_2006_sample_sd': 0.00849226186213262, 'conditional_multinomial_process_se': 0.000168243827885977, 'conditional_multinomial_qualification': 'Model-based process variation conditional on total first births; not a sampling SE and not adopted for SMM. Our mean-age delta-method extension is not a quoted NCHS formula.', 'note': 'annual SD is period variation, not a sampling SE', 'sampling_se': None, 'status': 'national_count_not_probability_sample', 'temporal_variation': {'annual_range': 0.01924403073634498, 'annual_sample_sd': 0.00849226186213262, 'maximum_leave_one_year_shift': 0.0037096109032545843}}, 'value': 0.2492780130410667}",,None in authoritative builder: reads age/order only. Do not label exact sample US-resident births without verification.,,,,,
baseline_smoke,7.595098472533724,False,sum(IW*NETWORTHR)/sum_{age<=65}(IW*EARNINDRRC),/Users/tommasodesanto/Desktop/Projects/Fertility/Fertility_Spring26/output/model/e5f_matched_pf_20260909a/design_research/wealth/build_initial_wealth.R,/Users/tommasodesanto/Desktop/Projects/Fertility/Fertility_Spring26/output/model/e5f_matched_pf_20260909a/design_research/observer_contract/observer_contract.json,e5f_early_housing_wealth_observer_review_v2_20260911,psid_wealth_gross_earnings_2003_2005,/Users/tommasodesanto/Desktop/Projects/Fertility/Fertility_Spring26/output/model/e5f_matched_pf_20260909a/design_research/wealth/aggregate_wealth_results.csv,0.36285515343369,early_measurement,-1.2524343711003842,Wealth / annual gross labor earnings,11.91360959368814,4.893427023357046,True,1b8fcabf605700ae2decadf0354f0239ea6970dad2a4cce8a34675cf4132b81d,housing_wealth.moments.aggregate_wealth_to_annual_gross_labor_earnings,housing_wealth.moments.aggregate_wealth_to_annual_gross_labor_earnings,,,7.595098472533724,wealth_earnings,proposed_scored_restriction,"PSID reference persons ages 18-85, relation_to_head=10, positive IW, finite NETWORTHR; working-age gross earnings required/nonnegative; 2003-2005; actual selected waves 2003 and 2005; 10,828 family-years/6,018 IDs in wealth, 9,265 family-years/5,215 IDs in earnings.",/Users/tommasodesanto/Desktop/Projects/Fertility/Fertility_Spring26/output/model/e5f_matched_pf_20260909a/design_research/observer_contract/observer_contract.json#/records/4/sample,True,,6.14586139445743,person bootstrap,National PSID household-income normalization; survey-wave stock/flow dates inherited RP/spouse household earnings is the intended labor-income concept. Missing within-wave wealth valuation versus earnings reference-year metadata remains a calendar certification limit; national household income normalization and selection on finite outcomes are maintained approximations.,/Users/tommasodesanto/Desktop/Projects/Fertility/Fertility_Spring26/output/model/e5f_matched_pf_20260909a/initial_calibration_contract/lead_methodological_decision.json,Recorded empirical bootstrap standard error under the retained estimator/sample,frozen_lead_selected_working_minimum_distance_weight,0.36285515343369,"{'adjustment': 'Observe the pre-announcement stationary state using coherent beginning-period g_asset; use actual pension-consistent parameters. Gross earnings formula and 18-65 cell coverage match the intended earnings concept; no automatic 2023 reuse.', 'builder': 'output/model/e5f_matched_pf_20260909a/design_research/wealth/build_initial_wealth.R (mirrors audit_aggregate_wealth_earnings_ratio.R)', 'candidate_diagonal_weight': 7.595098472533724, 'clustering': 'reference-person ID bootstrap', 'data_formula': 'sum(IW*NETWORTHR)/sum_{age<=65}(IW*EARNINDRRC)', 'date': 'PSID survey waves 2003 and 2005, not an audited same-calendar stock/flow date', 'estimate': 6.14586139445743, 'fixed_effects': 'none', 'geography': 'national PSID', 'id': 'psid_wealth_gross_earnings_2003_2005', 'mismatch': 'RP/spouse household earnings is the intended labor-income concept. Missing within-wave wealth valuation versus earnings reference-year metadata remains a calendar certification limit; national household income normalization and selection on finite outcomes are maintained approximations.', 'model_formula': 'sum_x g_asset(x)*(b+1_owner*p*H) / sum_{j<J_R} g_asset(x)*[P.income(i,j)*z/((1-tau_pay)*4)]. All living 18-85 wealth cells; 12 working cells cover 18-65. P.income is already a four-year flow after payroll tax.', 'production_eligible': False, 'role': 'initial_calibration_restriction', 'sample': 'PSID reference persons ages 18-85, relation_to_head=10, positive IW, finite NETWORTHR; working-age gross earnings required/nonnegative; 2003-2005; actual selected waves 2003 and 2005; 10,828 family-years/6,018 IDs in wealth, 9,265 family-years/5,215 IDs in earnings.', 'status': 'verified_empirical__model_formula_available', 'target_weight_status': 'candidate_inverse_variance_not_activated', 'uncertainty': {'reps': 999, 'se': 0.36285515343369, 'seed': 20260723, 'type': 'person bootstrap'}}",,,reference-person ID bootstrap,none,national PSID,,
baseline_smoke,5165289.256198346,False,annual bequest flow / aggregate wealth,No microdata builder; external literature normalization,/Users/tommasodesanto/Desktop/Projects/Fertility/Fertility_Spring26/output/model/e5f_matched_pf_20260909a/design_research/observer_contract/observer_contract.json,e5f_early_housing_wealth_observer_review_v2_20260911,external_annual_bequest_wealth,/Users/tommasodesanto/Desktop/Projects/Fertility/Fertility_Spring26/tmp/e5f_matched_pf/code/model/intergen_eqscale_seq_optimized/e5_target_provenance.csv,,early_measurement,-0.00021759052742594508,Annual bequests / aggregate wealth,0.24455391335486024,0.008582409472574055,True,1b8fcabf605700ae2decadf0354f0239ea6970dad2a4cce8a34675cf4132b81d,housing_wealth.moments.annual_bequest_flow_to_aggregate_wealth,housing_wealth.moments.annual_bequest_flow_to_aggregate_wealth,,5165289.256198346,,bequest_wealth,proposed_scored_restriction,external restriction,/Users/tommasodesanto/Desktop/Projects/Fertility/Fertility_Spring26/output/model/e5f_matched_pf_20260909a/design_research/observer_contract/observer_contract.json#/records/6/sample,True,0.00044000000000000007,0.0088,inherited synthetic five-percent calibration scale; NOT a standard error,"External historical restriction; synthetic uncertainty; forced terminal deaths Borrowed historical annual aggregate flow is imperfectly matched to model mortality, nonnegative estates and forced terminal deaths; no initial PSID sample or empirical SE. Gale-Scholz/De Nardi-Yang provenance is inherited, not freshly reviewed literature.",/Users/tommasodesanto/Desktop/Projects/Fertility/Fertility_Spring26/output/model/e5f_matched_pf_20260909a/initial_calibration_contract/lead_methodological_decision.json,Inherited synthetic five-percent target scale; not empirical SE,frozen_lead_selected_working_minimum_distance_weight,0.00044000000000000007,"{'adjustment': 'Keep explicitly external or replace only with a separately identified bequest-block decision and Jacobian check.', 'builder': 'No project microdata builder; provenance ledger identifies Gale-Scholz historical normalization transmitted through De Nardi-Yang', 'candidate_diagonal_weight': 5165289.256198346, 'clustering': 'none', 'data_formula': 'annual bequest flow / aggregate wealth', 'date': 'not a measured initial window', 'estimate': 0.0088, 'fixed_effects': 'none', 'geography': 'not applicable', 'id': 'external_annual_bequest_wealth', 'mismatch': 'Borrowed historical annual aggregate flow is imperfectly matched to model mortality, nonnegative estates and forced terminal deaths; no initial PSID sample or empirical SE. Gale-Scholz/De Nardi-Yang provenance is inherited, not freshly reviewed literature.', 'model_formula': '[sum_x (1-survival_j)*g_current(x)*max(bp_pol(x)+1_owner*p*H,0)/4] / sum_x g_asset(x)*(b+1_owner*p*H). Terminal death probability forced to 1; earlier death probabilities from survival. Debt/transaction timing must remain coherent.', 'production_eligible': False, 'role': 'initial_calibration_restriction', 'sample': 'external restriction', 'status': 'externally_fixed__not_an_initial_microdata_observer', 'target_weight_status': 'approved_retained_external_normalization_with_inherited_synthetic_weight', 'uncertainty': {'empirical_se': None, 'scale': 0.00044000000000000007, 'type': 'inherited synthetic five-percent calibration scale; NOT a standard error'}}",,,none,none,not applicable,,
baseline_smoke,10.616361531535473,False,"Q_.90(NETWORTHR/INCFAMR)/Q_.50(NETWORTHR/INCFAMR), weighted",/Users/tommasodesanto/Desktop/Projects/Fertility/Fertility_Spring26/output/model/e5f_matched_pf_20260909a/design_research/wealth/build_initial_wealth.R,/Users/tommasodesanto/Desktop/Projects/Fertility/Fertility_Spring26/output/model/e5f_matched_pf_20260909a/design_research/observer_contract/observer_contract.json,e5f_early_housing_wealth_observer_review_v2_20260911,psid_old_wealth_dispersion_2003_2005,/Users/tommasodesanto/Desktop/Projects/Fertility/Fertility_Spring26/output/model/e5f_matched_pf_20260909a/design_research/wealth/old_wealth_results.csv,0.306910785103348,early_measurement,0.983865262597182,"Old wealth/income p90 / median, ages 76–84",10.27654087532071,4.499800349115902,True,1b8fcabf605700ae2decadf0354f0239ea6970dad2a4cce8a34675cf4132b81d,housing_wealth.moments.old_total_wealth_to_annual_income_p90_p50_7684,housing_wealth.moments.old_total_wealth_to_annual_income_p90_p50_7684,,,10.616361531535473,old_dispersion,proposed_scored_restriction,"Living PSID reference persons ages 76-84, relation_to_head=10, positive IW, completed children observed, INCFAMR>1000; p90/p50 of NETWORTHR/INCFAMR; 2003-2005; 644 valid family-years/416 IDs; bootstrap population 918 living reference IDs ages 65-84, before outcome/children filters.",/Users/tommasodesanto/Desktop/Projects/Fertility/Fertility_Spring26/output/model/e5f_matched_pf_20260909a/design_research/observer_contract/observer_contract.json#/records/5/sample,True,,3.51593508651872,person bootstrap,"Uniform within-age-cell overlap for ages 76--84 Modeled pension plus configured lump-sum income proxy; not PSID total family income Empirical $1000 real-income and observed-child-history filters are not reproduced At these retirement ages model denominator is pension income (including configured z scaling), while PSID INCFAMR also includes transfers, asset income and other family components. Exact $1000 cutoff is not applied (only income>0), and observed-completed-children selection has no model missingness counterpart. Full 78/82 cells do not cover exactly 76-84. Actual model property-tax lump-sum transfer is zero in this receipt; proxy uses the configured pension-plus-transfer concept.",/Users/tommasodesanto/Desktop/Projects/Fertility/Fertility_Spring26/output/model/e5f_matched_pf_20260909a/initial_calibration_contract/lead_methodological_decision.json,Recorded empirical bootstrap standard error under the retained estimator/sample,frozen_lead_selected_working_minimum_distance_weight,0.306910785103348,"{'adjustment': 'Pin annual-age selection for 76-84; confirm household income mapping and empirical $1000 real-income cutoff in normalized model units. Observe initial stationary state, not 2023. Model quantile is available but sample/income equality is not established.', 'builder': 'output/model/e5f_matched_pf_20260909a/design_research/wealth/build_initial_wealth.R (mirrors audit_intergen_bequest_family_size_targets.R)', 'candidate_diagonal_weight': 10.616361531535473, 'clustering': 'reference-person ID bootstrap', 'data_formula': 'Q_.90(NETWORTHR/INCFAMR)/Q_.50(NETWORTHR/INCFAMR), weighted', 'date': 'PSID survey waves 2003 and 2005', 'estimate': 3.51593508651872, 'fixed_effects': 'none', 'geography': 'national PSID', 'id': 'psid_old_wealth_dispersion_2003_2005', 'mismatch': 'At these retirement ages model denominator is pension income (including configured z scaling), while PSID INCFAMR also includes transfers, asset income and other family components. Exact $1000 cutoff is not applied (only income>0), and observed-completed-children selection has no model missingness counterpart. Full 78/82 cells do not cover exactly 76-84.', 'model_formula': 'Weighted p90/p50 of W/annual_gross_income_at_state using g_asset; annualization divides P income by 4, payroll gross-up only for workers. Existing old mask selects labels 78 and 82. Existing quantile algorithm matches R; no transaction wedge is subtracted from W.', 'production_eligible': False, 'role': 'initial_calibration_restriction', 'sample': 'Living PSID reference persons ages 76-84, relation_to_head=10, positive IW, completed children observed, INCFAMR>1000; p90/p50 of NETWORTHR/INCFAMR; 2003-2005; 644 valid family-years/416 IDs; bootstrap population 918 living reference IDs ages 65-84, before outcome/children filters.', 'status': 'empirical_verified__age_income_mapping_outstanding', 'target_weight_status': 'candidate_inverse_variance_not_activated', 'uncertainty': {'reps': 499, 'se': 0.306910785103348, 'seed': 20260715, 'type': 'person bootstrap'}}",,,reference-person ID bootstrap,none,national PSID,,
baseline_smoke,128.02070205233477,False,"sum(HHWT*min(ROOMS,9))/sum(HHWT)",/Users/tommasodesanto/Desktop/Projects/Fertility/Fertility_Spring26/output/model/e5f_matched_pf_20260909a/design_research/housing/inspect_early_housing.py; /Users/tommasodesanto/Desktop/Projects/Fertility/Fertility_Spring26/output/model/e5f_matched_pf_20260909a/design_research/housing/summarize_early_housing.py,/Users/tommasodesanto/Desktop/Projects/Fertility/Fertility_Spring26/output/model/e5f_matched_pf_20260909a/design_research/observer_contract/observer_contract.json,e5f_early_housing_wealth_observer_review_v2_20260911,acs_rooms_2005_2006,/Users/tommasodesanto/Desktop/Projects/Fertility/Fertility_Spring26/output/model/e5f_matched_pf_20260909a/design_research/housing/early_housing_target_candidates.csv,0.08838120078007809,early_measurement,0.8635550719081104,"Mean occupied rooms, capped at 9",95.4685404508125,6.424652448026762,True,1b8fcabf605700ae2decadf0354f0239ea6970dad2a4cce8a34675cf4132b81d,housing_wealth.moments.aggregate_mean_occupied_rooms_capped9_18_85,housing_wealth.moments.aggregate_mean_occupied_rooms_capped9_18_85,,,128.02070205233477,mean_rooms,proposed_scored_restriction,ACS household heads ages 18-85; occupied renter or owner; HHWT>0; 42 MET2013 cities; 2005-2006 pooled by summed HHWT numerator/denominator; inherits all common_acs_sample filters,/Users/tommasodesanto/Desktop/Projects/Fertility/Fertility_Spring26/output/model/e5f_matched_pf_20260909a/design_research/observer_contract/observer_contract.json#/records/0/sample,True,,5.561097376118652,42-metro bootstrap,"Uniform annual-age exposure and constant policies/distribution within each four-year cell National model versus 42-MET2013 housing sample Existing HistoricalMomentObserver is pinned to 2023 and old 12 rows. min(E[s|collapsed income],9) does not equal E[min(s,9)|income]; compute direct. The initial window and geographic approximation must be retained.",/Users/tommasodesanto/Desktop/Projects/Fertility/Fertility_Spring26/output/model/e5f_matched_pf_20260909a/initial_calibration_contract/lead_methodological_decision.json,Recorded empirical bootstrap standard error under the retained estimator/sample,frozen_lead_selected_working_minimum_distance_weight,0.08838120078007809,"{'adjustment': 'Use g_current and full hR_pol before income collapse; cap each renter/owner observation, then aggregate. All 17 current four-year age cells already span 18-85: validate geometry rather than invent an extra age restriction.', 'builder': 'output/model/e5f_matched_pf_20260909a/design_research/housing/inspect_early_housing.py; summarize_early_housing.py', 'candidate_diagonal_weight': 128.02070205233477, 'clustering': '42 MET2013 city bootstrap', 'data_formula': 'sum(HHWT*min(ROOMS,9))/sum(HHWT)', 'date': '2005-2006', 'estimate': 5.561097376118652, 'fixed_effects': 'none', 'geography': '42 MET2013 city codes; not admitted-PUMA footprint', 'id': 'acs_rooms_2005_2006', 'mismatch': 'Existing HistoricalMomentObserver is pinned to 2023 and old 12 rows. min(E[s|collapsed income],9) does not equal E[min(s,9)|income]; compute direct. The initial window and geographic approximation must be retained.', 'model_formula': 'Current extract_moments: aggregate_housing_demand/total_mass, all 17 age cells, uncapped. Proposed: weighted_mean(min(s,9)) on full g, observed at pre-announcement stationary solution.', 'production_eligible': False, 'role': 'initial_calibration_restriction', 'sample': 'ACS household heads ages 18-85; occupied renter or owner; HHWT>0; 42 MET2013 cities; 2005-2006 pooled by summed HHWT numerator/denominator; inherits all common_acs_sample filters', 'status': 'empirical_verified__cap_operator_needed', 'target_weight_status': 'candidate_inverse_variance_not_activated', 'uncertainty': {'reps': 1000, 'se': 0.08838120078007809, 'seed': 20260910, 'type': '42-metro bootstrap'}}",,,42 MET2013 city bootstrap,none,42 MET2013 city codes; not admitted-PUMA footprint,"{'filters': 'sample=year*100+1; GQ in {1,2}; PERNUM=1; RELATE=1; HHWT>0; 18<=AGE<=85; OWNERSHP in {1,2}; ROOMS>0; MET2013 in pinned 42-code list', 'fixed_effects': 'none', 'geography': 'Direct MET2013 membership in 42 cities; NOT old admitted-PUMA footprint. National fertility/PSID plus metro housing is an explicitly maintained geographic approximation.', 'owner': 'OWNERSHP=1', 'rooms': 'min(ROOMS,9) before any aggregation; pooled household-weighted numerators/denominators, not average yearly ratios', 'structures': 'UNITSSTR in 3:10 for all ownership rows, including both recent-parent comparison groups; no structure restriction for rooms rows', 'survey_waves': [2005, 2006], 'uncertainty': '1000 paired metro-resampling draws, seed 20260910, 42 clusters. Not ACS official survey-design or replicate-weight standard errors.', 'weights_status': 'Inverse marginal variance values below are candidate diagonal weights under the approved design, not a promoted target/weight fingerprint.'}",
baseline_smoke,2339.3623724673616,False,sum(HHWT*owner)/sum(HHWT),/Users/tommasodesanto/Desktop/Projects/Fertility/Fertility_Spring26/output/model/e5f_matched_pf_20260909a/design_research/housing/inspect_early_housing.py; /Users/tommasodesanto/Desktop/Projects/Fertility/Fertility_Spring26/output/model/e5f_matched_pf_20260909a/design_research/housing/summarize_early_housing.py,/Users/tommasodesanto/Desktop/Projects/Fertility/Fertility_Spring26/output/model/e5f_matched_pf_20260909a/design_research/observer_contract/observer_contract.json,e5f_early_housing_wealth_observer_review_v2_20260911,acs_ownership_30_55_2005_2006,/Users/tommasodesanto/Desktop/Projects/Fertility/Fertility_Spring26/output/model/e5f_matched_pf_20260909a/design_research/housing/early_housing_target_candidates.csv,0.020675272863460718,early_measurement,-0.10843786179455328,"Ownership, heads 30–55",27.508023781725218,0.539896172524596,True,1b8fcabf605700ae2decadf0354f0239ea6970dad2a4cce8a34675cf4132b81d,housing_wealth.moments.own_rate_30_55,housing_wealth.moments.own_rate_30_55,,,2339.3623724673616,ownership_30_55,proposed_scored_restriction,ACS heads ages 30-55; DUE structures UNITSSTR 3:10; HHWT>0; 42 MET2013 cities; 2005-2006; inherits all common_acs_sample filters,/Users/tommasodesanto/Desktop/Projects/Fertility/Fertility_Spring26/output/model/e5f_matched_pf_20260909a/design_research/observer_contract/observer_contract.json#/records/1/sample,True,,0.6483340343191493,42-metro bootstrap,Uniform annual-age exposure and constant policies/distribution within each four-year cell National model versus 42-MET2013 housing sample ACS DUE structure restriction is not represented by a model state Current nearest-index mask includes full 54-57 cell; no structure-type state allows exact UNITSSTR filtering. Neither issue is resolved by changing the row name.,/Users/tommasodesanto/Desktop/Projects/Fertility/Fertility_Spring26/output/model/e5f_matched_pf_20260909a/initial_calibration_contract/lead_methodological_decision.json,Recorded empirical bootstrap standard error under the retained estimator/sample,frozen_lead_selected_working_minimum_distance_weight,0.020675272863460718,"{'adjustment': 'Use owner indicator on full realized distribution with declared 30-55 age-exposure selector; pin the maintained DUE-to-model-product interpretation.', 'builder': 'output/model/e5f_matched_pf_20260909a/design_research/housing/inspect_early_housing.py; summarize_early_housing.py', 'candidate_diagonal_weight': 2339.3623724673616, 'clustering': '42 MET2013 city bootstrap', 'data_formula': 'sum(HHWT*owner)/sum(HHWT)', 'date': '2005-2006', 'estimate': 0.6483340343191493, 'fixed_effects': 'none', 'geography': '42 MET2013 cities; not admitted-PUMA footprint', 'id': 'acs_ownership_30_55_2005_2006', 'mismatch': 'Current nearest-index mask includes full 54-57 cell; no structure-type state allows exact UNITSSTR filtering. Neither issue is resolved by changing the row name.', 'model_formula': 'own_rate_3055=sum(g[owner tenures, ages 30:55])/sum(g[all tenures, ages 30:55])', 'production_eligible': False, 'role': 'initial_calibration_restriction', 'sample': 'ACS heads ages 30-55; DUE structures UNITSSTR 3:10; HHWT>0; 42 MET2013 cities; 2005-2006; inherits all common_acs_sample filters', 'status': 'empirical_verified__age_and_structure_mapping_outstanding', 'target_weight_status': 'candidate_inverse_variance_not_activated', 'uncertainty': {'reps': 1000, 'se': 0.020675272863460718, 'seed': 20260910, 'type': '42-metro bootstrap'}}",,,42 MET2013 city bootstrap,none,42 MET2013 cities; not admitted-PUMA footprint,"{'filters': 'sample=year*100+1; GQ in {1,2}; PERNUM=1; RELATE=1; HHWT>0; 18<=AGE<=85; OWNERSHP in {1,2}; ROOMS>0; MET2013 in pinned 42-code list', 'fixed_effects': 'none', 'geography': 'Direct MET2013 membership in 42 cities; NOT old admitted-PUMA footprint. National fertility/PSID plus metro housing is an explicitly maintained geographic approximation.', 'owner': 'OWNERSHP=1', 'rooms': 'min(ROOMS,9) before any aggregation; pooled household-weighted numerators/denominators, not average yearly ratios', 'structures': 'UNITSSTR in 3:10 for all ownership rows, including both recent-parent comparison groups; no structure restriction for rooms rows', 'survey_waves': [2005, 2006], 'uncertainty': '1000 paired metro-resampling draws, seed 20260910, 42 clusters. Not ACS official survey-design or replicate-weight standard errors.', 'weights_status': 'Inverse marginal variance values below are candidate diagonal weights under the approved design, not a promoted target/weight fingerprint.'}",
baseline_smoke,137.5652749002964,False,"beta(event=+3)-beta(event=-1), omitted event=-2; person/year FE, age/education controls, longitudinal IW",/Users/tommasodesanto/Desktop/Projects/Fertility/Fertility_Spring26/code/data/psid_followup_mar2026/sa_rooms_first_birth_household_aligned_v1.do,/Users/tommasodesanto/Desktop/Projects/Fertility/Fertility_Spring26/output/model/e5f_matched_pf_20260909a/design_research/observer_contract/observer_contract.json,e5f_early_housing_wealth_observer_review_v2_20260911,psid_sa_first_birth_rooms,/Users/tommasodesanto/Desktop/Projects/Fertility/Fertility_Spring26/code/data/psid_followup_mar2026/output/sa_rooms_first_birth_household_aligned_v1/target_receipt.csv,0.0852600513385958,early_measurement,0.26055975316523194,"First-birth room response, −1 to +3",9.339497036694777,0.9808060155467597,True,1b8fcabf605700ae2decadf0354f0239ea6970dad2a4cce8a34675cf4132b81d,housing_wealth.moments.housing_increment_0to1,housing_wealth.moments.housing_increment_0to1,,,137.5652749002964,first_birth_rooms,proposed_scored_restriction,"Women age 18+, current reference/spouse, positive IW, single-FID dwelling, one woman per household-year; confirmed never-treated controls; 49,457 household-years, 4,112 persons",/Users/tommasodesanto/Desktop/Projects/Fertility/Fertility_Spring26/output/model/e5f_matched_pf_20260909a/design_research/observer_contract/observer_contract.json#/records/7/sample,True,,0.7202462623815278,"Sun-Abraham covariance contrast, clustered individual ID","Pooled PSID response applied to initial stationary economy under stability assumption Matched model risk-set weights differ from Sun-Abraham cohort/event weights; non-flat prepath caveat retained Applying the unchanged pooled contrast to initial stationary economy requires approved stability approximation. Model matched-risk weights differ from estimator cohort/event weights. Non-flat prepath and normalization dependence remain disclosed; September5 normalization check changed point to .730459 with identical fitted values, not a replacement target. Four-year approximation is not literal observed -1/+3 child ages. Keep PSID rooms uncapped; do not import ACS cap.",/Users/tommasodesanto/Desktop/Projects/Fertility/Fertility_Spring26/output/model/e5f_matched_pf_20260909a/initial_calibration_contract/lead_methodological_decision.json,Recorded empirical bootstrap standard error under the retained estimator/sample,frozen_lead_selected_working_minimum_distance_weight,0.0852600513385958,"{'adjustment': 'For an initial stationary observer call begin_dated_first_birth_housing_branch then finish_dated_first_birth_housing_branch with the stationary policy as BOTH dates; retain destination continuation births and no Census age bridge. Do NOT use first_birth_housing_response sequential legacy helper, which suppresses continuation births. Certify the same paired branch with mass/timing checks.', 'builder': 'code/data/psid_followup_mar2026/sa_rooms_first_birth_household_aligned_v1.do; finalize_first_birth_rooms_target_receipt.py', 'candidate_diagonal_weight': 137.5652749002964, 'clustering': 'selected woman stable ID; one household-year observation, primary analytic cluster covariance', 'data_formula': 'beta(event=+3)-beta(event=-1), omitted event=-2; person/year FE, age/education controls, longitudinal IW', 'date': 'Pooled PSID event-time -1 to +3; treated input observations 1970-2019, not an early-only regression', 'estimate': 0.7202462623815278, 'fixed_effects': 'person ID and survey year; age and education controls', 'geography': 'national PSID', 'id': 'psid_sa_first_birth_rooms', 'mismatch': 'Applying the unchanged pooled contrast to initial stationary economy requires approved stability approximation. Model matched-risk weights differ from estimator cohort/event weights. Non-flat prepath and normalization dependence remain disclosed; September5 normalization check changed point to .730459 with identical fitted values, not a replacement target. Four-year approximation is not literal observed -1/+3 child ages. Keep PSID rooms uncapped; do not import ACS cap.', 'model_formula': 'Select successful first births from initial g_pre; clone identical pre-birth states into treated n=1,m=1 and childless control. Advance both one period with origin policies/survival/income/maturation, then realize destination housing with destination policies. Treated may have continuation birth; control stays childless. Difference of destination uncapped rooms equals matched difference in changes.', 'production_eligible': False, 'role': 'initial_calibration_restriction', 'sample': 'Women age 18+, current reference/spouse, positive IW, single-FID dwelling, one woman per household-year; confirmed never-treated controls; 49,457 household-years, 4,112 persons', 'status': 'verified_empirical_contrast__provisional_structural_mapping', 'target_weight_status': 'candidate_inverse_variance_not_activated', 'uncertainty': {'reference_period': -2, 'se': 0.0852600513385958, 'type': 'Sun-Abraham covariance contrast, clustered individual ID', 'variance_formula': 'Var(beta_3)+Var(beta_-1)-2Cov(beta_3,beta_-1)'}}",,,"selected woman stable ID; one household-year observation, primary analytic cluster covariance",person ID and survey year; age and education controls,national PSID,,
baseline_smoke,280.52808370152104,False,"E[min(ROOMS,9)|NCHILD>=3,YNGCH<18]-E[min(ROOMS,9)|NCHILD=1-2,YNGCH<18]",/Users/tommasodesanto/Desktop/Projects/Fertility/Fertility_Spring26/output/model/e5f_matched_pf_20260909a/design_research/housing/inspect_early_housing.py; /Users/tommasodesanto/Desktop/Projects/Fertility/Fertility_Spring26/output/model/e5f_matched_pf_20260909a/design_research/housing/summarize_early_housing.py,/Users/tommasodesanto/Desktop/Projects/Fertility/Fertility_Spring26/output/model/e5f_matched_pf_20260909a/design_research/observer_contract/observer_contract.json,e5f_early_housing_wealth_observer_review_v2_20260911,acs_rooms_3plus_minus_1to2_2005_2006,/Users/tommasodesanto/Desktop/Projects/Fertility/Fertility_Spring26/output/model/e5f_matched_pf_20260909a/design_research/housing/early_housing_target_candidates.csv,0.059705154633000496,early_measurement,-0.17502415492301537,Rooms: 3+ versus 1–2 resident children (model dependent proxy),8.593544374028994,0.17204277687323533,True,1b8fcabf605700ae2decadf0354f0239ea6970dad2a4cce8a34675cf4132b81d,housing_wealth.moments.prime30_55_model_dependent_3plus_minus_1to2_rooms_capped9,housing_wealth.moments.prime30_55_model_dependent_3plus_minus_1to2_rooms_capped9,,,280.52808370152104,family_rooms,proposed_scored_restriction,"ACS heads ages 30-55, YNGCH<18; NCHILD>=3 minus NCHILD=1-2; 42 MET2013 cities; 2005-2006; inherits all common_acs_sample filters",/Users/tommasodesanto/Desktop/Projects/Fertility/Fertility_Spring26/output/model/e5f_matched_pf_20260909a/design_research/observer_contract/observer_contract.json#/records/3/sample,True,,0.3470669317962507,42-metro bootstrap,"Uniform annual-age exposure and constant policies/distribution within each four-year cell National model versus 42-MET2013 housing sample Model dependent counts replace ACS resident own children with YNGCH<18 ACS NCHILD counts ALL resident own children while YNGCH<18 requires at least one minor. Example: ages 4,19,21 is empirical large family but may be one model dependent. m has no deterministic child-age bound under binomial maturation. Verifying independent_count is necessary but insufficient for exact ACS group equivalence.",/Users/tommasodesanto/Desktop/Projects/Fertility/Fertility_Spring26/output/model/e5f_matched_pf_20260909a/initial_calibration_contract/lead_methodological_decision.json,Recorded empirical bootstrap standard error under the retained estimator/sample,frozen_lead_selected_working_minimum_distance_weight,0.059705154633000496,"{'adjustment': 'Cap full income-resolved renter and owner rooms before any collapse. Runtime-assert child_state_mode=independent_count and child_bin_high_cutoff=3. Need explicit resident-child approximation or richer observation information before SMM certification.', 'builder': 'output/model/e5f_matched_pf_20260909a/design_research/housing/inspect_early_housing.py; summarize_early_housing.py', 'candidate_diagonal_weight': 280.52808370152104, 'clustering': '42 MET2013 city bootstrap', 'data_formula': 'E[min(ROOMS,9)|NCHILD>=3,YNGCH<18]-E[min(ROOMS,9)|NCHILD=1-2,YNGCH<18]', 'date': '2005-2006', 'estimate': 0.3470669317962507, 'fixed_effects': 'none', 'geography': '42 MET2013 cities; not admitted-PUMA footprint', 'id': 'acs_rooms_3plus_minus_1to2_2005_2006', 'mismatch': 'ACS NCHILD counts ALL resident own children while YNGCH<18 requires at least one minor. Example: ages 4,19,21 is empirical large family but may be one model dependent. m has no deterministic child-age bound under binomial maturation. Verifying independent_count is necessary but insufficient for exact ACS group equivalence.', 'model_formula': 'Current child_bin_high_cutoff=3 and independent_count use m=cs, subject to cs<=n: high group m>=3; low group 1<=m<=2. Existing moment is uncapped and uses current prime age mask. Proposed proxy: E[min(s,9)|m>=3]-E[min(s,9)|1<=m<=2], with declared age selector.', 'production_eligible': False, 'role': 'initial_calibration_restriction', 'sample': 'ACS heads ages 30-55, YNGCH<18; NCHILD>=3 minus NCHILD=1-2; 42 MET2013 cities; 2005-2006; inherits all common_acs_sample filters', 'status': 'empirical_verified__resident_child_mapping_outstanding', 'target_weight_status': 'candidate_inverse_variance_not_activated', 'uncertainty': {'reps': 1000, 'se': 0.059705154633000496, 'seed': 20260910, 'type': '42-metro bootstrap'}}",,,42 MET2013 city bootstrap,none,42 MET2013 cities; not admitted-PUMA footprint,"{'filters': 'sample=year*100+1; GQ in {1,2}; PERNUM=1; RELATE=1; HHWT>0; 18<=AGE<=85; OWNERSHP in {1,2}; ROOMS>0; MET2013 in pinned 42-code list', 'fixed_effects': 'none', 'geography': 'Direct MET2013 membership in 42 cities; NOT old admitted-PUMA footprint. National fertility/PSID plus metro housing is an explicitly maintained geographic approximation.', 'owner': 'OWNERSHP=1', 'rooms': 'min(ROOMS,9) before any aggregation; pooled household-weighted numerators/denominators, not average yearly ratios', 'structures': 'UNITSSTR in 3:10 for all ownership rows, including both recent-parent comparison groups; no structure restriction for rooms rows', 'survey_waves': [2005, 2006], 'uncertainty': '1000 paired metro-resampling draws, seed 20260910, 42 clusters. Not ACS official survey-design or replicate-weight standard errors.', 'weights_status': 'Inverse marginal variance values below are candidate diagonal weights under the approved design, not a promoted target/weight fingerprint.'}",
baseline_smoke,27055.822957508266,False,"Pr(owner|NCHILD>0,ELDCH<4)-Pr(owner|NCHILD=0)",/Users/tommasodesanto/Desktop/Projects/Fertility/Fertility_Spring26/output/model/e5f_matched_pf_20260909a/design_research/housing/inspect_early_housing.py; /Users/tommasodesanto/Desktop/Projects/Fertility/Fertility_Spring26/output/model/e5f_matched_pf_20260909a/design_research/housing/summarize_early_housing.py,/Users/tommasodesanto/Desktop/Projects/Fertility/Fertility_Spring26/output/model/e5f_matched_pf_20260909a/design_research/observer_contract/observer_contract.json,e5f_early_housing_wealth_observer_review_v2_20260911,acs_recent_parent_owner_gap_2005_2006,/Users/tommasodesanto/Desktop/Projects/Fertility/Fertility_Spring26/output/model/e5f_matched_pf_20260909a/design_research/housing/early_housing_target_candidates.csv,0.006079524679464666,recent_parent_observation,-0.018792847251227374,Recent-parent ownership gap,9.555334966559347,0.14410266191000548,True,1b8fcabf605700ae2decadf0354f0239ea6970dad2a4cce8a34675cf4132b81d,ownership_current_birth_from_empty_dependent_home_minus_current_empty_home_30_55,model_value,,,27055.822957508266,recent_parent_ownership,proposed_scored_restriction,ACS heads ages 30-55; recent parent NCHILD>0 and ELDCH<4 minus NCHILD=0 controls; 42 MET2013 cities; 2005-2006; inherits all common_acs_sample filters; both groups also require UNITSSTR in 3:10,/Users/tommasodesanto/Desktop/Projects/Fertility/Fertility_Spring26/output/model/e5f_matched_pf_20260909a/design_research/observer_contract/observer_contract.json#/records/2/sample,True,,0.16289550916123285,42-metro bootstrap,"ELDCH is OLDEST resident own child: all resident own children must be under four. Model has no child ages or time since birth; independent binomial maturation has mean 18 years but no deterministic under-18 cutoff. ACS NCHILD=0 includes former parents with no own child resident, whereas model control is lifetime n=0. Adding m=0 controls would still conflate absent dependents with absent resident adult children. Unavailable: ACS oldest resident child under four and no-resident-child controls cannot be reconstructed from dependent counts and lifetime parity",/Users/tommasodesanto/Desktop/Projects/Fertility/Fertility_Spring26/output/model/e5f_matched_pf_20260909a/initial_calibration_contract/lead_methodological_decision.json,Recorded empirical bootstrap standard error under the retained estimator/sample,frozen_lead_selected_working_minimum_distance_weight,0.006079524679464666,"{'adjustment': 'Exact ACS recent-parent group and resident-child controls cannot be recovered from current count-only states. Do not substitute n=0 controls or all m>0 parents without an explicitly approved proxy contract; retain identifying row as blocked rather than silently dropping it.', 'builder': 'output/model/e5f_matched_pf_20260909a/design_research/housing/inspect_early_housing.py; summarize_early_housing.py', 'candidate_diagonal_weight': 27055.822957508266, 'clustering': '42 MET2013 city bootstrap', 'data_formula': 'Pr(owner|NCHILD>0,ELDCH<4)-Pr(owner|NCHILD=0)', 'date': '2005-2006', 'estimate': 0.16289550916123285, 'fixed_effects': 'none', 'geography': '42 MET2013 cities; not admitted-PUMA footprint', 'id': 'acs_recent_parent_owner_gap_2005_2006', 'mismatch': 'ELDCH is OLDEST resident own child: all resident own children must be under four. Model has no child ages or time since birth; independent binomial maturation has mean 18 years but no deterministic under-18 cutoff. ACS NCHILD=0 includes former parents with no own child resident, whereas model control is lifetime n=0. Adding m=0 controls would still conflate absent dependents with absent resident adult children.', 'model_formula': 'Under independent_count: Pr(owner | n>=1,m>0, current prime mask) - Pr(owner | n=0,childless readiness states,current prime mask). newparent_cs includes ALL positive dependent counts, with no recency condition.', 'production_eligible': False, 'role': 'initial_calibration_restriction', 'sample': 'ACS heads ages 30-55; recent parent NCHILD>0 and ELDCH<4 minus NCHILD=0 controls; 42 MET2013 cities; 2005-2006; inherits all common_acs_sample filters; both groups also require UNITSSTR in 3:10', 'status': 'verified_empirical__irreducible_group_mismatch', 'target_weight_status': 'candidate_inverse_variance_not_activated', 'uncertainty': {'reps': 1000, 'se': 0.006079524679464666, 'seed': 20260910, 'type': '42-metro bootstrap'}}",,,42 MET2013 city bootstrap,none,42 MET2013 cities; not admitted-PUMA footprint,"{'filters': 'sample=year*100+1; GQ in {1,2}; PERNUM=1; RELATE=1; HHWT>0; 18<=AGE<=85; OWNERSHP in {1,2}; ROOMS>0; MET2013 in pinned 42-code list', 'fixed_effects': 'none', 'geography': 'Direct MET2013 membership in 42 cities; NOT old admitted-PUMA footprint. National fertility/PSID plus metro housing is an explicitly maintained geographic approximation.', 'owner': 'OWNERSHP=1', 'rooms': 'min(ROOMS,9) before any aggregation; pooled household-weighted numerators/denominators, not average yearly ratios', 'structures': 'UNITSSTR in 3:10 for all ownership rows, including both recent-parent comparison groups; no structure restriction for rooms rows', 'survey_waves': [2005, 2006], 'uncertainty': '1000 paired metro-resampling draws, seed 20260910, 42 clusters. Not ACS official survey-design or replicate-weight standard errors.', 'weights_status': 'Inverse marginal variance values below are candidate diagonal weights under the approved design, not a promoted target/weight fingerprint.'}","{'age_projection': 'uniform_within_age_cell', 'approximation_id': 'early_2007_parenthood_md_working_v1__recent_parent_synchronized_proxy', 'decision_sha256': 'b1d399c290d257e56e008afb6d7b76ac1f69191685c8d9e89a4b0bfb06533c9a', 'decision_source': '/Users/tommasodesanto/Desktop/Projects/Fertility/Fertility_Spring26/output/model/e5f_matched_pf_20260909a/initial_calibration_contract/lead_methodological_decision.json', 'declaration': 'Synchronized post-fertility snapshot; uniform head-age overlap; model dependents proxy resident own children; actual current births from previously empty-dependent homes versus current empty homes inclformerparents. Not an exact annualACS interview reconstruction.', 'diagnostic_allow_residence_proxy': True, 'exact_acs': False, 'maintained': True, 'moment': 'ownership_current_birth_from_empty_dependent_home_minus_current_empty_home_30_55', 'observer_id': 'e5f_recent_parent_flow_diagnostic_v1', 'snapshot': 'synchronized_post_fertility_snapshot'}"
coord_H0,,False,"Author-selected stationary model normalization, using maintained top-parity representative; not empirical female period TFR","Author-selected model normalization, not empirical estimation",/Users/tommasodesanto/Desktop/Projects/Fertility/Fertility_Spring26/output/model/e5f_matched_pf_20260909a/OVERNIGHT_PLAN.md,author_initial_model_fertility_2_1,author_2_1,/Users/tommasodesanto/Desktop/Projects/Fertility/Fertility_Spring26/output/model/e5f_matched_pf_20260909a/OVERNIGHT_PLAN.md,,normalization,-1.2542337086696165e-05,Initial model completed fertility,,2.0999874576629134,True,c73fa1da258260911b51ed80cf761e8c3a78a9e4b2945856c87fdfce97b8ce20,final.normalization.completed_fertility,completed_fertility,,,,initial_normalization,normalization_separate_from_scored_objective,"Author-selected stationary model normalization, using maintained top-parity representative; not empirical female period TFR","Author-selected model normalization, as explicitly recorded in the preserved target definition",False,,2.1,Author normalization; no empirical SE,Separate from CPS age-window stocks and actual birth/entry accounting.,/Users/tommasodesanto/Desktop/Projects/Fertility/Fertility_Spring26/output/model/e5f_matched_pf_20260909a/initial_calibration_contract/lead_methodological_decision.json,Separate exact normalization within tolerance5e-4,separate_unscored_normalization,,,,,,,,,
coord_H0,35532.3042455214,False,Weighted P(FREVER=0) among pooled June 2004 and June 2006 women age 40-44 with valid FREVER 0-20 and positive FRSUPPWT.,/Users/tommasodesanto/Desktop/Projects/Fertility/Fertility_Spring26/output/model/e5f_matched_pf_20260909a/parameter_target_audit/fertility/extract_fertility_availability.py; /Users/tommasodesanto/Desktop/Projects/Fertility/Fertility_Spring26/output/model/e5f_matched_pf_20260909a/design_research/fertility_contract/verify_fertility_contract.py,/Users/tommasodesanto/Desktop/Projects/Fertility/Fertility_Spring26/output/model/e5f_matched_pf_20260909a/design_research/fertility_contract/fertility_target_contract.json,early_cps_nchs_fertility_certification_20260911_v2_not_activated,cps_childless_women_40_44_2004_2006,/Users/tommasodesanto/Desktop/Projects/Fertility/Fertility_Spring26/output/model/e5f_matched_pf_20260909a/parameter_target_audit/fertility/fertility_availability.json,,early_measurement,-0.002401441824356504,"Childless women, ages 40–44",0.2049120567609783,0.19587730918248614,True,c73fa1da258260911b51ed80cf761e8c3a78a9e4b2945856c87fdfce97b8ce20,fertility.uniform_birth_time.moments.childless_rate_40_44,fertility.uniform_birth_time.moments.childless_rate_40_44,,,,cps_childlessness,proposed_scored_restriction,"June, femaleSEX2,age40-44,FREVER0-20,FRSUPPWT>0;excludeFREVER999NIU; 2004+2006 pooled weighted records; Weighted P(FREVER=0) among pooled June 2004 and June 2006 women age 40-44 with valid FREVER 0-20 and positive FRSUPPWT.",/Users/tommasodesanto/Desktop/Projects/Fertility/Fertility_Spring26/output/model/e5f_matched_pf_20260909a/parameter_target_audit/fertility/fertility_availability.json#/sample and /Users/tommasodesanto/Desktop/Projects/Fertility/Fertility_Spring26/output/model/e5f_matched_pf_20260909a/design_research/fertility_contract/fertility_target_contract.json#/candidate_moments/0/definition,True,,0.19827875100684264,annual_generalized_variance_approximation_recovered_pooled_covariance_not_certified,Uniform birth-time parity interpolation is the main diagnostic; constant-post-cell sensitivity retained. Model household reproductive member is not certified female exposure; no empirical age reweighting.,/Users/tommasodesanto/Desktop/Projects/Fertility/Fertility_Spring26/output/model/e5f_matched_pf_20260909a/initial_calibration_contract/lead_methodological_decision.json,CPS official annual generalized-variance approximations pooled with fixed observed weights and correlation-one working convention; not design-exact pooled SE,frozen_lead_selected_working_minimum_distance_weight,0.005305035738317728,"{'active_weight': None, 'definition': 'Weighted P(FREVER=0) among pooled June 2004 and June 2006 women age 40-44 with valid FREVER 0-20 and positive FRSUPPWT.', 'id': 'cps_childless_women_40_44_2004_2006', 'model_observer_status': 'blocked_by_age_window_mapping', 'production_active': False, 'reported_value': 0.198279, 'sample_records': 10872, 'uncertainty': {'annual_official_approximate_sampling_gvf_se': {'2004': {'approximate_gvf_se': 0.0052157901461549385, 'b_parameter': 2016, 'denominator_population_units': 11534656.9936, 'value': 0.1928386121957651}, '2006': {'approximate_gvf_se': 0.005396662766690418, 'b_parameter': 2016, 'denominator_population_units': 11234864.9964, 'value': 0.20386405489820397}}, 'pooled_candidates': {'annual': {'2004': {'approximate_gvf_se': 0.0052157901461549385, 'b_parameter': 2016, 'denominator_population_units': 11534656.9936, 'value': 0.1928386121957651}, '2006': {'approximate_gvf_se': 0.005396662766690418, 'b_parameter': 2016, 'denominator_population_units': 11234864.9964, 'value': 0.20386405489820397}}, 'base_share_2004': 0.5065831860091674, 'pooled_fixed_bases_max_positive_correlation_se': 0.005305035738317728, 'pooled_fixed_bases_zero_crossyear_covariance_se': 0.0037512549510131253, 'qualification': 'Annual official generalized-variance approximation. Pooled candidates condition on observed base shares; cross-year covariance and random conditional-mother bases are not certified. Neither scale is adopted.'}, 'sampling_se': None, 'status': 'annual_generalized_variance_approximation_recovered_pooled_covariance_not_certified'}, 'value': 0.19827875100684264, 'weighted_denominator': 22769521.989999805}",IPUMS fertility supplement FRSUPPWT divided10000 as supplied loader; official Census supplement weight crosswalk not independently certified,,,,,,
coord_H0,26952.820824310795,False,Weighted P(FREVER=1 | FREVER>=1) in the same pooled CPS sample.,/Users/tommasodesanto/Desktop/Projects/Fertility/Fertility_Spring26/output/model/e5f_matched_pf_20260909a/parameter_target_audit/fertility/extract_fertility_availability.py; /Users/tommasodesanto/Desktop/Projects/Fertility/Fertility_Spring26/output/model/e5f_matched_pf_20260909a/design_research/fertility_contract/verify_fertility_contract.py,/Users/tommasodesanto/Desktop/Projects/Fertility/Fertility_Spring26/output/model/e5f_matched_pf_20260909a/design_research/fertility_contract/fertility_target_contract.json,early_cps_nchs_fertility_certification_20260911_v2_not_activated,cps_exactly_one_among_mothers_40_44_2004_2006,/Users/tommasodesanto/Desktop/Projects/Fertility/Fertility_Spring26/output/model/e5f_matched_pf_20260909a/parameter_target_audit/fertility/fertility_availability.json,,early_measurement,0.0031751285759218095,"Exactly one child among mothers, ages 40–44",0.27172328568966686,0.21683045379606883,True,c73fa1da258260911b51ed80cf761e8c3a78a9e4b2945856c87fdfce97b8ce20,fertility.uniform_birth_time.moments.exactly_one_among_mothers_40_44,fertility.uniform_birth_time.moments.exactly_one_among_mothers_40_44,,,,cps_exactly_one,proposed_scored_restriction,"June, femaleSEX2,age40-44,FREVER0-20,FRSUPPWT>0;excludeFREVER999NIU; 2004+2006 pooled weighted records; Weighted P(FREVER=1 | FREVER>=1) in the same pooled CPS sample.",/Users/tommasodesanto/Desktop/Projects/Fertility/Fertility_Spring26/output/model/e5f_matched_pf_20260909a/parameter_target_audit/fertility/fertility_availability.json#/sample and /Users/tommasodesanto/Desktop/Projects/Fertility/Fertility_Spring26/output/model/e5f_matched_pf_20260909a/design_research/fertility_contract/fertility_target_contract.json#/candidate_moments/1/definition,True,,0.21365532522014702,annual_generalized_variance_approximation_recovered_pooled_covariance_not_certified,Uniform birth-time parity interpolation is the main diagnostic; constant-post-cell sensitivity retained. Model household reproductive member is not certified female exposure; no empirical age reweighting.,/Users/tommasodesanto/Desktop/Projects/Fertility/Fertility_Spring26/output/model/e5f_matched_pf_20260909a/initial_calibration_contract/lead_methodological_decision.json,CPS official annual generalized-variance approximations pooled with fixed observed weights and correlation-one working convention; not design-exact pooled SE,frozen_lead_selected_working_minimum_distance_weight,0.0060911302714076404,"{'active_weight': None, 'definition': 'Weighted P(FREVER=1 | FREVER>=1) in the same pooled CPS sample.', 'id': 'cps_exactly_one_among_mothers_40_44_2004_2006', 'model_observer_status': 'blocked_by_age_window_mapping; literal parity-one conditional-on-parenthood stock, not a continuation hazard', 'production_active': False, 'reported_value': 0.213655, 'uncertainty': {'annual_official_approximate_sampling_gvf_se': {'2004': {'approximate_gvf_se': 0.006046407789789988, 'b_parameter': 2016, 'denominator_population_units': 9310329.7468, 'value': 0.21511000477596962}, '2006': {'approximate_gvf_se': 0.006137682005815865, 'b_parameter': 2016, 'denominator_population_units': 8944479.862, 'value': 0.21214114591071567}}, 'pooled_candidates': {'annual': {'2004': {'approximate_gvf_se': 0.006046407789789988, 'b_parameter': 2016, 'denominator_population_units': 9310329.7468, 'value': 0.21511000477596962}, '2006': {'approximate_gvf_se': 0.006137682005815865, 'b_parameter': 2016, 'denominator_population_units': 8944479.862, 'value': 0.21214114591071567}}, 'base_share_2004': 0.5100206436725485, 'pooled_fixed_bases_max_positive_correlation_se': 0.0060911302714076404, 'pooled_fixed_bases_zero_crossyear_covariance_se': 0.004307418797745566, 'qualification': 'Annual official generalized-variance approximation. Pooled candidates condition on observed base shares; cross-year covariance and random conditional-mother bases are not certified. Neither scale is adopted.'}, 'sampling_se': None, 'status': 'annual_generalized_variance_approximation_recovered_pooled_covariance_not_certified'}, 'value': 0.21365532522014702, 'weighted_mother_denominator': 18254809.608799897, 'weighted_numerator': 3900237.283800007}",IPUMS fertility supplement FRSUPPWT divided10000 as supplied loader; official Census supplement weight crosswalk not independently certified,,,,,,
coord_H0,139.82806784479274,False,"Pooled national first-birth counts ages 12-49, 2003-2006; age <=21 mapped to midpoint 20, 22-25 to 24, ..., age >=42 to 44; count-weighted mean.",/Users/tommasodesanto/Desktop/Projects/Fertility/Fertility_Spring26/code/data/nchs_natality_timing/build_first_birth_timing.R; /Users/tommasodesanto/Desktop/Projects/Fertility/Fertility_Spring26/output/model/e5f_matched_pf_20260909a/design_research/fertility_contract/verify_fertility_contract.py,/Users/tommasodesanto/Desktop/Projects/Fertility/Fertility_Spring26/output/model/e5f_matched_pf_20260909a/design_research/fertility_contract/fertility_target_contract.json,early_cps_nchs_fertility_certification_20260911_v2_not_activated,nchs_period_mean_age_first_birth_2003_2006,/Users/tommasodesanto/Desktop/Projects/Fertility/Fertility_Spring26/code/data/nchs_natality_timing/first_birth_counts_year_age.csv,,early_measurement,0.11971602401073866,Period mean first-birth age,2.0040055776964927,26.095979885003235,True,c73fa1da258260911b51ed80cf761e8c3a78a9e4b2945856c87fdfce97b8ce20,fertility.uniform_birth_time.moments.period_mean_age_first_birth,fertility.uniform_birth_time.moments.period_mean_age_first_birth,,,,nchs_mean_age,proposed_scored_restriction,"US-named raw files; exact/decoded age12-49 and known live-birth order1; 2003 under15 recode mapped14; Pooled national first-birth counts ages 12-49, 2003-2006; age <=21 mapped to midpoint 20, 22-25 to 24, ..., age >=42 to 44; count-weighted mean.",/Users/tommasodesanto/Desktop/Projects/Fertility/Fertility_Spring26/output/model/e5f_matched_pf_20260909a/design_research/fertility_contract/fertility_target_contract.json#/nchs_source_cautions/sample and #/candidate_moments/2/definition,True,,25.976263860992496,national_count_not_probability_sample,"First-birth flow timing, not completed-cohort timing. Household maternal proxy; empirical under-18/over-45 tail collapse retained; raw builder residence and unknown-order comparability remain unresolved.",/Users/tommasodesanto/Desktop/Projects/Fertility/Fertility_Spring26/output/model/e5f_matched_pf_20260909a/initial_calibration_contract/lead_methodological_decision.json,2003–2006 annual temporal SD: chosen typical-year discrepancy scale for approximate stationary target; not sampling SE,frozen_lead_selected_working_minimum_distance_weight,0.0845673694617251,"{'active_weight': None, 'definition': 'Pooled national first-birth counts ages 12-49, 2003-2006; age <=21 mapped to midpoint 20, 22-25 to 24, ..., age >=42 to 44; count-weighted mean.', 'first_birth_count': 6611269, 'id': 'nchs_period_mean_age_first_birth_2003_2006', 'model_observer_status': 'dated_flow_primitive_available_scored_period_adapter_and_population_mapping_not_certified', 'production_active': False, 'reported_value': 25.976264, 'uncertainty': {'annual_2003_2006_sample_sd': 0.0845673694617251, 'conditional_multinomial_process_se': 0.002249891508714525, 'conditional_multinomial_qualification': 'Model-based process variation conditional on total first births; not a sampling SE and not adopted for SMM. Our mean-age delta-method extension is not a quoted NCHS formula.', 'note': 'annual SD is period variation, not a sampling SE', 'sampling_se': None, 'status': 'national_count_not_probability_sample', 'temporal_variation': {'annual_range': 0.18579015118294961, 'annual_sample_sd': 0.0845673694617251, 'maximum_leave_one_year_shift': 0.03969117381891607}}, 'value': 25.976263860992496}",,None in authoritative builder: reads age/order only. Do not label exact sample US-resident births without verification.,,,,,
coord_H0,13866.065434728798,False,"Pooled national first-birth counts ages 12-49, 2003-2006; exact maternal age >=30 divided by all first births in the pooled window.",/Users/tommasodesanto/Desktop/Projects/Fertility/Fertility_Spring26/code/data/nchs_natality_timing/build_first_birth_timing.R; /Users/tommasodesanto/Desktop/Projects/Fertility/Fertility_Spring26/output/model/e5f_matched_pf_20260909a/design_research/fertility_contract/verify_fertility_contract.py,/Users/tommasodesanto/Desktop/Projects/Fertility/Fertility_Spring26/output/model/e5f_matched_pf_20260909a/design_research/fertility_contract/fertility_target_contract.json,early_cps_nchs_fertility_certification_20260911_v2_not_activated,nchs_period_first_birth_share_age30plus_2003_2006,/Users/tommasodesanto/Desktop/Projects/Fertility/Fertility_Spring26/code/data/nchs_natality_timing/first_birth_counts_year_age.csv,,early_measurement,-0.017054976141825856,First births at age 30+,4.033253113619177,0.23222303689924084,True,c73fa1da258260911b51ed80cf761e8c3a78a9e4b2945856c87fdfce97b8ce20,fertility.uniform_birth_time.moments.period_share_first_births_age30plus,fertility.uniform_birth_time.moments.period_share_first_births_age30plus,,,,nchs_share30,proposed_scored_restriction,"US-named raw files; exact/decoded age12-49 and known live-birth order1; 2003 under15 recode mapped14; Pooled national first-birth counts ages 12-49, 2003-2006; exact maternal age >=30 divided by all first births in the pooled window.",/Users/tommasodesanto/Desktop/Projects/Fertility/Fertility_Spring26/output/model/e5f_matched_pf_20260909a/design_research/fertility_contract/fertility_target_contract.json#/nchs_source_cautions/sample and #/candidate_moments/3/definition,True,,0.2492780130410667,national_count_not_probability_sample,"First-birth flow timing, not completed-cohort timing. Household maternal proxy; empirical under-18/over-45 tail collapse retained; raw builder residence and unknown-order comparability remain unresolved.",/Users/tommasodesanto/Desktop/Projects/Fertility/Fertility_Spring26/output/model/e5f_matched_pf_20260909a/initial_calibration_contract/lead_methodological_decision.json,2003–2006 annual temporal SD: chosen typical-year discrepancy scale for approximate stationary target; not sampling SE,frozen_lead_selected_working_minimum_distance_weight,0.00849226186213262,"{'active_weight': None, 'definition': 'Pooled national first-birth counts ages 12-49, 2003-2006; exact maternal age >=30 divided by all first births in the pooled window.', 'first_birth_count': 6611269, 'id': 'nchs_period_first_birth_share_age30plus_2003_2006', 'model_observer_status': 'dated_flow_primitive_available_scored_period_adapter_and_population_mapping_not_certified', 'production_active': False, 'reported_value': 0.249278, 'uncertainty': {'annual_2003_2006_sample_sd': 0.00849226186213262, 'conditional_multinomial_process_se': 0.000168243827885977, 'conditional_multinomial_qualification': 'Model-based process variation conditional on total first births; not a sampling SE and not adopted for SMM. Our mean-age delta-method extension is not a quoted NCHS formula.', 'note': 'annual SD is period variation, not a sampling SE', 'sampling_se': None, 'status': 'national_count_not_probability_sample', 'temporal_variation': {'annual_range': 0.01924403073634498, 'annual_sample_sd': 0.00849226186213262, 'maximum_leave_one_year_shift': 0.0037096109032545843}}, 'value': 0.2492780130410667}",,None in authoritative builder: reads age/order only. Do not label exact sample US-resident births without verification.,,,,,
coord_H0,7.595098472533724,False,sum(IW*NETWORTHR)/sum_{age<=65}(IW*EARNINDRRC),/Users/tommasodesanto/Desktop/Projects/Fertility/Fertility_Spring26/output/model/e5f_matched_pf_20260909a/design_research/wealth/build_initial_wealth.R,/Users/tommasodesanto/Desktop/Projects/Fertility/Fertility_Spring26/output/model/e5f_matched_pf_20260909a/design_research/observer_contract/observer_contract.json,e5f_early_housing_wealth_observer_review_v2_20260911,psid_wealth_gross_earnings_2003_2005,/Users/tommasodesanto/Desktop/Projects/Fertility/Fertility_Spring26/output/model/e5f_matched_pf_20260909a/design_research/wealth/aggregate_wealth_results.csv,0.36285515343369,early_measurement,-1.2513246423348718,Wealth / annual gross labor earnings,11.892506662716537,4.8945367521225585,True,c73fa1da258260911b51ed80cf761e8c3a78a9e4b2945856c87fdfce97b8ce20,housing_wealth.moments.aggregate_wealth_to_annual_gross_labor_earnings,housing_wealth.moments.aggregate_wealth_to_annual_gross_labor_earnings,,,7.595098472533724,wealth_earnings,proposed_scored_restriction,"PSID reference persons ages 18-85, relation_to_head=10, positive IW, finite NETWORTHR; working-age gross earnings required/nonnegative; 2003-2005; actual selected waves 2003 and 2005; 10,828 family-years/6,018 IDs in wealth, 9,265 family-years/5,215 IDs in earnings.",/Users/tommasodesanto/Desktop/Projects/Fertility/Fertility_Spring26/output/model/e5f_matched_pf_20260909a/design_research/observer_contract/observer_contract.json#/records/4/sample,True,,6.14586139445743,person bootstrap,National PSID household-income normalization; survey-wave stock/flow dates inherited RP/spouse household earnings is the intended labor-income concept. Missing within-wave wealth valuation versus earnings reference-year metadata remains a calendar certification limit; national household income normalization and selection on finite outcomes are maintained approximations.,/Users/tommasodesanto/Desktop/Projects/Fertility/Fertility_Spring26/output/model/e5f_matched_pf_20260909a/initial_calibration_contract/lead_methodological_decision.json,Recorded empirical bootstrap standard error under the retained estimator/sample,frozen_lead_selected_working_minimum_distance_weight,0.36285515343369,"{'adjustment': 'Observe the pre-announcement stationary state using coherent beginning-period g_asset; use actual pension-consistent parameters. Gross earnings formula and 18-65 cell coverage match the intended earnings concept; no automatic 2023 reuse.', 'builder': 'output/model/e5f_matched_pf_20260909a/design_research/wealth/build_initial_wealth.R (mirrors audit_aggregate_wealth_earnings_ratio.R)', 'candidate_diagonal_weight': 7.595098472533724, 'clustering': 'reference-person ID bootstrap', 'data_formula': 'sum(IW*NETWORTHR)/sum_{age<=65}(IW*EARNINDRRC)', 'date': 'PSID survey waves 2003 and 2005, not an audited same-calendar stock/flow date', 'estimate': 6.14586139445743, 'fixed_effects': 'none', 'geography': 'national PSID', 'id': 'psid_wealth_gross_earnings_2003_2005', 'mismatch': 'RP/spouse household earnings is the intended labor-income concept. Missing within-wave wealth valuation versus earnings reference-year metadata remains a calendar certification limit; national household income normalization and selection on finite outcomes are maintained approximations.', 'model_formula': 'sum_x g_asset(x)*(b+1_owner*p*H) / sum_{j<J_R} g_asset(x)*[P.income(i,j)*z/((1-tau_pay)*4)]. All living 18-85 wealth cells; 12 working cells cover 18-65. P.income is already a four-year flow after payroll tax.', 'production_eligible': False, 'role': 'initial_calibration_restriction', 'sample': 'PSID reference persons ages 18-85, relation_to_head=10, positive IW, finite NETWORTHR; working-age gross earnings required/nonnegative; 2003-2005; actual selected waves 2003 and 2005; 10,828 family-years/6,018 IDs in wealth, 9,265 family-years/5,215 IDs in earnings.', 'status': 'verified_empirical__model_formula_available', 'target_weight_status': 'candidate_inverse_variance_not_activated', 'uncertainty': {'reps': 999, 'se': 0.36285515343369, 'seed': 20260723, 'type': 'person bootstrap'}}",,,reference-person ID bootstrap,none,national PSID,,
coord_H0,5165289.256198346,False,annual bequest flow / aggregate wealth,No microdata builder; external literature normalization,/Users/tommasodesanto/Desktop/Projects/Fertility/Fertility_Spring26/output/model/e5f_matched_pf_20260909a/design_research/observer_contract/observer_contract.json,e5f_early_housing_wealth_observer_review_v2_20260911,external_annual_bequest_wealth,/Users/tommasodesanto/Desktop/Projects/Fertility/Fertility_Spring26/tmp/e5f_matched_pf/code/model/intergen_eqscale_seq_optimized/e5_target_provenance.csv,,early_measurement,-0.0002270802595553227,Annual bequests / aggregate wealth,0.26635043532909464,0.008572919740444678,True,c73fa1da258260911b51ed80cf761e8c3a78a9e4b2945856c87fdfce97b8ce20,housing_wealth.moments.annual_bequest_flow_to_aggregate_wealth,housing_wealth.moments.annual_bequest_flow_to_aggregate_wealth,,5165289.256198346,,bequest_wealth,proposed_scored_restriction,external restriction,/Users/tommasodesanto/Desktop/Projects/Fertility/Fertility_Spring26/output/model/e5f_matched_pf_20260909a/design_research/observer_contract/observer_contract.json#/records/6/sample,True,0.00044000000000000007,0.0088,inherited synthetic five-percent calibration scale; NOT a standard error,"External historical restriction; synthetic uncertainty; forced terminal deaths Borrowed historical annual aggregate flow is imperfectly matched to model mortality, nonnegative estates and forced terminal deaths; no initial PSID sample or empirical SE. Gale-Scholz/De Nardi-Yang provenance is inherited, not freshly reviewed literature.",/Users/tommasodesanto/Desktop/Projects/Fertility/Fertility_Spring26/output/model/e5f_matched_pf_20260909a/initial_calibration_contract/lead_methodological_decision.json,Inherited synthetic five-percent target scale; not empirical SE,frozen_lead_selected_working_minimum_distance_weight,0.00044000000000000007,"{'adjustment': 'Keep explicitly external or replace only with a separately identified bequest-block decision and Jacobian check.', 'builder': 'No project microdata builder; provenance ledger identifies Gale-Scholz historical normalization transmitted through De Nardi-Yang', 'candidate_diagonal_weight': 5165289.256198346, 'clustering': 'none', 'data_formula': 'annual bequest flow / aggregate wealth', 'date': 'not a measured initial window', 'estimate': 0.0088, 'fixed_effects': 'none', 'geography': 'not applicable', 'id': 'external_annual_bequest_wealth', 'mismatch': 'Borrowed historical annual aggregate flow is imperfectly matched to model mortality, nonnegative estates and forced terminal deaths; no initial PSID sample or empirical SE. Gale-Scholz/De Nardi-Yang provenance is inherited, not freshly reviewed literature.', 'model_formula': '[sum_x (1-survival_j)*g_current(x)*max(bp_pol(x)+1_owner*p*H,0)/4] / sum_x g_asset(x)*(b+1_owner*p*H). Terminal death probability forced to 1; earlier death probabilities from survival. Debt/transaction timing must remain coherent.', 'production_eligible': False, 'role': 'initial_calibration_restriction', 'sample': 'external restriction', 'status': 'externally_fixed__not_an_initial_microdata_observer', 'target_weight_status': 'approved_retained_external_normalization_with_inherited_synthetic_weight', 'uncertainty': {'empirical_se': None, 'scale': 0.00044000000000000007, 'type': 'inherited synthetic five-percent calibration scale; NOT a standard error'}}",,,none,none,not applicable,,
coord_H0,10.616361531535473,False,"Q_.90(NETWORTHR/INCFAMR)/Q_.50(NETWORTHR/INCFAMR), weighted",/Users/tommasodesanto/Desktop/Projects/Fertility/Fertility_Spring26/output/model/e5f_matched_pf_20260909a/design_research/wealth/build_initial_wealth.R,/Users/tommasodesanto/Desktop/Projects/Fertility/Fertility_Spring26/output/model/e5f_matched_pf_20260909a/design_research/observer_contract/observer_contract.json,e5f_early_housing_wealth_observer_review_v2_20260911,psid_old_wealth_dispersion_2003_2005,/Users/tommasodesanto/Desktop/Projects/Fertility/Fertility_Spring26/output/model/e5f_matched_pf_20260909a/design_research/wealth/old_wealth_results.csv,0.306910785103348,early_measurement,1.1367869304662994,"Old wealth/income p90 / median, ages 76–84",13.71935972197046,4.652722016985019,True,c73fa1da258260911b51ed80cf761e8c3a78a9e4b2945856c87fdfce97b8ce20,housing_wealth.moments.old_total_wealth_to_annual_income_p90_p50_7684,housing_wealth.moments.old_total_wealth_to_annual_income_p90_p50_7684,,,10.616361531535473,old_dispersion,proposed_scored_restriction,"Living PSID reference persons ages 76-84, relation_to_head=10, positive IW, completed children observed, INCFAMR>1000; p90/p50 of NETWORTHR/INCFAMR; 2003-2005; 644 valid family-years/416 IDs; bootstrap population 918 living reference IDs ages 65-84, before outcome/children filters.",/Users/tommasodesanto/Desktop/Projects/Fertility/Fertility_Spring26/output/model/e5f_matched_pf_20260909a/design_research/observer_contract/observer_contract.json#/records/5/sample,True,,3.51593508651872,person bootstrap,"Uniform within-age-cell overlap for ages 76--84 Modeled pension plus configured lump-sum income proxy; not PSID total family income Empirical $1000 real-income and observed-child-history filters are not reproduced At these retirement ages model denominator is pension income (including configured z scaling), while PSID INCFAMR also includes transfers, asset income and other family components. Exact $1000 cutoff is not applied (only income>0), and observed-completed-children selection has no model missingness counterpart. Full 78/82 cells do not cover exactly 76-84. Actual model property-tax lump-sum transfer is zero in this receipt; proxy uses the configured pension-plus-transfer concept.",/Users/tommasodesanto/Desktop/Projects/Fertility/Fertility_Spring26/output/model/e5f_matched_pf_20260909a/initial_calibration_contract/lead_methodological_decision.json,Recorded empirical bootstrap standard error under the retained estimator/sample,frozen_lead_selected_working_minimum_distance_weight,0.306910785103348,"{'adjustment': 'Pin annual-age selection for 76-84; confirm household income mapping and empirical $1000 real-income cutoff in normalized model units. Observe initial stationary state, not 2023. Model quantile is available but sample/income equality is not established.', 'builder': 'output/model/e5f_matched_pf_20260909a/design_research/wealth/build_initial_wealth.R (mirrors audit_intergen_bequest_family_size_targets.R)', 'candidate_diagonal_weight': 10.616361531535473, 'clustering': 'reference-person ID bootstrap', 'data_formula': 'Q_.90(NETWORTHR/INCFAMR)/Q_.50(NETWORTHR/INCFAMR), weighted', 'date': 'PSID survey waves 2003 and 2005', 'estimate': 3.51593508651872, 'fixed_effects': 'none', 'geography': 'national PSID', 'id': 'psid_old_wealth_dispersion_2003_2005', 'mismatch': 'At these retirement ages model denominator is pension income (including configured z scaling), while PSID INCFAMR also includes transfers, asset income and other family components. Exact $1000 cutoff is not applied (only income>0), and observed-completed-children selection has no model missingness counterpart. Full 78/82 cells do not cover exactly 76-84.', 'model_formula': 'Weighted p90/p50 of W/annual_gross_income_at_state using g_asset; annualization divides P income by 4, payroll gross-up only for workers. Existing old mask selects labels 78 and 82. Existing quantile algorithm matches R; no transaction wedge is subtracted from W.', 'production_eligible': False, 'role': 'initial_calibration_restriction', 'sample': 'Living PSID reference persons ages 76-84, relation_to_head=10, positive IW, completed children observed, INCFAMR>1000; p90/p50 of NETWORTHR/INCFAMR; 2003-2005; 644 valid family-years/416 IDs; bootstrap population 918 living reference IDs ages 65-84, before outcome/children filters.', 'status': 'empirical_verified__age_income_mapping_outstanding', 'target_weight_status': 'candidate_inverse_variance_not_activated', 'uncertainty': {'reps': 499, 'se': 0.306910785103348, 'seed': 20260715, 'type': 'person bootstrap'}}",,,reference-person ID bootstrap,none,national PSID,,
coord_H0,128.02070205233477,False,"sum(HHWT*min(ROOMS,9))/sum(HHWT)",/Users/tommasodesanto/Desktop/Projects/Fertility/Fertility_Spring26/output/model/e5f_matched_pf_20260909a/design_research/housing/inspect_early_housing.py; /Users/tommasodesanto/Desktop/Projects/Fertility/Fertility_Spring26/output/model/e5f_matched_pf_20260909a/design_research/housing/summarize_early_housing.py,/Users/tommasodesanto/Desktop/Projects/Fertility/Fertility_Spring26/output/model/e5f_matched_pf_20260909a/design_research/observer_contract/observer_contract.json,e5f_early_housing_wealth_observer_review_v2_20260911,acs_rooms_2005_2006,/Users/tommasodesanto/Desktop/Projects/Fertility/Fertility_Spring26/output/model/e5f_matched_pf_20260909a/design_research/housing/early_housing_target_candidates.csv,0.08838120078007809,early_measurement,0.8919170979804818,"Mean occupied rooms, capped at 9",101.84253085388586,6.453014474099134,True,c73fa1da258260911b51ed80cf761e8c3a78a9e4b2945856c87fdfce97b8ce20,housing_wealth.moments.aggregate_mean_occupied_rooms_capped9_18_85,housing_wealth.moments.aggregate_mean_occupied_rooms_capped9_18_85,,,128.02070205233477,mean_rooms,proposed_scored_restriction,ACS household heads ages 18-85; occupied renter or owner; HHWT>0; 42 MET2013 cities; 2005-2006 pooled by summed HHWT numerator/denominator; inherits all common_acs_sample filters,/Users/tommasodesanto/Desktop/Projects/Fertility/Fertility_Spring26/output/model/e5f_matched_pf_20260909a/design_research/observer_contract/observer_contract.json#/records/0/sample,True,,5.561097376118652,42-metro bootstrap,"Uniform annual-age exposure and constant policies/distribution within each four-year cell National model versus 42-MET2013 housing sample Existing HistoricalMomentObserver is pinned to 2023 and old 12 rows. min(E[s|collapsed income],9) does not equal E[min(s,9)|income]; compute direct. The initial window and geographic approximation must be retained.",/Users/tommasodesanto/Desktop/Projects/Fertility/Fertility_Spring26/output/model/e5f_matched_pf_20260909a/initial_calibration_contract/lead_methodological_decision.json,Recorded empirical bootstrap standard error under the retained estimator/sample,frozen_lead_selected_working_minimum_distance_weight,0.08838120078007809,"{'adjustment': 'Use g_current and full hR_pol before income collapse; cap each renter/owner observation, then aggregate. All 17 current four-year age cells already span 18-85: validate geometry rather than invent an extra age restriction.', 'builder': 'output/model/e5f_matched_pf_20260909a/design_research/housing/inspect_early_housing.py; summarize_early_housing.py', 'candidate_diagonal_weight': 128.02070205233477, 'clustering': '42 MET2013 city bootstrap', 'data_formula': 'sum(HHWT*min(ROOMS,9))/sum(HHWT)', 'date': '2005-2006', 'estimate': 5.561097376118652, 'fixed_effects': 'none', 'geography': '42 MET2013 city codes; not admitted-PUMA footprint', 'id': 'acs_rooms_2005_2006', 'mismatch': 'Existing HistoricalMomentObserver is pinned to 2023 and old 12 rows. min(E[s|collapsed income],9) does not equal E[min(s,9)|income]; compute direct. The initial window and geographic approximation must be retained.', 'model_formula': 'Current extract_moments: aggregate_housing_demand/total_mass, all 17 age cells, uncapped. Proposed: weighted_mean(min(s,9)) on full g, observed at pre-announcement stationary solution.', 'production_eligible': False, 'role': 'initial_calibration_restriction', 'sample': 'ACS household heads ages 18-85; occupied renter or owner; HHWT>0; 42 MET2013 cities; 2005-2006 pooled by summed HHWT numerator/denominator; inherits all common_acs_sample filters', 'status': 'empirical_verified__cap_operator_needed', 'target_weight_status': 'candidate_inverse_variance_not_activated', 'uncertainty': {'reps': 1000, 'se': 0.08838120078007809, 'seed': 20260910, 'type': '42-metro bootstrap'}}",,,42 MET2013 city bootstrap,none,42 MET2013 city codes; not admitted-PUMA footprint,"{'filters': 'sample=year*100+1; GQ in {1,2}; PERNUM=1; RELATE=1; HHWT>0; 18<=AGE<=85; OWNERSHP in {1,2}; ROOMS>0; MET2013 in pinned 42-code list', 'fixed_effects': 'none', 'geography': 'Direct MET2013 membership in 42 cities; NOT old admitted-PUMA footprint. National fertility/PSID plus metro housing is an explicitly maintained geographic approximation.', 'owner': 'OWNERSHP=1', 'rooms': 'min(ROOMS,9) before any aggregation; pooled household-weighted numerators/denominators, not average yearly ratios', 'structures': 'UNITSSTR in 3:10 for all ownership rows, including both recent-parent comparison groups; no structure restriction for rooms rows', 'survey_waves': [2005, 2006], 'uncertainty': '1000 paired metro-resampling draws, seed 20260910, 42 clusters. Not ACS official survey-design or replicate-weight standard errors.', 'weights_status': 'Inverse marginal variance values below are candidate diagonal weights under the approved design, not a promoted target/weight fingerprint.'}",
coord_H0,2339.3623724673616,False,sum(HHWT*owner)/sum(HHWT),/Users/tommasodesanto/Desktop/Projects/Fertility/Fertility_Spring26/output/model/e5f_matched_pf_20260909a/design_research/housing/inspect_early_housing.py; /Users/tommasodesanto/Desktop/Projects/Fertility/Fertility_Spring26/output/model/e5f_matched_pf_20260909a/design_research/housing/summarize_early_housing.py,/Users/tommasodesanto/Desktop/Projects/Fertility/Fertility_Spring26/output/model/e5f_matched_pf_20260909a/design_research/observer_contract/observer_contract.json,e5f_early_housing_wealth_observer_review_v2_20260911,acs_ownership_30_55_2005_2006,/Users/tommasodesanto/Desktop/Projects/Fertility/Fertility_Spring26/output/model/e5f_matched_pf_20260909a/design_research/housing/early_housing_target_candidates.csv,0.020675272863460718,early_measurement,-0.10523098350390026,"Ownership, heads 30–55",25.905069334053945,0.543103050815249,True,c73fa1da258260911b51ed80cf761e8c3a78a9e4b2945856c87fdfce97b8ce20,housing_wealth.moments.own_rate_30_55,housing_wealth.moments.own_rate_30_55,,,2339.3623724673616,ownership_30_55,proposed_scored_restriction,ACS heads ages 30-55; DUE structures UNITSSTR 3:10; HHWT>0; 42 MET2013 cities; 2005-2006; inherits all common_acs_sample filters,/Users/tommasodesanto/Desktop/Projects/Fertility/Fertility_Spring26/output/model/e5f_matched_pf_20260909a/design_research/observer_contract/observer_contract.json#/records/1/sample,True,,0.6483340343191493,42-metro bootstrap,Uniform annual-age exposure and constant policies/distribution within each four-year cell National model versus 42-MET2013 housing sample ACS DUE structure restriction is not represented by a model state Current nearest-index mask includes full 54-57 cell; no structure-type state allows exact UNITSSTR filtering. Neither issue is resolved by changing the row name.,/Users/tommasodesanto/Desktop/Projects/Fertility/Fertility_Spring26/output/model/e5f_matched_pf_20260909a/initial_calibration_contract/lead_methodological_decision.json,Recorded empirical bootstrap standard error under the retained estimator/sample,frozen_lead_selected_working_minimum_distance_weight,0.020675272863460718,"{'adjustment': 'Use owner indicator on full realized distribution with declared 30-55 age-exposure selector; pin the maintained DUE-to-model-product interpretation.', 'builder': 'output/model/e5f_matched_pf_20260909a/design_research/housing/inspect_early_housing.py; summarize_early_housing.py', 'candidate_diagonal_weight': 2339.3623724673616, 'clustering': '42 MET2013 city bootstrap', 'data_formula': 'sum(HHWT*owner)/sum(HHWT)', 'date': '2005-2006', 'estimate': 0.6483340343191493, 'fixed_effects': 'none', 'geography': '42 MET2013 cities; not admitted-PUMA footprint', 'id': 'acs_ownership_30_55_2005_2006', 'mismatch': 'Current nearest-index mask includes full 54-57 cell; no structure-type state allows exact UNITSSTR filtering. Neither issue is resolved by changing the row name.', 'model_formula': 'own_rate_3055=sum(g[owner tenures, ages 30:55])/sum(g[all tenures, ages 30:55])', 'production_eligible': False, 'role': 'initial_calibration_restriction', 'sample': 'ACS heads ages 30-55; DUE structures UNITSSTR 3:10; HHWT>0; 42 MET2013 cities; 2005-2006; inherits all common_acs_sample filters', 'status': 'empirical_verified__age_and_structure_mapping_outstanding', 'target_weight_status': 'candidate_inverse_variance_not_activated', 'uncertainty': {'reps': 1000, 'se': 0.020675272863460718, 'seed': 20260910, 'type': '42-metro bootstrap'}}",,,42 MET2013 city bootstrap,none,42 MET2013 cities; not admitted-PUMA footprint,"{'filters': 'sample=year*100+1; GQ in {1,2}; PERNUM=1; RELATE=1; HHWT>0; 18<=AGE<=85; OWNERSHP in {1,2}; ROOMS>0; MET2013 in pinned 42-code list', 'fixed_effects': 'none', 'geography': 'Direct MET2013 membership in 42 cities; NOT old admitted-PUMA footprint. National fertility/PSID plus metro housing is an explicitly maintained geographic approximation.', 'owner': 'OWNERSHP=1', 'rooms': 'min(ROOMS,9) before any aggregation; pooled household-weighted numerators/denominators, not average yearly ratios', 'structures': 'UNITSSTR in 3:10 for all ownership rows, including both recent-parent comparison groups; no structure restriction for rooms rows', 'survey_waves': [2005, 2006], 'uncertainty': '1000 paired metro-resampling draws, seed 20260910, 42 clusters. Not ACS official survey-design or replicate-weight standard errors.', 'weights_status': 'Inverse marginal variance values below are candidate diagonal weights under the approved design, not a promoted target/weight fingerprint.'}",
coord_H0,137.5652749002964,False,"beta(event=+3)-beta(event=-1), omitted event=-2; person/year FE, age/education controls, longitudinal IW",/Users/tommasodesanto/Desktop/Projects/Fertility/Fertility_Spring26/code/data/psid_followup_mar2026/sa_rooms_first_birth_household_aligned_v1.do,/Users/tommasodesanto/Desktop/Projects/Fertility/Fertility_Spring26/output/model/e5f_matched_pf_20260909a/design_research/observer_contract/observer_contract.json,e5f_early_housing_wealth_observer_review_v2_20260911,psid_sa_first_birth_rooms,/Users/tommasodesanto/Desktop/Projects/Fertility/Fertility_Spring26/code/data/psid_followup_mar2026/output/sa_rooms_first_birth_household_aligned_v1/target_receipt.csv,0.0852600513385958,early_measurement,0.24822000839312763,"First-birth room response, −1 to +3",8.475833021615333,0.9684662707746554,True,c73fa1da258260911b51ed80cf761e8c3a78a9e4b2945856c87fdfce97b8ce20,housing_wealth.moments.housing_increment_0to1,housing_wealth.moments.housing_increment_0to1,,,137.5652749002964,first_birth_rooms,proposed_scored_restriction,"Women age 18+, current reference/spouse, positive IW, single-FID dwelling, one woman per household-year; confirmed never-treated controls; 49,457 household-years, 4,112 persons",/Users/tommasodesanto/Desktop/Projects/Fertility/Fertility_Spring26/output/model/e5f_matched_pf_20260909a/design_research/observer_contract/observer_contract.json#/records/7/sample,True,,0.7202462623815278,"Sun-Abraham covariance contrast, clustered individual ID","Pooled PSID response applied to initial stationary economy under stability assumption Matched model risk-set weights differ from Sun-Abraham cohort/event weights; non-flat prepath caveat retained Applying the unchanged pooled contrast to initial stationary economy requires approved stability approximation. Model matched-risk weights differ from estimator cohort/event weights. Non-flat prepath and normalization dependence remain disclosed; September5 normalization check changed point to .730459 with identical fitted values, not a replacement target. Four-year approximation is not literal observed -1/+3 child ages. Keep PSID rooms uncapped; do not import ACS cap.",/Users/tommasodesanto/Desktop/Projects/Fertility/Fertility_Spring26/output/model/e5f_matched_pf_20260909a/initial_calibration_contract/lead_methodological_decision.json,Recorded empirical bootstrap standard error under the retained estimator/sample,frozen_lead_selected_working_minimum_distance_weight,0.0852600513385958,"{'adjustment': 'For an initial stationary observer call begin_dated_first_birth_housing_branch then finish_dated_first_birth_housing_branch with the stationary policy as BOTH dates; retain destination continuation births and no Census age bridge. Do NOT use first_birth_housing_response sequential legacy helper, which suppresses continuation births. Certify the same paired branch with mass/timing checks.', 'builder': 'code/data/psid_followup_mar2026/sa_rooms_first_birth_household_aligned_v1.do; finalize_first_birth_rooms_target_receipt.py', 'candidate_diagonal_weight': 137.5652749002964, 'clustering': 'selected woman stable ID; one household-year observation, primary analytic cluster covariance', 'data_formula': 'beta(event=+3)-beta(event=-1), omitted event=-2; person/year FE, age/education controls, longitudinal IW', 'date': 'Pooled PSID event-time -1 to +3; treated input observations 1970-2019, not an early-only regression', 'estimate': 0.7202462623815278, 'fixed_effects': 'person ID and survey year; age and education controls', 'geography': 'national PSID', 'id': 'psid_sa_first_birth_rooms', 'mismatch': 'Applying the unchanged pooled contrast to initial stationary economy requires approved stability approximation. Model matched-risk weights differ from estimator cohort/event weights. Non-flat prepath and normalization dependence remain disclosed; September5 normalization check changed point to .730459 with identical fitted values, not a replacement target. Four-year approximation is not literal observed -1/+3 child ages. Keep PSID rooms uncapped; do not import ACS cap.', 'model_formula': 'Select successful first births from initial g_pre; clone identical pre-birth states into treated n=1,m=1 and childless control. Advance both one period with origin policies/survival/income/maturation, then realize destination housing with destination policies. Treated may have continuation birth; control stays childless. Difference of destination uncapped rooms equals matched difference in changes.', 'production_eligible': False, 'role': 'initial_calibration_restriction', 'sample': 'Women age 18+, current reference/spouse, positive IW, single-FID dwelling, one woman per household-year; confirmed never-treated controls; 49,457 household-years, 4,112 persons', 'status': 'verified_empirical_contrast__provisional_structural_mapping', 'target_weight_status': 'candidate_inverse_variance_not_activated', 'uncertainty': {'reference_period': -2, 'se': 0.0852600513385958, 'type': 'Sun-Abraham covariance contrast, clustered individual ID', 'variance_formula': 'Var(beta_3)+Var(beta_-1)-2Cov(beta_3,beta_-1)'}}",,,"selected woman stable ID; one household-year observation, primary analytic cluster covariance",person ID and survey year; age and education controls,national PSID,,
coord_H0,280.52808370152104,False,"E[min(ROOMS,9)|NCHILD>=3,YNGCH<18]-E[min(ROOMS,9)|NCHILD=1-2,YNGCH<18]",/Users/tommasodesanto/Desktop/Projects/Fertility/Fertility_Spring26/output/model/e5f_matched_pf_20260909a/design_research/housing/inspect_early_housing.py; /Users/tommasodesanto/Desktop/Projects/Fertility/Fertility_Spring26/output/model/e5f_matched_pf_20260909a/design_research/housing/summarize_early_housing.py,/Users/tommasodesanto/Desktop/Projects/Fertility/Fertility_Spring26/output/model/e5f_matched_pf_20260909a/design_research/observer_contract/observer_contract.json,e5f_early_housing_wealth_observer_review_v2_20260911,acs_rooms_3plus_minus_1to2_2005_2006,/Users/tommasodesanto/Desktop/Projects/Fertility/Fertility_Spring26/output/model/e5f_matched_pf_20260909a/design_research/housing/early_housing_target_candidates.csv,0.059705154633000496,early_measurement,-0.17415567451852887,Rooms: 3+ versus 1–2 resident children (model dependent proxy),8.50847259449942,0.17291125727772183,True,c73fa1da258260911b51ed80cf761e8c3a78a9e4b2945856c87fdfce97b8ce20,housing_wealth.moments.prime30_55_model_dependent_3plus_minus_1to2_rooms_capped9,housing_wealth.moments.prime30_55_model_dependent_3plus_minus_1to2_rooms_capped9,,,280.52808370152104,family_rooms,proposed_scored_restriction,"ACS heads ages 30-55, YNGCH<18; NCHILD>=3 minus NCHILD=1-2; 42 MET2013 cities; 2005-2006; inherits all common_acs_sample filters",/Users/tommasodesanto/Desktop/Projects/Fertility/Fertility_Spring26/output/model/e5f_matched_pf_20260909a/design_research/observer_contract/observer_contract.json#/records/3/sample,True,,0.3470669317962507,42-metro bootstrap,"Uniform annual-age exposure and constant policies/distribution within each four-year cell National model versus 42-MET2013 housing sample Model dependent counts replace ACS resident own children with YNGCH<18 ACS NCHILD counts ALL resident own children while YNGCH<18 requires at least one minor. Example: ages 4,19,21 is empirical large family but may be one model dependent. m has no deterministic child-age bound under binomial maturation. Verifying independent_count is necessary but insufficient for exact ACS group equivalence.",/Users/tommasodesanto/Desktop/Projects/Fertility/Fertility_Spring26/output/model/e5f_matched_pf_20260909a/initial_calibration_contract/lead_methodological_decision.json,Recorded empirical bootstrap standard error under the retained estimator/sample,frozen_lead_selected_working_minimum_distance_weight,0.059705154633000496,"{'adjustment': 'Cap full income-resolved renter and owner rooms before any collapse. Runtime-assert child_state_mode=independent_count and child_bin_high_cutoff=3. Need explicit resident-child approximation or richer observation information before SMM certification.', 'builder': 'output/model/e5f_matched_pf_20260909a/design_research/housing/inspect_early_housing.py; summarize_early_housing.py', 'candidate_diagonal_weight': 280.52808370152104, 'clustering': '42 MET2013 city bootstrap', 'data_formula': 'E[min(ROOMS,9)|NCHILD>=3,YNGCH<18]-E[min(ROOMS,9)|NCHILD=1-2,YNGCH<18]', 'date': '2005-2006', 'estimate': 0.3470669317962507, 'fixed_effects': 'none', 'geography': '42 MET2013 cities; not admitted-PUMA footprint', 'id': 'acs_rooms_3plus_minus_1to2_2005_2006', 'mismatch': 'ACS NCHILD counts ALL resident own children while YNGCH<18 requires at least one minor. Example: ages 4,19,21 is empirical large family but may be one model dependent. m has no deterministic child-age bound under binomial maturation. Verifying independent_count is necessary but insufficient for exact ACS group equivalence.', 'model_formula': 'Current child_bin_high_cutoff=3 and independent_count use m=cs, subject to cs<=n: high group m>=3; low group 1<=m<=2. Existing moment is uncapped and uses current prime age mask. Proposed proxy: E[min(s,9)|m>=3]-E[min(s,9)|1<=m<=2], with declared age selector.', 'production_eligible': False, 'role': 'initial_calibration_restriction', 'sample': 'ACS heads ages 30-55, YNGCH<18; NCHILD>=3 minus NCHILD=1-2; 42 MET2013 cities; 2005-2006; inherits all common_acs_sample filters', 'status': 'empirical_verified__resident_child_mapping_outstanding', 'target_weight_status': 'candidate_inverse_variance_not_activated', 'uncertainty': {'reps': 1000, 'se': 0.059705154633000496, 'seed': 20260910, 'type': '42-metro bootstrap'}}",,,42 MET2013 city bootstrap,none,42 MET2013 cities; not admitted-PUMA footprint,"{'filters': 'sample=year*100+1; GQ in {1,2}; PERNUM=1; RELATE=1; HHWT>0; 18<=AGE<=85; OWNERSHP in {1,2}; ROOMS>0; MET2013 in pinned 42-code list', 'fixed_effects': 'none', 'geography': 'Direct MET2013 membership in 42 cities; NOT old admitted-PUMA footprint. National fertility/PSID plus metro housing is an explicitly maintained geographic approximation.', 'owner': 'OWNERSHP=1', 'rooms': 'min(ROOMS,9) before any aggregation; pooled household-weighted numerators/denominators, not average yearly ratios', 'structures': 'UNITSSTR in 3:10 for all ownership rows, including both recent-parent comparison groups; no structure restriction for rooms rows', 'survey_waves': [2005, 2006], 'uncertainty': '1000 paired metro-resampling draws, seed 20260910, 42 clusters. Not ACS official survey-design or replicate-weight standard errors.', 'weights_status': 'Inverse marginal variance values below are candidate diagonal weights under the approved design, not a promoted target/weight fingerprint.'}",
coord_H0,27055.822957508266,False,"Pr(owner|NCHILD>0,ELDCH<4)-Pr(owner|NCHILD=0)",/Users/tommasodesanto/Desktop/Projects/Fertility/Fertility_Spring26/output/model/e5f_matched_pf_20260909a/design_research/housing/inspect_early_housing.py; /Users/tommasodesanto/Desktop/Projects/Fertility/Fertility_Spring26/output/model/e5f_matched_pf_20260909a/design_research/housing/summarize_early_housing.py,/Users/tommasodesanto/Desktop/Projects/Fertility/Fertility_Spring26/output/model/e5f_matched_pf_20260909a/design_research/observer_contract/observer_contract.json,e5f_early_housing_wealth_observer_review_v2_20260911,acs_recent_parent_owner_gap_2005_2006,/Users/tommasodesanto/Desktop/Projects/Fertility/Fertility_Spring26/output/model/e5f_matched_pf_20260909a/design_research/housing/early_housing_target_candidates.csv,0.006079524679464666,recent_parent_observation,-0.01716857642716013,Recent-parent ownership gap,7.974974822329623,0.14572693273407272,True,c73fa1da258260911b51ed80cf761e8c3a78a9e4b2945856c87fdfce97b8ce20,ownership_current_birth_from_empty_dependent_home_minus_current_empty_home_30_55,model_value,,,27055.822957508266,recent_parent_ownership,proposed_scored_restriction,ACS heads ages 30-55; recent parent NCHILD>0 and ELDCH<4 minus NCHILD=0 controls; 42 MET2013 cities; 2005-2006; inherits all common_acs_sample filters; both groups also require UNITSSTR in 3:10,/Users/tommasodesanto/Desktop/Projects/Fertility/Fertility_Spring26/output/model/e5f_matched_pf_20260909a/design_research/observer_contract/observer_contract.json#/records/2/sample,True,,0.16289550916123285,42-metro bootstrap,"ELDCH is OLDEST resident own child: all resident own children must be under four. Model has no child ages or time since birth; independent binomial maturation has mean 18 years but no deterministic under-18 cutoff. ACS NCHILD=0 includes former parents with no own child resident, whereas model control is lifetime n=0. Adding m=0 controls would still conflate absent dependents with absent resident adult children. Unavailable: ACS oldest resident child under four and no-resident-child controls cannot be reconstructed from dependent counts and lifetime parity",/Users/tommasodesanto/Desktop/Projects/Fertility/Fertility_Spring26/output/model/e5f_matched_pf_20260909a/initial_calibration_contract/lead_methodological_decision.json,Recorded empirical bootstrap standard error under the retained estimator/sample,frozen_lead_selected_working_minimum_distance_weight,0.006079524679464666,"{'adjustment': 'Exact ACS recent-parent group and resident-child controls cannot be recovered from current count-only states. Do not substitute n=0 controls or all m>0 parents without an explicitly approved proxy contract; retain identifying row as blocked rather than silently dropping it.', 'builder': 'output/model/e5f_matched_pf_20260909a/design_research/housing/inspect_early_housing.py; summarize_early_housing.py', 'candidate_diagonal_weight': 27055.822957508266, 'clustering': '42 MET2013 city bootstrap', 'data_formula': 'Pr(owner|NCHILD>0,ELDCH<4)-Pr(owner|NCHILD=0)', 'date': '2005-2006', 'estimate': 0.16289550916123285, 'fixed_effects': 'none', 'geography': '42 MET2013 cities; not admitted-PUMA footprint', 'id': 'acs_recent_parent_owner_gap_2005_2006', 'mismatch': 'ELDCH is OLDEST resident own child: all resident own children must be under four. Model has no child ages or time since birth; independent binomial maturation has mean 18 years but no deterministic under-18 cutoff. ACS NCHILD=0 includes former parents with no own child resident, whereas model control is lifetime n=0. Adding m=0 controls would still conflate absent dependents with absent resident adult children.', 'model_formula': 'Under independent_count: Pr(owner | n>=1,m>0, current prime mask) - Pr(owner | n=0,childless readiness states,current prime mask). newparent_cs includes ALL positive dependent counts, with no recency condition.', 'production_eligible': False, 'role': 'initial_calibration_restriction', 'sample': 'ACS heads ages 30-55; recent parent NCHILD>0 and ELDCH<4 minus NCHILD=0 controls; 42 MET2013 cities; 2005-2006; inherits all common_acs_sample filters; both groups also require UNITSSTR in 3:10', 'status': 'verified_empirical__irreducible_group_mismatch', 'target_weight_status': 'candidate_inverse_variance_not_activated', 'uncertainty': {'reps': 1000, 'se': 0.006079524679464666, 'seed': 20260910, 'type': '42-metro bootstrap'}}",,,42 MET2013 city bootstrap,none,42 MET2013 cities; not admitted-PUMA footprint,"{'filters': 'sample=year*100+1; GQ in {1,2}; PERNUM=1; RELATE=1; HHWT>0; 18<=AGE<=85; OWNERSHP in {1,2}; ROOMS>0; MET2013 in pinned 42-code list', 'fixed_effects': 'none', 'geography': 'Direct MET2013 membership in 42 cities; NOT old admitted-PUMA footprint. National fertility/PSID plus metro housing is an explicitly maintained geographic approximation.', 'owner': 'OWNERSHP=1', 'rooms': 'min(ROOMS,9) before any aggregation; pooled household-weighted numerators/denominators, not average yearly ratios', 'structures': 'UNITSSTR in 3:10 for all ownership rows, including both recent-parent comparison groups; no structure restriction for rooms rows', 'survey_waves': [2005, 2006], 'uncertainty': '1000 paired metro-resampling draws, seed 20260910, 42 clusters. Not ACS official survey-design or replicate-weight standard errors.', 'weights_status': 'Inverse marginal variance values below are candidate diagonal weights under the approved design, not a promoted target/weight fingerprint.'}","{'age_projection': 'uniform_within_age_cell', 'approximation_id': 'early_2007_parenthood_md_working_v1__recent_parent_synchronized_proxy', 'decision_sha256': 'b1d399c290d257e56e008afb6d7b76ac1f69191685c8d9e89a4b0bfb06533c9a', 'decision_source': '/Users/tommasodesanto/Desktop/Projects/Fertility/Fertility_Spring26/output/model/e5f_matched_pf_20260909a/initial_calibration_contract/lead_methodological_decision.json', 'declaration': 'Synchronized post-fertility snapshot; uniform head-age overlap; model dependents proxy resident own children; actual current births from previously empty-dependent homes versus current empty homes inclformerparents. Not an exact annualACS interview reconstruction.', 'diagnostic_allow_residence_proxy': True, 'exact_acs': False, 'maintained': True, 'moment': 'ownership_current_birth_from_empty_dependent_home_minus_current_empty_home_30_55', 'observer_id': 'e5f_recent_parent_flow_diagnostic_v1', 'snapshot': 'synchronized_post_fertility_snapshot'}"
coord_beta_annual,,False,"Author-selected stationary model normalization, using maintained top-parity representative; not empirical female period TFR","Author-selected model normalization, not empirical estimation",/Users/tommasodesanto/Desktop/Projects/Fertility/Fertility_Spring26/output/model/e5f_matched_pf_20260909a/OVERNIGHT_PLAN.md,author_initial_model_fertility_2_1,author_2_1,/Users/tommasodesanto/Desktop/Projects/Fertility/Fertility_Spring26/output/model/e5f_matched_pf_20260909a/OVERNIGHT_PLAN.md,,normalization,-1.4757721505720411e-05,Initial model completed fertility,,2.0999852422784944,True,32c75e969546231af740e64ed8ed37f67fe197b465e43e4352a7e6f6cc132f8c,final.normalization.completed_fertility,completed_fertility,,,,initial_normalization,normalization_separate_from_scored_objective,"Author-selected stationary model normalization, using maintained top-parity representative; not empirical female period TFR","Author-selected model normalization, as explicitly recorded in the preserved target definition",False,,2.1,Author normalization; no empirical SE,Separate from CPS age-window stocks and actual birth/entry accounting.,/Users/tommasodesanto/Desktop/Projects/Fertility/Fertility_Spring26/output/model/e5f_matched_pf_20260909a/initial_calibration_contract/lead_methodological_decision.json,Separate exact normalization within tolerance5e-4,separate_unscored_normalization,,,,,,,,,
coord_beta_annual,35532.3042455214,False,Weighted P(FREVER=0) among pooled June 2004 and June 2006 women age 40-44 with valid FREVER 0-20 and positive FRSUPPWT.,/Users/tommasodesanto/Desktop/Projects/Fertility/Fertility_Spring26/output/model/e5f_matched_pf_20260909a/parameter_target_audit/fertility/extract_fertility_availability.py; /Users/tommasodesanto/Desktop/Projects/Fertility/Fertility_Spring26/output/model/e5f_matched_pf_20260909a/design_research/fertility_contract/verify_fertility_contract.py,/Users/tommasodesanto/Desktop/Projects/Fertility/Fertility_Spring26/output/model/e5f_matched_pf_20260909a/design_research/fertility_contract/fertility_target_contract.json,early_cps_nchs_fertility_certification_20260911_v2_not_activated,cps_childless_women_40_44_2004_2006,/Users/tommasodesanto/Desktop/Projects/Fertility/Fertility_Spring26/output/model/e5f_matched_pf_20260909a/parameter_target_audit/fertility/fertility_availability.json,,early_measurement,-0.0018609355953822238,"Childless women, ages 40–44",0.12305125802895892,0.19641781541146042,True,32c75e969546231af740e64ed8ed37f67fe197b465e43e4352a7e6f6cc132f8c,fertility.uniform_birth_time.moments.childless_rate_40_44,fertility.uniform_birth_time.moments.childless_rate_40_44,,,,cps_childlessness,proposed_scored_restriction,"June, femaleSEX2,age40-44,FREVER0-20,FRSUPPWT>0;excludeFREVER999NIU; 2004+2006 pooled weighted records; Weighted P(FREVER=0) among pooled June 2004 and June 2006 women age 40-44 with valid FREVER 0-20 and positive FRSUPPWT.",/Users/tommasodesanto/Desktop/Projects/Fertility/Fertility_Spring26/output/model/e5f_matched_pf_20260909a/parameter_target_audit/fertility/fertility_availability.json#/sample and /Users/tommasodesanto/Desktop/Projects/Fertility/Fertility_Spring26/output/model/e5f_matched_pf_20260909a/design_research/fertility_contract/fertility_target_contract.json#/candidate_moments/0/definition,True,,0.19827875100684264,annual_generalized_variance_approximation_recovered_pooled_covariance_not_certified,Uniform birth-time parity interpolation is the main diagnostic; constant-post-cell sensitivity retained. Model household reproductive member is not certified female exposure; no empirical age reweighting.,/Users/tommasodesanto/Desktop/Projects/Fertility/Fertility_Spring26/output/model/e5f_matched_pf_20260909a/initial_calibration_contract/lead_methodological_decision.json,CPS official annual generalized-variance approximations pooled with fixed observed weights and correlation-one working convention; not design-exact pooled SE,frozen_lead_selected_working_minimum_distance_weight,0.005305035738317728,"{'active_weight': None, 'definition': 'Weighted P(FREVER=0) among pooled June 2004 and June 2006 women age 40-44 with valid FREVER 0-20 and positive FRSUPPWT.', 'id': 'cps_childless_women_40_44_2004_2006', 'model_observer_status': 'blocked_by_age_window_mapping', 'production_active': False, 'reported_value': 0.198279, 'sample_records': 10872, 'uncertainty': {'annual_official_approximate_sampling_gvf_se': {'2004': {'approximate_gvf_se': 0.0052157901461549385, 'b_parameter': 2016, 'denominator_population_units': 11534656.9936, 'value': 0.1928386121957651}, '2006': {'approximate_gvf_se': 0.005396662766690418, 'b_parameter': 2016, 'denominator_population_units': 11234864.9964, 'value': 0.20386405489820397}}, 'pooled_candidates': {'annual': {'2004': {'approximate_gvf_se': 0.0052157901461549385, 'b_parameter': 2016, 'denominator_population_units': 11534656.9936, 'value': 0.1928386121957651}, '2006': {'approximate_gvf_se': 0.005396662766690418, 'b_parameter': 2016, 'denominator_population_units': 11234864.9964, 'value': 0.20386405489820397}}, 'base_share_2004': 0.5065831860091674, 'pooled_fixed_bases_max_positive_correlation_se': 0.005305035738317728, 'pooled_fixed_bases_zero_crossyear_covariance_se': 0.0037512549510131253, 'qualification': 'Annual official generalized-variance approximation. Pooled candidates condition on observed base shares; cross-year covariance and random conditional-mother bases are not certified. Neither scale is adopted.'}, 'sampling_se': None, 'status': 'annual_generalized_variance_approximation_recovered_pooled_covariance_not_certified'}, 'value': 0.19827875100684264, 'weighted_denominator': 22769521.989999805}",IPUMS fertility supplement FRSUPPWT divided10000 as supplied loader; official Census supplement weight crosswalk not independently certified,,,,,,
coord_beta_annual,26952.820824310795,False,Weighted P(FREVER=1 | FREVER>=1) in the same pooled CPS sample.,/Users/tommasodesanto/Desktop/Projects/Fertility/Fertility_Spring26/output/model/e5f_matched_pf_20260909a/parameter_target_audit/fertility/extract_fertility_availability.py; /Users/tommasodesanto/Desktop/Projects/Fertility/Fertility_Spring26/output/model/e5f_matched_pf_20260909a/design_research/fertility_contract/verify_fertility_contract.py,/Users/tommasodesanto/Desktop/Projects/Fertility/Fertility_Spring26/output/model/e5f_matched_pf_20260909a/design_research/fertility_contract/fertility_target_contract.json,early_cps_nchs_fertility_certification_20260911_v2_not_activated,cps_exactly_one_among_mothers_40_44_2004_2006,/Users/tommasodesanto/Desktop/Projects/Fertility/Fertility_Spring26/output/model/e5f_matched_pf_20260909a/parameter_target_audit/fertility/fertility_availability.json,,early_measurement,0.0027989267782191907,"Exactly one child among mothers, ages 40–44",0.21114815872255793,0.2164542519983662,True,32c75e969546231af740e64ed8ed37f67fe197b465e43e4352a7e6f6cc132f8c,fertility.uniform_birth_time.moments.exactly_one_among_mothers_40_44,fertility.uniform_birth_time.moments.exactly_one_among_mothers_40_44,,,,cps_exactly_one,proposed_scored_restriction,"June, femaleSEX2,age40-44,FREVER0-20,FRSUPPWT>0;excludeFREVER999NIU; 2004+2006 pooled weighted records; Weighted P(FREVER=1 | FREVER>=1) in the same pooled CPS sample.",/Users/tommasodesanto/Desktop/Projects/Fertility/Fertility_Spring26/output/model/e5f_matched_pf_20260909a/parameter_target_audit/fertility/fertility_availability.json#/sample and /Users/tommasodesanto/Desktop/Projects/Fertility/Fertility_Spring26/output/model/e5f_matched_pf_20260909a/design_research/fertility_contract/fertility_target_contract.json#/candidate_moments/1/definition,True,,0.21365532522014702,annual_generalized_variance_approximation_recovered_pooled_covariance_not_certified,Uniform birth-time parity interpolation is the main diagnostic; constant-post-cell sensitivity retained. Model household reproductive member is not certified female exposure; no empirical age reweighting.,/Users/tommasodesanto/Desktop/Projects/Fertility/Fertility_Spring26/output/model/e5f_matched_pf_20260909a/initial_calibration_contract/lead_methodological_decision.json,CPS official annual generalized-variance approximations pooled with fixed observed weights and correlation-one working convention; not design-exact pooled SE,frozen_lead_selected_working_minimum_distance_weight,0.0060911302714076404,"{'active_weight': None, 'definition': 'Weighted P(FREVER=1 | FREVER>=1) in the same pooled CPS sample.', 'id': 'cps_exactly_one_among_mothers_40_44_2004_2006', 'model_observer_status': 'blocked_by_age_window_mapping; literal parity-one conditional-on-parenthood stock, not a continuation hazard', 'production_active': False, 'reported_value': 0.213655, 'uncertainty': {'annual_official_approximate_sampling_gvf_se': {'2004': {'approximate_gvf_se': 0.006046407789789988, 'b_parameter': 2016, 'denominator_population_units': 9310329.7468, 'value': 0.21511000477596962}, '2006': {'approximate_gvf_se': 0.006137682005815865, 'b_parameter': 2016, 'denominator_population_units': 8944479.862, 'value': 0.21214114591071567}}, 'pooled_candidates': {'annual': {'2004': {'approximate_gvf_se': 0.006046407789789988, 'b_parameter': 2016, 'denominator_population_units': 9310329.7468, 'value': 0.21511000477596962}, '2006': {'approximate_gvf_se': 0.006137682005815865, 'b_parameter': 2016, 'denominator_population_units': 8944479.862, 'value': 0.21214114591071567}}, 'base_share_2004': 0.5100206436725485, 'pooled_fixed_bases_max_positive_correlation_se': 0.0060911302714076404, 'pooled_fixed_bases_zero_crossyear_covariance_se': 0.004307418797745566, 'qualification': 'Annual official generalized-variance approximation. Pooled candidates condition on observed base shares; cross-year covariance and random conditional-mother bases are not certified. Neither scale is adopted.'}, 'sampling_se': None, 'status': 'annual_generalized_variance_approximation_recovered_pooled_covariance_not_certified'}, 'value': 0.21365532522014702, 'weighted_mother_denominator': 18254809.608799897, 'weighted_numerator': 3900237.283800007}",IPUMS fertility supplement FRSUPPWT divided10000 as supplied loader; official Census supplement weight crosswalk not independently certified,,,,,,
coord_beta_annual,139.82806784479274,False,"Pooled national first-birth counts ages 12-49, 2003-2006; age <=21 mapped to midpoint 20, 22-25 to 24, ..., age >=42 to 44; count-weighted mean.",/Users/tommasodesanto/Desktop/Projects/Fertility/Fertility_Spring26/code/data/nchs_natality_timing/build_first_birth_timing.R; /Users/tommasodesanto/Desktop/Projects/Fertility/Fertility_Spring26/output/model/e5f_matched_pf_20260909a/design_research/fertility_contract/verify_fertility_contract.py,/Users/tommasodesanto/Desktop/Projects/Fertility/Fertility_Spring26/output/model/e5f_matched_pf_20260909a/design_research/fertility_contract/fertility_target_contract.json,early_cps_nchs_fertility_certification_20260911_v2_not_activated,nchs_period_mean_age_first_birth_2003_2006,/Users/tommasodesanto/Desktop/Projects/Fertility/Fertility_Spring26/code/data/nchs_natality_timing/first_birth_counts_year_age.csv,,early_measurement,0.10552376735123303,Period mean first-birth age,1.5570226564475085,26.08178762834373,True,32c75e969546231af740e64ed8ed37f67fe197b465e43e4352a7e6f6cc132f8c,fertility.uniform_birth_time.moments.period_mean_age_first_birth,fertility.uniform_birth_time.moments.period_mean_age_first_birth,,,,nchs_mean_age,proposed_scored_restriction,"US-named raw files; exact/decoded age12-49 and known live-birth order1; 2003 under15 recode mapped14; Pooled national first-birth counts ages 12-49, 2003-2006; age <=21 mapped to midpoint 20, 22-25 to 24, ..., age >=42 to 44; count-weighted mean.",/Users/tommasodesanto/Desktop/Projects/Fertility/Fertility_Spring26/output/model/e5f_matched_pf_20260909a/design_research/fertility_contract/fertility_target_contract.json#/nchs_source_cautions/sample and #/candidate_moments/2/definition,True,,25.976263860992496,national_count_not_probability_sample,"First-birth flow timing, not completed-cohort timing. Household maternal proxy; empirical under-18/over-45 tail collapse retained; raw builder residence and unknown-order comparability remain unresolved.",/Users/tommasodesanto/Desktop/Projects/Fertility/Fertility_Spring26/output/model/e5f_matched_pf_20260909a/initial_calibration_contract/lead_methodological_decision.json,2003–2006 annual temporal SD: chosen typical-year discrepancy scale for approximate stationary target; not sampling SE,frozen_lead_selected_working_minimum_distance_weight,0.0845673694617251,"{'active_weight': None, 'definition': 'Pooled national first-birth counts ages 12-49, 2003-2006; age <=21 mapped to midpoint 20, 22-25 to 24, ..., age >=42 to 44; count-weighted mean.', 'first_birth_count': 6611269, 'id': 'nchs_period_mean_age_first_birth_2003_2006', 'model_observer_status': 'dated_flow_primitive_available_scored_period_adapter_and_population_mapping_not_certified', 'production_active': False, 'reported_value': 25.976264, 'uncertainty': {'annual_2003_2006_sample_sd': 0.0845673694617251, 'conditional_multinomial_process_se': 0.002249891508714525, 'conditional_multinomial_qualification': 'Model-based process variation conditional on total first births; not a sampling SE and not adopted for SMM. Our mean-age delta-method extension is not a quoted NCHS formula.', 'note': 'annual SD is period variation, not a sampling SE', 'sampling_se': None, 'status': 'national_count_not_probability_sample', 'temporal_variation': {'annual_range': 0.18579015118294961, 'annual_sample_sd': 0.0845673694617251, 'maximum_leave_one_year_shift': 0.03969117381891607}}, 'value': 25.976263860992496}",,None in authoritative builder: reads age/order only. Do not label exact sample US-resident births without verification.,,,,,
coord_beta_annual,13866.065434728798,False,"Pooled national first-birth counts ages 12-49, 2003-2006; exact maternal age >=30 divided by all first births in the pooled window.",/Users/tommasodesanto/Desktop/Projects/Fertility/Fertility_Spring26/code/data/nchs_natality_timing/build_first_birth_timing.R; /Users/tommasodesanto/Desktop/Projects/Fertility/Fertility_Spring26/output/model/e5f_matched_pf_20260909a/design_research/fertility_contract/verify_fertility_contract.py,/Users/tommasodesanto/Desktop/Projects/Fertility/Fertility_Spring26/output/model/e5f_matched_pf_20260909a/design_research/fertility_contract/fertility_target_contract.json,early_cps_nchs_fertility_certification_20260911_v2_not_activated,nchs_period_first_birth_share_age30plus_2003_2006,/Users/tommasodesanto/Desktop/Projects/Fertility/Fertility_Spring26/code/data/nchs_natality_timing/first_birth_counts_year_age.csv,,early_measurement,-0.017605476362247685,First births at age 30+,4.2978257779363584,0.231672536678819,True,32c75e969546231af740e64ed8ed37f67fe197b465e43e4352a7e6f6cc132f8c,fertility.uniform_birth_time.moments.period_share_first_births_age30plus,fertility.uniform_birth_time.moments.period_share_first_births_age30plus,,,,nchs_share30,proposed_scored_restriction,"US-named raw files; exact/decoded age12-49 and known live-birth order1; 2003 under15 recode mapped14; Pooled national first-birth counts ages 12-49, 2003-2006; exact maternal age >=30 divided by all first births in the pooled window.",/Users/tommasodesanto/Desktop/Projects/Fertility/Fertility_Spring26/output/model/e5f_matched_pf_20260909a/design_research/fertility_contract/fertility_target_contract.json#/nchs_source_cautions/sample and #/candidate_moments/3/definition,True,,0.2492780130410667,national_count_not_probability_sample,"First-birth flow timing, not completed-cohort timing. Household maternal proxy; empirical under-18/over-45 tail collapse retained; raw builder residence and unknown-order comparability remain unresolved.",/Users/tommasodesanto/Desktop/Projects/Fertility/Fertility_Spring26/output/model/e5f_matched_pf_20260909a/initial_calibration_contract/lead_methodological_decision.json,2003–2006 annual temporal SD: chosen typical-year discrepancy scale for approximate stationary target; not sampling SE,frozen_lead_selected_working_minimum_distance_weight,0.00849226186213262,"{'active_weight': None, 'definition': 'Pooled national first-birth counts ages 12-49, 2003-2006; exact maternal age >=30 divided by all first births in the pooled window.', 'first_birth_count': 6611269, 'id': 'nchs_period_first_birth_share_age30plus_2003_2006', 'model_observer_status': 'dated_flow_primitive_available_scored_period_adapter_and_population_mapping_not_certified', 'production_active': False, 'reported_value': 0.249278, 'uncertainty': {'annual_2003_2006_sample_sd': 0.00849226186213262, 'conditional_multinomial_process_se': 0.000168243827885977, 'conditional_multinomial_qualification': 'Model-based process variation conditional on total first births; not a sampling SE and not adopted for SMM. Our mean-age delta-method extension is not a quoted NCHS formula.', 'note': 'annual SD is period variation, not a sampling SE', 'sampling_se': None, 'status': 'national_count_not_probability_sample', 'temporal_variation': {'annual_range': 0.01924403073634498, 'annual_sample_sd': 0.00849226186213262, 'maximum_leave_one_year_shift': 0.0037096109032545843}}, 'value': 0.2492780130410667}",,None in authoritative builder: reads age/order only. Do not label exact sample US-resident births without verification.,,,,,
coord_beta_annual,7.595098472533724,False,sum(IW*NETWORTHR)/sum_{age<=65}(IW*EARNINDRRC),/Users/tommasodesanto/Desktop/Projects/Fertility/Fertility_Spring26/output/model/e5f_matched_pf_20260909a/design_research/wealth/build_initial_wealth.R,/Users/tommasodesanto/Desktop/Projects/Fertility/Fertility_Spring26/output/model/e5f_matched_pf_20260909a/design_research/observer_contract/observer_contract.json,e5f_early_housing_wealth_observer_review_v2_20260911,psid_wealth_gross_earnings_2003_2005,/Users/tommasodesanto/Desktop/Projects/Fertility/Fertility_Spring26/output/model/e5f_matched_pf_20260909a/design_research/wealth/aggregate_wealth_results.csv,0.36285515343369,early_measurement,-1.3622501497241633,Wealth / annual gross labor earnings,14.09441768585549,4.783611244733267,True,32c75e969546231af740e64ed8ed37f67fe197b465e43e4352a7e6f6cc132f8c,housing_wealth.moments.aggregate_wealth_to_annual_gross_labor_earnings,housing_wealth.moments.aggregate_wealth_to_annual_gross_labor_earnings,,,7.595098472533724,wealth_earnings,proposed_scored_restriction,"PSID reference persons ages 18-85, relation_to_head=10, positive IW, finite NETWORTHR; working-age gross earnings required/nonnegative; 2003-2005; actual selected waves 2003 and 2005; 10,828 family-years/6,018 IDs in wealth, 9,265 family-years/5,215 IDs in earnings.",/Users/tommasodesanto/Desktop/Projects/Fertility/Fertility_Spring26/output/model/e5f_matched_pf_20260909a/design_research/observer_contract/observer_contract.json#/records/4/sample,True,,6.14586139445743,person bootstrap,National PSID household-income normalization; survey-wave stock/flow dates inherited RP/spouse household earnings is the intended labor-income concept. Missing within-wave wealth valuation versus earnings reference-year metadata remains a calendar certification limit; national household income normalization and selection on finite outcomes are maintained approximations.,/Users/tommasodesanto/Desktop/Projects/Fertility/Fertility_Spring26/output/model/e5f_matched_pf_20260909a/initial_calibration_contract/lead_methodological_decision.json,Recorded empirical bootstrap standard error under the retained estimator/sample,frozen_lead_selected_working_minimum_distance_weight,0.36285515343369,"{'adjustment': 'Observe the pre-announcement stationary state using coherent beginning-period g_asset; use actual pension-consistent parameters. Gross earnings formula and 18-65 cell coverage match the intended earnings concept; no automatic 2023 reuse.', 'builder': 'output/model/e5f_matched_pf_20260909a/design_research/wealth/build_initial_wealth.R (mirrors audit_aggregate_wealth_earnings_ratio.R)', 'candidate_diagonal_weight': 7.595098472533724, 'clustering': 'reference-person ID bootstrap', 'data_formula': 'sum(IW*NETWORTHR)/sum_{age<=65}(IW*EARNINDRRC)', 'date': 'PSID survey waves 2003 and 2005, not an audited same-calendar stock/flow date', 'estimate': 6.14586139445743, 'fixed_effects': 'none', 'geography': 'national PSID', 'id': 'psid_wealth_gross_earnings_2003_2005', 'mismatch': 'RP/spouse household earnings is the intended labor-income concept. Missing within-wave wealth valuation versus earnings reference-year metadata remains a calendar certification limit; national household income normalization and selection on finite outcomes are maintained approximations.', 'model_formula': 'sum_x g_asset(x)*(b+1_owner*p*H) / sum_{j<J_R} g_asset(x)*[P.income(i,j)*z/((1-tau_pay)*4)]. All living 18-85 wealth cells; 12 working cells cover 18-65. P.income is already a four-year flow after payroll tax.', 'production_eligible': False, 'role': 'initial_calibration_restriction', 'sample': 'PSID reference persons ages 18-85, relation_to_head=10, positive IW, finite NETWORTHR; working-age gross earnings required/nonnegative; 2003-2005; actual selected waves 2003 and 2005; 10,828 family-years/6,018 IDs in wealth, 9,265 family-years/5,215 IDs in earnings.', 'status': 'verified_empirical__model_formula_available', 'target_weight_status': 'candidate_inverse_variance_not_activated', 'uncertainty': {'reps': 999, 'se': 0.36285515343369, 'seed': 20260723, 'type': 'person bootstrap'}}",,,reference-person ID bootstrap,none,national PSID,,
coord_beta_annual,5165289.256198346,False,annual bequest flow / aggregate wealth,No microdata builder; external literature normalization,/Users/tommasodesanto/Desktop/Projects/Fertility/Fertility_Spring26/output/model/e5f_matched_pf_20260909a/design_research/observer_contract/observer_contract.json,e5f_early_housing_wealth_observer_review_v2_20260911,external_annual_bequest_wealth,/Users/tommasodesanto/Desktop/Projects/Fertility/Fertility_Spring26/tmp/e5f_matched_pf/code/model/intergen_eqscale_seq_optimized/e5_target_provenance.csv,,early_measurement,-0.00016199711878727915,Annual bequests / aggregate wealth,0.13555302941828423,0.008638002881212721,True,32c75e969546231af740e64ed8ed37f67fe197b465e43e4352a7e6f6cc132f8c,housing_wealth.moments.annual_bequest_flow_to_aggregate_wealth,housing_wealth.moments.annual_bequest_flow_to_aggregate_wealth,,5165289.256198346,,bequest_wealth,proposed_scored_restriction,external restriction,/Users/tommasodesanto/Desktop/Projects/Fertility/Fertility_Spring26/output/model/e5f_matched_pf_20260909a/design_research/observer_contract/observer_contract.json#/records/6/sample,True,0.00044000000000000007,0.0088,inherited synthetic five-percent calibration scale; NOT a standard error,"External historical restriction; synthetic uncertainty; forced terminal deaths Borrowed historical annual aggregate flow is imperfectly matched to model mortality, nonnegative estates and forced terminal deaths; no initial PSID sample or empirical SE. Gale-Scholz/De Nardi-Yang provenance is inherited, not freshly reviewed literature.",/Users/tommasodesanto/Desktop/Projects/Fertility/Fertility_Spring26/output/model/e5f_matched_pf_20260909a/initial_calibration_contract/lead_methodological_decision.json,Inherited synthetic five-percent target scale; not empirical SE,frozen_lead_selected_working_minimum_distance_weight,0.00044000000000000007,"{'adjustment': 'Keep explicitly external or replace only with a separately identified bequest-block decision and Jacobian check.', 'builder': 'No project microdata builder; provenance ledger identifies Gale-Scholz historical normalization transmitted through De Nardi-Yang', 'candidate_diagonal_weight': 5165289.256198346, 'clustering': 'none', 'data_formula': 'annual bequest flow / aggregate wealth', 'date': 'not a measured initial window', 'estimate': 0.0088, 'fixed_effects': 'none', 'geography': 'not applicable', 'id': 'external_annual_bequest_wealth', 'mismatch': 'Borrowed historical annual aggregate flow is imperfectly matched to model mortality, nonnegative estates and forced terminal deaths; no initial PSID sample or empirical SE. Gale-Scholz/De Nardi-Yang provenance is inherited, not freshly reviewed literature.', 'model_formula': '[sum_x (1-survival_j)*g_current(x)*max(bp_pol(x)+1_owner*p*H,0)/4] / sum_x g_asset(x)*(b+1_owner*p*H). Terminal death probability forced to 1; earlier death probabilities from survival. Debt/transaction timing must remain coherent.', 'production_eligible': False, 'role': 'initial_calibration_restriction', 'sample': 'external restriction', 'status': 'externally_fixed__not_an_initial_microdata_observer', 'target_weight_status': 'approved_retained_external_normalization_with_inherited_synthetic_weight', 'uncertainty': {'empirical_se': None, 'scale': 0.00044000000000000007, 'type': 'inherited synthetic five-percent calibration scale; NOT a standard error'}}",,,none,none,not applicable,,
coord_beta_annual,10.616361531535473,False,"Q_.90(NETWORTHR/INCFAMR)/Q_.50(NETWORTHR/INCFAMR), weighted",/Users/tommasodesanto/Desktop/Projects/Fertility/Fertility_Spring26/output/model/e5f_matched_pf_20260909a/design_research/wealth/build_initial_wealth.R,/Users/tommasodesanto/Desktop/Projects/Fertility/Fertility_Spring26/output/model/e5f_matched_pf_20260909a/design_research/observer_contract/observer_contract.json,e5f_early_housing_wealth_observer_review_v2_20260911,psid_old_wealth_dispersion_2003_2005,/Users/tommasodesanto/Desktop/Projects/Fertility/Fertility_Spring26/output/model/e5f_matched_pf_20260909a/design_research/wealth/old_wealth_results.csv,0.306910785103348,early_measurement,0.8502440885243319,"Old wealth/income p90 / median, ages 76–84",7.674727103482798,4.366179175043052,True,32c75e969546231af740e64ed8ed37f67fe197b465e43e4352a7e6f6cc132f8c,housing_wealth.moments.old_total_wealth_to_annual_income_p90_p50_7684,housing_wealth.moments.old_total_wealth_to_annual_income_p90_p50_7684,,,10.616361531535473,old_dispersion,proposed_scored_restriction,"Living PSID reference persons ages 76-84, relation_to_head=10, positive IW, completed children observed, INCFAMR>1000; p90/p50 of NETWORTHR/INCFAMR; 2003-2005; 644 valid family-years/416 IDs; bootstrap population 918 living reference IDs ages 65-84, before outcome/children filters.",/Users/tommasodesanto/Desktop/Projects/Fertility/Fertility_Spring26/output/model/e5f_matched_pf_20260909a/design_research/observer_contract/observer_contract.json#/records/5/sample,True,,3.51593508651872,person bootstrap,"Uniform within-age-cell overlap for ages 76--84 Modeled pension plus configured lump-sum income proxy; not PSID total family income Empirical $1000 real-income and observed-child-history filters are not reproduced At these retirement ages model denominator is pension income (including configured z scaling), while PSID INCFAMR also includes transfers, asset income and other family components. Exact $1000 cutoff is not applied (only income>0), and observed-completed-children selection has no model missingness counterpart. Full 78/82 cells do not cover exactly 76-84. Actual model property-tax lump-sum transfer is zero in this receipt; proxy uses the configured pension-plus-transfer concept.",/Users/tommasodesanto/Desktop/Projects/Fertility/Fertility_Spring26/output/model/e5f_matched_pf_20260909a/initial_calibration_contract/lead_methodological_decision.json,Recorded empirical bootstrap standard error under the retained estimator/sample,frozen_lead_selected_working_minimum_distance_weight,0.306910785103348,"{'adjustment': 'Pin annual-age selection for 76-84; confirm household income mapping and empirical $1000 real-income cutoff in normalized model units. Observe initial stationary state, not 2023. Model quantile is available but sample/income equality is not established.', 'builder': 'output/model/e5f_matched_pf_20260909a/design_research/wealth/build_initial_wealth.R (mirrors audit_intergen_bequest_family_size_targets.R)', 'candidate_diagonal_weight': 10.616361531535473, 'clustering': 'reference-person ID bootstrap', 'data_formula': 'Q_.90(NETWORTHR/INCFAMR)/Q_.50(NETWORTHR/INCFAMR), weighted', 'date': 'PSID survey waves 2003 and 2005', 'estimate': 3.51593508651872, 'fixed_effects': 'none', 'geography': 'national PSID', 'id': 'psid_old_wealth_dispersion_2003_2005', 'mismatch': 'At these retirement ages model denominator is pension income (including configured z scaling), while PSID INCFAMR also includes transfers, asset income and other family components. Exact $1000 cutoff is not applied (only income>0), and observed-completed-children selection has no model missingness counterpart. Full 78/82 cells do not cover exactly 76-84.', 'model_formula': 'Weighted p90/p50 of W/annual_gross_income_at_state using g_asset; annualization divides P income by 4, payroll gross-up only for workers. Existing old mask selects labels 78 and 82. Existing quantile algorithm matches R; no transaction wedge is subtracted from W.', 'production_eligible': False, 'role': 'initial_calibration_restriction', 'sample': 'Living PSID reference persons ages 76-84, relation_to_head=10, positive IW, completed children observed, INCFAMR>1000; p90/p50 of NETWORTHR/INCFAMR; 2003-2005; 644 valid family-years/416 IDs; bootstrap population 918 living reference IDs ages 65-84, before outcome/children filters.', 'status': 'empirical_verified__age_income_mapping_outstanding', 'target_weight_status': 'candidate_inverse_variance_not_activated', 'uncertainty': {'reps': 499, 'se': 0.306910785103348, 'seed': 20260715, 'type': 'person bootstrap'}}",,,reference-person ID bootstrap,none,national PSID,,
coord_beta_annual,128.02070205233477,False,"sum(HHWT*min(ROOMS,9))/sum(HHWT)",/Users/tommasodesanto/Desktop/Projects/Fertility/Fertility_Spring26/output/model/e5f_matched_pf_20260909a/design_research/housing/inspect_early_housing.py; /Users/tommasodesanto/Desktop/Projects/Fertility/Fertility_Spring26/output/model/e5f_matched_pf_20260909a/design_research/housing/summarize_early_housing.py,/Users/tommasodesanto/Desktop/Projects/Fertility/Fertility_Spring26/output/model/e5f_matched_pf_20260909a/design_research/observer_contract/observer_contract.json,e5f_early_housing_wealth_observer_review_v2_20260911,acs_rooms_2005_2006,/Users/tommasodesanto/Desktop/Projects/Fertility/Fertility_Spring26/output/model/e5f_matched_pf_20260909a/design_research/housing/early_housing_target_candidates.csv,0.08838120078007809,early_measurement,0.8570979765074735,"Mean occupied rooms, capped at 9",94.04617656901581,6.4181953526261255,True,32c75e969546231af740e64ed8ed37f67fe197b465e43e4352a7e6f6cc132f8c,housing_wealth.moments.aggregate_mean_occupied_rooms_capped9_18_85,housing_wealth.moments.aggregate_mean_occupied_rooms_capped9_18_85,,,128.02070205233477,mean_rooms,proposed_scored_restriction,ACS household heads ages 18-85; occupied renter or owner; HHWT>0; 42 MET2013 cities; 2005-2006 pooled by summed HHWT numerator/denominator; inherits all common_acs_sample filters,/Users/tommasodesanto/Desktop/Projects/Fertility/Fertility_Spring26/output/model/e5f_matched_pf_20260909a/design_research/observer_contract/observer_contract.json#/records/0/sample,True,,5.561097376118652,42-metro bootstrap,"Uniform annual-age exposure and constant policies/distribution within each four-year cell National model versus 42-MET2013 housing sample Existing HistoricalMomentObserver is pinned to 2023 and old 12 rows. min(E[s|collapsed income],9) does not equal E[min(s,9)|income]; compute direct. The initial window and geographic approximation must be retained.",/Users/tommasodesanto/Desktop/Projects/Fertility/Fertility_Spring26/output/model/e5f_matched_pf_20260909a/initial_calibration_contract/lead_methodological_decision.json,Recorded empirical bootstrap standard error under the retained estimator/sample,frozen_lead_selected_working_minimum_distance_weight,0.08838120078007809,"{'adjustment': 'Use g_current and full hR_pol before income collapse; cap each renter/owner observation, then aggregate. All 17 current four-year age cells already span 18-85: validate geometry rather than invent an extra age restriction.', 'builder': 'output/model/e5f_matched_pf_20260909a/design_research/housing/inspect_early_housing.py; summarize_early_housing.py', 'candidate_diagonal_weight': 128.02070205233477, 'clustering': '42 MET2013 city bootstrap', 'data_formula': 'sum(HHWT*min(ROOMS,9))/sum(HHWT)', 'date': '2005-2006', 'estimate': 5.561097376118652, 'fixed_effects': 'none', 'geography': '42 MET2013 city codes; not admitted-PUMA footprint', 'id': 'acs_rooms_2005_2006', 'mismatch': 'Existing HistoricalMomentObserver is pinned to 2023 and old 12 rows. min(E[s|collapsed income],9) does not equal E[min(s,9)|income]; compute direct. The initial window and geographic approximation must be retained.', 'model_formula': 'Current extract_moments: aggregate_housing_demand/total_mass, all 17 age cells, uncapped. Proposed: weighted_mean(min(s,9)) on full g, observed at pre-announcement stationary solution.', 'production_eligible': False, 'role': 'initial_calibration_restriction', 'sample': 'ACS household heads ages 18-85; occupied renter or owner; HHWT>0; 42 MET2013 cities; 2005-2006 pooled by summed HHWT numerator/denominator; inherits all common_acs_sample filters', 'status': 'empirical_verified__cap_operator_needed', 'target_weight_status': 'candidate_inverse_variance_not_activated', 'uncertainty': {'reps': 1000, 'se': 0.08838120078007809, 'seed': 20260910, 'type': '42-metro bootstrap'}}",,,42 MET2013 city bootstrap,none,42 MET2013 city codes; not admitted-PUMA footprint,"{'filters': 'sample=year*100+1; GQ in {1,2}; PERNUM=1; RELATE=1; HHWT>0; 18<=AGE<=85; OWNERSHP in {1,2}; ROOMS>0; MET2013 in pinned 42-code list', 'fixed_effects': 'none', 'geography': 'Direct MET2013 membership in 42 cities; NOT old admitted-PUMA footprint. National fertility/PSID plus metro housing is an explicitly maintained geographic approximation.', 'owner': 'OWNERSHP=1', 'rooms': 'min(ROOMS,9) before any aggregation; pooled household-weighted numerators/denominators, not average yearly ratios', 'structures': 'UNITSSTR in 3:10 for all ownership rows, including both recent-parent comparison groups; no structure restriction for rooms rows', 'survey_waves': [2005, 2006], 'uncertainty': '1000 paired metro-resampling draws, seed 20260910, 42 clusters. Not ACS official survey-design or replicate-weight standard errors.', 'weights_status': 'Inverse marginal variance values below are candidate diagonal weights under the approved design, not a promoted target/weight fingerprint.'}",
coord_beta_annual,2339.3623724673616,False,sum(HHWT*owner)/sum(HHWT),/Users/tommasodesanto/Desktop/Projects/Fertility/Fertility_Spring26/output/model/e5f_matched_pf_20260909a/design_research/housing/inspect_early_housing.py; /Users/tommasodesanto/Desktop/Projects/Fertility/Fertility_Spring26/output/model/e5f_matched_pf_20260909a/design_research/housing/summarize_early_housing.py,/Users/tommasodesanto/Desktop/Projects/Fertility/Fertility_Spring26/output/model/e5f_matched_pf_20260909a/design_research/observer_contract/observer_contract.json,e5f_early_housing_wealth_observer_review_v2_20260911,acs_ownership_30_55_2005_2006,/Users/tommasodesanto/Desktop/Projects/Fertility/Fertility_Spring26/output/model/e5f_matched_pf_20260909a/design_research/housing/early_housing_target_candidates.csv,0.020675272863460718,early_measurement,-0.11364289604478173,"Ownership, heads 30–55",30.21218152889852,0.5346911382743675,True,32c75e969546231af740e64ed8ed37f67fe197b465e43e4352a7e6f6cc132f8c,housing_wealth.moments.own_rate_30_55,housing_wealth.moments.own_rate_30_55,,,2339.3623724673616,ownership_30_55,proposed_scored_restriction,ACS heads ages 30-55; DUE structures UNITSSTR 3:10; HHWT>0; 42 MET2013 cities; 2005-2006; inherits all common_acs_sample filters,/Users/tommasodesanto/Desktop/Projects/Fertility/Fertility_Spring26/output/model/e5f_matched_pf_20260909a/design_research/observer_contract/observer_contract.json#/records/1/sample,True,,0.6483340343191493,42-metro bootstrap,Uniform annual-age exposure and constant policies/distribution within each four-year cell National model versus 42-MET2013 housing sample ACS DUE structure restriction is not represented by a model state Current nearest-index mask includes full 54-57 cell; no structure-type state allows exact UNITSSTR filtering. Neither issue is resolved by changing the row name.,/Users/tommasodesanto/Desktop/Projects/Fertility/Fertility_Spring26/output/model/e5f_matched_pf_20260909a/initial_calibration_contract/lead_methodological_decision.json,Recorded empirical bootstrap standard error under the retained estimator/sample,frozen_lead_selected_working_minimum_distance_weight,0.020675272863460718,"{'adjustment': 'Use owner indicator on full realized distribution with declared 30-55 age-exposure selector; pin the maintained DUE-to-model-product interpretation.', 'builder': 'output/model/e5f_matched_pf_20260909a/design_research/housing/inspect_early_housing.py; summarize_early_housing.py', 'candidate_diagonal_weight': 2339.3623724673616, 'clustering': '42 MET2013 city bootstrap', 'data_formula': 'sum(HHWT*owner)/sum(HHWT)', 'date': '2005-2006', 'estimate': 0.6483340343191493, 'fixed_effects': 'none', 'geography': '42 MET2013 cities; not admitted-PUMA footprint', 'id': 'acs_ownership_30_55_2005_2006', 'mismatch': 'Current nearest-index mask includes full 54-57 cell; no structure-type state allows exact UNITSSTR filtering. Neither issue is resolved by changing the row name.', 'model_formula': 'own_rate_3055=sum(g[owner tenures, ages 30:55])/sum(g[all tenures, ages 30:55])', 'production_eligible': False, 'role': 'initial_calibration_restriction', 'sample': 'ACS heads ages 30-55; DUE structures UNITSSTR 3:10; HHWT>0; 42 MET2013 cities; 2005-2006; inherits all common_acs_sample filters', 'status': 'empirical_verified__age_and_structure_mapping_outstanding', 'target_weight_status': 'candidate_inverse_variance_not_activated', 'uncertainty': {'reps': 1000, 'se': 0.020675272863460718, 'seed': 20260910, 'type': '42-metro bootstrap'}}",,,42 MET2013 city bootstrap,none,42 MET2013 cities; not admitted-PUMA footprint,"{'filters': 'sample=year*100+1; GQ in {1,2}; PERNUM=1; RELATE=1; HHWT>0; 18<=AGE<=85; OWNERSHP in {1,2}; ROOMS>0; MET2013 in pinned 42-code list', 'fixed_effects': 'none', 'geography': 'Direct MET2013 membership in 42 cities; NOT old admitted-PUMA footprint. National fertility/PSID plus metro housing is an explicitly maintained geographic approximation.', 'owner': 'OWNERSHP=1', 'rooms': 'min(ROOMS,9) before any aggregation; pooled household-weighted numerators/denominators, not average yearly ratios', 'structures': 'UNITSSTR in 3:10 for all ownership rows, including both recent-parent comparison groups; no structure restriction for rooms rows', 'survey_waves': [2005, 2006], 'uncertainty': '1000 paired metro-resampling draws, seed 20260910, 42 clusters. Not ACS official survey-design or replicate-weight standard errors.', 'weights_status': 'Inverse marginal variance values below are candidate diagonal weights under the approved design, not a promoted target/weight fingerprint.'}",
coord_beta_annual,137.5652749002964,False,"beta(event=+3)-beta(event=-1), omitted event=-2; person/year FE, age/education controls, longitudinal IW",/Users/tommasodesanto/Desktop/Projects/Fertility/Fertility_Spring26/code/data/psid_followup_mar2026/sa_rooms_first_birth_household_aligned_v1.do,/Users/tommasodesanto/Desktop/Projects/Fertility/Fertility_Spring26/output/model/e5f_matched_pf_20260909a/design_research/observer_contract/observer_contract.json,e5f_early_housing_wealth_observer_review_v2_20260911,psid_sa_first_birth_rooms,/Users/tommasodesanto/Desktop/Projects/Fertility/Fertility_Spring26/code/data/psid_followup_mar2026/output/sa_rooms_first_birth_household_aligned_v1/target_receipt.csv,0.0852600513385958,early_measurement,0.22900600728800025,"First-birth room response, −1 to +3",7.214439074565954,0.949252269669528,True,32c75e969546231af740e64ed8ed37f67fe197b465e43e4352a7e6f6cc132f8c,housing_wealth.moments.housing_increment_0to1,housing_wealth.moments.housing_increment_0to1,,,137.5652749002964,first_birth_rooms,proposed_scored_restriction,"Women age 18+, current reference/spouse, positive IW, single-FID dwelling, one woman per household-year; confirmed never-treated controls; 49,457 household-years, 4,112 persons",/Users/tommasodesanto/Desktop/Projects/Fertility/Fertility_Spring26/output/model/e5f_matched_pf_20260909a/design_research/observer_contract/observer_contract.json#/records/7/sample,True,,0.7202462623815278,"Sun-Abraham covariance contrast, clustered individual ID","Pooled PSID response applied to initial stationary economy under stability assumption Matched model risk-set weights differ from Sun-Abraham cohort/event weights; non-flat prepath caveat retained Applying the unchanged pooled contrast to initial stationary economy requires approved stability approximation. Model matched-risk weights differ from estimator cohort/event weights. Non-flat prepath and normalization dependence remain disclosed; September5 normalization check changed point to .730459 with identical fitted values, not a replacement target. Four-year approximation is not literal observed -1/+3 child ages. Keep PSID rooms uncapped; do not import ACS cap.",/Users/tommasodesanto/Desktop/Projects/Fertility/Fertility_Spring26/output/model/e5f_matched_pf_20260909a/initial_calibration_contract/lead_methodological_decision.json,Recorded empirical bootstrap standard error under the retained estimator/sample,frozen_lead_selected_working_minimum_distance_weight,0.0852600513385958,"{'adjustment': 'For an initial stationary observer call begin_dated_first_birth_housing_branch then finish_dated_first_birth_housing_branch with the stationary policy as BOTH dates; retain destination continuation births and no Census age bridge. Do NOT use first_birth_housing_response sequential legacy helper, which suppresses continuation births. Certify the same paired branch with mass/timing checks.', 'builder': 'code/data/psid_followup_mar2026/sa_rooms_first_birth_household_aligned_v1.do; finalize_first_birth_rooms_target_receipt.py', 'candidate_diagonal_weight': 137.5652749002964, 'clustering': 'selected woman stable ID; one household-year observation, primary analytic cluster covariance', 'data_formula': 'beta(event=+3)-beta(event=-1), omitted event=-2; person/year FE, age/education controls, longitudinal IW', 'date': 'Pooled PSID event-time -1 to +3; treated input observations 1970-2019, not an early-only regression', 'estimate': 0.7202462623815278, 'fixed_effects': 'person ID and survey year; age and education controls', 'geography': 'national PSID', 'id': 'psid_sa_first_birth_rooms', 'mismatch': 'Applying the unchanged pooled contrast to initial stationary economy requires approved stability approximation. Model matched-risk weights differ from estimator cohort/event weights. Non-flat prepath and normalization dependence remain disclosed; September5 normalization check changed point to .730459 with identical fitted values, not a replacement target. Four-year approximation is not literal observed -1/+3 child ages. Keep PSID rooms uncapped; do not import ACS cap.', 'model_formula': 'Select successful first births from initial g_pre; clone identical pre-birth states into treated n=1,m=1 and childless control. Advance both one period with origin policies/survival/income/maturation, then realize destination housing with destination policies. Treated may have continuation birth; control stays childless. Difference of destination uncapped rooms equals matched difference in changes.', 'production_eligible': False, 'role': 'initial_calibration_restriction', 'sample': 'Women age 18+, current reference/spouse, positive IW, single-FID dwelling, one woman per household-year; confirmed never-treated controls; 49,457 household-years, 4,112 persons', 'status': 'verified_empirical_contrast__provisional_structural_mapping', 'target_weight_status': 'candidate_inverse_variance_not_activated', 'uncertainty': {'reference_period': -2, 'se': 0.0852600513385958, 'type': 'Sun-Abraham covariance contrast, clustered individual ID', 'variance_formula': 'Var(beta_3)+Var(beta_-1)-2Cov(beta_3,beta_-1)'}}",,,"selected woman stable ID; one household-year observation, primary analytic cluster covariance",person ID and survey year; age and education controls,national PSID,,
coord_beta_annual,280.52808370152104,False,"E[min(ROOMS,9)|NCHILD>=3,YNGCH<18]-E[min(ROOMS,9)|NCHILD=1-2,YNGCH<18]",/Users/tommasodesanto/Desktop/Projects/Fertility/Fertility_Spring26/output/model/e5f_matched_pf_20260909a/design_research/housing/inspect_early_housing.py; /Users/tommasodesanto/Desktop/Projects/Fertility/Fertility_Spring26/output/model/e5f_matched_pf_20260909a/design_research/housing/summarize_early_housing.py,/Users/tommasodesanto/Desktop/Projects/Fertility/Fertility_Spring26/output/model/e5f_matched_pf_20260909a/design_research/observer_contract/observer_contract.json,e5f_early_housing_wealth_observer_review_v2_20260911,acs_rooms_3plus_minus_1to2_2005_2006,/Users/tommasodesanto/Desktop/Projects/Fertility/Fertility_Spring26/output/model/e5f_matched_pf_20260909a/design_research/housing/early_housing_target_candidates.csv,0.059705154633000496,early_measurement,-0.17704174197512046,Rooms: 3+ versus 1–2 resident children (model dependent proxy),8.792810090961801,0.17002518982113024,True,32c75e969546231af740e64ed8ed37f67fe197b465e43e4352a7e6f6cc132f8c,housing_wealth.moments.prime30_55_model_dependent_3plus_minus_1to2_rooms_capped9,housing_wealth.moments.prime30_55_model_dependent_3plus_minus_1to2_rooms_capped9,,,280.52808370152104,family_rooms,proposed_scored_restriction,"ACS heads ages 30-55, YNGCH<18; NCHILD>=3 minus NCHILD=1-2; 42 MET2013 cities; 2005-2006; inherits all common_acs_sample filters",/Users/tommasodesanto/Desktop/Projects/Fertility/Fertility_Spring26/output/model/e5f_matched_pf_20260909a/design_research/observer_contract/observer_contract.json#/records/3/sample,True,,0.3470669317962507,42-metro bootstrap,"Uniform annual-age exposure and constant policies/distribution within each four-year cell National model versus 42-MET2013 housing sample Model dependent counts replace ACS resident own children with YNGCH<18 ACS NCHILD counts ALL resident own children while YNGCH<18 requires at least one minor. Example: ages 4,19,21 is empirical large family but may be one model dependent. m has no deterministic child-age bound under binomial maturation. Verifying independent_count is necessary but insufficient for exact ACS group equivalence.",/Users/tommasodesanto/Desktop/Projects/Fertility/Fertility_Spring26/output/model/e5f_matched_pf_20260909a/initial_calibration_contract/lead_methodological_decision.json,Recorded empirical bootstrap standard error under the retained estimator/sample,frozen_lead_selected_working_minimum_distance_weight,0.059705154633000496,"{'adjustment': 'Cap full income-resolved renter and owner rooms before any collapse. Runtime-assert child_state_mode=independent_count and child_bin_high_cutoff=3. Need explicit resident-child approximation or richer observation information before SMM certification.', 'builder': 'output/model/e5f_matched_pf_20260909a/design_research/housing/inspect_early_housing.py; summarize_early_housing.py', 'candidate_diagonal_weight': 280.52808370152104, 'clustering': '42 MET2013 city bootstrap', 'data_formula': 'E[min(ROOMS,9)|NCHILD>=3,YNGCH<18]-E[min(ROOMS,9)|NCHILD=1-2,YNGCH<18]', 'date': '2005-2006', 'estimate': 0.3470669317962507, 'fixed_effects': 'none', 'geography': '42 MET2013 cities; not admitted-PUMA footprint', 'id': 'acs_rooms_3plus_minus_1to2_2005_2006', 'mismatch': 'ACS NCHILD counts ALL resident own children while YNGCH<18 requires at least one minor. Example: ages 4,19,21 is empirical large family but may be one model dependent. m has no deterministic child-age bound under binomial maturation. Verifying independent_count is necessary but insufficient for exact ACS group equivalence.', 'model_formula': 'Current child_bin_high_cutoff=3 and independent_count use m=cs, subject to cs<=n: high group m>=3; low group 1<=m<=2. Existing moment is uncapped and uses current prime age mask. Proposed proxy: E[min(s,9)|m>=3]-E[min(s,9)|1<=m<=2], with declared age selector.', 'production_eligible': False, 'role': 'initial_calibration_restriction', 'sample': 'ACS heads ages 30-55, YNGCH<18; NCHILD>=3 minus NCHILD=1-2; 42 MET2013 cities; 2005-2006; inherits all common_acs_sample filters', 'status': 'empirical_verified__resident_child_mapping_outstanding', 'target_weight_status': 'candidate_inverse_variance_not_activated', 'uncertainty': {'reps': 1000, 'se': 0.059705154633000496, 'seed': 20260910, 'type': '42-metro bootstrap'}}",,,42 MET2013 city bootstrap,none,42 MET2013 cities; not admitted-PUMA footprint,"{'filters': 'sample=year*100+1; GQ in {1,2}; PERNUM=1; RELATE=1; HHWT>0; 18<=AGE<=85; OWNERSHP in {1,2}; ROOMS>0; MET2013 in pinned 42-code list', 'fixed_effects': 'none', 'geography': 'Direct MET2013 membership in 42 cities; NOT old admitted-PUMA footprint. National fertility/PSID plus metro housing is an explicitly maintained geographic approximation.', 'owner': 'OWNERSHP=1', 'rooms': 'min(ROOMS,9) before any aggregation; pooled household-weighted numerators/denominators, not average yearly ratios', 'structures': 'UNITSSTR in 3:10 for all ownership rows, including both recent-parent comparison groups; no structure restriction for rooms rows', 'survey_waves': [2005, 2006], 'uncertainty': '1000 paired metro-resampling draws, seed 20260910, 42 clusters. Not ACS official survey-design or replicate-weight standard errors.', 'weights_status': 'Inverse marginal variance values below are candidate diagonal weights under the approved design, not a promoted target/weight fingerprint.'}",
coord_beta_annual,27055.822957508266,False,"Pr(owner|NCHILD>0,ELDCH<4)-Pr(owner|NCHILD=0)",/Users/tommasodesanto/Desktop/Projects/Fertility/Fertility_Spring26/output/model/e5f_matched_pf_20260909a/design_research/housing/inspect_early_housing.py; /Users/tommasodesanto/Desktop/Projects/Fertility/Fertility_Spring26/output/model/e5f_matched_pf_20260909a/design_research/housing/summarize_early_housing.py,/Users/tommasodesanto/Desktop/Projects/Fertility/Fertility_Spring26/output/model/e5f_matched_pf_20260909a/design_research/observer_contract/observer_contract.json,e5f_early_housing_wealth_observer_review_v2_20260911,acs_recent_parent_owner_gap_2005_2006,/Users/tommasodesanto/Desktop/Projects/Fertility/Fertility_Spring26/output/model/e5f_matched_pf_20260909a/design_research/housing/early_housing_target_candidates.csv,0.006079524679464666,recent_parent_observation,-0.02020641771612669,Recent-parent ownership gap,11.046874032221162,0.14268909144510616,True,32c75e969546231af740e64ed8ed37f67fe197b465e43e4352a7e6f6cc132f8c,ownership_current_birth_from_empty_dependent_home_minus_current_empty_home_30_55,model_value,,,27055.822957508266,recent_parent_ownership,proposed_scored_restriction,ACS heads ages 30-55; recent parent NCHILD>0 and ELDCH<4 minus NCHILD=0 controls; 42 MET2013 cities; 2005-2006; inherits all common_acs_sample filters; both groups also require UNITSSTR in 3:10,/Users/tommasodesanto/Desktop/Projects/Fertility/Fertility_Spring26/output/model/e5f_matched_pf_20260909a/design_research/observer_contract/observer_contract.json#/records/2/sample,True,,0.16289550916123285,42-metro bootstrap,"ELDCH is OLDEST resident own child: all resident own children must be under four. Model has no child ages or time since birth; independent binomial maturation has mean 18 years but no deterministic under-18 cutoff. ACS NCHILD=0 includes former parents with no own child resident, whereas model control is lifetime n=0. Adding m=0 controls would still conflate absent dependents with absent resident adult children. Unavailable: ACS oldest resident child under four and no-resident-child controls cannot be reconstructed from dependent counts and lifetime parity",/Users/tommasodesanto/Desktop/Projects/Fertility/Fertility_Spring26/output/model/e5f_matched_pf_20260909a/initial_calibration_contract/lead_methodological_decision.json,Recorded empirical bootstrap standard error under the retained estimator/sample,frozen_lead_selected_working_minimum_distance_weight,0.006079524679464666,"{'adjustment': 'Exact ACS recent-parent group and resident-child controls cannot be recovered from current count-only states. Do not substitute n=0 controls or all m>0 parents without an explicitly approved proxy contract; retain identifying row as blocked rather than silently dropping it.', 'builder': 'output/model/e5f_matched_pf_20260909a/design_research/housing/inspect_early_housing.py; summarize_early_housing.py', 'candidate_diagonal_weight': 27055.822957508266, 'clustering': '42 MET2013 city bootstrap', 'data_formula': 'Pr(owner|NCHILD>0,ELDCH<4)-Pr(owner|NCHILD=0)', 'date': '2005-2006', 'estimate': 0.16289550916123285, 'fixed_effects': 'none', 'geography': '42 MET2013 cities; not admitted-PUMA footprint', 'id': 'acs_recent_parent_owner_gap_2005_2006', 'mismatch': 'ELDCH is OLDEST resident own child: all resident own children must be under four. Model has no child ages or time since birth; independent binomial maturation has mean 18 years but no deterministic under-18 cutoff. ACS NCHILD=0 includes former parents with no own child resident, whereas model control is lifetime n=0. Adding m=0 controls would still conflate absent dependents with absent resident adult children.', 'model_formula': 'Under independent_count: Pr(owner | n>=1,m>0, current prime mask) - Pr(owner | n=0,childless readiness states,current prime mask). newparent_cs includes ALL positive dependent counts, with no recency condition.', 'production_eligible': False, 'role': 'initial_calibration_restriction', 'sample': 'ACS heads ages 30-55; recent parent NCHILD>0 and ELDCH<4 minus NCHILD=0 controls; 42 MET2013 cities; 2005-2006; inherits all common_acs_sample filters; both groups also require UNITSSTR in 3:10', 'status': 'verified_empirical__irreducible_group_mismatch', 'target_weight_status': 'candidate_inverse_variance_not_activated', 'uncertainty': {'reps': 1000, 'se': 0.006079524679464666, 'seed': 20260910, 'type': '42-metro bootstrap'}}",,,42 MET2013 city bootstrap,none,42 MET2013 cities; not admitted-PUMA footprint,"{'filters': 'sample=year*100+1; GQ in {1,2}; PERNUM=1; RELATE=1; HHWT>0; 18<=AGE<=85; OWNERSHP in {1,2}; ROOMS>0; MET2013 in pinned 42-code list', 'fixed_effects': 'none', 'geography': 'Direct MET2013 membership in 42 cities; NOT old admitted-PUMA footprint. National fertility/PSID plus metro housing is an explicitly maintained geographic approximation.', 'owner': 'OWNERSHP=1', 'rooms': 'min(ROOMS,9) before any aggregation; pooled household-weighted numerators/denominators, not average yearly ratios', 'structures': 'UNITSSTR in 3:10 for all ownership rows, including both recent-parent comparison groups; no structure restriction for rooms rows', 'survey_waves': [2005, 2006], 'uncertainty': '1000 paired metro-resampling draws, seed 20260910, 42 clusters. Not ACS official survey-design or replicate-weight standard errors.', 'weights_status': 'Inverse marginal variance values below are candidate diagonal weights under the approved design, not a promoted target/weight fingerprint.'}","{'age_projection': 'uniform_within_age_cell', 'approximation_id': 'early_2007_parenthood_md_working_v1__recent_parent_synchronized_proxy', 'decision_sha256': 'b1d399c290d257e56e008afb6d7b76ac1f69191685c8d9e89a4b0bfb06533c9a', 'decision_source': '/Users/tommasodesanto/Desktop/Projects/Fertility/Fertility_Spring26/output/model/e5f_matched_pf_20260909a/initial_calibration_contract/lead_methodological_decision.json', 'declaration': 'Synchronized post-fertility snapshot; uniform head-age overlap; model dependents proxy resident own children; actual current births from previously empty-dependent homes versus current empty homes inclformerparents. Not an exact annualACS interview reconstruction.', 'diagnostic_allow_residence_proxy': True, 'exact_acs': False, 'maintained': True, 'moment': 'ownership_current_birth_from_empty_dependent_home_minus_current_empty_home_30_55', 'observer_id': 'e5f_recent_parent_flow_diagnostic_v1', 'snapshot': 'synchronized_post_fertility_snapshot'}"
coord_chi,,False,"Author-selected stationary model normalization, using maintained top-parity representative; not empirical female period TFR","Author-selected model normalization, not empirical estimation",/Users/tommasodesanto/Desktop/Projects/Fertility/Fertility_Spring26/output/model/e5f_matched_pf_20260909a/OVERNIGHT_PLAN.md,author_initial_model_fertility_2_1,author_2_1,/Users/tommasodesanto/Desktop/Projects/Fertility/Fertility_Spring26/output/model/e5f_matched_pf_20260909a/OVERNIGHT_PLAN.md,,normalization,8.383008140988579e-07,Initial model completed fertility,,2.100000838300814,True,d551086d6fb35165c88ba9976b199596bb4b3baeca05abef37fc844451e12326,final.normalization.completed_fertility,completed_fertility,,,,initial_normalization,normalization_separate_from_scored_objective,"Author-selected stationary model normalization, using maintained top-parity representative; not empirical female period TFR","Author-selected model normalization, as explicitly recorded in the preserved target definition",False,,2.1,Author normalization; no empirical SE,Separate from CPS age-window stocks and actual birth/entry accounting.,/Users/tommasodesanto/Desktop/Projects/Fertility/Fertility_Spring26/output/model/e5f_matched_pf_20260909a/initial_calibration_contract/lead_methodological_decision.json,Separate exact normalization within tolerance5e-4,separate_unscored_normalization,,,,,,,,,
coord_chi,35532.3042455214,False,Weighted P(FREVER=0) among pooled June 2004 and June 2006 women age 40-44 with valid FREVER 0-20 and positive FRSUPPWT.,/Users/tommasodesanto/Desktop/Projects/Fertility/Fertility_Spring26/output/model/e5f_matched_pf_20260909a/parameter_target_audit/fertility/extract_fertility_availability.py; /Users/tommasodesanto/Desktop/Projects/Fertility/Fertility_Spring26/output/model/e5f_matched_pf_20260909a/design_research/fertility_contract/verify_fertility_contract.py,/Users/tommasodesanto/Desktop/Projects/Fertility/Fertility_Spring26/output/model/e5f_matched_pf_20260909a/design_research/fertility_contract/fertility_target_contract.json,early_cps_nchs_fertility_certification_20260911_v2_not_activated,cps_childless_women_40_44_2004_2006,/Users/tommasodesanto/Desktop/Projects/Fertility/Fertility_Spring26/output/model/e5f_matched_pf_20260909a/parameter_target_audit/fertility/fertility_availability.json,,early_measurement,-0.0019309938783048097,"Childless women, ages 40–44",0.13249063025789737,0.19634775712853783,True,d551086d6fb35165c88ba9976b199596bb4b3baeca05abef37fc844451e12326,fertility.uniform_birth_time.moments.childless_rate_40_44,fertility.uniform_birth_time.moments.childless_rate_40_44,,,,cps_childlessness,proposed_scored_restriction,"June, femaleSEX2,age40-44,FREVER0-20,FRSUPPWT>0;excludeFREVER999NIU; 2004+2006 pooled weighted records; Weighted P(FREVER=0) among pooled June 2004 and June 2006 women age 40-44 with valid FREVER 0-20 and positive FRSUPPWT.",/Users/tommasodesanto/Desktop/Projects/Fertility/Fertility_Spring26/output/model/e5f_matched_pf_20260909a/parameter_target_audit/fertility/fertility_availability.json#/sample and /Users/tommasodesanto/Desktop/Projects/Fertility/Fertility_Spring26/output/model/e5f_matched_pf_20260909a/design_research/fertility_contract/fertility_target_contract.json#/candidate_moments/0/definition,True,,0.19827875100684264,annual_generalized_variance_approximation_recovered_pooled_covariance_not_certified,Uniform birth-time parity interpolation is the main diagnostic; constant-post-cell sensitivity retained. Model household reproductive member is not certified female exposure; no empirical age reweighting.,/Users/tommasodesanto/Desktop/Projects/Fertility/Fertility_Spring26/output/model/e5f_matched_pf_20260909a/initial_calibration_contract/lead_methodological_decision.json,CPS official annual generalized-variance approximations pooled with fixed observed weights and correlation-one working convention; not design-exact pooled SE,frozen_lead_selected_working_minimum_distance_weight,0.005305035738317728,"{'active_weight': None, 'definition': 'Weighted P(FREVER=0) among pooled June 2004 and June 2006 women age 40-44 with valid FREVER 0-20 and positive FRSUPPWT.', 'id': 'cps_childless_women_40_44_2004_2006', 'model_observer_status': 'blocked_by_age_window_mapping', 'production_active': False, 'reported_value': 0.198279, 'sample_records': 10872, 'uncertainty': {'annual_official_approximate_sampling_gvf_se': {'2004': {'approximate_gvf_se': 0.0052157901461549385, 'b_parameter': 2016, 'denominator_population_units': 11534656.9936, 'value': 0.1928386121957651}, '2006': {'approximate_gvf_se': 0.005396662766690418, 'b_parameter': 2016, 'denominator_population_units': 11234864.9964, 'value': 0.20386405489820397}}, 'pooled_candidates': {'annual': {'2004': {'approximate_gvf_se': 0.0052157901461549385, 'b_parameter': 2016, 'denominator_population_units': 11534656.9936, 'value': 0.1928386121957651}, '2006': {'approximate_gvf_se': 0.005396662766690418, 'b_parameter': 2016, 'denominator_population_units': 11234864.9964, 'value': 0.20386405489820397}}, 'base_share_2004': 0.5065831860091674, 'pooled_fixed_bases_max_positive_correlation_se': 0.005305035738317728, 'pooled_fixed_bases_zero_crossyear_covariance_se': 0.0037512549510131253, 'qualification': 'Annual official generalized-variance approximation. Pooled candidates condition on observed base shares; cross-year covariance and random conditional-mother bases are not certified. Neither scale is adopted.'}, 'sampling_se': None, 'status': 'annual_generalized_variance_approximation_recovered_pooled_covariance_not_certified'}, 'value': 0.19827875100684264, 'weighted_denominator': 22769521.989999805}",IPUMS fertility supplement FRSUPPWT divided10000 as supplied loader; official Census supplement weight crosswalk not independently certified,,,,,,
coord_chi,26952.820824310795,False,Weighted P(FREVER=1 | FREVER>=1) in the same pooled CPS sample.,/Users/tommasodesanto/Desktop/Projects/Fertility/Fertility_Spring26/output/model/e5f_matched_pf_20260909a/parameter_target_audit/fertility/extract_fertility_availability.py; /Users/tommasodesanto/Desktop/Projects/Fertility/Fertility_Spring26/output/model/e5f_matched_pf_20260909a/design_research/fertility_contract/verify_fertility_contract.py,/Users/tommasodesanto/Desktop/Projects/Fertility/Fertility_Spring26/output/model/e5f_matched_pf_20260909a/design_research/fertility_contract/fertility_target_contract.json,early_cps_nchs_fertility_certification_20260911_v2_not_activated,cps_exactly_one_among_mothers_40_44_2004_2006,/Users/tommasodesanto/Desktop/Projects/Fertility/Fertility_Spring26/output/model/e5f_matched_pf_20260909a/parameter_target_audit/fertility/fertility_availability.json,,early_measurement,0.002678965313656717,"Exactly one child among mothers, ages 40–44",0.19343649098784588,0.21633429053380374,True,d551086d6fb35165c88ba9976b199596bb4b3baeca05abef37fc844451e12326,fertility.uniform_birth_time.moments.exactly_one_among_mothers_40_44,fertility.uniform_birth_time.moments.exactly_one_among_mothers_40_44,,,,cps_exactly_one,proposed_scored_restriction,"June, femaleSEX2,age40-44,FREVER0-20,FRSUPPWT>0;excludeFREVER999NIU; 2004+2006 pooled weighted records; Weighted P(FREVER=1 | FREVER>=1) in the same pooled CPS sample.",/Users/tommasodesanto/Desktop/Projects/Fertility/Fertility_Spring26/output/model/e5f_matched_pf_20260909a/parameter_target_audit/fertility/fertility_availability.json#/sample and /Users/tommasodesanto/Desktop/Projects/Fertility/Fertility_Spring26/output/model/e5f_matched_pf_20260909a/design_research/fertility_contract/fertility_target_contract.json#/candidate_moments/1/definition,True,,0.21365532522014702,annual_generalized_variance_approximation_recovered_pooled_covariance_not_certified,Uniform birth-time parity interpolation is the main diagnostic; constant-post-cell sensitivity retained. Model household reproductive member is not certified female exposure; no empirical age reweighting.,/Users/tommasodesanto/Desktop/Projects/Fertility/Fertility_Spring26/output/model/e5f_matched_pf_20260909a/initial_calibration_contract/lead_methodological_decision.json,CPS official annual generalized-variance approximations pooled with fixed observed weights and correlation-one working convention; not design-exact pooled SE,frozen_lead_selected_working_minimum_distance_weight,0.0060911302714076404,"{'active_weight': None, 'definition': 'Weighted P(FREVER=1 | FREVER>=1) in the same pooled CPS sample.', 'id': 'cps_exactly_one_among_mothers_40_44_2004_2006', 'model_observer_status': 'blocked_by_age_window_mapping; literal parity-one conditional-on-parenthood stock, not a continuation hazard', 'production_active': False, 'reported_value': 0.213655, 'uncertainty': {'annual_official_approximate_sampling_gvf_se': {'2004': {'approximate_gvf_se': 0.006046407789789988, 'b_parameter': 2016, 'denominator_population_units': 9310329.7468, 'value': 0.21511000477596962}, '2006': {'approximate_gvf_se': 0.006137682005815865, 'b_parameter': 2016, 'denominator_population_units': 8944479.862, 'value': 0.21214114591071567}}, 'pooled_candidates': {'annual': {'2004': {'approximate_gvf_se': 0.006046407789789988, 'b_parameter': 2016, 'denominator_population_units': 9310329.7468, 'value': 0.21511000477596962}, '2006': {'approximate_gvf_se': 0.006137682005815865, 'b_parameter': 2016, 'denominator_population_units': 8944479.862, 'value': 0.21214114591071567}}, 'base_share_2004': 0.5100206436725485, 'pooled_fixed_bases_max_positive_correlation_se': 0.0060911302714076404, 'pooled_fixed_bases_zero_crossyear_covariance_se': 0.004307418797745566, 'qualification': 'Annual official generalized-variance approximation. Pooled candidates condition on observed base shares; cross-year covariance and random conditional-mother bases are not certified. Neither scale is adopted.'}, 'sampling_se': None, 'status': 'annual_generalized_variance_approximation_recovered_pooled_covariance_not_certified'}, 'value': 0.21365532522014702, 'weighted_mother_denominator': 18254809.608799897, 'weighted_numerator': 3900237.283800007}",IPUMS fertility supplement FRSUPPWT divided10000 as supplied loader; official Census supplement weight crosswalk not independently certified,,,,,,
coord_chi,139.82806784479274,False,"Pooled national first-birth counts ages 12-49, 2003-2006; age <=21 mapped to midpoint 20, 22-25 to 24, ..., age >=42 to 44; count-weighted mean.",/Users/tommasodesanto/Desktop/Projects/Fertility/Fertility_Spring26/code/data/nchs_natality_timing/build_first_birth_timing.R; /Users/tommasodesanto/Desktop/Projects/Fertility/Fertility_Spring26/output/model/e5f_matched_pf_20260909a/design_research/fertility_contract/verify_fertility_contract.py,/Users/tommasodesanto/Desktop/Projects/Fertility/Fertility_Spring26/output/model/e5f_matched_pf_20260909a/design_research/fertility_contract/fertility_target_contract.json,early_cps_nchs_fertility_certification_20260911_v2_not_activated,nchs_period_mean_age_first_birth_2003_2006,/Users/tommasodesanto/Desktop/Projects/Fertility/Fertility_Spring26/code/data/nchs_natality_timing/first_birth_counts_year_age.csv,,early_measurement,0.1197775766634237,Period mean first-birth age,2.0060668484635618,26.09604143765592,True,d551086d6fb35165c88ba9976b199596bb4b3baeca05abef37fc844451e12326,fertility.uniform_birth_time.moments.period_mean_age_first_birth,fertility.uniform_birth_time.moments.period_mean_age_first_birth,,,,nchs_mean_age,proposed_scored_restriction,"US-named raw files; exact/decoded age12-49 and known live-birth order1; 2003 under15 recode mapped14; Pooled national first-birth counts ages 12-49, 2003-2006; age <=21 mapped to midpoint 20, 22-25 to 24, ..., age >=42 to 44; count-weighted mean.",/Users/tommasodesanto/Desktop/Projects/Fertility/Fertility_Spring26/output/model/e5f_matched_pf_20260909a/design_research/fertility_contract/fertility_target_contract.json#/nchs_source_cautions/sample and #/candidate_moments/2/definition,True,,25.976263860992496,national_count_not_probability_sample,"First-birth flow timing, not completed-cohort timing. Household maternal proxy; empirical under-18/over-45 tail collapse retained; raw builder residence and unknown-order comparability remain unresolved.",/Users/tommasodesanto/Desktop/Projects/Fertility/Fertility_Spring26/output/model/e5f_matched_pf_20260909a/initial_calibration_contract/lead_methodological_decision.json,2003–2006 annual temporal SD: chosen typical-year discrepancy scale for approximate stationary target; not sampling SE,frozen_lead_selected_working_minimum_distance_weight,0.0845673694617251,"{'active_weight': None, 'definition': 'Pooled national first-birth counts ages 12-49, 2003-2006; age <=21 mapped to midpoint 20, 22-25 to 24, ..., age >=42 to 44; count-weighted mean.', 'first_birth_count': 6611269, 'id': 'nchs_period_mean_age_first_birth_2003_2006', 'model_observer_status': 'dated_flow_primitive_available_scored_period_adapter_and_population_mapping_not_certified', 'production_active': False, 'reported_value': 25.976264, 'uncertainty': {'annual_2003_2006_sample_sd': 0.0845673694617251, 'conditional_multinomial_process_se': 0.002249891508714525, 'conditional_multinomial_qualification': 'Model-based process variation conditional on total first births; not a sampling SE and not adopted for SMM. Our mean-age delta-method extension is not a quoted NCHS formula.', 'note': 'annual SD is period variation, not a sampling SE', 'sampling_se': None, 'status': 'national_count_not_probability_sample', 'temporal_variation': {'annual_range': 0.18579015118294961, 'annual_sample_sd': 0.0845673694617251, 'maximum_leave_one_year_shift': 0.03969117381891607}}, 'value': 25.976263860992496}",,None in authoritative builder: reads age/order only. Do not label exact sample US-resident births without verification.,,,,,
coord_chi,13866.065434728798,False,"Pooled national first-birth counts ages 12-49, 2003-2006; exact maternal age >=30 divided by all first births in the pooled window.",/Users/tommasodesanto/Desktop/Projects/Fertility/Fertility_Spring26/code/data/nchs_natality_timing/build_first_birth_timing.R; /Users/tommasodesanto/Desktop/Projects/Fertility/Fertility_Spring26/output/model/e5f_matched_pf_20260909a/design_research/fertility_contract/verify_fertility_contract.py,/Users/tommasodesanto/Desktop/Projects/Fertility/Fertility_Spring26/output/model/e5f_matched_pf_20260909a/design_research/fertility_contract/fertility_target_contract.json,early_cps_nchs_fertility_certification_20260911_v2_not_activated,nchs_period_first_birth_share_age30plus_2003_2006,/Users/tommasodesanto/Desktop/Projects/Fertility/Fertility_Spring26/code/data/nchs_natality_timing/first_birth_counts_year_age.csv,,early_measurement,-0.017111952470935554,First births at age 30+,4.060246268744996,0.23216606057013114,True,d551086d6fb35165c88ba9976b199596bb4b3baeca05abef37fc844451e12326,fertility.uniform_birth_time.moments.period_share_first_births_age30plus,fertility.uniform_birth_time.moments.period_share_first_births_age30plus,,,,nchs_share30,proposed_scored_restriction,"US-named raw files; exact/decoded age12-49 and known live-birth order1; 2003 under15 recode mapped14; Pooled national first-birth counts ages 12-49, 2003-2006; exact maternal age >=30 divided by all first births in the pooled window.",/Users/tommasodesanto/Desktop/Projects/Fertility/Fertility_Spring26/output/model/e5f_matched_pf_20260909a/design_research/fertility_contract/fertility_target_contract.json#/nchs_source_cautions/sample and #/candidate_moments/3/definition,True,,0.2492780130410667,national_count_not_probability_sample,"First-birth flow timing, not completed-cohort timing. Household maternal proxy; empirical under-18/over-45 tail collapse retained; raw builder residence and unknown-order comparability remain unresolved.",/Users/tommasodesanto/Desktop/Projects/Fertility/Fertility_Spring26/output/model/e5f_matched_pf_20260909a/initial_calibration_contract/lead_methodological_decision.json,2003–2006 annual temporal SD: chosen typical-year discrepancy scale for approximate stationary target; not sampling SE,frozen_lead_selected_working_minimum_distance_weight,0.00849226186213262,"{'active_weight': None, 'definition': 'Pooled national first-birth counts ages 12-49, 2003-2006; exact maternal age >=30 divided by all first births in the pooled window.', 'first_birth_count': 6611269, 'id': 'nchs_period_first_birth_share_age30plus_2003_2006', 'model_observer_status': 'dated_flow_primitive_available_scored_period_adapter_and_population_mapping_not_certified', 'production_active': False, 'reported_value': 0.249278, 'uncertainty': {'annual_2003_2006_sample_sd': 0.00849226186213262, 'conditional_multinomial_process_se': 0.000168243827885977, 'conditional_multinomial_qualification': 'Model-based process variation conditional on total first births; not a sampling SE and not adopted for SMM. Our mean-age delta-method extension is not a quoted NCHS formula.', 'note': 'annual SD is period variation, not a sampling SE', 'sampling_se': None, 'status': 'national_count_not_probability_sample', 'temporal_variation': {'annual_range': 0.01924403073634498, 'annual_sample_sd': 0.00849226186213262, 'maximum_leave_one_year_shift': 0.0037096109032545843}}, 'value': 0.2492780130410667}",,None in authoritative builder: reads age/order only. Do not label exact sample US-resident births without verification.,,,,,
coord_chi,7.595098472533724,False,sum(IW*NETWORTHR)/sum_{age<=65}(IW*EARNINDRRC),/Users/tommasodesanto/Desktop/Projects/Fertility/Fertility_Spring26/output/model/e5f_matched_pf_20260909a/design_research/wealth/build_initial_wealth.R,/Users/tommasodesanto/Desktop/Projects/Fertility/Fertility_Spring26/output/model/e5f_matched_pf_20260909a/design_research/observer_contract/observer_contract.json,e5f_early_housing_wealth_observer_review_v2_20260911,psid_wealth_gross_earnings_2003_2005,/Users/tommasodesanto/Desktop/Projects/Fertility/Fertility_Spring26/output/model/e5f_matched_pf_20260909a/design_research/wealth/aggregate_wealth_results.csv,0.36285515343369,early_measurement,-1.2428765524043985,Wealth / annual gross labor earnings,11.732468550374861,4.902984842053032,True,d551086d6fb35165c88ba9976b199596bb4b3baeca05abef37fc844451e12326,housing_wealth.moments.aggregate_wealth_to_annual_gross_labor_earnings,housing_wealth.moments.aggregate_wealth_to_annual_gross_labor_earnings,,,7.595098472533724,wealth_earnings,proposed_scored_restriction,"PSID reference persons ages 18-85, relation_to_head=10, positive IW, finite NETWORTHR; working-age gross earnings required/nonnegative; 2003-2005; actual selected waves 2003 and 2005; 10,828 family-years/6,018 IDs in wealth, 9,265 family-years/5,215 IDs in earnings.",/Users/tommasodesanto/Desktop/Projects/Fertility/Fertility_Spring26/output/model/e5f_matched_pf_20260909a/design_research/observer_contract/observer_contract.json#/records/4/sample,True,,6.14586139445743,person bootstrap,National PSID household-income normalization; survey-wave stock/flow dates inherited RP/spouse household earnings is the intended labor-income concept. Missing within-wave wealth valuation versus earnings reference-year metadata remains a calendar certification limit; national household income normalization and selection on finite outcomes are maintained approximations.,/Users/tommasodesanto/Desktop/Projects/Fertility/Fertility_Spring26/output/model/e5f_matched_pf_20260909a/initial_calibration_contract/lead_methodological_decision.json,Recorded empirical bootstrap standard error under the retained estimator/sample,frozen_lead_selected_working_minimum_distance_weight,0.36285515343369,"{'adjustment': 'Observe the pre-announcement stationary state using coherent beginning-period g_asset; use actual pension-consistent parameters. Gross earnings formula and 18-65 cell coverage match the intended earnings concept; no automatic 2023 reuse.', 'builder': 'output/model/e5f_matched_pf_20260909a/design_research/wealth/build_initial_wealth.R (mirrors audit_aggregate_wealth_earnings_ratio.R)', 'candidate_diagonal_weight': 7.595098472533724, 'clustering': 'reference-person ID bootstrap', 'data_formula': 'sum(IW*NETWORTHR)/sum_{age<=65}(IW*EARNINDRRC)', 'date': 'PSID survey waves 2003 and 2005, not an audited same-calendar stock/flow date', 'estimate': 6.14586139445743, 'fixed_effects': 'none', 'geography': 'national PSID', 'id': 'psid_wealth_gross_earnings_2003_2005', 'mismatch': 'RP/spouse household earnings is the intended labor-income concept. Missing within-wave wealth valuation versus earnings reference-year metadata remains a calendar certification limit; national household income normalization and selection on finite outcomes are maintained approximations.', 'model_formula': 'sum_x g_asset(x)*(b+1_owner*p*H) / sum_{j<J_R} g_asset(x)*[P.income(i,j)*z/((1-tau_pay)*4)]. All living 18-85 wealth cells; 12 working cells cover 18-65. P.income is already a four-year flow after payroll tax.', 'production_eligible': False, 'role': 'initial_calibration_restriction', 'sample': 'PSID reference persons ages 18-85, relation_to_head=10, positive IW, finite NETWORTHR; working-age gross earnings required/nonnegative; 2003-2005; actual selected waves 2003 and 2005; 10,828 family-years/6,018 IDs in wealth, 9,265 family-years/5,215 IDs in earnings.', 'status': 'verified_empirical__model_formula_available', 'target_weight_status': 'candidate_inverse_variance_not_activated', 'uncertainty': {'reps': 999, 'se': 0.36285515343369, 'seed': 20260723, 'type': 'person bootstrap'}}",,,reference-person ID bootstrap,none,national PSID,,
coord_chi,5165289.256198346,False,annual bequest flow / aggregate wealth,No microdata builder; external literature normalization,/Users/tommasodesanto/Desktop/Projects/Fertility/Fertility_Spring26/output/model/e5f_matched_pf_20260909a/design_research/observer_contract/observer_contract.json,e5f_early_housing_wealth_observer_review_v2_20260911,external_annual_bequest_wealth,/Users/tommasodesanto/Desktop/Projects/Fertility/Fertility_Spring26/tmp/e5f_matched_pf/code/model/intergen_eqscale_seq_optimized/e5_target_provenance.csv,,early_measurement,-0.0002146879196148338,Annual bequests / aggregate wealth,0.2380728451887672,0.008585312080385167,True,d551086d6fb35165c88ba9976b199596bb4b3baeca05abef37fc844451e12326,housing_wealth.moments.annual_bequest_flow_to_aggregate_wealth,housing_wealth.moments.annual_bequest_flow_to_aggregate_wealth,,5165289.256198346,,bequest_wealth,proposed_scored_restriction,external restriction,/Users/tommasodesanto/Desktop/Projects/Fertility/Fertility_Spring26/output/model/e5f_matched_pf_20260909a/design_research/observer_contract/observer_contract.json#/records/6/sample,True,0.00044000000000000007,0.0088,inherited synthetic five-percent calibration scale; NOT a standard error,"External historical restriction; synthetic uncertainty; forced terminal deaths Borrowed historical annual aggregate flow is imperfectly matched to model mortality, nonnegative estates and forced terminal deaths; no initial PSID sample or empirical SE. Gale-Scholz/De Nardi-Yang provenance is inherited, not freshly reviewed literature.",/Users/tommasodesanto/Desktop/Projects/Fertility/Fertility_Spring26/output/model/e5f_matched_pf_20260909a/initial_calibration_contract/lead_methodological_decision.json,Inherited synthetic five-percent target scale; not empirical SE,frozen_lead_selected_working_minimum_distance_weight,0.00044000000000000007,"{'adjustment': 'Keep explicitly external or replace only with a separately identified bequest-block decision and Jacobian check.', 'builder': 'No project microdata builder; provenance ledger identifies Gale-Scholz historical normalization transmitted through De Nardi-Yang', 'candidate_diagonal_weight': 5165289.256198346, 'clustering': 'none', 'data_formula': 'annual bequest flow / aggregate wealth', 'date': 'not a measured initial window', 'estimate': 0.0088, 'fixed_effects': 'none', 'geography': 'not applicable', 'id': 'external_annual_bequest_wealth', 'mismatch': 'Borrowed historical annual aggregate flow is imperfectly matched to model mortality, nonnegative estates and forced terminal deaths; no initial PSID sample or empirical SE. Gale-Scholz/De Nardi-Yang provenance is inherited, not freshly reviewed literature.', 'model_formula': '[sum_x (1-survival_j)*g_current(x)*max(bp_pol(x)+1_owner*p*H,0)/4] / sum_x g_asset(x)*(b+1_owner*p*H). Terminal death probability forced to 1; earlier death probabilities from survival. Debt/transaction timing must remain coherent.', 'production_eligible': False, 'role': 'initial_calibration_restriction', 'sample': 'external restriction', 'status': 'externally_fixed__not_an_initial_microdata_observer', 'target_weight_status': 'approved_retained_external_normalization_with_inherited_synthetic_weight', 'uncertainty': {'empirical_se': None, 'scale': 0.00044000000000000007, 'type': 'inherited synthetic five-percent calibration scale; NOT a standard error'}}",,,none,none,not applicable,,
coord_chi,10.616361531535473,False,"Q_.90(NETWORTHR/INCFAMR)/Q_.50(NETWORTHR/INCFAMR), weighted",/Users/tommasodesanto/Desktop/Projects/Fertility/Fertility_Spring26/output/model/e5f_matched_pf_20260909a/design_research/wealth/build_initial_wealth.R,/Users/tommasodesanto/Desktop/Projects/Fertility/Fertility_Spring26/output/model/e5f_matched_pf_20260909a/design_research/observer_contract/observer_contract.json,e5f_early_housing_wealth_observer_review_v2_20260911,psid_old_wealth_dispersion_2003_2005,/Users/tommasodesanto/Desktop/Projects/Fertility/Fertility_Spring26/output/model/e5f_matched_pf_20260909a/design_research/wealth/old_wealth_results.csv,0.306910785103348,early_measurement,0.9846380342946324,"Old wealth/income p90 / median, ages 76–84",10.292690523064207,4.500573120813352,True,d551086d6fb35165c88ba9976b199596bb4b3baeca05abef37fc844451e12326,housing_wealth.moments.old_total_wealth_to_annual_income_p90_p50_7684,housing_wealth.moments.old_total_wealth_to_annual_income_p90_p50_7684,,,10.616361531535473,old_dispersion,proposed_scored_restriction,"Living PSID reference persons ages 76-84, relation_to_head=10, positive IW, completed children observed, INCFAMR>1000; p90/p50 of NETWORTHR/INCFAMR; 2003-2005; 644 valid family-years/416 IDs; bootstrap population 918 living reference IDs ages 65-84, before outcome/children filters.",/Users/tommasodesanto/Desktop/Projects/Fertility/Fertility_Spring26/output/model/e5f_matched_pf_20260909a/design_research/observer_contract/observer_contract.json#/records/5/sample,True,,3.51593508651872,person bootstrap,"Uniform within-age-cell overlap for ages 76--84 Modeled pension plus configured lump-sum income proxy; not PSID total family income Empirical $1000 real-income and observed-child-history filters are not reproduced At these retirement ages model denominator is pension income (including configured z scaling), while PSID INCFAMR also includes transfers, asset income and other family components. Exact $1000 cutoff is not applied (only income>0), and observed-completed-children selection has no model missingness counterpart. Full 78/82 cells do not cover exactly 76-84. Actual model property-tax lump-sum transfer is zero in this receipt; proxy uses the configured pension-plus-transfer concept.",/Users/tommasodesanto/Desktop/Projects/Fertility/Fertility_Spring26/output/model/e5f_matched_pf_20260909a/initial_calibration_contract/lead_methodological_decision.json,Recorded empirical bootstrap standard error under the retained estimator/sample,frozen_lead_selected_working_minimum_distance_weight,0.306910785103348,"{'adjustment': 'Pin annual-age selection for 76-84; confirm household income mapping and empirical $1000 real-income cutoff in normalized model units. Observe initial stationary state, not 2023. Model quantile is available but sample/income equality is not established.', 'builder': 'output/model/e5f_matched_pf_20260909a/design_research/wealth/build_initial_wealth.R (mirrors audit_intergen_bequest_family_size_targets.R)', 'candidate_diagonal_weight': 10.616361531535473, 'clustering': 'reference-person ID bootstrap', 'data_formula': 'Q_.90(NETWORTHR/INCFAMR)/Q_.50(NETWORTHR/INCFAMR), weighted', 'date': 'PSID survey waves 2003 and 2005', 'estimate': 3.51593508651872, 'fixed_effects': 'none', 'geography': 'national PSID', 'id': 'psid_old_wealth_dispersion_2003_2005', 'mismatch': 'At these retirement ages model denominator is pension income (including configured z scaling), while PSID INCFAMR also includes transfers, asset income and other family components. Exact $1000 cutoff is not applied (only income>0), and observed-completed-children selection has no model missingness counterpart. Full 78/82 cells do not cover exactly 76-84.', 'model_formula': 'Weighted p90/p50 of W/annual_gross_income_at_state using g_asset; annualization divides P income by 4, payroll gross-up only for workers. Existing old mask selects labels 78 and 82. Existing quantile algorithm matches R; no transaction wedge is subtracted from W.', 'production_eligible': False, 'role': 'initial_calibration_restriction', 'sample': 'Living PSID reference persons ages 76-84, relation_to_head=10, positive IW, completed children observed, INCFAMR>1000; p90/p50 of NETWORTHR/INCFAMR; 2003-2005; 644 valid family-years/416 IDs; bootstrap population 918 living reference IDs ages 65-84, before outcome/children filters.', 'status': 'empirical_verified__age_income_mapping_outstanding', 'target_weight_status': 'candidate_inverse_variance_not_activated', 'uncertainty': {'reps': 499, 'se': 0.306910785103348, 'seed': 20260715, 'type': 'person bootstrap'}}",,,reference-person ID bootstrap,none,national PSID,,
coord_chi,128.02070205233477,False,"sum(HHWT*min(ROOMS,9))/sum(HHWT)",/Users/tommasodesanto/Desktop/Projects/Fertility/Fertility_Spring26/output/model/e5f_matched_pf_20260909a/design_research/housing/inspect_early_housing.py; /Users/tommasodesanto/Desktop/Projects/Fertility/Fertility_Spring26/output/model/e5f_matched_pf_20260909a/design_research/housing/summarize_early_housing.py,/Users/tommasodesanto/Desktop/Projects/Fertility/Fertility_Spring26/output/model/e5f_matched_pf_20260909a/design_research/observer_contract/observer_contract.json,e5f_early_housing_wealth_observer_review_v2_20260911,acs_rooms_2005_2006,/Users/tommasodesanto/Desktop/Projects/Fertility/Fertility_Spring26/output/model/e5f_matched_pf_20260909a/design_research/housing/early_housing_target_candidates.csv,0.08838120078007809,early_measurement,0.8642520128516225,"Mean occupied rooms, capped at 9",95.6227003557815,6.425349388970274,True,d551086d6fb35165c88ba9976b199596bb4b3baeca05abef37fc844451e12326,housing_wealth.moments.aggregate_mean_occupied_rooms_capped9_18_85,housing_wealth.moments.aggregate_mean_occupied_rooms_capped9_18_85,,,128.02070205233477,mean_rooms,proposed_scored_restriction,ACS household heads ages 18-85; occupied renter or owner; HHWT>0; 42 MET2013 cities; 2005-2006 pooled by summed HHWT numerator/denominator; inherits all common_acs_sample filters,/Users/tommasodesanto/Desktop/Projects/Fertility/Fertility_Spring26/output/model/e5f_matched_pf_20260909a/design_research/observer_contract/observer_contract.json#/records/0/sample,True,,5.561097376118652,42-metro bootstrap,"Uniform annual-age exposure and constant policies/distribution within each four-year cell National model versus 42-MET2013 housing sample Existing HistoricalMomentObserver is pinned to 2023 and old 12 rows. min(E[s|collapsed income],9) does not equal E[min(s,9)|income]; compute direct. The initial window and geographic approximation must be retained.",/Users/tommasodesanto/Desktop/Projects/Fertility/Fertility_Spring26/output/model/e5f_matched_pf_20260909a/initial_calibration_contract/lead_methodological_decision.json,Recorded empirical bootstrap standard error under the retained estimator/sample,frozen_lead_selected_working_minimum_distance_weight,0.08838120078007809,"{'adjustment': 'Use g_current and full hR_pol before income collapse; cap each renter/owner observation, then aggregate. All 17 current four-year age cells already span 18-85: validate geometry rather than invent an extra age restriction.', 'builder': 'output/model/e5f_matched_pf_20260909a/design_research/housing/inspect_early_housing.py; summarize_early_housing.py', 'candidate_diagonal_weight': 128.02070205233477, 'clustering': '42 MET2013 city bootstrap', 'data_formula': 'sum(HHWT*min(ROOMS,9))/sum(HHWT)', 'date': '2005-2006', 'estimate': 5.561097376118652, 'fixed_effects': 'none', 'geography': '42 MET2013 city codes; not admitted-PUMA footprint', 'id': 'acs_rooms_2005_2006', 'mismatch': 'Existing HistoricalMomentObserver is pinned to 2023 and old 12 rows. min(E[s|collapsed income],9) does not equal E[min(s,9)|income]; compute direct. The initial window and geographic approximation must be retained.', 'model_formula': 'Current extract_moments: aggregate_housing_demand/total_mass, all 17 age cells, uncapped. Proposed: weighted_mean(min(s,9)) on full g, observed at pre-announcement stationary solution.', 'production_eligible': False, 'role': 'initial_calibration_restriction', 'sample': 'ACS household heads ages 18-85; occupied renter or owner; HHWT>0; 42 MET2013 cities; 2005-2006 pooled by summed HHWT numerator/denominator; inherits all common_acs_sample filters', 'status': 'empirical_verified__cap_operator_needed', 'target_weight_status': 'candidate_inverse_variance_not_activated', 'uncertainty': {'reps': 1000, 'se': 0.08838120078007809, 'seed': 20260910, 'type': '42-metro bootstrap'}}",,,42 MET2013 city bootstrap,none,42 MET2013 city codes; not admitted-PUMA footprint,"{'filters': 'sample=year*100+1; GQ in {1,2}; PERNUM=1; RELATE=1; HHWT>0; 18<=AGE<=85; OWNERSHP in {1,2}; ROOMS>0; MET2013 in pinned 42-code list', 'fixed_effects': 'none', 'geography': 'Direct MET2013 membership in 42 cities; NOT old admitted-PUMA footprint. National fertility/PSID plus metro housing is an explicitly maintained geographic approximation.', 'owner': 'OWNERSHP=1', 'rooms': 'min(ROOMS,9) before any aggregation; pooled household-weighted numerators/denominators, not average yearly ratios', 'structures': 'UNITSSTR in 3:10 for all ownership rows, including both recent-parent comparison groups; no structure restriction for rooms rows', 'survey_waves': [2005, 2006], 'uncertainty': '1000 paired metro-resampling draws, seed 20260910, 42 clusters. Not ACS official survey-design or replicate-weight standard errors.', 'weights_status': 'Inverse marginal variance values below are candidate diagonal weights under the approved design, not a promoted target/weight fingerprint.'}",
coord_chi,2339.3623724673616,False,sum(HHWT*owner)/sum(HHWT),/Users/tommasodesanto/Desktop/Projects/Fertility/Fertility_Spring26/output/model/e5f_matched_pf_20260909a/design_research/housing/inspect_early_housing.py; /Users/tommasodesanto/Desktop/Projects/Fertility/Fertility_Spring26/output/model/e5f_matched_pf_20260909a/design_research/housing/summarize_early_housing.py,/Users/tommasodesanto/Desktop/Projects/Fertility/Fertility_Spring26/output/model/e5f_matched_pf_20260909a/design_research/observer_contract/observer_contract.json,e5f_early_housing_wealth_observer_review_v2_20260911,acs_ownership_30_55_2005_2006,/Users/tommasodesanto/Desktop/Projects/Fertility/Fertility_Spring26/output/model/e5f_matched_pf_20260909a/design_research/housing/early_housing_target_candidates.csv,0.020675272863460718,early_measurement,-0.08605428225625145,"Ownership, heads 30–55",17.32377256910399,0.5622797520628978,True,d551086d6fb35165c88ba9976b199596bb4b3baeca05abef37fc844451e12326,housing_wealth.moments.own_rate_30_55,housing_wealth.moments.own_rate_30_55,,,2339.3623724673616,ownership_30_55,proposed_scored_restriction,ACS heads ages 30-55; DUE structures UNITSSTR 3:10; HHWT>0; 42 MET2013 cities; 2005-2006; inherits all common_acs_sample filters,/Users/tommasodesanto/Desktop/Projects/Fertility/Fertility_Spring26/output/model/e5f_matched_pf_20260909a/design_research/observer_contract/observer_contract.json#/records/1/sample,True,,0.6483340343191493,42-metro bootstrap,Uniform annual-age exposure and constant policies/distribution within each four-year cell National model versus 42-MET2013 housing sample ACS DUE structure restriction is not represented by a model state Current nearest-index mask includes full 54-57 cell; no structure-type state allows exact UNITSSTR filtering. Neither issue is resolved by changing the row name.,/Users/tommasodesanto/Desktop/Projects/Fertility/Fertility_Spring26/output/model/e5f_matched_pf_20260909a/initial_calibration_contract/lead_methodological_decision.json,Recorded empirical bootstrap standard error under the retained estimator/sample,frozen_lead_selected_working_minimum_distance_weight,0.020675272863460718,"{'adjustment': 'Use owner indicator on full realized distribution with declared 30-55 age-exposure selector; pin the maintained DUE-to-model-product interpretation.', 'builder': 'output/model/e5f_matched_pf_20260909a/design_research/housing/inspect_early_housing.py; summarize_early_housing.py', 'candidate_diagonal_weight': 2339.3623724673616, 'clustering': '42 MET2013 city bootstrap', 'data_formula': 'sum(HHWT*owner)/sum(HHWT)', 'date': '2005-2006', 'estimate': 0.6483340343191493, 'fixed_effects': 'none', 'geography': '42 MET2013 cities; not admitted-PUMA footprint', 'id': 'acs_ownership_30_55_2005_2006', 'mismatch': 'Current nearest-index mask includes full 54-57 cell; no structure-type state allows exact UNITSSTR filtering. Neither issue is resolved by changing the row name.', 'model_formula': 'own_rate_3055=sum(g[owner tenures, ages 30:55])/sum(g[all tenures, ages 30:55])', 'production_eligible': False, 'role': 'initial_calibration_restriction', 'sample': 'ACS heads ages 30-55; DUE structures UNITSSTR 3:10; HHWT>0; 42 MET2013 cities; 2005-2006; inherits all common_acs_sample filters', 'status': 'empirical_verified__age_and_structure_mapping_outstanding', 'target_weight_status': 'candidate_inverse_variance_not_activated', 'uncertainty': {'reps': 1000, 'se': 0.020675272863460718, 'seed': 20260910, 'type': '42-metro bootstrap'}}",,,42 MET2013 city bootstrap,none,42 MET2013 cities; not admitted-PUMA footprint,"{'filters': 'sample=year*100+1; GQ in {1,2}; PERNUM=1; RELATE=1; HHWT>0; 18<=AGE<=85; OWNERSHP in {1,2}; ROOMS>0; MET2013 in pinned 42-code list', 'fixed_effects': 'none', 'geography': 'Direct MET2013 membership in 42 cities; NOT old admitted-PUMA footprint. National fertility/PSID plus metro housing is an explicitly maintained geographic approximation.', 'owner': 'OWNERSHP=1', 'rooms': 'min(ROOMS,9) before any aggregation; pooled household-weighted numerators/denominators, not average yearly ratios', 'structures': 'UNITSSTR in 3:10 for all ownership rows, including both recent-parent comparison groups; no structure restriction for rooms rows', 'survey_waves': [2005, 2006], 'uncertainty': '1000 paired metro-resampling draws, seed 20260910, 42 clusters. Not ACS official survey-design or replicate-weight standard errors.', 'weights_status': 'Inverse marginal variance values below are candidate diagonal weights under the approved design, not a promoted target/weight fingerprint.'}",
coord_chi,137.5652749002964,False,"beta(event=+3)-beta(event=-1), omitted event=-2; person/year FE, age/education controls, longitudinal IW",/Users/tommasodesanto/Desktop/Projects/Fertility/Fertility_Spring26/code/data/psid_followup_mar2026/sa_rooms_first_birth_household_aligned_v1.do,/Users/tommasodesanto/Desktop/Projects/Fertility/Fertility_Spring26/output/model/e5f_matched_pf_20260909a/design_research/observer_contract/observer_contract.json,e5f_early_housing_wealth_observer_review_v2_20260911,psid_sa_first_birth_rooms,/Users/tommasodesanto/Desktop/Projects/Fertility/Fertility_Spring26/code/data/psid_followup_mar2026/output/sa_rooms_first_birth_household_aligned_v1/target_receipt.csv,0.0852600513385958,early_measurement,0.24361868859444846,"First-birth room response, −1 to +3",8.164508066569532,0.9638649509759762,True,d551086d6fb35165c88ba9976b199596bb4b3baeca05abef37fc844451e12326,housing_wealth.moments.housing_increment_0to1,housing_wealth.moments.housing_increment_0to1,,,137.5652749002964,first_birth_rooms,proposed_scored_restriction,"Women age 18+, current reference/spouse, positive IW, single-FID dwelling, one woman per household-year; confirmed never-treated controls; 49,457 household-years, 4,112 persons",/Users/tommasodesanto/Desktop/Projects/Fertility/Fertility_Spring26/output/model/e5f_matched_pf_20260909a/design_research/observer_contract/observer_contract.json#/records/7/sample,True,,0.7202462623815278,"Sun-Abraham covariance contrast, clustered individual ID","Pooled PSID response applied to initial stationary economy under stability assumption Matched model risk-set weights differ from Sun-Abraham cohort/event weights; non-flat prepath caveat retained Applying the unchanged pooled contrast to initial stationary economy requires approved stability approximation. Model matched-risk weights differ from estimator cohort/event weights. Non-flat prepath and normalization dependence remain disclosed; September5 normalization check changed point to .730459 with identical fitted values, not a replacement target. Four-year approximation is not literal observed -1/+3 child ages. Keep PSID rooms uncapped; do not import ACS cap.",/Users/tommasodesanto/Desktop/Projects/Fertility/Fertility_Spring26/output/model/e5f_matched_pf_20260909a/initial_calibration_contract/lead_methodological_decision.json,Recorded empirical bootstrap standard error under the retained estimator/sample,frozen_lead_selected_working_minimum_distance_weight,0.0852600513385958,"{'adjustment': 'For an initial stationary observer call begin_dated_first_birth_housing_branch then finish_dated_first_birth_housing_branch with the stationary policy as BOTH dates; retain destination continuation births and no Census age bridge. Do NOT use first_birth_housing_response sequential legacy helper, which suppresses continuation births. Certify the same paired branch with mass/timing checks.', 'builder': 'code/data/psid_followup_mar2026/sa_rooms_first_birth_household_aligned_v1.do; finalize_first_birth_rooms_target_receipt.py', 'candidate_diagonal_weight': 137.5652749002964, 'clustering': 'selected woman stable ID; one household-year observation, primary analytic cluster covariance', 'data_formula': 'beta(event=+3)-beta(event=-1), omitted event=-2; person/year FE, age/education controls, longitudinal IW', 'date': 'Pooled PSID event-time -1 to +3; treated input observations 1970-2019, not an early-only regression', 'estimate': 0.7202462623815278, 'fixed_effects': 'person ID and survey year; age and education controls', 'geography': 'national PSID', 'id': 'psid_sa_first_birth_rooms', 'mismatch': 'Applying the unchanged pooled contrast to initial stationary economy requires approved stability approximation. Model matched-risk weights differ from estimator cohort/event weights. Non-flat prepath and normalization dependence remain disclosed; September5 normalization check changed point to .730459 with identical fitted values, not a replacement target. Four-year approximation is not literal observed -1/+3 child ages. Keep PSID rooms uncapped; do not import ACS cap.', 'model_formula': 'Select successful first births from initial g_pre; clone identical pre-birth states into treated n=1,m=1 and childless control. Advance both one period with origin policies/survival/income/maturation, then realize destination housing with destination policies. Treated may have continuation birth; control stays childless. Difference of destination uncapped rooms equals matched difference in changes.', 'production_eligible': False, 'role': 'initial_calibration_restriction', 'sample': 'Women age 18+, current reference/spouse, positive IW, single-FID dwelling, one woman per household-year; confirmed never-treated controls; 49,457 household-years, 4,112 persons', 'status': 'verified_empirical_contrast__provisional_structural_mapping', 'target_weight_status': 'candidate_inverse_variance_not_activated', 'uncertainty': {'reference_period': -2, 'se': 0.0852600513385958, 'type': 'Sun-Abraham covariance contrast, clustered individual ID', 'variance_formula': 'Var(beta_3)+Var(beta_-1)-2Cov(beta_3,beta_-1)'}}",,,"selected woman stable ID; one household-year observation, primary analytic cluster covariance",person ID and survey year; age and education controls,national PSID,,
coord_chi,280.52808370152104,False,"E[min(ROOMS,9)|NCHILD>=3,YNGCH<18]-E[min(ROOMS,9)|NCHILD=1-2,YNGCH<18]",/Users/tommasodesanto/Desktop/Projects/Fertility/Fertility_Spring26/output/model/e5f_matched_pf_20260909a/design_research/housing/inspect_early_housing.py; /Users/tommasodesanto/Desktop/Projects/Fertility/Fertility_Spring26/output/model/e5f_matched_pf_20260909a/design_research/housing/summarize_early_housing.py,/Users/tommasodesanto/Desktop/Projects/Fertility/Fertility_Spring26/output/model/e5f_matched_pf_20260909a/design_research/observer_contract/observer_contract.json,e5f_early_housing_wealth_observer_review_v2_20260911,acs_rooms_3plus_minus_1to2_2005_2006,/Users/tommasodesanto/Desktop/Projects/Fertility/Fertility_Spring26/output/model/e5f_matched_pf_20260909a/design_research/housing/early_housing_target_candidates.csv,0.059705154633000496,early_measurement,-0.17129049343041025,Rooms: 3+ versus 1–2 resident children (model dependent proxy),8.230815483633965,0.17577643836584045,True,d551086d6fb35165c88ba9976b199596bb4b3baeca05abef37fc844451e12326,housing_wealth.moments.prime30_55_model_dependent_3plus_minus_1to2_rooms_capped9,housing_wealth.moments.prime30_55_model_dependent_3plus_minus_1to2_rooms_capped9,,,280.52808370152104,family_rooms,proposed_scored_restriction,"ACS heads ages 30-55, YNGCH<18; NCHILD>=3 minus NCHILD=1-2; 42 MET2013 cities; 2005-2006; inherits all common_acs_sample filters",/Users/tommasodesanto/Desktop/Projects/Fertility/Fertility_Spring26/output/model/e5f_matched_pf_20260909a/design_research/observer_contract/observer_contract.json#/records/3/sample,True,,0.3470669317962507,42-metro bootstrap,"Uniform annual-age exposure and constant policies/distribution within each four-year cell National model versus 42-MET2013 housing sample Model dependent counts replace ACS resident own children with YNGCH<18 ACS NCHILD counts ALL resident own children while YNGCH<18 requires at least one minor. Example: ages 4,19,21 is empirical large family but may be one model dependent. m has no deterministic child-age bound under binomial maturation. Verifying independent_count is necessary but insufficient for exact ACS group equivalence.",/Users/tommasodesanto/Desktop/Projects/Fertility/Fertility_Spring26/output/model/e5f_matched_pf_20260909a/initial_calibration_contract/lead_methodological_decision.json,Recorded empirical bootstrap standard error under the retained estimator/sample,frozen_lead_selected_working_minimum_distance_weight,0.059705154633000496,"{'adjustment': 'Cap full income-resolved renter and owner rooms before any collapse. Runtime-assert child_state_mode=independent_count and child_bin_high_cutoff=3. Need explicit resident-child approximation or richer observation information before SMM certification.', 'builder': 'output/model/e5f_matched_pf_20260909a/design_research/housing/inspect_early_housing.py; summarize_early_housing.py', 'candidate_diagonal_weight': 280.52808370152104, 'clustering': '42 MET2013 city bootstrap', 'data_formula': 'E[min(ROOMS,9)|NCHILD>=3,YNGCH<18]-E[min(ROOMS,9)|NCHILD=1-2,YNGCH<18]', 'date': '2005-2006', 'estimate': 0.3470669317962507, 'fixed_effects': 'none', 'geography': '42 MET2013 cities; not admitted-PUMA footprint', 'id': 'acs_rooms_3plus_minus_1to2_2005_2006', 'mismatch': 'ACS NCHILD counts ALL resident own children while YNGCH<18 requires at least one minor. Example: ages 4,19,21 is empirical large family but may be one model dependent. m has no deterministic child-age bound under binomial maturation. Verifying independent_count is necessary but insufficient for exact ACS group equivalence.', 'model_formula': 'Current child_bin_high_cutoff=3 and independent_count use m=cs, subject to cs<=n: high group m>=3; low group 1<=m<=2. Existing moment is uncapped and uses current prime age mask. Proposed proxy: E[min(s,9)|m>=3]-E[min(s,9)|1<=m<=2], with declared age selector.', 'production_eligible': False, 'role': 'initial_calibration_restriction', 'sample': 'ACS heads ages 30-55, YNGCH<18; NCHILD>=3 minus NCHILD=1-2; 42 MET2013 cities; 2005-2006; inherits all common_acs_sample filters', 'status': 'empirical_verified__resident_child_mapping_outstanding', 'target_weight_status': 'candidate_inverse_variance_not_activated', 'uncertainty': {'reps': 1000, 'se': 0.059705154633000496, 'seed': 20260910, 'type': '42-metro bootstrap'}}",,,42 MET2013 city bootstrap,none,42 MET2013 cities; not admitted-PUMA footprint,"{'filters': 'sample=year*100+1; GQ in {1,2}; PERNUM=1; RELATE=1; HHWT>0; 18<=AGE<=85; OWNERSHP in {1,2}; ROOMS>0; MET2013 in pinned 42-code list', 'fixed_effects': 'none', 'geography': 'Direct MET2013 membership in 42 cities; NOT old admitted-PUMA footprint. National fertility/PSID plus metro housing is an explicitly maintained geographic approximation.', 'owner': 'OWNERSHP=1', 'rooms': 'min(ROOMS,9) before any aggregation; pooled household-weighted numerators/denominators, not average yearly ratios', 'structures': 'UNITSSTR in 3:10 for all ownership rows, including both recent-parent comparison groups; no structure restriction for rooms rows', 'survey_waves': [2005, 2006], 'uncertainty': '1000 paired metro-resampling draws, seed 20260910, 42 clusters. Not ACS official survey-design or replicate-weight standard errors.', 'weights_status': 'Inverse marginal variance values below are candidate diagonal weights under the approved design, not a promoted target/weight fingerprint.'}",
coord_chi,27055.822957508266,False,"Pr(owner|NCHILD>0,ELDCH<4)-Pr(owner|NCHILD=0)",/Users/tommasodesanto/Desktop/Projects/Fertility/Fertility_Spring26/output/model/e5f_matched_pf_20260909a/design_research/housing/inspect_early_housing.py; /Users/tommasodesanto/Desktop/Projects/Fertility/Fertility_Spring26/output/model/e5f_matched_pf_20260909a/design_research/housing/summarize_early_housing.py,/Users/tommasodesanto/Desktop/Projects/Fertility/Fertility_Spring26/output/model/e5f_matched_pf_20260909a/design_research/observer_contract/observer_contract.json,e5f_early_housing_wealth_observer_review_v2_20260911,acs_recent_parent_owner_gap_2005_2006,/Users/tommasodesanto/Desktop/Projects/Fertility/Fertility_Spring26/output/model/e5f_matched_pf_20260909a/design_research/housing/early_housing_target_candidates.csv,0.006079524679464666,recent_parent_observation,-0.044395634868866884,Recent-parent ownership gap,53.32628018434215,0.11849987429236597,True,d551086d6fb35165c88ba9976b199596bb4b3baeca05abef37fc844451e12326,ownership_current_birth_from_empty_dependent_home_minus_current_empty_home_30_55,model_value,,,27055.822957508266,recent_parent_ownership,proposed_scored_restriction,ACS heads ages 30-55; recent parent NCHILD>0 and ELDCH<4 minus NCHILD=0 controls; 42 MET2013 cities; 2005-2006; inherits all common_acs_sample filters; both groups also require UNITSSTR in 3:10,/Users/tommasodesanto/Desktop/Projects/Fertility/Fertility_Spring26/output/model/e5f_matched_pf_20260909a/design_research/observer_contract/observer_contract.json#/records/2/sample,True,,0.16289550916123285,42-metro bootstrap,"ELDCH is OLDEST resident own child: all resident own children must be under four. Model has no child ages or time since birth; independent binomial maturation has mean 18 years but no deterministic under-18 cutoff. ACS NCHILD=0 includes former parents with no own child resident, whereas model control is lifetime n=0. Adding m=0 controls would still conflate absent dependents with absent resident adult children. Unavailable: ACS oldest resident child under four and no-resident-child controls cannot be reconstructed from dependent counts and lifetime parity",/Users/tommasodesanto/Desktop/Projects/Fertility/Fertility_Spring26/output/model/e5f_matched_pf_20260909a/initial_calibration_contract/lead_methodological_decision.json,Recorded empirical bootstrap standard error under the retained estimator/sample,frozen_lead_selected_working_minimum_distance_weight,0.006079524679464666,"{'adjustment': 'Exact ACS recent-parent group and resident-child controls cannot be recovered from current count-only states. Do not substitute n=0 controls or all m>0 parents without an explicitly approved proxy contract; retain identifying row as blocked rather than silently dropping it.', 'builder': 'output/model/e5f_matched_pf_20260909a/design_research/housing/inspect_early_housing.py; summarize_early_housing.py', 'candidate_diagonal_weight': 27055.822957508266, 'clustering': '42 MET2013 city bootstrap', 'data_formula': 'Pr(owner|NCHILD>0,ELDCH<4)-Pr(owner|NCHILD=0)', 'date': '2005-2006', 'estimate': 0.16289550916123285, 'fixed_effects': 'none', 'geography': '42 MET2013 cities; not admitted-PUMA footprint', 'id': 'acs_recent_parent_owner_gap_2005_2006', 'mismatch': 'ELDCH is OLDEST resident own child: all resident own children must be under four. Model has no child ages or time since birth; independent binomial maturation has mean 18 years but no deterministic under-18 cutoff. ACS NCHILD=0 includes former parents with no own child resident, whereas model control is lifetime n=0. Adding m=0 controls would still conflate absent dependents with absent resident adult children.', 'model_formula': 'Under independent_count: Pr(owner | n>=1,m>0, current prime mask) - Pr(owner | n=0,childless readiness states,current prime mask). newparent_cs includes ALL positive dependent counts, with no recency condition.', 'production_eligible': False, 'role': 'initial_calibration_restriction', 'sample': 'ACS heads ages 30-55; recent parent NCHILD>0 and ELDCH<4 minus NCHILD=0 controls; 42 MET2013 cities; 2005-2006; inherits all common_acs_sample filters; both groups also require UNITSSTR in 3:10', 'status': 'verified_empirical__irreducible_group_mismatch', 'target_weight_status': 'candidate_inverse_variance_not_activated', 'uncertainty': {'reps': 1000, 'se': 0.006079524679464666, 'seed': 20260910, 'type': '42-metro bootstrap'}}",,,42 MET2013 city bootstrap,none,42 MET2013 cities; not admitted-PUMA footprint,"{'filters': 'sample=year*100+1; GQ in {1,2}; PERNUM=1; RELATE=1; HHWT>0; 18<=AGE<=85; OWNERSHP in {1,2}; ROOMS>0; MET2013 in pinned 42-code list', 'fixed_effects': 'none', 'geography': 'Direct MET2013 membership in 42 cities; NOT old admitted-PUMA footprint. National fertility/PSID plus metro housing is an explicitly maintained geographic approximation.', 'owner': 'OWNERSHP=1', 'rooms': 'min(ROOMS,9) before any aggregation; pooled household-weighted numerators/denominators, not average yearly ratios', 'structures': 'UNITSSTR in 3:10 for all ownership rows, including both recent-parent comparison groups; no structure restriction for rooms rows', 'survey_waves': [2005, 2006], 'uncertainty': '1000 paired metro-resampling draws, seed 20260910, 42 clusters. Not ACS official survey-design or replicate-weight standard errors.', 'weights_status': 'Inverse marginal variance values below are candidate diagonal weights under the approved design, not a promoted target/weight fingerprint.'}","{'age_projection': 'uniform_within_age_cell', 'approximation_id': 'early_2007_parenthood_md_working_v1__recent_parent_synchronized_proxy', 'decision_sha256': 'b1d399c290d257e56e008afb6d7b76ac1f69191685c8d9e89a4b0bfb06533c9a', 'decision_source': '/Users/tommasodesanto/Desktop/Projects/Fertility/Fertility_Spring26/output/model/e5f_matched_pf_20260909a/initial_calibration_contract/lead_methodological_decision.json', 'declaration': 'Synchronized post-fertility snapshot; uniform head-age overlap; model dependents proxy resident own children; actual current births from previously empty-dependent homes versus current empty homes inclformerparents. Not an exact annualACS interview reconstruction.', 'diagnostic_allow_residence_proxy': True, 'exact_acs': False, 'maintained': True, 'moment': 'ownership_current_birth_from_empty_dependent_home_minus_current_empty_home_30_55', 'observer_id': 'e5f_recent_parent_flow_diagnostic_v1', 'snapshot': 'synchronized_post_fertility_snapshot'}"
coord_first_birth_fixed_cost,,False,"Author-selected stationary model normalization, using maintained top-parity representative; not empirical female period TFR","Author-selected model normalization, not empirical estimation",/Users/tommasodesanto/Desktop/Projects/Fertility/Fertility_Spring26/output/model/e5f_matched_pf_20260909a/OVERNIGHT_PLAN.md,author_initial_model_fertility_2_1,author_2_1,/Users/tommasodesanto/Desktop/Projects/Fertility/Fertility_Spring26/output/model/e5f_matched_pf_20260909a/OVERNIGHT_PLAN.md,,normalization,8.222121441470165e-07,Initial model completed fertility,,2.1000008222121442,True,6132a4bb357fde6d0caf622d046857180afe0fe80ee2cb8242ac663d550a58f6,final.normalization.completed_fertility,completed_fertility,,,,initial_normalization,normalization_separate_from_scored_objective,"Author-selected stationary model normalization, using maintained top-parity representative; not empirical female period TFR","Author-selected model normalization, as explicitly recorded in the preserved target definition",False,,2.1,Author normalization; no empirical SE,Separate from CPS age-window stocks and actual birth/entry accounting.,/Users/tommasodesanto/Desktop/Projects/Fertility/Fertility_Spring26/output/model/e5f_matched_pf_20260909a/initial_calibration_contract/lead_methodological_decision.json,Separate exact normalization within tolerance5e-4,separate_unscored_normalization,,,,,,,,,
coord_first_birth_fixed_cost,35532.3042455214,False,Weighted P(FREVER=0) among pooled June 2004 and June 2006 women age 40-44 with valid FREVER 0-20 and positive FRSUPPWT.,/Users/tommasodesanto/Desktop/Projects/Fertility/Fertility_Spring26/output/model/e5f_matched_pf_20260909a/parameter_target_audit/fertility/extract_fertility_availability.py; /Users/tommasodesanto/Desktop/Projects/Fertility/Fertility_Spring26/output/model/e5f_matched_pf_20260909a/design_research/fertility_contract/verify_fertility_contract.py,/Users/tommasodesanto/Desktop/Projects/Fertility/Fertility_Spring26/output/model/e5f_matched_pf_20260909a/design_research/fertility_contract/fertility_target_contract.json,early_cps_nchs_fertility_certification_20260911_v2_not_activated,cps_childless_women_40_44_2004_2006,/Users/tommasodesanto/Desktop/Projects/Fertility/Fertility_Spring26/output/model/e5f_matched_pf_20260909a/parameter_target_audit/fertility/fertility_availability.json,,early_measurement,-0.0018454179204369925,"Childless women, ages 40–44",0.12100765347021822,0.19643333308640565,True,6132a4bb357fde6d0caf622d046857180afe0fe80ee2cb8242ac663d550a58f6,fertility.uniform_birth_time.moments.childless_rate_40_44,fertility.uniform_birth_time.moments.childless_rate_40_44,,,,cps_childlessness,proposed_scored_restriction,"June, femaleSEX2,age40-44,FREVER0-20,FRSUPPWT>0;excludeFREVER999NIU; 2004+2006 pooled weighted records; Weighted P(FREVER=0) among pooled June 2004 and June 2006 women age 40-44 with valid FREVER 0-20 and positive FRSUPPWT.",/Users/tommasodesanto/Desktop/Projects/Fertility/Fertility_Spring26/output/model/e5f_matched_pf_20260909a/parameter_target_audit/fertility/fertility_availability.json#/sample and /Users/tommasodesanto/Desktop/Projects/Fertility/Fertility_Spring26/output/model/e5f_matched_pf_20260909a/design_research/fertility_contract/fertility_target_contract.json#/candidate_moments/0/definition,True,,0.19827875100684264,annual_generalized_variance_approximation_recovered_pooled_covariance_not_certified,Uniform birth-time parity interpolation is the main diagnostic; constant-post-cell sensitivity retained. Model household reproductive member is not certified female exposure; no empirical age reweighting.,/Users/tommasodesanto/Desktop/Projects/Fertility/Fertility_Spring26/output/model/e5f_matched_pf_20260909a/initial_calibration_contract/lead_methodological_decision.json,CPS official annual generalized-variance approximations pooled with fixed observed weights and correlation-one working convention; not design-exact pooled SE,frozen_lead_selected_working_minimum_distance_weight,0.005305035738317728,"{'active_weight': None, 'definition': 'Weighted P(FREVER=0) among pooled June 2004 and June 2006 women age 40-44 with valid FREVER 0-20 and positive FRSUPPWT.', 'id': 'cps_childless_women_40_44_2004_2006', 'model_observer_status': 'blocked_by_age_window_mapping', 'production_active': False, 'reported_value': 0.198279, 'sample_records': 10872, 'uncertainty': {'annual_official_approximate_sampling_gvf_se': {'2004': {'approximate_gvf_se': 0.0052157901461549385, 'b_parameter': 2016, 'denominator_population_units': 11534656.9936, 'value': 0.1928386121957651}, '2006': {'approximate_gvf_se': 0.005396662766690418, 'b_parameter': 2016, 'denominator_population_units': 11234864.9964, 'value': 0.20386405489820397}}, 'pooled_candidates': {'annual': {'2004': {'approximate_gvf_se': 0.0052157901461549385, 'b_parameter': 2016, 'denominator_population_units': 11534656.9936, 'value': 0.1928386121957651}, '2006': {'approximate_gvf_se': 0.005396662766690418, 'b_parameter': 2016, 'denominator_population_units': 11234864.9964, 'value': 0.20386405489820397}}, 'base_share_2004': 0.5065831860091674, 'pooled_fixed_bases_max_positive_correlation_se': 0.005305035738317728, 'pooled_fixed_bases_zero_crossyear_covariance_se': 0.0037512549510131253, 'qualification': 'Annual official generalized-variance approximation. Pooled candidates condition on observed base shares; cross-year covariance and random conditional-mother bases are not certified. Neither scale is adopted.'}, 'sampling_se': None, 'status': 'annual_generalized_variance_approximation_recovered_pooled_covariance_not_certified'}, 'value': 0.19827875100684264, 'weighted_denominator': 22769521.989999805}",IPUMS fertility supplement FRSUPPWT divided10000 as supplied loader; official Census supplement weight crosswalk not independently certified,,,,,,
coord_first_birth_fixed_cost,26952.820824310795,False,Weighted P(FREVER=1 | FREVER>=1) in the same pooled CPS sample.,/Users/tommasodesanto/Desktop/Projects/Fertility/Fertility_Spring26/output/model/e5f_matched_pf_20260909a/parameter_target_audit/fertility/extract_fertility_availability.py; /Users/tommasodesanto/Desktop/Projects/Fertility/Fertility_Spring26/output/model/e5f_matched_pf_20260909a/design_research/fertility_contract/verify_fertility_contract.py,/Users/tommasodesanto/Desktop/Projects/Fertility/Fertility_Spring26/output/model/e5f_matched_pf_20260909a/design_research/fertility_contract/fertility_target_contract.json,early_cps_nchs_fertility_certification_20260911_v2_not_activated,cps_exactly_one_among_mothers_40_44_2004_2006,/Users/tommasodesanto/Desktop/Projects/Fertility/Fertility_Spring26/output/model/e5f_matched_pf_20260909a/parameter_target_audit/fertility/fertility_availability.json,,early_measurement,0.00258830936373447,"Exactly one child among mothers, ages 40–44",0.1805662551928244,0.2162436345838815,True,6132a4bb357fde6d0caf622d046857180afe0fe80ee2cb8242ac663d550a58f6,fertility.uniform_birth_time.moments.exactly_one_among_mothers_40_44,fertility.uniform_birth_time.moments.exactly_one_among_mothers_40_44,,,,cps_exactly_one,proposed_scored_restriction,"June, femaleSEX2,age40-44,FREVER0-20,FRSUPPWT>0;excludeFREVER999NIU; 2004+2006 pooled weighted records; Weighted P(FREVER=1 | FREVER>=1) in the same pooled CPS sample.",/Users/tommasodesanto/Desktop/Projects/Fertility/Fertility_Spring26/output/model/e5f_matched_pf_20260909a/parameter_target_audit/fertility/fertility_availability.json#/sample and /Users/tommasodesanto/Desktop/Projects/Fertility/Fertility_Spring26/output/model/e5f_matched_pf_20260909a/design_research/fertility_contract/fertility_target_contract.json#/candidate_moments/1/definition,True,,0.21365532522014702,annual_generalized_variance_approximation_recovered_pooled_covariance_not_certified,Uniform birth-time parity interpolation is the main diagnostic; constant-post-cell sensitivity retained. Model household reproductive member is not certified female exposure; no empirical age reweighting.,/Users/tommasodesanto/Desktop/Projects/Fertility/Fertility_Spring26/output/model/e5f_matched_pf_20260909a/initial_calibration_contract/lead_methodological_decision.json,CPS official annual generalized-variance approximations pooled with fixed observed weights and correlation-one working convention; not design-exact pooled SE,frozen_lead_selected_working_minimum_distance_weight,0.0060911302714076404,"{'active_weight': None, 'definition': 'Weighted P(FREVER=1 | FREVER>=1) in the same pooled CPS sample.', 'id': 'cps_exactly_one_among_mothers_40_44_2004_2006', 'model_observer_status': 'blocked_by_age_window_mapping; literal parity-one conditional-on-parenthood stock, not a continuation hazard', 'production_active': False, 'reported_value': 0.213655, 'uncertainty': {'annual_official_approximate_sampling_gvf_se': {'2004': {'approximate_gvf_se': 0.006046407789789988, 'b_parameter': 2016, 'denominator_population_units': 9310329.7468, 'value': 0.21511000477596962}, '2006': {'approximate_gvf_se': 0.006137682005815865, 'b_parameter': 2016, 'denominator_population_units': 8944479.862, 'value': 0.21214114591071567}}, 'pooled_candidates': {'annual': {'2004': {'approximate_gvf_se': 0.006046407789789988, 'b_parameter': 2016, 'denominator_population_units': 9310329.7468, 'value': 0.21511000477596962}, '2006': {'approximate_gvf_se': 0.006137682005815865, 'b_parameter': 2016, 'denominator_population_units': 8944479.862, 'value': 0.21214114591071567}}, 'base_share_2004': 0.5100206436725485, 'pooled_fixed_bases_max_positive_correlation_se': 0.0060911302714076404, 'pooled_fixed_bases_zero_crossyear_covariance_se': 0.004307418797745566, 'qualification': 'Annual official generalized-variance approximation. Pooled candidates condition on observed base shares; cross-year covariance and random conditional-mother bases are not certified. Neither scale is adopted.'}, 'sampling_se': None, 'status': 'annual_generalized_variance_approximation_recovered_pooled_covariance_not_certified'}, 'value': 0.21365532522014702, 'weighted_mother_denominator': 18254809.608799897, 'weighted_numerator': 3900237.283800007}",IPUMS fertility supplement FRSUPPWT divided10000 as supplied loader; official Census supplement weight crosswalk not independently certified,,,,,,
coord_first_birth_fixed_cost,139.82806784479274,False,"Pooled national first-birth counts ages 12-49, 2003-2006; age <=21 mapped to midpoint 20, 22-25 to 24, ..., age >=42 to 44; count-weighted mean.",/Users/tommasodesanto/Desktop/Projects/Fertility/Fertility_Spring26/code/data/nchs_natality_timing/build_first_birth_timing.R; /Users/tommasodesanto/Desktop/Projects/Fertility/Fertility_Spring26/output/model/e5f_matched_pf_20260909a/design_research/fertility_contract/verify_fertility_contract.py,/Users/tommasodesanto/Desktop/Projects/Fertility/Fertility_Spring26/output/model/e5f_matched_pf_20260909a/design_research/fertility_contract/fertility_target_contract.json,early_cps_nchs_fertility_certification_20260911_v2_not_activated,nchs_period_mean_age_first_birth_2003_2006,/Users/tommasodesanto/Desktop/Projects/Fertility/Fertility_Spring26/code/data/nchs_natality_timing/first_birth_counts_year_age.csv,,early_measurement,0.11787161141110047,Period mean first-birth age,1.9427315720616773,26.094135472403597,True,6132a4bb357fde6d0caf622d046857180afe0fe80ee2cb8242ac663d550a58f6,fertility.uniform_birth_time.moments.period_mean_age_first_birth,fertility.uniform_birth_time.moments.period_mean_age_first_birth,,,,nchs_mean_age,proposed_scored_restriction,"US-named raw files; exact/decoded age12-49 and known live-birth order1; 2003 under15 recode mapped14; Pooled national first-birth counts ages 12-49, 2003-2006; age <=21 mapped to midpoint 20, 22-25 to 24, ..., age >=42 to 44; count-weighted mean.",/Users/tommasodesanto/Desktop/Projects/Fertility/Fertility_Spring26/output/model/e5f_matched_pf_20260909a/design_research/fertility_contract/fertility_target_contract.json#/nchs_source_cautions/sample and #/candidate_moments/2/definition,True,,25.976263860992496,national_count_not_probability_sample,"First-birth flow timing, not completed-cohort timing. Household maternal proxy; empirical under-18/over-45 tail collapse retained; raw builder residence and unknown-order comparability remain unresolved.",/Users/tommasodesanto/Desktop/Projects/Fertility/Fertility_Spring26/output/model/e5f_matched_pf_20260909a/initial_calibration_contract/lead_methodological_decision.json,2003–2006 annual temporal SD: chosen typical-year discrepancy scale for approximate stationary target; not sampling SE,frozen_lead_selected_working_minimum_distance_weight,0.0845673694617251,"{'active_weight': None, 'definition': 'Pooled national first-birth counts ages 12-49, 2003-2006; age <=21 mapped to midpoint 20, 22-25 to 24, ..., age >=42 to 44; count-weighted mean.', 'first_birth_count': 6611269, 'id': 'nchs_period_mean_age_first_birth_2003_2006', 'model_observer_status': 'dated_flow_primitive_available_scored_period_adapter_and_population_mapping_not_certified', 'production_active': False, 'reported_value': 25.976264, 'uncertainty': {'annual_2003_2006_sample_sd': 0.0845673694617251, 'conditional_multinomial_process_se': 0.002249891508714525, 'conditional_multinomial_qualification': 'Model-based process variation conditional on total first births; not a sampling SE and not adopted for SMM. Our mean-age delta-method extension is not a quoted NCHS formula.', 'note': 'annual SD is period variation, not a sampling SE', 'sampling_se': None, 'status': 'national_count_not_probability_sample', 'temporal_variation': {'annual_range': 0.18579015118294961, 'annual_sample_sd': 0.0845673694617251, 'maximum_leave_one_year_shift': 0.03969117381891607}}, 'value': 25.976263860992496}",,None in authoritative builder: reads age/order only. Do not label exact sample US-resident births without verification.,,,,,
coord_first_birth_fixed_cost,13866.065434728798,False,"Pooled national first-birth counts ages 12-49, 2003-2006; exact maternal age >=30 divided by all first births in the pooled window.",/Users/tommasodesanto/Desktop/Projects/Fertility/Fertility_Spring26/code/data/nchs_natality_timing/build_first_birth_timing.R; /Users/tommasodesanto/Desktop/Projects/Fertility/Fertility_Spring26/output/model/e5f_matched_pf_20260909a/design_research/fertility_contract/verify_fertility_contract.py,/Users/tommasodesanto/Desktop/Projects/Fertility/Fertility_Spring26/output/model/e5f_matched_pf_20260909a/design_research/fertility_contract/fertility_target_contract.json,early_cps_nchs_fertility_certification_20260911_v2_not_activated,nchs_period_first_birth_share_age30plus_2003_2006,/Users/tommasodesanto/Desktop/Projects/Fertility/Fertility_Spring26/code/data/nchs_natality_timing/first_birth_counts_year_age.csv,,early_measurement,-0.017199294039899754,First births at age 30+,4.101800067341048,0.23207871900116694,True,6132a4bb357fde6d0caf622d046857180afe0fe80ee2cb8242ac663d550a58f6,fertility.uniform_birth_time.moments.period_share_first_births_age30plus,fertility.uniform_birth_time.moments.period_share_first_births_age30plus,,,,nchs_share30,proposed_scored_restriction,"US-named raw files; exact/decoded age12-49 and known live-birth order1; 2003 under15 recode mapped14; Pooled national first-birth counts ages 12-49, 2003-2006; exact maternal age >=30 divided by all first births in the pooled window.",/Users/tommasodesanto/Desktop/Projects/Fertility/Fertility_Spring26/output/model/e5f_matched_pf_20260909a/design_research/fertility_contract/fertility_target_contract.json#/nchs_source_cautions/sample and #/candidate_moments/3/definition,True,,0.2492780130410667,national_count_not_probability_sample,"First-birth flow timing, not completed-cohort timing. Household maternal proxy; empirical under-18/over-45 tail collapse retained; raw builder residence and unknown-order comparability remain unresolved.",/Users/tommasodesanto/Desktop/Projects/Fertility/Fertility_Spring26/output/model/e5f_matched_pf_20260909a/initial_calibration_contract/lead_methodological_decision.json,2003–2006 annual temporal SD: chosen typical-year discrepancy scale for approximate stationary target; not sampling SE,frozen_lead_selected_working_minimum_distance_weight,0.00849226186213262,"{'active_weight': None, 'definition': 'Pooled national first-birth counts ages 12-49, 2003-2006; exact maternal age >=30 divided by all first births in the pooled window.', 'first_birth_count': 6611269, 'id': 'nchs_period_first_birth_share_age30plus_2003_2006', 'model_observer_status': 'dated_flow_primitive_available_scored_period_adapter_and_population_mapping_not_certified', 'production_active': False, 'reported_value': 0.249278, 'uncertainty': {'annual_2003_2006_sample_sd': 0.00849226186213262, 'conditional_multinomial_process_se': 0.000168243827885977, 'conditional_multinomial_qualification': 'Model-based process variation conditional on total first births; not a sampling SE and not adopted for SMM. Our mean-age delta-method extension is not a quoted NCHS formula.', 'note': 'annual SD is period variation, not a sampling SE', 'sampling_se': None, 'status': 'national_count_not_probability_sample', 'temporal_variation': {'annual_range': 0.01924403073634498, 'annual_sample_sd': 0.00849226186213262, 'maximum_leave_one_year_shift': 0.0037096109032545843}}, 'value': 0.2492780130410667}",,None in authoritative builder: reads age/order only. Do not label exact sample US-resident births without verification.,,,,,
coord_first_birth_fixed_cost,7.595098472533724,False,sum(IW*NETWORTHR)/sum_{age<=65}(IW*EARNINDRRC),/Users/tommasodesanto/Desktop/Projects/Fertility/Fertility_Spring26/output/model/e5f_matched_pf_20260909a/design_research/wealth/build_initial_wealth.R,/Users/tommasodesanto/Desktop/Projects/Fertility/Fertility_Spring26/output/model/e5f_matched_pf_20260909a/design_research/observer_contract/observer_contract.json,e5f_early_housing_wealth_observer_review_v2_20260911,psid_wealth_gross_earnings_2003_2005,/Users/tommasodesanto/Desktop/Projects/Fertility/Fertility_Spring26/output/model/e5f_matched_pf_20260909a/design_research/wealth/aggregate_wealth_results.csv,0.36285515343369,early_measurement,-1.252453283610599,Wealth / annual gross labor earnings,11.913969401706094,4.893408110846831,True,6132a4bb357fde6d0caf622d046857180afe0fe80ee2cb8242ac663d550a58f6,housing_wealth.moments.aggregate_wealth_to_annual_gross_labor_earnings,housing_wealth.moments.aggregate_wealth_to_annual_gross_labor_earnings,,,7.595098472533724,wealth_earnings,proposed_scored_restriction,"PSID reference persons ages 18-85, relation_to_head=10, positive IW, finite NETWORTHR; working-age gross earnings required/nonnegative; 2003-2005; actual selected waves 2003 and 2005; 10,828 family-years/6,018 IDs in wealth, 9,265 family-years/5,215 IDs in earnings.",/Users/tommasodesanto/Desktop/Projects/Fertility/Fertility_Spring26/output/model/e5f_matched_pf_20260909a/design_research/observer_contract/observer_contract.json#/records/4/sample,True,,6.14586139445743,person bootstrap,National PSID household-income normalization; survey-wave stock/flow dates inherited RP/spouse household earnings is the intended labor-income concept. Missing within-wave wealth valuation versus earnings reference-year metadata remains a calendar certification limit; national household income normalization and selection on finite outcomes are maintained approximations.,/Users/tommasodesanto/Desktop/Projects/Fertility/Fertility_Spring26/output/model/e5f_matched_pf_20260909a/initial_calibration_contract/lead_methodological_decision.json,Recorded empirical bootstrap standard error under the retained estimator/sample,frozen_lead_selected_working_minimum_distance_weight,0.36285515343369,"{'adjustment': 'Observe the pre-announcement stationary state using coherent beginning-period g_asset; use actual pension-consistent parameters. Gross earnings formula and 18-65 cell coverage match the intended earnings concept; no automatic 2023 reuse.', 'builder': 'output/model/e5f_matched_pf_20260909a/design_research/wealth/build_initial_wealth.R (mirrors audit_aggregate_wealth_earnings_ratio.R)', 'candidate_diagonal_weight': 7.595098472533724, 'clustering': 'reference-person ID bootstrap', 'data_formula': 'sum(IW*NETWORTHR)/sum_{age<=65}(IW*EARNINDRRC)', 'date': 'PSID survey waves 2003 and 2005, not an audited same-calendar stock/flow date', 'estimate': 6.14586139445743, 'fixed_effects': 'none', 'geography': 'national PSID', 'id': 'psid_wealth_gross_earnings_2003_2005', 'mismatch': 'RP/spouse household earnings is the intended labor-income concept. Missing within-wave wealth valuation versus earnings reference-year metadata remains a calendar certification limit; national household income normalization and selection on finite outcomes are maintained approximations.', 'model_formula': 'sum_x g_asset(x)*(b+1_owner*p*H) / sum_{j<J_R} g_asset(x)*[P.income(i,j)*z/((1-tau_pay)*4)]. All living 18-85 wealth cells; 12 working cells cover 18-65. P.income is already a four-year flow after payroll tax.', 'production_eligible': False, 'role': 'initial_calibration_restriction', 'sample': 'PSID reference persons ages 18-85, relation_to_head=10, positive IW, finite NETWORTHR; working-age gross earnings required/nonnegative; 2003-2005; actual selected waves 2003 and 2005; 10,828 family-years/6,018 IDs in wealth, 9,265 family-years/5,215 IDs in earnings.', 'status': 'verified_empirical__model_formula_available', 'target_weight_status': 'candidate_inverse_variance_not_activated', 'uncertainty': {'reps': 999, 'se': 0.36285515343369, 'seed': 20260723, 'type': 'person bootstrap'}}",,,reference-person ID bootstrap,none,national PSID,,
coord_first_birth_fixed_cost,5165289.256198346,False,annual bequest flow / aggregate wealth,No microdata builder; external literature normalization,/Users/tommasodesanto/Desktop/Projects/Fertility/Fertility_Spring26/output/model/e5f_matched_pf_20260909a/design_research/observer_contract/observer_contract.json,e5f_early_housing_wealth_observer_review_v2_20260911,external_annual_bequest_wealth,/Users/tommasodesanto/Desktop/Projects/Fertility/Fertility_Spring26/tmp/e5f_matched_pf/code/model/intergen_eqscale_seq_optimized/e5_target_provenance.csv,,early_measurement,-0.0002175843876123136,Annual bequests / aggregate wealth,0.2445401122552971,0.008582415612387687,True,6132a4bb357fde6d0caf622d046857180afe0fe80ee2cb8242ac663d550a58f6,housing_wealth.moments.annual_bequest_flow_to_aggregate_wealth,housing_wealth.moments.annual_bequest_flow_to_aggregate_wealth,,5165289.256198346,,bequest_wealth,proposed_scored_restriction,external restriction,/Users/tommasodesanto/Desktop/Projects/Fertility/Fertility_Spring26/output/model/e5f_matched_pf_20260909a/design_research/observer_contract/observer_contract.json#/records/6/sample,True,0.00044000000000000007,0.0088,inherited synthetic five-percent calibration scale; NOT a standard error,"External historical restriction; synthetic uncertainty; forced terminal deaths Borrowed historical annual aggregate flow is imperfectly matched to model mortality, nonnegative estates and forced terminal deaths; no initial PSID sample or empirical SE. Gale-Scholz/De Nardi-Yang provenance is inherited, not freshly reviewed literature.",/Users/tommasodesanto/Desktop/Projects/Fertility/Fertility_Spring26/output/model/e5f_matched_pf_20260909a/initial_calibration_contract/lead_methodological_decision.json,Inherited synthetic five-percent target scale; not empirical SE,frozen_lead_selected_working_minimum_distance_weight,0.00044000000000000007,"{'adjustment': 'Keep explicitly external or replace only with a separately identified bequest-block decision and Jacobian check.', 'builder': 'No project microdata builder; provenance ledger identifies Gale-Scholz historical normalization transmitted through De Nardi-Yang', 'candidate_diagonal_weight': 5165289.256198346, 'clustering': 'none', 'data_formula': 'annual bequest flow / aggregate wealth', 'date': 'not a measured initial window', 'estimate': 0.0088, 'fixed_effects': 'none', 'geography': 'not applicable', 'id': 'external_annual_bequest_wealth', 'mismatch': 'Borrowed historical annual aggregate flow is imperfectly matched to model mortality, nonnegative estates and forced terminal deaths; no initial PSID sample or empirical SE. Gale-Scholz/De Nardi-Yang provenance is inherited, not freshly reviewed literature.', 'model_formula': '[sum_x (1-survival_j)*g_current(x)*max(bp_pol(x)+1_owner*p*H,0)/4] / sum_x g_asset(x)*(b+1_owner*p*H). Terminal death probability forced to 1; earlier death probabilities from survival. Debt/transaction timing must remain coherent.', 'production_eligible': False, 'role': 'initial_calibration_restriction', 'sample': 'external restriction', 'status': 'externally_fixed__not_an_initial_microdata_observer', 'target_weight_status': 'approved_retained_external_normalization_with_inherited_synthetic_weight', 'uncertainty': {'empirical_se': None, 'scale': 0.00044000000000000007, 'type': 'inherited synthetic five-percent calibration scale; NOT a standard error'}}",,,none,none,not applicable,,
coord_first_birth_fixed_cost,10.616361531535473,False,"Q_.90(NETWORTHR/INCFAMR)/Q_.50(NETWORTHR/INCFAMR), weighted",/Users/tommasodesanto/Desktop/Projects/Fertility/Fertility_Spring26/output/model/e5f_matched_pf_20260909a/design_research/wealth/build_initial_wealth.R,/Users/tommasodesanto/Desktop/Projects/Fertility/Fertility_Spring26/output/model/e5f_matched_pf_20260909a/design_research/observer_contract/observer_contract.json,e5f_early_housing_wealth_observer_review_v2_20260911,psid_old_wealth_dispersion_2003_2005,/Users/tommasodesanto/Desktop/Projects/Fertility/Fertility_Spring26/output/model/e5f_matched_pf_20260909a/design_research/wealth/old_wealth_results.csv,0.306910785103348,early_measurement,0.9839495670259417,"Old wealth/income p90 / median, ages 76–84",10.278302081979483,4.499884653544662,True,6132a4bb357fde6d0caf622d046857180afe0fe80ee2cb8242ac663d550a58f6,housing_wealth.moments.old_total_wealth_to_annual_income_p90_p50_7684,housing_wealth.moments.old_total_wealth_to_annual_income_p90_p50_7684,,,10.616361531535473,old_dispersion,proposed_scored_restriction,"Living PSID reference persons ages 76-84, relation_to_head=10, positive IW, completed children observed, INCFAMR>1000; p90/p50 of NETWORTHR/INCFAMR; 2003-2005; 644 valid family-years/416 IDs; bootstrap population 918 living reference IDs ages 65-84, before outcome/children filters.",/Users/tommasodesanto/Desktop/Projects/Fertility/Fertility_Spring26/output/model/e5f_matched_pf_20260909a/design_research/observer_contract/observer_contract.json#/records/5/sample,True,,3.51593508651872,person bootstrap,"Uniform within-age-cell overlap for ages 76--84 Modeled pension plus configured lump-sum income proxy; not PSID total family income Empirical $1000 real-income and observed-child-history filters are not reproduced At these retirement ages model denominator is pension income (including configured z scaling), while PSID INCFAMR also includes transfers, asset income and other family components. Exact $1000 cutoff is not applied (only income>0), and observed-completed-children selection has no model missingness counterpart. Full 78/82 cells do not cover exactly 76-84. Actual model property-tax lump-sum transfer is zero in this receipt; proxy uses the configured pension-plus-transfer concept.",/Users/tommasodesanto/Desktop/Projects/Fertility/Fertility_Spring26/output/model/e5f_matched_pf_20260909a/initial_calibration_contract/lead_methodological_decision.json,Recorded empirical bootstrap standard error under the retained estimator/sample,frozen_lead_selected_working_minimum_distance_weight,0.306910785103348,"{'adjustment': 'Pin annual-age selection for 76-84; confirm household income mapping and empirical $1000 real-income cutoff in normalized model units. Observe initial stationary state, not 2023. Model quantile is available but sample/income equality is not established.', 'builder': 'output/model/e5f_matched_pf_20260909a/design_research/wealth/build_initial_wealth.R (mirrors audit_intergen_bequest_family_size_targets.R)', 'candidate_diagonal_weight': 10.616361531535473, 'clustering': 'reference-person ID bootstrap', 'data_formula': 'Q_.90(NETWORTHR/INCFAMR)/Q_.50(NETWORTHR/INCFAMR), weighted', 'date': 'PSID survey waves 2003 and 2005', 'estimate': 3.51593508651872, 'fixed_effects': 'none', 'geography': 'national PSID', 'id': 'psid_old_wealth_dispersion_2003_2005', 'mismatch': 'At these retirement ages model denominator is pension income (including configured z scaling), while PSID INCFAMR also includes transfers, asset income and other family components. Exact $1000 cutoff is not applied (only income>0), and observed-completed-children selection has no model missingness counterpart. Full 78/82 cells do not cover exactly 76-84.', 'model_formula': 'Weighted p90/p50 of W/annual_gross_income_at_state using g_asset; annualization divides P income by 4, payroll gross-up only for workers. Existing old mask selects labels 78 and 82. Existing quantile algorithm matches R; no transaction wedge is subtracted from W.', 'production_eligible': False, 'role': 'initial_calibration_restriction', 'sample': 'Living PSID reference persons ages 76-84, relation_to_head=10, positive IW, completed children observed, INCFAMR>1000; p90/p50 of NETWORTHR/INCFAMR; 2003-2005; 644 valid family-years/416 IDs; bootstrap population 918 living reference IDs ages 65-84, before outcome/children filters.', 'status': 'empirical_verified__age_income_mapping_outstanding', 'target_weight_status': 'candidate_inverse_variance_not_activated', 'uncertainty': {'reps': 499, 'se': 0.306910785103348, 'seed': 20260715, 'type': 'person bootstrap'}}",,,reference-person ID bootstrap,none,national PSID,,
coord_first_birth_fixed_cost,128.02070205233477,False,"sum(HHWT*min(ROOMS,9))/sum(HHWT)",/Users/tommasodesanto/Desktop/Projects/Fertility/Fertility_Spring26/output/model/e5f_matched_pf_20260909a/design_research/housing/inspect_early_housing.py; /Users/tommasodesanto/Desktop/Projects/Fertility/Fertility_Spring26/output/model/e5f_matched_pf_20260909a/design_research/housing/summarize_early_housing.py,/Users/tommasodesanto/Desktop/Projects/Fertility/Fertility_Spring26/output/model/e5f_matched_pf_20260909a/design_research/observer_contract/observer_contract.json,e5f_early_housing_wealth_observer_review_v2_20260911,acs_rooms_2005_2006,/Users/tommasodesanto/Desktop/Projects/Fertility/Fertility_Spring26/output/model/e5f_matched_pf_20260909a/design_research/housing/early_housing_target_candidates.csv,0.08838120078007809,early_measurement,0.8635127104590055,"Mean occupied rooms, capped at 9",95.45917431620036,6.424610086577657,True,6132a4bb357fde6d0caf622d046857180afe0fe80ee2cb8242ac663d550a58f6,housing_wealth.moments.aggregate_mean_occupied_rooms_capped9_18_85,housing_wealth.moments.aggregate_mean_occupied_rooms_capped9_18_85,,,128.02070205233477,mean_rooms,proposed_scored_restriction,ACS household heads ages 18-85; occupied renter or owner; HHWT>0; 42 MET2013 cities; 2005-2006 pooled by summed HHWT numerator/denominator; inherits all common_acs_sample filters,/Users/tommasodesanto/Desktop/Projects/Fertility/Fertility_Spring26/output/model/e5f_matched_pf_20260909a/design_research/observer_contract/observer_contract.json#/records/0/sample,True,,5.561097376118652,42-metro bootstrap,"Uniform annual-age exposure and constant policies/distribution within each four-year cell National model versus 42-MET2013 housing sample Existing HistoricalMomentObserver is pinned to 2023 and old 12 rows. min(E[s|collapsed income],9) does not equal E[min(s,9)|income]; compute direct. The initial window and geographic approximation must be retained.",/Users/tommasodesanto/Desktop/Projects/Fertility/Fertility_Spring26/output/model/e5f_matched_pf_20260909a/initial_calibration_contract/lead_methodological_decision.json,Recorded empirical bootstrap standard error under the retained estimator/sample,frozen_lead_selected_working_minimum_distance_weight,0.08838120078007809,"{'adjustment': 'Use g_current and full hR_pol before income collapse; cap each renter/owner observation, then aggregate. All 17 current four-year age cells already span 18-85: validate geometry rather than invent an extra age restriction.', 'builder': 'output/model/e5f_matched_pf_20260909a/design_research/housing/inspect_early_housing.py; summarize_early_housing.py', 'candidate_diagonal_weight': 128.02070205233477, 'clustering': '42 MET2013 city bootstrap', 'data_formula': 'sum(HHWT*min(ROOMS,9))/sum(HHWT)', 'date': '2005-2006', 'estimate': 5.561097376118652, 'fixed_effects': 'none', 'geography': '42 MET2013 city codes; not admitted-PUMA footprint', 'id': 'acs_rooms_2005_2006', 'mismatch': 'Existing HistoricalMomentObserver is pinned to 2023 and old 12 rows. min(E[s|collapsed income],9) does not equal E[min(s,9)|income]; compute direct. The initial window and geographic approximation must be retained.', 'model_formula': 'Current extract_moments: aggregate_housing_demand/total_mass, all 17 age cells, uncapped. Proposed: weighted_mean(min(s,9)) on full g, observed at pre-announcement stationary solution.', 'production_eligible': False, 'role': 'initial_calibration_restriction', 'sample': 'ACS household heads ages 18-85; occupied renter or owner; HHWT>0; 42 MET2013 cities; 2005-2006 pooled by summed HHWT numerator/denominator; inherits all common_acs_sample filters', 'status': 'empirical_verified__cap_operator_needed', 'target_weight_status': 'candidate_inverse_variance_not_activated', 'uncertainty': {'reps': 1000, 'se': 0.08838120078007809, 'seed': 20260910, 'type': '42-metro bootstrap'}}",,,42 MET2013 city bootstrap,none,42 MET2013 city codes; not admitted-PUMA footprint,"{'filters': 'sample=year*100+1; GQ in {1,2}; PERNUM=1; RELATE=1; HHWT>0; 18<=AGE<=85; OWNERSHP in {1,2}; ROOMS>0; MET2013 in pinned 42-code list', 'fixed_effects': 'none', 'geography': 'Direct MET2013 membership in 42 cities; NOT old admitted-PUMA footprint. National fertility/PSID plus metro housing is an explicitly maintained geographic approximation.', 'owner': 'OWNERSHP=1', 'rooms': 'min(ROOMS,9) before any aggregation; pooled household-weighted numerators/denominators, not average yearly ratios', 'structures': 'UNITSSTR in 3:10 for all ownership rows, including both recent-parent comparison groups; no structure restriction for rooms rows', 'survey_waves': [2005, 2006], 'uncertainty': '1000 paired metro-resampling draws, seed 20260910, 42 clusters. Not ACS official survey-design or replicate-weight standard errors.', 'weights_status': 'Inverse marginal variance values below are candidate diagonal weights under the approved design, not a promoted target/weight fingerprint.'}",
coord_first_birth_fixed_cost,2339.3623724673616,False,sum(HHWT*owner)/sum(HHWT),/Users/tommasodesanto/Desktop/Projects/Fertility/Fertility_Spring26/output/model/e5f_matched_pf_20260909a/design_research/housing/inspect_early_housing.py; /Users/tommasodesanto/Desktop/Projects/Fertility/Fertility_Spring26/output/model/e5f_matched_pf_20260909a/design_research/housing/summarize_early_housing.py,/Users/tommasodesanto/Desktop/Projects/Fertility/Fertility_Spring26/output/model/e5f_matched_pf_20260909a/design_research/observer_contract/observer_contract.json,e5f_early_housing_wealth_observer_review_v2_20260911,acs_ownership_30_55_2005_2006,/Users/tommasodesanto/Desktop/Projects/Fertility/Fertility_Spring26/output/model/e5f_matched_pf_20260909a/design_research/housing/early_housing_target_candidates.csv,0.020675272863460718,early_measurement,-0.10843022968574723,"Ownership, heads 30–55",27.504151760663827,0.539903804633402,True,6132a4bb357fde6d0caf622d046857180afe0fe80ee2cb8242ac663d550a58f6,housing_wealth.moments.own_rate_30_55,housing_wealth.moments.own_rate_30_55,,,2339.3623724673616,ownership_30_55,proposed_scored_restriction,ACS heads ages 30-55; DUE structures UNITSSTR 3:10; HHWT>0; 42 MET2013 cities; 2005-2006; inherits all common_acs_sample filters,/Users/tommasodesanto/Desktop/Projects/Fertility/Fertility_Spring26/output/model/e5f_matched_pf_20260909a/design_research/observer_contract/observer_contract.json#/records/1/sample,True,,0.6483340343191493,42-metro bootstrap,Uniform annual-age exposure and constant policies/distribution within each four-year cell National model versus 42-MET2013 housing sample ACS DUE structure restriction is not represented by a model state Current nearest-index mask includes full 54-57 cell; no structure-type state allows exact UNITSSTR filtering. Neither issue is resolved by changing the row name.,/Users/tommasodesanto/Desktop/Projects/Fertility/Fertility_Spring26/output/model/e5f_matched_pf_20260909a/initial_calibration_contract/lead_methodological_decision.json,Recorded empirical bootstrap standard error under the retained estimator/sample,frozen_lead_selected_working_minimum_distance_weight,0.020675272863460718,"{'adjustment': 'Use owner indicator on full realized distribution with declared 30-55 age-exposure selector; pin the maintained DUE-to-model-product interpretation.', 'builder': 'output/model/e5f_matched_pf_20260909a/design_research/housing/inspect_early_housing.py; summarize_early_housing.py', 'candidate_diagonal_weight': 2339.3623724673616, 'clustering': '42 MET2013 city bootstrap', 'data_formula': 'sum(HHWT*owner)/sum(HHWT)', 'date': '2005-2006', 'estimate': 0.6483340343191493, 'fixed_effects': 'none', 'geography': '42 MET2013 cities; not admitted-PUMA footprint', 'id': 'acs_ownership_30_55_2005_2006', 'mismatch': 'Current nearest-index mask includes full 54-57 cell; no structure-type state allows exact UNITSSTR filtering. Neither issue is resolved by changing the row name.', 'model_formula': 'own_rate_3055=sum(g[owner tenures, ages 30:55])/sum(g[all tenures, ages 30:55])', 'production_eligible': False, 'role': 'initial_calibration_restriction', 'sample': 'ACS heads ages 30-55; DUE structures UNITSSTR 3:10; HHWT>0; 42 MET2013 cities; 2005-2006; inherits all common_acs_sample filters', 'status': 'empirical_verified__age_and_structure_mapping_outstanding', 'target_weight_status': 'candidate_inverse_variance_not_activated', 'uncertainty': {'reps': 1000, 'se': 0.020675272863460718, 'seed': 20260910, 'type': '42-metro bootstrap'}}",,,42 MET2013 city bootstrap,none,42 MET2013 cities; not admitted-PUMA footprint,"{'filters': 'sample=year*100+1; GQ in {1,2}; PERNUM=1; RELATE=1; HHWT>0; 18<=AGE<=85; OWNERSHP in {1,2}; ROOMS>0; MET2013 in pinned 42-code list', 'fixed_effects': 'none', 'geography': 'Direct MET2013 membership in 42 cities; NOT old admitted-PUMA footprint. National fertility/PSID plus metro housing is an explicitly maintained geographic approximation.', 'owner': 'OWNERSHP=1', 'rooms': 'min(ROOMS,9) before any aggregation; pooled household-weighted numerators/denominators, not average yearly ratios', 'structures': 'UNITSSTR in 3:10 for all ownership rows, including both recent-parent comparison groups; no structure restriction for rooms rows', 'survey_waves': [2005, 2006], 'uncertainty': '1000 paired metro-resampling draws, seed 20260910, 42 clusters. Not ACS official survey-design or replicate-weight standard errors.', 'weights_status': 'Inverse marginal variance values below are candidate diagonal weights under the approved design, not a promoted target/weight fingerprint.'}",
coord_first_birth_fixed_cost,137.5652749002964,False,"beta(event=+3)-beta(event=-1), omitted event=-2; person/year FE, age/education controls, longitudinal IW",/Users/tommasodesanto/Desktop/Projects/Fertility/Fertility_Spring26/code/data/psid_followup_mar2026/sa_rooms_first_birth_household_aligned_v1.do,/Users/tommasodesanto/Desktop/Projects/Fertility/Fertility_Spring26/output/model/e5f_matched_pf_20260909a/design_research/observer_contract/observer_contract.json,e5f_early_housing_wealth_observer_review_v2_20260911,psid_sa_first_birth_rooms,/Users/tommasodesanto/Desktop/Projects/Fertility/Fertility_Spring26/code/data/psid_followup_mar2026/output/sa_rooms_first_birth_household_aligned_v1/target_receipt.csv,0.0852600513385958,early_measurement,0.26043731646447177,"First-birth room response, −1 to +3",9.330721863045781,0.9806835788459995,True,6132a4bb357fde6d0caf622d046857180afe0fe80ee2cb8242ac663d550a58f6,housing_wealth.moments.housing_increment_0to1,housing_wealth.moments.housing_increment_0to1,,,137.5652749002964,first_birth_rooms,proposed_scored_restriction,"Women age 18+, current reference/spouse, positive IW, single-FID dwelling, one woman per household-year; confirmed never-treated controls; 49,457 household-years, 4,112 persons",/Users/tommasodesanto/Desktop/Projects/Fertility/Fertility_Spring26/output/model/e5f_matched_pf_20260909a/design_research/observer_contract/observer_contract.json#/records/7/sample,True,,0.7202462623815278,"Sun-Abraham covariance contrast, clustered individual ID","Pooled PSID response applied to initial stationary economy under stability assumption Matched model risk-set weights differ from Sun-Abraham cohort/event weights; non-flat prepath caveat retained Applying the unchanged pooled contrast to initial stationary economy requires approved stability approximation. Model matched-risk weights differ from estimator cohort/event weights. Non-flat prepath and normalization dependence remain disclosed; September5 normalization check changed point to .730459 with identical fitted values, not a replacement target. Four-year approximation is not literal observed -1/+3 child ages. Keep PSID rooms uncapped; do not import ACS cap.",/Users/tommasodesanto/Desktop/Projects/Fertility/Fertility_Spring26/output/model/e5f_matched_pf_20260909a/initial_calibration_contract/lead_methodological_decision.json,Recorded empirical bootstrap standard error under the retained estimator/sample,frozen_lead_selected_working_minimum_distance_weight,0.0852600513385958,"{'adjustment': 'For an initial stationary observer call begin_dated_first_birth_housing_branch then finish_dated_first_birth_housing_branch with the stationary policy as BOTH dates; retain destination continuation births and no Census age bridge. Do NOT use first_birth_housing_response sequential legacy helper, which suppresses continuation births. Certify the same paired branch with mass/timing checks.', 'builder': 'code/data/psid_followup_mar2026/sa_rooms_first_birth_household_aligned_v1.do; finalize_first_birth_rooms_target_receipt.py', 'candidate_diagonal_weight': 137.5652749002964, 'clustering': 'selected woman stable ID; one household-year observation, primary analytic cluster covariance', 'data_formula': 'beta(event=+3)-beta(event=-1), omitted event=-2; person/year FE, age/education controls, longitudinal IW', 'date': 'Pooled PSID event-time -1 to +3; treated input observations 1970-2019, not an early-only regression', 'estimate': 0.7202462623815278, 'fixed_effects': 'person ID and survey year; age and education controls', 'geography': 'national PSID', 'id': 'psid_sa_first_birth_rooms', 'mismatch': 'Applying the unchanged pooled contrast to initial stationary economy requires approved stability approximation. Model matched-risk weights differ from estimator cohort/event weights. Non-flat prepath and normalization dependence remain disclosed; September5 normalization check changed point to .730459 with identical fitted values, not a replacement target. Four-year approximation is not literal observed -1/+3 child ages. Keep PSID rooms uncapped; do not import ACS cap.', 'model_formula': 'Select successful first births from initial g_pre; clone identical pre-birth states into treated n=1,m=1 and childless control. Advance both one period with origin policies/survival/income/maturation, then realize destination housing with destination policies. Treated may have continuation birth; control stays childless. Difference of destination uncapped rooms equals matched difference in changes.', 'production_eligible': False, 'role': 'initial_calibration_restriction', 'sample': 'Women age 18+, current reference/spouse, positive IW, single-FID dwelling, one woman per household-year; confirmed never-treated controls; 49,457 household-years, 4,112 persons', 'status': 'verified_empirical_contrast__provisional_structural_mapping', 'target_weight_status': 'candidate_inverse_variance_not_activated', 'uncertainty': {'reference_period': -2, 'se': 0.0852600513385958, 'type': 'Sun-Abraham covariance contrast, clustered individual ID', 'variance_formula': 'Var(beta_3)+Var(beta_-1)-2Cov(beta_3,beta_-1)'}}",,,"selected woman stable ID; one household-year observation, primary analytic cluster covariance",person ID and survey year; age and education controls,national PSID,,
coord_first_birth_fixed_cost,280.52808370152104,False,"E[min(ROOMS,9)|NCHILD>=3,YNGCH<18]-E[min(ROOMS,9)|NCHILD=1-2,YNGCH<18]",/Users/tommasodesanto/Desktop/Projects/Fertility/Fertility_Spring26/output/model/e5f_matched_pf_20260909a/design_research/housing/inspect_early_housing.py; /Users/tommasodesanto/Desktop/Projects/Fertility/Fertility_Spring26/output/model/e5f_matched_pf_20260909a/design_research/housing/summarize_early_housing.py,/Users/tommasodesanto/Desktop/Projects/Fertility/Fertility_Spring26/output/model/e5f_matched_pf_20260909a/design_research/observer_contract/observer_contract.json,e5f_early_housing_wealth_observer_review_v2_20260911,acs_rooms_3plus_minus_1to2_2005_2006,/Users/tommasodesanto/Desktop/Projects/Fertility/Fertility_Spring26/output/model/e5f_matched_pf_20260909a/design_research/housing/early_housing_target_candidates.csv,0.059705154633000496,early_measurement,-0.17528394345287346,Rooms: 3+ versus 1–2 resident children (model dependent proxy),8.619074120072847,0.17178298834337724,True,6132a4bb357fde6d0caf622d046857180afe0fe80ee2cb8242ac663d550a58f6,housing_wealth.moments.prime30_55_model_dependent_3plus_minus_1to2_rooms_capped9,housing_wealth.moments.prime30_55_model_dependent_3plus_minus_1to2_rooms_capped9,,,280.52808370152104,family_rooms,proposed_scored_restriction,"ACS heads ages 30-55, YNGCH<18; NCHILD>=3 minus NCHILD=1-2; 42 MET2013 cities; 2005-2006; inherits all common_acs_sample filters",/Users/tommasodesanto/Desktop/Projects/Fertility/Fertility_Spring26/output/model/e5f_matched_pf_20260909a/design_research/observer_contract/observer_contract.json#/records/3/sample,True,,0.3470669317962507,42-metro bootstrap,"Uniform annual-age exposure and constant policies/distribution within each four-year cell National model versus 42-MET2013 housing sample Model dependent counts replace ACS resident own children with YNGCH<18 ACS NCHILD counts ALL resident own children while YNGCH<18 requires at least one minor. Example: ages 4,19,21 is empirical large family but may be one model dependent. m has no deterministic child-age bound under binomial maturation. Verifying independent_count is necessary but insufficient for exact ACS group equivalence.",/Users/tommasodesanto/Desktop/Projects/Fertility/Fertility_Spring26/output/model/e5f_matched_pf_20260909a/initial_calibration_contract/lead_methodological_decision.json,Recorded empirical bootstrap standard error under the retained estimator/sample,frozen_lead_selected_working_minimum_distance_weight,0.059705154633000496,"{'adjustment': 'Cap full income-resolved renter and owner rooms before any collapse. Runtime-assert child_state_mode=independent_count and child_bin_high_cutoff=3. Need explicit resident-child approximation or richer observation information before SMM certification.', 'builder': 'output/model/e5f_matched_pf_20260909a/design_research/housing/inspect_early_housing.py; summarize_early_housing.py', 'candidate_diagonal_weight': 280.52808370152104, 'clustering': '42 MET2013 city bootstrap', 'data_formula': 'E[min(ROOMS,9)|NCHILD>=3,YNGCH<18]-E[min(ROOMS,9)|NCHILD=1-2,YNGCH<18]', 'date': '2005-2006', 'estimate': 0.3470669317962507, 'fixed_effects': 'none', 'geography': '42 MET2013 cities; not admitted-PUMA footprint', 'id': 'acs_rooms_3plus_minus_1to2_2005_2006', 'mismatch': 'ACS NCHILD counts ALL resident own children while YNGCH<18 requires at least one minor. Example: ages 4,19,21 is empirical large family but may be one model dependent. m has no deterministic child-age bound under binomial maturation. Verifying independent_count is necessary but insufficient for exact ACS group equivalence.', 'model_formula': 'Current child_bin_high_cutoff=3 and independent_count use m=cs, subject to cs<=n: high group m>=3; low group 1<=m<=2. Existing moment is uncapped and uses current prime age mask. Proposed proxy: E[min(s,9)|m>=3]-E[min(s,9)|1<=m<=2], with declared age selector.', 'production_eligible': False, 'role': 'initial_calibration_restriction', 'sample': 'ACS heads ages 30-55, YNGCH<18; NCHILD>=3 minus NCHILD=1-2; 42 MET2013 cities; 2005-2006; inherits all common_acs_sample filters', 'status': 'empirical_verified__resident_child_mapping_outstanding', 'target_weight_status': 'candidate_inverse_variance_not_activated', 'uncertainty': {'reps': 1000, 'se': 0.059705154633000496, 'seed': 20260910, 'type': '42-metro bootstrap'}}",,,42 MET2013 city bootstrap,none,42 MET2013 cities; not admitted-PUMA footprint,"{'filters': 'sample=year*100+1; GQ in {1,2}; PERNUM=1; RELATE=1; HHWT>0; 18<=AGE<=85; OWNERSHP in {1,2}; ROOMS>0; MET2013 in pinned 42-code list', 'fixed_effects': 'none', 'geography': 'Direct MET2013 membership in 42 cities; NOT old admitted-PUMA footprint. National fertility/PSID plus metro housing is an explicitly maintained geographic approximation.', 'owner': 'OWNERSHP=1', 'rooms': 'min(ROOMS,9) before any aggregation; pooled household-weighted numerators/denominators, not average yearly ratios', 'structures': 'UNITSSTR in 3:10 for all ownership rows, including both recent-parent comparison groups; no structure restriction for rooms rows', 'survey_waves': [2005, 2006], 'uncertainty': '1000 paired metro-resampling draws, seed 20260910, 42 clusters. Not ACS official survey-design or replicate-weight standard errors.', 'weights_status': 'Inverse marginal variance values below are candidate diagonal weights under the approved design, not a promoted target/weight fingerprint.'}",
coord_first_birth_fixed_cost,27055.822957508266,False,"Pr(owner|NCHILD>0,ELDCH<4)-Pr(owner|NCHILD=0)",/Users/tommasodesanto/Desktop/Projects/Fertility/Fertility_Spring26/output/model/e5f_matched_pf_20260909a/design_research/housing/inspect_early_housing.py; /Users/tommasodesanto/Desktop/Projects/Fertility/Fertility_Spring26/output/model/e5f_matched_pf_20260909a/design_research/housing/summarize_early_housing.py,/Users/tommasodesanto/Desktop/Projects/Fertility/Fertility_Spring26/output/model/e5f_matched_pf_20260909a/design_research/observer_contract/observer_contract.json,e5f_early_housing_wealth_observer_review_v2_20260911,acs_recent_parent_owner_gap_2005_2006,/Users/tommasodesanto/Desktop/Projects/Fertility/Fertility_Spring26/output/model/e5f_matched_pf_20260909a/design_research/housing/early_housing_target_candidates.csv,0.006079524679464666,recent_parent_observation,-0.01863438801064693,Recent-parent ownership gap,9.394875233363416,0.14426112115058592,True,6132a4bb357fde6d0caf622d046857180afe0fe80ee2cb8242ac663d550a58f6,ownership_current_birth_from_empty_dependent_home_minus_current_empty_home_30_55,model_value,,,27055.822957508266,recent_parent_ownership,proposed_scored_restriction,ACS heads ages 30-55; recent parent NCHILD>0 and ELDCH<4 minus NCHILD=0 controls; 42 MET2013 cities; 2005-2006; inherits all common_acs_sample filters; both groups also require UNITSSTR in 3:10,/Users/tommasodesanto/Desktop/Projects/Fertility/Fertility_Spring26/output/model/e5f_matched_pf_20260909a/design_research/observer_contract/observer_contract.json#/records/2/sample,True,,0.16289550916123285,42-metro bootstrap,"ELDCH is OLDEST resident own child: all resident own children must be under four. Model has no child ages or time since birth; independent binomial maturation has mean 18 years but no deterministic under-18 cutoff. ACS NCHILD=0 includes former parents with no own child resident, whereas model control is lifetime n=0. Adding m=0 controls would still conflate absent dependents with absent resident adult children. Unavailable: ACS oldest resident child under four and no-resident-child controls cannot be reconstructed from dependent counts and lifetime parity",/Users/tommasodesanto/Desktop/Projects/Fertility/Fertility_Spring26/output/model/e5f_matched_pf_20260909a/initial_calibration_contract/lead_methodological_decision.json,Recorded empirical bootstrap standard error under the retained estimator/sample,frozen_lead_selected_working_minimum_distance_weight,0.006079524679464666,"{'adjustment': 'Exact ACS recent-parent group and resident-child controls cannot be recovered from current count-only states. Do not substitute n=0 controls or all m>0 parents without an explicitly approved proxy contract; retain identifying row as blocked rather than silently dropping it.', 'builder': 'output/model/e5f_matched_pf_20260909a/design_research/housing/inspect_early_housing.py; summarize_early_housing.py', 'candidate_diagonal_weight': 27055.822957508266, 'clustering': '42 MET2013 city bootstrap', 'data_formula': 'Pr(owner|NCHILD>0,ELDCH<4)-Pr(owner|NCHILD=0)', 'date': '2005-2006', 'estimate': 0.16289550916123285, 'fixed_effects': 'none', 'geography': '42 MET2013 cities; not admitted-PUMA footprint', 'id': 'acs_recent_parent_owner_gap_2005_2006', 'mismatch': 'ELDCH is OLDEST resident own child: all resident own children must be under four. Model has no child ages or time since birth; independent binomial maturation has mean 18 years but no deterministic under-18 cutoff. ACS NCHILD=0 includes former parents with no own child resident, whereas model control is lifetime n=0. Adding m=0 controls would still conflate absent dependents with absent resident adult children.', 'model_formula': 'Under independent_count: Pr(owner | n>=1,m>0, current prime mask) - Pr(owner | n=0,childless readiness states,current prime mask). newparent_cs includes ALL positive dependent counts, with no recency condition.', 'production_eligible': False, 'role': 'initial_calibration_restriction', 'sample': 'ACS heads ages 30-55; recent parent NCHILD>0 and ELDCH<4 minus NCHILD=0 controls; 42 MET2013 cities; 2005-2006; inherits all common_acs_sample filters; both groups also require UNITSSTR in 3:10', 'status': 'verified_empirical__irreducible_group_mismatch', 'target_weight_status': 'candidate_inverse_variance_not_activated', 'uncertainty': {'reps': 1000, 'se': 0.006079524679464666, 'seed': 20260910, 'type': '42-metro bootstrap'}}",,,42 MET2013 city bootstrap,none,42 MET2013 cities; not admitted-PUMA footprint,"{'filters': 'sample=year*100+1; GQ in {1,2}; PERNUM=1; RELATE=1; HHWT>0; 18<=AGE<=85; OWNERSHP in {1,2}; ROOMS>0; MET2013 in pinned 42-code list', 'fixed_effects': 'none', 'geography': 'Direct MET2013 membership in 42 cities; NOT old admitted-PUMA footprint. National fertility/PSID plus metro housing is an explicitly maintained geographic approximation.', 'owner': 'OWNERSHP=1', 'rooms': 'min(ROOMS,9) before any aggregation; pooled household-weighted numerators/denominators, not average yearly ratios', 'structures': 'UNITSSTR in 3:10 for all ownership rows, including both recent-parent comparison groups; no structure restriction for rooms rows', 'survey_waves': [2005, 2006], 'uncertainty': '1000 paired metro-resampling draws, seed 20260910, 42 clusters. Not ACS official survey-design or replicate-weight standard errors.', 'weights_status': 'Inverse marginal variance values below are candidate diagonal weights under the approved design, not a promoted target/weight fingerprint.'}","{'age_projection': 'uniform_within_age_cell', 'approximation_id': 'early_2007_parenthood_md_working_v1__recent_parent_synchronized_proxy', 'decision_sha256': 'b1d399c290d257e56e008afb6d7b76ac1f69191685c8d9e89a4b0bfb06533c9a', 'decision_source': '/Users/tommasodesanto/Desktop/Projects/Fertility/Fertility_Spring26/output/model/e5f_matched_pf_20260909a/initial_calibration_contract/lead_methodological_decision.json', 'declaration': 'Synchronized post-fertility snapshot; uniform head-age overlap; model dependents proxy resident own children; actual current births from previously empty-dependent homes versus current empty homes inclformerparents. Not an exact annualACS interview reconstruction.', 'diagnostic_allow_residence_proxy': True, 'exact_acs': False, 'maintained': True, 'moment': 'ownership_current_birth_from_empty_dependent_home_minus_current_empty_home_30_55', 'observer_id': 'e5f_recent_parent_flow_diagnostic_v1', 'snapshot': 'synchronized_post_fertility_snapshot'}"
coord_h_P,,False,"Author-selected stationary model normalization, using maintained top-parity representative; not empirical female period TFR","Author-selected model normalization, not empirical estimation",/Users/tommasodesanto/Desktop/Projects/Fertility/Fertility_Spring26/output/model/e5f_matched_pf_20260909a/OVERNIGHT_PLAN.md,author_initial_model_fertility_2_1,author_2_1,/Users/tommasodesanto/Desktop/Projects/Fertility/Fertility_Spring26/output/model/e5f_matched_pf_20260909a/OVERNIGHT_PLAN.md,,normalization,8.192548923702248e-07,Initial model completed fertility,,2.1000008192548925,True,b6722dfb4057ca234912b51f909a32bd691dece25ac0005e3b94d5c5ce06c36d,final.normalization.completed_fertility,completed_fertility,,,,initial_normalization,normalization_separate_from_scored_objective,"Author-selected stationary model normalization, using maintained top-parity representative; not empirical female period TFR","Author-selected model normalization, as explicitly recorded in the preserved target definition",False,,2.1,Author normalization; no empirical SE,Separate from CPS age-window stocks and actual birth/entry accounting.,/Users/tommasodesanto/Desktop/Projects/Fertility/Fertility_Spring26/output/model/e5f_matched_pf_20260909a/initial_calibration_contract/lead_methodological_decision.json,Separate exact normalization within tolerance5e-4,separate_unscored_normalization,,,,,,,,,
coord_h_P,35532.3042455214,False,Weighted P(FREVER=0) among pooled June 2004 and June 2006 women age 40-44 with valid FREVER 0-20 and positive FRSUPPWT.,/Users/tommasodesanto/Desktop/Projects/Fertility/Fertility_Spring26/output/model/e5f_matched_pf_20260909a/parameter_target_audit/fertility/extract_fertility_availability.py; /Users/tommasodesanto/Desktop/Projects/Fertility/Fertility_Spring26/output/model/e5f_matched_pf_20260909a/design_research/fertility_contract/verify_fertility_contract.py,/Users/tommasodesanto/Desktop/Projects/Fertility/Fertility_Spring26/output/model/e5f_matched_pf_20260909a/design_research/fertility_contract/fertility_target_contract.json,early_cps_nchs_fertility_certification_20260911_v2_not_activated,cps_childless_women_40_44_2004_2006,/Users/tommasodesanto/Desktop/Projects/Fertility/Fertility_Spring26/output/model/e5f_matched_pf_20260909a/parameter_target_audit/fertility/fertility_availability.json,,early_measurement,-0.0024524696741699548,"Childless women, ages 40–44",0.21371286370415943,0.19582628133267269,True,b6722dfb4057ca234912b51f909a32bd691dece25ac0005e3b94d5c5ce06c36d,fertility.uniform_birth_time.moments.childless_rate_40_44,fertility.uniform_birth_time.moments.childless_rate_40_44,,,,cps_childlessness,proposed_scored_restriction,"June, femaleSEX2,age40-44,FREVER0-20,FRSUPPWT>0;excludeFREVER999NIU; 2004+2006 pooled weighted records; Weighted P(FREVER=0) among pooled June 2004 and June 2006 women age 40-44 with valid FREVER 0-20 and positive FRSUPPWT.",/Users/tommasodesanto/Desktop/Projects/Fertility/Fertility_Spring26/output/model/e5f_matched_pf_20260909a/parameter_target_audit/fertility/fertility_availability.json#/sample and /Users/tommasodesanto/Desktop/Projects/Fertility/Fertility_Spring26/output/model/e5f_matched_pf_20260909a/design_research/fertility_contract/fertility_target_contract.json#/candidate_moments/0/definition,True,,0.19827875100684264,annual_generalized_variance_approximation_recovered_pooled_covariance_not_certified,Uniform birth-time parity interpolation is the main diagnostic; constant-post-cell sensitivity retained. Model household reproductive member is not certified female exposure; no empirical age reweighting.,/Users/tommasodesanto/Desktop/Projects/Fertility/Fertility_Spring26/output/model/e5f_matched_pf_20260909a/initial_calibration_contract/lead_methodological_decision.json,CPS official annual generalized-variance approximations pooled with fixed observed weights and correlation-one working convention; not design-exact pooled SE,frozen_lead_selected_working_minimum_distance_weight,0.005305035738317728,"{'active_weight': None, 'definition': 'Weighted P(FREVER=0) among pooled June 2004 and June 2006 women age 40-44 with valid FREVER 0-20 and positive FRSUPPWT.', 'id': 'cps_childless_women_40_44_2004_2006', 'model_observer_status': 'blocked_by_age_window_mapping', 'production_active': False, 'reported_value': 0.198279, 'sample_records': 10872, 'uncertainty': {'annual_official_approximate_sampling_gvf_se': {'2004': {'approximate_gvf_se': 0.0052157901461549385, 'b_parameter': 2016, 'denominator_population_units': 11534656.9936, 'value': 0.1928386121957651}, '2006': {'approximate_gvf_se': 0.005396662766690418, 'b_parameter': 2016, 'denominator_population_units': 11234864.9964, 'value': 0.20386405489820397}}, 'pooled_candidates': {'annual': {'2004': {'approximate_gvf_se': 0.0052157901461549385, 'b_parameter': 2016, 'denominator_population_units': 11534656.9936, 'value': 0.1928386121957651}, '2006': {'approximate_gvf_se': 0.005396662766690418, 'b_parameter': 2016, 'denominator_population_units': 11234864.9964, 'value': 0.20386405489820397}}, 'base_share_2004': 0.5065831860091674, 'pooled_fixed_bases_max_positive_correlation_se': 0.005305035738317728, 'pooled_fixed_bases_zero_crossyear_covariance_se': 0.0037512549510131253, 'qualification': 'Annual official generalized-variance approximation. Pooled candidates condition on observed base shares; cross-year covariance and random conditional-mother bases are not certified. Neither scale is adopted.'}, 'sampling_se': None, 'status': 'annual_generalized_variance_approximation_recovered_pooled_covariance_not_certified'}, 'value': 0.19827875100684264, 'weighted_denominator': 22769521.989999805}",IPUMS fertility supplement FRSUPPWT divided10000 as supplied loader; official Census supplement weight crosswalk not independently certified,,,,,,
coord_h_P,26952.820824310795,False,Weighted P(FREVER=1 | FREVER>=1) in the same pooled CPS sample.,/Users/tommasodesanto/Desktop/Projects/Fertility/Fertility_Spring26/output/model/e5f_matched_pf_20260909a/parameter_target_audit/fertility/extract_fertility_availability.py; /Users/tommasodesanto/Desktop/Projects/Fertility/Fertility_Spring26/output/model/e5f_matched_pf_20260909a/design_research/fertility_contract/verify_fertility_contract.py,/Users/tommasodesanto/Desktop/Projects/Fertility/Fertility_Spring26/output/model/e5f_matched_pf_20260909a/design_research/fertility_contract/fertility_target_contract.json,early_cps_nchs_fertility_certification_20260911_v2_not_activated,cps_exactly_one_among_mothers_40_44_2004_2006,/Users/tommasodesanto/Desktop/Projects/Fertility/Fertility_Spring26/output/model/e5f_matched_pf_20260909a/parameter_target_audit/fertility/fertility_availability.json,,early_measurement,0.003201079838757531,"Exactly one child among mothers, ages 40–44",0.27618318675285186,0.21685640505890455,True,b6722dfb4057ca234912b51f909a32bd691dece25ac0005e3b94d5c5ce06c36d,fertility.uniform_birth_time.moments.exactly_one_among_mothers_40_44,fertility.uniform_birth_time.moments.exactly_one_among_mothers_40_44,,,,cps_exactly_one,proposed_scored_restriction,"June, femaleSEX2,age40-44,FREVER0-20,FRSUPPWT>0;excludeFREVER999NIU; 2004+2006 pooled weighted records; Weighted P(FREVER=1 | FREVER>=1) in the same pooled CPS sample.",/Users/tommasodesanto/Desktop/Projects/Fertility/Fertility_Spring26/output/model/e5f_matched_pf_20260909a/parameter_target_audit/fertility/fertility_availability.json#/sample and /Users/tommasodesanto/Desktop/Projects/Fertility/Fertility_Spring26/output/model/e5f_matched_pf_20260909a/design_research/fertility_contract/fertility_target_contract.json#/candidate_moments/1/definition,True,,0.21365532522014702,annual_generalized_variance_approximation_recovered_pooled_covariance_not_certified,Uniform birth-time parity interpolation is the main diagnostic; constant-post-cell sensitivity retained. Model household reproductive member is not certified female exposure; no empirical age reweighting.,/Users/tommasodesanto/Desktop/Projects/Fertility/Fertility_Spring26/output/model/e5f_matched_pf_20260909a/initial_calibration_contract/lead_methodological_decision.json,CPS official annual generalized-variance approximations pooled with fixed observed weights and correlation-one working convention; not design-exact pooled SE,frozen_lead_selected_working_minimum_distance_weight,0.0060911302714076404,"{'active_weight': None, 'definition': 'Weighted P(FREVER=1 | FREVER>=1) in the same pooled CPS sample.', 'id': 'cps_exactly_one_among_mothers_40_44_2004_2006', 'model_observer_status': 'blocked_by_age_window_mapping; literal parity-one conditional-on-parenthood stock, not a continuation hazard', 'production_active': False, 'reported_value': 0.213655, 'uncertainty': {'annual_official_approximate_sampling_gvf_se': {'2004': {'approximate_gvf_se': 0.006046407789789988, 'b_parameter': 2016, 'denominator_population_units': 9310329.7468, 'value': 0.21511000477596962}, '2006': {'approximate_gvf_se': 0.006137682005815865, 'b_parameter': 2016, 'denominator_population_units': 8944479.862, 'value': 0.21214114591071567}}, 'pooled_candidates': {'annual': {'2004': {'approximate_gvf_se': 0.006046407789789988, 'b_parameter': 2016, 'denominator_population_units': 9310329.7468, 'value': 0.21511000477596962}, '2006': {'approximate_gvf_se': 0.006137682005815865, 'b_parameter': 2016, 'denominator_population_units': 8944479.862, 'value': 0.21214114591071567}}, 'base_share_2004': 0.5100206436725485, 'pooled_fixed_bases_max_positive_correlation_se': 0.0060911302714076404, 'pooled_fixed_bases_zero_crossyear_covariance_se': 0.004307418797745566, 'qualification': 'Annual official generalized-variance approximation. Pooled candidates condition on observed base shares; cross-year covariance and random conditional-mother bases are not certified. Neither scale is adopted.'}, 'sampling_se': None, 'status': 'annual_generalized_variance_approximation_recovered_pooled_covariance_not_certified'}, 'value': 0.21365532522014702, 'weighted_mother_denominator': 18254809.608799897, 'weighted_numerator': 3900237.283800007}",IPUMS fertility supplement FRSUPPWT divided10000 as supplied loader; official Census supplement weight crosswalk not independently certified,,,,,,
coord_h_P,139.82806784479274,False,"Pooled national first-birth counts ages 12-49, 2003-2006; age <=21 mapped to midpoint 20, 22-25 to 24, ..., age >=42 to 44; count-weighted mean.",/Users/tommasodesanto/Desktop/Projects/Fertility/Fertility_Spring26/code/data/nchs_natality_timing/build_first_birth_timing.R; /Users/tommasodesanto/Desktop/Projects/Fertility/Fertility_Spring26/output/model/e5f_matched_pf_20260909a/design_research/fertility_contract/verify_fertility_contract.py,/Users/tommasodesanto/Desktop/Projects/Fertility/Fertility_Spring26/output/model/e5f_matched_pf_20260909a/design_research/fertility_contract/fertility_target_contract.json,early_cps_nchs_fertility_certification_20260911_v2_not_activated,nchs_period_mean_age_first_birth_2003_2006,/Users/tommasodesanto/Desktop/Projects/Fertility/Fertility_Spring26/code/data/nchs_natality_timing/first_birth_counts_year_age.csv,,early_measurement,0.11701868112634983,Period mean first-birth age,1.9147177116430165,26.093282542118846,True,b6722dfb4057ca234912b51f909a32bd691dece25ac0005e3b94d5c5ce06c36d,fertility.uniform_birth_time.moments.period_mean_age_first_birth,fertility.uniform_birth_time.moments.period_mean_age_first_birth,,,,nchs_mean_age,proposed_scored_restriction,"US-named raw files; exact/decoded age12-49 and known live-birth order1; 2003 under15 recode mapped14; Pooled national first-birth counts ages 12-49, 2003-2006; age <=21 mapped to midpoint 20, 22-25 to 24, ..., age >=42 to 44; count-weighted mean.",/Users/tommasodesanto/Desktop/Projects/Fertility/Fertility_Spring26/output/model/e5f_matched_pf_20260909a/design_research/fertility_contract/fertility_target_contract.json#/nchs_source_cautions/sample and #/candidate_moments/2/definition,True,,25.976263860992496,national_count_not_probability_sample,"First-birth flow timing, not completed-cohort timing. Household maternal proxy; empirical under-18/over-45 tail collapse retained; raw builder residence and unknown-order comparability remain unresolved.",/Users/tommasodesanto/Desktop/Projects/Fertility/Fertility_Spring26/output/model/e5f_matched_pf_20260909a/initial_calibration_contract/lead_methodological_decision.json,2003–2006 annual temporal SD: chosen typical-year discrepancy scale for approximate stationary target; not sampling SE,frozen_lead_selected_working_minimum_distance_weight,0.0845673694617251,"{'active_weight': None, 'definition': 'Pooled national first-birth counts ages 12-49, 2003-2006; age <=21 mapped to midpoint 20, 22-25 to 24, ..., age >=42 to 44; count-weighted mean.', 'first_birth_count': 6611269, 'id': 'nchs_period_mean_age_first_birth_2003_2006', 'model_observer_status': 'dated_flow_primitive_available_scored_period_adapter_and_population_mapping_not_certified', 'production_active': False, 'reported_value': 25.976264, 'uncertainty': {'annual_2003_2006_sample_sd': 0.0845673694617251, 'conditional_multinomial_process_se': 0.002249891508714525, 'conditional_multinomial_qualification': 'Model-based process variation conditional on total first births; not a sampling SE and not adopted for SMM. Our mean-age delta-method extension is not a quoted NCHS formula.', 'note': 'annual SD is period variation, not a sampling SE', 'sampling_se': None, 'status': 'national_count_not_probability_sample', 'temporal_variation': {'annual_range': 0.18579015118294961, 'annual_sample_sd': 0.0845673694617251, 'maximum_leave_one_year_shift': 0.03969117381891607}}, 'value': 25.976263860992496}",,None in authoritative builder: reads age/order only. Do not label exact sample US-resident births without verification.,,,,,
coord_h_P,13866.065434728798,False,"Pooled national first-birth counts ages 12-49, 2003-2006; exact maternal age >=30 divided by all first births in the pooled window.",/Users/tommasodesanto/Desktop/Projects/Fertility/Fertility_Spring26/code/data/nchs_natality_timing/build_first_birth_timing.R; /Users/tommasodesanto/Desktop/Projects/Fertility/Fertility_Spring26/output/model/e5f_matched_pf_20260909a/design_research/fertility_contract/verify_fertility_contract.py,/Users/tommasodesanto/Desktop/Projects/Fertility/Fertility_Spring26/output/model/e5f_matched_pf_20260909a/design_research/fertility_contract/fertility_target_contract.json,early_cps_nchs_fertility_certification_20260911_v2_not_activated,nchs_period_first_birth_share_age30plus_2003_2006,/Users/tommasodesanto/Desktop/Projects/Fertility/Fertility_Spring26/code/data/nchs_natality_timing/first_birth_counts_year_age.csv,,early_measurement,-0.01719719132590941,First births at age 30+,4.100797190694569,0.2320808217151573,True,b6722dfb4057ca234912b51f909a32bd691dece25ac0005e3b94d5c5ce06c36d,fertility.uniform_birth_time.moments.period_share_first_births_age30plus,fertility.uniform_birth_time.moments.period_share_first_births_age30plus,,,,nchs_share30,proposed_scored_restriction,"US-named raw files; exact/decoded age12-49 and known live-birth order1; 2003 under15 recode mapped14; Pooled national first-birth counts ages 12-49, 2003-2006; exact maternal age >=30 divided by all first births in the pooled window.",/Users/tommasodesanto/Desktop/Projects/Fertility/Fertility_Spring26/output/model/e5f_matched_pf_20260909a/design_research/fertility_contract/fertility_target_contract.json#/nchs_source_cautions/sample and #/candidate_moments/3/definition,True,,0.2492780130410667,national_count_not_probability_sample,"First-birth flow timing, not completed-cohort timing. Household maternal proxy; empirical under-18/over-45 tail collapse retained; raw builder residence and unknown-order comparability remain unresolved.",/Users/tommasodesanto/Desktop/Projects/Fertility/Fertility_Spring26/output/model/e5f_matched_pf_20260909a/initial_calibration_contract/lead_methodological_decision.json,2003–2006 annual temporal SD: chosen typical-year discrepancy scale for approximate stationary target; not sampling SE,frozen_lead_selected_working_minimum_distance_weight,0.00849226186213262,"{'active_weight': None, 'definition': 'Pooled national first-birth counts ages 12-49, 2003-2006; exact maternal age >=30 divided by all first births in the pooled window.', 'first_birth_count': 6611269, 'id': 'nchs_period_first_birth_share_age30plus_2003_2006', 'model_observer_status': 'dated_flow_primitive_available_scored_period_adapter_and_population_mapping_not_certified', 'production_active': False, 'reported_value': 0.249278, 'uncertainty': {'annual_2003_2006_sample_sd': 0.00849226186213262, 'conditional_multinomial_process_se': 0.000168243827885977, 'conditional_multinomial_qualification': 'Model-based process variation conditional on total first births; not a sampling SE and not adopted for SMM. Our mean-age delta-method extension is not a quoted NCHS formula.', 'note': 'annual SD is period variation, not a sampling SE', 'sampling_se': None, 'status': 'national_count_not_probability_sample', 'temporal_variation': {'annual_range': 0.01924403073634498, 'annual_sample_sd': 0.00849226186213262, 'maximum_leave_one_year_shift': 0.0037096109032545843}}, 'value': 0.2492780130410667}",,None in authoritative builder: reads age/order only. Do not label exact sample US-resident births without verification.,,,,,
coord_h_P,7.595098472533724,False,sum(IW*NETWORTHR)/sum_{age<=65}(IW*EARNINDRRC),/Users/tommasodesanto/Desktop/Projects/Fertility/Fertility_Spring26/output/model/e5f_matched_pf_20260909a/design_research/wealth/build_initial_wealth.R,/Users/tommasodesanto/Desktop/Projects/Fertility/Fertility_Spring26/output/model/e5f_matched_pf_20260909a/design_research/observer_contract/observer_contract.json,e5f_early_housing_wealth_observer_review_v2_20260911,psid_wealth_gross_earnings_2003_2005,/Users/tommasodesanto/Desktop/Projects/Fertility/Fertility_Spring26/output/model/e5f_matched_pf_20260909a/design_research/wealth/aggregate_wealth_results.csv,0.36285515343369,early_measurement,-1.2533440228480695,Wealth / annual gross labor earnings,11.930921752501337,4.892517371609361,True,b6722dfb4057ca234912b51f909a32bd691dece25ac0005e3b94d5c5ce06c36d,housing_wealth.moments.aggregate_wealth_to_annual_gross_labor_earnings,housing_wealth.moments.aggregate_wealth_to_annual_gross_labor_earnings,,,7.595098472533724,wealth_earnings,proposed_scored_restriction,"PSID reference persons ages 18-85, relation_to_head=10, positive IW, finite NETWORTHR; working-age gross earnings required/nonnegative; 2003-2005; actual selected waves 2003 and 2005; 10,828 family-years/6,018 IDs in wealth, 9,265 family-years/5,215 IDs in earnings.",/Users/tommasodesanto/Desktop/Projects/Fertility/Fertility_Spring26/output/model/e5f_matched_pf_20260909a/design_research/observer_contract/observer_contract.json#/records/4/sample,True,,6.14586139445743,person bootstrap,National PSID household-income normalization; survey-wave stock/flow dates inherited RP/spouse household earnings is the intended labor-income concept. Missing within-wave wealth valuation versus earnings reference-year metadata remains a calendar certification limit; national household income normalization and selection on finite outcomes are maintained approximations.,/Users/tommasodesanto/Desktop/Projects/Fertility/Fertility_Spring26/output/model/e5f_matched_pf_20260909a/initial_calibration_contract/lead_methodological_decision.json,Recorded empirical bootstrap standard error under the retained estimator/sample,frozen_lead_selected_working_minimum_distance_weight,0.36285515343369,"{'adjustment': 'Observe the pre-announcement stationary state using coherent beginning-period g_asset; use actual pension-consistent parameters. Gross earnings formula and 18-65 cell coverage match the intended earnings concept; no automatic 2023 reuse.', 'builder': 'output/model/e5f_matched_pf_20260909a/design_research/wealth/build_initial_wealth.R (mirrors audit_aggregate_wealth_earnings_ratio.R)', 'candidate_diagonal_weight': 7.595098472533724, 'clustering': 'reference-person ID bootstrap', 'data_formula': 'sum(IW*NETWORTHR)/sum_{age<=65}(IW*EARNINDRRC)', 'date': 'PSID survey waves 2003 and 2005, not an audited same-calendar stock/flow date', 'estimate': 6.14586139445743, 'fixed_effects': 'none', 'geography': 'national PSID', 'id': 'psid_wealth_gross_earnings_2003_2005', 'mismatch': 'RP/spouse household earnings is the intended labor-income concept. Missing within-wave wealth valuation versus earnings reference-year metadata remains a calendar certification limit; national household income normalization and selection on finite outcomes are maintained approximations.', 'model_formula': 'sum_x g_asset(x)*(b+1_owner*p*H) / sum_{j<J_R} g_asset(x)*[P.income(i,j)*z/((1-tau_pay)*4)]. All living 18-85 wealth cells; 12 working cells cover 18-65. P.income is already a four-year flow after payroll tax.', 'production_eligible': False, 'role': 'initial_calibration_restriction', 'sample': 'PSID reference persons ages 18-85, relation_to_head=10, positive IW, finite NETWORTHR; working-age gross earnings required/nonnegative; 2003-2005; actual selected waves 2003 and 2005; 10,828 family-years/6,018 IDs in wealth, 9,265 family-years/5,215 IDs in earnings.', 'status': 'verified_empirical__model_formula_available', 'target_weight_status': 'candidate_inverse_variance_not_activated', 'uncertainty': {'reps': 999, 'se': 0.36285515343369, 'seed': 20260723, 'type': 'person bootstrap'}}",,,reference-person ID bootstrap,none,national PSID,,
coord_h_P,5165289.256198346,False,annual bequest flow / aggregate wealth,No microdata builder; external literature normalization,/Users/tommasodesanto/Desktop/Projects/Fertility/Fertility_Spring26/output/model/e5f_matched_pf_20260909a/design_research/observer_contract/observer_contract.json,e5f_early_housing_wealth_observer_review_v2_20260911,external_annual_bequest_wealth,/Users/tommasodesanto/Desktop/Projects/Fertility/Fertility_Spring26/tmp/e5f_matched_pf/code/model/intergen_eqscale_seq_optimized/e5_target_provenance.csv,,early_measurement,-0.00021710991394753576,Annual bequests / aggregate wealth,0.243474766189599,0.008582890086052465,True,b6722dfb4057ca234912b51f909a32bd691dece25ac0005e3b94d5c5ce06c36d,housing_wealth.moments.annual_bequest_flow_to_aggregate_wealth,housing_wealth.moments.annual_bequest_flow_to_aggregate_wealth,,5165289.256198346,,bequest_wealth,proposed_scored_restriction,external restriction,/Users/tommasodesanto/Desktop/Projects/Fertility/Fertility_Spring26/output/model/e5f_matched_pf_20260909a/design_research/observer_contract/observer_contract.json#/records/6/sample,True,0.00044000000000000007,0.0088,inherited synthetic five-percent calibration scale; NOT a standard error,"External historical restriction; synthetic uncertainty; forced terminal deaths Borrowed historical annual aggregate flow is imperfectly matched to model mortality, nonnegative estates and forced terminal deaths; no initial PSID sample or empirical SE. Gale-Scholz/De Nardi-Yang provenance is inherited, not freshly reviewed literature.",/Users/tommasodesanto/Desktop/Projects/Fertility/Fertility_Spring26/output/model/e5f_matched_pf_20260909a/initial_calibration_contract/lead_methodological_decision.json,Inherited synthetic five-percent target scale; not empirical SE,frozen_lead_selected_working_minimum_distance_weight,0.00044000000000000007,"{'adjustment': 'Keep explicitly external or replace only with a separately identified bequest-block decision and Jacobian check.', 'builder': 'No project microdata builder; provenance ledger identifies Gale-Scholz historical normalization transmitted through De Nardi-Yang', 'candidate_diagonal_weight': 5165289.256198346, 'clustering': 'none', 'data_formula': 'annual bequest flow / aggregate wealth', 'date': 'not a measured initial window', 'estimate': 0.0088, 'fixed_effects': 'none', 'geography': 'not applicable', 'id': 'external_annual_bequest_wealth', 'mismatch': 'Borrowed historical annual aggregate flow is imperfectly matched to model mortality, nonnegative estates and forced terminal deaths; no initial PSID sample or empirical SE. Gale-Scholz/De Nardi-Yang provenance is inherited, not freshly reviewed literature.', 'model_formula': '[sum_x (1-survival_j)*g_current(x)*max(bp_pol(x)+1_owner*p*H,0)/4] / sum_x g_asset(x)*(b+1_owner*p*H). Terminal death probability forced to 1; earlier death probabilities from survival. Debt/transaction timing must remain coherent.', 'production_eligible': False, 'role': 'initial_calibration_restriction', 'sample': 'external restriction', 'status': 'externally_fixed__not_an_initial_microdata_observer', 'target_weight_status': 'approved_retained_external_normalization_with_inherited_synthetic_weight', 'uncertainty': {'empirical_se': None, 'scale': 0.00044000000000000007, 'type': 'inherited synthetic five-percent calibration scale; NOT a standard error'}}",,,none,none,not applicable,,
coord_h_P,10.616361531535473,False,"Q_.90(NETWORTHR/INCFAMR)/Q_.50(NETWORTHR/INCFAMR), weighted",/Users/tommasodesanto/Desktop/Projects/Fertility/Fertility_Spring26/output/model/e5f_matched_pf_20260909a/design_research/wealth/build_initial_wealth.R,/Users/tommasodesanto/Desktop/Projects/Fertility/Fertility_Spring26/output/model/e5f_matched_pf_20260909a/design_research/observer_contract/observer_contract.json,e5f_early_housing_wealth_observer_review_v2_20260911,psid_old_wealth_dispersion_2003_2005,/Users/tommasodesanto/Desktop/Projects/Fertility/Fertility_Spring26/output/model/e5f_matched_pf_20260909a/design_research/wealth/old_wealth_results.csv,0.306910785103348,early_measurement,0.9890629500486856,"Old wealth/income p90 / median, ages 76–84",10.385408097996649,4.504998036567406,True,b6722dfb4057ca234912b51f909a32bd691dece25ac0005e3b94d5c5ce06c36d,housing_wealth.moments.old_total_wealth_to_annual_income_p90_p50_7684,housing_wealth.moments.old_total_wealth_to_annual_income_p90_p50_7684,,,10.616361531535473,old_dispersion,proposed_scored_restriction,"Living PSID reference persons ages 76-84, relation_to_head=10, positive IW, completed children observed, INCFAMR>1000; p90/p50 of NETWORTHR/INCFAMR; 2003-2005; 644 valid family-years/416 IDs; bootstrap population 918 living reference IDs ages 65-84, before outcome/children filters.",/Users/tommasodesanto/Desktop/Projects/Fertility/Fertility_Spring26/output/model/e5f_matched_pf_20260909a/design_research/observer_contract/observer_contract.json#/records/5/sample,True,,3.51593508651872,person bootstrap,"Uniform within-age-cell overlap for ages 76--84 Modeled pension plus configured lump-sum income proxy; not PSID total family income Empirical $1000 real-income and observed-child-history filters are not reproduced At these retirement ages model denominator is pension income (including configured z scaling), while PSID INCFAMR also includes transfers, asset income and other family components. Exact $1000 cutoff is not applied (only income>0), and observed-completed-children selection has no model missingness counterpart. Full 78/82 cells do not cover exactly 76-84. Actual model property-tax lump-sum transfer is zero in this receipt; proxy uses the configured pension-plus-transfer concept.",/Users/tommasodesanto/Desktop/Projects/Fertility/Fertility_Spring26/output/model/e5f_matched_pf_20260909a/initial_calibration_contract/lead_methodological_decision.json,Recorded empirical bootstrap standard error under the retained estimator/sample,frozen_lead_selected_working_minimum_distance_weight,0.306910785103348,"{'adjustment': 'Pin annual-age selection for 76-84; confirm household income mapping and empirical $1000 real-income cutoff in normalized model units. Observe initial stationary state, not 2023. Model quantile is available but sample/income equality is not established.', 'builder': 'output/model/e5f_matched_pf_20260909a/design_research/wealth/build_initial_wealth.R (mirrors audit_intergen_bequest_family_size_targets.R)', 'candidate_diagonal_weight': 10.616361531535473, 'clustering': 'reference-person ID bootstrap', 'data_formula': 'Q_.90(NETWORTHR/INCFAMR)/Q_.50(NETWORTHR/INCFAMR), weighted', 'date': 'PSID survey waves 2003 and 2005', 'estimate': 3.51593508651872, 'fixed_effects': 'none', 'geography': 'national PSID', 'id': 'psid_old_wealth_dispersion_2003_2005', 'mismatch': 'At these retirement ages model denominator is pension income (including configured z scaling), while PSID INCFAMR also includes transfers, asset income and other family components. Exact $1000 cutoff is not applied (only income>0), and observed-completed-children selection has no model missingness counterpart. Full 78/82 cells do not cover exactly 76-84.', 'model_formula': 'Weighted p90/p50 of W/annual_gross_income_at_state using g_asset; annualization divides P income by 4, payroll gross-up only for workers. Existing old mask selects labels 78 and 82. Existing quantile algorithm matches R; no transaction wedge is subtracted from W.', 'production_eligible': False, 'role': 'initial_calibration_restriction', 'sample': 'Living PSID reference persons ages 76-84, relation_to_head=10, positive IW, completed children observed, INCFAMR>1000; p90/p50 of NETWORTHR/INCFAMR; 2003-2005; 644 valid family-years/416 IDs; bootstrap population 918 living reference IDs ages 65-84, before outcome/children filters.', 'status': 'empirical_verified__age_income_mapping_outstanding', 'target_weight_status': 'candidate_inverse_variance_not_activated', 'uncertainty': {'reps': 499, 'se': 0.306910785103348, 'seed': 20260715, 'type': 'person bootstrap'}}",,,reference-person ID bootstrap,none,national PSID,,
coord_h_P,128.02070205233477,False,"sum(HHWT*min(ROOMS,9))/sum(HHWT)",/Users/tommasodesanto/Desktop/Projects/Fertility/Fertility_Spring26/output/model/e5f_matched_pf_20260909a/design_research/housing/inspect_early_housing.py; /Users/tommasodesanto/Desktop/Projects/Fertility/Fertility_Spring26/output/model/e5f_matched_pf_20260909a/design_research/housing/summarize_early_housing.py,/Users/tommasodesanto/Desktop/Projects/Fertility/Fertility_Spring26/output/model/e5f_matched_pf_20260909a/design_research/observer_contract/observer_contract.json,e5f_early_housing_wealth_observer_review_v2_20260911,acs_rooms_2005_2006,/Users/tommasodesanto/Desktop/Projects/Fertility/Fertility_Spring26/output/model/e5f_matched_pf_20260909a/design_research/housing/early_housing_target_candidates.csv,0.08838120078007809,early_measurement,0.8620558271901722,"Mean occupied rooms, capped at 9",95.13733642497495,6.423153203308824,True,b6722dfb4057ca234912b51f909a32bd691dece25ac0005e3b94d5c5ce06c36d,housing_wealth.moments.aggregate_mean_occupied_rooms_capped9_18_85,housing_wealth.moments.aggregate_mean_occupied_rooms_capped9_18_85,,,128.02070205233477,mean_rooms,proposed_scored_restriction,ACS household heads ages 18-85; occupied renter or owner; HHWT>0; 42 MET2013 cities; 2005-2006 pooled by summed HHWT numerator/denominator; inherits all common_acs_sample filters,/Users/tommasodesanto/Desktop/Projects/Fertility/Fertility_Spring26/output/model/e5f_matched_pf_20260909a/design_research/observer_contract/observer_contract.json#/records/0/sample,True,,5.561097376118652,42-metro bootstrap,"Uniform annual-age exposure and constant policies/distribution within each four-year cell National model versus 42-MET2013 housing sample Existing HistoricalMomentObserver is pinned to 2023 and old 12 rows. min(E[s|collapsed income],9) does not equal E[min(s,9)|income]; compute direct. The initial window and geographic approximation must be retained.",/Users/tommasodesanto/Desktop/Projects/Fertility/Fertility_Spring26/output/model/e5f_matched_pf_20260909a/initial_calibration_contract/lead_methodological_decision.json,Recorded empirical bootstrap standard error under the retained estimator/sample,frozen_lead_selected_working_minimum_distance_weight,0.08838120078007809,"{'adjustment': 'Use g_current and full hR_pol before income collapse; cap each renter/owner observation, then aggregate. All 17 current four-year age cells already span 18-85: validate geometry rather than invent an extra age restriction.', 'builder': 'output/model/e5f_matched_pf_20260909a/design_research/housing/inspect_early_housing.py; summarize_early_housing.py', 'candidate_diagonal_weight': 128.02070205233477, 'clustering': '42 MET2013 city bootstrap', 'data_formula': 'sum(HHWT*min(ROOMS,9))/sum(HHWT)', 'date': '2005-2006', 'estimate': 5.561097376118652, 'fixed_effects': 'none', 'geography': '42 MET2013 city codes; not admitted-PUMA footprint', 'id': 'acs_rooms_2005_2006', 'mismatch': 'Existing HistoricalMomentObserver is pinned to 2023 and old 12 rows. min(E[s|collapsed income],9) does not equal E[min(s,9)|income]; compute direct. The initial window and geographic approximation must be retained.', 'model_formula': 'Current extract_moments: aggregate_housing_demand/total_mass, all 17 age cells, uncapped. Proposed: weighted_mean(min(s,9)) on full g, observed at pre-announcement stationary solution.', 'production_eligible': False, 'role': 'initial_calibration_restriction', 'sample': 'ACS household heads ages 18-85; occupied renter or owner; HHWT>0; 42 MET2013 cities; 2005-2006 pooled by summed HHWT numerator/denominator; inherits all common_acs_sample filters', 'status': 'empirical_verified__cap_operator_needed', 'target_weight_status': 'candidate_inverse_variance_not_activated', 'uncertainty': {'reps': 1000, 'se': 0.08838120078007809, 'seed': 20260910, 'type': '42-metro bootstrap'}}",,,42 MET2013 city bootstrap,none,42 MET2013 city codes; not admitted-PUMA footprint,"{'filters': 'sample=year*100+1; GQ in {1,2}; PERNUM=1; RELATE=1; HHWT>0; 18<=AGE<=85; OWNERSHP in {1,2}; ROOMS>0; MET2013 in pinned 42-code list', 'fixed_effects': 'none', 'geography': 'Direct MET2013 membership in 42 cities; NOT old admitted-PUMA footprint. National fertility/PSID plus metro housing is an explicitly maintained geographic approximation.', 'owner': 'OWNERSHP=1', 'rooms': 'min(ROOMS,9) before any aggregation; pooled household-weighted numerators/denominators, not average yearly ratios', 'structures': 'UNITSSTR in 3:10 for all ownership rows, including both recent-parent comparison groups; no structure restriction for rooms rows', 'survey_waves': [2005, 2006], 'uncertainty': '1000 paired metro-resampling draws, seed 20260910, 42 clusters. Not ACS official survey-design or replicate-weight standard errors.', 'weights_status': 'Inverse marginal variance values below are candidate diagonal weights under the approved design, not a promoted target/weight fingerprint.'}",
coord_h_P,2339.3623724673616,False,sum(HHWT*owner)/sum(HHWT),/Users/tommasodesanto/Desktop/Projects/Fertility/Fertility_Spring26/output/model/e5f_matched_pf_20260909a/design_research/housing/inspect_early_housing.py; /Users/tommasodesanto/Desktop/Projects/Fertility/Fertility_Spring26/output/model/e5f_matched_pf_20260909a/design_research/housing/summarize_early_housing.py,/Users/tommasodesanto/Desktop/Projects/Fertility/Fertility_Spring26/output/model/e5f_matched_pf_20260909a/design_research/observer_contract/observer_contract.json,e5f_early_housing_wealth_observer_review_v2_20260911,acs_ownership_30_55_2005_2006,/Users/tommasodesanto/Desktop/Projects/Fertility/Fertility_Spring26/output/model/e5f_matched_pf_20260909a/design_research/housing/early_housing_target_candidates.csv,0.020675272863460718,early_measurement,-0.10921723800349914,"Ownership, heads 30–55",27.904862000946736,0.5391167963156501,True,b6722dfb4057ca234912b51f909a32bd691dece25ac0005e3b94d5c5ce06c36d,housing_wealth.moments.own_rate_30_55,housing_wealth.moments.own_rate_30_55,,,2339.3623724673616,ownership_30_55,proposed_scored_restriction,ACS heads ages 30-55; DUE structures UNITSSTR 3:10; HHWT>0; 42 MET2013 cities; 2005-2006; inherits all common_acs_sample filters,/Users/tommasodesanto/Desktop/Projects/Fertility/Fertility_Spring26/output/model/e5f_matched_pf_20260909a/design_research/observer_contract/observer_contract.json#/records/1/sample,True,,0.6483340343191493,42-metro bootstrap,Uniform annual-age exposure and constant policies/distribution within each four-year cell National model versus 42-MET2013 housing sample ACS DUE structure restriction is not represented by a model state Current nearest-index mask includes full 54-57 cell; no structure-type state allows exact UNITSSTR filtering. Neither issue is resolved by changing the row name.,/Users/tommasodesanto/Desktop/Projects/Fertility/Fertility_Spring26/output/model/e5f_matched_pf_20260909a/initial_calibration_contract/lead_methodological_decision.json,Recorded empirical bootstrap standard error under the retained estimator/sample,frozen_lead_selected_working_minimum_distance_weight,0.020675272863460718,"{'adjustment': 'Use owner indicator on full realized distribution with declared 30-55 age-exposure selector; pin the maintained DUE-to-model-product interpretation.', 'builder': 'output/model/e5f_matched_pf_20260909a/design_research/housing/inspect_early_housing.py; summarize_early_housing.py', 'candidate_diagonal_weight': 2339.3623724673616, 'clustering': '42 MET2013 city bootstrap', 'data_formula': 'sum(HHWT*owner)/sum(HHWT)', 'date': '2005-2006', 'estimate': 0.6483340343191493, 'fixed_effects': 'none', 'geography': '42 MET2013 cities; not admitted-PUMA footprint', 'id': 'acs_ownership_30_55_2005_2006', 'mismatch': 'Current nearest-index mask includes full 54-57 cell; no structure-type state allows exact UNITSSTR filtering. Neither issue is resolved by changing the row name.', 'model_formula': 'own_rate_3055=sum(g[owner tenures, ages 30:55])/sum(g[all tenures, ages 30:55])', 'production_eligible': False, 'role': 'initial_calibration_restriction', 'sample': 'ACS heads ages 30-55; DUE structures UNITSSTR 3:10; HHWT>0; 42 MET2013 cities; 2005-2006; inherits all common_acs_sample filters', 'status': 'empirical_verified__age_and_structure_mapping_outstanding', 'target_weight_status': 'candidate_inverse_variance_not_activated', 'uncertainty': {'reps': 1000, 'se': 0.020675272863460718, 'seed': 20260910, 'type': '42-metro bootstrap'}}",,,42 MET2013 city bootstrap,none,42 MET2013 cities; not admitted-PUMA footprint,"{'filters': 'sample=year*100+1; GQ in {1,2}; PERNUM=1; RELATE=1; HHWT>0; 18<=AGE<=85; OWNERSHP in {1,2}; ROOMS>0; MET2013 in pinned 42-code list', 'fixed_effects': 'none', 'geography': 'Direct MET2013 membership in 42 cities; NOT old admitted-PUMA footprint. National fertility/PSID plus metro housing is an explicitly maintained geographic approximation.', 'owner': 'OWNERSHP=1', 'rooms': 'min(ROOMS,9) before any aggregation; pooled household-weighted numerators/denominators, not average yearly ratios', 'structures': 'UNITSSTR in 3:10 for all ownership rows, including both recent-parent comparison groups; no structure restriction for rooms rows', 'survey_waves': [2005, 2006], 'uncertainty': '1000 paired metro-resampling draws, seed 20260910, 42 clusters. Not ACS official survey-design or replicate-weight standard errors.', 'weights_status': 'Inverse marginal variance values below are candidate diagonal weights under the approved design, not a promoted target/weight fingerprint.'}",
coord_h_P,137.5652749002964,False,"beta(event=+3)-beta(event=-1), omitted event=-2; person/year FE, age/education controls, longitudinal IW",/Users/tommasodesanto/Desktop/Projects/Fertility/Fertility_Spring26/code/data/psid_followup_mar2026/sa_rooms_first_birth_household_aligned_v1.do,/Users/tommasodesanto/Desktop/Projects/Fertility/Fertility_Spring26/output/model/e5f_matched_pf_20260909a/design_research/observer_contract/observer_contract.json,e5f_early_housing_wealth_observer_review_v2_20260911,psid_sa_first_birth_rooms,/Users/tommasodesanto/Desktop/Projects/Fertility/Fertility_Spring26/code/data/psid_followup_mar2026/output/sa_rooms_first_birth_household_aligned_v1/target_receipt.csv,0.0852600513385958,early_measurement,0.25090650299797157,"First-birth room response, −1 to +3",8.660294392271707,0.9711527653794993,True,b6722dfb4057ca234912b51f909a32bd691dece25ac0005e3b94d5c5ce06c36d,housing_wealth.moments.housing_increment_0to1,housing_wealth.moments.housing_increment_0to1,,,137.5652749002964,first_birth_rooms,proposed_scored_restriction,"Women age 18+, current reference/spouse, positive IW, single-FID dwelling, one woman per household-year; confirmed never-treated controls; 49,457 household-years, 4,112 persons",/Users/tommasodesanto/Desktop/Projects/Fertility/Fertility_Spring26/output/model/e5f_matched_pf_20260909a/design_research/observer_contract/observer_contract.json#/records/7/sample,True,,0.7202462623815278,"Sun-Abraham covariance contrast, clustered individual ID","Pooled PSID response applied to initial stationary economy under stability assumption Matched model risk-set weights differ from Sun-Abraham cohort/event weights; non-flat prepath caveat retained Applying the unchanged pooled contrast to initial stationary economy requires approved stability approximation. Model matched-risk weights differ from estimator cohort/event weights. Non-flat prepath and normalization dependence remain disclosed; September5 normalization check changed point to .730459 with identical fitted values, not a replacement target. Four-year approximation is not literal observed -1/+3 child ages. Keep PSID rooms uncapped; do not import ACS cap.",/Users/tommasodesanto/Desktop/Projects/Fertility/Fertility_Spring26/output/model/e5f_matched_pf_20260909a/initial_calibration_contract/lead_methodological_decision.json,Recorded empirical bootstrap standard error under the retained estimator/sample,frozen_lead_selected_working_minimum_distance_weight,0.0852600513385958,"{'adjustment': 'For an initial stationary observer call begin_dated_first_birth_housing_branch then finish_dated_first_birth_housing_branch with the stationary policy as BOTH dates; retain destination continuation births and no Census age bridge. Do NOT use first_birth_housing_response sequential legacy helper, which suppresses continuation births. Certify the same paired branch with mass/timing checks.', 'builder': 'code/data/psid_followup_mar2026/sa_rooms_first_birth_household_aligned_v1.do; finalize_first_birth_rooms_target_receipt.py', 'candidate_diagonal_weight': 137.5652749002964, 'clustering': 'selected woman stable ID; one household-year observation, primary analytic cluster covariance', 'data_formula': 'beta(event=+3)-beta(event=-1), omitted event=-2; person/year FE, age/education controls, longitudinal IW', 'date': 'Pooled PSID event-time -1 to +3; treated input observations 1970-2019, not an early-only regression', 'estimate': 0.7202462623815278, 'fixed_effects': 'person ID and survey year; age and education controls', 'geography': 'national PSID', 'id': 'psid_sa_first_birth_rooms', 'mismatch': 'Applying the unchanged pooled contrast to initial stationary economy requires approved stability approximation. Model matched-risk weights differ from estimator cohort/event weights. Non-flat prepath and normalization dependence remain disclosed; September5 normalization check changed point to .730459 with identical fitted values, not a replacement target. Four-year approximation is not literal observed -1/+3 child ages. Keep PSID rooms uncapped; do not import ACS cap.', 'model_formula': 'Select successful first births from initial g_pre; clone identical pre-birth states into treated n=1,m=1 and childless control. Advance both one period with origin policies/survival/income/maturation, then realize destination housing with destination policies. Treated may have continuation birth; control stays childless. Difference of destination uncapped rooms equals matched difference in changes.', 'production_eligible': False, 'role': 'initial_calibration_restriction', 'sample': 'Women age 18+, current reference/spouse, positive IW, single-FID dwelling, one woman per household-year; confirmed never-treated controls; 49,457 household-years, 4,112 persons', 'status': 'verified_empirical_contrast__provisional_structural_mapping', 'target_weight_status': 'candidate_inverse_variance_not_activated', 'uncertainty': {'reference_period': -2, 'se': 0.0852600513385958, 'type': 'Sun-Abraham covariance contrast, clustered individual ID', 'variance_formula': 'Var(beta_3)+Var(beta_-1)-2Cov(beta_3,beta_-1)'}}",,,"selected woman stable ID; one household-year observation, primary analytic cluster covariance",person ID and survey year; age and education controls,national PSID,,
coord_h_P,280.52808370152104,False,"E[min(ROOMS,9)|NCHILD>=3,YNGCH<18]-E[min(ROOMS,9)|NCHILD=1-2,YNGCH<18]",/Users/tommasodesanto/Desktop/Projects/Fertility/Fertility_Spring26/output/model/e5f_matched_pf_20260909a/design_research/housing/inspect_early_housing.py; /Users/tommasodesanto/Desktop/Projects/Fertility/Fertility_Spring26/output/model/e5f_matched_pf_20260909a/design_research/housing/summarize_early_housing.py,/Users/tommasodesanto/Desktop/Projects/Fertility/Fertility_Spring26/output/model/e5f_matched_pf_20260909a/design_research/observer_contract/observer_contract.json,e5f_early_housing_wealth_observer_review_v2_20260911,acs_rooms_3plus_minus_1to2_2005_2006,/Users/tommasodesanto/Desktop/Projects/Fertility/Fertility_Spring26/output/model/e5f_matched_pf_20260909a/design_research/housing/early_housing_target_candidates.csv,0.059705154633000496,early_measurement,-0.17357364286839339,Rooms: 3+ versus 1–2 resident children (model dependent proxy),8.451696664768024,0.17349328892785731,True,b6722dfb4057ca234912b51f909a32bd691dece25ac0005e3b94d5c5ce06c36d,housing_wealth.moments.prime30_55_model_dependent_3plus_minus_1to2_rooms_capped9,housing_wealth.moments.prime30_55_model_dependent_3plus_minus_1to2_rooms_capped9,,,280.52808370152104,family_rooms,proposed_scored_restriction,"ACS heads ages 30-55, YNGCH<18; NCHILD>=3 minus NCHILD=1-2; 42 MET2013 cities; 2005-2006; inherits all common_acs_sample filters",/Users/tommasodesanto/Desktop/Projects/Fertility/Fertility_Spring26/output/model/e5f_matched_pf_20260909a/design_research/observer_contract/observer_contract.json#/records/3/sample,True,,0.3470669317962507,42-metro bootstrap,"Uniform annual-age exposure and constant policies/distribution within each four-year cell National model versus 42-MET2013 housing sample Model dependent counts replace ACS resident own children with YNGCH<18 ACS NCHILD counts ALL resident own children while YNGCH<18 requires at least one minor. Example: ages 4,19,21 is empirical large family but may be one model dependent. m has no deterministic child-age bound under binomial maturation. Verifying independent_count is necessary but insufficient for exact ACS group equivalence.",/Users/tommasodesanto/Desktop/Projects/Fertility/Fertility_Spring26/output/model/e5f_matched_pf_20260909a/initial_calibration_contract/lead_methodological_decision.json,Recorded empirical bootstrap standard error under the retained estimator/sample,frozen_lead_selected_working_minimum_distance_weight,0.059705154633000496,"{'adjustment': 'Cap full income-resolved renter and owner rooms before any collapse. Runtime-assert child_state_mode=independent_count and child_bin_high_cutoff=3. Need explicit resident-child approximation or richer observation information before SMM certification.', 'builder': 'output/model/e5f_matched_pf_20260909a/design_research/housing/inspect_early_housing.py; summarize_early_housing.py', 'candidate_diagonal_weight': 280.52808370152104, 'clustering': '42 MET2013 city bootstrap', 'data_formula': 'E[min(ROOMS,9)|NCHILD>=3,YNGCH<18]-E[min(ROOMS,9)|NCHILD=1-2,YNGCH<18]', 'date': '2005-2006', 'estimate': 0.3470669317962507, 'fixed_effects': 'none', 'geography': '42 MET2013 cities; not admitted-PUMA footprint', 'id': 'acs_rooms_3plus_minus_1to2_2005_2006', 'mismatch': 'ACS NCHILD counts ALL resident own children while YNGCH<18 requires at least one minor. Example: ages 4,19,21 is empirical large family but may be one model dependent. m has no deterministic child-age bound under binomial maturation. Verifying independent_count is necessary but insufficient for exact ACS group equivalence.', 'model_formula': 'Current child_bin_high_cutoff=3 and independent_count use m=cs, subject to cs<=n: high group m>=3; low group 1<=m<=2. Existing moment is uncapped and uses current prime age mask. Proposed proxy: E[min(s,9)|m>=3]-E[min(s,9)|1<=m<=2], with declared age selector.', 'production_eligible': False, 'role': 'initial_calibration_restriction', 'sample': 'ACS heads ages 30-55, YNGCH<18; NCHILD>=3 minus NCHILD=1-2; 42 MET2013 cities; 2005-2006; inherits all common_acs_sample filters', 'status': 'empirical_verified__resident_child_mapping_outstanding', 'target_weight_status': 'candidate_inverse_variance_not_activated', 'uncertainty': {'reps': 1000, 'se': 0.059705154633000496, 'seed': 20260910, 'type': '42-metro bootstrap'}}",,,42 MET2013 city bootstrap,none,42 MET2013 cities; not admitted-PUMA footprint,"{'filters': 'sample=year*100+1; GQ in {1,2}; PERNUM=1; RELATE=1; HHWT>0; 18<=AGE<=85; OWNERSHP in {1,2}; ROOMS>0; MET2013 in pinned 42-code list', 'fixed_effects': 'none', 'geography': 'Direct MET2013 membership in 42 cities; NOT old admitted-PUMA footprint. National fertility/PSID plus metro housing is an explicitly maintained geographic approximation.', 'owner': 'OWNERSHP=1', 'rooms': 'min(ROOMS,9) before any aggregation; pooled household-weighted numerators/denominators, not average yearly ratios', 'structures': 'UNITSSTR in 3:10 for all ownership rows, including both recent-parent comparison groups; no structure restriction for rooms rows', 'survey_waves': [2005, 2006], 'uncertainty': '1000 paired metro-resampling draws, seed 20260910, 42 clusters. Not ACS official survey-design or replicate-weight standard errors.', 'weights_status': 'Inverse marginal variance values below are candidate diagonal weights under the approved design, not a promoted target/weight fingerprint.'}",
coord_h_P,27055.822957508266,False,"Pr(owner|NCHILD>0,ELDCH<4)-Pr(owner|NCHILD=0)",/Users/tommasodesanto/Desktop/Projects/Fertility/Fertility_Spring26/output/model/e5f_matched_pf_20260909a/design_research/housing/inspect_early_housing.py; /Users/tommasodesanto/Desktop/Projects/Fertility/Fertility_Spring26/output/model/e5f_matched_pf_20260909a/design_research/housing/summarize_early_housing.py,/Users/tommasodesanto/Desktop/Projects/Fertility/Fertility_Spring26/output/model/e5f_matched_pf_20260909a/design_research/observer_contract/observer_contract.json,e5f_early_housing_wealth_observer_review_v2_20260911,acs_recent_parent_owner_gap_2005_2006,/Users/tommasodesanto/Desktop/Projects/Fertility/Fertility_Spring26/output/model/e5f_matched_pf_20260909a/design_research/housing/early_housing_target_candidates.csv,0.006079524679464666,recent_parent_observation,-0.021015880047032753,Recent-parent ownership gap,11.949669952212634,0.1418796291142001,True,b6722dfb4057ca234912b51f909a32bd691dece25ac0005e3b94d5c5ce06c36d,ownership_current_birth_from_empty_dependent_home_minus_current_empty_home_30_55,model_value,,,27055.822957508266,recent_parent_ownership,proposed_scored_restriction,ACS heads ages 30-55; recent parent NCHILD>0 and ELDCH<4 minus NCHILD=0 controls; 42 MET2013 cities; 2005-2006; inherits all common_acs_sample filters; both groups also require UNITSSTR in 3:10,/Users/tommasodesanto/Desktop/Projects/Fertility/Fertility_Spring26/output/model/e5f_matched_pf_20260909a/design_research/observer_contract/observer_contract.json#/records/2/sample,True,,0.16289550916123285,42-metro bootstrap,"ELDCH is OLDEST resident own child: all resident own children must be under four. Model has no child ages or time since birth; independent binomial maturation has mean 18 years but no deterministic under-18 cutoff. ACS NCHILD=0 includes former parents with no own child resident, whereas model control is lifetime n=0. Adding m=0 controls would still conflate absent dependents with absent resident adult children. Unavailable: ACS oldest resident child under four and no-resident-child controls cannot be reconstructed from dependent counts and lifetime parity",/Users/tommasodesanto/Desktop/Projects/Fertility/Fertility_Spring26/output/model/e5f_matched_pf_20260909a/initial_calibration_contract/lead_methodological_decision.json,Recorded empirical bootstrap standard error under the retained estimator/sample,frozen_lead_selected_working_minimum_distance_weight,0.006079524679464666,"{'adjustment': 'Exact ACS recent-parent group and resident-child controls cannot be recovered from current count-only states. Do not substitute n=0 controls or all m>0 parents without an explicitly approved proxy contract; retain identifying row as blocked rather than silently dropping it.', 'builder': 'output/model/e5f_matched_pf_20260909a/design_research/housing/inspect_early_housing.py; summarize_early_housing.py', 'candidate_diagonal_weight': 27055.822957508266, 'clustering': '42 MET2013 city bootstrap', 'data_formula': 'Pr(owner|NCHILD>0,ELDCH<4)-Pr(owner|NCHILD=0)', 'date': '2005-2006', 'estimate': 0.16289550916123285, 'fixed_effects': 'none', 'geography': '42 MET2013 cities; not admitted-PUMA footprint', 'id': 'acs_recent_parent_owner_gap_2005_2006', 'mismatch': 'ELDCH is OLDEST resident own child: all resident own children must be under four. Model has no child ages or time since birth; independent binomial maturation has mean 18 years but no deterministic under-18 cutoff. ACS NCHILD=0 includes former parents with no own child resident, whereas model control is lifetime n=0. Adding m=0 controls would still conflate absent dependents with absent resident adult children.', 'model_formula': 'Under independent_count: Pr(owner | n>=1,m>0, current prime mask) - Pr(owner | n=0,childless readiness states,current prime mask). newparent_cs includes ALL positive dependent counts, with no recency condition.', 'production_eligible': False, 'role': 'initial_calibration_restriction', 'sample': 'ACS heads ages 30-55; recent parent NCHILD>0 and ELDCH<4 minus NCHILD=0 controls; 42 MET2013 cities; 2005-2006; inherits all common_acs_sample filters; both groups also require UNITSSTR in 3:10', 'status': 'verified_empirical__irreducible_group_mismatch', 'target_weight_status': 'candidate_inverse_variance_not_activated', 'uncertainty': {'reps': 1000, 'se': 0.006079524679464666, 'seed': 20260910, 'type': '42-metro bootstrap'}}",,,42 MET2013 city bootstrap,none,42 MET2013 cities; not admitted-PUMA footprint,"{'filters': 'sample=year*100+1; GQ in {1,2}; PERNUM=1; RELATE=1; HHWT>0; 18<=AGE<=85; OWNERSHP in {1,2}; ROOMS>0; MET2013 in pinned 42-code list', 'fixed_effects': 'none', 'geography': 'Direct MET2013 membership in 42 cities; NOT old admitted-PUMA footprint. National fertility/PSID plus metro housing is an explicitly maintained geographic approximation.', 'owner': 'OWNERSHP=1', 'rooms': 'min(ROOMS,9) before any aggregation; pooled household-weighted numerators/denominators, not average yearly ratios', 'structures': 'UNITSSTR in 3:10 for all ownership rows, including both recent-parent comparison groups; no structure restriction for rooms rows', 'survey_waves': [2005, 2006], 'uncertainty': '1000 paired metro-resampling draws, seed 20260910, 42 clusters. Not ACS official survey-design or replicate-weight standard errors.', 'weights_status': 'Inverse marginal variance values below are candidate diagonal weights under the approved design, not a promoted target/weight fingerprint.'}","{'age_projection': 'uniform_within_age_cell', 'approximation_id': 'early_2007_parenthood_md_working_v1__recent_parent_synchronized_proxy', 'decision_sha256': 'b1d399c290d257e56e008afb6d7b76ac1f69191685c8d9e89a4b0bfb06533c9a', 'decision_source': '/Users/tommasodesanto/Desktop/Projects/Fertility/Fertility_Spring26/output/model/e5f_matched_pf_20260909a/initial_calibration_contract/lead_methodological_decision.json', 'declaration': 'Synchronized post-fertility snapshot; uniform head-age overlap; model dependents proxy resident own children; actual current births from previously empty-dependent homes versus current empty homes inclformerparents. Not an exact annualACS interview reconstruction.', 'diagnostic_allow_residence_proxy': True, 'exact_acs': False, 'maintained': True, 'moment': 'ownership_current_birth_from_empty_dependent_home_minus_current_empty_home_30_55', 'observer_id': 'e5f_recent_parent_flow_diagnostic_v1', 'snapshot': 'synchronized_post_fertility_snapshot'}"
coord_kappa_fert,,False,"Author-selected stationary model normalization, using maintained top-parity representative; not empirical female period TFR","Author-selected model normalization, not empirical estimation",/Users/tommasodesanto/Desktop/Projects/Fertility/Fertility_Spring26/output/model/e5f_matched_pf_20260909a/OVERNIGHT_PLAN.md,author_initial_model_fertility_2_1,author_2_1,/Users/tommasodesanto/Desktop/Projects/Fertility/Fertility_Spring26/output/model/e5f_matched_pf_20260909a/OVERNIGHT_PLAN.md,,normalization,7.883398720487378e-07,Initial model completed fertility,,2.100000788339872,True,69b760e5a6572c65dce1ed6afa6e605b6b4804b83b938f02a3db7c996e65d932,final.normalization.completed_fertility,completed_fertility,,,,initial_normalization,normalization_separate_from_scored_objective,"Author-selected stationary model normalization, using maintained top-parity representative; not empirical female period TFR","Author-selected model normalization, as explicitly recorded in the preserved target definition",False,,2.1,Author normalization; no empirical SE,Separate from CPS age-window stocks and actual birth/entry accounting.,/Users/tommasodesanto/Desktop/Projects/Fertility/Fertility_Spring26/output/model/e5f_matched_pf_20260909a/initial_calibration_contract/lead_methodological_decision.json,Separate exact normalization within tolerance5e-4,separate_unscored_normalization,,,,,,,,,
coord_kappa_fert,35532.3042455214,False,Weighted P(FREVER=0) among pooled June 2004 and June 2006 women age 40-44 with valid FREVER 0-20 and positive FRSUPPWT.,/Users/tommasodesanto/Desktop/Projects/Fertility/Fertility_Spring26/output/model/e5f_matched_pf_20260909a/parameter_target_audit/fertility/extract_fertility_availability.py; /Users/tommasodesanto/Desktop/Projects/Fertility/Fertility_Spring26/output/model/e5f_matched_pf_20260909a/design_research/fertility_contract/verify_fertility_contract.py,/Users/tommasodesanto/Desktop/Projects/Fertility/Fertility_Spring26/output/model/e5f_matched_pf_20260909a/design_research/fertility_contract/fertility_target_contract.json,early_cps_nchs_fertility_certification_20260911_v2_not_activated,cps_childless_women_40_44_2004_2006,/Users/tommasodesanto/Desktop/Projects/Fertility/Fertility_Spring26/output/model/e5f_matched_pf_20260909a/parameter_target_audit/fertility/fertility_availability.json,,early_measurement,-0.002090431135623211,"Childless women, ages 40–44",0.1552726992116574,0.19618831987121943,True,69b760e5a6572c65dce1ed6afa6e605b6b4804b83b938f02a3db7c996e65d932,fertility.uniform_birth_time.moments.childless_rate_40_44,fertility.uniform_birth_time.moments.childless_rate_40_44,,,,cps_childlessness,proposed_scored_restriction,"June, femaleSEX2,age40-44,FREVER0-20,FRSUPPWT>0;excludeFREVER999NIU; 2004+2006 pooled weighted records; Weighted P(FREVER=0) among pooled June 2004 and June 2006 women age 40-44 with valid FREVER 0-20 and positive FRSUPPWT.",/Users/tommasodesanto/Desktop/Projects/Fertility/Fertility_Spring26/output/model/e5f_matched_pf_20260909a/parameter_target_audit/fertility/fertility_availability.json#/sample and /Users/tommasodesanto/Desktop/Projects/Fertility/Fertility_Spring26/output/model/e5f_matched_pf_20260909a/design_research/fertility_contract/fertility_target_contract.json#/candidate_moments/0/definition,True,,0.19827875100684264,annual_generalized_variance_approximation_recovered_pooled_covariance_not_certified,Uniform birth-time parity interpolation is the main diagnostic; constant-post-cell sensitivity retained. Model household reproductive member is not certified female exposure; no empirical age reweighting.,/Users/tommasodesanto/Desktop/Projects/Fertility/Fertility_Spring26/output/model/e5f_matched_pf_20260909a/initial_calibration_contract/lead_methodological_decision.json,CPS official annual generalized-variance approximations pooled with fixed observed weights and correlation-one working convention; not design-exact pooled SE,frozen_lead_selected_working_minimum_distance_weight,0.005305035738317728,"{'active_weight': None, 'definition': 'Weighted P(FREVER=0) among pooled June 2004 and June 2006 women age 40-44 with valid FREVER 0-20 and positive FRSUPPWT.', 'id': 'cps_childless_women_40_44_2004_2006', 'model_observer_status': 'blocked_by_age_window_mapping', 'production_active': False, 'reported_value': 0.198279, 'sample_records': 10872, 'uncertainty': {'annual_official_approximate_sampling_gvf_se': {'2004': {'approximate_gvf_se': 0.0052157901461549385, 'b_parameter': 2016, 'denominator_population_units': 11534656.9936, 'value': 0.1928386121957651}, '2006': {'approximate_gvf_se': 0.005396662766690418, 'b_parameter': 2016, 'denominator_population_units': 11234864.9964, 'value': 0.20386405489820397}}, 'pooled_candidates': {'annual': {'2004': {'approximate_gvf_se': 0.0052157901461549385, 'b_parameter': 2016, 'denominator_population_units': 11534656.9936, 'value': 0.1928386121957651}, '2006': {'approximate_gvf_se': 0.005396662766690418, 'b_parameter': 2016, 'denominator_population_units': 11234864.9964, 'value': 0.20386405489820397}}, 'base_share_2004': 0.5065831860091674, 'pooled_fixed_bases_max_positive_correlation_se': 0.005305035738317728, 'pooled_fixed_bases_zero_crossyear_covariance_se': 0.0037512549510131253, 'qualification': 'Annual official generalized-variance approximation. Pooled candidates condition on observed base shares; cross-year covariance and random conditional-mother bases are not certified. Neither scale is adopted.'}, 'sampling_se': None, 'status': 'annual_generalized_variance_approximation_recovered_pooled_covariance_not_certified'}, 'value': 0.19827875100684264, 'weighted_denominator': 22769521.989999805}",IPUMS fertility supplement FRSUPPWT divided10000 as supplied loader; official Census supplement weight crosswalk not independently certified,,,,,,
coord_kappa_fert,26952.820824310795,False,Weighted P(FREVER=1 | FREVER>=1) in the same pooled CPS sample.,/Users/tommasodesanto/Desktop/Projects/Fertility/Fertility_Spring26/output/model/e5f_matched_pf_20260909a/parameter_target_audit/fertility/extract_fertility_availability.py; /Users/tommasodesanto/Desktop/Projects/Fertility/Fertility_Spring26/output/model/e5f_matched_pf_20260909a/design_research/fertility_contract/verify_fertility_contract.py,/Users/tommasodesanto/Desktop/Projects/Fertility/Fertility_Spring26/output/model/e5f_matched_pf_20260909a/design_research/fertility_contract/fertility_target_contract.json,early_cps_nchs_fertility_certification_20260911_v2_not_activated,cps_exactly_one_among_mothers_40_44_2004_2006,/Users/tommasodesanto/Desktop/Projects/Fertility/Fertility_Spring26/output/model/e5f_matched_pf_20260909a/parameter_target_audit/fertility/fertility_availability.json,,early_measurement,0.0031754055240346413,"Exactly one child among mothers, ages 40–44",0.27177068946015226,0.21683073074418166,True,69b760e5a6572c65dce1ed6afa6e605b6b4804b83b938f02a3db7c996e65d932,fertility.uniform_birth_time.moments.exactly_one_among_mothers_40_44,fertility.uniform_birth_time.moments.exactly_one_among_mothers_40_44,,,,cps_exactly_one,proposed_scored_restriction,"June, femaleSEX2,age40-44,FREVER0-20,FRSUPPWT>0;excludeFREVER999NIU; 2004+2006 pooled weighted records; Weighted P(FREVER=1 | FREVER>=1) in the same pooled CPS sample.",/Users/tommasodesanto/Desktop/Projects/Fertility/Fertility_Spring26/output/model/e5f_matched_pf_20260909a/parameter_target_audit/fertility/fertility_availability.json#/sample and /Users/tommasodesanto/Desktop/Projects/Fertility/Fertility_Spring26/output/model/e5f_matched_pf_20260909a/design_research/fertility_contract/fertility_target_contract.json#/candidate_moments/1/definition,True,,0.21365532522014702,annual_generalized_variance_approximation_recovered_pooled_covariance_not_certified,Uniform birth-time parity interpolation is the main diagnostic; constant-post-cell sensitivity retained. Model household reproductive member is not certified female exposure; no empirical age reweighting.,/Users/tommasodesanto/Desktop/Projects/Fertility/Fertility_Spring26/output/model/e5f_matched_pf_20260909a/initial_calibration_contract/lead_methodological_decision.json,CPS official annual generalized-variance approximations pooled with fixed observed weights and correlation-one working convention; not design-exact pooled SE,frozen_lead_selected_working_minimum_distance_weight,0.0060911302714076404,"{'active_weight': None, 'definition': 'Weighted P(FREVER=1 | FREVER>=1) in the same pooled CPS sample.', 'id': 'cps_exactly_one_among_mothers_40_44_2004_2006', 'model_observer_status': 'blocked_by_age_window_mapping; literal parity-one conditional-on-parenthood stock, not a continuation hazard', 'production_active': False, 'reported_value': 0.213655, 'uncertainty': {'annual_official_approximate_sampling_gvf_se': {'2004': {'approximate_gvf_se': 0.006046407789789988, 'b_parameter': 2016, 'denominator_population_units': 9310329.7468, 'value': 0.21511000477596962}, '2006': {'approximate_gvf_se': 0.006137682005815865, 'b_parameter': 2016, 'denominator_population_units': 8944479.862, 'value': 0.21214114591071567}}, 'pooled_candidates': {'annual': {'2004': {'approximate_gvf_se': 0.006046407789789988, 'b_parameter': 2016, 'denominator_population_units': 9310329.7468, 'value': 0.21511000477596962}, '2006': {'approximate_gvf_se': 0.006137682005815865, 'b_parameter': 2016, 'denominator_population_units': 8944479.862, 'value': 0.21214114591071567}}, 'base_share_2004': 0.5100206436725485, 'pooled_fixed_bases_max_positive_correlation_se': 0.0060911302714076404, 'pooled_fixed_bases_zero_crossyear_covariance_se': 0.004307418797745566, 'qualification': 'Annual official generalized-variance approximation. Pooled candidates condition on observed base shares; cross-year covariance and random conditional-mother bases are not certified. Neither scale is adopted.'}, 'sampling_se': None, 'status': 'annual_generalized_variance_approximation_recovered_pooled_covariance_not_certified'}, 'value': 0.21365532522014702, 'weighted_mother_denominator': 18254809.608799897, 'weighted_numerator': 3900237.283800007}",IPUMS fertility supplement FRSUPPWT divided10000 as supplied loader; official Census supplement weight crosswalk not independently certified,,,,,,
coord_kappa_fert,139.82806784479274,False,"Pooled national first-birth counts ages 12-49, 2003-2006; age <=21 mapped to midpoint 20, 22-25 to 24, ..., age >=42 to 44; count-weighted mean.",/Users/tommasodesanto/Desktop/Projects/Fertility/Fertility_Spring26/code/data/nchs_natality_timing/build_first_birth_timing.R; /Users/tommasodesanto/Desktop/Projects/Fertility/Fertility_Spring26/output/model/e5f_matched_pf_20260909a/design_research/fertility_contract/verify_fertility_contract.py,/Users/tommasodesanto/Desktop/Projects/Fertility/Fertility_Spring26/output/model/e5f_matched_pf_20260909a/design_research/fertility_contract/fertility_target_contract.json,early_cps_nchs_fertility_certification_20260911_v2_not_activated,nchs_period_mean_age_first_birth_2003_2006,/Users/tommasodesanto/Desktop/Projects/Fertility/Fertility_Spring26/code/data/nchs_natality_timing/first_birth_counts_year_age.csv,,early_measurement,0.1424565806345619,Period mean first-birth age,2.837653661179737,26.118720441627058,True,69b760e5a6572c65dce1ed6afa6e605b6b4804b83b938f02a3db7c996e65d932,fertility.uniform_birth_time.moments.period_mean_age_first_birth,fertility.uniform_birth_time.moments.period_mean_age_first_birth,,,,nchs_mean_age,proposed_scored_restriction,"US-named raw files; exact/decoded age12-49 and known live-birth order1; 2003 under15 recode mapped14; Pooled national first-birth counts ages 12-49, 2003-2006; age <=21 mapped to midpoint 20, 22-25 to 24, ..., age >=42 to 44; count-weighted mean.",/Users/tommasodesanto/Desktop/Projects/Fertility/Fertility_Spring26/output/model/e5f_matched_pf_20260909a/design_research/fertility_contract/fertility_target_contract.json#/nchs_source_cautions/sample and #/candidate_moments/2/definition,True,,25.976263860992496,national_count_not_probability_sample,"First-birth flow timing, not completed-cohort timing. Household maternal proxy; empirical under-18/over-45 tail collapse retained; raw builder residence and unknown-order comparability remain unresolved.",/Users/tommasodesanto/Desktop/Projects/Fertility/Fertility_Spring26/output/model/e5f_matched_pf_20260909a/initial_calibration_contract/lead_methodological_decision.json,2003–2006 annual temporal SD: chosen typical-year discrepancy scale for approximate stationary target; not sampling SE,frozen_lead_selected_working_minimum_distance_weight,0.0845673694617251,"{'active_weight': None, 'definition': 'Pooled national first-birth counts ages 12-49, 2003-2006; age <=21 mapped to midpoint 20, 22-25 to 24, ..., age >=42 to 44; count-weighted mean.', 'first_birth_count': 6611269, 'id': 'nchs_period_mean_age_first_birth_2003_2006', 'model_observer_status': 'dated_flow_primitive_available_scored_period_adapter_and_population_mapping_not_certified', 'production_active': False, 'reported_value': 25.976264, 'uncertainty': {'annual_2003_2006_sample_sd': 0.0845673694617251, 'conditional_multinomial_process_se': 0.002249891508714525, 'conditional_multinomial_qualification': 'Model-based process variation conditional on total first births; not a sampling SE and not adopted for SMM. Our mean-age delta-method extension is not a quoted NCHS formula.', 'note': 'annual SD is period variation, not a sampling SE', 'sampling_se': None, 'status': 'national_count_not_probability_sample', 'temporal_variation': {'annual_range': 0.18579015118294961, 'annual_sample_sd': 0.0845673694617251, 'maximum_leave_one_year_shift': 0.03969117381891607}}, 'value': 25.976263860992496}",,None in authoritative builder: reads age/order only. Do not label exact sample US-resident births without verification.,,,,,
coord_kappa_fert,13866.065434728798,False,"Pooled national first-birth counts ages 12-49, 2003-2006; exact maternal age >=30 divided by all first births in the pooled window.",/Users/tommasodesanto/Desktop/Projects/Fertility/Fertility_Spring26/code/data/nchs_natality_timing/build_first_birth_timing.R; /Users/tommasodesanto/Desktop/Projects/Fertility/Fertility_Spring26/output/model/e5f_matched_pf_20260909a/design_research/fertility_contract/verify_fertility_contract.py,/Users/tommasodesanto/Desktop/Projects/Fertility/Fertility_Spring26/output/model/e5f_matched_pf_20260909a/design_research/fertility_contract/fertility_target_contract.json,early_cps_nchs_fertility_certification_20260911_v2_not_activated,nchs_period_first_birth_share_age30plus_2003_2006,/Users/tommasodesanto/Desktop/Projects/Fertility/Fertility_Spring26/code/data/nchs_natality_timing/first_birth_counts_year_age.csv,,early_measurement,-0.015685279724437395,First births at age 30+,3.4114403472447794,0.2335927333166293,True,69b760e5a6572c65dce1ed6afa6e605b6b4804b83b938f02a3db7c996e65d932,fertility.uniform_birth_time.moments.period_share_first_births_age30plus,fertility.uniform_birth_time.moments.period_share_first_births_age30plus,,,,nchs_share30,proposed_scored_restriction,"US-named raw files; exact/decoded age12-49 and known live-birth order1; 2003 under15 recode mapped14; Pooled national first-birth counts ages 12-49, 2003-2006; exact maternal age >=30 divided by all first births in the pooled window.",/Users/tommasodesanto/Desktop/Projects/Fertility/Fertility_Spring26/output/model/e5f_matched_pf_20260909a/design_research/fertility_contract/fertility_target_contract.json#/nchs_source_cautions/sample and #/candidate_moments/3/definition,True,,0.2492780130410667,national_count_not_probability_sample,"First-birth flow timing, not completed-cohort timing. Household maternal proxy; empirical under-18/over-45 tail collapse retained; raw builder residence and unknown-order comparability remain unresolved.",/Users/tommasodesanto/Desktop/Projects/Fertility/Fertility_Spring26/output/model/e5f_matched_pf_20260909a/initial_calibration_contract/lead_methodological_decision.json,2003–2006 annual temporal SD: chosen typical-year discrepancy scale for approximate stationary target; not sampling SE,frozen_lead_selected_working_minimum_distance_weight,0.00849226186213262,"{'active_weight': None, 'definition': 'Pooled national first-birth counts ages 12-49, 2003-2006; exact maternal age >=30 divided by all first births in the pooled window.', 'first_birth_count': 6611269, 'id': 'nchs_period_first_birth_share_age30plus_2003_2006', 'model_observer_status': 'dated_flow_primitive_available_scored_period_adapter_and_population_mapping_not_certified', 'production_active': False, 'reported_value': 0.249278, 'uncertainty': {'annual_2003_2006_sample_sd': 0.00849226186213262, 'conditional_multinomial_process_se': 0.000168243827885977, 'conditional_multinomial_qualification': 'Model-based process variation conditional on total first births; not a sampling SE and not adopted for SMM. Our mean-age delta-method extension is not a quoted NCHS formula.', 'note': 'annual SD is period variation, not a sampling SE', 'sampling_se': None, 'status': 'national_count_not_probability_sample', 'temporal_variation': {'annual_range': 0.01924403073634498, 'annual_sample_sd': 0.00849226186213262, 'maximum_leave_one_year_shift': 0.0037096109032545843}}, 'value': 0.2492780130410667}",,None in authoritative builder: reads age/order only. Do not label exact sample US-resident births without verification.,,,,,
coord_kappa_fert,7.595098472533724,False,sum(IW*NETWORTHR)/sum_{age<=65}(IW*EARNINDRRC),/Users/tommasodesanto/Desktop/Projects/Fertility/Fertility_Spring26/output/model/e5f_matched_pf_20260909a/design_research/wealth/build_initial_wealth.R,/Users/tommasodesanto/Desktop/Projects/Fertility/Fertility_Spring26/output/model/e5f_matched_pf_20260909a/design_research/observer_contract/observer_contract.json,e5f_early_housing_wealth_observer_review_v2_20260911,psid_wealth_gross_earnings_2003_2005,/Users/tommasodesanto/Desktop/Projects/Fertility/Fertility_Spring26/output/model/e5f_matched_pf_20260909a/design_research/wealth/aggregate_wealth_results.csv,0.36285515343369,early_measurement,-1.2515300668940244,Wealth / annual gross labor earnings,11.896411666078873,4.894331327563406,True,69b760e5a6572c65dce1ed6afa6e605b6b4804b83b938f02a3db7c996e65d932,housing_wealth.moments.aggregate_wealth_to_annual_gross_labor_earnings,housing_wealth.moments.aggregate_wealth_to_annual_gross_labor_earnings,,,7.595098472533724,wealth_earnings,proposed_scored_restriction,"PSID reference persons ages 18-85, relation_to_head=10, positive IW, finite NETWORTHR; working-age gross earnings required/nonnegative; 2003-2005; actual selected waves 2003 and 2005; 10,828 family-years/6,018 IDs in wealth, 9,265 family-years/5,215 IDs in earnings.",/Users/tommasodesanto/Desktop/Projects/Fertility/Fertility_Spring26/output/model/e5f_matched_pf_20260909a/design_research/observer_contract/observer_contract.json#/records/4/sample,True,,6.14586139445743,person bootstrap,National PSID household-income normalization; survey-wave stock/flow dates inherited RP/spouse household earnings is the intended labor-income concept. Missing within-wave wealth valuation versus earnings reference-year metadata remains a calendar certification limit; national household income normalization and selection on finite outcomes are maintained approximations.,/Users/tommasodesanto/Desktop/Projects/Fertility/Fertility_Spring26/output/model/e5f_matched_pf_20260909a/initial_calibration_contract/lead_methodological_decision.json,Recorded empirical bootstrap standard error under the retained estimator/sample,frozen_lead_selected_working_minimum_distance_weight,0.36285515343369,"{'adjustment': 'Observe the pre-announcement stationary state using coherent beginning-period g_asset; use actual pension-consistent parameters. Gross earnings formula and 18-65 cell coverage match the intended earnings concept; no automatic 2023 reuse.', 'builder': 'output/model/e5f_matched_pf_20260909a/design_research/wealth/build_initial_wealth.R (mirrors audit_aggregate_wealth_earnings_ratio.R)', 'candidate_diagonal_weight': 7.595098472533724, 'clustering': 'reference-person ID bootstrap', 'data_formula': 'sum(IW*NETWORTHR)/sum_{age<=65}(IW*EARNINDRRC)', 'date': 'PSID survey waves 2003 and 2005, not an audited same-calendar stock/flow date', 'estimate': 6.14586139445743, 'fixed_effects': 'none', 'geography': 'national PSID', 'id': 'psid_wealth_gross_earnings_2003_2005', 'mismatch': 'RP/spouse household earnings is the intended labor-income concept. Missing within-wave wealth valuation versus earnings reference-year metadata remains a calendar certification limit; national household income normalization and selection on finite outcomes are maintained approximations.', 'model_formula': 'sum_x g_asset(x)*(b+1_owner*p*H) / sum_{j<J_R} g_asset(x)*[P.income(i,j)*z/((1-tau_pay)*4)]. All living 18-85 wealth cells; 12 working cells cover 18-65. P.income is already a four-year flow after payroll tax.', 'production_eligible': False, 'role': 'initial_calibration_restriction', 'sample': 'PSID reference persons ages 18-85, relation_to_head=10, positive IW, finite NETWORTHR; working-age gross earnings required/nonnegative; 2003-2005; actual selected waves 2003 and 2005; 10,828 family-years/6,018 IDs in wealth, 9,265 family-years/5,215 IDs in earnings.', 'status': 'verified_empirical__model_formula_available', 'target_weight_status': 'candidate_inverse_variance_not_activated', 'uncertainty': {'reps': 999, 'se': 0.36285515343369, 'seed': 20260723, 'type': 'person bootstrap'}}",,,reference-person ID bootstrap,none,national PSID,,
coord_kappa_fert,5165289.256198346,False,annual bequest flow / aggregate wealth,No microdata builder; external literature normalization,/Users/tommasodesanto/Desktop/Projects/Fertility/Fertility_Spring26/output/model/e5f_matched_pf_20260909a/design_research/observer_contract/observer_contract.json,e5f_early_housing_wealth_observer_review_v2_20260911,external_annual_bequest_wealth,/Users/tommasodesanto/Desktop/Projects/Fertility/Fertility_Spring26/tmp/e5f_matched_pf/code/model/intergen_eqscale_seq_optimized/e5_target_provenance.csv,,early_measurement,-0.00021877690956272587,Annual bequests / aggregate wealth,0.24722797602178265,0.008581223090437275,True,69b760e5a6572c65dce1ed6afa6e605b6b4804b83b938f02a3db7c996e65d932,housing_wealth.moments.annual_bequest_flow_to_aggregate_wealth,housing_wealth.moments.annual_bequest_flow_to_aggregate_wealth,,5165289.256198346,,bequest_wealth,proposed_scored_restriction,external restriction,/Users/tommasodesanto/Desktop/Projects/Fertility/Fertility_Spring26/output/model/e5f_matched_pf_20260909a/design_research/observer_contract/observer_contract.json#/records/6/sample,True,0.00044000000000000007,0.0088,inherited synthetic five-percent calibration scale; NOT a standard error,"External historical restriction; synthetic uncertainty; forced terminal deaths Borrowed historical annual aggregate flow is imperfectly matched to model mortality, nonnegative estates and forced terminal deaths; no initial PSID sample or empirical SE. Gale-Scholz/De Nardi-Yang provenance is inherited, not freshly reviewed literature.",/Users/tommasodesanto/Desktop/Projects/Fertility/Fertility_Spring26/output/model/e5f_matched_pf_20260909a/initial_calibration_contract/lead_methodological_decision.json,Inherited synthetic five-percent target scale; not empirical SE,frozen_lead_selected_working_minimum_distance_weight,0.00044000000000000007,"{'adjustment': 'Keep explicitly external or replace only with a separately identified bequest-block decision and Jacobian check.', 'builder': 'No project microdata builder; provenance ledger identifies Gale-Scholz historical normalization transmitted through De Nardi-Yang', 'candidate_diagonal_weight': 5165289.256198346, 'clustering': 'none', 'data_formula': 'annual bequest flow / aggregate wealth', 'date': 'not a measured initial window', 'estimate': 0.0088, 'fixed_effects': 'none', 'geography': 'not applicable', 'id': 'external_annual_bequest_wealth', 'mismatch': 'Borrowed historical annual aggregate flow is imperfectly matched to model mortality, nonnegative estates and forced terminal deaths; no initial PSID sample or empirical SE. Gale-Scholz/De Nardi-Yang provenance is inherited, not freshly reviewed literature.', 'model_formula': '[sum_x (1-survival_j)*g_current(x)*max(bp_pol(x)+1_owner*p*H,0)/4] / sum_x g_asset(x)*(b+1_owner*p*H). Terminal death probability forced to 1; earlier death probabilities from survival. Debt/transaction timing must remain coherent.', 'production_eligible': False, 'role': 'initial_calibration_restriction', 'sample': 'external restriction', 'status': 'externally_fixed__not_an_initial_microdata_observer', 'target_weight_status': 'approved_retained_external_normalization_with_inherited_synthetic_weight', 'uncertainty': {'empirical_se': None, 'scale': 0.00044000000000000007, 'type': 'inherited synthetic five-percent calibration scale; NOT a standard error'}}",,,none,none,not applicable,,
coord_kappa_fert,10.616361531535473,False,"Q_.90(NETWORTHR/INCFAMR)/Q_.50(NETWORTHR/INCFAMR), weighted",/Users/tommasodesanto/Desktop/Projects/Fertility/Fertility_Spring26/output/model/e5f_matched_pf_20260909a/design_research/wealth/build_initial_wealth.R,/Users/tommasodesanto/Desktop/Projects/Fertility/Fertility_Spring26/output/model/e5f_matched_pf_20260909a/design_research/observer_contract/observer_contract.json,e5f_early_housing_wealth_observer_review_v2_20260911,psid_old_wealth_dispersion_2003_2005,/Users/tommasodesanto/Desktop/Projects/Fertility/Fertility_Spring26/output/model/e5f_matched_pf_20260909a/design_research/wealth/old_wealth_results.csv,0.306910785103348,early_measurement,0.9835646739674937,"Old wealth/income p90 / median, ages 76–84",10.270262496394958,4.499499760486214,True,69b760e5a6572c65dce1ed6afa6e605b6b4804b83b938f02a3db7c996e65d932,housing_wealth.moments.old_total_wealth_to_annual_income_p90_p50_7684,housing_wealth.moments.old_total_wealth_to_annual_income_p90_p50_7684,,,10.616361531535473,old_dispersion,proposed_scored_restriction,"Living PSID reference persons ages 76-84, relation_to_head=10, positive IW, completed children observed, INCFAMR>1000; p90/p50 of NETWORTHR/INCFAMR; 2003-2005; 644 valid family-years/416 IDs; bootstrap population 918 living reference IDs ages 65-84, before outcome/children filters.",/Users/tommasodesanto/Desktop/Projects/Fertility/Fertility_Spring26/output/model/e5f_matched_pf_20260909a/design_research/observer_contract/observer_contract.json#/records/5/sample,True,,3.51593508651872,person bootstrap,"Uniform within-age-cell overlap for ages 76--84 Modeled pension plus configured lump-sum income proxy; not PSID total family income Empirical $1000 real-income and observed-child-history filters are not reproduced At these retirement ages model denominator is pension income (including configured z scaling), while PSID INCFAMR also includes transfers, asset income and other family components. Exact $1000 cutoff is not applied (only income>0), and observed-completed-children selection has no model missingness counterpart. Full 78/82 cells do not cover exactly 76-84. Actual model property-tax lump-sum transfer is zero in this receipt; proxy uses the configured pension-plus-transfer concept.",/Users/tommasodesanto/Desktop/Projects/Fertility/Fertility_Spring26/output/model/e5f_matched_pf_20260909a/initial_calibration_contract/lead_methodological_decision.json,Recorded empirical bootstrap standard error under the retained estimator/sample,frozen_lead_selected_working_minimum_distance_weight,0.306910785103348,"{'adjustment': 'Pin annual-age selection for 76-84; confirm household income mapping and empirical $1000 real-income cutoff in normalized model units. Observe initial stationary state, not 2023. Model quantile is available but sample/income equality is not established.', 'builder': 'output/model/e5f_matched_pf_20260909a/design_research/wealth/build_initial_wealth.R (mirrors audit_intergen_bequest_family_size_targets.R)', 'candidate_diagonal_weight': 10.616361531535473, 'clustering': 'reference-person ID bootstrap', 'data_formula': 'Q_.90(NETWORTHR/INCFAMR)/Q_.50(NETWORTHR/INCFAMR), weighted', 'date': 'PSID survey waves 2003 and 2005', 'estimate': 3.51593508651872, 'fixed_effects': 'none', 'geography': 'national PSID', 'id': 'psid_old_wealth_dispersion_2003_2005', 'mismatch': 'At these retirement ages model denominator is pension income (including configured z scaling), while PSID INCFAMR also includes transfers, asset income and other family components. Exact $1000 cutoff is not applied (only income>0), and observed-completed-children selection has no model missingness counterpart. Full 78/82 cells do not cover exactly 76-84.', 'model_formula': 'Weighted p90/p50 of W/annual_gross_income_at_state using g_asset; annualization divides P income by 4, payroll gross-up only for workers. Existing old mask selects labels 78 and 82. Existing quantile algorithm matches R; no transaction wedge is subtracted from W.', 'production_eligible': False, 'role': 'initial_calibration_restriction', 'sample': 'Living PSID reference persons ages 76-84, relation_to_head=10, positive IW, completed children observed, INCFAMR>1000; p90/p50 of NETWORTHR/INCFAMR; 2003-2005; 644 valid family-years/416 IDs; bootstrap population 918 living reference IDs ages 65-84, before outcome/children filters.', 'status': 'empirical_verified__age_income_mapping_outstanding', 'target_weight_status': 'candidate_inverse_variance_not_activated', 'uncertainty': {'reps': 499, 'se': 0.306910785103348, 'seed': 20260715, 'type': 'person bootstrap'}}",,,reference-person ID bootstrap,none,national PSID,,
coord_kappa_fert,128.02070205233477,False,"sum(HHWT*min(ROOMS,9))/sum(HHWT)",/Users/tommasodesanto/Desktop/Projects/Fertility/Fertility_Spring26/output/model/e5f_matched_pf_20260909a/design_research/housing/inspect_early_housing.py; /Users/tommasodesanto/Desktop/Projects/Fertility/Fertility_Spring26/output/model/e5f_matched_pf_20260909a/design_research/housing/summarize_early_housing.py,/Users/tommasodesanto/Desktop/Projects/Fertility/Fertility_Spring26/output/model/e5f_matched_pf_20260909a/design_research/observer_contract/observer_contract.json,e5f_early_housing_wealth_observer_review_v2_20260911,acs_rooms_2005_2006,/Users/tommasodesanto/Desktop/Projects/Fertility/Fertility_Spring26/output/model/e5f_matched_pf_20260909a/design_research/housing/early_housing_target_candidates.csv,0.08838120078007809,early_measurement,0.863663215081468,"Mean occupied rooms, capped at 9",95.49245303661344,6.42476059120012,True,69b760e5a6572c65dce1ed6afa6e605b6b4804b83b938f02a3db7c996e65d932,housing_wealth.moments.aggregate_mean_occupied_rooms_capped9_18_85,housing_wealth.moments.aggregate_mean_occupied_rooms_capped9_18_85,,,128.02070205233477,mean_rooms,proposed_scored_restriction,ACS household heads ages 18-85; occupied renter or owner; HHWT>0; 42 MET2013 cities; 2005-2006 pooled by summed HHWT numerator/denominator; inherits all common_acs_sample filters,/Users/tommasodesanto/Desktop/Projects/Fertility/Fertility_Spring26/output/model/e5f_matched_pf_20260909a/design_research/observer_contract/observer_contract.json#/records/0/sample,True,,5.561097376118652,42-metro bootstrap,"Uniform annual-age exposure and constant policies/distribution within each four-year cell National model versus 42-MET2013 housing sample Existing HistoricalMomentObserver is pinned to 2023 and old 12 rows. min(E[s|collapsed income],9) does not equal E[min(s,9)|income]; compute direct. The initial window and geographic approximation must be retained.",/Users/tommasodesanto/Desktop/Projects/Fertility/Fertility_Spring26/output/model/e5f_matched_pf_20260909a/initial_calibration_contract/lead_methodological_decision.json,Recorded empirical bootstrap standard error under the retained estimator/sample,frozen_lead_selected_working_minimum_distance_weight,0.08838120078007809,"{'adjustment': 'Use g_current and full hR_pol before income collapse; cap each renter/owner observation, then aggregate. All 17 current four-year age cells already span 18-85: validate geometry rather than invent an extra age restriction.', 'builder': 'output/model/e5f_matched_pf_20260909a/design_research/housing/inspect_early_housing.py; summarize_early_housing.py', 'candidate_diagonal_weight': 128.02070205233477, 'clustering': '42 MET2013 city bootstrap', 'data_formula': 'sum(HHWT*min(ROOMS,9))/sum(HHWT)', 'date': '2005-2006', 'estimate': 5.561097376118652, 'fixed_effects': 'none', 'geography': '42 MET2013 city codes; not admitted-PUMA footprint', 'id': 'acs_rooms_2005_2006', 'mismatch': 'Existing HistoricalMomentObserver is pinned to 2023 and old 12 rows. min(E[s|collapsed income],9) does not equal E[min(s,9)|income]; compute direct. The initial window and geographic approximation must be retained.', 'model_formula': 'Current extract_moments: aggregate_housing_demand/total_mass, all 17 age cells, uncapped. Proposed: weighted_mean(min(s,9)) on full g, observed at pre-announcement stationary solution.', 'production_eligible': False, 'role': 'initial_calibration_restriction', 'sample': 'ACS household heads ages 18-85; occupied renter or owner; HHWT>0; 42 MET2013 cities; 2005-2006 pooled by summed HHWT numerator/denominator; inherits all common_acs_sample filters', 'status': 'empirical_verified__cap_operator_needed', 'target_weight_status': 'candidate_inverse_variance_not_activated', 'uncertainty': {'reps': 1000, 'se': 0.08838120078007809, 'seed': 20260910, 'type': '42-metro bootstrap'}}",,,42 MET2013 city bootstrap,none,42 MET2013 city codes; not admitted-PUMA footprint,"{'filters': 'sample=year*100+1; GQ in {1,2}; PERNUM=1; RELATE=1; HHWT>0; 18<=AGE<=85; OWNERSHP in {1,2}; ROOMS>0; MET2013 in pinned 42-code list', 'fixed_effects': 'none', 'geography': 'Direct MET2013 membership in 42 cities; NOT old admitted-PUMA footprint. National fertility/PSID plus metro housing is an explicitly maintained geographic approximation.', 'owner': 'OWNERSHP=1', 'rooms': 'min(ROOMS,9) before any aggregation; pooled household-weighted numerators/denominators, not average yearly ratios', 'structures': 'UNITSSTR in 3:10 for all ownership rows, including both recent-parent comparison groups; no structure restriction for rooms rows', 'survey_waves': [2005, 2006], 'uncertainty': '1000 paired metro-resampling draws, seed 20260910, 42 clusters. Not ACS official survey-design or replicate-weight standard errors.', 'weights_status': 'Inverse marginal variance values below are candidate diagonal weights under the approved design, not a promoted target/weight fingerprint.'}",
coord_kappa_fert,2339.3623724673616,False,sum(HHWT*owner)/sum(HHWT),/Users/tommasodesanto/Desktop/Projects/Fertility/Fertility_Spring26/output/model/e5f_matched_pf_20260909a/design_research/housing/inspect_early_housing.py; /Users/tommasodesanto/Desktop/Projects/Fertility/Fertility_Spring26/output/model/e5f_matched_pf_20260909a/design_research/housing/summarize_early_housing.py,/Users/tommasodesanto/Desktop/Projects/Fertility/Fertility_Spring26/output/model/e5f_matched_pf_20260909a/design_research/observer_contract/observer_contract.json,e5f_early_housing_wealth_observer_review_v2_20260911,acs_ownership_30_55_2005_2006,/Users/tommasodesanto/Desktop/Projects/Fertility/Fertility_Spring26/output/model/e5f_matched_pf_20260909a/design_research/housing/early_housing_target_candidates.csv,0.020675272863460718,early_measurement,-0.10844942216666131,"Ownership, heads 30–55",27.513889259640102,0.539884612152488,True,69b760e5a6572c65dce1ed6afa6e605b6b4804b83b938f02a3db7c996e65d932,housing_wealth.moments.own_rate_30_55,housing_wealth.moments.own_rate_30_55,,,2339.3623724673616,ownership_30_55,proposed_scored_restriction,ACS heads ages 30-55; DUE structures UNITSSTR 3:10; HHWT>0; 42 MET2013 cities; 2005-2006; inherits all common_acs_sample filters,/Users/tommasodesanto/Desktop/Projects/Fertility/Fertility_Spring26/output/model/e5f_matched_pf_20260909a/design_research/observer_contract/observer_contract.json#/records/1/sample,True,,0.6483340343191493,42-metro bootstrap,Uniform annual-age exposure and constant policies/distribution within each four-year cell National model versus 42-MET2013 housing sample ACS DUE structure restriction is not represented by a model state Current nearest-index mask includes full 54-57 cell; no structure-type state allows exact UNITSSTR filtering. Neither issue is resolved by changing the row name.,/Users/tommasodesanto/Desktop/Projects/Fertility/Fertility_Spring26/output/model/e5f_matched_pf_20260909a/initial_calibration_contract/lead_methodological_decision.json,Recorded empirical bootstrap standard error under the retained estimator/sample,frozen_lead_selected_working_minimum_distance_weight,0.020675272863460718,"{'adjustment': 'Use owner indicator on full realized distribution with declared 30-55 age-exposure selector; pin the maintained DUE-to-model-product interpretation.', 'builder': 'output/model/e5f_matched_pf_20260909a/design_research/housing/inspect_early_housing.py; summarize_early_housing.py', 'candidate_diagonal_weight': 2339.3623724673616, 'clustering': '42 MET2013 city bootstrap', 'data_formula': 'sum(HHWT*owner)/sum(HHWT)', 'date': '2005-2006', 'estimate': 0.6483340343191493, 'fixed_effects': 'none', 'geography': '42 MET2013 cities; not admitted-PUMA footprint', 'id': 'acs_ownership_30_55_2005_2006', 'mismatch': 'Current nearest-index mask includes full 54-57 cell; no structure-type state allows exact UNITSSTR filtering. Neither issue is resolved by changing the row name.', 'model_formula': 'own_rate_3055=sum(g[owner tenures, ages 30:55])/sum(g[all tenures, ages 30:55])', 'production_eligible': False, 'role': 'initial_calibration_restriction', 'sample': 'ACS heads ages 30-55; DUE structures UNITSSTR 3:10; HHWT>0; 42 MET2013 cities; 2005-2006; inherits all common_acs_sample filters', 'status': 'empirical_verified__age_and_structure_mapping_outstanding', 'target_weight_status': 'candidate_inverse_variance_not_activated', 'uncertainty': {'reps': 1000, 'se': 0.020675272863460718, 'seed': 20260910, 'type': '42-metro bootstrap'}}",,,42 MET2013 city bootstrap,none,42 MET2013 cities; not admitted-PUMA footprint,"{'filters': 'sample=year*100+1; GQ in {1,2}; PERNUM=1; RELATE=1; HHWT>0; 18<=AGE<=85; OWNERSHP in {1,2}; ROOMS>0; MET2013 in pinned 42-code list', 'fixed_effects': 'none', 'geography': 'Direct MET2013 membership in 42 cities; NOT old admitted-PUMA footprint. National fertility/PSID plus metro housing is an explicitly maintained geographic approximation.', 'owner': 'OWNERSHP=1', 'rooms': 'min(ROOMS,9) before any aggregation; pooled household-weighted numerators/denominators, not average yearly ratios', 'structures': 'UNITSSTR in 3:10 for all ownership rows, including both recent-parent comparison groups; no structure restriction for rooms rows', 'survey_waves': [2005, 2006], 'uncertainty': '1000 paired metro-resampling draws, seed 20260910, 42 clusters. Not ACS official survey-design or replicate-weight standard errors.', 'weights_status': 'Inverse marginal variance values below are candidate diagonal weights under the approved design, not a promoted target/weight fingerprint.'}",
coord_kappa_fert,137.5652749002964,False,"beta(event=+3)-beta(event=-1), omitted event=-2; person/year FE, age/education controls, longitudinal IW",/Users/tommasodesanto/Desktop/Projects/Fertility/Fertility_Spring26/code/data/psid_followup_mar2026/sa_rooms_first_birth_household_aligned_v1.do,/Users/tommasodesanto/Desktop/Projects/Fertility/Fertility_Spring26/output/model/e5f_matched_pf_20260909a/design_research/observer_contract/observer_contract.json,e5f_early_housing_wealth_observer_review_v2_20260911,psid_sa_first_birth_rooms,/Users/tommasodesanto/Desktop/Projects/Fertility/Fertility_Spring26/code/data/psid_followup_mar2026/output/sa_rooms_first_birth_household_aligned_v1/target_receipt.csv,0.0852600513385958,early_measurement,0.2609595972074883,"First-birth room response, −1 to +3",9.368183028945674,0.9812058595890161,True,69b760e5a6572c65dce1ed6afa6e605b6b4804b83b938f02a3db7c996e65d932,housing_wealth.moments.housing_increment_0to1,housing_wealth.moments.housing_increment_0to1,,,137.5652749002964,first_birth_rooms,proposed_scored_restriction,"Women age 18+, current reference/spouse, positive IW, single-FID dwelling, one woman per household-year; confirmed never-treated controls; 49,457 household-years, 4,112 persons",/Users/tommasodesanto/Desktop/Projects/Fertility/Fertility_Spring26/output/model/e5f_matched_pf_20260909a/design_research/observer_contract/observer_contract.json#/records/7/sample,True,,0.7202462623815278,"Sun-Abraham covariance contrast, clustered individual ID","Pooled PSID response applied to initial stationary economy under stability assumption Matched model risk-set weights differ from Sun-Abraham cohort/event weights; non-flat prepath caveat retained Applying the unchanged pooled contrast to initial stationary economy requires approved stability approximation. Model matched-risk weights differ from estimator cohort/event weights. Non-flat prepath and normalization dependence remain disclosed; September5 normalization check changed point to .730459 with identical fitted values, not a replacement target. Four-year approximation is not literal observed -1/+3 child ages. Keep PSID rooms uncapped; do not import ACS cap.",/Users/tommasodesanto/Desktop/Projects/Fertility/Fertility_Spring26/output/model/e5f_matched_pf_20260909a/initial_calibration_contract/lead_methodological_decision.json,Recorded empirical bootstrap standard error under the retained estimator/sample,frozen_lead_selected_working_minimum_distance_weight,0.0852600513385958,"{'adjustment': 'For an initial stationary observer call begin_dated_first_birth_housing_branch then finish_dated_first_birth_housing_branch with the stationary policy as BOTH dates; retain destination continuation births and no Census age bridge. Do NOT use first_birth_housing_response sequential legacy helper, which suppresses continuation births. Certify the same paired branch with mass/timing checks.', 'builder': 'code/data/psid_followup_mar2026/sa_rooms_first_birth_household_aligned_v1.do; finalize_first_birth_rooms_target_receipt.py', 'candidate_diagonal_weight': 137.5652749002964, 'clustering': 'selected woman stable ID; one household-year observation, primary analytic cluster covariance', 'data_formula': 'beta(event=+3)-beta(event=-1), omitted event=-2; person/year FE, age/education controls, longitudinal IW', 'date': 'Pooled PSID event-time -1 to +3; treated input observations 1970-2019, not an early-only regression', 'estimate': 0.7202462623815278, 'fixed_effects': 'person ID and survey year; age and education controls', 'geography': 'national PSID', 'id': 'psid_sa_first_birth_rooms', 'mismatch': 'Applying the unchanged pooled contrast to initial stationary economy requires approved stability approximation. Model matched-risk weights differ from estimator cohort/event weights. Non-flat prepath and normalization dependence remain disclosed; September5 normalization check changed point to .730459 with identical fitted values, not a replacement target. Four-year approximation is not literal observed -1/+3 child ages. Keep PSID rooms uncapped; do not import ACS cap.', 'model_formula': 'Select successful first births from initial g_pre; clone identical pre-birth states into treated n=1,m=1 and childless control. Advance both one period with origin policies/survival/income/maturation, then realize destination housing with destination policies. Treated may have continuation birth; control stays childless. Difference of destination uncapped rooms equals matched difference in changes.', 'production_eligible': False, 'role': 'initial_calibration_restriction', 'sample': 'Women age 18+, current reference/spouse, positive IW, single-FID dwelling, one woman per household-year; confirmed never-treated controls; 49,457 household-years, 4,112 persons', 'status': 'verified_empirical_contrast__provisional_structural_mapping', 'target_weight_status': 'candidate_inverse_variance_not_activated', 'uncertainty': {'reference_period': -2, 'se': 0.0852600513385958, 'type': 'Sun-Abraham covariance contrast, clustered individual ID', 'variance_formula': 'Var(beta_3)+Var(beta_-1)-2Cov(beta_3,beta_-1)'}}",,,"selected woman stable ID; one household-year observation, primary analytic cluster covariance",person ID and survey year; age and education controls,national PSID,,
coord_kappa_fert,280.52808370152104,False,"E[min(ROOMS,9)|NCHILD>=3,YNGCH<18]-E[min(ROOMS,9)|NCHILD=1-2,YNGCH<18]",/Users/tommasodesanto/Desktop/Projects/Fertility/Fertility_Spring26/output/model/e5f_matched_pf_20260909a/design_research/housing/inspect_early_housing.py; /Users/tommasodesanto/Desktop/Projects/Fertility/Fertility_Spring26/output/model/e5f_matched_pf_20260909a/design_research/housing/summarize_early_housing.py,/Users/tommasodesanto/Desktop/Projects/Fertility/Fertility_Spring26/output/model/e5f_matched_pf_20260909a/design_research/observer_contract/observer_contract.json,e5f_early_housing_wealth_observer_review_v2_20260911,acs_rooms_3plus_minus_1to2_2005_2006,/Users/tommasodesanto/Desktop/Projects/Fertility/Fertility_Spring26/output/model/e5f_matched_pf_20260909a/design_research/housing/early_housing_target_candidates.csv,0.059705154633000496,early_measurement,-0.17422509086009974,Rooms: 3+ versus 1–2 resident children (model dependent proxy),8.515256694413361,0.17284184093615096,True,69b760e5a6572c65dce1ed6afa6e605b6b4804b83b938f02a3db7c996e65d932,housing_wealth.moments.prime30_55_model_dependent_3plus_minus_1to2_rooms_capped9,housing_wealth.moments.prime30_55_model_dependent_3plus_minus_1to2_rooms_capped9,,,280.52808370152104,family_rooms,proposed_scored_restriction,"ACS heads ages 30-55, YNGCH<18; NCHILD>=3 minus NCHILD=1-2; 42 MET2013 cities; 2005-2006; inherits all common_acs_sample filters",/Users/tommasodesanto/Desktop/Projects/Fertility/Fertility_Spring26/output/model/e5f_matched_pf_20260909a/design_research/observer_contract/observer_contract.json#/records/3/sample,True,,0.3470669317962507,42-metro bootstrap,"Uniform annual-age exposure and constant policies/distribution within each four-year cell National model versus 42-MET2013 housing sample Model dependent counts replace ACS resident own children with YNGCH<18 ACS NCHILD counts ALL resident own children while YNGCH<18 requires at least one minor. Example: ages 4,19,21 is empirical large family but may be one model dependent. m has no deterministic child-age bound under binomial maturation. Verifying independent_count is necessary but insufficient for exact ACS group equivalence.",/Users/tommasodesanto/Desktop/Projects/Fertility/Fertility_Spring26/output/model/e5f_matched_pf_20260909a/initial_calibration_contract/lead_methodological_decision.json,Recorded empirical bootstrap standard error under the retained estimator/sample,frozen_lead_selected_working_minimum_distance_weight,0.059705154633000496,"{'adjustment': 'Cap full income-resolved renter and owner rooms before any collapse. Runtime-assert child_state_mode=independent_count and child_bin_high_cutoff=3. Need explicit resident-child approximation or richer observation information before SMM certification.', 'builder': 'output/model/e5f_matched_pf_20260909a/design_research/housing/inspect_early_housing.py; summarize_early_housing.py', 'candidate_diagonal_weight': 280.52808370152104, 'clustering': '42 MET2013 city bootstrap', 'data_formula': 'E[min(ROOMS,9)|NCHILD>=3,YNGCH<18]-E[min(ROOMS,9)|NCHILD=1-2,YNGCH<18]', 'date': '2005-2006', 'estimate': 0.3470669317962507, 'fixed_effects': 'none', 'geography': '42 MET2013 cities; not admitted-PUMA footprint', 'id': 'acs_rooms_3plus_minus_1to2_2005_2006', 'mismatch': 'ACS NCHILD counts ALL resident own children while YNGCH<18 requires at least one minor. Example: ages 4,19,21 is empirical large family but may be one model dependent. m has no deterministic child-age bound under binomial maturation. Verifying independent_count is necessary but insufficient for exact ACS group equivalence.', 'model_formula': 'Current child_bin_high_cutoff=3 and independent_count use m=cs, subject to cs<=n: high group m>=3; low group 1<=m<=2. Existing moment is uncapped and uses current prime age mask. Proposed proxy: E[min(s,9)|m>=3]-E[min(s,9)|1<=m<=2], with declared age selector.', 'production_eligible': False, 'role': 'initial_calibration_restriction', 'sample': 'ACS heads ages 30-55, YNGCH<18; NCHILD>=3 minus NCHILD=1-2; 42 MET2013 cities; 2005-2006; inherits all common_acs_sample filters', 'status': 'empirical_verified__resident_child_mapping_outstanding', 'target_weight_status': 'candidate_inverse_variance_not_activated', 'uncertainty': {'reps': 1000, 'se': 0.059705154633000496, 'seed': 20260910, 'type': '42-metro bootstrap'}}",,,42 MET2013 city bootstrap,none,42 MET2013 cities; not admitted-PUMA footprint,"{'filters': 'sample=year*100+1; GQ in {1,2}; PERNUM=1; RELATE=1; HHWT>0; 18<=AGE<=85; OWNERSHP in {1,2}; ROOMS>0; MET2013 in pinned 42-code list', 'fixed_effects': 'none', 'geography': 'Direct MET2013 membership in 42 cities; NOT old admitted-PUMA footprint. National fertility/PSID plus metro housing is an explicitly maintained geographic approximation.', 'owner': 'OWNERSHP=1', 'rooms': 'min(ROOMS,9) before any aggregation; pooled household-weighted numerators/denominators, not average yearly ratios', 'structures': 'UNITSSTR in 3:10 for all ownership rows, including both recent-parent comparison groups; no structure restriction for rooms rows', 'survey_waves': [2005, 2006], 'uncertainty': '1000 paired metro-resampling draws, seed 20260910, 42 clusters. Not ACS official survey-design or replicate-weight standard errors.', 'weights_status': 'Inverse marginal variance values below are candidate diagonal weights under the approved design, not a promoted target/weight fingerprint.'}",
coord_kappa_fert,27055.822957508266,False,"Pr(owner|NCHILD>0,ELDCH<4)-Pr(owner|NCHILD=0)",/Users/tommasodesanto/Desktop/Projects/Fertility/Fertility_Spring26/output/model/e5f_matched_pf_20260909a/design_research/housing/inspect_early_housing.py; /Users/tommasodesanto/Desktop/Projects/Fertility/Fertility_Spring26/output/model/e5f_matched_pf_20260909a/design_research/housing/summarize_early_housing.py,/Users/tommasodesanto/Desktop/Projects/Fertility/Fertility_Spring26/output/model/e5f_matched_pf_20260909a/design_research/observer_contract/observer_contract.json,e5f_early_housing_wealth_observer_review_v2_20260911,acs_recent_parent_owner_gap_2005_2006,/Users/tommasodesanto/Desktop/Projects/Fertility/Fertility_Spring26/output/model/e5f_matched_pf_20260909a/design_research/housing/early_housing_target_candidates.csv,0.006079524679464666,recent_parent_observation,-0.01911028123132591,Recent-parent ownership gap,9.880863619097049,0.14378522792990694,True,69b760e5a6572c65dce1ed6afa6e605b6b4804b83b938f02a3db7c996e65d932,ownership_current_birth_from_empty_dependent_home_minus_current_empty_home_30_55,model_value,,,27055.822957508266,recent_parent_ownership,proposed_scored_restriction,ACS heads ages 30-55; recent parent NCHILD>0 and ELDCH<4 minus NCHILD=0 controls; 42 MET2013 cities; 2005-2006; inherits all common_acs_sample filters; both groups also require UNITSSTR in 3:10,/Users/tommasodesanto/Desktop/Projects/Fertility/Fertility_Spring26/output/model/e5f_matched_pf_20260909a/design_research/observer_contract/observer_contract.json#/records/2/sample,True,,0.16289550916123285,42-metro bootstrap,"ELDCH is OLDEST resident own child: all resident own children must be under four. Model has no child ages or time since birth; independent binomial maturation has mean 18 years but no deterministic under-18 cutoff. ACS NCHILD=0 includes former parents with no own child resident, whereas model control is lifetime n=0. Adding m=0 controls would still conflate absent dependents with absent resident adult children. Unavailable: ACS oldest resident child under four and no-resident-child controls cannot be reconstructed from dependent counts and lifetime parity",/Users/tommasodesanto/Desktop/Projects/Fertility/Fertility_Spring26/output/model/e5f_matched_pf_20260909a/initial_calibration_contract/lead_methodological_decision.json,Recorded empirical bootstrap standard error under the retained estimator/sample,frozen_lead_selected_working_minimum_distance_weight,0.006079524679464666,"{'adjustment': 'Exact ACS recent-parent group and resident-child controls cannot be recovered from current count-only states. Do not substitute n=0 controls or all m>0 parents without an explicitly approved proxy contract; retain identifying row as blocked rather than silently dropping it.', 'builder': 'output/model/e5f_matched_pf_20260909a/design_research/housing/inspect_early_housing.py; summarize_early_housing.py', 'candidate_diagonal_weight': 27055.822957508266, 'clustering': '42 MET2013 city bootstrap', 'data_formula': 'Pr(owner|NCHILD>0,ELDCH<4)-Pr(owner|NCHILD=0)', 'date': '2005-2006', 'estimate': 0.16289550916123285, 'fixed_effects': 'none', 'geography': '42 MET2013 cities; not admitted-PUMA footprint', 'id': 'acs_recent_parent_owner_gap_2005_2006', 'mismatch': 'ELDCH is OLDEST resident own child: all resident own children must be under four. Model has no child ages or time since birth; independent binomial maturation has mean 18 years but no deterministic under-18 cutoff. ACS NCHILD=0 includes former parents with no own child resident, whereas model control is lifetime n=0. Adding m=0 controls would still conflate absent dependents with absent resident adult children.', 'model_formula': 'Under independent_count: Pr(owner | n>=1,m>0, current prime mask) - Pr(owner | n=0,childless readiness states,current prime mask). newparent_cs includes ALL positive dependent counts, with no recency condition.', 'production_eligible': False, 'role': 'initial_calibration_restriction', 'sample': 'ACS heads ages 30-55; recent parent NCHILD>0 and ELDCH<4 minus NCHILD=0 controls; 42 MET2013 cities; 2005-2006; inherits all common_acs_sample filters; both groups also require UNITSSTR in 3:10', 'status': 'verified_empirical__irreducible_group_mismatch', 'target_weight_status': 'candidate_inverse_variance_not_activated', 'uncertainty': {'reps': 1000, 'se': 0.006079524679464666, 'seed': 20260910, 'type': '42-metro bootstrap'}}",,,42 MET2013 city bootstrap,none,42 MET2013 cities; not admitted-PUMA footprint,"{'filters': 'sample=year*100+1; GQ in {1,2}; PERNUM=1; RELATE=1; HHWT>0; 18<=AGE<=85; OWNERSHP in {1,2}; ROOMS>0; MET2013 in pinned 42-code list', 'fixed_effects': 'none', 'geography': 'Direct MET2013 membership in 42 cities; NOT old admitted-PUMA footprint. National fertility/PSID plus metro housing is an explicitly maintained geographic approximation.', 'owner': 'OWNERSHP=1', 'rooms': 'min(ROOMS,9) before any aggregation; pooled household-weighted numerators/denominators, not average yearly ratios', 'structures': 'UNITSSTR in 3:10 for all ownership rows, including both recent-parent comparison groups; no structure restriction for rooms rows', 'survey_waves': [2005, 2006], 'uncertainty': '1000 paired metro-resampling draws, seed 20260910, 42 clusters. Not ACS official survey-design or replicate-weight standard errors.', 'weights_status': 'Inverse marginal variance values below are candidate diagonal weights under the approved design, not a promoted target/weight fingerprint.'}","{'age_projection': 'uniform_within_age_cell', 'approximation_id': 'early_2007_parenthood_md_working_v1__recent_parent_synchronized_proxy', 'decision_sha256': 'b1d399c290d257e56e008afb6d7b76ac1f69191685c8d9e89a4b0bfb06533c9a', 'decision_source': '/Users/tommasodesanto/Desktop/Projects/Fertility/Fertility_Spring26/output/model/e5f_matched_pf_20260909a/initial_calibration_contract/lead_methodological_decision.json', 'declaration': 'Synchronized post-fertility snapshot; uniform head-age overlap; model dependents proxy resident own children; actual current births from previously empty-dependent homes versus current empty homes inclformerparents. Not an exact annualACS interview reconstruction.', 'diagnostic_allow_residence_proxy': True, 'exact_acs': False, 'maintained': True, 'moment': 'ownership_current_birth_from_empty_dependent_home_minus_current_empty_home_30_55', 'observer_id': 'e5f_recent_parent_flow_diagnostic_v1', 'snapshot': 'synchronized_post_fertility_snapshot'}"
coord_kappa_fert_continuation,,False,"Author-selected stationary model normalization, using maintained top-parity representative; not empirical female period TFR","Author-selected model normalization, not empirical estimation",/Users/tommasodesanto/Desktop/Projects/Fertility/Fertility_Spring26/output/model/e5f_matched_pf_20260909a/OVERNIGHT_PLAN.md,author_initial_model_fertility_2_1,author_2_1,/Users/tommasodesanto/Desktop/Projects/Fertility/Fertility_Spring26/output/model/e5f_matched_pf_20260909a/OVERNIGHT_PLAN.md,,normalization,8.300492071455778e-07,Initial model completed fertility,,2.1000008300492072,True,7500113934a087897ac2fa346c7dca7ab2771db459ca799f6b4c301446eb04b0,final.normalization.completed_fertility,completed_fertility,,,,initial_normalization,normalization_separate_from_scored_objective,"Author-selected stationary model normalization, using maintained top-parity representative; not empirical female period TFR","Author-selected model normalization, as explicitly recorded in the preserved target definition",False,,2.1,Author normalization; no empirical SE,Separate from CPS age-window stocks and actual birth/entry accounting.,/Users/tommasodesanto/Desktop/Projects/Fertility/Fertility_Spring26/output/model/e5f_matched_pf_20260909a/initial_calibration_contract/lead_methodological_decision.json,Separate exact normalization within tolerance5e-4,separate_unscored_normalization,,,,,,,,,
coord_kappa_fert_continuation,35532.3042455214,False,Weighted P(FREVER=0) among pooled June 2004 and June 2006 women age 40-44 with valid FREVER 0-20 and positive FRSUPPWT.,/Users/tommasodesanto/Desktop/Projects/Fertility/Fertility_Spring26/output/model/e5f_matched_pf_20260909a/parameter_target_audit/fertility/extract_fertility_availability.py; /Users/tommasodesanto/Desktop/Projects/Fertility/Fertility_Spring26/output/model/e5f_matched_pf_20260909a/design_research/fertility_contract/verify_fertility_contract.py,/Users/tommasodesanto/Desktop/Projects/Fertility/Fertility_Spring26/output/model/e5f_matched_pf_20260909a/design_research/fertility_contract/fertility_target_contract.json,early_cps_nchs_fertility_certification_20260911_v2_not_activated,cps_childless_women_40_44_2004_2006,/Users/tommasodesanto/Desktop/Projects/Fertility/Fertility_Spring26/output/model/e5f_matched_pf_20260909a/parameter_target_audit/fertility/fertility_availability.json,,early_measurement,-0.002634667471152291,"Childless women, ages 40–44",0.24664651930380374,0.19564408353569035,True,7500113934a087897ac2fa346c7dca7ab2771db459ca799f6b4c301446eb04b0,fertility.uniform_birth_time.moments.childless_rate_40_44,fertility.uniform_birth_time.moments.childless_rate_40_44,,,,cps_childlessness,proposed_scored_restriction,"June, femaleSEX2,age40-44,FREVER0-20,FRSUPPWT>0;excludeFREVER999NIU; 2004+2006 pooled weighted records; Weighted P(FREVER=0) among pooled June 2004 and June 2006 women age 40-44 with valid FREVER 0-20 and positive FRSUPPWT.",/Users/tommasodesanto/Desktop/Projects/Fertility/Fertility_Spring26/output/model/e5f_matched_pf_20260909a/parameter_target_audit/fertility/fertility_availability.json#/sample and /Users/tommasodesanto/Desktop/Projects/Fertility/Fertility_Spring26/output/model/e5f_matched_pf_20260909a/design_research/fertility_contract/fertility_target_contract.json#/candidate_moments/0/definition,True,,0.19827875100684264,annual_generalized_variance_approximation_recovered_pooled_covariance_not_certified,Uniform birth-time parity interpolation is the main diagnostic; constant-post-cell sensitivity retained. Model household reproductive member is not certified female exposure; no empirical age reweighting.,/Users/tommasodesanto/Desktop/Projects/Fertility/Fertility_Spring26/output/model/e5f_matched_pf_20260909a/initial_calibration_contract/lead_methodological_decision.json,CPS official annual generalized-variance approximations pooled with fixed observed weights and correlation-one working convention; not design-exact pooled SE,frozen_lead_selected_working_minimum_distance_weight,0.005305035738317728,"{'active_weight': None, 'definition': 'Weighted P(FREVER=0) among pooled June 2004 and June 2006 women age 40-44 with valid FREVER 0-20 and positive FRSUPPWT.', 'id': 'cps_childless_women_40_44_2004_2006', 'model_observer_status': 'blocked_by_age_window_mapping', 'production_active': False, 'reported_value': 0.198279, 'sample_records': 10872, 'uncertainty': {'annual_official_approximate_sampling_gvf_se': {'2004': {'approximate_gvf_se': 0.0052157901461549385, 'b_parameter': 2016, 'denominator_population_units': 11534656.9936, 'value': 0.1928386121957651}, '2006': {'approximate_gvf_se': 0.005396662766690418, 'b_parameter': 2016, 'denominator_population_units': 11234864.9964, 'value': 0.20386405489820397}}, 'pooled_candidates': {'annual': {'2004': {'approximate_gvf_se': 0.0052157901461549385, 'b_parameter': 2016, 'denominator_population_units': 11534656.9936, 'value': 0.1928386121957651}, '2006': {'approximate_gvf_se': 0.005396662766690418, 'b_parameter': 2016, 'denominator_population_units': 11234864.9964, 'value': 0.20386405489820397}}, 'base_share_2004': 0.5065831860091674, 'pooled_fixed_bases_max_positive_correlation_se': 0.005305035738317728, 'pooled_fixed_bases_zero_crossyear_covariance_se': 0.0037512549510131253, 'qualification': 'Annual official generalized-variance approximation. Pooled candidates condition on observed base shares; cross-year covariance and random conditional-mother bases are not certified. Neither scale is adopted.'}, 'sampling_se': None, 'status': 'annual_generalized_variance_approximation_recovered_pooled_covariance_not_certified'}, 'value': 0.19827875100684264, 'weighted_denominator': 22769521.989999805}",IPUMS fertility supplement FRSUPPWT divided10000 as supplied loader; official Census supplement weight crosswalk not independently certified,,,,,,
coord_kappa_fert_continuation,26952.820824310795,False,Weighted P(FREVER=1 | FREVER>=1) in the same pooled CPS sample.,/Users/tommasodesanto/Desktop/Projects/Fertility/Fertility_Spring26/output/model/e5f_matched_pf_20260909a/parameter_target_audit/fertility/extract_fertility_availability.py; /Users/tommasodesanto/Desktop/Projects/Fertility/Fertility_Spring26/output/model/e5f_matched_pf_20260909a/design_research/fertility_contract/verify_fertility_contract.py,/Users/tommasodesanto/Desktop/Projects/Fertility/Fertility_Spring26/output/model/e5f_matched_pf_20260909a/design_research/fertility_contract/fertility_target_contract.json,early_cps_nchs_fertility_certification_20260911_v2_not_activated,cps_exactly_one_among_mothers_40_44_2004_2006,/Users/tommasodesanto/Desktop/Projects/Fertility/Fertility_Spring26/output/model/e5f_matched_pf_20260909a/parameter_target_audit/fertility/fertility_availability.json,,early_measurement,0.003043249534962267,"Exactly one child among mothers, ages 40–44",0.2496199850699448,0.21669857475510929,True,7500113934a087897ac2fa346c7dca7ab2771db459ca799f6b4c301446eb04b0,fertility.uniform_birth_time.moments.exactly_one_among_mothers_40_44,fertility.uniform_birth_time.moments.exactly_one_among_mothers_40_44,,,,cps_exactly_one,proposed_scored_restriction,"June, femaleSEX2,age40-44,FREVER0-20,FRSUPPWT>0;excludeFREVER999NIU; 2004+2006 pooled weighted records; Weighted P(FREVER=1 | FREVER>=1) in the same pooled CPS sample.",/Users/tommasodesanto/Desktop/Projects/Fertility/Fertility_Spring26/output/model/e5f_matched_pf_20260909a/parameter_target_audit/fertility/fertility_availability.json#/sample and /Users/tommasodesanto/Desktop/Projects/Fertility/Fertility_Spring26/output/model/e5f_matched_pf_20260909a/design_research/fertility_contract/fertility_target_contract.json#/candidate_moments/1/definition,True,,0.21365532522014702,annual_generalized_variance_approximation_recovered_pooled_covariance_not_certified,Uniform birth-time parity interpolation is the main diagnostic; constant-post-cell sensitivity retained. Model household reproductive member is not certified female exposure; no empirical age reweighting.,/Users/tommasodesanto/Desktop/Projects/Fertility/Fertility_Spring26/output/model/e5f_matched_pf_20260909a/initial_calibration_contract/lead_methodological_decision.json,CPS official annual generalized-variance approximations pooled with fixed observed weights and correlation-one working convention; not design-exact pooled SE,frozen_lead_selected_working_minimum_distance_weight,0.0060911302714076404,"{'active_weight': None, 'definition': 'Weighted P(FREVER=1 | FREVER>=1) in the same pooled CPS sample.', 'id': 'cps_exactly_one_among_mothers_40_44_2004_2006', 'model_observer_status': 'blocked_by_age_window_mapping; literal parity-one conditional-on-parenthood stock, not a continuation hazard', 'production_active': False, 'reported_value': 0.213655, 'uncertainty': {'annual_official_approximate_sampling_gvf_se': {'2004': {'approximate_gvf_se': 0.006046407789789988, 'b_parameter': 2016, 'denominator_population_units': 9310329.7468, 'value': 0.21511000477596962}, '2006': {'approximate_gvf_se': 0.006137682005815865, 'b_parameter': 2016, 'denominator_population_units': 8944479.862, 'value': 0.21214114591071567}}, 'pooled_candidates': {'annual': {'2004': {'approximate_gvf_se': 0.006046407789789988, 'b_parameter': 2016, 'denominator_population_units': 9310329.7468, 'value': 0.21511000477596962}, '2006': {'approximate_gvf_se': 0.006137682005815865, 'b_parameter': 2016, 'denominator_population_units': 8944479.862, 'value': 0.21214114591071567}}, 'base_share_2004': 0.5100206436725485, 'pooled_fixed_bases_max_positive_correlation_se': 0.0060911302714076404, 'pooled_fixed_bases_zero_crossyear_covariance_se': 0.004307418797745566, 'qualification': 'Annual official generalized-variance approximation. Pooled candidates condition on observed base shares; cross-year covariance and random conditional-mother bases are not certified. Neither scale is adopted.'}, 'sampling_se': None, 'status': 'annual_generalized_variance_approximation_recovered_pooled_covariance_not_certified'}, 'value': 0.21365532522014702, 'weighted_mother_denominator': 18254809.608799897, 'weighted_numerator': 3900237.283800007}",IPUMS fertility supplement FRSUPPWT divided10000 as supplied loader; official Census supplement weight crosswalk not independently certified,,,,,,
coord_kappa_fert_continuation,139.82806784479274,False,"Pooled national first-birth counts ages 12-49, 2003-2006; age <=21 mapped to midpoint 20, 22-25 to 24, ..., age >=42 to 44; count-weighted mean.",/Users/tommasodesanto/Desktop/Projects/Fertility/Fertility_Spring26/code/data/nchs_natality_timing/build_first_birth_timing.R; /Users/tommasodesanto/Desktop/Projects/Fertility/Fertility_Spring26/output/model/e5f_matched_pf_20260909a/design_research/fertility_contract/verify_fertility_contract.py,/Users/tommasodesanto/Desktop/Projects/Fertility/Fertility_Spring26/output/model/e5f_matched_pf_20260909a/design_research/fertility_contract/fertility_target_contract.json,early_cps_nchs_fertility_certification_20260911_v2_not_activated,nchs_period_mean_age_first_birth_2003_2006,/Users/tommasodesanto/Desktop/Projects/Fertility/Fertility_Spring26/code/data/nchs_natality_timing/first_birth_counts_year_age.csv,,early_measurement,0.09463787863497686,Period mean first-birth age,1.2523460493657521,26.070901739627473,True,7500113934a087897ac2fa346c7dca7ab2771db459ca799f6b4c301446eb04b0,fertility.uniform_birth_time.moments.period_mean_age_first_birth,fertility.uniform_birth_time.moments.period_mean_age_first_birth,,,,nchs_mean_age,proposed_scored_restriction,"US-named raw files; exact/decoded age12-49 and known live-birth order1; 2003 under15 recode mapped14; Pooled national first-birth counts ages 12-49, 2003-2006; age <=21 mapped to midpoint 20, 22-25 to 24, ..., age >=42 to 44; count-weighted mean.",/Users/tommasodesanto/Desktop/Projects/Fertility/Fertility_Spring26/output/model/e5f_matched_pf_20260909a/design_research/fertility_contract/fertility_target_contract.json#/nchs_source_cautions/sample and #/candidate_moments/2/definition,True,,25.976263860992496,national_count_not_probability_sample,"First-birth flow timing, not completed-cohort timing. Household maternal proxy; empirical under-18/over-45 tail collapse retained; raw builder residence and unknown-order comparability remain unresolved.",/Users/tommasodesanto/Desktop/Projects/Fertility/Fertility_Spring26/output/model/e5f_matched_pf_20260909a/initial_calibration_contract/lead_methodological_decision.json,2003–2006 annual temporal SD: chosen typical-year discrepancy scale for approximate stationary target; not sampling SE,frozen_lead_selected_working_minimum_distance_weight,0.0845673694617251,"{'active_weight': None, 'definition': 'Pooled national first-birth counts ages 12-49, 2003-2006; age <=21 mapped to midpoint 20, 22-25 to 24, ..., age >=42 to 44; count-weighted mean.', 'first_birth_count': 6611269, 'id': 'nchs_period_mean_age_first_birth_2003_2006', 'model_observer_status': 'dated_flow_primitive_available_scored_period_adapter_and_population_mapping_not_certified', 'production_active': False, 'reported_value': 25.976264, 'uncertainty': {'annual_2003_2006_sample_sd': 0.0845673694617251, 'conditional_multinomial_process_se': 0.002249891508714525, 'conditional_multinomial_qualification': 'Model-based process variation conditional on total first births; not a sampling SE and not adopted for SMM. Our mean-age delta-method extension is not a quoted NCHS formula.', 'note': 'annual SD is period variation, not a sampling SE', 'sampling_se': None, 'status': 'national_count_not_probability_sample', 'temporal_variation': {'annual_range': 0.18579015118294961, 'annual_sample_sd': 0.0845673694617251, 'maximum_leave_one_year_shift': 0.03969117381891607}}, 'value': 25.976263860992496}",,None in authoritative builder: reads age/order only. Do not label exact sample US-resident births without verification.,,,,,
coord_kappa_fert_continuation,13866.065434728798,False,"Pooled national first-birth counts ages 12-49, 2003-2006; exact maternal age >=30 divided by all first births in the pooled window.",/Users/tommasodesanto/Desktop/Projects/Fertility/Fertility_Spring26/code/data/nchs_natality_timing/build_first_birth_timing.R; /Users/tommasodesanto/Desktop/Projects/Fertility/Fertility_Spring26/output/model/e5f_matched_pf_20260909a/design_research/fertility_contract/verify_fertility_contract.py,/Users/tommasodesanto/Desktop/Projects/Fertility/Fertility_Spring26/output/model/e5f_matched_pf_20260909a/design_research/fertility_contract/fertility_target_contract.json,early_cps_nchs_fertility_certification_20260911_v2_not_activated,nchs_period_first_birth_share_age30plus_2003_2006,/Users/tommasodesanto/Desktop/Projects/Fertility/Fertility_Spring26/code/data/nchs_natality_timing/first_birth_counts_year_age.csv,,early_measurement,-0.01855883993470811,First births at age 30+,4.775896401505824,0.2307191731063586,True,7500113934a087897ac2fa346c7dca7ab2771db459ca799f6b4c301446eb04b0,fertility.uniform_birth_time.moments.period_share_first_births_age30plus,fertility.uniform_birth_time.moments.period_share_first_births_age30plus,,,,nchs_share30,proposed_scored_restriction,"US-named raw files; exact/decoded age12-49 and known live-birth order1; 2003 under15 recode mapped14; Pooled national first-birth counts ages 12-49, 2003-2006; exact maternal age >=30 divided by all first births in the pooled window.",/Users/tommasodesanto/Desktop/Projects/Fertility/Fertility_Spring26/output/model/e5f_matched_pf_20260909a/design_research/fertility_contract/fertility_target_contract.json#/nchs_source_cautions/sample and #/candidate_moments/3/definition,True,,0.2492780130410667,national_count_not_probability_sample,"First-birth flow timing, not completed-cohort timing. Household maternal proxy; empirical under-18/over-45 tail collapse retained; raw builder residence and unknown-order comparability remain unresolved.",/Users/tommasodesanto/Desktop/Projects/Fertility/Fertility_Spring26/output/model/e5f_matched_pf_20260909a/initial_calibration_contract/lead_methodological_decision.json,2003–2006 annual temporal SD: chosen typical-year discrepancy scale for approximate stationary target; not sampling SE,frozen_lead_selected_working_minimum_distance_weight,0.00849226186213262,"{'active_weight': None, 'definition': 'Pooled national first-birth counts ages 12-49, 2003-2006; exact maternal age >=30 divided by all first births in the pooled window.', 'first_birth_count': 6611269, 'id': 'nchs_period_first_birth_share_age30plus_2003_2006', 'model_observer_status': 'dated_flow_primitive_available_scored_period_adapter_and_population_mapping_not_certified', 'production_active': False, 'reported_value': 0.249278, 'uncertainty': {'annual_2003_2006_sample_sd': 0.00849226186213262, 'conditional_multinomial_process_se': 0.000168243827885977, 'conditional_multinomial_qualification': 'Model-based process variation conditional on total first births; not a sampling SE and not adopted for SMM. Our mean-age delta-method extension is not a quoted NCHS formula.', 'note': 'annual SD is period variation, not a sampling SE', 'sampling_se': None, 'status': 'national_count_not_probability_sample', 'temporal_variation': {'annual_range': 0.01924403073634498, 'annual_sample_sd': 0.00849226186213262, 'maximum_leave_one_year_shift': 0.0037096109032545843}}, 'value': 0.2492780130410667}",,None in authoritative builder: reads age/order only. Do not label exact sample US-resident births without verification.,,,,,
coord_kappa_fert_continuation,7.595098472533724,False,sum(IW*NETWORTHR)/sum_{age<=65}(IW*EARNINDRRC),/Users/tommasodesanto/Desktop/Projects/Fertility/Fertility_Spring26/output/model/e5f_matched_pf_20260909a/design_research/wealth/build_initial_wealth.R,/Users/tommasodesanto/Desktop/Projects/Fertility/Fertility_Spring26/output/model/e5f_matched_pf_20260909a/design_research/observer_contract/observer_contract.json,e5f_early_housing_wealth_observer_review_v2_20260911,psid_wealth_gross_earnings_2003_2005,/Users/tommasodesanto/Desktop/Projects/Fertility/Fertility_Spring26/output/model/e5f_matched_pf_20260909a/design_research/wealth/aggregate_wealth_results.csv,0.36285515343369,early_measurement,-1.2529125612542602,Wealth / annual gross labor earnings,11.92270876648696,4.89294883320317,True,7500113934a087897ac2fa346c7dca7ab2771db459ca799f6b4c301446eb04b0,housing_wealth.moments.aggregate_wealth_to_annual_gross_labor_earnings,housing_wealth.moments.aggregate_wealth_to_annual_gross_labor_earnings,,,7.595098472533724,wealth_earnings,proposed_scored_restriction,"PSID reference persons ages 18-85, relation_to_head=10, positive IW, finite NETWORTHR; working-age gross earnings required/nonnegative; 2003-2005; actual selected waves 2003 and 2005; 10,828 family-years/6,018 IDs in wealth, 9,265 family-years/5,215 IDs in earnings.",/Users/tommasodesanto/Desktop/Projects/Fertility/Fertility_Spring26/output/model/e5f_matched_pf_20260909a/design_research/observer_contract/observer_contract.json#/records/4/sample,True,,6.14586139445743,person bootstrap,National PSID household-income normalization; survey-wave stock/flow dates inherited RP/spouse household earnings is the intended labor-income concept. Missing within-wave wealth valuation versus earnings reference-year metadata remains a calendar certification limit; national household income normalization and selection on finite outcomes are maintained approximations.,/Users/tommasodesanto/Desktop/Projects/Fertility/Fertility_Spring26/output/model/e5f_matched_pf_20260909a/initial_calibration_contract/lead_methodological_decision.json,Recorded empirical bootstrap standard error under the retained estimator/sample,frozen_lead_selected_working_minimum_distance_weight,0.36285515343369,"{'adjustment': 'Observe the pre-announcement stationary state using coherent beginning-period g_asset; use actual pension-consistent parameters. Gross earnings formula and 18-65 cell coverage match the intended earnings concept; no automatic 2023 reuse.', 'builder': 'output/model/e5f_matched_pf_20260909a/design_research/wealth/build_initial_wealth.R (mirrors audit_aggregate_wealth_earnings_ratio.R)', 'candidate_diagonal_weight': 7.595098472533724, 'clustering': 'reference-person ID bootstrap', 'data_formula': 'sum(IW*NETWORTHR)/sum_{age<=65}(IW*EARNINDRRC)', 'date': 'PSID survey waves 2003 and 2005, not an audited same-calendar stock/flow date', 'estimate': 6.14586139445743, 'fixed_effects': 'none', 'geography': 'national PSID', 'id': 'psid_wealth_gross_earnings_2003_2005', 'mismatch': 'RP/spouse household earnings is the intended labor-income concept. Missing within-wave wealth valuation versus earnings reference-year metadata remains a calendar certification limit; national household income normalization and selection on finite outcomes are maintained approximations.', 'model_formula': 'sum_x g_asset(x)*(b+1_owner*p*H) / sum_{j<J_R} g_asset(x)*[P.income(i,j)*z/((1-tau_pay)*4)]. All living 18-85 wealth cells; 12 working cells cover 18-65. P.income is already a four-year flow after payroll tax.', 'production_eligible': False, 'role': 'initial_calibration_restriction', 'sample': 'PSID reference persons ages 18-85, relation_to_head=10, positive IW, finite NETWORTHR; working-age gross earnings required/nonnegative; 2003-2005; actual selected waves 2003 and 2005; 10,828 family-years/6,018 IDs in wealth, 9,265 family-years/5,215 IDs in earnings.', 'status': 'verified_empirical__model_formula_available', 'target_weight_status': 'candidate_inverse_variance_not_activated', 'uncertainty': {'reps': 999, 'se': 0.36285515343369, 'seed': 20260723, 'type': 'person bootstrap'}}",,,reference-person ID bootstrap,none,national PSID,,
coord_kappa_fert_continuation,5165289.256198346,False,annual bequest flow / aggregate wealth,No microdata builder; external literature normalization,/Users/tommasodesanto/Desktop/Projects/Fertility/Fertility_Spring26/output/model/e5f_matched_pf_20260909a/design_research/observer_contract/observer_contract.json,e5f_early_housing_wealth_observer_review_v2_20260911,external_annual_bequest_wealth,/Users/tommasodesanto/Desktop/Projects/Fertility/Fertility_Spring26/tmp/e5f_matched_pf/code/model/intergen_eqscale_seq_optimized/e5_target_provenance.csv,,early_measurement,-0.00021673126338569472,Annual bequests / aggregate wealth,0.24262624240061656,0.008583268736614306,True,7500113934a087897ac2fa346c7dca7ab2771db459ca799f6b4c301446eb04b0,housing_wealth.moments.annual_bequest_flow_to_aggregate_wealth,housing_wealth.moments.annual_bequest_flow_to_aggregate_wealth,,5165289.256198346,,bequest_wealth,proposed_scored_restriction,external restriction,/Users/tommasodesanto/Desktop/Projects/Fertility/Fertility_Spring26/output/model/e5f_matched_pf_20260909a/design_research/observer_contract/observer_contract.json#/records/6/sample,True,0.00044000000000000007,0.0088,inherited synthetic five-percent calibration scale; NOT a standard error,"External historical restriction; synthetic uncertainty; forced terminal deaths Borrowed historical annual aggregate flow is imperfectly matched to model mortality, nonnegative estates and forced terminal deaths; no initial PSID sample or empirical SE. Gale-Scholz/De Nardi-Yang provenance is inherited, not freshly reviewed literature.",/Users/tommasodesanto/Desktop/Projects/Fertility/Fertility_Spring26/output/model/e5f_matched_pf_20260909a/initial_calibration_contract/lead_methodological_decision.json,Inherited synthetic five-percent target scale; not empirical SE,frozen_lead_selected_working_minimum_distance_weight,0.00044000000000000007,"{'adjustment': 'Keep explicitly external or replace only with a separately identified bequest-block decision and Jacobian check.', 'builder': 'No project microdata builder; provenance ledger identifies Gale-Scholz historical normalization transmitted through De Nardi-Yang', 'candidate_diagonal_weight': 5165289.256198346, 'clustering': 'none', 'data_formula': 'annual bequest flow / aggregate wealth', 'date': 'not a measured initial window', 'estimate': 0.0088, 'fixed_effects': 'none', 'geography': 'not applicable', 'id': 'external_annual_bequest_wealth', 'mismatch': 'Borrowed historical annual aggregate flow is imperfectly matched to model mortality, nonnegative estates and forced terminal deaths; no initial PSID sample or empirical SE. Gale-Scholz/De Nardi-Yang provenance is inherited, not freshly reviewed literature.', 'model_formula': '[sum_x (1-survival_j)*g_current(x)*max(bp_pol(x)+1_owner*p*H,0)/4] / sum_x g_asset(x)*(b+1_owner*p*H). Terminal death probability forced to 1; earlier death probabilities from survival. Debt/transaction timing must remain coherent.', 'production_eligible': False, 'role': 'initial_calibration_restriction', 'sample': 'external restriction', 'status': 'externally_fixed__not_an_initial_microdata_observer', 'target_weight_status': 'approved_retained_external_normalization_with_inherited_synthetic_weight', 'uncertainty': {'empirical_se': None, 'scale': 0.00044000000000000007, 'type': 'inherited synthetic five-percent calibration scale; NOT a standard error'}}",,,none,none,not applicable,,
coord_kappa_fert_continuation,10.616361531535473,False,"Q_.90(NETWORTHR/INCFAMR)/Q_.50(NETWORTHR/INCFAMR), weighted",/Users/tommasodesanto/Desktop/Projects/Fertility/Fertility_Spring26/output/model/e5f_matched_pf_20260909a/design_research/wealth/build_initial_wealth.R,/Users/tommasodesanto/Desktop/Projects/Fertility/Fertility_Spring26/output/model/e5f_matched_pf_20260909a/design_research/observer_contract/observer_contract.json,e5f_early_housing_wealth_observer_review_v2_20260911,psid_old_wealth_dispersion_2003_2005,/Users/tommasodesanto/Desktop/Projects/Fertility/Fertility_Spring26/output/model/e5f_matched_pf_20260909a/design_research/wealth/old_wealth_results.csv,0.306910785103348,early_measurement,0.9836504693781283,"Old wealth/income p90 / median, ages 76–84",10.27205430499095,4.499585555896848,True,7500113934a087897ac2fa346c7dca7ab2771db459ca799f6b4c301446eb04b0,housing_wealth.moments.old_total_wealth_to_annual_income_p90_p50_7684,housing_wealth.moments.old_total_wealth_to_annual_income_p90_p50_7684,,,10.616361531535473,old_dispersion,proposed_scored_restriction,"Living PSID reference persons ages 76-84, relation_to_head=10, positive IW, completed children observed, INCFAMR>1000; p90/p50 of NETWORTHR/INCFAMR; 2003-2005; 644 valid family-years/416 IDs; bootstrap population 918 living reference IDs ages 65-84, before outcome/children filters.",/Users/tommasodesanto/Desktop/Projects/Fertility/Fertility_Spring26/output/model/e5f_matched_pf_20260909a/design_research/observer_contract/observer_contract.json#/records/5/sample,True,,3.51593508651872,person bootstrap,"Uniform within-age-cell overlap for ages 76--84 Modeled pension plus configured lump-sum income proxy; not PSID total family income Empirical $1000 real-income and observed-child-history filters are not reproduced At these retirement ages model denominator is pension income (including configured z scaling), while PSID INCFAMR also includes transfers, asset income and other family components. Exact $1000 cutoff is not applied (only income>0), and observed-completed-children selection has no model missingness counterpart. Full 78/82 cells do not cover exactly 76-84. Actual model property-tax lump-sum transfer is zero in this receipt; proxy uses the configured pension-plus-transfer concept.",/Users/tommasodesanto/Desktop/Projects/Fertility/Fertility_Spring26/output/model/e5f_matched_pf_20260909a/initial_calibration_contract/lead_methodological_decision.json,Recorded empirical bootstrap standard error under the retained estimator/sample,frozen_lead_selected_working_minimum_distance_weight,0.306910785103348,"{'adjustment': 'Pin annual-age selection for 76-84; confirm household income mapping and empirical $1000 real-income cutoff in normalized model units. Observe initial stationary state, not 2023. Model quantile is available but sample/income equality is not established.', 'builder': 'output/model/e5f_matched_pf_20260909a/design_research/wealth/build_initial_wealth.R (mirrors audit_intergen_bequest_family_size_targets.R)', 'candidate_diagonal_weight': 10.616361531535473, 'clustering': 'reference-person ID bootstrap', 'data_formula': 'Q_.90(NETWORTHR/INCFAMR)/Q_.50(NETWORTHR/INCFAMR), weighted', 'date': 'PSID survey waves 2003 and 2005', 'estimate': 3.51593508651872, 'fixed_effects': 'none', 'geography': 'national PSID', 'id': 'psid_old_wealth_dispersion_2003_2005', 'mismatch': 'At these retirement ages model denominator is pension income (including configured z scaling), while PSID INCFAMR also includes transfers, asset income and other family components. Exact $1000 cutoff is not applied (only income>0), and observed-completed-children selection has no model missingness counterpart. Full 78/82 cells do not cover exactly 76-84.', 'model_formula': 'Weighted p90/p50 of W/annual_gross_income_at_state using g_asset; annualization divides P income by 4, payroll gross-up only for workers. Existing old mask selects labels 78 and 82. Existing quantile algorithm matches R; no transaction wedge is subtracted from W.', 'production_eligible': False, 'role': 'initial_calibration_restriction', 'sample': 'Living PSID reference persons ages 76-84, relation_to_head=10, positive IW, completed children observed, INCFAMR>1000; p90/p50 of NETWORTHR/INCFAMR; 2003-2005; 644 valid family-years/416 IDs; bootstrap population 918 living reference IDs ages 65-84, before outcome/children filters.', 'status': 'empirical_verified__age_income_mapping_outstanding', 'target_weight_status': 'candidate_inverse_variance_not_activated', 'uncertainty': {'reps': 499, 'se': 0.306910785103348, 'seed': 20260715, 'type': 'person bootstrap'}}",,,reference-person ID bootstrap,none,national PSID,,
coord_kappa_fert_continuation,128.02070205233477,False,"sum(HHWT*min(ROOMS,9))/sum(HHWT)",/Users/tommasodesanto/Desktop/Projects/Fertility/Fertility_Spring26/output/model/e5f_matched_pf_20260909a/design_research/housing/inspect_early_housing.py; /Users/tommasodesanto/Desktop/Projects/Fertility/Fertility_Spring26/output/model/e5f_matched_pf_20260909a/design_research/housing/summarize_early_housing.py,/Users/tommasodesanto/Desktop/Projects/Fertility/Fertility_Spring26/output/model/e5f_matched_pf_20260909a/design_research/observer_contract/observer_contract.json,e5f_early_housing_wealth_observer_review_v2_20260911,acs_rooms_2005_2006,/Users/tommasodesanto/Desktop/Projects/Fertility/Fertility_Spring26/output/model/e5f_matched_pf_20260909a/design_research/housing/early_housing_target_candidates.csv,0.08838120078007809,early_measurement,0.863728759204859,"Mean occupied rooms, capped at 9",95.50694759077446,6.424826135323511,True,7500113934a087897ac2fa346c7dca7ab2771db459ca799f6b4c301446eb04b0,housing_wealth.moments.aggregate_mean_occupied_rooms_capped9_18_85,housing_wealth.moments.aggregate_mean_occupied_rooms_capped9_18_85,,,128.02070205233477,mean_rooms,proposed_scored_restriction,ACS household heads ages 18-85; occupied renter or owner; HHWT>0; 42 MET2013 cities; 2005-2006 pooled by summed HHWT numerator/denominator; inherits all common_acs_sample filters,/Users/tommasodesanto/Desktop/Projects/Fertility/Fertility_Spring26/output/model/e5f_matched_pf_20260909a/design_research/observer_contract/observer_contract.json#/records/0/sample,True,,5.561097376118652,42-metro bootstrap,"Uniform annual-age exposure and constant policies/distribution within each four-year cell National model versus 42-MET2013 housing sample Existing HistoricalMomentObserver is pinned to 2023 and old 12 rows. min(E[s|collapsed income],9) does not equal E[min(s,9)|income]; compute direct. The initial window and geographic approximation must be retained.",/Users/tommasodesanto/Desktop/Projects/Fertility/Fertility_Spring26/output/model/e5f_matched_pf_20260909a/initial_calibration_contract/lead_methodological_decision.json,Recorded empirical bootstrap standard error under the retained estimator/sample,frozen_lead_selected_working_minimum_distance_weight,0.08838120078007809,"{'adjustment': 'Use g_current and full hR_pol before income collapse; cap each renter/owner observation, then aggregate. All 17 current four-year age cells already span 18-85: validate geometry rather than invent an extra age restriction.', 'builder': 'output/model/e5f_matched_pf_20260909a/design_research/housing/inspect_early_housing.py; summarize_early_housing.py', 'candidate_diagonal_weight': 128.02070205233477, 'clustering': '42 MET2013 city bootstrap', 'data_formula': 'sum(HHWT*min(ROOMS,9))/sum(HHWT)', 'date': '2005-2006', 'estimate': 5.561097376118652, 'fixed_effects': 'none', 'geography': '42 MET2013 city codes; not admitted-PUMA footprint', 'id': 'acs_rooms_2005_2006', 'mismatch': 'Existing HistoricalMomentObserver is pinned to 2023 and old 12 rows. min(E[s|collapsed income],9) does not equal E[min(s,9)|income]; compute direct. The initial window and geographic approximation must be retained.', 'model_formula': 'Current extract_moments: aggregate_housing_demand/total_mass, all 17 age cells, uncapped. Proposed: weighted_mean(min(s,9)) on full g, observed at pre-announcement stationary solution.', 'production_eligible': False, 'role': 'initial_calibration_restriction', 'sample': 'ACS household heads ages 18-85; occupied renter or owner; HHWT>0; 42 MET2013 cities; 2005-2006 pooled by summed HHWT numerator/denominator; inherits all common_acs_sample filters', 'status': 'empirical_verified__cap_operator_needed', 'target_weight_status': 'candidate_inverse_variance_not_activated', 'uncertainty': {'reps': 1000, 'se': 0.08838120078007809, 'seed': 20260910, 'type': '42-metro bootstrap'}}",,,42 MET2013 city bootstrap,none,42 MET2013 city codes; not admitted-PUMA footprint,"{'filters': 'sample=year*100+1; GQ in {1,2}; PERNUM=1; RELATE=1; HHWT>0; 18<=AGE<=85; OWNERSHP in {1,2}; ROOMS>0; MET2013 in pinned 42-code list', 'fixed_effects': 'none', 'geography': 'Direct MET2013 membership in 42 cities; NOT old admitted-PUMA footprint. National fertility/PSID plus metro housing is an explicitly maintained geographic approximation.', 'owner': 'OWNERSHP=1', 'rooms': 'min(ROOMS,9) before any aggregation; pooled household-weighted numerators/denominators, not average yearly ratios', 'structures': 'UNITSSTR in 3:10 for all ownership rows, including both recent-parent comparison groups; no structure restriction for rooms rows', 'survey_waves': [2005, 2006], 'uncertainty': '1000 paired metro-resampling draws, seed 20260910, 42 clusters. Not ACS official survey-design or replicate-weight standard errors.', 'weights_status': 'Inverse marginal variance values below are candidate diagonal weights under the approved design, not a promoted target/weight fingerprint.'}",
coord_kappa_fert_continuation,2339.3623724673616,False,sum(HHWT*owner)/sum(HHWT),/Users/tommasodesanto/Desktop/Projects/Fertility/Fertility_Spring26/output/model/e5f_matched_pf_20260909a/design_research/housing/inspect_early_housing.py; /Users/tommasodesanto/Desktop/Projects/Fertility/Fertility_Spring26/output/model/e5f_matched_pf_20260909a/design_research/housing/summarize_early_housing.py,/Users/tommasodesanto/Desktop/Projects/Fertility/Fertility_Spring26/output/model/e5f_matched_pf_20260909a/design_research/observer_contract/observer_contract.json,e5f_early_housing_wealth_observer_review_v2_20260911,acs_ownership_30_55_2005_2006,/Users/tommasodesanto/Desktop/Projects/Fertility/Fertility_Spring26/output/model/e5f_matched_pf_20260909a/design_research/housing/early_housing_target_candidates.csv,0.020675272863460718,early_measurement,-0.10851724744146085,"Ownership, heads 30–55",27.548314904558676,0.5398167868776884,True,7500113934a087897ac2fa346c7dca7ab2771db459ca799f6b4c301446eb04b0,housing_wealth.moments.own_rate_30_55,housing_wealth.moments.own_rate_30_55,,,2339.3623724673616,ownership_30_55,proposed_scored_restriction,ACS heads ages 30-55; DUE structures UNITSSTR 3:10; HHWT>0; 42 MET2013 cities; 2005-2006; inherits all common_acs_sample filters,/Users/tommasodesanto/Desktop/Projects/Fertility/Fertility_Spring26/output/model/e5f_matched_pf_20260909a/design_research/observer_contract/observer_contract.json#/records/1/sample,True,,0.6483340343191493,42-metro bootstrap,Uniform annual-age exposure and constant policies/distribution within each four-year cell National model versus 42-MET2013 housing sample ACS DUE structure restriction is not represented by a model state Current nearest-index mask includes full 54-57 cell; no structure-type state allows exact UNITSSTR filtering. Neither issue is resolved by changing the row name.,/Users/tommasodesanto/Desktop/Projects/Fertility/Fertility_Spring26/output/model/e5f_matched_pf_20260909a/initial_calibration_contract/lead_methodological_decision.json,Recorded empirical bootstrap standard error under the retained estimator/sample,frozen_lead_selected_working_minimum_distance_weight,0.020675272863460718,"{'adjustment': 'Use owner indicator on full realized distribution with declared 30-55 age-exposure selector; pin the maintained DUE-to-model-product interpretation.', 'builder': 'output/model/e5f_matched_pf_20260909a/design_research/housing/inspect_early_housing.py; summarize_early_housing.py', 'candidate_diagonal_weight': 2339.3623724673616, 'clustering': '42 MET2013 city bootstrap', 'data_formula': 'sum(HHWT*owner)/sum(HHWT)', 'date': '2005-2006', 'estimate': 0.6483340343191493, 'fixed_effects': 'none', 'geography': '42 MET2013 cities; not admitted-PUMA footprint', 'id': 'acs_ownership_30_55_2005_2006', 'mismatch': 'Current nearest-index mask includes full 54-57 cell; no structure-type state allows exact UNITSSTR filtering. Neither issue is resolved by changing the row name.', 'model_formula': 'own_rate_3055=sum(g[owner tenures, ages 30:55])/sum(g[all tenures, ages 30:55])', 'production_eligible': False, 'role': 'initial_calibration_restriction', 'sample': 'ACS heads ages 30-55; DUE structures UNITSSTR 3:10; HHWT>0; 42 MET2013 cities; 2005-2006; inherits all common_acs_sample filters', 'status': 'empirical_verified__age_and_structure_mapping_outstanding', 'target_weight_status': 'candidate_inverse_variance_not_activated', 'uncertainty': {'reps': 1000, 'se': 0.020675272863460718, 'seed': 20260910, 'type': '42-metro bootstrap'}}",,,42 MET2013 city bootstrap,none,42 MET2013 cities; not admitted-PUMA footprint,"{'filters': 'sample=year*100+1; GQ in {1,2}; PERNUM=1; RELATE=1; HHWT>0; 18<=AGE<=85; OWNERSHP in {1,2}; ROOMS>0; MET2013 in pinned 42-code list', 'fixed_effects': 'none', 'geography': 'Direct MET2013 membership in 42 cities; NOT old admitted-PUMA footprint. National fertility/PSID plus metro housing is an explicitly maintained geographic approximation.', 'owner': 'OWNERSHP=1', 'rooms': 'min(ROOMS,9) before any aggregation; pooled household-weighted numerators/denominators, not average yearly ratios', 'structures': 'UNITSSTR in 3:10 for all ownership rows, including both recent-parent comparison groups; no structure restriction for rooms rows', 'survey_waves': [2005, 2006], 'uncertainty': '1000 paired metro-resampling draws, seed 20260910, 42 clusters. Not ACS official survey-design or replicate-weight standard errors.', 'weights_status': 'Inverse marginal variance values below are candidate diagonal weights under the approved design, not a promoted target/weight fingerprint.'}",
coord_kappa_fert_continuation,137.5652749002964,False,"beta(event=+3)-beta(event=-1), omitted event=-2; person/year FE, age/education controls, longitudinal IW",/Users/tommasodesanto/Desktop/Projects/Fertility/Fertility_Spring26/code/data/psid_followup_mar2026/sa_rooms_first_birth_household_aligned_v1.do,/Users/tommasodesanto/Desktop/Projects/Fertility/Fertility_Spring26/output/model/e5f_matched_pf_20260909a/design_research/observer_contract/observer_contract.json,e5f_early_housing_wealth_observer_review_v2_20260911,psid_sa_first_birth_rooms,/Users/tommasodesanto/Desktop/Projects/Fertility/Fertility_Spring26/code/data/psid_followup_mar2026/output/sa_rooms_first_birth_household_aligned_v1/target_receipt.csv,0.0852600513385958,early_measurement,0.26078441962200904,"First-birth room response, −1 to +3",9.35560985760753,0.9810306820035368,True,7500113934a087897ac2fa346c7dca7ab2771db459ca799f6b4c301446eb04b0,housing_wealth.moments.housing_increment_0to1,housing_wealth.moments.housing_increment_0to1,,,137.5652749002964,first_birth_rooms,proposed_scored_restriction,"Women age 18+, current reference/spouse, positive IW, single-FID dwelling, one woman per household-year; confirmed never-treated controls; 49,457 household-years, 4,112 persons",/Users/tommasodesanto/Desktop/Projects/Fertility/Fertility_Spring26/output/model/e5f_matched_pf_20260909a/design_research/observer_contract/observer_contract.json#/records/7/sample,True,,0.7202462623815278,"Sun-Abraham covariance contrast, clustered individual ID","Pooled PSID response applied to initial stationary economy under stability assumption Matched model risk-set weights differ from Sun-Abraham cohort/event weights; non-flat prepath caveat retained Applying the unchanged pooled contrast to initial stationary economy requires approved stability approximation. Model matched-risk weights differ from estimator cohort/event weights. Non-flat prepath and normalization dependence remain disclosed; September5 normalization check changed point to .730459 with identical fitted values, not a replacement target. Four-year approximation is not literal observed -1/+3 child ages. Keep PSID rooms uncapped; do not import ACS cap.",/Users/tommasodesanto/Desktop/Projects/Fertility/Fertility_Spring26/output/model/e5f_matched_pf_20260909a/initial_calibration_contract/lead_methodological_decision.json,Recorded empirical bootstrap standard error under the retained estimator/sample,frozen_lead_selected_working_minimum_distance_weight,0.0852600513385958,"{'adjustment': 'For an initial stationary observer call begin_dated_first_birth_housing_branch then finish_dated_first_birth_housing_branch with the stationary policy as BOTH dates; retain destination continuation births and no Census age bridge. Do NOT use first_birth_housing_response sequential legacy helper, which suppresses continuation births. Certify the same paired branch with mass/timing checks.', 'builder': 'code/data/psid_followup_mar2026/sa_rooms_first_birth_household_aligned_v1.do; finalize_first_birth_rooms_target_receipt.py', 'candidate_diagonal_weight': 137.5652749002964, 'clustering': 'selected woman stable ID; one household-year observation, primary analytic cluster covariance', 'data_formula': 'beta(event=+3)-beta(event=-1), omitted event=-2; person/year FE, age/education controls, longitudinal IW', 'date': 'Pooled PSID event-time -1 to +3; treated input observations 1970-2019, not an early-only regression', 'estimate': 0.7202462623815278, 'fixed_effects': 'person ID and survey year; age and education controls', 'geography': 'national PSID', 'id': 'psid_sa_first_birth_rooms', 'mismatch': 'Applying the unchanged pooled contrast to initial stationary economy requires approved stability approximation. Model matched-risk weights differ from estimator cohort/event weights. Non-flat prepath and normalization dependence remain disclosed; September5 normalization check changed point to .730459 with identical fitted values, not a replacement target. Four-year approximation is not literal observed -1/+3 child ages. Keep PSID rooms uncapped; do not import ACS cap.', 'model_formula': 'Select successful first births from initial g_pre; clone identical pre-birth states into treated n=1,m=1 and childless control. Advance both one period with origin policies/survival/income/maturation, then realize destination housing with destination policies. Treated may have continuation birth; control stays childless. Difference of destination uncapped rooms equals matched difference in changes.', 'production_eligible': False, 'role': 'initial_calibration_restriction', 'sample': 'Women age 18+, current reference/spouse, positive IW, single-FID dwelling, one woman per household-year; confirmed never-treated controls; 49,457 household-years, 4,112 persons', 'status': 'verified_empirical_contrast__provisional_structural_mapping', 'target_weight_status': 'candidate_inverse_variance_not_activated', 'uncertainty': {'reference_period': -2, 'se': 0.0852600513385958, 'type': 'Sun-Abraham covariance contrast, clustered individual ID', 'variance_formula': 'Var(beta_3)+Var(beta_-1)-2Cov(beta_3,beta_-1)'}}",,,"selected woman stable ID; one household-year observation, primary analytic cluster covariance",person ID and survey year; age and education controls,national PSID,,
coord_kappa_fert_continuation,280.52808370152104,False,"E[min(ROOMS,9)|NCHILD>=3,YNGCH<18]-E[min(ROOMS,9)|NCHILD=1-2,YNGCH<18]",/Users/tommasodesanto/Desktop/Projects/Fertility/Fertility_Spring26/output/model/e5f_matched_pf_20260909a/design_research/housing/inspect_early_housing.py; /Users/tommasodesanto/Desktop/Projects/Fertility/Fertility_Spring26/output/model/e5f_matched_pf_20260909a/design_research/housing/summarize_early_housing.py,/Users/tommasodesanto/Desktop/Projects/Fertility/Fertility_Spring26/output/model/e5f_matched_pf_20260909a/design_research/observer_contract/observer_contract.json,e5f_early_housing_wealth_observer_review_v2_20260911,acs_rooms_3plus_minus_1to2_2005_2006,/Users/tommasodesanto/Desktop/Projects/Fertility/Fertility_Spring26/output/model/e5f_matched_pf_20260909a/design_research/housing/early_housing_target_candidates.csv,0.059705154633000496,early_measurement,-0.17575594627277535,Rooms: 3+ versus 1–2 resident children (model dependent proxy),8.665555328218923,0.17131098552347535,True,7500113934a087897ac2fa346c7dca7ab2771db459ca799f6b4c301446eb04b0,housing_wealth.moments.prime30_55_model_dependent_3plus_minus_1to2_rooms_capped9,housing_wealth.moments.prime30_55_model_dependent_3plus_minus_1to2_rooms_capped9,,,280.52808370152104,family_rooms,proposed_scored_restriction,"ACS heads ages 30-55, YNGCH<18; NCHILD>=3 minus NCHILD=1-2; 42 MET2013 cities; 2005-2006; inherits all common_acs_sample filters",/Users/tommasodesanto/Desktop/Projects/Fertility/Fertility_Spring26/output/model/e5f_matched_pf_20260909a/design_research/observer_contract/observer_contract.json#/records/3/sample,True,,0.3470669317962507,42-metro bootstrap,"Uniform annual-age exposure and constant policies/distribution within each four-year cell National model versus 42-MET2013 housing sample Model dependent counts replace ACS resident own children with YNGCH<18 ACS NCHILD counts ALL resident own children while YNGCH<18 requires at least one minor. Example: ages 4,19,21 is empirical large family but may be one model dependent. m has no deterministic child-age bound under binomial maturation. Verifying independent_count is necessary but insufficient for exact ACS group equivalence.",/Users/tommasodesanto/Desktop/Projects/Fertility/Fertility_Spring26/output/model/e5f_matched_pf_20260909a/initial_calibration_contract/lead_methodological_decision.json,Recorded empirical bootstrap standard error under the retained estimator/sample,frozen_lead_selected_working_minimum_distance_weight,0.059705154633000496,"{'adjustment': 'Cap full income-resolved renter and owner rooms before any collapse. Runtime-assert child_state_mode=independent_count and child_bin_high_cutoff=3. Need explicit resident-child approximation or richer observation information before SMM certification.', 'builder': 'output/model/e5f_matched_pf_20260909a/design_research/housing/inspect_early_housing.py; summarize_early_housing.py', 'candidate_diagonal_weight': 280.52808370152104, 'clustering': '42 MET2013 city bootstrap', 'data_formula': 'E[min(ROOMS,9)|NCHILD>=3,YNGCH<18]-E[min(ROOMS,9)|NCHILD=1-2,YNGCH<18]', 'date': '2005-2006', 'estimate': 0.3470669317962507, 'fixed_effects': 'none', 'geography': '42 MET2013 cities; not admitted-PUMA footprint', 'id': 'acs_rooms_3plus_minus_1to2_2005_2006', 'mismatch': 'ACS NCHILD counts ALL resident own children while YNGCH<18 requires at least one minor. Example: ages 4,19,21 is empirical large family but may be one model dependent. m has no deterministic child-age bound under binomial maturation. Verifying independent_count is necessary but insufficient for exact ACS group equivalence.', 'model_formula': 'Current child_bin_high_cutoff=3 and independent_count use m=cs, subject to cs<=n: high group m>=3; low group 1<=m<=2. Existing moment is uncapped and uses current prime age mask. Proposed proxy: E[min(s,9)|m>=3]-E[min(s,9)|1<=m<=2], with declared age selector.', 'production_eligible': False, 'role': 'initial_calibration_restriction', 'sample': 'ACS heads ages 30-55, YNGCH<18; NCHILD>=3 minus NCHILD=1-2; 42 MET2013 cities; 2005-2006; inherits all common_acs_sample filters', 'status': 'empirical_verified__resident_child_mapping_outstanding', 'target_weight_status': 'candidate_inverse_variance_not_activated', 'uncertainty': {'reps': 1000, 'se': 0.059705154633000496, 'seed': 20260910, 'type': '42-metro bootstrap'}}",,,42 MET2013 city bootstrap,none,42 MET2013 cities; not admitted-PUMA footprint,"{'filters': 'sample=year*100+1; GQ in {1,2}; PERNUM=1; RELATE=1; HHWT>0; 18<=AGE<=85; OWNERSHP in {1,2}; ROOMS>0; MET2013 in pinned 42-code list', 'fixed_effects': 'none', 'geography': 'Direct MET2013 membership in 42 cities; NOT old admitted-PUMA footprint. National fertility/PSID plus metro housing is an explicitly maintained geographic approximation.', 'owner': 'OWNERSHP=1', 'rooms': 'min(ROOMS,9) before any aggregation; pooled household-weighted numerators/denominators, not average yearly ratios', 'structures': 'UNITSSTR in 3:10 for all ownership rows, including both recent-parent comparison groups; no structure restriction for rooms rows', 'survey_waves': [2005, 2006], 'uncertainty': '1000 paired metro-resampling draws, seed 20260910, 42 clusters. Not ACS official survey-design or replicate-weight standard errors.', 'weights_status': 'Inverse marginal variance values below are candidate diagonal weights under the approved design, not a promoted target/weight fingerprint.'}",
coord_kappa_fert_continuation,27055.822957508266,False,"Pr(owner|NCHILD>0,ELDCH<4)-Pr(owner|NCHILD=0)",/Users/tommasodesanto/Desktop/Projects/Fertility/Fertility_Spring26/output/model/e5f_matched_pf_20260909a/design_research/housing/inspect_early_housing.py; /Users/tommasodesanto/Desktop/Projects/Fertility/Fertility_Spring26/output/model/e5f_matched_pf_20260909a/design_research/housing/summarize_early_housing.py,/Users/tommasodesanto/Desktop/Projects/Fertility/Fertility_Spring26/output/model/e5f_matched_pf_20260909a/design_research/observer_contract/observer_contract.json,e5f_early_housing_wealth_observer_review_v2_20260911,acs_recent_parent_owner_gap_2005_2006,/Users/tommasodesanto/Desktop/Projects/Fertility/Fertility_Spring26/output/model/e5f_matched_pf_20260909a/design_research/housing/early_housing_target_candidates.csv,0.006079524679464666,recent_parent_observation,-0.01940000965371169,Recent-parent ownership gap,10.182739662427972,0.14349549950752116,True,7500113934a087897ac2fa346c7dca7ab2771db459ca799f6b4c301446eb04b0,ownership_current_birth_from_empty_dependent_home_minus_current_empty_home_30_55,model_value,,,27055.822957508266,recent_parent_ownership,proposed_scored_restriction,ACS heads ages 30-55; recent parent NCHILD>0 and ELDCH<4 minus NCHILD=0 controls; 42 MET2013 cities; 2005-2006; inherits all common_acs_sample filters; both groups also require UNITSSTR in 3:10,/Users/tommasodesanto/Desktop/Projects/Fertility/Fertility_Spring26/output/model/e5f_matched_pf_20260909a/design_research/observer_contract/observer_contract.json#/records/2/sample,True,,0.16289550916123285,42-metro bootstrap,"ELDCH is OLDEST resident own child: all resident own children must be under four. Model has no child ages or time since birth; independent binomial maturation has mean 18 years but no deterministic under-18 cutoff. ACS NCHILD=0 includes former parents with no own child resident, whereas model control is lifetime n=0. Adding m=0 controls would still conflate absent dependents with absent resident adult children. Unavailable: ACS oldest resident child under four and no-resident-child controls cannot be reconstructed from dependent counts and lifetime parity",/Users/tommasodesanto/Desktop/Projects/Fertility/Fertility_Spring26/output/model/e5f_matched_pf_20260909a/initial_calibration_contract/lead_methodological_decision.json,Recorded empirical bootstrap standard error under the retained estimator/sample,frozen_lead_selected_working_minimum_distance_weight,0.006079524679464666,"{'adjustment': 'Exact ACS recent-parent group and resident-child controls cannot be recovered from current count-only states. Do not substitute n=0 controls or all m>0 parents without an explicitly approved proxy contract; retain identifying row as blocked rather than silently dropping it.', 'builder': 'output/model/e5f_matched_pf_20260909a/design_research/housing/inspect_early_housing.py; summarize_early_housing.py', 'candidate_diagonal_weight': 27055.822957508266, 'clustering': '42 MET2013 city bootstrap', 'data_formula': 'Pr(owner|NCHILD>0,ELDCH<4)-Pr(owner|NCHILD=0)', 'date': '2005-2006', 'estimate': 0.16289550916123285, 'fixed_effects': 'none', 'geography': '42 MET2013 cities; not admitted-PUMA footprint', 'id': 'acs_recent_parent_owner_gap_2005_2006', 'mismatch': 'ELDCH is OLDEST resident own child: all resident own children must be under four. Model has no child ages or time since birth; independent binomial maturation has mean 18 years but no deterministic under-18 cutoff. ACS NCHILD=0 includes former parents with no own child resident, whereas model control is lifetime n=0. Adding m=0 controls would still conflate absent dependents with absent resident adult children.', 'model_formula': 'Under independent_count: Pr(owner | n>=1,m>0, current prime mask) - Pr(owner | n=0,childless readiness states,current prime mask). newparent_cs includes ALL positive dependent counts, with no recency condition.', 'production_eligible': False, 'role': 'initial_calibration_restriction', 'sample': 'ACS heads ages 30-55; recent parent NCHILD>0 and ELDCH<4 minus NCHILD=0 controls; 42 MET2013 cities; 2005-2006; inherits all common_acs_sample filters; both groups also require UNITSSTR in 3:10', 'status': 'verified_empirical__irreducible_group_mismatch', 'target_weight_status': 'candidate_inverse_variance_not_activated', 'uncertainty': {'reps': 1000, 'se': 0.006079524679464666, 'seed': 20260910, 'type': '42-metro bootstrap'}}",,,42 MET2013 city bootstrap,none,42 MET2013 cities; not admitted-PUMA footprint,"{'filters': 'sample=year*100+1; GQ in {1,2}; PERNUM=1; RELATE=1; HHWT>0; 18<=AGE<=85; OWNERSHP in {1,2}; ROOMS>0; MET2013 in pinned 42-code list', 'fixed_effects': 'none', 'geography': 'Direct MET2013 membership in 42 cities; NOT old admitted-PUMA footprint. National fertility/PSID plus metro housing is an explicitly maintained geographic approximation.', 'owner': 'OWNERSHP=1', 'rooms': 'min(ROOMS,9) before any aggregation; pooled household-weighted numerators/denominators, not average yearly ratios', 'structures': 'UNITSSTR in 3:10 for all ownership rows, including both recent-parent comparison groups; no structure restriction for rooms rows', 'survey_waves': [2005, 2006], 'uncertainty': '1000 paired metro-resampling draws, seed 20260910, 42 clusters. Not ACS official survey-design or replicate-weight standard errors.', 'weights_status': 'Inverse marginal variance values below are candidate diagonal weights under the approved design, not a promoted target/weight fingerprint.'}","{'age_projection': 'uniform_within_age_cell', 'approximation_id': 'early_2007_parenthood_md_working_v1__recent_parent_synchronized_proxy', 'decision_sha256': 'b1d399c290d257e56e008afb6d7b76ac1f69191685c8d9e89a4b0bfb06533c9a', 'decision_source': '/Users/tommasodesanto/Desktop/Projects/Fertility/Fertility_Spring26/output/model/e5f_matched_pf_20260909a/initial_calibration_contract/lead_methodological_decision.json', 'declaration': 'Synchronized post-fertility snapshot; uniform head-age overlap; model dependents proxy resident own children; actual current births from previously empty-dependent homes versus current empty homes inclformerparents. Not an exact annualACS interview reconstruction.', 'diagnostic_allow_residence_proxy': True, 'exact_acs': False, 'maintained': True, 'moment': 'ownership_current_birth_from_empty_dependent_home_minus_current_empty_home_30_55', 'observer_id': 'e5f_recent_parent_flow_diagnostic_v1', 'snapshot': 'synchronized_post_fertility_snapshot'}"
coord_theta0,,False,"Author-selected stationary model normalization, using maintained top-parity representative; not empirical female period TFR","Author-selected model normalization, not empirical estimation",/Users/tommasodesanto/Desktop/Projects/Fertility/Fertility_Spring26/output/model/e5f_matched_pf_20260909a/OVERNIGHT_PLAN.md,author_initial_model_fertility_2_1,author_2_1,/Users/tommasodesanto/Desktop/Projects/Fertility/Fertility_Spring26/output/model/e5f_matched_pf_20260909a/OVERNIGHT_PLAN.md,,normalization,8.152487898094307e-07,Initial model completed fertility,,2.10000081524879,True,52c24f84aa213bcd75fb25283866b1710c4fb3989779f7a3d8cb1ac7a6535f38,final.normalization.completed_fertility,completed_fertility,,,,initial_normalization,normalization_separate_from_scored_objective,"Author-selected stationary model normalization, using maintained top-parity representative; not empirical female period TFR","Author-selected model normalization, as explicitly recorded in the preserved target definition",False,,2.1,Author normalization; no empirical SE,Separate from CPS age-window stocks and actual birth/entry accounting.,/Users/tommasodesanto/Desktop/Projects/Fertility/Fertility_Spring26/output/model/e5f_matched_pf_20260909a/initial_calibration_contract/lead_methodological_decision.json,Separate exact normalization within tolerance5e-4,separate_unscored_normalization,,,,,,,,,
coord_theta0,35532.3042455214,False,Weighted P(FREVER=0) among pooled June 2004 and June 2006 women age 40-44 with valid FREVER 0-20 and positive FRSUPPWT.,/Users/tommasodesanto/Desktop/Projects/Fertility/Fertility_Spring26/output/model/e5f_matched_pf_20260909a/parameter_target_audit/fertility/extract_fertility_availability.py; /Users/tommasodesanto/Desktop/Projects/Fertility/Fertility_Spring26/output/model/e5f_matched_pf_20260909a/design_research/fertility_contract/verify_fertility_contract.py,/Users/tommasodesanto/Desktop/Projects/Fertility/Fertility_Spring26/output/model/e5f_matched_pf_20260909a/design_research/fertility_contract/fertility_target_contract.json,early_cps_nchs_fertility_certification_20260911_v2_not_activated,cps_childless_women_40_44_2004_2006,/Users/tommasodesanto/Desktop/Projects/Fertility/Fertility_Spring26/output/model/e5f_matched_pf_20260909a/parameter_target_audit/fertility/fertility_availability.json,,early_measurement,-0.0020170269467633395,"Childless women, ages 40–44",0.14455954500922286,0.1962617240600793,True,52c24f84aa213bcd75fb25283866b1710c4fb3989779f7a3d8cb1ac7a6535f38,fertility.uniform_birth_time.moments.childless_rate_40_44,fertility.uniform_birth_time.moments.childless_rate_40_44,,,,cps_childlessness,proposed_scored_restriction,"June, femaleSEX2,age40-44,FREVER0-20,FRSUPPWT>0;excludeFREVER999NIU; 2004+2006 pooled weighted records; Weighted P(FREVER=0) among pooled June 2004 and June 2006 women age 40-44 with valid FREVER 0-20 and positive FRSUPPWT.",/Users/tommasodesanto/Desktop/Projects/Fertility/Fertility_Spring26/output/model/e5f_matched_pf_20260909a/parameter_target_audit/fertility/fertility_availability.json#/sample and /Users/tommasodesanto/Desktop/Projects/Fertility/Fertility_Spring26/output/model/e5f_matched_pf_20260909a/design_research/fertility_contract/fertility_target_contract.json#/candidate_moments/0/definition,True,,0.19827875100684264,annual_generalized_variance_approximation_recovered_pooled_covariance_not_certified,Uniform birth-time parity interpolation is the main diagnostic; constant-post-cell sensitivity retained. Model household reproductive member is not certified female exposure; no empirical age reweighting.,/Users/tommasodesanto/Desktop/Projects/Fertility/Fertility_Spring26/output/model/e5f_matched_pf_20260909a/initial_calibration_contract/lead_methodological_decision.json,CPS official annual generalized-variance approximations pooled with fixed observed weights and correlation-one working convention; not design-exact pooled SE,frozen_lead_selected_working_minimum_distance_weight,0.005305035738317728,"{'active_weight': None, 'definition': 'Weighted P(FREVER=0) among pooled June 2004 and June 2006 women age 40-44 with valid FREVER 0-20 and positive FRSUPPWT.', 'id': 'cps_childless_women_40_44_2004_2006', 'model_observer_status': 'blocked_by_age_window_mapping', 'production_active': False, 'reported_value': 0.198279, 'sample_records': 10872, 'uncertainty': {'annual_official_approximate_sampling_gvf_se': {'2004': {'approximate_gvf_se': 0.0052157901461549385, 'b_parameter': 2016, 'denominator_population_units': 11534656.9936, 'value': 0.1928386121957651}, '2006': {'approximate_gvf_se': 0.005396662766690418, 'b_parameter': 2016, 'denominator_population_units': 11234864.9964, 'value': 0.20386405489820397}}, 'pooled_candidates': {'annual': {'2004': {'approximate_gvf_se': 0.0052157901461549385, 'b_parameter': 2016, 'denominator_population_units': 11534656.9936, 'value': 0.1928386121957651}, '2006': {'approximate_gvf_se': 0.005396662766690418, 'b_parameter': 2016, 'denominator_population_units': 11234864.9964, 'value': 0.20386405489820397}}, 'base_share_2004': 0.5065831860091674, 'pooled_fixed_bases_max_positive_correlation_se': 0.005305035738317728, 'pooled_fixed_bases_zero_crossyear_covariance_se': 0.0037512549510131253, 'qualification': 'Annual official generalized-variance approximation. Pooled candidates condition on observed base shares; cross-year covariance and random conditional-mother bases are not certified. Neither scale is adopted.'}, 'sampling_se': None, 'status': 'annual_generalized_variance_approximation_recovered_pooled_covariance_not_certified'}, 'value': 0.19827875100684264, 'weighted_denominator': 22769521.989999805}",IPUMS fertility supplement FRSUPPWT divided10000 as supplied loader; official Census supplement weight crosswalk not independently certified,,,,,,
coord_theta0,26952.820824310795,False,Weighted P(FREVER=1 | FREVER>=1) in the same pooled CPS sample.,/Users/tommasodesanto/Desktop/Projects/Fertility/Fertility_Spring26/output/model/e5f_matched_pf_20260909a/parameter_target_audit/fertility/extract_fertility_availability.py; /Users/tommasodesanto/Desktop/Projects/Fertility/Fertility_Spring26/output/model/e5f_matched_pf_20260909a/design_research/fertility_contract/verify_fertility_contract.py,/Users/tommasodesanto/Desktop/Projects/Fertility/Fertility_Spring26/output/model/e5f_matched_pf_20260909a/design_research/fertility_contract/fertility_target_contract.json,early_cps_nchs_fertility_certification_20260911_v2_not_activated,cps_exactly_one_among_mothers_40_44_2004_2006,/Users/tommasodesanto/Desktop/Projects/Fertility/Fertility_Spring26/output/model/e5f_matched_pf_20260909a/parameter_target_audit/fertility/fertility_availability.json,,early_measurement,0.002780405247692408,"Exactly one child among mothers, ages 40–44",0.20836291436549195,0.21643573046783943,True,52c24f84aa213bcd75fb25283866b1710c4fb3989779f7a3d8cb1ac7a6535f38,fertility.uniform_birth_time.moments.exactly_one_among_mothers_40_44,fertility.uniform_birth_time.moments.exactly_one_among_mothers_40_44,,,,cps_exactly_one,proposed_scored_restriction,"June, femaleSEX2,age40-44,FREVER0-20,FRSUPPWT>0;excludeFREVER999NIU; 2004+2006 pooled weighted records; Weighted P(FREVER=1 | FREVER>=1) in the same pooled CPS sample.",/Users/tommasodesanto/Desktop/Projects/Fertility/Fertility_Spring26/output/model/e5f_matched_pf_20260909a/parameter_target_audit/fertility/fertility_availability.json#/sample and /Users/tommasodesanto/Desktop/Projects/Fertility/Fertility_Spring26/output/model/e5f_matched_pf_20260909a/design_research/fertility_contract/fertility_target_contract.json#/candidate_moments/1/definition,True,,0.21365532522014702,annual_generalized_variance_approximation_recovered_pooled_covariance_not_certified,Uniform birth-time parity interpolation is the main diagnostic; constant-post-cell sensitivity retained. Model household reproductive member is not certified female exposure; no empirical age reweighting.,/Users/tommasodesanto/Desktop/Projects/Fertility/Fertility_Spring26/output/model/e5f_matched_pf_20260909a/initial_calibration_contract/lead_methodological_decision.json,CPS official annual generalized-variance approximations pooled with fixed observed weights and correlation-one working convention; not design-exact pooled SE,frozen_lead_selected_working_minimum_distance_weight,0.0060911302714076404,"{'active_weight': None, 'definition': 'Weighted P(FREVER=1 | FREVER>=1) in the same pooled CPS sample.', 'id': 'cps_exactly_one_among_mothers_40_44_2004_2006', 'model_observer_status': 'blocked_by_age_window_mapping; literal parity-one conditional-on-parenthood stock, not a continuation hazard', 'production_active': False, 'reported_value': 0.213655, 'uncertainty': {'annual_official_approximate_sampling_gvf_se': {'2004': {'approximate_gvf_se': 0.006046407789789988, 'b_parameter': 2016, 'denominator_population_units': 9310329.7468, 'value': 0.21511000477596962}, '2006': {'approximate_gvf_se': 0.006137682005815865, 'b_parameter': 2016, 'denominator_population_units': 8944479.862, 'value': 0.21214114591071567}}, 'pooled_candidates': {'annual': {'2004': {'approximate_gvf_se': 0.006046407789789988, 'b_parameter': 2016, 'denominator_population_units': 9310329.7468, 'value': 0.21511000477596962}, '2006': {'approximate_gvf_se': 0.006137682005815865, 'b_parameter': 2016, 'denominator_population_units': 8944479.862, 'value': 0.21214114591071567}}, 'base_share_2004': 0.5100206436725485, 'pooled_fixed_bases_max_positive_correlation_se': 0.0060911302714076404, 'pooled_fixed_bases_zero_crossyear_covariance_se': 0.004307418797745566, 'qualification': 'Annual official generalized-variance approximation. Pooled candidates condition on observed base shares; cross-year covariance and random conditional-mother bases are not certified. Neither scale is adopted.'}, 'sampling_se': None, 'status': 'annual_generalized_variance_approximation_recovered_pooled_covariance_not_certified'}, 'value': 0.21365532522014702, 'weighted_mother_denominator': 18254809.608799897, 'weighted_numerator': 3900237.283800007}",IPUMS fertility supplement FRSUPPWT divided10000 as supplied loader; official Census supplement weight crosswalk not independently certified,,,,,,
coord_theta0,139.82806784479274,False,"Pooled national first-birth counts ages 12-49, 2003-2006; age <=21 mapped to midpoint 20, 22-25 to 24, ..., age >=42 to 44; count-weighted mean.",/Users/tommasodesanto/Desktop/Projects/Fertility/Fertility_Spring26/code/data/nchs_natality_timing/build_first_birth_timing.R; /Users/tommasodesanto/Desktop/Projects/Fertility/Fertility_Spring26/output/model/e5f_matched_pf_20260909a/design_research/fertility_contract/verify_fertility_contract.py,/Users/tommasodesanto/Desktop/Projects/Fertility/Fertility_Spring26/output/model/e5f_matched_pf_20260909a/design_research/fertility_contract/fertility_target_contract.json,early_cps_nchs_fertility_certification_20260911_v2_not_activated,nchs_period_mean_age_first_birth_2003_2006,/Users/tommasodesanto/Desktop/Projects/Fertility/Fertility_Spring26/code/data/nchs_natality_timing/first_birth_counts_year_age.csv,,early_measurement,0.11897173994965371,Period mean first-birth age,1.979164911940628,26.09523560094215,True,52c24f84aa213bcd75fb25283866b1710c4fb3989779f7a3d8cb1ac7a6535f38,fertility.uniform_birth_time.moments.period_mean_age_first_birth,fertility.uniform_birth_time.moments.period_mean_age_first_birth,,,,nchs_mean_age,proposed_scored_restriction,"US-named raw files; exact/decoded age12-49 and known live-birth order1; 2003 under15 recode mapped14; Pooled national first-birth counts ages 12-49, 2003-2006; age <=21 mapped to midpoint 20, 22-25 to 24, ..., age >=42 to 44; count-weighted mean.",/Users/tommasodesanto/Desktop/Projects/Fertility/Fertility_Spring26/output/model/e5f_matched_pf_20260909a/design_research/fertility_contract/fertility_target_contract.json#/nchs_source_cautions/sample and #/candidate_moments/2/definition,True,,25.976263860992496,national_count_not_probability_sample,"First-birth flow timing, not completed-cohort timing. Household maternal proxy; empirical under-18/over-45 tail collapse retained; raw builder residence and unknown-order comparability remain unresolved.",/Users/tommasodesanto/Desktop/Projects/Fertility/Fertility_Spring26/output/model/e5f_matched_pf_20260909a/initial_calibration_contract/lead_methodological_decision.json,2003–2006 annual temporal SD: chosen typical-year discrepancy scale for approximate stationary target; not sampling SE,frozen_lead_selected_working_minimum_distance_weight,0.0845673694617251,"{'active_weight': None, 'definition': 'Pooled national first-birth counts ages 12-49, 2003-2006; age <=21 mapped to midpoint 20, 22-25 to 24, ..., age >=42 to 44; count-weighted mean.', 'first_birth_count': 6611269, 'id': 'nchs_period_mean_age_first_birth_2003_2006', 'model_observer_status': 'dated_flow_primitive_available_scored_period_adapter_and_population_mapping_not_certified', 'production_active': False, 'reported_value': 25.976264, 'uncertainty': {'annual_2003_2006_sample_sd': 0.0845673694617251, 'conditional_multinomial_process_se': 0.002249891508714525, 'conditional_multinomial_qualification': 'Model-based process variation conditional on total first births; not a sampling SE and not adopted for SMM. Our mean-age delta-method extension is not a quoted NCHS formula.', 'note': 'annual SD is period variation, not a sampling SE', 'sampling_se': None, 'status': 'national_count_not_probability_sample', 'temporal_variation': {'annual_range': 0.18579015118294961, 'annual_sample_sd': 0.0845673694617251, 'maximum_leave_one_year_shift': 0.03969117381891607}}, 'value': 25.976263860992496}",,None in authoritative builder: reads age/order only. Do not label exact sample US-resident births without verification.,,,,,
coord_theta0,13866.065434728798,False,"Pooled national first-birth counts ages 12-49, 2003-2006; exact maternal age >=30 divided by all first births in the pooled window.",/Users/tommasodesanto/Desktop/Projects/Fertility/Fertility_Spring26/code/data/nchs_natality_timing/build_first_birth_timing.R; /Users/tommasodesanto/Desktop/Projects/Fertility/Fertility_Spring26/output/model/e5f_matched_pf_20260909a/design_research/fertility_contract/verify_fertility_contract.py,/Users/tommasodesanto/Desktop/Projects/Fertility/Fertility_Spring26/output/model/e5f_matched_pf_20260909a/design_research/fertility_contract/fertility_target_contract.json,early_cps_nchs_fertility_certification_20260911_v2_not_activated,nchs_period_first_birth_share_age30plus_2003_2006,/Users/tommasodesanto/Desktop/Projects/Fertility/Fertility_Spring26/code/data/nchs_natality_timing/first_birth_counts_year_age.csv,,early_measurement,-0.017123532382521178,First births at age 30+,4.065743385632959,0.23215448065854552,True,52c24f84aa213bcd75fb25283866b1710c4fb3989779f7a3d8cb1ac7a6535f38,fertility.uniform_birth_time.moments.period_share_first_births_age30plus,fertility.uniform_birth_time.moments.period_share_first_births_age30plus,,,,nchs_share30,proposed_scored_restriction,"US-named raw files; exact/decoded age12-49 and known live-birth order1; 2003 under15 recode mapped14; Pooled national first-birth counts ages 12-49, 2003-2006; exact maternal age >=30 divided by all first births in the pooled window.",/Users/tommasodesanto/Desktop/Projects/Fertility/Fertility_Spring26/output/model/e5f_matched_pf_20260909a/design_research/fertility_contract/fertility_target_contract.json#/nchs_source_cautions/sample and #/candidate_moments/3/definition,True,,0.2492780130410667,national_count_not_probability_sample,"First-birth flow timing, not completed-cohort timing. Household maternal proxy; empirical under-18/over-45 tail collapse retained; raw builder residence and unknown-order comparability remain unresolved.",/Users/tommasodesanto/Desktop/Projects/Fertility/Fertility_Spring26/output/model/e5f_matched_pf_20260909a/initial_calibration_contract/lead_methodological_decision.json,2003–2006 annual temporal SD: chosen typical-year discrepancy scale for approximate stationary target; not sampling SE,frozen_lead_selected_working_minimum_distance_weight,0.00849226186213262,"{'active_weight': None, 'definition': 'Pooled national first-birth counts ages 12-49, 2003-2006; exact maternal age >=30 divided by all first births in the pooled window.', 'first_birth_count': 6611269, 'id': 'nchs_period_first_birth_share_age30plus_2003_2006', 'model_observer_status': 'dated_flow_primitive_available_scored_period_adapter_and_population_mapping_not_certified', 'production_active': False, 'reported_value': 0.249278, 'uncertainty': {'annual_2003_2006_sample_sd': 0.00849226186213262, 'conditional_multinomial_process_se': 0.000168243827885977, 'conditional_multinomial_qualification': 'Model-based process variation conditional on total first births; not a sampling SE and not adopted for SMM. Our mean-age delta-method extension is not a quoted NCHS formula.', 'note': 'annual SD is period variation, not a sampling SE', 'sampling_se': None, 'status': 'national_count_not_probability_sample', 'temporal_variation': {'annual_range': 0.01924403073634498, 'annual_sample_sd': 0.00849226186213262, 'maximum_leave_one_year_shift': 0.0037096109032545843}}, 'value': 0.2492780130410667}",,None in authoritative builder: reads age/order only. Do not label exact sample US-resident births without verification.,,,,,
coord_theta0,7.595098472533724,False,sum(IW*NETWORTHR)/sum_{age<=65}(IW*EARNINDRRC),/Users/tommasodesanto/Desktop/Projects/Fertility/Fertility_Spring26/output/model/e5f_matched_pf_20260909a/design_research/wealth/build_initial_wealth.R,/Users/tommasodesanto/Desktop/Projects/Fertility/Fertility_Spring26/output/model/e5f_matched_pf_20260909a/design_research/observer_contract/observer_contract.json,e5f_early_housing_wealth_observer_review_v2_20260911,psid_wealth_gross_earnings_2003_2005,/Users/tommasodesanto/Desktop/Projects/Fertility/Fertility_Spring26/output/model/e5f_matched_pf_20260909a/design_research/wealth/aggregate_wealth_results.csv,0.36285515343369,early_measurement,-1.2511718239908323,Wealth / annual gross labor earnings,11.889602089213565,4.894689570466598,True,52c24f84aa213bcd75fb25283866b1710c4fb3989779f7a3d8cb1ac7a6535f38,housing_wealth.moments.aggregate_wealth_to_annual_gross_labor_earnings,housing_wealth.moments.aggregate_wealth_to_annual_gross_labor_earnings,,,7.595098472533724,wealth_earnings,proposed_scored_restriction,"PSID reference persons ages 18-85, relation_to_head=10, positive IW, finite NETWORTHR; working-age gross earnings required/nonnegative; 2003-2005; actual selected waves 2003 and 2005; 10,828 family-years/6,018 IDs in wealth, 9,265 family-years/5,215 IDs in earnings.",/Users/tommasodesanto/Desktop/Projects/Fertility/Fertility_Spring26/output/model/e5f_matched_pf_20260909a/design_research/observer_contract/observer_contract.json#/records/4/sample,True,,6.14586139445743,person bootstrap,National PSID household-income normalization; survey-wave stock/flow dates inherited RP/spouse household earnings is the intended labor-income concept. Missing within-wave wealth valuation versus earnings reference-year metadata remains a calendar certification limit; national household income normalization and selection on finite outcomes are maintained approximations.,/Users/tommasodesanto/Desktop/Projects/Fertility/Fertility_Spring26/output/model/e5f_matched_pf_20260909a/initial_calibration_contract/lead_methodological_decision.json,Recorded empirical bootstrap standard error under the retained estimator/sample,frozen_lead_selected_working_minimum_distance_weight,0.36285515343369,"{'adjustment': 'Observe the pre-announcement stationary state using coherent beginning-period g_asset; use actual pension-consistent parameters. Gross earnings formula and 18-65 cell coverage match the intended earnings concept; no automatic 2023 reuse.', 'builder': 'output/model/e5f_matched_pf_20260909a/design_research/wealth/build_initial_wealth.R (mirrors audit_aggregate_wealth_earnings_ratio.R)', 'candidate_diagonal_weight': 7.595098472533724, 'clustering': 'reference-person ID bootstrap', 'data_formula': 'sum(IW*NETWORTHR)/sum_{age<=65}(IW*EARNINDRRC)', 'date': 'PSID survey waves 2003 and 2005, not an audited same-calendar stock/flow date', 'estimate': 6.14586139445743, 'fixed_effects': 'none', 'geography': 'national PSID', 'id': 'psid_wealth_gross_earnings_2003_2005', 'mismatch': 'RP/spouse household earnings is the intended labor-income concept. Missing within-wave wealth valuation versus earnings reference-year metadata remains a calendar certification limit; national household income normalization and selection on finite outcomes are maintained approximations.', 'model_formula': 'sum_x g_asset(x)*(b+1_owner*p*H) / sum_{j<J_R} g_asset(x)*[P.income(i,j)*z/((1-tau_pay)*4)]. All living 18-85 wealth cells; 12 working cells cover 18-65. P.income is already a four-year flow after payroll tax.', 'production_eligible': False, 'role': 'initial_calibration_restriction', 'sample': 'PSID reference persons ages 18-85, relation_to_head=10, positive IW, finite NETWORTHR; working-age gross earnings required/nonnegative; 2003-2005; actual selected waves 2003 and 2005; 10,828 family-years/6,018 IDs in wealth, 9,265 family-years/5,215 IDs in earnings.', 'status': 'verified_empirical__model_formula_available', 'target_weight_status': 'candidate_inverse_variance_not_activated', 'uncertainty': {'reps': 999, 'se': 0.36285515343369, 'seed': 20260723, 'type': 'person bootstrap'}}",,,reference-person ID bootstrap,none,national PSID,,
coord_theta0,5165289.256198346,False,annual bequest flow / aggregate wealth,No microdata builder; external literature normalization,/Users/tommasodesanto/Desktop/Projects/Fertility/Fertility_Spring26/output/model/e5f_matched_pf_20260909a/design_research/observer_contract/observer_contract.json,e5f_early_housing_wealth_observer_review_v2_20260911,external_annual_bequest_wealth,/Users/tommasodesanto/Desktop/Projects/Fertility/Fertility_Spring26/tmp/e5f_matched_pf/code/model/intergen_eqscale_seq_optimized/e5_target_provenance.csv,,early_measurement,-0.0002098579626222622,Annual bequests / aggregate wealth,0.22748122146677063,0.008590142037377738,True,52c24f84aa213bcd75fb25283866b1710c4fb3989779f7a3d8cb1ac7a6535f38,housing_wealth.moments.annual_bequest_flow_to_aggregate_wealth,housing_wealth.moments.annual_bequest_flow_to_aggregate_wealth,,5165289.256198346,,bequest_wealth,proposed_scored_restriction,external restriction,/Users/tommasodesanto/Desktop/Projects/Fertility/Fertility_Spring26/output/model/e5f_matched_pf_20260909a/design_research/observer_contract/observer_contract.json#/records/6/sample,True,0.00044000000000000007,0.0088,inherited synthetic five-percent calibration scale; NOT a standard error,"External historical restriction; synthetic uncertainty; forced terminal deaths Borrowed historical annual aggregate flow is imperfectly matched to model mortality, nonnegative estates and forced terminal deaths; no initial PSID sample or empirical SE. Gale-Scholz/De Nardi-Yang provenance is inherited, not freshly reviewed literature.",/Users/tommasodesanto/Desktop/Projects/Fertility/Fertility_Spring26/output/model/e5f_matched_pf_20260909a/initial_calibration_contract/lead_methodological_decision.json,Inherited synthetic five-percent target scale; not empirical SE,frozen_lead_selected_working_minimum_distance_weight,0.00044000000000000007,"{'adjustment': 'Keep explicitly external or replace only with a separately identified bequest-block decision and Jacobian check.', 'builder': 'No project microdata builder; provenance ledger identifies Gale-Scholz historical normalization transmitted through De Nardi-Yang', 'candidate_diagonal_weight': 5165289.256198346, 'clustering': 'none', 'data_formula': 'annual bequest flow / aggregate wealth', 'date': 'not a measured initial window', 'estimate': 0.0088, 'fixed_effects': 'none', 'geography': 'not applicable', 'id': 'external_annual_bequest_wealth', 'mismatch': 'Borrowed historical annual aggregate flow is imperfectly matched to model mortality, nonnegative estates and forced terminal deaths; no initial PSID sample or empirical SE. Gale-Scholz/De Nardi-Yang provenance is inherited, not freshly reviewed literature.', 'model_formula': '[sum_x (1-survival_j)*g_current(x)*max(bp_pol(x)+1_owner*p*H,0)/4] / sum_x g_asset(x)*(b+1_owner*p*H). Terminal death probability forced to 1; earlier death probabilities from survival. Debt/transaction timing must remain coherent.', 'production_eligible': False, 'role': 'initial_calibration_restriction', 'sample': 'external restriction', 'status': 'externally_fixed__not_an_initial_microdata_observer', 'target_weight_status': 'approved_retained_external_normalization_with_inherited_synthetic_weight', 'uncertainty': {'empirical_se': None, 'scale': 0.00044000000000000007, 'type': 'inherited synthetic five-percent calibration scale; NOT a standard error'}}",,,none,none,not applicable,,
coord_theta0,10.616361531535473,False,"Q_.90(NETWORTHR/INCFAMR)/Q_.50(NETWORTHR/INCFAMR), weighted",/Users/tommasodesanto/Desktop/Projects/Fertility/Fertility_Spring26/output/model/e5f_matched_pf_20260909a/design_research/wealth/build_initial_wealth.R,/Users/tommasodesanto/Desktop/Projects/Fertility/Fertility_Spring26/output/model/e5f_matched_pf_20260909a/design_research/observer_contract/observer_contract.json,e5f_early_housing_wealth_observer_review_v2_20260911,psid_old_wealth_dispersion_2003_2005,/Users/tommasodesanto/Desktop/Projects/Fertility/Fertility_Spring26/output/model/e5f_matched_pf_20260909a/design_research/wealth/old_wealth_results.csv,0.306910785103348,early_measurement,0.983000153734471,"Old wealth/income p90 / median, ages 76–84",10.258476576656156,4.498935240253191,True,52c24f84aa213bcd75fb25283866b1710c4fb3989779f7a3d8cb1ac7a6535f38,housing_wealth.moments.old_total_wealth_to_annual_income_p90_p50_7684,housing_wealth.moments.old_total_wealth_to_annual_income_p90_p50_7684,,,10.616361531535473,old_dispersion,proposed_scored_restriction,"Living PSID reference persons ages 76-84, relation_to_head=10, positive IW, completed children observed, INCFAMR>1000; p90/p50 of NETWORTHR/INCFAMR; 2003-2005; 644 valid family-years/416 IDs; bootstrap population 918 living reference IDs ages 65-84, before outcome/children filters.",/Users/tommasodesanto/Desktop/Projects/Fertility/Fertility_Spring26/output/model/e5f_matched_pf_20260909a/design_research/observer_contract/observer_contract.json#/records/5/sample,True,,3.51593508651872,person bootstrap,"Uniform within-age-cell overlap for ages 76--84 Modeled pension plus configured lump-sum income proxy; not PSID total family income Empirical $1000 real-income and observed-child-history filters are not reproduced At these retirement ages model denominator is pension income (including configured z scaling), while PSID INCFAMR also includes transfers, asset income and other family components. Exact $1000 cutoff is not applied (only income>0), and observed-completed-children selection has no model missingness counterpart. Full 78/82 cells do not cover exactly 76-84. Actual model property-tax lump-sum transfer is zero in this receipt; proxy uses the configured pension-plus-transfer concept.",/Users/tommasodesanto/Desktop/Projects/Fertility/Fertility_Spring26/output/model/e5f_matched_pf_20260909a/initial_calibration_contract/lead_methodological_decision.json,Recorded empirical bootstrap standard error under the retained estimator/sample,frozen_lead_selected_working_minimum_distance_weight,0.306910785103348,"{'adjustment': 'Pin annual-age selection for 76-84; confirm household income mapping and empirical $1000 real-income cutoff in normalized model units. Observe initial stationary state, not 2023. Model quantile is available but sample/income equality is not established.', 'builder': 'output/model/e5f_matched_pf_20260909a/design_research/wealth/build_initial_wealth.R (mirrors audit_intergen_bequest_family_size_targets.R)', 'candidate_diagonal_weight': 10.616361531535473, 'clustering': 'reference-person ID bootstrap', 'data_formula': 'Q_.90(NETWORTHR/INCFAMR)/Q_.50(NETWORTHR/INCFAMR), weighted', 'date': 'PSID survey waves 2003 and 2005', 'estimate': 3.51593508651872, 'fixed_effects': 'none', 'geography': 'national PSID', 'id': 'psid_old_wealth_dispersion_2003_2005', 'mismatch': 'At these retirement ages model denominator is pension income (including configured z scaling), while PSID INCFAMR also includes transfers, asset income and other family components. Exact $1000 cutoff is not applied (only income>0), and observed-completed-children selection has no model missingness counterpart. Full 78/82 cells do not cover exactly 76-84.', 'model_formula': 'Weighted p90/p50 of W/annual_gross_income_at_state using g_asset; annualization divides P income by 4, payroll gross-up only for workers. Existing old mask selects labels 78 and 82. Existing quantile algorithm matches R; no transaction wedge is subtracted from W.', 'production_eligible': False, 'role': 'initial_calibration_restriction', 'sample': 'Living PSID reference persons ages 76-84, relation_to_head=10, positive IW, completed children observed, INCFAMR>1000; p90/p50 of NETWORTHR/INCFAMR; 2003-2005; 644 valid family-years/416 IDs; bootstrap population 918 living reference IDs ages 65-84, before outcome/children filters.', 'status': 'empirical_verified__age_income_mapping_outstanding', 'target_weight_status': 'candidate_inverse_variance_not_activated', 'uncertainty': {'reps': 499, 'se': 0.306910785103348, 'seed': 20260715, 'type': 'person bootstrap'}}",,,reference-person ID bootstrap,none,national PSID,,
coord_theta0,128.02070205233477,False,"sum(HHWT*min(ROOMS,9))/sum(HHWT)",/Users/tommasodesanto/Desktop/Projects/Fertility/Fertility_Spring26/output/model/e5f_matched_pf_20260909a/design_research/housing/inspect_early_housing.py; /Users/tommasodesanto/Desktop/Projects/Fertility/Fertility_Spring26/output/model/e5f_matched_pf_20260909a/design_research/housing/summarize_early_housing.py,/Users/tommasodesanto/Desktop/Projects/Fertility/Fertility_Spring26/output/model/e5f_matched_pf_20260909a/design_research/observer_contract/observer_contract.json,e5f_early_housing_wealth_observer_review_v2_20260911,acs_rooms_2005_2006,/Users/tommasodesanto/Desktop/Projects/Fertility/Fertility_Spring26/output/model/e5f_matched_pf_20260909a/design_research/housing/early_housing_target_candidates.csv,0.08838120078007809,early_measurement,0.8639258391257636,"Mean occupied rooms, capped at 9",95.55053685157755,6.4250232152444156,True,52c24f84aa213bcd75fb25283866b1710c4fb3989779f7a3d8cb1ac7a6535f38,housing_wealth.moments.aggregate_mean_occupied_rooms_capped9_18_85,housing_wealth.moments.aggregate_mean_occupied_rooms_capped9_18_85,,,128.02070205233477,mean_rooms,proposed_scored_restriction,ACS household heads ages 18-85; occupied renter or owner; HHWT>0; 42 MET2013 cities; 2005-2006 pooled by summed HHWT numerator/denominator; inherits all common_acs_sample filters,/Users/tommasodesanto/Desktop/Projects/Fertility/Fertility_Spring26/output/model/e5f_matched_pf_20260909a/design_research/observer_contract/observer_contract.json#/records/0/sample,True,,5.561097376118652,42-metro bootstrap,"Uniform annual-age exposure and constant policies/distribution within each four-year cell National model versus 42-MET2013 housing sample Existing HistoricalMomentObserver is pinned to 2023 and old 12 rows. min(E[s|collapsed income],9) does not equal E[min(s,9)|income]; compute direct. The initial window and geographic approximation must be retained.",/Users/tommasodesanto/Desktop/Projects/Fertility/Fertility_Spring26/output/model/e5f_matched_pf_20260909a/initial_calibration_contract/lead_methodological_decision.json,Recorded empirical bootstrap standard error under the retained estimator/sample,frozen_lead_selected_working_minimum_distance_weight,0.08838120078007809,"{'adjustment': 'Use g_current and full hR_pol before income collapse; cap each renter/owner observation, then aggregate. All 17 current four-year age cells already span 18-85: validate geometry rather than invent an extra age restriction.', 'builder': 'output/model/e5f_matched_pf_20260909a/design_research/housing/inspect_early_housing.py; summarize_early_housing.py', 'candidate_diagonal_weight': 128.02070205233477, 'clustering': '42 MET2013 city bootstrap', 'data_formula': 'sum(HHWT*min(ROOMS,9))/sum(HHWT)', 'date': '2005-2006', 'estimate': 5.561097376118652, 'fixed_effects': 'none', 'geography': '42 MET2013 city codes; not admitted-PUMA footprint', 'id': 'acs_rooms_2005_2006', 'mismatch': 'Existing HistoricalMomentObserver is pinned to 2023 and old 12 rows. min(E[s|collapsed income],9) does not equal E[min(s,9)|income]; compute direct. The initial window and geographic approximation must be retained.', 'model_formula': 'Current extract_moments: aggregate_housing_demand/total_mass, all 17 age cells, uncapped. Proposed: weighted_mean(min(s,9)) on full g, observed at pre-announcement stationary solution.', 'production_eligible': False, 'role': 'initial_calibration_restriction', 'sample': 'ACS household heads ages 18-85; occupied renter or owner; HHWT>0; 42 MET2013 cities; 2005-2006 pooled by summed HHWT numerator/denominator; inherits all common_acs_sample filters', 'status': 'empirical_verified__cap_operator_needed', 'target_weight_status': 'candidate_inverse_variance_not_activated', 'uncertainty': {'reps': 1000, 'se': 0.08838120078007809, 'seed': 20260910, 'type': '42-metro bootstrap'}}",,,42 MET2013 city bootstrap,none,42 MET2013 city codes; not admitted-PUMA footprint,"{'filters': 'sample=year*100+1; GQ in {1,2}; PERNUM=1; RELATE=1; HHWT>0; 18<=AGE<=85; OWNERSHP in {1,2}; ROOMS>0; MET2013 in pinned 42-code list', 'fixed_effects': 'none', 'geography': 'Direct MET2013 membership in 42 cities; NOT old admitted-PUMA footprint. National fertility/PSID plus metro housing is an explicitly maintained geographic approximation.', 'owner': 'OWNERSHP=1', 'rooms': 'min(ROOMS,9) before any aggregation; pooled household-weighted numerators/denominators, not average yearly ratios', 'structures': 'UNITSSTR in 3:10 for all ownership rows, including both recent-parent comparison groups; no structure restriction for rooms rows', 'survey_waves': [2005, 2006], 'uncertainty': '1000 paired metro-resampling draws, seed 20260910, 42 clusters. Not ACS official survey-design or replicate-weight standard errors.', 'weights_status': 'Inverse marginal variance values below are candidate diagonal weights under the approved design, not a promoted target/weight fingerprint.'}",
coord_theta0,2339.3623724673616,False,sum(HHWT*owner)/sum(HHWT),/Users/tommasodesanto/Desktop/Projects/Fertility/Fertility_Spring26/output/model/e5f_matched_pf_20260909a/design_research/housing/inspect_early_housing.py; /Users/tommasodesanto/Desktop/Projects/Fertility/Fertility_Spring26/output/model/e5f_matched_pf_20260909a/design_research/housing/summarize_early_housing.py,/Users/tommasodesanto/Desktop/Projects/Fertility/Fertility_Spring26/output/model/e5f_matched_pf_20260909a/design_research/observer_contract/observer_contract.json,e5f_early_housing_wealth_observer_review_v2_20260911,acs_ownership_30_55_2005_2006,/Users/tommasodesanto/Desktop/Projects/Fertility/Fertility_Spring26/output/model/e5f_matched_pf_20260909a/design_research/housing/early_housing_target_candidates.csv,0.020675272863460718,early_measurement,-0.10842627963330742,"Ownership, heads 30–55",27.50214787552621,0.5399077546858418,True,52c24f84aa213bcd75fb25283866b1710c4fb3989779f7a3d8cb1ac7a6535f38,housing_wealth.moments.own_rate_30_55,housing_wealth.moments.own_rate_30_55,,,2339.3623724673616,ownership_30_55,proposed_scored_restriction,ACS heads ages 30-55; DUE structures UNITSSTR 3:10; HHWT>0; 42 MET2013 cities; 2005-2006; inherits all common_acs_sample filters,/Users/tommasodesanto/Desktop/Projects/Fertility/Fertility_Spring26/output/model/e5f_matched_pf_20260909a/design_research/observer_contract/observer_contract.json#/records/1/sample,True,,0.6483340343191493,42-metro bootstrap,Uniform annual-age exposure and constant policies/distribution within each four-year cell National model versus 42-MET2013 housing sample ACS DUE structure restriction is not represented by a model state Current nearest-index mask includes full 54-57 cell; no structure-type state allows exact UNITSSTR filtering. Neither issue is resolved by changing the row name.,/Users/tommasodesanto/Desktop/Projects/Fertility/Fertility_Spring26/output/model/e5f_matched_pf_20260909a/initial_calibration_contract/lead_methodological_decision.json,Recorded empirical bootstrap standard error under the retained estimator/sample,frozen_lead_selected_working_minimum_distance_weight,0.020675272863460718,"{'adjustment': 'Use owner indicator on full realized distribution with declared 30-55 age-exposure selector; pin the maintained DUE-to-model-product interpretation.', 'builder': 'output/model/e5f_matched_pf_20260909a/design_research/housing/inspect_early_housing.py; summarize_early_housing.py', 'candidate_diagonal_weight': 2339.3623724673616, 'clustering': '42 MET2013 city bootstrap', 'data_formula': 'sum(HHWT*owner)/sum(HHWT)', 'date': '2005-2006', 'estimate': 0.6483340343191493, 'fixed_effects': 'none', 'geography': '42 MET2013 cities; not admitted-PUMA footprint', 'id': 'acs_ownership_30_55_2005_2006', 'mismatch': 'Current nearest-index mask includes full 54-57 cell; no structure-type state allows exact UNITSSTR filtering. Neither issue is resolved by changing the row name.', 'model_formula': 'own_rate_3055=sum(g[owner tenures, ages 30:55])/sum(g[all tenures, ages 30:55])', 'production_eligible': False, 'role': 'initial_calibration_restriction', 'sample': 'ACS heads ages 30-55; DUE structures UNITSSTR 3:10; HHWT>0; 42 MET2013 cities; 2005-2006; inherits all common_acs_sample filters', 'status': 'empirical_verified__age_and_structure_mapping_outstanding', 'target_weight_status': 'candidate_inverse_variance_not_activated', 'uncertainty': {'reps': 1000, 'se': 0.020675272863460718, 'seed': 20260910, 'type': '42-metro bootstrap'}}",,,42 MET2013 city bootstrap,none,42 MET2013 cities; not admitted-PUMA footprint,"{'filters': 'sample=year*100+1; GQ in {1,2}; PERNUM=1; RELATE=1; HHWT>0; 18<=AGE<=85; OWNERSHP in {1,2}; ROOMS>0; MET2013 in pinned 42-code list', 'fixed_effects': 'none', 'geography': 'Direct MET2013 membership in 42 cities; NOT old admitted-PUMA footprint. National fertility/PSID plus metro housing is an explicitly maintained geographic approximation.', 'owner': 'OWNERSHP=1', 'rooms': 'min(ROOMS,9) before any aggregation; pooled household-weighted numerators/denominators, not average yearly ratios', 'structures': 'UNITSSTR in 3:10 for all ownership rows, including both recent-parent comparison groups; no structure restriction for rooms rows', 'survey_waves': [2005, 2006], 'uncertainty': '1000 paired metro-resampling draws, seed 20260910, 42 clusters. Not ACS official survey-design or replicate-weight standard errors.', 'weights_status': 'Inverse marginal variance values below are candidate diagonal weights under the approved design, not a promoted target/weight fingerprint.'}",
coord_theta0,137.5652749002964,False,"beta(event=+3)-beta(event=-1), omitted event=-2; person/year FE, age/education controls, longitudinal IW",/Users/tommasodesanto/Desktop/Projects/Fertility/Fertility_Spring26/code/data/psid_followup_mar2026/sa_rooms_first_birth_household_aligned_v1.do,/Users/tommasodesanto/Desktop/Projects/Fertility/Fertility_Spring26/output/model/e5f_matched_pf_20260909a/design_research/observer_contract/observer_contract.json,e5f_early_housing_wealth_observer_review_v2_20260911,psid_sa_first_birth_rooms,/Users/tommasodesanto/Desktop/Projects/Fertility/Fertility_Spring26/code/data/psid_followup_mar2026/output/sa_rooms_first_birth_household_aligned_v1/target_receipt.csv,0.0852600513385958,early_measurement,0.2606708597899716,"First-birth room response, −1 to +3",9.34746374084718,0.9809171221714994,True,52c24f84aa213bcd75fb25283866b1710c4fb3989779f7a3d8cb1ac7a6535f38,housing_wealth.moments.housing_increment_0to1,housing_wealth.moments.housing_increment_0to1,,,137.5652749002964,first_birth_rooms,proposed_scored_restriction,"Women age 18+, current reference/spouse, positive IW, single-FID dwelling, one woman per household-year; confirmed never-treated controls; 49,457 household-years, 4,112 persons",/Users/tommasodesanto/Desktop/Projects/Fertility/Fertility_Spring26/output/model/e5f_matched_pf_20260909a/design_research/observer_contract/observer_contract.json#/records/7/sample,True,,0.7202462623815278,"Sun-Abraham covariance contrast, clustered individual ID","Pooled PSID response applied to initial stationary economy under stability assumption Matched model risk-set weights differ from Sun-Abraham cohort/event weights; non-flat prepath caveat retained Applying the unchanged pooled contrast to initial stationary economy requires approved stability approximation. Model matched-risk weights differ from estimator cohort/event weights. Non-flat prepath and normalization dependence remain disclosed; September5 normalization check changed point to .730459 with identical fitted values, not a replacement target. Four-year approximation is not literal observed -1/+3 child ages. Keep PSID rooms uncapped; do not import ACS cap.",/Users/tommasodesanto/Desktop/Projects/Fertility/Fertility_Spring26/output/model/e5f_matched_pf_20260909a/initial_calibration_contract/lead_methodological_decision.json,Recorded empirical bootstrap standard error under the retained estimator/sample,frozen_lead_selected_working_minimum_distance_weight,0.0852600513385958,"{'adjustment': 'For an initial stationary observer call begin_dated_first_birth_housing_branch then finish_dated_first_birth_housing_branch with the stationary policy as BOTH dates; retain destination continuation births and no Census age bridge. Do NOT use first_birth_housing_response sequential legacy helper, which suppresses continuation births. Certify the same paired branch with mass/timing checks.', 'builder': 'code/data/psid_followup_mar2026/sa_rooms_first_birth_household_aligned_v1.do; finalize_first_birth_rooms_target_receipt.py', 'candidate_diagonal_weight': 137.5652749002964, 'clustering': 'selected woman stable ID; one household-year observation, primary analytic cluster covariance', 'data_formula': 'beta(event=+3)-beta(event=-1), omitted event=-2; person/year FE, age/education controls, longitudinal IW', 'date': 'Pooled PSID event-time -1 to +3; treated input observations 1970-2019, not an early-only regression', 'estimate': 0.7202462623815278, 'fixed_effects': 'person ID and survey year; age and education controls', 'geography': 'national PSID', 'id': 'psid_sa_first_birth_rooms', 'mismatch': 'Applying the unchanged pooled contrast to initial stationary economy requires approved stability approximation. Model matched-risk weights differ from estimator cohort/event weights. Non-flat prepath and normalization dependence remain disclosed; September5 normalization check changed point to .730459 with identical fitted values, not a replacement target. Four-year approximation is not literal observed -1/+3 child ages. Keep PSID rooms uncapped; do not import ACS cap.', 'model_formula': 'Select successful first births from initial g_pre; clone identical pre-birth states into treated n=1,m=1 and childless control. Advance both one period with origin policies/survival/income/maturation, then realize destination housing with destination policies. Treated may have continuation birth; control stays childless. Difference of destination uncapped rooms equals matched difference in changes.', 'production_eligible': False, 'role': 'initial_calibration_restriction', 'sample': 'Women age 18+, current reference/spouse, positive IW, single-FID dwelling, one woman per household-year; confirmed never-treated controls; 49,457 household-years, 4,112 persons', 'status': 'verified_empirical_contrast__provisional_structural_mapping', 'target_weight_status': 'candidate_inverse_variance_not_activated', 'uncertainty': {'reference_period': -2, 'se': 0.0852600513385958, 'type': 'Sun-Abraham covariance contrast, clustered individual ID', 'variance_formula': 'Var(beta_3)+Var(beta_-1)-2Cov(beta_3,beta_-1)'}}",,,"selected woman stable ID; one household-year observation, primary analytic cluster covariance",person ID and survey year; age and education controls,national PSID,,
coord_theta0,280.52808370152104,False,"E[min(ROOMS,9)|NCHILD>=3,YNGCH<18]-E[min(ROOMS,9)|NCHILD=1-2,YNGCH<18]",/Users/tommasodesanto/Desktop/Projects/Fertility/Fertility_Spring26/output/model/e5f_matched_pf_20260909a/design_research/housing/inspect_early_housing.py; /Users/tommasodesanto/Desktop/Projects/Fertility/Fertility_Spring26/output/model/e5f_matched_pf_20260909a/design_research/housing/summarize_early_housing.py,/Users/tommasodesanto/Desktop/Projects/Fertility/Fertility_Spring26/output/model/e5f_matched_pf_20260909a/design_research/observer_contract/observer_contract.json,e5f_early_housing_wealth_observer_review_v2_20260911,acs_rooms_3plus_minus_1to2_2005_2006,/Users/tommasodesanto/Desktop/Projects/Fertility/Fertility_Spring26/output/model/e5f_matched_pf_20260909a/design_research/housing/early_housing_target_candidates.csv,0.059705154633000496,early_measurement,-0.17503607192351733,Rooms: 3+ versus 1–2 resident children (model dependent proxy),8.594714644030553,0.17203085987273337,True,52c24f84aa213bcd75fb25283866b1710c4fb3989779f7a3d8cb1ac7a6535f38,housing_wealth.moments.prime30_55_model_dependent_3plus_minus_1to2_rooms_capped9,housing_wealth.moments.prime30_55_model_dependent_3plus_minus_1to2_rooms_capped9,,,280.52808370152104,family_rooms,proposed_scored_restriction,"ACS heads ages 30-55, YNGCH<18; NCHILD>=3 minus NCHILD=1-2; 42 MET2013 cities; 2005-2006; inherits all common_acs_sample filters",/Users/tommasodesanto/Desktop/Projects/Fertility/Fertility_Spring26/output/model/e5f_matched_pf_20260909a/design_research/observer_contract/observer_contract.json#/records/3/sample,True,,0.3470669317962507,42-metro bootstrap,"Uniform annual-age exposure and constant policies/distribution within each four-year cell National model versus 42-MET2013 housing sample Model dependent counts replace ACS resident own children with YNGCH<18 ACS NCHILD counts ALL resident own children while YNGCH<18 requires at least one minor. Example: ages 4,19,21 is empirical large family but may be one model dependent. m has no deterministic child-age bound under binomial maturation. Verifying independent_count is necessary but insufficient for exact ACS group equivalence.",/Users/tommasodesanto/Desktop/Projects/Fertility/Fertility_Spring26/output/model/e5f_matched_pf_20260909a/initial_calibration_contract/lead_methodological_decision.json,Recorded empirical bootstrap standard error under the retained estimator/sample,frozen_lead_selected_working_minimum_distance_weight,0.059705154633000496,"{'adjustment': 'Cap full income-resolved renter and owner rooms before any collapse. Runtime-assert child_state_mode=independent_count and child_bin_high_cutoff=3. Need explicit resident-child approximation or richer observation information before SMM certification.', 'builder': 'output/model/e5f_matched_pf_20260909a/design_research/housing/inspect_early_housing.py; summarize_early_housing.py', 'candidate_diagonal_weight': 280.52808370152104, 'clustering': '42 MET2013 city bootstrap', 'data_formula': 'E[min(ROOMS,9)|NCHILD>=3,YNGCH<18]-E[min(ROOMS,9)|NCHILD=1-2,YNGCH<18]', 'date': '2005-2006', 'estimate': 0.3470669317962507, 'fixed_effects': 'none', 'geography': '42 MET2013 cities; not admitted-PUMA footprint', 'id': 'acs_rooms_3plus_minus_1to2_2005_2006', 'mismatch': 'ACS NCHILD counts ALL resident own children while YNGCH<18 requires at least one minor. Example: ages 4,19,21 is empirical large family but may be one model dependent. m has no deterministic child-age bound under binomial maturation. Verifying independent_count is necessary but insufficient for exact ACS group equivalence.', 'model_formula': 'Current child_bin_high_cutoff=3 and independent_count use m=cs, subject to cs<=n: high group m>=3; low group 1<=m<=2. Existing moment is uncapped and uses current prime age mask. Proposed proxy: E[min(s,9)|m>=3]-E[min(s,9)|1<=m<=2], with declared age selector.', 'production_eligible': False, 'role': 'initial_calibration_restriction', 'sample': 'ACS heads ages 30-55, YNGCH<18; NCHILD>=3 minus NCHILD=1-2; 42 MET2013 cities; 2005-2006; inherits all common_acs_sample filters', 'status': 'empirical_verified__resident_child_mapping_outstanding', 'target_weight_status': 'candidate_inverse_variance_not_activated', 'uncertainty': {'reps': 1000, 'se': 0.059705154633000496, 'seed': 20260910, 'type': '42-metro bootstrap'}}",,,42 MET2013 city bootstrap,none,42 MET2013 cities; not admitted-PUMA footprint,"{'filters': 'sample=year*100+1; GQ in {1,2}; PERNUM=1; RELATE=1; HHWT>0; 18<=AGE<=85; OWNERSHP in {1,2}; ROOMS>0; MET2013 in pinned 42-code list', 'fixed_effects': 'none', 'geography': 'Direct MET2013 membership in 42 cities; NOT old admitted-PUMA footprint. National fertility/PSID plus metro housing is an explicitly maintained geographic approximation.', 'owner': 'OWNERSHP=1', 'rooms': 'min(ROOMS,9) before any aggregation; pooled household-weighted numerators/denominators, not average yearly ratios', 'structures': 'UNITSSTR in 3:10 for all ownership rows, including both recent-parent comparison groups; no structure restriction for rooms rows', 'survey_waves': [2005, 2006], 'uncertainty': '1000 paired metro-resampling draws, seed 20260910, 42 clusters. Not ACS official survey-design or replicate-weight standard errors.', 'weights_status': 'Inverse marginal variance values below are candidate diagonal weights under the approved design, not a promoted target/weight fingerprint.'}",
coord_theta0,27055.822957508266,False,"Pr(owner|NCHILD>0,ELDCH<4)-Pr(owner|NCHILD=0)",/Users/tommasodesanto/Desktop/Projects/Fertility/Fertility_Spring26/output/model/e5f_matched_pf_20260909a/design_research/housing/inspect_early_housing.py; /Users/tommasodesanto/Desktop/Projects/Fertility/Fertility_Spring26/output/model/e5f_matched_pf_20260909a/design_research/housing/summarize_early_housing.py,/Users/tommasodesanto/Desktop/Projects/Fertility/Fertility_Spring26/output/model/e5f_matched_pf_20260909a/design_research/observer_contract/observer_contract.json,e5f_early_housing_wealth_observer_review_v2_20260911,acs_recent_parent_owner_gap_2005_2006,/Users/tommasodesanto/Desktop/Projects/Fertility/Fertility_Spring26/output/model/e5f_matched_pf_20260909a/design_research/housing/early_housing_target_candidates.csv,0.006079524679464666,recent_parent_observation,-0.018812432966481996,Recent-parent ownership gap,9.575262292017463,0.14408307619475086,True,52c24f84aa213bcd75fb25283866b1710c4fb3989779f7a3d8cb1ac7a6535f38,ownership_current_birth_from_empty_dependent_home_minus_current_empty_home_30_55,model_value,,,27055.822957508266,recent_parent_ownership,proposed_scored_restriction,ACS heads ages 30-55; recent parent NCHILD>0 and ELDCH<4 minus NCHILD=0 controls; 42 MET2013 cities; 2005-2006; inherits all common_acs_sample filters; both groups also require UNITSSTR in 3:10,/Users/tommasodesanto/Desktop/Projects/Fertility/Fertility_Spring26/output/model/e5f_matched_pf_20260909a/design_research/observer_contract/observer_contract.json#/records/2/sample,True,,0.16289550916123285,42-metro bootstrap,"ELDCH is OLDEST resident own child: all resident own children must be under four. Model has no child ages or time since birth; independent binomial maturation has mean 18 years but no deterministic under-18 cutoff. ACS NCHILD=0 includes former parents with no own child resident, whereas model control is lifetime n=0. Adding m=0 controls would still conflate absent dependents with absent resident adult children. Unavailable: ACS oldest resident child under four and no-resident-child controls cannot be reconstructed from dependent counts and lifetime parity",/Users/tommasodesanto/Desktop/Projects/Fertility/Fertility_Spring26/output/model/e5f_matched_pf_20260909a/initial_calibration_contract/lead_methodological_decision.json,Recorded empirical bootstrap standard error under the retained estimator/sample,frozen_lead_selected_working_minimum_distance_weight,0.006079524679464666,"{'adjustment': 'Exact ACS recent-parent group and resident-child controls cannot be recovered from current count-only states. Do not substitute n=0 controls or all m>0 parents without an explicitly approved proxy contract; retain identifying row as blocked rather than silently dropping it.', 'builder': 'output/model/e5f_matched_pf_20260909a/design_research/housing/inspect_early_housing.py; summarize_early_housing.py', 'candidate_diagonal_weight': 27055.822957508266, 'clustering': '42 MET2013 city bootstrap', 'data_formula': 'Pr(owner|NCHILD>0,ELDCH<4)-Pr(owner|NCHILD=0)', 'date': '2005-2006', 'estimate': 0.16289550916123285, 'fixed_effects': 'none', 'geography': '42 MET2013 cities; not admitted-PUMA footprint', 'id': 'acs_recent_parent_owner_gap_2005_2006', 'mismatch': 'ELDCH is OLDEST resident own child: all resident own children must be under four. Model has no child ages or time since birth; independent binomial maturation has mean 18 years but no deterministic under-18 cutoff. ACS NCHILD=0 includes former parents with no own child resident, whereas model control is lifetime n=0. Adding m=0 controls would still conflate absent dependents with absent resident adult children.', 'model_formula': 'Under independent_count: Pr(owner | n>=1,m>0, current prime mask) - Pr(owner | n=0,childless readiness states,current prime mask). newparent_cs includes ALL positive dependent counts, with no recency condition.', 'production_eligible': False, 'role': 'initial_calibration_restriction', 'sample': 'ACS heads ages 30-55; recent parent NCHILD>0 and ELDCH<4 minus NCHILD=0 controls; 42 MET2013 cities; 2005-2006; inherits all common_acs_sample filters; both groups also require UNITSSTR in 3:10', 'status': 'verified_empirical__irreducible_group_mismatch', 'target_weight_status': 'candidate_inverse_variance_not_activated', 'uncertainty': {'reps': 1000, 'se': 0.006079524679464666, 'seed': 20260910, 'type': '42-metro bootstrap'}}",,,42 MET2013 city bootstrap,none,42 MET2013 cities; not admitted-PUMA footprint,"{'filters': 'sample=year*100+1; GQ in {1,2}; PERNUM=1; RELATE=1; HHWT>0; 18<=AGE<=85; OWNERSHP in {1,2}; ROOMS>0; MET2013 in pinned 42-code list', 'fixed_effects': 'none', 'geography': 'Direct MET2013 membership in 42 cities; NOT old admitted-PUMA footprint. National fertility/PSID plus metro housing is an explicitly maintained geographic approximation.', 'owner': 'OWNERSHP=1', 'rooms': 'min(ROOMS,9) before any aggregation; pooled household-weighted numerators/denominators, not average yearly ratios', 'structures': 'UNITSSTR in 3:10 for all ownership rows, including both recent-parent comparison groups; no structure restriction for rooms rows', 'survey_waves': [2005, 2006], 'uncertainty': '1000 paired metro-resampling draws, seed 20260910, 42 clusters. Not ACS official survey-design or replicate-weight standard errors.', 'weights_status': 'Inverse marginal variance values below are candidate diagonal weights under the approved design, not a promoted target/weight fingerprint.'}","{'age_projection': 'uniform_within_age_cell', 'approximation_id': 'early_2007_parenthood_md_working_v1__recent_parent_synchronized_proxy', 'decision_sha256': 'b1d399c290d257e56e008afb6d7b76ac1f69191685c8d9e89a4b0bfb06533c9a', 'decision_source': '/Users/tommasodesanto/Desktop/Projects/Fertility/Fertility_Spring26/output/model/e5f_matched_pf_20260909a/initial_calibration_contract/lead_methodological_decision.json', 'declaration': 'Synchronized post-fertility snapshot; uniform head-age overlap; model dependents proxy resident own children; actual current births from previously empty-dependent homes versus current empty homes inclformerparents. Not an exact annualACS interview reconstruction.', 'diagnostic_allow_residence_proxy': True, 'exact_acs': False, 'maintained': True, 'moment': 'ownership_current_birth_from_empty_dependent_home_minus_current_empty_home_30_55', 'observer_id': 'e5f_recent_parent_flow_diagnostic_v1', 'snapshot': 'synchronized_post_fertility_snapshot'}"
coord_theta1,,False,"Author-selected stationary model normalization, using maintained top-parity representative; not empirical female period TFR","Author-selected model normalization, not empirical estimation",/Users/tommasodesanto/Desktop/Projects/Fertility/Fertility_Spring26/output/model/e5f_matched_pf_20260909a/OVERNIGHT_PLAN.md,author_initial_model_fertility_2_1,author_2_1,/Users/tommasodesanto/Desktop/Projects/Fertility/Fertility_Spring26/output/model/e5f_matched_pf_20260909a/OVERNIGHT_PLAN.md,,normalization,6.546419615283128e-07,Initial model completed fertility,,2.1000006546419616,True,af74a6f31e5785cfe189863540379cd9a6c13a44af8c35829673291ab0213f98,final.normalization.completed_fertility,completed_fertility,,,,initial_normalization,normalization_separate_from_scored_objective,"Author-selected stationary model normalization, using maintained top-parity representative; not empirical female period TFR","Author-selected model normalization, as explicitly recorded in the preserved target definition",False,,2.1,Author normalization; no empirical SE,Separate from CPS age-window stocks and actual birth/entry accounting.,/Users/tommasodesanto/Desktop/Projects/Fertility/Fertility_Spring26/output/model/e5f_matched_pf_20260909a/initial_calibration_contract/lead_methodological_decision.json,Separate exact normalization within tolerance5e-4,separate_unscored_normalization,,,,,,,,,
coord_theta1,35532.3042455214,False,Weighted P(FREVER=0) among pooled June 2004 and June 2006 women age 40-44 with valid FREVER 0-20 and positive FRSUPPWT.,/Users/tommasodesanto/Desktop/Projects/Fertility/Fertility_Spring26/output/model/e5f_matched_pf_20260909a/parameter_target_audit/fertility/extract_fertility_availability.py; /Users/tommasodesanto/Desktop/Projects/Fertility/Fertility_Spring26/output/model/e5f_matched_pf_20260909a/design_research/fertility_contract/verify_fertility_contract.py,/Users/tommasodesanto/Desktop/Projects/Fertility/Fertility_Spring26/output/model/e5f_matched_pf_20260909a/design_research/fertility_contract/fertility_target_contract.json,early_cps_nchs_fertility_certification_20260911_v2_not_activated,cps_childless_women_40_44_2004_2006,/Users/tommasodesanto/Desktop/Projects/Fertility/Fertility_Spring26/output/model/e5f_matched_pf_20260909a/parameter_target_audit/fertility/fertility_availability.json,,early_measurement,-0.002021117053804755,"Childless women, ages 40–44",0.14514641222338442,0.19625763395303789,True,af74a6f31e5785cfe189863540379cd9a6c13a44af8c35829673291ab0213f98,fertility.uniform_birth_time.moments.childless_rate_40_44,fertility.uniform_birth_time.moments.childless_rate_40_44,,,,cps_childlessness,proposed_scored_restriction,"June, femaleSEX2,age40-44,FREVER0-20,FRSUPPWT>0;excludeFREVER999NIU; 2004+2006 pooled weighted records; Weighted P(FREVER=0) among pooled June 2004 and June 2006 women age 40-44 with valid FREVER 0-20 and positive FRSUPPWT.",/Users/tommasodesanto/Desktop/Projects/Fertility/Fertility_Spring26/output/model/e5f_matched_pf_20260909a/parameter_target_audit/fertility/fertility_availability.json#/sample and /Users/tommasodesanto/Desktop/Projects/Fertility/Fertility_Spring26/output/model/e5f_matched_pf_20260909a/design_research/fertility_contract/fertility_target_contract.json#/candidate_moments/0/definition,True,,0.19827875100684264,annual_generalized_variance_approximation_recovered_pooled_covariance_not_certified,Uniform birth-time parity interpolation is the main diagnostic; constant-post-cell sensitivity retained. Model household reproductive member is not certified female exposure; no empirical age reweighting.,/Users/tommasodesanto/Desktop/Projects/Fertility/Fertility_Spring26/output/model/e5f_matched_pf_20260909a/initial_calibration_contract/lead_methodological_decision.json,CPS official annual generalized-variance approximations pooled with fixed observed weights and correlation-one working convention; not design-exact pooled SE,frozen_lead_selected_working_minimum_distance_weight,0.005305035738317728,"{'active_weight': None, 'definition': 'Weighted P(FREVER=0) among pooled June 2004 and June 2006 women age 40-44 with valid FREVER 0-20 and positive FRSUPPWT.', 'id': 'cps_childless_women_40_44_2004_2006', 'model_observer_status': 'blocked_by_age_window_mapping', 'production_active': False, 'reported_value': 0.198279, 'sample_records': 10872, 'uncertainty': {'annual_official_approximate_sampling_gvf_se': {'2004': {'approximate_gvf_se': 0.0052157901461549385, 'b_parameter': 2016, 'denominator_population_units': 11534656.9936, 'value': 0.1928386121957651}, '2006': {'approximate_gvf_se': 0.005396662766690418, 'b_parameter': 2016, 'denominator_population_units': 11234864.9964, 'value': 0.20386405489820397}}, 'pooled_candidates': {'annual': {'2004': {'approximate_gvf_se': 0.0052157901461549385, 'b_parameter': 2016, 'denominator_population_units': 11534656.9936, 'value': 0.1928386121957651}, '2006': {'approximate_gvf_se': 0.005396662766690418, 'b_parameter': 2016, 'denominator_population_units': 11234864.9964, 'value': 0.20386405489820397}}, 'base_share_2004': 0.5065831860091674, 'pooled_fixed_bases_max_positive_correlation_se': 0.005305035738317728, 'pooled_fixed_bases_zero_crossyear_covariance_se': 0.0037512549510131253, 'qualification': 'Annual official generalized-variance approximation. Pooled candidates condition on observed base shares; cross-year covariance and random conditional-mother bases are not certified. Neither scale is adopted.'}, 'sampling_se': None, 'status': 'annual_generalized_variance_approximation_recovered_pooled_covariance_not_certified'}, 'value': 0.19827875100684264, 'weighted_denominator': 22769521.989999805}",IPUMS fertility supplement FRSUPPWT divided10000 as supplied loader; official Census supplement weight crosswalk not independently certified,,,,,,
coord_theta1,26952.820824310795,False,Weighted P(FREVER=1 | FREVER>=1) in the same pooled CPS sample.,/Users/tommasodesanto/Desktop/Projects/Fertility/Fertility_Spring26/output/model/e5f_matched_pf_20260909a/parameter_target_audit/fertility/extract_fertility_availability.py; /Users/tommasodesanto/Desktop/Projects/Fertility/Fertility_Spring26/output/model/e5f_matched_pf_20260909a/design_research/fertility_contract/verify_fertility_contract.py,/Users/tommasodesanto/Desktop/Projects/Fertility/Fertility_Spring26/output/model/e5f_matched_pf_20260909a/design_research/fertility_contract/fertility_target_contract.json,early_cps_nchs_fertility_certification_20260911_v2_not_activated,cps_exactly_one_among_mothers_40_44_2004_2006,/Users/tommasodesanto/Desktop/Projects/Fertility/Fertility_Spring26/output/model/e5f_matched_pf_20260909a/parameter_target_audit/fertility/fertility_availability.json,,early_measurement,0.0027845186814466905,"Exactly one child among mothers, ages 40–44",0.20897988992964583,0.2164398439015937,True,af74a6f31e5785cfe189863540379cd9a6c13a44af8c35829673291ab0213f98,fertility.uniform_birth_time.moments.exactly_one_among_mothers_40_44,fertility.uniform_birth_time.moments.exactly_one_among_mothers_40_44,,,,cps_exactly_one,proposed_scored_restriction,"June, femaleSEX2,age40-44,FREVER0-20,FRSUPPWT>0;excludeFREVER999NIU; 2004+2006 pooled weighted records; Weighted P(FREVER=1 | FREVER>=1) in the same pooled CPS sample.",/Users/tommasodesanto/Desktop/Projects/Fertility/Fertility_Spring26/output/model/e5f_matched_pf_20260909a/parameter_target_audit/fertility/fertility_availability.json#/sample and /Users/tommasodesanto/Desktop/Projects/Fertility/Fertility_Spring26/output/model/e5f_matched_pf_20260909a/design_research/fertility_contract/fertility_target_contract.json#/candidate_moments/1/definition,True,,0.21365532522014702,annual_generalized_variance_approximation_recovered_pooled_covariance_not_certified,Uniform birth-time parity interpolation is the main diagnostic; constant-post-cell sensitivity retained. Model household reproductive member is not certified female exposure; no empirical age reweighting.,/Users/tommasodesanto/Desktop/Projects/Fertility/Fertility_Spring26/output/model/e5f_matched_pf_20260909a/initial_calibration_contract/lead_methodological_decision.json,CPS official annual generalized-variance approximations pooled with fixed observed weights and correlation-one working convention; not design-exact pooled SE,frozen_lead_selected_working_minimum_distance_weight,0.0060911302714076404,"{'active_weight': None, 'definition': 'Weighted P(FREVER=1 | FREVER>=1) in the same pooled CPS sample.', 'id': 'cps_exactly_one_among_mothers_40_44_2004_2006', 'model_observer_status': 'blocked_by_age_window_mapping; literal parity-one conditional-on-parenthood stock, not a continuation hazard', 'production_active': False, 'reported_value': 0.213655, 'uncertainty': {'annual_official_approximate_sampling_gvf_se': {'2004': {'approximate_gvf_se': 0.006046407789789988, 'b_parameter': 2016, 'denominator_population_units': 9310329.7468, 'value': 0.21511000477596962}, '2006': {'approximate_gvf_se': 0.006137682005815865, 'b_parameter': 2016, 'denominator_population_units': 8944479.862, 'value': 0.21214114591071567}}, 'pooled_candidates': {'annual': {'2004': {'approximate_gvf_se': 0.006046407789789988, 'b_parameter': 2016, 'denominator_population_units': 9310329.7468, 'value': 0.21511000477596962}, '2006': {'approximate_gvf_se': 0.006137682005815865, 'b_parameter': 2016, 'denominator_population_units': 8944479.862, 'value': 0.21214114591071567}}, 'base_share_2004': 0.5100206436725485, 'pooled_fixed_bases_max_positive_correlation_se': 0.0060911302714076404, 'pooled_fixed_bases_zero_crossyear_covariance_se': 0.004307418797745566, 'qualification': 'Annual official generalized-variance approximation. Pooled candidates condition on observed base shares; cross-year covariance and random conditional-mother bases are not certified. Neither scale is adopted.'}, 'sampling_se': None, 'status': 'annual_generalized_variance_approximation_recovered_pooled_covariance_not_certified'}, 'value': 0.21365532522014702, 'weighted_mother_denominator': 18254809.608799897, 'weighted_numerator': 3900237.283800007}",IPUMS fertility supplement FRSUPPWT divided10000 as supplied loader; official Census supplement weight crosswalk not independently certified,,,,,,
coord_theta1,139.82806784479274,False,"Pooled national first-birth counts ages 12-49, 2003-2006; age <=21 mapped to midpoint 20, 22-25 to 24, ..., age >=42 to 44; count-weighted mean.",/Users/tommasodesanto/Desktop/Projects/Fertility/Fertility_Spring26/code/data/nchs_natality_timing/build_first_birth_timing.R; /Users/tommasodesanto/Desktop/Projects/Fertility/Fertility_Spring26/output/model/e5f_matched_pf_20260909a/design_research/fertility_contract/verify_fertility_contract.py,/Users/tommasodesanto/Desktop/Projects/Fertility/Fertility_Spring26/output/model/e5f_matched_pf_20260909a/design_research/fertility_contract/fertility_target_contract.json,early_cps_nchs_fertility_certification_20260911_v2_not_activated,nchs_period_mean_age_first_birth_2003_2006,/Users/tommasodesanto/Desktop/Projects/Fertility/Fertility_Spring26/code/data/nchs_natality_timing/first_birth_counts_year_age.csv,,early_measurement,0.11899127265074227,Period mean first-birth age,1.9798148412449228,26.09525513364324,True,af74a6f31e5785cfe189863540379cd9a6c13a44af8c35829673291ab0213f98,fertility.uniform_birth_time.moments.period_mean_age_first_birth,fertility.uniform_birth_time.moments.period_mean_age_first_birth,,,,nchs_mean_age,proposed_scored_restriction,"US-named raw files; exact/decoded age12-49 and known live-birth order1; 2003 under15 recode mapped14; Pooled national first-birth counts ages 12-49, 2003-2006; age <=21 mapped to midpoint 20, 22-25 to 24, ..., age >=42 to 44; count-weighted mean.",/Users/tommasodesanto/Desktop/Projects/Fertility/Fertility_Spring26/output/model/e5f_matched_pf_20260909a/design_research/fertility_contract/fertility_target_contract.json#/nchs_source_cautions/sample and #/candidate_moments/2/definition,True,,25.976263860992496,national_count_not_probability_sample,"First-birth flow timing, not completed-cohort timing. Household maternal proxy; empirical under-18/over-45 tail collapse retained; raw builder residence and unknown-order comparability remain unresolved.",/Users/tommasodesanto/Desktop/Projects/Fertility/Fertility_Spring26/output/model/e5f_matched_pf_20260909a/initial_calibration_contract/lead_methodological_decision.json,2003–2006 annual temporal SD: chosen typical-year discrepancy scale for approximate stationary target; not sampling SE,frozen_lead_selected_working_minimum_distance_weight,0.0845673694617251,"{'active_weight': None, 'definition': 'Pooled national first-birth counts ages 12-49, 2003-2006; age <=21 mapped to midpoint 20, 22-25 to 24, ..., age >=42 to 44; count-weighted mean.', 'first_birth_count': 6611269, 'id': 'nchs_period_mean_age_first_birth_2003_2006', 'model_observer_status': 'dated_flow_primitive_available_scored_period_adapter_and_population_mapping_not_certified', 'production_active': False, 'reported_value': 25.976264, 'uncertainty': {'annual_2003_2006_sample_sd': 0.0845673694617251, 'conditional_multinomial_process_se': 0.002249891508714525, 'conditional_multinomial_qualification': 'Model-based process variation conditional on total first births; not a sampling SE and not adopted for SMM. Our mean-age delta-method extension is not a quoted NCHS formula.', 'note': 'annual SD is period variation, not a sampling SE', 'sampling_se': None, 'status': 'national_count_not_probability_sample', 'temporal_variation': {'annual_range': 0.18579015118294961, 'annual_sample_sd': 0.0845673694617251, 'maximum_leave_one_year_shift': 0.03969117381891607}}, 'value': 25.976263860992496}",,None in authoritative builder: reads age/order only. Do not label exact sample US-resident births without verification.,,,,,
coord_theta1,13866.065434728798,False,"Pooled national first-birth counts ages 12-49, 2003-2006; exact maternal age >=30 divided by all first births in the pooled window.",/Users/tommasodesanto/Desktop/Projects/Fertility/Fertility_Spring26/code/data/nchs_natality_timing/build_first_birth_timing.R; /Users/tommasodesanto/Desktop/Projects/Fertility/Fertility_Spring26/output/model/e5f_matched_pf_20260909a/design_research/fertility_contract/verify_fertility_contract.py,/Users/tommasodesanto/Desktop/Projects/Fertility/Fertility_Spring26/output/model/e5f_matched_pf_20260909a/design_research/fertility_contract/fertility_target_contract.json,early_cps_nchs_fertility_certification_20260911_v2_not_activated,nchs_period_first_birth_share_age30plus_2003_2006,/Users/tommasodesanto/Desktop/Projects/Fertility/Fertility_Spring26/code/data/nchs_natality_timing/first_birth_counts_year_age.csv,,early_measurement,-0.017122198593006732,First births at age 30+,4.065110030951651,0.23215581444805997,True,af74a6f31e5785cfe189863540379cd9a6c13a44af8c35829673291ab0213f98,fertility.uniform_birth_time.moments.period_share_first_births_age30plus,fertility.uniform_birth_time.moments.period_share_first_births_age30plus,,,,nchs_share30,proposed_scored_restriction,"US-named raw files; exact/decoded age12-49 and known live-birth order1; 2003 under15 recode mapped14; Pooled national first-birth counts ages 12-49, 2003-2006; exact maternal age >=30 divided by all first births in the pooled window.",/Users/tommasodesanto/Desktop/Projects/Fertility/Fertility_Spring26/output/model/e5f_matched_pf_20260909a/design_research/fertility_contract/fertility_target_contract.json#/nchs_source_cautions/sample and #/candidate_moments/3/definition,True,,0.2492780130410667,national_count_not_probability_sample,"First-birth flow timing, not completed-cohort timing. Household maternal proxy; empirical under-18/over-45 tail collapse retained; raw builder residence and unknown-order comparability remain unresolved.",/Users/tommasodesanto/Desktop/Projects/Fertility/Fertility_Spring26/output/model/e5f_matched_pf_20260909a/initial_calibration_contract/lead_methodological_decision.json,2003–2006 annual temporal SD: chosen typical-year discrepancy scale for approximate stationary target; not sampling SE,frozen_lead_selected_working_minimum_distance_weight,0.00849226186213262,"{'active_weight': None, 'definition': 'Pooled national first-birth counts ages 12-49, 2003-2006; exact maternal age >=30 divided by all first births in the pooled window.', 'first_birth_count': 6611269, 'id': 'nchs_period_first_birth_share_age30plus_2003_2006', 'model_observer_status': 'dated_flow_primitive_available_scored_period_adapter_and_population_mapping_not_certified', 'production_active': False, 'reported_value': 0.249278, 'uncertainty': {'annual_2003_2006_sample_sd': 0.00849226186213262, 'conditional_multinomial_process_se': 0.000168243827885977, 'conditional_multinomial_qualification': 'Model-based process variation conditional on total first births; not a sampling SE and not adopted for SMM. Our mean-age delta-method extension is not a quoted NCHS formula.', 'note': 'annual SD is period variation, not a sampling SE', 'sampling_se': None, 'status': 'national_count_not_probability_sample', 'temporal_variation': {'annual_range': 0.01924403073634498, 'annual_sample_sd': 0.00849226186213262, 'maximum_leave_one_year_shift': 0.0037096109032545843}}, 'value': 0.2492780130410667}",,None in authoritative builder: reads age/order only. Do not label exact sample US-resident births without verification.,,,,,
coord_theta1,7.595098472533724,False,sum(IW*NETWORTHR)/sum_{age<=65}(IW*EARNINDRRC),/Users/tommasodesanto/Desktop/Projects/Fertility/Fertility_Spring26/output/model/e5f_matched_pf_20260909a/design_research/wealth/build_initial_wealth.R,/Users/tommasodesanto/Desktop/Projects/Fertility/Fertility_Spring26/output/model/e5f_matched_pf_20260909a/design_research/observer_contract/observer_contract.json,e5f_early_housing_wealth_observer_review_v2_20260911,psid_wealth_gross_earnings_2003_2005,/Users/tommasodesanto/Desktop/Projects/Fertility/Fertility_Spring26/output/model/e5f_matched_pf_20260909a/design_research/wealth/aggregate_wealth_results.csv,0.36285515343369,early_measurement,-1.2526093359832364,Wealth / annual gross labor earnings,11.916938484933231,4.893252058474194,True,af74a6f31e5785cfe189863540379cd9a6c13a44af8c35829673291ab0213f98,housing_wealth.moments.aggregate_wealth_to_annual_gross_labor_earnings,housing_wealth.moments.aggregate_wealth_to_annual_gross_labor_earnings,,,7.595098472533724,wealth_earnings,proposed_scored_restriction,"PSID reference persons ages 18-85, relation_to_head=10, positive IW, finite NETWORTHR; working-age gross earnings required/nonnegative; 2003-2005; actual selected waves 2003 and 2005; 10,828 family-years/6,018 IDs in wealth, 9,265 family-years/5,215 IDs in earnings.",/Users/tommasodesanto/Desktop/Projects/Fertility/Fertility_Spring26/output/model/e5f_matched_pf_20260909a/design_research/observer_contract/observer_contract.json#/records/4/sample,True,,6.14586139445743,person bootstrap,National PSID household-income normalization; survey-wave stock/flow dates inherited RP/spouse household earnings is the intended labor-income concept. Missing within-wave wealth valuation versus earnings reference-year metadata remains a calendar certification limit; national household income normalization and selection on finite outcomes are maintained approximations.,/Users/tommasodesanto/Desktop/Projects/Fertility/Fertility_Spring26/output/model/e5f_matched_pf_20260909a/initial_calibration_contract/lead_methodological_decision.json,Recorded empirical bootstrap standard error under the retained estimator/sample,frozen_lead_selected_working_minimum_distance_weight,0.36285515343369,"{'adjustment': 'Observe the pre-announcement stationary state using coherent beginning-period g_asset; use actual pension-consistent parameters. Gross earnings formula and 18-65 cell coverage match the intended earnings concept; no automatic 2023 reuse.', 'builder': 'output/model/e5f_matched_pf_20260909a/design_research/wealth/build_initial_wealth.R (mirrors audit_aggregate_wealth_earnings_ratio.R)', 'candidate_diagonal_weight': 7.595098472533724, 'clustering': 'reference-person ID bootstrap', 'data_formula': 'sum(IW*NETWORTHR)/sum_{age<=65}(IW*EARNINDRRC)', 'date': 'PSID survey waves 2003 and 2005, not an audited same-calendar stock/flow date', 'estimate': 6.14586139445743, 'fixed_effects': 'none', 'geography': 'national PSID', 'id': 'psid_wealth_gross_earnings_2003_2005', 'mismatch': 'RP/spouse household earnings is the intended labor-income concept. Missing within-wave wealth valuation versus earnings reference-year metadata remains a calendar certification limit; national household income normalization and selection on finite outcomes are maintained approximations.', 'model_formula': 'sum_x g_asset(x)*(b+1_owner*p*H) / sum_{j<J_R} g_asset(x)*[P.income(i,j)*z/((1-tau_pay)*4)]. All living 18-85 wealth cells; 12 working cells cover 18-65. P.income is already a four-year flow after payroll tax.', 'production_eligible': False, 'role': 'initial_calibration_restriction', 'sample': 'PSID reference persons ages 18-85, relation_to_head=10, positive IW, finite NETWORTHR; working-age gross earnings required/nonnegative; 2003-2005; actual selected waves 2003 and 2005; 10,828 family-years/6,018 IDs in wealth, 9,265 family-years/5,215 IDs in earnings.', 'status': 'verified_empirical__model_formula_available', 'target_weight_status': 'candidate_inverse_variance_not_activated', 'uncertainty': {'reps': 999, 'se': 0.36285515343369, 'seed': 20260723, 'type': 'person bootstrap'}}",,,reference-person ID bootstrap,none,national PSID,,
coord_theta1,5165289.256198346,False,annual bequest flow / aggregate wealth,No microdata builder; external literature normalization,/Users/tommasodesanto/Desktop/Projects/Fertility/Fertility_Spring26/output/model/e5f_matched_pf_20260909a/design_research/observer_contract/observer_contract.json,e5f_early_housing_wealth_observer_review_v2_20260911,external_annual_bequest_wealth,/Users/tommasodesanto/Desktop/Projects/Fertility/Fertility_Spring26/tmp/e5f_matched_pf/code/model/intergen_eqscale_seq_optimized/e5_target_provenance.csv,,early_measurement,-0.00021866075085953847,Annual bequests / aggregate wealth,0.24696551635566705,0.008581339249140462,True,af74a6f31e5785cfe189863540379cd9a6c13a44af8c35829673291ab0213f98,housing_wealth.moments.annual_bequest_flow_to_aggregate_wealth,housing_wealth.moments.annual_bequest_flow_to_aggregate_wealth,,5165289.256198346,,bequest_wealth,proposed_scored_restriction,external restriction,/Users/tommasodesanto/Desktop/Projects/Fertility/Fertility_Spring26/output/model/e5f_matched_pf_20260909a/design_research/observer_contract/observer_contract.json#/records/6/sample,True,0.00044000000000000007,0.0088,inherited synthetic five-percent calibration scale; NOT a standard error,"External historical restriction; synthetic uncertainty; forced terminal deaths Borrowed historical annual aggregate flow is imperfectly matched to model mortality, nonnegative estates and forced terminal deaths; no initial PSID sample or empirical SE. Gale-Scholz/De Nardi-Yang provenance is inherited, not freshly reviewed literature.",/Users/tommasodesanto/Desktop/Projects/Fertility/Fertility_Spring26/output/model/e5f_matched_pf_20260909a/initial_calibration_contract/lead_methodological_decision.json,Inherited synthetic five-percent target scale; not empirical SE,frozen_lead_selected_working_minimum_distance_weight,0.00044000000000000007,"{'adjustment': 'Keep explicitly external or replace only with a separately identified bequest-block decision and Jacobian check.', 'builder': 'No project microdata builder; provenance ledger identifies Gale-Scholz historical normalization transmitted through De Nardi-Yang', 'candidate_diagonal_weight': 5165289.256198346, 'clustering': 'none', 'data_formula': 'annual bequest flow / aggregate wealth', 'date': 'not a measured initial window', 'estimate': 0.0088, 'fixed_effects': 'none', 'geography': 'not applicable', 'id': 'external_annual_bequest_wealth', 'mismatch': 'Borrowed historical annual aggregate flow is imperfectly matched to model mortality, nonnegative estates and forced terminal deaths; no initial PSID sample or empirical SE. Gale-Scholz/De Nardi-Yang provenance is inherited, not freshly reviewed literature.', 'model_formula': '[sum_x (1-survival_j)*g_current(x)*max(bp_pol(x)+1_owner*p*H,0)/4] / sum_x g_asset(x)*(b+1_owner*p*H). Terminal death probability forced to 1; earlier death probabilities from survival. Debt/transaction timing must remain coherent.', 'production_eligible': False, 'role': 'initial_calibration_restriction', 'sample': 'external restriction', 'status': 'externally_fixed__not_an_initial_microdata_observer', 'target_weight_status': 'approved_retained_external_normalization_with_inherited_synthetic_weight', 'uncertainty': {'empirical_se': None, 'scale': 0.00044000000000000007, 'type': 'inherited synthetic five-percent calibration scale; NOT a standard error'}}",,,none,none,not applicable,,
coord_theta1,10.616361531535473,False,"Q_.90(NETWORTHR/INCFAMR)/Q_.50(NETWORTHR/INCFAMR), weighted",/Users/tommasodesanto/Desktop/Projects/Fertility/Fertility_Spring26/output/model/e5f_matched_pf_20260909a/design_research/wealth/build_initial_wealth.R,/Users/tommasodesanto/Desktop/Projects/Fertility/Fertility_Spring26/output/model/e5f_matched_pf_20260909a/design_research/observer_contract/observer_contract.json,e5f_early_housing_wealth_observer_review_v2_20260911,psid_old_wealth_dispersion_2003_2005,/Users/tommasodesanto/Desktop/Projects/Fertility/Fertility_Spring26/output/model/e5f_matched_pf_20260909a/design_research/wealth/old_wealth_results.csv,0.306910785103348,early_measurement,0.9840239760564442,"Old wealth/income p90 / median, ages 76–84",10.279856688916398,4.499959062575164,True,af74a6f31e5785cfe189863540379cd9a6c13a44af8c35829673291ab0213f98,housing_wealth.moments.old_total_wealth_to_annual_income_p90_p50_7684,housing_wealth.moments.old_total_wealth_to_annual_income_p90_p50_7684,,,10.616361531535473,old_dispersion,proposed_scored_restriction,"Living PSID reference persons ages 76-84, relation_to_head=10, positive IW, completed children observed, INCFAMR>1000; p90/p50 of NETWORTHR/INCFAMR; 2003-2005; 644 valid family-years/416 IDs; bootstrap population 918 living reference IDs ages 65-84, before outcome/children filters.",/Users/tommasodesanto/Desktop/Projects/Fertility/Fertility_Spring26/output/model/e5f_matched_pf_20260909a/design_research/observer_contract/observer_contract.json#/records/5/sample,True,,3.51593508651872,person bootstrap,"Uniform within-age-cell overlap for ages 76--84 Modeled pension plus configured lump-sum income proxy; not PSID total family income Empirical $1000 real-income and observed-child-history filters are not reproduced At these retirement ages model denominator is pension income (including configured z scaling), while PSID INCFAMR also includes transfers, asset income and other family components. Exact $1000 cutoff is not applied (only income>0), and observed-completed-children selection has no model missingness counterpart. Full 78/82 cells do not cover exactly 76-84. Actual model property-tax lump-sum transfer is zero in this receipt; proxy uses the configured pension-plus-transfer concept.",/Users/tommasodesanto/Desktop/Projects/Fertility/Fertility_Spring26/output/model/e5f_matched_pf_20260909a/initial_calibration_contract/lead_methodological_decision.json,Recorded empirical bootstrap standard error under the retained estimator/sample,frozen_lead_selected_working_minimum_distance_weight,0.306910785103348,"{'adjustment': 'Pin annual-age selection for 76-84; confirm household income mapping and empirical $1000 real-income cutoff in normalized model units. Observe initial stationary state, not 2023. Model quantile is available but sample/income equality is not established.', 'builder': 'output/model/e5f_matched_pf_20260909a/design_research/wealth/build_initial_wealth.R (mirrors audit_intergen_bequest_family_size_targets.R)', 'candidate_diagonal_weight': 10.616361531535473, 'clustering': 'reference-person ID bootstrap', 'data_formula': 'Q_.90(NETWORTHR/INCFAMR)/Q_.50(NETWORTHR/INCFAMR), weighted', 'date': 'PSID survey waves 2003 and 2005', 'estimate': 3.51593508651872, 'fixed_effects': 'none', 'geography': 'national PSID', 'id': 'psid_old_wealth_dispersion_2003_2005', 'mismatch': 'At these retirement ages model denominator is pension income (including configured z scaling), while PSID INCFAMR also includes transfers, asset income and other family components. Exact $1000 cutoff is not applied (only income>0), and observed-completed-children selection has no model missingness counterpart. Full 78/82 cells do not cover exactly 76-84.', 'model_formula': 'Weighted p90/p50 of W/annual_gross_income_at_state using g_asset; annualization divides P income by 4, payroll gross-up only for workers. Existing old mask selects labels 78 and 82. Existing quantile algorithm matches R; no transaction wedge is subtracted from W.', 'production_eligible': False, 'role': 'initial_calibration_restriction', 'sample': 'Living PSID reference persons ages 76-84, relation_to_head=10, positive IW, completed children observed, INCFAMR>1000; p90/p50 of NETWORTHR/INCFAMR; 2003-2005; 644 valid family-years/416 IDs; bootstrap population 918 living reference IDs ages 65-84, before outcome/children filters.', 'status': 'empirical_verified__age_income_mapping_outstanding', 'target_weight_status': 'candidate_inverse_variance_not_activated', 'uncertainty': {'reps': 499, 'se': 0.306910785103348, 'seed': 20260715, 'type': 'person bootstrap'}}",,,reference-person ID bootstrap,none,national PSID,,
coord_theta1,128.02070205233477,False,"sum(HHWT*min(ROOMS,9))/sum(HHWT)",/Users/tommasodesanto/Desktop/Projects/Fertility/Fertility_Spring26/output/model/e5f_matched_pf_20260909a/design_research/housing/inspect_early_housing.py; /Users/tommasodesanto/Desktop/Projects/Fertility/Fertility_Spring26/output/model/e5f_matched_pf_20260909a/design_research/housing/summarize_early_housing.py,/Users/tommasodesanto/Desktop/Projects/Fertility/Fertility_Spring26/output/model/e5f_matched_pf_20260909a/design_research/observer_contract/observer_contract.json,e5f_early_housing_wealth_observer_review_v2_20260911,acs_rooms_2005_2006,/Users/tommasodesanto/Desktop/Projects/Fertility/Fertility_Spring26/output/model/e5f_matched_pf_20260909a/design_research/housing/early_housing_target_candidates.csv,0.08838120078007809,early_measurement,0.86347949114234,"Mean occupied rooms, capped at 9",95.45182983242852,6.424576867260992,True,af74a6f31e5785cfe189863540379cd9a6c13a44af8c35829673291ab0213f98,housing_wealth.moments.aggregate_mean_occupied_rooms_capped9_18_85,housing_wealth.moments.aggregate_mean_occupied_rooms_capped9_18_85,,,128.02070205233477,mean_rooms,proposed_scored_restriction,ACS household heads ages 18-85; occupied renter or owner; HHWT>0; 42 MET2013 cities; 2005-2006 pooled by summed HHWT numerator/denominator; inherits all common_acs_sample filters,/Users/tommasodesanto/Desktop/Projects/Fertility/Fertility_Spring26/output/model/e5f_matched_pf_20260909a/design_research/observer_contract/observer_contract.json#/records/0/sample,True,,5.561097376118652,42-metro bootstrap,"Uniform annual-age exposure and constant policies/distribution within each four-year cell National model versus 42-MET2013 housing sample Existing HistoricalMomentObserver is pinned to 2023 and old 12 rows. min(E[s|collapsed income],9) does not equal E[min(s,9)|income]; compute direct. The initial window and geographic approximation must be retained.",/Users/tommasodesanto/Desktop/Projects/Fertility/Fertility_Spring26/output/model/e5f_matched_pf_20260909a/initial_calibration_contract/lead_methodological_decision.json,Recorded empirical bootstrap standard error under the retained estimator/sample,frozen_lead_selected_working_minimum_distance_weight,0.08838120078007809,"{'adjustment': 'Use g_current and full hR_pol before income collapse; cap each renter/owner observation, then aggregate. All 17 current four-year age cells already span 18-85: validate geometry rather than invent an extra age restriction.', 'builder': 'output/model/e5f_matched_pf_20260909a/design_research/housing/inspect_early_housing.py; summarize_early_housing.py', 'candidate_diagonal_weight': 128.02070205233477, 'clustering': '42 MET2013 city bootstrap', 'data_formula': 'sum(HHWT*min(ROOMS,9))/sum(HHWT)', 'date': '2005-2006', 'estimate': 5.561097376118652, 'fixed_effects': 'none', 'geography': '42 MET2013 city codes; not admitted-PUMA footprint', 'id': 'acs_rooms_2005_2006', 'mismatch': 'Existing HistoricalMomentObserver is pinned to 2023 and old 12 rows. min(E[s|collapsed income],9) does not equal E[min(s,9)|income]; compute direct. The initial window and geographic approximation must be retained.', 'model_formula': 'Current extract_moments: aggregate_housing_demand/total_mass, all 17 age cells, uncapped. Proposed: weighted_mean(min(s,9)) on full g, observed at pre-announcement stationary solution.', 'production_eligible': False, 'role': 'initial_calibration_restriction', 'sample': 'ACS household heads ages 18-85; occupied renter or owner; HHWT>0; 42 MET2013 cities; 2005-2006 pooled by summed HHWT numerator/denominator; inherits all common_acs_sample filters', 'status': 'empirical_verified__cap_operator_needed', 'target_weight_status': 'candidate_inverse_variance_not_activated', 'uncertainty': {'reps': 1000, 'se': 0.08838120078007809, 'seed': 20260910, 'type': '42-metro bootstrap'}}",,,42 MET2013 city bootstrap,none,42 MET2013 city codes; not admitted-PUMA footprint,"{'filters': 'sample=year*100+1; GQ in {1,2}; PERNUM=1; RELATE=1; HHWT>0; 18<=AGE<=85; OWNERSHP in {1,2}; ROOMS>0; MET2013 in pinned 42-code list', 'fixed_effects': 'none', 'geography': 'Direct MET2013 membership in 42 cities; NOT old admitted-PUMA footprint. National fertility/PSID plus metro housing is an explicitly maintained geographic approximation.', 'owner': 'OWNERSHP=1', 'rooms': 'min(ROOMS,9) before any aggregation; pooled household-weighted numerators/denominators, not average yearly ratios', 'structures': 'UNITSSTR in 3:10 for all ownership rows, including both recent-parent comparison groups; no structure restriction for rooms rows', 'survey_waves': [2005, 2006], 'uncertainty': '1000 paired metro-resampling draws, seed 20260910, 42 clusters. Not ACS official survey-design or replicate-weight standard errors.', 'weights_status': 'Inverse marginal variance values below are candidate diagonal weights under the approved design, not a promoted target/weight fingerprint.'}",
coord_theta1,2339.3623724673616,False,sum(HHWT*owner)/sum(HHWT),/Users/tommasodesanto/Desktop/Projects/Fertility/Fertility_Spring26/output/model/e5f_matched_pf_20260909a/design_research/housing/inspect_early_housing.py; /Users/tommasodesanto/Desktop/Projects/Fertility/Fertility_Spring26/output/model/e5f_matched_pf_20260909a/design_research/housing/summarize_early_housing.py,/Users/tommasodesanto/Desktop/Projects/Fertility/Fertility_Spring26/output/model/e5f_matched_pf_20260909a/design_research/observer_contract/observer_contract.json,e5f_early_housing_wealth_observer_review_v2_20260911,acs_ownership_30_55_2005_2006,/Users/tommasodesanto/Desktop/Projects/Fertility/Fertility_Spring26/output/model/e5f_matched_pf_20260909a/design_research/housing/early_housing_target_candidates.csv,0.020675272863460718,early_measurement,-0.10844164871194939,"Ownership, heads 30–55",27.50994511125007,0.5398923856071999,True,af74a6f31e5785cfe189863540379cd9a6c13a44af8c35829673291ab0213f98,housing_wealth.moments.own_rate_30_55,housing_wealth.moments.own_rate_30_55,,,2339.3623724673616,ownership_30_55,proposed_scored_restriction,ACS heads ages 30-55; DUE structures UNITSSTR 3:10; HHWT>0; 42 MET2013 cities; 2005-2006; inherits all common_acs_sample filters,/Users/tommasodesanto/Desktop/Projects/Fertility/Fertility_Spring26/output/model/e5f_matched_pf_20260909a/design_research/observer_contract/observer_contract.json#/records/1/sample,True,,0.6483340343191493,42-metro bootstrap,Uniform annual-age exposure and constant policies/distribution within each four-year cell National model versus 42-MET2013 housing sample ACS DUE structure restriction is not represented by a model state Current nearest-index mask includes full 54-57 cell; no structure-type state allows exact UNITSSTR filtering. Neither issue is resolved by changing the row name.,/Users/tommasodesanto/Desktop/Projects/Fertility/Fertility_Spring26/output/model/e5f_matched_pf_20260909a/initial_calibration_contract/lead_methodological_decision.json,Recorded empirical bootstrap standard error under the retained estimator/sample,frozen_lead_selected_working_minimum_distance_weight,0.020675272863460718,"{'adjustment': 'Use owner indicator on full realized distribution with declared 30-55 age-exposure selector; pin the maintained DUE-to-model-product interpretation.', 'builder': 'output/model/e5f_matched_pf_20260909a/design_research/housing/inspect_early_housing.py; summarize_early_housing.py', 'candidate_diagonal_weight': 2339.3623724673616, 'clustering': '42 MET2013 city bootstrap', 'data_formula': 'sum(HHWT*owner)/sum(HHWT)', 'date': '2005-2006', 'estimate': 0.6483340343191493, 'fixed_effects': 'none', 'geography': '42 MET2013 cities; not admitted-PUMA footprint', 'id': 'acs_ownership_30_55_2005_2006', 'mismatch': 'Current nearest-index mask includes full 54-57 cell; no structure-type state allows exact UNITSSTR filtering. Neither issue is resolved by changing the row name.', 'model_formula': 'own_rate_3055=sum(g[owner tenures, ages 30:55])/sum(g[all tenures, ages 30:55])', 'production_eligible': False, 'role': 'initial_calibration_restriction', 'sample': 'ACS heads ages 30-55; DUE structures UNITSSTR 3:10; HHWT>0; 42 MET2013 cities; 2005-2006; inherits all common_acs_sample filters', 'status': 'empirical_verified__age_and_structure_mapping_outstanding', 'target_weight_status': 'candidate_inverse_variance_not_activated', 'uncertainty': {'reps': 1000, 'se': 0.020675272863460718, 'seed': 20260910, 'type': '42-metro bootstrap'}}",,,42 MET2013 city bootstrap,none,42 MET2013 cities; not admitted-PUMA footprint,"{'filters': 'sample=year*100+1; GQ in {1,2}; PERNUM=1; RELATE=1; HHWT>0; 18<=AGE<=85; OWNERSHP in {1,2}; ROOMS>0; MET2013 in pinned 42-code list', 'fixed_effects': 'none', 'geography': 'Direct MET2013 membership in 42 cities; NOT old admitted-PUMA footprint. National fertility/PSID plus metro housing is an explicitly maintained geographic approximation.', 'owner': 'OWNERSHP=1', 'rooms': 'min(ROOMS,9) before any aggregation; pooled household-weighted numerators/denominators, not average yearly ratios', 'structures': 'UNITSSTR in 3:10 for all ownership rows, including both recent-parent comparison groups; no structure restriction for rooms rows', 'survey_waves': [2005, 2006], 'uncertainty': '1000 paired metro-resampling draws, seed 20260910, 42 clusters. Not ACS official survey-design or replicate-weight standard errors.', 'weights_status': 'Inverse marginal variance values below are candidate diagonal weights under the approved design, not a promoted target/weight fingerprint.'}",
coord_theta1,137.5652749002964,False,"beta(event=+3)-beta(event=-1), omitted event=-2; person/year FE, age/education controls, longitudinal IW",/Users/tommasodesanto/Desktop/Projects/Fertility/Fertility_Spring26/code/data/psid_followup_mar2026/sa_rooms_first_birth_household_aligned_v1.do,/Users/tommasodesanto/Desktop/Projects/Fertility/Fertility_Spring26/output/model/e5f_matched_pf_20260909a/design_research/observer_contract/observer_contract.json,e5f_early_housing_wealth_observer_review_v2_20260911,psid_sa_first_birth_rooms,/Users/tommasodesanto/Desktop/Projects/Fertility/Fertility_Spring26/code/data/psid_followup_mar2026/output/sa_rooms_first_birth_household_aligned_v1/target_receipt.csv,0.0852600513385958,early_measurement,0.26054386495862825,"First-birth room response, −1 to +3",9.338358078489971,0.980790127340156,True,af74a6f31e5785cfe189863540379cd9a6c13a44af8c35829673291ab0213f98,housing_wealth.moments.housing_increment_0to1,housing_wealth.moments.housing_increment_0to1,,,137.5652749002964,first_birth_rooms,proposed_scored_restriction,"Women age 18+, current reference/spouse, positive IW, single-FID dwelling, one woman per household-year; confirmed never-treated controls; 49,457 household-years, 4,112 persons",/Users/tommasodesanto/Desktop/Projects/Fertility/Fertility_Spring26/output/model/e5f_matched_pf_20260909a/design_research/observer_contract/observer_contract.json#/records/7/sample,True,,0.7202462623815278,"Sun-Abraham covariance contrast, clustered individual ID","Pooled PSID response applied to initial stationary economy under stability assumption Matched model risk-set weights differ from Sun-Abraham cohort/event weights; non-flat prepath caveat retained Applying the unchanged pooled contrast to initial stationary economy requires approved stability approximation. Model matched-risk weights differ from estimator cohort/event weights. Non-flat prepath and normalization dependence remain disclosed; September5 normalization check changed point to .730459 with identical fitted values, not a replacement target. Four-year approximation is not literal observed -1/+3 child ages. Keep PSID rooms uncapped; do not import ACS cap.",/Users/tommasodesanto/Desktop/Projects/Fertility/Fertility_Spring26/output/model/e5f_matched_pf_20260909a/initial_calibration_contract/lead_methodological_decision.json,Recorded empirical bootstrap standard error under the retained estimator/sample,frozen_lead_selected_working_minimum_distance_weight,0.0852600513385958,"{'adjustment': 'For an initial stationary observer call begin_dated_first_birth_housing_branch then finish_dated_first_birth_housing_branch with the stationary policy as BOTH dates; retain destination continuation births and no Census age bridge. Do NOT use first_birth_housing_response sequential legacy helper, which suppresses continuation births. Certify the same paired branch with mass/timing checks.', 'builder': 'code/data/psid_followup_mar2026/sa_rooms_first_birth_household_aligned_v1.do; finalize_first_birth_rooms_target_receipt.py', 'candidate_diagonal_weight': 137.5652749002964, 'clustering': 'selected woman stable ID; one household-year observation, primary analytic cluster covariance', 'data_formula': 'beta(event=+3)-beta(event=-1), omitted event=-2; person/year FE, age/education controls, longitudinal IW', 'date': 'Pooled PSID event-time -1 to +3; treated input observations 1970-2019, not an early-only regression', 'estimate': 0.7202462623815278, 'fixed_effects': 'person ID and survey year; age and education controls', 'geography': 'national PSID', 'id': 'psid_sa_first_birth_rooms', 'mismatch': 'Applying the unchanged pooled contrast to initial stationary economy requires approved stability approximation. Model matched-risk weights differ from estimator cohort/event weights. Non-flat prepath and normalization dependence remain disclosed; September5 normalization check changed point to .730459 with identical fitted values, not a replacement target. Four-year approximation is not literal observed -1/+3 child ages. Keep PSID rooms uncapped; do not import ACS cap.', 'model_formula': 'Select successful first births from initial g_pre; clone identical pre-birth states into treated n=1,m=1 and childless control. Advance both one period with origin policies/survival/income/maturation, then realize destination housing with destination policies. Treated may have continuation birth; control stays childless. Difference of destination uncapped rooms equals matched difference in changes.', 'production_eligible': False, 'role': 'initial_calibration_restriction', 'sample': 'Women age 18+, current reference/spouse, positive IW, single-FID dwelling, one woman per household-year; confirmed never-treated controls; 49,457 household-years, 4,112 persons', 'status': 'verified_empirical_contrast__provisional_structural_mapping', 'target_weight_status': 'candidate_inverse_variance_not_activated', 'uncertainty': {'reference_period': -2, 'se': 0.0852600513385958, 'type': 'Sun-Abraham covariance contrast, clustered individual ID', 'variance_formula': 'Var(beta_3)+Var(beta_-1)-2Cov(beta_3,beta_-1)'}}",,,"selected woman stable ID; one household-year observation, primary analytic cluster covariance",person ID and survey year; age and education controls,national PSID,,
coord_theta1,280.52808370152104,False,"E[min(ROOMS,9)|NCHILD>=3,YNGCH<18]-E[min(ROOMS,9)|NCHILD=1-2,YNGCH<18]",/Users/tommasodesanto/Desktop/Projects/Fertility/Fertility_Spring26/output/model/e5f_matched_pf_20260909a/design_research/housing/inspect_early_housing.py; /Users/tommasodesanto/Desktop/Projects/Fertility/Fertility_Spring26/output/model/e5f_matched_pf_20260909a/design_research/housing/summarize_early_housing.py,/Users/tommasodesanto/Desktop/Projects/Fertility/Fertility_Spring26/output/model/e5f_matched_pf_20260909a/design_research/observer_contract/observer_contract.json,e5f_early_housing_wealth_observer_review_v2_20260911,acs_rooms_3plus_minus_1to2_2005_2006,/Users/tommasodesanto/Desktop/Projects/Fertility/Fertility_Spring26/output/model/e5f_matched_pf_20260909a/design_research/housing/early_housing_target_candidates.csv,0.059705154633000496,early_measurement,-0.175023843148173,Rooms: 3+ versus 1–2 resident children (model dependent proxy),8.593513758271328,0.1720430886480777,True,af74a6f31e5785cfe189863540379cd9a6c13a44af8c35829673291ab0213f98,housing_wealth.moments.prime30_55_model_dependent_3plus_minus_1to2_rooms_capped9,housing_wealth.moments.prime30_55_model_dependent_3plus_minus_1to2_rooms_capped9,,,280.52808370152104,family_rooms,proposed_scored_restriction,"ACS heads ages 30-55, YNGCH<18; NCHILD>=3 minus NCHILD=1-2; 42 MET2013 cities; 2005-2006; inherits all common_acs_sample filters",/Users/tommasodesanto/Desktop/Projects/Fertility/Fertility_Spring26/output/model/e5f_matched_pf_20260909a/design_research/observer_contract/observer_contract.json#/records/3/sample,True,,0.3470669317962507,42-metro bootstrap,"Uniform annual-age exposure and constant policies/distribution within each four-year cell National model versus 42-MET2013 housing sample Model dependent counts replace ACS resident own children with YNGCH<18 ACS NCHILD counts ALL resident own children while YNGCH<18 requires at least one minor. Example: ages 4,19,21 is empirical large family but may be one model dependent. m has no deterministic child-age bound under binomial maturation. Verifying independent_count is necessary but insufficient for exact ACS group equivalence.",/Users/tommasodesanto/Desktop/Projects/Fertility/Fertility_Spring26/output/model/e5f_matched_pf_20260909a/initial_calibration_contract/lead_methodological_decision.json,Recorded empirical bootstrap standard error under the retained estimator/sample,frozen_lead_selected_working_minimum_distance_weight,0.059705154633000496,"{'adjustment': 'Cap full income-resolved renter and owner rooms before any collapse. Runtime-assert child_state_mode=independent_count and child_bin_high_cutoff=3. Need explicit resident-child approximation or richer observation information before SMM certification.', 'builder': 'output/model/e5f_matched_pf_20260909a/design_research/housing/inspect_early_housing.py; summarize_early_housing.py', 'candidate_diagonal_weight': 280.52808370152104, 'clustering': '42 MET2013 city bootstrap', 'data_formula': 'E[min(ROOMS,9)|NCHILD>=3,YNGCH<18]-E[min(ROOMS,9)|NCHILD=1-2,YNGCH<18]', 'date': '2005-2006', 'estimate': 0.3470669317962507, 'fixed_effects': 'none', 'geography': '42 MET2013 cities; not admitted-PUMA footprint', 'id': 'acs_rooms_3plus_minus_1to2_2005_2006', 'mismatch': 'ACS NCHILD counts ALL resident own children while YNGCH<18 requires at least one minor. Example: ages 4,19,21 is empirical large family but may be one model dependent. m has no deterministic child-age bound under binomial maturation. Verifying independent_count is necessary but insufficient for exact ACS group equivalence.', 'model_formula': 'Current child_bin_high_cutoff=3 and independent_count use m=cs, subject to cs<=n: high group m>=3; low group 1<=m<=2. Existing moment is uncapped and uses current prime age mask. Proposed proxy: E[min(s,9)|m>=3]-E[min(s,9)|1<=m<=2], with declared age selector.', 'production_eligible': False, 'role': 'initial_calibration_restriction', 'sample': 'ACS heads ages 30-55, YNGCH<18; NCHILD>=3 minus NCHILD=1-2; 42 MET2013 cities; 2005-2006; inherits all common_acs_sample filters', 'status': 'empirical_verified__resident_child_mapping_outstanding', 'target_weight_status': 'candidate_inverse_variance_not_activated', 'uncertainty': {'reps': 1000, 'se': 0.059705154633000496, 'seed': 20260910, 'type': '42-metro bootstrap'}}",,,42 MET2013 city bootstrap,none,42 MET2013 cities; not admitted-PUMA footprint,"{'filters': 'sample=year*100+1; GQ in {1,2}; PERNUM=1; RELATE=1; HHWT>0; 18<=AGE<=85; OWNERSHP in {1,2}; ROOMS>0; MET2013 in pinned 42-code list', 'fixed_effects': 'none', 'geography': 'Direct MET2013 membership in 42 cities; NOT old admitted-PUMA footprint. National fertility/PSID plus metro housing is an explicitly maintained geographic approximation.', 'owner': 'OWNERSHP=1', 'rooms': 'min(ROOMS,9) before any aggregation; pooled household-weighted numerators/denominators, not average yearly ratios', 'structures': 'UNITSSTR in 3:10 for all ownership rows, including both recent-parent comparison groups; no structure restriction for rooms rows', 'survey_waves': [2005, 2006], 'uncertainty': '1000 paired metro-resampling draws, seed 20260910, 42 clusters. Not ACS official survey-design or replicate-weight standard errors.', 'weights_status': 'Inverse marginal variance values below are candidate diagonal weights under the approved design, not a promoted target/weight fingerprint.'}",
coord_theta1,27055.822957508266,False,"Pr(owner|NCHILD>0,ELDCH<4)-Pr(owner|NCHILD=0)",/Users/tommasodesanto/Desktop/Projects/Fertility/Fertility_Spring26/output/model/e5f_matched_pf_20260909a/design_research/housing/inspect_early_housing.py; /Users/tommasodesanto/Desktop/Projects/Fertility/Fertility_Spring26/output/model/e5f_matched_pf_20260909a/design_research/housing/summarize_early_housing.py,/Users/tommasodesanto/Desktop/Projects/Fertility/Fertility_Spring26/output/model/e5f_matched_pf_20260909a/design_research/observer_contract/observer_contract.json,e5f_early_housing_wealth_observer_review_v2_20260911,acs_recent_parent_owner_gap_2005_2006,/Users/tommasodesanto/Desktop/Projects/Fertility/Fertility_Spring26/output/model/e5f_matched_pf_20260909a/design_research/housing/early_housing_target_candidates.csv,0.006079524679464666,recent_parent_observation,-0.018787724412258178,Recent-parent ownership gap,9.550126200708211,0.14410778474897468,True,af74a6f31e5785cfe189863540379cd9a6c13a44af8c35829673291ab0213f98,ownership_current_birth_from_empty_dependent_home_minus_current_empty_home_30_55,model_value,,,27055.822957508266,recent_parent_ownership,proposed_scored_restriction,ACS heads ages 30-55; recent parent NCHILD>0 and ELDCH<4 minus NCHILD=0 controls; 42 MET2013 cities; 2005-2006; inherits all common_acs_sample filters; both groups also require UNITSSTR in 3:10,/Users/tommasodesanto/Desktop/Projects/Fertility/Fertility_Spring26/output/model/e5f_matched_pf_20260909a/design_research/observer_contract/observer_contract.json#/records/2/sample,True,,0.16289550916123285,42-metro bootstrap,"ELDCH is OLDEST resident own child: all resident own children must be under four. Model has no child ages or time since birth; independent binomial maturation has mean 18 years but no deterministic under-18 cutoff. ACS NCHILD=0 includes former parents with no own child resident, whereas model control is lifetime n=0. Adding m=0 controls would still conflate absent dependents with absent resident adult children. Unavailable: ACS oldest resident child under four and no-resident-child controls cannot be reconstructed from dependent counts and lifetime parity",/Users/tommasodesanto/Desktop/Projects/Fertility/Fertility_Spring26/output/model/e5f_matched_pf_20260909a/initial_calibration_contract/lead_methodological_decision.json,Recorded empirical bootstrap standard error under the retained estimator/sample,frozen_lead_selected_working_minimum_distance_weight,0.006079524679464666,"{'adjustment': 'Exact ACS recent-parent group and resident-child controls cannot be recovered from current count-only states. Do not substitute n=0 controls or all m>0 parents without an explicitly approved proxy contract; retain identifying row as blocked rather than silently dropping it.', 'builder': 'output/model/e5f_matched_pf_20260909a/design_research/housing/inspect_early_housing.py; summarize_early_housing.py', 'candidate_diagonal_weight': 27055.822957508266, 'clustering': '42 MET2013 city bootstrap', 'data_formula': 'Pr(owner|NCHILD>0,ELDCH<4)-Pr(owner|NCHILD=0)', 'date': '2005-2006', 'estimate': 0.16289550916123285, 'fixed_effects': 'none', 'geography': '42 MET2013 cities; not admitted-PUMA footprint', 'id': 'acs_recent_parent_owner_gap_2005_2006', 'mismatch': 'ELDCH is OLDEST resident own child: all resident own children must be under four. Model has no child ages or time since birth; independent binomial maturation has mean 18 years but no deterministic under-18 cutoff. ACS NCHILD=0 includes former parents with no own child resident, whereas model control is lifetime n=0. Adding m=0 controls would still conflate absent dependents with absent resident adult children.', 'model_formula': 'Under independent_count: Pr(owner | n>=1,m>0, current prime mask) - Pr(owner | n=0,childless readiness states,current prime mask). newparent_cs includes ALL positive dependent counts, with no recency condition.', 'production_eligible': False, 'role': 'initial_calibration_restriction', 'sample': 'ACS heads ages 30-55; recent parent NCHILD>0 and ELDCH<4 minus NCHILD=0 controls; 42 MET2013 cities; 2005-2006; inherits all common_acs_sample filters; both groups also require UNITSSTR in 3:10', 'status': 'verified_empirical__irreducible_group_mismatch', 'target_weight_status': 'candidate_inverse_variance_not_activated', 'uncertainty': {'reps': 1000, 'se': 0.006079524679464666, 'seed': 20260910, 'type': '42-metro bootstrap'}}",,,42 MET2013 city bootstrap,none,42 MET2013 cities; not admitted-PUMA footprint,"{'filters': 'sample=year*100+1; GQ in {1,2}; PERNUM=1; RELATE=1; HHWT>0; 18<=AGE<=85; OWNERSHP in {1,2}; ROOMS>0; MET2013 in pinned 42-code list', 'fixed_effects': 'none', 'geography': 'Direct MET2013 membership in 42 cities; NOT old admitted-PUMA footprint. National fertility/PSID plus metro housing is an explicitly maintained geographic approximation.', 'owner': 'OWNERSHP=1', 'rooms': 'min(ROOMS,9) before any aggregation; pooled household-weighted numerators/denominators, not average yearly ratios', 'structures': 'UNITSSTR in 3:10 for all ownership rows, including both recent-parent comparison groups; no structure restriction for rooms rows', 'survey_waves': [2005, 2006], 'uncertainty': '1000 paired metro-resampling draws, seed 20260910, 42 clusters. Not ACS official survey-design or replicate-weight standard errors.', 'weights_status': 'Inverse marginal variance values below are candidate diagonal weights under the approved design, not a promoted target/weight fingerprint.'}","{'age_projection': 'uniform_within_age_cell', 'approximation_id': 'early_2007_parenthood_md_working_v1__recent_parent_synchronized_proxy', 'decision_sha256': 'b1d399c290d257e56e008afb6d7b76ac1f69191685c8d9e89a4b0bfb06533c9a', 'decision_source': '/Users/tommasodesanto/Desktop/Projects/Fertility/Fertility_Spring26/output/model/e5f_matched_pf_20260909a/initial_calibration_contract/lead_methodological_decision.json', 'declaration': 'Synchronized post-fertility snapshot; uniform head-age overlap; model dependents proxy resident own children; actual current births from previously empty-dependent homes versus current empty homes inclformerparents. Not an exact annualACS interview reconstruction.', 'diagnostic_allow_residence_proxy': True, 'exact_acs': False, 'maintained': True, 'moment': 'ownership_current_birth_from_empty_dependent_home_minus_current_empty_home_30_55', 'observer_id': 'e5f_recent_parent_flow_diagnostic_v1', 'snapshot': 'synchronized_post_fertility_snapshot'}"
joint_1,,False,"Author-selected stationary model normalization, using maintained top-parity representative; not empirical female period TFR","Author-selected model normalization, not empirical estimation",/Users/tommasodesanto/Desktop/Projects/Fertility/Fertility_Spring26/output/model/e5f_matched_pf_20260909a/OVERNIGHT_PLAN.md,author_initial_model_fertility_2_1,author_2_1,/Users/tommasodesanto/Desktop/Projects/Fertility/Fertility_Spring26/output/model/e5f_matched_pf_20260909a/OVERNIGHT_PLAN.md,,normalization,-1.4441171636736527e-05,Initial model completed fertility,,2.0999855588283634,True,129c74299e730d555a900f10a232265506794d6f296786809330c87178b71783,final.normalization.completed_fertility,completed_fertility,,,,initial_normalization,normalization_separate_from_scored_objective,"Author-selected stationary model normalization, using maintained top-parity representative; not empirical female period TFR","Author-selected model normalization, as explicitly recorded in the preserved target definition",False,,2.1,Author normalization; no empirical SE,Separate from CPS age-window stocks and actual birth/entry accounting.,/Users/tommasodesanto/Desktop/Projects/Fertility/Fertility_Spring26/output/model/e5f_matched_pf_20260909a/initial_calibration_contract/lead_methodological_decision.json,Separate exact normalization within tolerance5e-4,separate_unscored_normalization,,,,,,,,,
joint_1,35532.3042455214,False,Weighted P(FREVER=0) among pooled June 2004 and June 2006 women age 40-44 with valid FREVER 0-20 and positive FRSUPPWT.,/Users/tommasodesanto/Desktop/Projects/Fertility/Fertility_Spring26/output/model/e5f_matched_pf_20260909a/parameter_target_audit/fertility/extract_fertility_availability.py; /Users/tommasodesanto/Desktop/Projects/Fertility/Fertility_Spring26/output/model/e5f_matched_pf_20260909a/design_research/fertility_contract/verify_fertility_contract.py,/Users/tommasodesanto/Desktop/Projects/Fertility/Fertility_Spring26/output/model/e5f_matched_pf_20260909a/design_research/fertility_contract/fertility_target_contract.json,early_cps_nchs_fertility_certification_20260911_v2_not_activated,cps_childless_women_40_44_2004_2006,/Users/tommasodesanto/Desktop/Projects/Fertility/Fertility_Spring26/output/model/e5f_matched_pf_20260909a/parameter_target_audit/fertility/fertility_availability.json,,early_measurement,-0.002528378681058596,"Childless women, ages 40–44",0.2271473171066425,0.19575037232578404,True,129c74299e730d555a900f10a232265506794d6f296786809330c87178b71783,fertility.uniform_birth_time.moments.childless_rate_40_44,fertility.uniform_birth_time.moments.childless_rate_40_44,,,,cps_childlessness,proposed_scored_restriction,"June, femaleSEX2,age40-44,FREVER0-20,FRSUPPWT>0;excludeFREVER999NIU; 2004+2006 pooled weighted records; Weighted P(FREVER=0) among pooled June 2004 and June 2006 women age 40-44 with valid FREVER 0-20 and positive FRSUPPWT.",/Users/tommasodesanto/Desktop/Projects/Fertility/Fertility_Spring26/output/model/e5f_matched_pf_20260909a/parameter_target_audit/fertility/fertility_availability.json#/sample and /Users/tommasodesanto/Desktop/Projects/Fertility/Fertility_Spring26/output/model/e5f_matched_pf_20260909a/design_research/fertility_contract/fertility_target_contract.json#/candidate_moments/0/definition,True,,0.19827875100684264,annual_generalized_variance_approximation_recovered_pooled_covariance_not_certified,Uniform birth-time parity interpolation is the main diagnostic; constant-post-cell sensitivity retained. Model household reproductive member is not certified female exposure; no empirical age reweighting.,/Users/tommasodesanto/Desktop/Projects/Fertility/Fertility_Spring26/output/model/e5f_matched_pf_20260909a/initial_calibration_contract/lead_methodological_decision.json,CPS official annual generalized-variance approximations pooled with fixed observed weights and correlation-one working convention; not design-exact pooled SE,frozen_lead_selected_working_minimum_distance_weight,0.005305035738317728,"{'active_weight': None, 'definition': 'Weighted P(FREVER=0) among pooled June 2004 and June 2006 women age 40-44 with valid FREVER 0-20 and positive FRSUPPWT.', 'id': 'cps_childless_women_40_44_2004_2006', 'model_observer_status': 'blocked_by_age_window_mapping', 'production_active': False, 'reported_value': 0.198279, 'sample_records': 10872, 'uncertainty': {'annual_official_approximate_sampling_gvf_se': {'2004': {'approximate_gvf_se': 0.0052157901461549385, 'b_parameter': 2016, 'denominator_population_units': 11534656.9936, 'value': 0.1928386121957651}, '2006': {'approximate_gvf_se': 0.005396662766690418, 'b_parameter': 2016, 'denominator_population_units': 11234864.9964, 'value': 0.20386405489820397}}, 'pooled_candidates': {'annual': {'2004': {'approximate_gvf_se': 0.0052157901461549385, 'b_parameter': 2016, 'denominator_population_units': 11534656.9936, 'value': 0.1928386121957651}, '2006': {'approximate_gvf_se': 0.005396662766690418, 'b_parameter': 2016, 'denominator_population_units': 11234864.9964, 'value': 0.20386405489820397}}, 'base_share_2004': 0.5065831860091674, 'pooled_fixed_bases_max_positive_correlation_se': 0.005305035738317728, 'pooled_fixed_bases_zero_crossyear_covariance_se': 0.0037512549510131253, 'qualification': 'Annual official generalized-variance approximation. Pooled candidates condition on observed base shares; cross-year covariance and random conditional-mother bases are not certified. Neither scale is adopted.'}, 'sampling_se': None, 'status': 'annual_generalized_variance_approximation_recovered_pooled_covariance_not_certified'}, 'value': 0.19827875100684264, 'weighted_denominator': 22769521.989999805}",IPUMS fertility supplement FRSUPPWT divided10000 as supplied loader; official Census supplement weight crosswalk not independently certified,,,,,,
joint_1,26952.820824310795,False,Weighted P(FREVER=1 | FREVER>=1) in the same pooled CPS sample.,/Users/tommasodesanto/Desktop/Projects/Fertility/Fertility_Spring26/output/model/e5f_matched_pf_20260909a/parameter_target_audit/fertility/extract_fertility_availability.py; /Users/tommasodesanto/Desktop/Projects/Fertility/Fertility_Spring26/output/model/e5f_matched_pf_20260909a/design_research/fertility_contract/verify_fertility_contract.py,/Users/tommasodesanto/Desktop/Projects/Fertility/Fertility_Spring26/output/model/e5f_matched_pf_20260909a/design_research/fertility_contract/fertility_target_contract.json,early_cps_nchs_fertility_certification_20260911_v2_not_activated,cps_exactly_one_among_mothers_40_44_2004_2006,/Users/tommasodesanto/Desktop/Projects/Fertility/Fertility_Spring26/output/model/e5f_matched_pf_20260909a/parameter_target_audit/fertility/fertility_availability.json,,early_measurement,0.0033708688076656834,"Exactly one child among mothers, ages 40–44",0.3062583405132239,0.2170261940278127,True,129c74299e730d555a900f10a232265506794d6f296786809330c87178b71783,fertility.uniform_birth_time.moments.exactly_one_among_mothers_40_44,fertility.uniform_birth_time.moments.exactly_one_among_mothers_40_44,,,,cps_exactly_one,proposed_scored_restriction,"June, femaleSEX2,age40-44,FREVER0-20,FRSUPPWT>0;excludeFREVER999NIU; 2004+2006 pooled weighted records; Weighted P(FREVER=1 | FREVER>=1) in the same pooled CPS sample.",/Users/tommasodesanto/Desktop/Projects/Fertility/Fertility_Spring26/output/model/e5f_matched_pf_20260909a/parameter_target_audit/fertility/fertility_availability.json#/sample and /Users/tommasodesanto/Desktop/Projects/Fertility/Fertility_Spring26/output/model/e5f_matched_pf_20260909a/design_research/fertility_contract/fertility_target_contract.json#/candidate_moments/1/definition,True,,0.21365532522014702,annual_generalized_variance_approximation_recovered_pooled_covariance_not_certified,Uniform birth-time parity interpolation is the main diagnostic; constant-post-cell sensitivity retained. Model household reproductive member is not certified female exposure; no empirical age reweighting.,/Users/tommasodesanto/Desktop/Projects/Fertility/Fertility_Spring26/output/model/e5f_matched_pf_20260909a/initial_calibration_contract/lead_methodological_decision.json,CPS official annual generalized-variance approximations pooled with fixed observed weights and correlation-one working convention; not design-exact pooled SE,frozen_lead_selected_working_minimum_distance_weight,0.0060911302714076404,"{'active_weight': None, 'definition': 'Weighted P(FREVER=1 | FREVER>=1) in the same pooled CPS sample.', 'id': 'cps_exactly_one_among_mothers_40_44_2004_2006', 'model_observer_status': 'blocked_by_age_window_mapping; literal parity-one conditional-on-parenthood stock, not a continuation hazard', 'production_active': False, 'reported_value': 0.213655, 'uncertainty': {'annual_official_approximate_sampling_gvf_se': {'2004': {'approximate_gvf_se': 0.006046407789789988, 'b_parameter': 2016, 'denominator_population_units': 9310329.7468, 'value': 0.21511000477596962}, '2006': {'approximate_gvf_se': 0.006137682005815865, 'b_parameter': 2016, 'denominator_population_units': 8944479.862, 'value': 0.21214114591071567}}, 'pooled_candidates': {'annual': {'2004': {'approximate_gvf_se': 0.006046407789789988, 'b_parameter': 2016, 'denominator_population_units': 9310329.7468, 'value': 0.21511000477596962}, '2006': {'approximate_gvf_se': 0.006137682005815865, 'b_parameter': 2016, 'denominator_population_units': 8944479.862, 'value': 0.21214114591071567}}, 'base_share_2004': 0.5100206436725485, 'pooled_fixed_bases_max_positive_correlation_se': 0.0060911302714076404, 'pooled_fixed_bases_zero_crossyear_covariance_se': 0.004307418797745566, 'qualification': 'Annual official generalized-variance approximation. Pooled candidates condition on observed base shares; cross-year covariance and random conditional-mother bases are not certified. Neither scale is adopted.'}, 'sampling_se': None, 'status': 'annual_generalized_variance_approximation_recovered_pooled_covariance_not_certified'}, 'value': 0.21365532522014702, 'weighted_mother_denominator': 18254809.608799897, 'weighted_numerator': 3900237.283800007}",IPUMS fertility supplement FRSUPPWT divided10000 as supplied loader; official Census supplement weight crosswalk not independently certified,,,,,,
joint_1,139.82806784479274,False,"Pooled national first-birth counts ages 12-49, 2003-2006; age <=21 mapped to midpoint 20, 22-25 to 24, ..., age >=42 to 44; count-weighted mean.",/Users/tommasodesanto/Desktop/Projects/Fertility/Fertility_Spring26/code/data/nchs_natality_timing/build_first_birth_timing.R; /Users/tommasodesanto/Desktop/Projects/Fertility/Fertility_Spring26/output/model/e5f_matched_pf_20260909a/design_research/fertility_contract/verify_fertility_contract.py,/Users/tommasodesanto/Desktop/Projects/Fertility/Fertility_Spring26/output/model/e5f_matched_pf_20260909a/design_research/fertility_contract/fertility_target_contract.json,early_cps_nchs_fertility_certification_20260911_v2_not_activated,nchs_period_mean_age_first_birth_2003_2006,/Users/tommasodesanto/Desktop/Projects/Fertility/Fertility_Spring26/code/data/nchs_natality_timing/first_birth_counts_year_age.csv,,early_measurement,0.11317587926440353,Period mean first-birth age,1.7910269095275881,26.0894397402569,True,129c74299e730d555a900f10a232265506794d6f296786809330c87178b71783,fertility.uniform_birth_time.moments.period_mean_age_first_birth,fertility.uniform_birth_time.moments.period_mean_age_first_birth,,,,nchs_mean_age,proposed_scored_restriction,"US-named raw files; exact/decoded age12-49 and known live-birth order1; 2003 under15 recode mapped14; Pooled national first-birth counts ages 12-49, 2003-2006; age <=21 mapped to midpoint 20, 22-25 to 24, ..., age >=42 to 44; count-weighted mean.",/Users/tommasodesanto/Desktop/Projects/Fertility/Fertility_Spring26/output/model/e5f_matched_pf_20260909a/design_research/fertility_contract/fertility_target_contract.json#/nchs_source_cautions/sample and #/candidate_moments/2/definition,True,,25.976263860992496,national_count_not_probability_sample,"First-birth flow timing, not completed-cohort timing. Household maternal proxy; empirical under-18/over-45 tail collapse retained; raw builder residence and unknown-order comparability remain unresolved.",/Users/tommasodesanto/Desktop/Projects/Fertility/Fertility_Spring26/output/model/e5f_matched_pf_20260909a/initial_calibration_contract/lead_methodological_decision.json,2003–2006 annual temporal SD: chosen typical-year discrepancy scale for approximate stationary target; not sampling SE,frozen_lead_selected_working_minimum_distance_weight,0.0845673694617251,"{'active_weight': None, 'definition': 'Pooled national first-birth counts ages 12-49, 2003-2006; age <=21 mapped to midpoint 20, 22-25 to 24, ..., age >=42 to 44; count-weighted mean.', 'first_birth_count': 6611269, 'id': 'nchs_period_mean_age_first_birth_2003_2006', 'model_observer_status': 'dated_flow_primitive_available_scored_period_adapter_and_population_mapping_not_certified', 'production_active': False, 'reported_value': 25.976264, 'uncertainty': {'annual_2003_2006_sample_sd': 0.0845673694617251, 'conditional_multinomial_process_se': 0.002249891508714525, 'conditional_multinomial_qualification': 'Model-based process variation conditional on total first births; not a sampling SE and not adopted for SMM. Our mean-age delta-method extension is not a quoted NCHS formula.', 'note': 'annual SD is period variation, not a sampling SE', 'sampling_se': None, 'status': 'national_count_not_probability_sample', 'temporal_variation': {'annual_range': 0.18579015118294961, 'annual_sample_sd': 0.0845673694617251, 'maximum_leave_one_year_shift': 0.03969117381891607}}, 'value': 25.976263860992496}",,None in authoritative builder: reads age/order only. Do not label exact sample US-resident births without verification.,,,,,
joint_1,13866.065434728798,False,"Pooled national first-birth counts ages 12-49, 2003-2006; exact maternal age >=30 divided by all first births in the pooled window.",/Users/tommasodesanto/Desktop/Projects/Fertility/Fertility_Spring26/code/data/nchs_natality_timing/build_first_birth_timing.R; /Users/tommasodesanto/Desktop/Projects/Fertility/Fertility_Spring26/output/model/e5f_matched_pf_20260909a/design_research/fertility_contract/verify_fertility_contract.py,/Users/tommasodesanto/Desktop/Projects/Fertility/Fertility_Spring26/output/model/e5f_matched_pf_20260909a/design_research/fertility_contract/fertility_target_contract.json,early_cps_nchs_fertility_certification_20260911_v2_not_activated,nchs_period_first_birth_share_age30plus_2003_2006,/Users/tommasodesanto/Desktop/Projects/Fertility/Fertility_Spring26/code/data/nchs_natality_timing/first_birth_counts_year_age.csv,,early_measurement,-0.017290066997407982,First births at age 30+,4.1452105764778695,0.23198794604365872,True,129c74299e730d555a900f10a232265506794d6f296786809330c87178b71783,fertility.uniform_birth_time.moments.period_share_first_births_age30plus,fertility.uniform_birth_time.moments.period_share_first_births_age30plus,,,,nchs_share30,proposed_scored_restriction,"US-named raw files; exact/decoded age12-49 and known live-birth order1; 2003 under15 recode mapped14; Pooled national first-birth counts ages 12-49, 2003-2006; exact maternal age >=30 divided by all first births in the pooled window.",/Users/tommasodesanto/Desktop/Projects/Fertility/Fertility_Spring26/output/model/e5f_matched_pf_20260909a/design_research/fertility_contract/fertility_target_contract.json#/nchs_source_cautions/sample and #/candidate_moments/3/definition,True,,0.2492780130410667,national_count_not_probability_sample,"First-birth flow timing, not completed-cohort timing. Household maternal proxy; empirical under-18/over-45 tail collapse retained; raw builder residence and unknown-order comparability remain unresolved.",/Users/tommasodesanto/Desktop/Projects/Fertility/Fertility_Spring26/output/model/e5f_matched_pf_20260909a/initial_calibration_contract/lead_methodological_decision.json,2003–2006 annual temporal SD: chosen typical-year discrepancy scale for approximate stationary target; not sampling SE,frozen_lead_selected_working_minimum_distance_weight,0.00849226186213262,"{'active_weight': None, 'definition': 'Pooled national first-birth counts ages 12-49, 2003-2006; exact maternal age >=30 divided by all first births in the pooled window.', 'first_birth_count': 6611269, 'id': 'nchs_period_first_birth_share_age30plus_2003_2006', 'model_observer_status': 'dated_flow_primitive_available_scored_period_adapter_and_population_mapping_not_certified', 'production_active': False, 'reported_value': 0.249278, 'uncertainty': {'annual_2003_2006_sample_sd': 0.00849226186213262, 'conditional_multinomial_process_se': 0.000168243827885977, 'conditional_multinomial_qualification': 'Model-based process variation conditional on total first births; not a sampling SE and not adopted for SMM. Our mean-age delta-method extension is not a quoted NCHS formula.', 'note': 'annual SD is period variation, not a sampling SE', 'sampling_se': None, 'status': 'national_count_not_probability_sample', 'temporal_variation': {'annual_range': 0.01924403073634498, 'annual_sample_sd': 0.00849226186213262, 'maximum_leave_one_year_shift': 0.0037096109032545843}}, 'value': 0.2492780130410667}",,None in authoritative builder: reads age/order only. Do not label exact sample US-resident births without verification.,,,,,
joint_1,7.595098472533724,False,sum(IW*NETWORTHR)/sum_{age<=65}(IW*EARNINDRRC),/Users/tommasodesanto/Desktop/Projects/Fertility/Fertility_Spring26/output/model/e5f_matched_pf_20260909a/design_research/wealth/build_initial_wealth.R,/Users/tommasodesanto/Desktop/Projects/Fertility/Fertility_Spring26/output/model/e5f_matched_pf_20260909a/design_research/observer_contract/observer_contract.json,e5f_early_housing_wealth_observer_review_v2_20260911,psid_wealth_gross_earnings_2003_2005,/Users/tommasodesanto/Desktop/Projects/Fertility/Fertility_Spring26/output/model/e5f_matched_pf_20260909a/design_research/wealth/aggregate_wealth_results.csv,0.36285515343369,early_measurement,-1.3010454800525562,Wealth / annual gross labor earnings,12.856370082511999,4.844815914404874,True,129c74299e730d555a900f10a232265506794d6f296786809330c87178b71783,housing_wealth.moments.aggregate_wealth_to_annual_gross_labor_earnings,housing_wealth.moments.aggregate_wealth_to_annual_gross_labor_earnings,,,7.595098472533724,wealth_earnings,proposed_scored_restriction,"PSID reference persons ages 18-85, relation_to_head=10, positive IW, finite NETWORTHR; working-age gross earnings required/nonnegative; 2003-2005; actual selected waves 2003 and 2005; 10,828 family-years/6,018 IDs in wealth, 9,265 family-years/5,215 IDs in earnings.",/Users/tommasodesanto/Desktop/Projects/Fertility/Fertility_Spring26/output/model/e5f_matched_pf_20260909a/design_research/observer_contract/observer_contract.json#/records/4/sample,True,,6.14586139445743,person bootstrap,National PSID household-income normalization; survey-wave stock/flow dates inherited RP/spouse household earnings is the intended labor-income concept. Missing within-wave wealth valuation versus earnings reference-year metadata remains a calendar certification limit; national household income normalization and selection on finite outcomes are maintained approximations.,/Users/tommasodesanto/Desktop/Projects/Fertility/Fertility_Spring26/output/model/e5f_matched_pf_20260909a/initial_calibration_contract/lead_methodological_decision.json,Recorded empirical bootstrap standard error under the retained estimator/sample,frozen_lead_selected_working_minimum_distance_weight,0.36285515343369,"{'adjustment': 'Observe the pre-announcement stationary state using coherent beginning-period g_asset; use actual pension-consistent parameters. Gross earnings formula and 18-65 cell coverage match the intended earnings concept; no automatic 2023 reuse.', 'builder': 'output/model/e5f_matched_pf_20260909a/design_research/wealth/build_initial_wealth.R (mirrors audit_aggregate_wealth_earnings_ratio.R)', 'candidate_diagonal_weight': 7.595098472533724, 'clustering': 'reference-person ID bootstrap', 'data_formula': 'sum(IW*NETWORTHR)/sum_{age<=65}(IW*EARNINDRRC)', 'date': 'PSID survey waves 2003 and 2005, not an audited same-calendar stock/flow date', 'estimate': 6.14586139445743, 'fixed_effects': 'none', 'geography': 'national PSID', 'id': 'psid_wealth_gross_earnings_2003_2005', 'mismatch': 'RP/spouse household earnings is the intended labor-income concept. Missing within-wave wealth valuation versus earnings reference-year metadata remains a calendar certification limit; national household income normalization and selection on finite outcomes are maintained approximations.', 'model_formula': 'sum_x g_asset(x)*(b+1_owner*p*H) / sum_{j<J_R} g_asset(x)*[P.income(i,j)*z/((1-tau_pay)*4)]. All living 18-85 wealth cells; 12 working cells cover 18-65. P.income is already a four-year flow after payroll tax.', 'production_eligible': False, 'role': 'initial_calibration_restriction', 'sample': 'PSID reference persons ages 18-85, relation_to_head=10, positive IW, finite NETWORTHR; working-age gross earnings required/nonnegative; 2003-2005; actual selected waves 2003 and 2005; 10,828 family-years/6,018 IDs in wealth, 9,265 family-years/5,215 IDs in earnings.', 'status': 'verified_empirical__model_formula_available', 'target_weight_status': 'candidate_inverse_variance_not_activated', 'uncertainty': {'reps': 999, 'se': 0.36285515343369, 'seed': 20260723, 'type': 'person bootstrap'}}",,,reference-person ID bootstrap,none,national PSID,,
joint_1,5165289.256198346,False,annual bequest flow / aggregate wealth,No microdata builder; external literature normalization,/Users/tommasodesanto/Desktop/Projects/Fertility/Fertility_Spring26/output/model/e5f_matched_pf_20260909a/design_research/observer_contract/observer_contract.json,e5f_early_housing_wealth_observer_review_v2_20260911,external_annual_bequest_wealth,/Users/tommasodesanto/Desktop/Projects/Fertility/Fertility_Spring26/tmp/e5f_matched_pf/code/model/intergen_eqscale_seq_optimized/e5_target_provenance.csv,,early_measurement,-0.00019850404969689456,Annual bequests / aggregate wealth,0.2035323230685288,0.008601495950303106,True,129c74299e730d555a900f10a232265506794d6f296786809330c87178b71783,housing_wealth.moments.annual_bequest_flow_to_aggregate_wealth,housing_wealth.moments.annual_bequest_flow_to_aggregate_wealth,,5165289.256198346,,bequest_wealth,proposed_scored_restriction,external restriction,/Users/tommasodesanto/Desktop/Projects/Fertility/Fertility_Spring26/output/model/e5f_matched_pf_20260909a/design_research/observer_contract/observer_contract.json#/records/6/sample,True,0.00044000000000000007,0.0088,inherited synthetic five-percent calibration scale; NOT a standard error,"External historical restriction; synthetic uncertainty; forced terminal deaths Borrowed historical annual aggregate flow is imperfectly matched to model mortality, nonnegative estates and forced terminal deaths; no initial PSID sample or empirical SE. Gale-Scholz/De Nardi-Yang provenance is inherited, not freshly reviewed literature.",/Users/tommasodesanto/Desktop/Projects/Fertility/Fertility_Spring26/output/model/e5f_matched_pf_20260909a/initial_calibration_contract/lead_methodological_decision.json,Inherited synthetic five-percent target scale; not empirical SE,frozen_lead_selected_working_minimum_distance_weight,0.00044000000000000007,"{'adjustment': 'Keep explicitly external or replace only with a separately identified bequest-block decision and Jacobian check.', 'builder': 'No project microdata builder; provenance ledger identifies Gale-Scholz historical normalization transmitted through De Nardi-Yang', 'candidate_diagonal_weight': 5165289.256198346, 'clustering': 'none', 'data_formula': 'annual bequest flow / aggregate wealth', 'date': 'not a measured initial window', 'estimate': 0.0088, 'fixed_effects': 'none', 'geography': 'not applicable', 'id': 'external_annual_bequest_wealth', 'mismatch': 'Borrowed historical annual aggregate flow is imperfectly matched to model mortality, nonnegative estates and forced terminal deaths; no initial PSID sample or empirical SE. Gale-Scholz/De Nardi-Yang provenance is inherited, not freshly reviewed literature.', 'model_formula': '[sum_x (1-survival_j)*g_current(x)*max(bp_pol(x)+1_owner*p*H,0)/4] / sum_x g_asset(x)*(b+1_owner*p*H). Terminal death probability forced to 1; earlier death probabilities from survival. Debt/transaction timing must remain coherent.', 'production_eligible': False, 'role': 'initial_calibration_restriction', 'sample': 'external restriction', 'status': 'externally_fixed__not_an_initial_microdata_observer', 'target_weight_status': 'approved_retained_external_normalization_with_inherited_synthetic_weight', 'uncertainty': {'empirical_se': None, 'scale': 0.00044000000000000007, 'type': 'inherited synthetic five-percent calibration scale; NOT a standard error'}}",,,none,none,not applicable,,
joint_1,10.616361531535473,False,"Q_.90(NETWORTHR/INCFAMR)/Q_.50(NETWORTHR/INCFAMR), weighted",/Users/tommasodesanto/Desktop/Projects/Fertility/Fertility_Spring26/output/model/e5f_matched_pf_20260909a/design_research/wealth/build_initial_wealth.R,/Users/tommasodesanto/Desktop/Projects/Fertility/Fertility_Spring26/output/model/e5f_matched_pf_20260909a/design_research/observer_contract/observer_contract.json,e5f_early_housing_wealth_observer_review_v2_20260911,psid_old_wealth_dispersion_2003_2005,/Users/tommasodesanto/Desktop/Projects/Fertility/Fertility_Spring26/output/model/e5f_matched_pf_20260909a/design_research/wealth/old_wealth_results.csv,0.306910785103348,early_measurement,1.0289302414777328,"Old wealth/income p90 / median, ages 76–84",11.239514794951695,4.544865327996453,True,129c74299e730d555a900f10a232265506794d6f296786809330c87178b71783,housing_wealth.moments.old_total_wealth_to_annual_income_p90_p50_7684,housing_wealth.moments.old_total_wealth_to_annual_income_p90_p50_7684,,,10.616361531535473,old_dispersion,proposed_scored_restriction,"Living PSID reference persons ages 76-84, relation_to_head=10, positive IW, completed children observed, INCFAMR>1000; p90/p50 of NETWORTHR/INCFAMR; 2003-2005; 644 valid family-years/416 IDs; bootstrap population 918 living reference IDs ages 65-84, before outcome/children filters.",/Users/tommasodesanto/Desktop/Projects/Fertility/Fertility_Spring26/output/model/e5f_matched_pf_20260909a/design_research/observer_contract/observer_contract.json#/records/5/sample,True,,3.51593508651872,person bootstrap,"Uniform within-age-cell overlap for ages 76--84 Modeled pension plus configured lump-sum income proxy; not PSID total family income Empirical $1000 real-income and observed-child-history filters are not reproduced At these retirement ages model denominator is pension income (including configured z scaling), while PSID INCFAMR also includes transfers, asset income and other family components. Exact $1000 cutoff is not applied (only income>0), and observed-completed-children selection has no model missingness counterpart. Full 78/82 cells do not cover exactly 76-84. Actual model property-tax lump-sum transfer is zero in this receipt; proxy uses the configured pension-plus-transfer concept.",/Users/tommasodesanto/Desktop/Projects/Fertility/Fertility_Spring26/output/model/e5f_matched_pf_20260909a/initial_calibration_contract/lead_methodological_decision.json,Recorded empirical bootstrap standard error under the retained estimator/sample,frozen_lead_selected_working_minimum_distance_weight,0.306910785103348,"{'adjustment': 'Pin annual-age selection for 76-84; confirm household income mapping and empirical $1000 real-income cutoff in normalized model units. Observe initial stationary state, not 2023. Model quantile is available but sample/income equality is not established.', 'builder': 'output/model/e5f_matched_pf_20260909a/design_research/wealth/build_initial_wealth.R (mirrors audit_intergen_bequest_family_size_targets.R)', 'candidate_diagonal_weight': 10.616361531535473, 'clustering': 'reference-person ID bootstrap', 'data_formula': 'Q_.90(NETWORTHR/INCFAMR)/Q_.50(NETWORTHR/INCFAMR), weighted', 'date': 'PSID survey waves 2003 and 2005', 'estimate': 3.51593508651872, 'fixed_effects': 'none', 'geography': 'national PSID', 'id': 'psid_old_wealth_dispersion_2003_2005', 'mismatch': 'At these retirement ages model denominator is pension income (including configured z scaling), while PSID INCFAMR also includes transfers, asset income and other family components. Exact $1000 cutoff is not applied (only income>0), and observed-completed-children selection has no model missingness counterpart. Full 78/82 cells do not cover exactly 76-84.', 'model_formula': 'Weighted p90/p50 of W/annual_gross_income_at_state using g_asset; annualization divides P income by 4, payroll gross-up only for workers. Existing old mask selects labels 78 and 82. Existing quantile algorithm matches R; no transaction wedge is subtracted from W.', 'production_eligible': False, 'role': 'initial_calibration_restriction', 'sample': 'Living PSID reference persons ages 76-84, relation_to_head=10, positive IW, completed children observed, INCFAMR>1000; p90/p50 of NETWORTHR/INCFAMR; 2003-2005; 644 valid family-years/416 IDs; bootstrap population 918 living reference IDs ages 65-84, before outcome/children filters.', 'status': 'empirical_verified__age_income_mapping_outstanding', 'target_weight_status': 'candidate_inverse_variance_not_activated', 'uncertainty': {'reps': 499, 'se': 0.306910785103348, 'seed': 20260715, 'type': 'person bootstrap'}}",,,reference-person ID bootstrap,none,national PSID,,
joint_1,128.02070205233477,False,"sum(HHWT*min(ROOMS,9))/sum(HHWT)",/Users/tommasodesanto/Desktop/Projects/Fertility/Fertility_Spring26/output/model/e5f_matched_pf_20260909a/design_research/housing/inspect_early_housing.py; /Users/tommasodesanto/Desktop/Projects/Fertility/Fertility_Spring26/output/model/e5f_matched_pf_20260909a/design_research/housing/summarize_early_housing.py,/Users/tommasodesanto/Desktop/Projects/Fertility/Fertility_Spring26/output/model/e5f_matched_pf_20260909a/design_research/observer_contract/observer_contract.json,e5f_early_housing_wealth_observer_review_v2_20260911,acs_rooms_2005_2006,/Users/tommasodesanto/Desktop/Projects/Fertility/Fertility_Spring26/output/model/e5f_matched_pf_20260909a/design_research/housing/early_housing_target_candidates.csv,0.08838120078007809,early_measurement,0.8754770109479617,"Mean occupied rooms, capped at 9",98.12274687235647,6.436574387066614,True,129c74299e730d555a900f10a232265506794d6f296786809330c87178b71783,housing_wealth.moments.aggregate_mean_occupied_rooms_capped9_18_85,housing_wealth.moments.aggregate_mean_occupied_rooms_capped9_18_85,,,128.02070205233477,mean_rooms,proposed_scored_restriction,ACS household heads ages 18-85; occupied renter or owner; HHWT>0; 42 MET2013 cities; 2005-2006 pooled by summed HHWT numerator/denominator; inherits all common_acs_sample filters,/Users/tommasodesanto/Desktop/Projects/Fertility/Fertility_Spring26/output/model/e5f_matched_pf_20260909a/design_research/observer_contract/observer_contract.json#/records/0/sample,True,,5.561097376118652,42-metro bootstrap,"Uniform annual-age exposure and constant policies/distribution within each four-year cell National model versus 42-MET2013 housing sample Existing HistoricalMomentObserver is pinned to 2023 and old 12 rows. min(E[s|collapsed income],9) does not equal E[min(s,9)|income]; compute direct. The initial window and geographic approximation must be retained.",/Users/tommasodesanto/Desktop/Projects/Fertility/Fertility_Spring26/output/model/e5f_matched_pf_20260909a/initial_calibration_contract/lead_methodological_decision.json,Recorded empirical bootstrap standard error under the retained estimator/sample,frozen_lead_selected_working_minimum_distance_weight,0.08838120078007809,"{'adjustment': 'Use g_current and full hR_pol before income collapse; cap each renter/owner observation, then aggregate. All 17 current four-year age cells already span 18-85: validate geometry rather than invent an extra age restriction.', 'builder': 'output/model/e5f_matched_pf_20260909a/design_research/housing/inspect_early_housing.py; summarize_early_housing.py', 'candidate_diagonal_weight': 128.02070205233477, 'clustering': '42 MET2013 city bootstrap', 'data_formula': 'sum(HHWT*min(ROOMS,9))/sum(HHWT)', 'date': '2005-2006', 'estimate': 5.561097376118652, 'fixed_effects': 'none', 'geography': '42 MET2013 city codes; not admitted-PUMA footprint', 'id': 'acs_rooms_2005_2006', 'mismatch': 'Existing HistoricalMomentObserver is pinned to 2023 and old 12 rows. min(E[s|collapsed income],9) does not equal E[min(s,9)|income]; compute direct. The initial window and geographic approximation must be retained.', 'model_formula': 'Current extract_moments: aggregate_housing_demand/total_mass, all 17 age cells, uncapped. Proposed: weighted_mean(min(s,9)) on full g, observed at pre-announcement stationary solution.', 'production_eligible': False, 'role': 'initial_calibration_restriction', 'sample': 'ACS household heads ages 18-85; occupied renter or owner; HHWT>0; 42 MET2013 cities; 2005-2006 pooled by summed HHWT numerator/denominator; inherits all common_acs_sample filters', 'status': 'empirical_verified__cap_operator_needed', 'target_weight_status': 'candidate_inverse_variance_not_activated', 'uncertainty': {'reps': 1000, 'se': 0.08838120078007809, 'seed': 20260910, 'type': '42-metro bootstrap'}}",,,42 MET2013 city bootstrap,none,42 MET2013 city codes; not admitted-PUMA footprint,"{'filters': 'sample=year*100+1; GQ in {1,2}; PERNUM=1; RELATE=1; HHWT>0; 18<=AGE<=85; OWNERSHP in {1,2}; ROOMS>0; MET2013 in pinned 42-code list', 'fixed_effects': 'none', 'geography': 'Direct MET2013 membership in 42 cities; NOT old admitted-PUMA footprint. National fertility/PSID plus metro housing is an explicitly maintained geographic approximation.', 'owner': 'OWNERSHP=1', 'rooms': 'min(ROOMS,9) before any aggregation; pooled household-weighted numerators/denominators, not average yearly ratios', 'structures': 'UNITSSTR in 3:10 for all ownership rows, including both recent-parent comparison groups; no structure restriction for rooms rows', 'survey_waves': [2005, 2006], 'uncertainty': '1000 paired metro-resampling draws, seed 20260910, 42 clusters. Not ACS official survey-design or replicate-weight standard errors.', 'weights_status': 'Inverse marginal variance values below are candidate diagonal weights under the approved design, not a promoted target/weight fingerprint.'}",
joint_1,2339.3623724673616,False,sum(HHWT*owner)/sum(HHWT),/Users/tommasodesanto/Desktop/Projects/Fertility/Fertility_Spring26/output/model/e5f_matched_pf_20260909a/design_research/housing/inspect_early_housing.py; /Users/tommasodesanto/Desktop/Projects/Fertility/Fertility_Spring26/output/model/e5f_matched_pf_20260909a/design_research/housing/summarize_early_housing.py,/Users/tommasodesanto/Desktop/Projects/Fertility/Fertility_Spring26/output/model/e5f_matched_pf_20260909a/design_research/observer_contract/observer_contract.json,e5f_early_housing_wealth_observer_review_v2_20260911,acs_ownership_30_55_2005_2006,/Users/tommasodesanto/Desktop/Projects/Fertility/Fertility_Spring26/output/model/e5f_matched_pf_20260909a/design_research/housing/early_housing_target_candidates.csv,0.020675272863460718,early_measurement,-0.09954039734363807,"Ownership, heads 30–55",23.179082446836848,0.5487936369755112,True,129c74299e730d555a900f10a232265506794d6f296786809330c87178b71783,housing_wealth.moments.own_rate_30_55,housing_wealth.moments.own_rate_30_55,,,2339.3623724673616,ownership_30_55,proposed_scored_restriction,ACS heads ages 30-55; DUE structures UNITSSTR 3:10; HHWT>0; 42 MET2013 cities; 2005-2006; inherits all common_acs_sample filters,/Users/tommasodesanto/Desktop/Projects/Fertility/Fertility_Spring26/output/model/e5f_matched_pf_20260909a/design_research/observer_contract/observer_contract.json#/records/1/sample,True,,0.6483340343191493,42-metro bootstrap,Uniform annual-age exposure and constant policies/distribution within each four-year cell National model versus 42-MET2013 housing sample ACS DUE structure restriction is not represented by a model state Current nearest-index mask includes full 54-57 cell; no structure-type state allows exact UNITSSTR filtering. Neither issue is resolved by changing the row name.,/Users/tommasodesanto/Desktop/Projects/Fertility/Fertility_Spring26/output/model/e5f_matched_pf_20260909a/initial_calibration_contract/lead_methodological_decision.json,Recorded empirical bootstrap standard error under the retained estimator/sample,frozen_lead_selected_working_minimum_distance_weight,0.020675272863460718,"{'adjustment': 'Use owner indicator on full realized distribution with declared 30-55 age-exposure selector; pin the maintained DUE-to-model-product interpretation.', 'builder': 'output/model/e5f_matched_pf_20260909a/design_research/housing/inspect_early_housing.py; summarize_early_housing.py', 'candidate_diagonal_weight': 2339.3623724673616, 'clustering': '42 MET2013 city bootstrap', 'data_formula': 'sum(HHWT*owner)/sum(HHWT)', 'date': '2005-2006', 'estimate': 0.6483340343191493, 'fixed_effects': 'none', 'geography': '42 MET2013 cities; not admitted-PUMA footprint', 'id': 'acs_ownership_30_55_2005_2006', 'mismatch': 'Current nearest-index mask includes full 54-57 cell; no structure-type state allows exact UNITSSTR filtering. Neither issue is resolved by changing the row name.', 'model_formula': 'own_rate_3055=sum(g[owner tenures, ages 30:55])/sum(g[all tenures, ages 30:55])', 'production_eligible': False, 'role': 'initial_calibration_restriction', 'sample': 'ACS heads ages 30-55; DUE structures UNITSSTR 3:10; HHWT>0; 42 MET2013 cities; 2005-2006; inherits all common_acs_sample filters', 'status': 'empirical_verified__age_and_structure_mapping_outstanding', 'target_weight_status': 'candidate_inverse_variance_not_activated', 'uncertainty': {'reps': 1000, 'se': 0.020675272863460718, 'seed': 20260910, 'type': '42-metro bootstrap'}}",,,42 MET2013 city bootstrap,none,42 MET2013 cities; not admitted-PUMA footprint,"{'filters': 'sample=year*100+1; GQ in {1,2}; PERNUM=1; RELATE=1; HHWT>0; 18<=AGE<=85; OWNERSHP in {1,2}; ROOMS>0; MET2013 in pinned 42-code list', 'fixed_effects': 'none', 'geography': 'Direct MET2013 membership in 42 cities; NOT old admitted-PUMA footprint. National fertility/PSID plus metro housing is an explicitly maintained geographic approximation.', 'owner': 'OWNERSHP=1', 'rooms': 'min(ROOMS,9) before any aggregation; pooled household-weighted numerators/denominators, not average yearly ratios', 'structures': 'UNITSSTR in 3:10 for all ownership rows, including both recent-parent comparison groups; no structure restriction for rooms rows', 'survey_waves': [2005, 2006], 'uncertainty': '1000 paired metro-resampling draws, seed 20260910, 42 clusters. Not ACS official survey-design or replicate-weight standard errors.', 'weights_status': 'Inverse marginal variance values below are candidate diagonal weights under the approved design, not a promoted target/weight fingerprint.'}",
joint_1,137.5652749002964,False,"beta(event=+3)-beta(event=-1), omitted event=-2; person/year FE, age/education controls, longitudinal IW",/Users/tommasodesanto/Desktop/Projects/Fertility/Fertility_Spring26/code/data/psid_followup_mar2026/sa_rooms_first_birth_household_aligned_v1.do,/Users/tommasodesanto/Desktop/Projects/Fertility/Fertility_Spring26/output/model/e5f_matched_pf_20260909a/design_research/observer_contract/observer_contract.json,e5f_early_housing_wealth_observer_review_v2_20260911,psid_sa_first_birth_rooms,/Users/tommasodesanto/Desktop/Projects/Fertility/Fertility_Spring26/code/data/psid_followup_mar2026/output/sa_rooms_first_birth_household_aligned_v1/target_receipt.csv,0.0852600513385958,early_measurement,0.23190866309142844,"First-birth room response, −1 to +3",7.398484442723957,0.9521549254729562,True,129c74299e730d555a900f10a232265506794d6f296786809330c87178b71783,housing_wealth.moments.housing_increment_0to1,housing_wealth.moments.housing_increment_0to1,,,137.5652749002964,first_birth_rooms,proposed_scored_restriction,"Women age 18+, current reference/spouse, positive IW, single-FID dwelling, one woman per household-year; confirmed never-treated controls; 49,457 household-years, 4,112 persons",/Users/tommasodesanto/Desktop/Projects/Fertility/Fertility_Spring26/output/model/e5f_matched_pf_20260909a/design_research/observer_contract/observer_contract.json#/records/7/sample,True,,0.7202462623815278,"Sun-Abraham covariance contrast, clustered individual ID","Pooled PSID response applied to initial stationary economy under stability assumption Matched model risk-set weights differ from Sun-Abraham cohort/event weights; non-flat prepath caveat retained Applying the unchanged pooled contrast to initial stationary economy requires approved stability approximation. Model matched-risk weights differ from estimator cohort/event weights. Non-flat prepath and normalization dependence remain disclosed; September5 normalization check changed point to .730459 with identical fitted values, not a replacement target. Four-year approximation is not literal observed -1/+3 child ages. Keep PSID rooms uncapped; do not import ACS cap.",/Users/tommasodesanto/Desktop/Projects/Fertility/Fertility_Spring26/output/model/e5f_matched_pf_20260909a/initial_calibration_contract/lead_methodological_decision.json,Recorded empirical bootstrap standard error under the retained estimator/sample,frozen_lead_selected_working_minimum_distance_weight,0.0852600513385958,"{'adjustment': 'For an initial stationary observer call begin_dated_first_birth_housing_branch then finish_dated_first_birth_housing_branch with the stationary policy as BOTH dates; retain destination continuation births and no Census age bridge. Do NOT use first_birth_housing_response sequential legacy helper, which suppresses continuation births. Certify the same paired branch with mass/timing checks.', 'builder': 'code/data/psid_followup_mar2026/sa_rooms_first_birth_household_aligned_v1.do; finalize_first_birth_rooms_target_receipt.py', 'candidate_diagonal_weight': 137.5652749002964, 'clustering': 'selected woman stable ID; one household-year observation, primary analytic cluster covariance', 'data_formula': 'beta(event=+3)-beta(event=-1), omitted event=-2; person/year FE, age/education controls, longitudinal IW', 'date': 'Pooled PSID event-time -1 to +3; treated input observations 1970-2019, not an early-only regression', 'estimate': 0.7202462623815278, 'fixed_effects': 'person ID and survey year; age and education controls', 'geography': 'national PSID', 'id': 'psid_sa_first_birth_rooms', 'mismatch': 'Applying the unchanged pooled contrast to initial stationary economy requires approved stability approximation. Model matched-risk weights differ from estimator cohort/event weights. Non-flat prepath and normalization dependence remain disclosed; September5 normalization check changed point to .730459 with identical fitted values, not a replacement target. Four-year approximation is not literal observed -1/+3 child ages. Keep PSID rooms uncapped; do not import ACS cap.', 'model_formula': 'Select successful first births from initial g_pre; clone identical pre-birth states into treated n=1,m=1 and childless control. Advance both one period with origin policies/survival/income/maturation, then realize destination housing with destination policies. Treated may have continuation birth; control stays childless. Difference of destination uncapped rooms equals matched difference in changes.', 'production_eligible': False, 'role': 'initial_calibration_restriction', 'sample': 'Women age 18+, current reference/spouse, positive IW, single-FID dwelling, one woman per household-year; confirmed never-treated controls; 49,457 household-years, 4,112 persons', 'status': 'verified_empirical_contrast__provisional_structural_mapping', 'target_weight_status': 'candidate_inverse_variance_not_activated', 'uncertainty': {'reference_period': -2, 'se': 0.0852600513385958, 'type': 'Sun-Abraham covariance contrast, clustered individual ID', 'variance_formula': 'Var(beta_3)+Var(beta_-1)-2Cov(beta_3,beta_-1)'}}",,,"selected woman stable ID; one household-year observation, primary analytic cluster covariance",person ID and survey year; age and education controls,national PSID,,
joint_1,280.52808370152104,False,"E[min(ROOMS,9)|NCHILD>=3,YNGCH<18]-E[min(ROOMS,9)|NCHILD=1-2,YNGCH<18]",/Users/tommasodesanto/Desktop/Projects/Fertility/Fertility_Spring26/output/model/e5f_matched_pf_20260909a/design_research/housing/inspect_early_housing.py; /Users/tommasodesanto/Desktop/Projects/Fertility/Fertility_Spring26/output/model/e5f_matched_pf_20260909a/design_research/housing/summarize_early_housing.py,/Users/tommasodesanto/Desktop/Projects/Fertility/Fertility_Spring26/output/model/e5f_matched_pf_20260909a/design_research/observer_contract/observer_contract.json,e5f_early_housing_wealth_observer_review_v2_20260911,acs_rooms_3plus_minus_1to2_2005_2006,/Users/tommasodesanto/Desktop/Projects/Fertility/Fertility_Spring26/output/model/e5f_matched_pf_20260909a/design_research/housing/early_housing_target_candidates.csv,0.059705154633000496,early_measurement,-0.173637838846175,Rooms: 3+ versus 1–2 resident children (model dependent proxy),8.457949518090622,0.1734290929500757,True,129c74299e730d555a900f10a232265506794d6f296786809330c87178b71783,housing_wealth.moments.prime30_55_model_dependent_3plus_minus_1to2_rooms_capped9,housing_wealth.moments.prime30_55_model_dependent_3plus_minus_1to2_rooms_capped9,,,280.52808370152104,family_rooms,proposed_scored_restriction,"ACS heads ages 30-55, YNGCH<18; NCHILD>=3 minus NCHILD=1-2; 42 MET2013 cities; 2005-2006; inherits all common_acs_sample filters",/Users/tommasodesanto/Desktop/Projects/Fertility/Fertility_Spring26/output/model/e5f_matched_pf_20260909a/design_research/observer_contract/observer_contract.json#/records/3/sample,True,,0.3470669317962507,42-metro bootstrap,"Uniform annual-age exposure and constant policies/distribution within each four-year cell National model versus 42-MET2013 housing sample Model dependent counts replace ACS resident own children with YNGCH<18 ACS NCHILD counts ALL resident own children while YNGCH<18 requires at least one minor. Example: ages 4,19,21 is empirical large family but may be one model dependent. m has no deterministic child-age bound under binomial maturation. Verifying independent_count is necessary but insufficient for exact ACS group equivalence.",/Users/tommasodesanto/Desktop/Projects/Fertility/Fertility_Spring26/output/model/e5f_matched_pf_20260909a/initial_calibration_contract/lead_methodological_decision.json,Recorded empirical bootstrap standard error under the retained estimator/sample,frozen_lead_selected_working_minimum_distance_weight,0.059705154633000496,"{'adjustment': 'Cap full income-resolved renter and owner rooms before any collapse. Runtime-assert child_state_mode=independent_count and child_bin_high_cutoff=3. Need explicit resident-child approximation or richer observation information before SMM certification.', 'builder': 'output/model/e5f_matched_pf_20260909a/design_research/housing/inspect_early_housing.py; summarize_early_housing.py', 'candidate_diagonal_weight': 280.52808370152104, 'clustering': '42 MET2013 city bootstrap', 'data_formula': 'E[min(ROOMS,9)|NCHILD>=3,YNGCH<18]-E[min(ROOMS,9)|NCHILD=1-2,YNGCH<18]', 'date': '2005-2006', 'estimate': 0.3470669317962507, 'fixed_effects': 'none', 'geography': '42 MET2013 cities; not admitted-PUMA footprint', 'id': 'acs_rooms_3plus_minus_1to2_2005_2006', 'mismatch': 'ACS NCHILD counts ALL resident own children while YNGCH<18 requires at least one minor. Example: ages 4,19,21 is empirical large family but may be one model dependent. m has no deterministic child-age bound under binomial maturation. Verifying independent_count is necessary but insufficient for exact ACS group equivalence.', 'model_formula': 'Current child_bin_high_cutoff=3 and independent_count use m=cs, subject to cs<=n: high group m>=3; low group 1<=m<=2. Existing moment is uncapped and uses current prime age mask. Proposed proxy: E[min(s,9)|m>=3]-E[min(s,9)|1<=m<=2], with declared age selector.', 'production_eligible': False, 'role': 'initial_calibration_restriction', 'sample': 'ACS heads ages 30-55, YNGCH<18; NCHILD>=3 minus NCHILD=1-2; 42 MET2013 cities; 2005-2006; inherits all common_acs_sample filters', 'status': 'empirical_verified__resident_child_mapping_outstanding', 'target_weight_status': 'candidate_inverse_variance_not_activated', 'uncertainty': {'reps': 1000, 'se': 0.059705154633000496, 'seed': 20260910, 'type': '42-metro bootstrap'}}",,,42 MET2013 city bootstrap,none,42 MET2013 cities; not admitted-PUMA footprint,"{'filters': 'sample=year*100+1; GQ in {1,2}; PERNUM=1; RELATE=1; HHWT>0; 18<=AGE<=85; OWNERSHP in {1,2}; ROOMS>0; MET2013 in pinned 42-code list', 'fixed_effects': 'none', 'geography': 'Direct MET2013 membership in 42 cities; NOT old admitted-PUMA footprint. National fertility/PSID plus metro housing is an explicitly maintained geographic approximation.', 'owner': 'OWNERSHP=1', 'rooms': 'min(ROOMS,9) before any aggregation; pooled household-weighted numerators/denominators, not average yearly ratios', 'structures': 'UNITSSTR in 3:10 for all ownership rows, including both recent-parent comparison groups; no structure restriction for rooms rows', 'survey_waves': [2005, 2006], 'uncertainty': '1000 paired metro-resampling draws, seed 20260910, 42 clusters. Not ACS official survey-design or replicate-weight standard errors.', 'weights_status': 'Inverse marginal variance values below are candidate diagonal weights under the approved design, not a promoted target/weight fingerprint.'}",
joint_1,27055.822957508266,False,"Pr(owner|NCHILD>0,ELDCH<4)-Pr(owner|NCHILD=0)",/Users/tommasodesanto/Desktop/Projects/Fertility/Fertility_Spring26/output/model/e5f_matched_pf_20260909a/design_research/housing/inspect_early_housing.py; /Users/tommasodesanto/Desktop/Projects/Fertility/Fertility_Spring26/output/model/e5f_matched_pf_20260909a/design_research/housing/summarize_early_housing.py,/Users/tommasodesanto/Desktop/Projects/Fertility/Fertility_Spring26/output/model/e5f_matched_pf_20260909a/design_research/observer_contract/observer_contract.json,e5f_early_housing_wealth_observer_review_v2_20260911,acs_recent_parent_owner_gap_2005_2006,/Users/tommasodesanto/Desktop/Projects/Fertility/Fertility_Spring26/output/model/e5f_matched_pf_20260909a/design_research/housing/early_housing_target_candidates.csv,0.006079524679464666,recent_parent_observation,-0.029189298524603113,Recent-parent ownership gap,23.051971011099944,0.13370621063662974,True,129c74299e730d555a900f10a232265506794d6f296786809330c87178b71783,ownership_current_birth_from_empty_dependent_home_minus_current_empty_home_30_55,model_value,,,27055.822957508266,recent_parent_ownership,proposed_scored_restriction,ACS heads ages 30-55; recent parent NCHILD>0 and ELDCH<4 minus NCHILD=0 controls; 42 MET2013 cities; 2005-2006; inherits all common_acs_sample filters; both groups also require UNITSSTR in 3:10,/Users/tommasodesanto/Desktop/Projects/Fertility/Fertility_Spring26/output/model/e5f_matched_pf_20260909a/design_research/observer_contract/observer_contract.json#/records/2/sample,True,,0.16289550916123285,42-metro bootstrap,"ELDCH is OLDEST resident own child: all resident own children must be under four. Model has no child ages or time since birth; independent binomial maturation has mean 18 years but no deterministic under-18 cutoff. ACS NCHILD=0 includes former parents with no own child resident, whereas model control is lifetime n=0. Adding m=0 controls would still conflate absent dependents with absent resident adult children. Unavailable: ACS oldest resident child under four and no-resident-child controls cannot be reconstructed from dependent counts and lifetime parity",/Users/tommasodesanto/Desktop/Projects/Fertility/Fertility_Spring26/output/model/e5f_matched_pf_20260909a/initial_calibration_contract/lead_methodological_decision.json,Recorded empirical bootstrap standard error under the retained estimator/sample,frozen_lead_selected_working_minimum_distance_weight,0.006079524679464666,"{'adjustment': 'Exact ACS recent-parent group and resident-child controls cannot be recovered from current count-only states. Do not substitute n=0 controls or all m>0 parents without an explicitly approved proxy contract; retain identifying row as blocked rather than silently dropping it.', 'builder': 'output/model/e5f_matched_pf_20260909a/design_research/housing/inspect_early_housing.py; summarize_early_housing.py', 'candidate_diagonal_weight': 27055.822957508266, 'clustering': '42 MET2013 city bootstrap', 'data_formula': 'Pr(owner|NCHILD>0,ELDCH<4)-Pr(owner|NCHILD=0)', 'date': '2005-2006', 'estimate': 0.16289550916123285, 'fixed_effects': 'none', 'geography': '42 MET2013 cities; not admitted-PUMA footprint', 'id': 'acs_recent_parent_owner_gap_2005_2006', 'mismatch': 'ELDCH is OLDEST resident own child: all resident own children must be under four. Model has no child ages or time since birth; independent binomial maturation has mean 18 years but no deterministic under-18 cutoff. ACS NCHILD=0 includes former parents with no own child resident, whereas model control is lifetime n=0. Adding m=0 controls would still conflate absent dependents with absent resident adult children.', 'model_formula': 'Under independent_count: Pr(owner | n>=1,m>0, current prime mask) - Pr(owner | n=0,childless readiness states,current prime mask). newparent_cs includes ALL positive dependent counts, with no recency condition.', 'production_eligible': False, 'role': 'initial_calibration_restriction', 'sample': 'ACS heads ages 30-55; recent parent NCHILD>0 and ELDCH<4 minus NCHILD=0 controls; 42 MET2013 cities; 2005-2006; inherits all common_acs_sample filters; both groups also require UNITSSTR in 3:10', 'status': 'verified_empirical__irreducible_group_mismatch', 'target_weight_status': 'candidate_inverse_variance_not_activated', 'uncertainty': {'reps': 1000, 'se': 0.006079524679464666, 'seed': 20260910, 'type': '42-metro bootstrap'}}",,,42 MET2013 city bootstrap,none,42 MET2013 cities; not admitted-PUMA footprint,"{'filters': 'sample=year*100+1; GQ in {1,2}; PERNUM=1; RELATE=1; HHWT>0; 18<=AGE<=85; OWNERSHP in {1,2}; ROOMS>0; MET2013 in pinned 42-code list', 'fixed_effects': 'none', 'geography': 'Direct MET2013 membership in 42 cities; NOT old admitted-PUMA footprint. National fertility/PSID plus metro housing is an explicitly maintained geographic approximation.', 'owner': 'OWNERSHP=1', 'rooms': 'min(ROOMS,9) before any aggregation; pooled household-weighted numerators/denominators, not average yearly ratios', 'structures': 'UNITSSTR in 3:10 for all ownership rows, including both recent-parent comparison groups; no structure restriction for rooms rows', 'survey_waves': [2005, 2006], 'uncertainty': '1000 paired metro-resampling draws, seed 20260910, 42 clusters. Not ACS official survey-design or replicate-weight standard errors.', 'weights_status': 'Inverse marginal variance values below are candidate diagonal weights under the approved design, not a promoted target/weight fingerprint.'}","{'age_projection': 'uniform_within_age_cell', 'approximation_id': 'early_2007_parenthood_md_working_v1__recent_parent_synchronized_proxy', 'decision_sha256': 'b1d399c290d257e56e008afb6d7b76ac1f69191685c8d9e89a4b0bfb06533c9a', 'decision_source': '/Users/tommasodesanto/Desktop/Projects/Fertility/Fertility_Spring26/output/model/e5f_matched_pf_20260909a/initial_calibration_contract/lead_methodological_decision.json', 'declaration': 'Synchronized post-fertility snapshot; uniform head-age overlap; model dependents proxy resident own children; actual current births from previously empty-dependent homes versus current empty homes inclformerparents. Not an exact annualACS interview reconstruction.', 'diagnostic_allow_residence_proxy': True, 'exact_acs': False, 'maintained': True, 'moment': 'ownership_current_birth_from_empty_dependent_home_minus_current_empty_home_30_55', 'observer_id': 'e5f_recent_parent_flow_diagnostic_v1', 'snapshot': 'synchronized_post_fertility_snapshot'}"
joint_2,,False,"Author-selected stationary model normalization, using maintained top-parity representative; not empirical female period TFR","Author-selected model normalization, not empirical estimation",/Users/tommasodesanto/Desktop/Projects/Fertility/Fertility_Spring26/output/model/e5f_matched_pf_20260909a/OVERNIGHT_PLAN.md,author_initial_model_fertility_2_1,author_2_1,/Users/tommasodesanto/Desktop/Projects/Fertility/Fertility_Spring26/output/model/e5f_matched_pf_20260909a/OVERNIGHT_PLAN.md,,normalization,1.2185077777893127e-06,Initial model completed fertility,,2.100001218507778,True,6bfe239a52c48613ca1c8d64a67f4a0535f4a39ba3a905fafd327ef6a7d5644a,final.normalization.completed_fertility,completed_fertility,,,,initial_normalization,normalization_separate_from_scored_objective,"Author-selected stationary model normalization, using maintained top-parity representative; not empirical female period TFR","Author-selected model normalization, as explicitly recorded in the preserved target definition",False,,2.1,Author normalization; no empirical SE,Separate from CPS age-window stocks and actual birth/entry accounting.,/Users/tommasodesanto/Desktop/Projects/Fertility/Fertility_Spring26/output/model/e5f_matched_pf_20260909a/initial_calibration_contract/lead_methodological_decision.json,Separate exact normalization within tolerance5e-4,separate_unscored_normalization,,,,,,,,,
joint_2,35532.3042455214,False,Weighted P(FREVER=0) among pooled June 2004 and June 2006 women age 40-44 with valid FREVER 0-20 and positive FRSUPPWT.,/Users/tommasodesanto/Desktop/Projects/Fertility/Fertility_Spring26/output/model/e5f_matched_pf_20260909a/parameter_target_audit/fertility/extract_fertility_availability.py; /Users/tommasodesanto/Desktop/Projects/Fertility/Fertility_Spring26/output/model/e5f_matched_pf_20260909a/design_research/fertility_contract/verify_fertility_contract.py,/Users/tommasodesanto/Desktop/Projects/Fertility/Fertility_Spring26/output/model/e5f_matched_pf_20260909a/design_research/fertility_contract/fertility_target_contract.json,early_cps_nchs_fertility_certification_20260911_v2_not_activated,cps_childless_women_40_44_2004_2006,/Users/tommasodesanto/Desktop/Projects/Fertility/Fertility_Spring26/output/model/e5f_matched_pf_20260909a/parameter_target_audit/fertility/fertility_availability.json,,early_measurement,-0.0023508222394882927,"Childless women, ages 40–44",0.19636448971769846,0.19592792876735435,True,6bfe239a52c48613ca1c8d64a67f4a0535f4a39ba3a905fafd327ef6a7d5644a,fertility.uniform_birth_time.moments.childless_rate_40_44,fertility.uniform_birth_time.moments.childless_rate_40_44,,,,cps_childlessness,proposed_scored_restriction,"June, femaleSEX2,age40-44,FREVER0-20,FRSUPPWT>0;excludeFREVER999NIU; 2004+2006 pooled weighted records; Weighted P(FREVER=0) among pooled June 2004 and June 2006 women age 40-44 with valid FREVER 0-20 and positive FRSUPPWT.",/Users/tommasodesanto/Desktop/Projects/Fertility/Fertility_Spring26/output/model/e5f_matched_pf_20260909a/parameter_target_audit/fertility/fertility_availability.json#/sample and /Users/tommasodesanto/Desktop/Projects/Fertility/Fertility_Spring26/output/model/e5f_matched_pf_20260909a/design_research/fertility_contract/fertility_target_contract.json#/candidate_moments/0/definition,True,,0.19827875100684264,annual_generalized_variance_approximation_recovered_pooled_covariance_not_certified,Uniform birth-time parity interpolation is the main diagnostic; constant-post-cell sensitivity retained. Model household reproductive member is not certified female exposure; no empirical age reweighting.,/Users/tommasodesanto/Desktop/Projects/Fertility/Fertility_Spring26/output/model/e5f_matched_pf_20260909a/initial_calibration_contract/lead_methodological_decision.json,CPS official annual generalized-variance approximations pooled with fixed observed weights and correlation-one working convention; not design-exact pooled SE,frozen_lead_selected_working_minimum_distance_weight,0.005305035738317728,"{'active_weight': None, 'definition': 'Weighted P(FREVER=0) among pooled June 2004 and June 2006 women age 40-44 with valid FREVER 0-20 and positive FRSUPPWT.', 'id': 'cps_childless_women_40_44_2004_2006', 'model_observer_status': 'blocked_by_age_window_mapping', 'production_active': False, 'reported_value': 0.198279, 'sample_records': 10872, 'uncertainty': {'annual_official_approximate_sampling_gvf_se': {'2004': {'approximate_gvf_se': 0.0052157901461549385, 'b_parameter': 2016, 'denominator_population_units': 11534656.9936, 'value': 0.1928386121957651}, '2006': {'approximate_gvf_se': 0.005396662766690418, 'b_parameter': 2016, 'denominator_population_units': 11234864.9964, 'value': 0.20386405489820397}}, 'pooled_candidates': {'annual': {'2004': {'approximate_gvf_se': 0.0052157901461549385, 'b_parameter': 2016, 'denominator_population_units': 11534656.9936, 'value': 0.1928386121957651}, '2006': {'approximate_gvf_se': 0.005396662766690418, 'b_parameter': 2016, 'denominator_population_units': 11234864.9964, 'value': 0.20386405489820397}}, 'base_share_2004': 0.5065831860091674, 'pooled_fixed_bases_max_positive_correlation_se': 0.005305035738317728, 'pooled_fixed_bases_zero_crossyear_covariance_se': 0.0037512549510131253, 'qualification': 'Annual official generalized-variance approximation. Pooled candidates condition on observed base shares; cross-year covariance and random conditional-mother bases are not certified. Neither scale is adopted.'}, 'sampling_se': None, 'status': 'annual_generalized_variance_approximation_recovered_pooled_covariance_not_certified'}, 'value': 0.19827875100684264, 'weighted_denominator': 22769521.989999805}",IPUMS fertility supplement FRSUPPWT divided10000 as supplied loader; official Census supplement weight crosswalk not independently certified,,,,,,
joint_2,26952.820824310795,False,Weighted P(FREVER=1 | FREVER>=1) in the same pooled CPS sample.,/Users/tommasodesanto/Desktop/Projects/Fertility/Fertility_Spring26/output/model/e5f_matched_pf_20260909a/parameter_target_audit/fertility/extract_fertility_availability.py; /Users/tommasodesanto/Desktop/Projects/Fertility/Fertility_Spring26/output/model/e5f_matched_pf_20260909a/design_research/fertility_contract/verify_fertility_contract.py,/Users/tommasodesanto/Desktop/Projects/Fertility/Fertility_Spring26/output/model/e5f_matched_pf_20260909a/design_research/fertility_contract/fertility_target_contract.json,early_cps_nchs_fertility_certification_20260911_v2_not_activated,cps_exactly_one_among_mothers_40_44_2004_2006,/Users/tommasodesanto/Desktop/Projects/Fertility/Fertility_Spring26/output/model/e5f_matched_pf_20260909a/parameter_target_audit/fertility/fertility_availability.json,,early_measurement,0.0028654525190622004,"Exactly one child among mothers, ages 40–44",0.22130471012146558,0.21652077773920922,True,6bfe239a52c48613ca1c8d64a67f4a0535f4a39ba3a905fafd327ef6a7d5644a,fertility.uniform_birth_time.moments.exactly_one_among_mothers_40_44,fertility.uniform_birth_time.moments.exactly_one_among_mothers_40_44,,,,cps_exactly_one,proposed_scored_restriction,"June, femaleSEX2,age40-44,FREVER0-20,FRSUPPWT>0;excludeFREVER999NIU; 2004+2006 pooled weighted records; Weighted P(FREVER=1 | FREVER>=1) in the same pooled CPS sample.",/Users/tommasodesanto/Desktop/Projects/Fertility/Fertility_Spring26/output/model/e5f_matched_pf_20260909a/parameter_target_audit/fertility/fertility_availability.json#/sample and /Users/tommasodesanto/Desktop/Projects/Fertility/Fertility_Spring26/output/model/e5f_matched_pf_20260909a/design_research/fertility_contract/fertility_target_contract.json#/candidate_moments/1/definition,True,,0.21365532522014702,annual_generalized_variance_approximation_recovered_pooled_covariance_not_certified,Uniform birth-time parity interpolation is the main diagnostic; constant-post-cell sensitivity retained. Model household reproductive member is not certified female exposure; no empirical age reweighting.,/Users/tommasodesanto/Desktop/Projects/Fertility/Fertility_Spring26/output/model/e5f_matched_pf_20260909a/initial_calibration_contract/lead_methodological_decision.json,CPS official annual generalized-variance approximations pooled with fixed observed weights and correlation-one working convention; not design-exact pooled SE,frozen_lead_selected_working_minimum_distance_weight,0.0060911302714076404,"{'active_weight': None, 'definition': 'Weighted P(FREVER=1 | FREVER>=1) in the same pooled CPS sample.', 'id': 'cps_exactly_one_among_mothers_40_44_2004_2006', 'model_observer_status': 'blocked_by_age_window_mapping; literal parity-one conditional-on-parenthood stock, not a continuation hazard', 'production_active': False, 'reported_value': 0.213655, 'uncertainty': {'annual_official_approximate_sampling_gvf_se': {'2004': {'approximate_gvf_se': 0.006046407789789988, 'b_parameter': 2016, 'denominator_population_units': 9310329.7468, 'value': 0.21511000477596962}, '2006': {'approximate_gvf_se': 0.006137682005815865, 'b_parameter': 2016, 'denominator_population_units': 8944479.862, 'value': 0.21214114591071567}}, 'pooled_candidates': {'annual': {'2004': {'approximate_gvf_se': 0.006046407789789988, 'b_parameter': 2016, 'denominator_population_units': 9310329.7468, 'value': 0.21511000477596962}, '2006': {'approximate_gvf_se': 0.006137682005815865, 'b_parameter': 2016, 'denominator_population_units': 8944479.862, 'value': 0.21214114591071567}}, 'base_share_2004': 0.5100206436725485, 'pooled_fixed_bases_max_positive_correlation_se': 0.0060911302714076404, 'pooled_fixed_bases_zero_crossyear_covariance_se': 0.004307418797745566, 'qualification': 'Annual official generalized-variance approximation. Pooled candidates condition on observed base shares; cross-year covariance and random conditional-mother bases are not certified. Neither scale is adopted.'}, 'sampling_se': None, 'status': 'annual_generalized_variance_approximation_recovered_pooled_covariance_not_certified'}, 'value': 0.21365532522014702, 'weighted_mother_denominator': 18254809.608799897, 'weighted_numerator': 3900237.283800007}",IPUMS fertility supplement FRSUPPWT divided10000 as supplied loader; official Census supplement weight crosswalk not independently certified,,,,,,
joint_2,139.82806784479274,False,"Pooled national first-birth counts ages 12-49, 2003-2006; age <=21 mapped to midpoint 20, 22-25 to 24, ..., age >=42 to 44; count-weighted mean.",/Users/tommasodesanto/Desktop/Projects/Fertility/Fertility_Spring26/code/data/nchs_natality_timing/build_first_birth_timing.R; /Users/tommasodesanto/Desktop/Projects/Fertility/Fertility_Spring26/output/model/e5f_matched_pf_20260909a/design_research/fertility_contract/verify_fertility_contract.py,/Users/tommasodesanto/Desktop/Projects/Fertility/Fertility_Spring26/output/model/e5f_matched_pf_20260909a/design_research/fertility_contract/fertility_target_contract.json,early_cps_nchs_fertility_certification_20260911_v2_not_activated,nchs_period_mean_age_first_birth_2003_2006,/Users/tommasodesanto/Desktop/Projects/Fertility/Fertility_Spring26/code/data/nchs_natality_timing/first_birth_counts_year_age.csv,,early_measurement,0.0869846662682825,Period mean first-birth age,1.0579856074163467,26.06324852726078,True,6bfe239a52c48613ca1c8d64a67f4a0535f4a39ba3a905fafd327ef6a7d5644a,fertility.uniform_birth_time.moments.period_mean_age_first_birth,fertility.uniform_birth_time.moments.period_mean_age_first_birth,,,,nchs_mean_age,proposed_scored_restriction,"US-named raw files; exact/decoded age12-49 and known live-birth order1; 2003 under15 recode mapped14; Pooled national first-birth counts ages 12-49, 2003-2006; age <=21 mapped to midpoint 20, 22-25 to 24, ..., age >=42 to 44; count-weighted mean.",/Users/tommasodesanto/Desktop/Projects/Fertility/Fertility_Spring26/output/model/e5f_matched_pf_20260909a/design_research/fertility_contract/fertility_target_contract.json#/nchs_source_cautions/sample and #/candidate_moments/2/definition,True,,25.976263860992496,national_count_not_probability_sample,"First-birth flow timing, not completed-cohort timing. Household maternal proxy; empirical under-18/over-45 tail collapse retained; raw builder residence and unknown-order comparability remain unresolved.",/Users/tommasodesanto/Desktop/Projects/Fertility/Fertility_Spring26/output/model/e5f_matched_pf_20260909a/initial_calibration_contract/lead_methodological_decision.json,2003–2006 annual temporal SD: chosen typical-year discrepancy scale for approximate stationary target; not sampling SE,frozen_lead_selected_working_minimum_distance_weight,0.0845673694617251,"{'active_weight': None, 'definition': 'Pooled national first-birth counts ages 12-49, 2003-2006; age <=21 mapped to midpoint 20, 22-25 to 24, ..., age >=42 to 44; count-weighted mean.', 'first_birth_count': 6611269, 'id': 'nchs_period_mean_age_first_birth_2003_2006', 'model_observer_status': 'dated_flow_primitive_available_scored_period_adapter_and_population_mapping_not_certified', 'production_active': False, 'reported_value': 25.976264, 'uncertainty': {'annual_2003_2006_sample_sd': 0.0845673694617251, 'conditional_multinomial_process_se': 0.002249891508714525, 'conditional_multinomial_qualification': 'Model-based process variation conditional on total first births; not a sampling SE and not adopted for SMM. Our mean-age delta-method extension is not a quoted NCHS formula.', 'note': 'annual SD is period variation, not a sampling SE', 'sampling_se': None, 'status': 'national_count_not_probability_sample', 'temporal_variation': {'annual_range': 0.18579015118294961, 'annual_sample_sd': 0.0845673694617251, 'maximum_leave_one_year_shift': 0.03969117381891607}}, 'value': 25.976263860992496}",,None in authoritative builder: reads age/order only. Do not label exact sample US-resident births without verification.,,,,,
joint_2,13866.065434728798,False,"Pooled national first-birth counts ages 12-49, 2003-2006; exact maternal age >=30 divided by all first births in the pooled window.",/Users/tommasodesanto/Desktop/Projects/Fertility/Fertility_Spring26/code/data/nchs_natality_timing/build_first_birth_timing.R; /Users/tommasodesanto/Desktop/Projects/Fertility/Fertility_Spring26/output/model/e5f_matched_pf_20260909a/design_research/fertility_contract/verify_fertility_contract.py,/Users/tommasodesanto/Desktop/Projects/Fertility/Fertility_Spring26/output/model/e5f_matched_pf_20260909a/design_research/fertility_contract/fertility_target_contract.json,early_cps_nchs_fertility_certification_20260911_v2_not_activated,nchs_period_first_birth_share_age30plus_2003_2006,/Users/tommasodesanto/Desktop/Projects/Fertility/Fertility_Spring26/code/data/nchs_natality_timing/first_birth_counts_year_age.csv,,early_measurement,-0.018840160673089912,First births at age 30+,4.921782863133869,0.2304378523679768,True,6bfe239a52c48613ca1c8d64a67f4a0535f4a39ba3a905fafd327ef6a7d5644a,fertility.uniform_birth_time.moments.period_share_first_births_age30plus,fertility.uniform_birth_time.moments.period_share_first_births_age30plus,,,,nchs_share30,proposed_scored_restriction,"US-named raw files; exact/decoded age12-49 and known live-birth order1; 2003 under15 recode mapped14; Pooled national first-birth counts ages 12-49, 2003-2006; exact maternal age >=30 divided by all first births in the pooled window.",/Users/tommasodesanto/Desktop/Projects/Fertility/Fertility_Spring26/output/model/e5f_matched_pf_20260909a/design_research/fertility_contract/fertility_target_contract.json#/nchs_source_cautions/sample and #/candidate_moments/3/definition,True,,0.2492780130410667,national_count_not_probability_sample,"First-birth flow timing, not completed-cohort timing. Household maternal proxy; empirical under-18/over-45 tail collapse retained; raw builder residence and unknown-order comparability remain unresolved.",/Users/tommasodesanto/Desktop/Projects/Fertility/Fertility_Spring26/output/model/e5f_matched_pf_20260909a/initial_calibration_contract/lead_methodological_decision.json,2003–2006 annual temporal SD: chosen typical-year discrepancy scale for approximate stationary target; not sampling SE,frozen_lead_selected_working_minimum_distance_weight,0.00849226186213262,"{'active_weight': None, 'definition': 'Pooled national first-birth counts ages 12-49, 2003-2006; exact maternal age >=30 divided by all first births in the pooled window.', 'first_birth_count': 6611269, 'id': 'nchs_period_first_birth_share_age30plus_2003_2006', 'model_observer_status': 'dated_flow_primitive_available_scored_period_adapter_and_population_mapping_not_certified', 'production_active': False, 'reported_value': 0.249278, 'uncertainty': {'annual_2003_2006_sample_sd': 0.00849226186213262, 'conditional_multinomial_process_se': 0.000168243827885977, 'conditional_multinomial_qualification': 'Model-based process variation conditional on total first births; not a sampling SE and not adopted for SMM. Our mean-age delta-method extension is not a quoted NCHS formula.', 'note': 'annual SD is period variation, not a sampling SE', 'sampling_se': None, 'status': 'national_count_not_probability_sample', 'temporal_variation': {'annual_range': 0.01924403073634498, 'annual_sample_sd': 0.00849226186213262, 'maximum_leave_one_year_shift': 0.0037096109032545843}}, 'value': 0.2492780130410667}",,None in authoritative builder: reads age/order only. Do not label exact sample US-resident births without verification.,,,,,
joint_2,7.595098472533724,False,sum(IW*NETWORTHR)/sum_{age<=65}(IW*EARNINDRRC),/Users/tommasodesanto/Desktop/Projects/Fertility/Fertility_Spring26/output/model/e5f_matched_pf_20260909a/design_research/wealth/build_initial_wealth.R,/Users/tommasodesanto/Desktop/Projects/Fertility/Fertility_Spring26/output/model/e5f_matched_pf_20260909a/design_research/observer_contract/observer_contract.json,e5f_early_housing_wealth_observer_review_v2_20260911,psid_wealth_gross_earnings_2003_2005,/Users/tommasodesanto/Desktop/Projects/Fertility/Fertility_Spring26/output/model/e5f_matched_pf_20260909a/design_research/wealth/aggregate_wealth_results.csv,0.36285515343369,early_measurement,-1.3138414371072233,Wealth / annual gross labor earnings,13.110501930777987,4.832019957350207,True,6bfe239a52c48613ca1c8d64a67f4a0535f4a39ba3a905fafd327ef6a7d5644a,housing_wealth.moments.aggregate_wealth_to_annual_gross_labor_earnings,housing_wealth.moments.aggregate_wealth_to_annual_gross_labor_earnings,,,7.595098472533724,wealth_earnings,proposed_scored_restriction,"PSID reference persons ages 18-85, relation_to_head=10, positive IW, finite NETWORTHR; working-age gross earnings required/nonnegative; 2003-2005; actual selected waves 2003 and 2005; 10,828 family-years/6,018 IDs in wealth, 9,265 family-years/5,215 IDs in earnings.",/Users/tommasodesanto/Desktop/Projects/Fertility/Fertility_Spring26/output/model/e5f_matched_pf_20260909a/design_research/observer_contract/observer_contract.json#/records/4/sample,True,,6.14586139445743,person bootstrap,National PSID household-income normalization; survey-wave stock/flow dates inherited RP/spouse household earnings is the intended labor-income concept. Missing within-wave wealth valuation versus earnings reference-year metadata remains a calendar certification limit; national household income normalization and selection on finite outcomes are maintained approximations.,/Users/tommasodesanto/Desktop/Projects/Fertility/Fertility_Spring26/output/model/e5f_matched_pf_20260909a/initial_calibration_contract/lead_methodological_decision.json,Recorded empirical bootstrap standard error under the retained estimator/sample,frozen_lead_selected_working_minimum_distance_weight,0.36285515343369,"{'adjustment': 'Observe the pre-announcement stationary state using coherent beginning-period g_asset; use actual pension-consistent parameters. Gross earnings formula and 18-65 cell coverage match the intended earnings concept; no automatic 2023 reuse.', 'builder': 'output/model/e5f_matched_pf_20260909a/design_research/wealth/build_initial_wealth.R (mirrors audit_aggregate_wealth_earnings_ratio.R)', 'candidate_diagonal_weight': 7.595098472533724, 'clustering': 'reference-person ID bootstrap', 'data_formula': 'sum(IW*NETWORTHR)/sum_{age<=65}(IW*EARNINDRRC)', 'date': 'PSID survey waves 2003 and 2005, not an audited same-calendar stock/flow date', 'estimate': 6.14586139445743, 'fixed_effects': 'none', 'geography': 'national PSID', 'id': 'psid_wealth_gross_earnings_2003_2005', 'mismatch': 'RP/spouse household earnings is the intended labor-income concept. Missing within-wave wealth valuation versus earnings reference-year metadata remains a calendar certification limit; national household income normalization and selection on finite outcomes are maintained approximations.', 'model_formula': 'sum_x g_asset(x)*(b+1_owner*p*H) / sum_{j<J_R} g_asset(x)*[P.income(i,j)*z/((1-tau_pay)*4)]. All living 18-85 wealth cells; 12 working cells cover 18-65. P.income is already a four-year flow after payroll tax.', 'production_eligible': False, 'role': 'initial_calibration_restriction', 'sample': 'PSID reference persons ages 18-85, relation_to_head=10, positive IW, finite NETWORTHR; working-age gross earnings required/nonnegative; 2003-2005; actual selected waves 2003 and 2005; 10,828 family-years/6,018 IDs in wealth, 9,265 family-years/5,215 IDs in earnings.', 'status': 'verified_empirical__model_formula_available', 'target_weight_status': 'candidate_inverse_variance_not_activated', 'uncertainty': {'reps': 999, 'se': 0.36285515343369, 'seed': 20260723, 'type': 'person bootstrap'}}",,,reference-person ID bootstrap,none,national PSID,,
joint_2,5165289.256198346,False,annual bequest flow / aggregate wealth,No microdata builder; external literature normalization,/Users/tommasodesanto/Desktop/Projects/Fertility/Fertility_Spring26/output/model/e5f_matched_pf_20260909a/design_research/observer_contract/observer_contract.json,e5f_early_housing_wealth_observer_review_v2_20260911,external_annual_bequest_wealth,/Users/tommasodesanto/Desktop/Projects/Fertility/Fertility_Spring26/tmp/e5f_matched_pf/code/model/intergen_eqscale_seq_optimized/e5_target_provenance.csv,,early_measurement,-0.0001926919220177157,Annual bequests / aggregate wealth,0.19178810336199079,0.008607308077982285,True,6bfe239a52c48613ca1c8d64a67f4a0535f4a39ba3a905fafd327ef6a7d5644a,housing_wealth.moments.annual_bequest_flow_to_aggregate_wealth,housing_wealth.moments.annual_bequest_flow_to_aggregate_wealth,,5165289.256198346,,bequest_wealth,proposed_scored_restriction,external restriction,/Users/tommasodesanto/Desktop/Projects/Fertility/Fertility_Spring26/output/model/e5f_matched_pf_20260909a/design_research/observer_contract/observer_contract.json#/records/6/sample,True,0.00044000000000000007,0.0088,inherited synthetic five-percent calibration scale; NOT a standard error,"External historical restriction; synthetic uncertainty; forced terminal deaths Borrowed historical annual aggregate flow is imperfectly matched to model mortality, nonnegative estates and forced terminal deaths; no initial PSID sample or empirical SE. Gale-Scholz/De Nardi-Yang provenance is inherited, not freshly reviewed literature.",/Users/tommasodesanto/Desktop/Projects/Fertility/Fertility_Spring26/output/model/e5f_matched_pf_20260909a/initial_calibration_contract/lead_methodological_decision.json,Inherited synthetic five-percent target scale; not empirical SE,frozen_lead_selected_working_minimum_distance_weight,0.00044000000000000007,"{'adjustment': 'Keep explicitly external or replace only with a separately identified bequest-block decision and Jacobian check.', 'builder': 'No project microdata builder; provenance ledger identifies Gale-Scholz historical normalization transmitted through De Nardi-Yang', 'candidate_diagonal_weight': 5165289.256198346, 'clustering': 'none', 'data_formula': 'annual bequest flow / aggregate wealth', 'date': 'not a measured initial window', 'estimate': 0.0088, 'fixed_effects': 'none', 'geography': 'not applicable', 'id': 'external_annual_bequest_wealth', 'mismatch': 'Borrowed historical annual aggregate flow is imperfectly matched to model mortality, nonnegative estates and forced terminal deaths; no initial PSID sample or empirical SE. Gale-Scholz/De Nardi-Yang provenance is inherited, not freshly reviewed literature.', 'model_formula': '[sum_x (1-survival_j)*g_current(x)*max(bp_pol(x)+1_owner*p*H,0)/4] / sum_x g_asset(x)*(b+1_owner*p*H). Terminal death probability forced to 1; earlier death probabilities from survival. Debt/transaction timing must remain coherent.', 'production_eligible': False, 'role': 'initial_calibration_restriction', 'sample': 'external restriction', 'status': 'externally_fixed__not_an_initial_microdata_observer', 'target_weight_status': 'approved_retained_external_normalization_with_inherited_synthetic_weight', 'uncertainty': {'empirical_se': None, 'scale': 0.00044000000000000007, 'type': 'inherited synthetic five-percent calibration scale; NOT a standard error'}}",,,none,none,not applicable,,
joint_2,10.616361531535473,False,"Q_.90(NETWORTHR/INCFAMR)/Q_.50(NETWORTHR/INCFAMR), weighted",/Users/tommasodesanto/Desktop/Projects/Fertility/Fertility_Spring26/output/model/e5f_matched_pf_20260909a/design_research/wealth/build_initial_wealth.R,/Users/tommasodesanto/Desktop/Projects/Fertility/Fertility_Spring26/output/model/e5f_matched_pf_20260909a/design_research/observer_contract/observer_contract.json,e5f_early_housing_wealth_observer_review_v2_20260911,psid_old_wealth_dispersion_2003_2005,/Users/tommasodesanto/Desktop/Projects/Fertility/Fertility_Spring26/output/model/e5f_matched_pf_20260909a/design_research/wealth/old_wealth_results.csv,0.306910785103348,early_measurement,0.8683579460596942,"Old wealth/income p90 / median, ages 76–84",8.005219877936435,4.384293032578414,True,6bfe239a52c48613ca1c8d64a67f4a0535f4a39ba3a905fafd327ef6a7d5644a,housing_wealth.moments.old_total_wealth_to_annual_income_p90_p50_7684,housing_wealth.moments.old_total_wealth_to_annual_income_p90_p50_7684,,,10.616361531535473,old_dispersion,proposed_scored_restriction,"Living PSID reference persons ages 76-84, relation_to_head=10, positive IW, completed children observed, INCFAMR>1000; p90/p50 of NETWORTHR/INCFAMR; 2003-2005; 644 valid family-years/416 IDs; bootstrap population 918 living reference IDs ages 65-84, before outcome/children filters.",/Users/tommasodesanto/Desktop/Projects/Fertility/Fertility_Spring26/output/model/e5f_matched_pf_20260909a/design_research/observer_contract/observer_contract.json#/records/5/sample,True,,3.51593508651872,person bootstrap,"Uniform within-age-cell overlap for ages 76--84 Modeled pension plus configured lump-sum income proxy; not PSID total family income Empirical $1000 real-income and observed-child-history filters are not reproduced At these retirement ages model denominator is pension income (including configured z scaling), while PSID INCFAMR also includes transfers, asset income and other family components. Exact $1000 cutoff is not applied (only income>0), and observed-completed-children selection has no model missingness counterpart. Full 78/82 cells do not cover exactly 76-84. Actual model property-tax lump-sum transfer is zero in this receipt; proxy uses the configured pension-plus-transfer concept.",/Users/tommasodesanto/Desktop/Projects/Fertility/Fertility_Spring26/output/model/e5f_matched_pf_20260909a/initial_calibration_contract/lead_methodological_decision.json,Recorded empirical bootstrap standard error under the retained estimator/sample,frozen_lead_selected_working_minimum_distance_weight,0.306910785103348,"{'adjustment': 'Pin annual-age selection for 76-84; confirm household income mapping and empirical $1000 real-income cutoff in normalized model units. Observe initial stationary state, not 2023. Model quantile is available but sample/income equality is not established.', 'builder': 'output/model/e5f_matched_pf_20260909a/design_research/wealth/build_initial_wealth.R (mirrors audit_intergen_bequest_family_size_targets.R)', 'candidate_diagonal_weight': 10.616361531535473, 'clustering': 'reference-person ID bootstrap', 'data_formula': 'Q_.90(NETWORTHR/INCFAMR)/Q_.50(NETWORTHR/INCFAMR), weighted', 'date': 'PSID survey waves 2003 and 2005', 'estimate': 3.51593508651872, 'fixed_effects': 'none', 'geography': 'national PSID', 'id': 'psid_old_wealth_dispersion_2003_2005', 'mismatch': 'At these retirement ages model denominator is pension income (including configured z scaling), while PSID INCFAMR also includes transfers, asset income and other family components. Exact $1000 cutoff is not applied (only income>0), and observed-completed-children selection has no model missingness counterpart. Full 78/82 cells do not cover exactly 76-84.', 'model_formula': 'Weighted p90/p50 of W/annual_gross_income_at_state using g_asset; annualization divides P income by 4, payroll gross-up only for workers. Existing old mask selects labels 78 and 82. Existing quantile algorithm matches R; no transaction wedge is subtracted from W.', 'production_eligible': False, 'role': 'initial_calibration_restriction', 'sample': 'Living PSID reference persons ages 76-84, relation_to_head=10, positive IW, completed children observed, INCFAMR>1000; p90/p50 of NETWORTHR/INCFAMR; 2003-2005; 644 valid family-years/416 IDs; bootstrap population 918 living reference IDs ages 65-84, before outcome/children filters.', 'status': 'empirical_verified__age_income_mapping_outstanding', 'target_weight_status': 'candidate_inverse_variance_not_activated', 'uncertainty': {'reps': 499, 'se': 0.306910785103348, 'seed': 20260715, 'type': 'person bootstrap'}}",,,reference-person ID bootstrap,none,national PSID,,
joint_2,128.02070205233477,False,"sum(HHWT*min(ROOMS,9))/sum(HHWT)",/Users/tommasodesanto/Desktop/Projects/Fertility/Fertility_Spring26/output/model/e5f_matched_pf_20260909a/design_research/housing/inspect_early_housing.py; /Users/tommasodesanto/Desktop/Projects/Fertility/Fertility_Spring26/output/model/e5f_matched_pf_20260909a/design_research/housing/summarize_early_housing.py,/Users/tommasodesanto/Desktop/Projects/Fertility/Fertility_Spring26/output/model/e5f_matched_pf_20260909a/design_research/observer_contract/observer_contract.json,e5f_early_housing_wealth_observer_review_v2_20260911,acs_rooms_2005_2006,/Users/tommasodesanto/Desktop/Projects/Fertility/Fertility_Spring26/output/model/e5f_matched_pf_20260909a/design_research/housing/early_housing_target_candidates.csv,0.08838120078007809,early_measurement,0.8443071915725273,"Mean occupied rooms, capped at 9",91.2601506727941,6.405404567691179,True,6bfe239a52c48613ca1c8d64a67f4a0535f4a39ba3a905fafd327ef6a7d5644a,housing_wealth.moments.aggregate_mean_occupied_rooms_capped9_18_85,housing_wealth.moments.aggregate_mean_occupied_rooms_capped9_18_85,,,128.02070205233477,mean_rooms,proposed_scored_restriction,ACS household heads ages 18-85; occupied renter or owner; HHWT>0; 42 MET2013 cities; 2005-2006 pooled by summed HHWT numerator/denominator; inherits all common_acs_sample filters,/Users/tommasodesanto/Desktop/Projects/Fertility/Fertility_Spring26/output/model/e5f_matched_pf_20260909a/design_research/observer_contract/observer_contract.json#/records/0/sample,True,,5.561097376118652,42-metro bootstrap,"Uniform annual-age exposure and constant policies/distribution within each four-year cell National model versus 42-MET2013 housing sample Existing HistoricalMomentObserver is pinned to 2023 and old 12 rows. min(E[s|collapsed income],9) does not equal E[min(s,9)|income]; compute direct. The initial window and geographic approximation must be retained.",/Users/tommasodesanto/Desktop/Projects/Fertility/Fertility_Spring26/output/model/e5f_matched_pf_20260909a/initial_calibration_contract/lead_methodological_decision.json,Recorded empirical bootstrap standard error under the retained estimator/sample,frozen_lead_selected_working_minimum_distance_weight,0.08838120078007809,"{'adjustment': 'Use g_current and full hR_pol before income collapse; cap each renter/owner observation, then aggregate. All 17 current four-year age cells already span 18-85: validate geometry rather than invent an extra age restriction.', 'builder': 'output/model/e5f_matched_pf_20260909a/design_research/housing/inspect_early_housing.py; summarize_early_housing.py', 'candidate_diagonal_weight': 128.02070205233477, 'clustering': '42 MET2013 city bootstrap', 'data_formula': 'sum(HHWT*min(ROOMS,9))/sum(HHWT)', 'date': '2005-2006', 'estimate': 5.561097376118652, 'fixed_effects': 'none', 'geography': '42 MET2013 city codes; not admitted-PUMA footprint', 'id': 'acs_rooms_2005_2006', 'mismatch': 'Existing HistoricalMomentObserver is pinned to 2023 and old 12 rows. min(E[s|collapsed income],9) does not equal E[min(s,9)|income]; compute direct. The initial window and geographic approximation must be retained.', 'model_formula': 'Current extract_moments: aggregate_housing_demand/total_mass, all 17 age cells, uncapped. Proposed: weighted_mean(min(s,9)) on full g, observed at pre-announcement stationary solution.', 'production_eligible': False, 'role': 'initial_calibration_restriction', 'sample': 'ACS household heads ages 18-85; occupied renter or owner; HHWT>0; 42 MET2013 cities; 2005-2006 pooled by summed HHWT numerator/denominator; inherits all common_acs_sample filters', 'status': 'empirical_verified__cap_operator_needed', 'target_weight_status': 'candidate_inverse_variance_not_activated', 'uncertainty': {'reps': 1000, 'se': 0.08838120078007809, 'seed': 20260910, 'type': '42-metro bootstrap'}}",,,42 MET2013 city bootstrap,none,42 MET2013 city codes; not admitted-PUMA footprint,"{'filters': 'sample=year*100+1; GQ in {1,2}; PERNUM=1; RELATE=1; HHWT>0; 18<=AGE<=85; OWNERSHP in {1,2}; ROOMS>0; MET2013 in pinned 42-code list', 'fixed_effects': 'none', 'geography': 'Direct MET2013 membership in 42 cities; NOT old admitted-PUMA footprint. National fertility/PSID plus metro housing is an explicitly maintained geographic approximation.', 'owner': 'OWNERSHP=1', 'rooms': 'min(ROOMS,9) before any aggregation; pooled household-weighted numerators/denominators, not average yearly ratios', 'structures': 'UNITSSTR in 3:10 for all ownership rows, including both recent-parent comparison groups; no structure restriction for rooms rows', 'survey_waves': [2005, 2006], 'uncertainty': '1000 paired metro-resampling draws, seed 20260910, 42 clusters. Not ACS official survey-design or replicate-weight standard errors.', 'weights_status': 'Inverse marginal variance values below are candidate diagonal weights under the approved design, not a promoted target/weight fingerprint.'}",
joint_2,2339.3623724673616,False,sum(HHWT*owner)/sum(HHWT),/Users/tommasodesanto/Desktop/Projects/Fertility/Fertility_Spring26/output/model/e5f_matched_pf_20260909a/design_research/housing/inspect_early_housing.py; /Users/tommasodesanto/Desktop/Projects/Fertility/Fertility_Spring26/output/model/e5f_matched_pf_20260909a/design_research/housing/summarize_early_housing.py,/Users/tommasodesanto/Desktop/Projects/Fertility/Fertility_Spring26/output/model/e5f_matched_pf_20260909a/design_research/observer_contract/observer_contract.json,e5f_early_housing_wealth_observer_review_v2_20260911,acs_ownership_30_55_2005_2006,/Users/tommasodesanto/Desktop/Projects/Fertility/Fertility_Spring26/output/model/e5f_matched_pf_20260909a/design_research/housing/early_housing_target_candidates.csv,0.020675272863460718,early_measurement,-0.12156045535911764,"Ownership, heads 30–55",34.56862749211304,0.5267735789600316,True,6bfe239a52c48613ca1c8d64a67f4a0535f4a39ba3a905fafd327ef6a7d5644a,housing_wealth.moments.own_rate_30_55,housing_wealth.moments.own_rate_30_55,,,2339.3623724673616,ownership_30_55,proposed_scored_restriction,ACS heads ages 30-55; DUE structures UNITSSTR 3:10; HHWT>0; 42 MET2013 cities; 2005-2006; inherits all common_acs_sample filters,/Users/tommasodesanto/Desktop/Projects/Fertility/Fertility_Spring26/output/model/e5f_matched_pf_20260909a/design_research/observer_contract/observer_contract.json#/records/1/sample,True,,0.6483340343191493,42-metro bootstrap,Uniform annual-age exposure and constant policies/distribution within each four-year cell National model versus 42-MET2013 housing sample ACS DUE structure restriction is not represented by a model state Current nearest-index mask includes full 54-57 cell; no structure-type state allows exact UNITSSTR filtering. Neither issue is resolved by changing the row name.,/Users/tommasodesanto/Desktop/Projects/Fertility/Fertility_Spring26/output/model/e5f_matched_pf_20260909a/initial_calibration_contract/lead_methodological_decision.json,Recorded empirical bootstrap standard error under the retained estimator/sample,frozen_lead_selected_working_minimum_distance_weight,0.020675272863460718,"{'adjustment': 'Use owner indicator on full realized distribution with declared 30-55 age-exposure selector; pin the maintained DUE-to-model-product interpretation.', 'builder': 'output/model/e5f_matched_pf_20260909a/design_research/housing/inspect_early_housing.py; summarize_early_housing.py', 'candidate_diagonal_weight': 2339.3623724673616, 'clustering': '42 MET2013 city bootstrap', 'data_formula': 'sum(HHWT*owner)/sum(HHWT)', 'date': '2005-2006', 'estimate': 0.6483340343191493, 'fixed_effects': 'none', 'geography': '42 MET2013 cities; not admitted-PUMA footprint', 'id': 'acs_ownership_30_55_2005_2006', 'mismatch': 'Current nearest-index mask includes full 54-57 cell; no structure-type state allows exact UNITSSTR filtering. Neither issue is resolved by changing the row name.', 'model_formula': 'own_rate_3055=sum(g[owner tenures, ages 30:55])/sum(g[all tenures, ages 30:55])', 'production_eligible': False, 'role': 'initial_calibration_restriction', 'sample': 'ACS heads ages 30-55; DUE structures UNITSSTR 3:10; HHWT>0; 42 MET2013 cities; 2005-2006; inherits all common_acs_sample filters', 'status': 'empirical_verified__age_and_structure_mapping_outstanding', 'target_weight_status': 'candidate_inverse_variance_not_activated', 'uncertainty': {'reps': 1000, 'se': 0.020675272863460718, 'seed': 20260910, 'type': '42-metro bootstrap'}}",,,42 MET2013 city bootstrap,none,42 MET2013 cities; not admitted-PUMA footprint,"{'filters': 'sample=year*100+1; GQ in {1,2}; PERNUM=1; RELATE=1; HHWT>0; 18<=AGE<=85; OWNERSHP in {1,2}; ROOMS>0; MET2013 in pinned 42-code list', 'fixed_effects': 'none', 'geography': 'Direct MET2013 membership in 42 cities; NOT old admitted-PUMA footprint. National fertility/PSID plus metro housing is an explicitly maintained geographic approximation.', 'owner': 'OWNERSHP=1', 'rooms': 'min(ROOMS,9) before any aggregation; pooled household-weighted numerators/denominators, not average yearly ratios', 'structures': 'UNITSSTR in 3:10 for all ownership rows, including both recent-parent comparison groups; no structure restriction for rooms rows', 'survey_waves': [2005, 2006], 'uncertainty': '1000 paired metro-resampling draws, seed 20260910, 42 clusters. Not ACS official survey-design or replicate-weight standard errors.', 'weights_status': 'Inverse marginal variance values below are candidate diagonal weights under the approved design, not a promoted target/weight fingerprint.'}",
joint_2,137.5652749002964,False,"beta(event=+3)-beta(event=-1), omitted event=-2; person/year FE, age/education controls, longitudinal IW",/Users/tommasodesanto/Desktop/Projects/Fertility/Fertility_Spring26/code/data/psid_followup_mar2026/sa_rooms_first_birth_household_aligned_v1.do,/Users/tommasodesanto/Desktop/Projects/Fertility/Fertility_Spring26/output/model/e5f_matched_pf_20260909a/design_research/observer_contract/observer_contract.json,e5f_early_housing_wealth_observer_review_v2_20260911,psid_sa_first_birth_rooms,/Users/tommasodesanto/Desktop/Projects/Fertility/Fertility_Spring26/code/data/psid_followup_mar2026/output/sa_rooms_first_birth_household_aligned_v1/target_receipt.csv,0.0852600513385958,early_measurement,0.262826217368201,"First-birth room response, −1 to +3",9.50268185850377,0.9830724797497288,True,6bfe239a52c48613ca1c8d64a67f4a0535f4a39ba3a905fafd327ef6a7d5644a,housing_wealth.moments.housing_increment_0to1,housing_wealth.moments.housing_increment_0to1,,,137.5652749002964,first_birth_rooms,proposed_scored_restriction,"Women age 18+, current reference/spouse, positive IW, single-FID dwelling, one woman per household-year; confirmed never-treated controls; 49,457 household-years, 4,112 persons",/Users/tommasodesanto/Desktop/Projects/Fertility/Fertility_Spring26/output/model/e5f_matched_pf_20260909a/design_research/observer_contract/observer_contract.json#/records/7/sample,True,,0.7202462623815278,"Sun-Abraham covariance contrast, clustered individual ID","Pooled PSID response applied to initial stationary economy under stability assumption Matched model risk-set weights differ from Sun-Abraham cohort/event weights; non-flat prepath caveat retained Applying the unchanged pooled contrast to initial stationary economy requires approved stability approximation. Model matched-risk weights differ from estimator cohort/event weights. Non-flat prepath and normalization dependence remain disclosed; September5 normalization check changed point to .730459 with identical fitted values, not a replacement target. Four-year approximation is not literal observed -1/+3 child ages. Keep PSID rooms uncapped; do not import ACS cap.",/Users/tommasodesanto/Desktop/Projects/Fertility/Fertility_Spring26/output/model/e5f_matched_pf_20260909a/initial_calibration_contract/lead_methodological_decision.json,Recorded empirical bootstrap standard error under the retained estimator/sample,frozen_lead_selected_working_minimum_distance_weight,0.0852600513385958,"{'adjustment': 'For an initial stationary observer call begin_dated_first_birth_housing_branch then finish_dated_first_birth_housing_branch with the stationary policy as BOTH dates; retain destination continuation births and no Census age bridge. Do NOT use first_birth_housing_response sequential legacy helper, which suppresses continuation births. Certify the same paired branch with mass/timing checks.', 'builder': 'code/data/psid_followup_mar2026/sa_rooms_first_birth_household_aligned_v1.do; finalize_first_birth_rooms_target_receipt.py', 'candidate_diagonal_weight': 137.5652749002964, 'clustering': 'selected woman stable ID; one household-year observation, primary analytic cluster covariance', 'data_formula': 'beta(event=+3)-beta(event=-1), omitted event=-2; person/year FE, age/education controls, longitudinal IW', 'date': 'Pooled PSID event-time -1 to +3; treated input observations 1970-2019, not an early-only regression', 'estimate': 0.7202462623815278, 'fixed_effects': 'person ID and survey year; age and education controls', 'geography': 'national PSID', 'id': 'psid_sa_first_birth_rooms', 'mismatch': 'Applying the unchanged pooled contrast to initial stationary economy requires approved stability approximation. Model matched-risk weights differ from estimator cohort/event weights. Non-flat prepath and normalization dependence remain disclosed; September5 normalization check changed point to .730459 with identical fitted values, not a replacement target. Four-year approximation is not literal observed -1/+3 child ages. Keep PSID rooms uncapped; do not import ACS cap.', 'model_formula': 'Select successful first births from initial g_pre; clone identical pre-birth states into treated n=1,m=1 and childless control. Advance both one period with origin policies/survival/income/maturation, then realize destination housing with destination policies. Treated may have continuation birth; control stays childless. Difference of destination uncapped rooms equals matched difference in changes.', 'production_eligible': False, 'role': 'initial_calibration_restriction', 'sample': 'Women age 18+, current reference/spouse, positive IW, single-FID dwelling, one woman per household-year; confirmed never-treated controls; 49,457 household-years, 4,112 persons', 'status': 'verified_empirical_contrast__provisional_structural_mapping', 'target_weight_status': 'candidate_inverse_variance_not_activated', 'uncertainty': {'reference_period': -2, 'se': 0.0852600513385958, 'type': 'Sun-Abraham covariance contrast, clustered individual ID', 'variance_formula': 'Var(beta_3)+Var(beta_-1)-2Cov(beta_3,beta_-1)'}}",,,"selected woman stable ID; one household-year observation, primary analytic cluster covariance",person ID and survey year; age and education controls,national PSID,,
joint_2,280.52808370152104,False,"E[min(ROOMS,9)|NCHILD>=3,YNGCH<18]-E[min(ROOMS,9)|NCHILD=1-2,YNGCH<18]",/Users/tommasodesanto/Desktop/Projects/Fertility/Fertility_Spring26/output/model/e5f_matched_pf_20260909a/design_research/housing/inspect_early_housing.py; /Users/tommasodesanto/Desktop/Projects/Fertility/Fertility_Spring26/output/model/e5f_matched_pf_20260909a/design_research/housing/summarize_early_housing.py,/Users/tommasodesanto/Desktop/Projects/Fertility/Fertility_Spring26/output/model/e5f_matched_pf_20260909a/design_research/observer_contract/observer_contract.json,e5f_early_housing_wealth_observer_review_v2_20260911,acs_rooms_3plus_minus_1to2_2005_2006,/Users/tommasodesanto/Desktop/Projects/Fertility/Fertility_Spring26/output/model/e5f_matched_pf_20260909a/design_research/housing/early_housing_target_candidates.csv,0.059705154633000496,early_measurement,-0.17329097833399043,Rooms: 3+ versus 1–2 resident children (model dependent proxy),8.424191916638076,0.17377595346226027,True,6bfe239a52c48613ca1c8d64a67f4a0535f4a39ba3a905fafd327ef6a7d5644a,housing_wealth.moments.prime30_55_model_dependent_3plus_minus_1to2_rooms_capped9,housing_wealth.moments.prime30_55_model_dependent_3plus_minus_1to2_rooms_capped9,,,280.52808370152104,family_rooms,proposed_scored_restriction,"ACS heads ages 30-55, YNGCH<18; NCHILD>=3 minus NCHILD=1-2; 42 MET2013 cities; 2005-2006; inherits all common_acs_sample filters",/Users/tommasodesanto/Desktop/Projects/Fertility/Fertility_Spring26/output/model/e5f_matched_pf_20260909a/design_research/observer_contract/observer_contract.json#/records/3/sample,True,,0.3470669317962507,42-metro bootstrap,"Uniform annual-age exposure and constant policies/distribution within each four-year cell National model versus 42-MET2013 housing sample Model dependent counts replace ACS resident own children with YNGCH<18 ACS NCHILD counts ALL resident own children while YNGCH<18 requires at least one minor. Example: ages 4,19,21 is empirical large family but may be one model dependent. m has no deterministic child-age bound under binomial maturation. Verifying independent_count is necessary but insufficient for exact ACS group equivalence.",/Users/tommasodesanto/Desktop/Projects/Fertility/Fertility_Spring26/output/model/e5f_matched_pf_20260909a/initial_calibration_contract/lead_methodological_decision.json,Recorded empirical bootstrap standard error under the retained estimator/sample,frozen_lead_selected_working_minimum_distance_weight,0.059705154633000496,"{'adjustment': 'Cap full income-resolved renter and owner rooms before any collapse. Runtime-assert child_state_mode=independent_count and child_bin_high_cutoff=3. Need explicit resident-child approximation or richer observation information before SMM certification.', 'builder': 'output/model/e5f_matched_pf_20260909a/design_research/housing/inspect_early_housing.py; summarize_early_housing.py', 'candidate_diagonal_weight': 280.52808370152104, 'clustering': '42 MET2013 city bootstrap', 'data_formula': 'E[min(ROOMS,9)|NCHILD>=3,YNGCH<18]-E[min(ROOMS,9)|NCHILD=1-2,YNGCH<18]', 'date': '2005-2006', 'estimate': 0.3470669317962507, 'fixed_effects': 'none', 'geography': '42 MET2013 cities; not admitted-PUMA footprint', 'id': 'acs_rooms_3plus_minus_1to2_2005_2006', 'mismatch': 'ACS NCHILD counts ALL resident own children while YNGCH<18 requires at least one minor. Example: ages 4,19,21 is empirical large family but may be one model dependent. m has no deterministic child-age bound under binomial maturation. Verifying independent_count is necessary but insufficient for exact ACS group equivalence.', 'model_formula': 'Current child_bin_high_cutoff=3 and independent_count use m=cs, subject to cs<=n: high group m>=3; low group 1<=m<=2. Existing moment is uncapped and uses current prime age mask. Proposed proxy: E[min(s,9)|m>=3]-E[min(s,9)|1<=m<=2], with declared age selector.', 'production_eligible': False, 'role': 'initial_calibration_restriction', 'sample': 'ACS heads ages 30-55, YNGCH<18; NCHILD>=3 minus NCHILD=1-2; 42 MET2013 cities; 2005-2006; inherits all common_acs_sample filters', 'status': 'empirical_verified__resident_child_mapping_outstanding', 'target_weight_status': 'candidate_inverse_variance_not_activated', 'uncertainty': {'reps': 1000, 'se': 0.059705154633000496, 'seed': 20260910, 'type': '42-metro bootstrap'}}",,,42 MET2013 city bootstrap,none,42 MET2013 cities; not admitted-PUMA footprint,"{'filters': 'sample=year*100+1; GQ in {1,2}; PERNUM=1; RELATE=1; HHWT>0; 18<=AGE<=85; OWNERSHP in {1,2}; ROOMS>0; MET2013 in pinned 42-code list', 'fixed_effects': 'none', 'geography': 'Direct MET2013 membership in 42 cities; NOT old admitted-PUMA footprint. National fertility/PSID plus metro housing is an explicitly maintained geographic approximation.', 'owner': 'OWNERSHP=1', 'rooms': 'min(ROOMS,9) before any aggregation; pooled household-weighted numerators/denominators, not average yearly ratios', 'structures': 'UNITSSTR in 3:10 for all ownership rows, including both recent-parent comparison groups; no structure restriction for rooms rows', 'survey_waves': [2005, 2006], 'uncertainty': '1000 paired metro-resampling draws, seed 20260910, 42 clusters. Not ACS official survey-design or replicate-weight standard errors.', 'weights_status': 'Inverse marginal variance values below are candidate diagonal weights under the approved design, not a promoted target/weight fingerprint.'}",
joint_2,27055.822957508266,False,"Pr(owner|NCHILD>0,ELDCH<4)-Pr(owner|NCHILD=0)",/Users/tommasodesanto/Desktop/Projects/Fertility/Fertility_Spring26/output/model/e5f_matched_pf_20260909a/design_research/housing/inspect_early_housing.py; /Users/tommasodesanto/Desktop/Projects/Fertility/Fertility_Spring26/output/model/e5f_matched_pf_20260909a/design_research/housing/summarize_early_housing.py,/Users/tommasodesanto/Desktop/Projects/Fertility/Fertility_Spring26/output/model/e5f_matched_pf_20260909a/design_research/observer_contract/observer_contract.json,e5f_early_housing_wealth_observer_review_v2_20260911,acs_recent_parent_owner_gap_2005_2006,/Users/tommasodesanto/Desktop/Projects/Fertility/Fertility_Spring26/output/model/e5f_matched_pf_20260909a/design_research/housing/early_housing_target_candidates.csv,0.006079524679464666,recent_parent_observation,-0.015023154062717148,Recent-parent ownership gap,6.106368237002054,0.1478723550985157,True,6bfe239a52c48613ca1c8d64a67f4a0535f4a39ba3a905fafd327ef6a7d5644a,ownership_current_birth_from_empty_dependent_home_minus_current_empty_home_30_55,model_value,,,27055.822957508266,recent_parent_ownership,proposed_scored_restriction,ACS heads ages 30-55; recent parent NCHILD>0 and ELDCH<4 minus NCHILD=0 controls; 42 MET2013 cities; 2005-2006; inherits all common_acs_sample filters; both groups also require UNITSSTR in 3:10,/Users/tommasodesanto/Desktop/Projects/Fertility/Fertility_Spring26/output/model/e5f_matched_pf_20260909a/design_research/observer_contract/observer_contract.json#/records/2/sample,True,,0.16289550916123285,42-metro bootstrap,"ELDCH is OLDEST resident own child: all resident own children must be under four. Model has no child ages or time since birth; independent binomial maturation has mean 18 years but no deterministic under-18 cutoff. ACS NCHILD=0 includes former parents with no own child resident, whereas model control is lifetime n=0. Adding m=0 controls would still conflate absent dependents with absent resident adult children. Unavailable: ACS oldest resident child under four and no-resident-child controls cannot be reconstructed from dependent counts and lifetime parity",/Users/tommasodesanto/Desktop/Projects/Fertility/Fertility_Spring26/output/model/e5f_matched_pf_20260909a/initial_calibration_contract/lead_methodological_decision.json,Recorded empirical bootstrap standard error under the retained estimator/sample,frozen_lead_selected_working_minimum_distance_weight,0.006079524679464666,"{'adjustment': 'Exact ACS recent-parent group and resident-child controls cannot be recovered from current count-only states. Do not substitute n=0 controls or all m>0 parents without an explicitly approved proxy contract; retain identifying row as blocked rather than silently dropping it.', 'builder': 'output/model/e5f_matched_pf_20260909a/design_research/housing/inspect_early_housing.py; summarize_early_housing.py', 'candidate_diagonal_weight': 27055.822957508266, 'clustering': '42 MET2013 city bootstrap', 'data_formula': 'Pr(owner|NCHILD>0,ELDCH<4)-Pr(owner|NCHILD=0)', 'date': '2005-2006', 'estimate': 0.16289550916123285, 'fixed_effects': 'none', 'geography': '42 MET2013 cities; not admitted-PUMA footprint', 'id': 'acs_recent_parent_owner_gap_2005_2006', 'mismatch': 'ELDCH is OLDEST resident own child: all resident own children must be under four. Model has no child ages or time since birth; independent binomial maturation has mean 18 years but no deterministic under-18 cutoff. ACS NCHILD=0 includes former parents with no own child resident, whereas model control is lifetime n=0. Adding m=0 controls would still conflate absent dependents with absent resident adult children.', 'model_formula': 'Under independent_count: Pr(owner | n>=1,m>0, current prime mask) - Pr(owner | n=0,childless readiness states,current prime mask). newparent_cs includes ALL positive dependent counts, with no recency condition.', 'production_eligible': False, 'role': 'initial_calibration_restriction', 'sample': 'ACS heads ages 30-55; recent parent NCHILD>0 and ELDCH<4 minus NCHILD=0 controls; 42 MET2013 cities; 2005-2006; inherits all common_acs_sample filters; both groups also require UNITSSTR in 3:10', 'status': 'verified_empirical__irreducible_group_mismatch', 'target_weight_status': 'candidate_inverse_variance_not_activated', 'uncertainty': {'reps': 1000, 'se': 0.006079524679464666, 'seed': 20260910, 'type': '42-metro bootstrap'}}",,,42 MET2013 city bootstrap,none,42 MET2013 cities; not admitted-PUMA footprint,"{'filters': 'sample=year*100+1; GQ in {1,2}; PERNUM=1; RELATE=1; HHWT>0; 18<=AGE<=85; OWNERSHP in {1,2}; ROOMS>0; MET2013 in pinned 42-code list', 'fixed_effects': 'none', 'geography': 'Direct MET2013 membership in 42 cities; NOT old admitted-PUMA footprint. National fertility/PSID plus metro housing is an explicitly maintained geographic approximation.', 'owner': 'OWNERSHP=1', 'rooms': 'min(ROOMS,9) before any aggregation; pooled household-weighted numerators/denominators, not average yearly ratios', 'structures': 'UNITSSTR in 3:10 for all ownership rows, including both recent-parent comparison groups; no structure restriction for rooms rows', 'survey_waves': [2005, 2006], 'uncertainty': '1000 paired metro-resampling draws, seed 20260910, 42 clusters. Not ACS official survey-design or replicate-weight standard errors.', 'weights_status': 'Inverse marginal variance values below are candidate diagonal weights under the approved design, not a promoted target/weight fingerprint.'}","{'age_projection': 'uniform_within_age_cell', 'approximation_id': 'early_2007_parenthood_md_working_v1__recent_parent_synchronized_proxy', 'decision_sha256': 'b1d399c290d257e56e008afb6d7b76ac1f69191685c8d9e89a4b0bfb06533c9a', 'decision_source': '/Users/tommasodesanto/Desktop/Projects/Fertility/Fertility_Spring26/output/model/e5f_matched_pf_20260909a/initial_calibration_contract/lead_methodological_decision.json', 'declaration': 'Synchronized post-fertility snapshot; uniform head-age overlap; model dependents proxy resident own children; actual current births from previously empty-dependent homes versus current empty homes inclformerparents. Not an exact annualACS interview reconstruction.', 'diagnostic_allow_residence_proxy': True, 'exact_acs': False, 'maintained': True, 'moment': 'ownership_current_birth_from_empty_dependent_home_minus_current_empty_home_30_55', 'observer_id': 'e5f_recent_parent_flow_diagnostic_v1', 'snapshot': 'synchronized_post_fertility_snapshot'}"
joint_3,,False,"Author-selected stationary model normalization, using maintained top-parity representative; not empirical female period TFR","Author-selected model normalization, not empirical estimation",/Users/tommasodesanto/Desktop/Projects/Fertility/Fertility_Spring26/output/model/e5f_matched_pf_20260909a/OVERNIGHT_PLAN.md,author_initial_model_fertility_2_1,author_2_1,/Users/tommasodesanto/Desktop/Projects/Fertility/Fertility_Spring26/output/model/e5f_matched_pf_20260909a/OVERNIGHT_PLAN.md,,normalization,6.576896565135826e-07,Initial model completed fertility,,2.1000006576896566,True,65d46bfc85f294f65f0db9a924f11f16f735c3b4694f38ab62bcd003bdc9bfcc,final.normalization.completed_fertility,completed_fertility,,,,initial_normalization,normalization_separate_from_scored_objective,"Author-selected stationary model normalization, using maintained top-parity representative; not empirical female period TFR","Author-selected model normalization, as explicitly recorded in the preserved target definition",False,,2.1,Author normalization; no empirical SE,Separate from CPS age-window stocks and actual birth/entry accounting.,/Users/tommasodesanto/Desktop/Projects/Fertility/Fertility_Spring26/output/model/e5f_matched_pf_20260909a/initial_calibration_contract/lead_methodological_decision.json,Separate exact normalization within tolerance5e-4,separate_unscored_normalization,,,,,,,,,
joint_3,35532.3042455214,False,Weighted P(FREVER=0) among pooled June 2004 and June 2006 women age 40-44 with valid FREVER 0-20 and positive FRSUPPWT.,/Users/tommasodesanto/Desktop/Projects/Fertility/Fertility_Spring26/output/model/e5f_matched_pf_20260909a/parameter_target_audit/fertility/extract_fertility_availability.py; /Users/tommasodesanto/Desktop/Projects/Fertility/Fertility_Spring26/output/model/e5f_matched_pf_20260909a/design_research/fertility_contract/verify_fertility_contract.py,/Users/tommasodesanto/Desktop/Projects/Fertility/Fertility_Spring26/output/model/e5f_matched_pf_20260909a/design_research/fertility_contract/fertility_target_contract.json,early_cps_nchs_fertility_certification_20260911_v2_not_activated,cps_childless_women_40_44_2004_2006,/Users/tommasodesanto/Desktop/Projects/Fertility/Fertility_Spring26/output/model/e5f_matched_pf_20260909a/parameter_target_audit/fertility/fertility_availability.json,,early_measurement,-0.0025568271656202513,"Childless women, ages 40–44",0.23228764764633136,0.1957219238412224,True,65d46bfc85f294f65f0db9a924f11f16f735c3b4694f38ab62bcd003bdc9bfcc,fertility.uniform_birth_time.moments.childless_rate_40_44,fertility.uniform_birth_time.moments.childless_rate_40_44,,,,cps_childlessness,proposed_scored_restriction,"June, femaleSEX2,age40-44,FREVER0-20,FRSUPPWT>0;excludeFREVER999NIU; 2004+2006 pooled weighted records; Weighted P(FREVER=0) among pooled June 2004 and June 2006 women age 40-44 with valid FREVER 0-20 and positive FRSUPPWT.",/Users/tommasodesanto/Desktop/Projects/Fertility/Fertility_Spring26/output/model/e5f_matched_pf_20260909a/parameter_target_audit/fertility/fertility_availability.json#/sample and /Users/tommasodesanto/Desktop/Projects/Fertility/Fertility_Spring26/output/model/e5f_matched_pf_20260909a/design_research/fertility_contract/fertility_target_contract.json#/candidate_moments/0/definition,True,,0.19827875100684264,annual_generalized_variance_approximation_recovered_pooled_covariance_not_certified,Uniform birth-time parity interpolation is the main diagnostic; constant-post-cell sensitivity retained. Model household reproductive member is not certified female exposure; no empirical age reweighting.,/Users/tommasodesanto/Desktop/Projects/Fertility/Fertility_Spring26/output/model/e5f_matched_pf_20260909a/initial_calibration_contract/lead_methodological_decision.json,CPS official annual generalized-variance approximations pooled with fixed observed weights and correlation-one working convention; not design-exact pooled SE,frozen_lead_selected_working_minimum_distance_weight,0.005305035738317728,"{'active_weight': None, 'definition': 'Weighted P(FREVER=0) among pooled June 2004 and June 2006 women age 40-44 with valid FREVER 0-20 and positive FRSUPPWT.', 'id': 'cps_childless_women_40_44_2004_2006', 'model_observer_status': 'blocked_by_age_window_mapping', 'production_active': False, 'reported_value': 0.198279, 'sample_records': 10872, 'uncertainty': {'annual_official_approximate_sampling_gvf_se': {'2004': {'approximate_gvf_se': 0.0052157901461549385, 'b_parameter': 2016, 'denominator_population_units': 11534656.9936, 'value': 0.1928386121957651}, '2006': {'approximate_gvf_se': 0.005396662766690418, 'b_parameter': 2016, 'denominator_population_units': 11234864.9964, 'value': 0.20386405489820397}}, 'pooled_candidates': {'annual': {'2004': {'approximate_gvf_se': 0.0052157901461549385, 'b_parameter': 2016, 'denominator_population_units': 11534656.9936, 'value': 0.1928386121957651}, '2006': {'approximate_gvf_se': 0.005396662766690418, 'b_parameter': 2016, 'denominator_population_units': 11234864.9964, 'value': 0.20386405489820397}}, 'base_share_2004': 0.5065831860091674, 'pooled_fixed_bases_max_positive_correlation_se': 0.005305035738317728, 'pooled_fixed_bases_zero_crossyear_covariance_se': 0.0037512549510131253, 'qualification': 'Annual official generalized-variance approximation. Pooled candidates condition on observed base shares; cross-year covariance and random conditional-mother bases are not certified. Neither scale is adopted.'}, 'sampling_se': None, 'status': 'annual_generalized_variance_approximation_recovered_pooled_covariance_not_certified'}, 'value': 0.19827875100684264, 'weighted_denominator': 22769521.989999805}",IPUMS fertility supplement FRSUPPWT divided10000 as supplied loader; official Census supplement weight crosswalk not independently certified,,,,,,
joint_3,26952.820824310795,False,Weighted P(FREVER=1 | FREVER>=1) in the same pooled CPS sample.,/Users/tommasodesanto/Desktop/Projects/Fertility/Fertility_Spring26/output/model/e5f_matched_pf_20260909a/parameter_target_audit/fertility/extract_fertility_availability.py; /Users/tommasodesanto/Desktop/Projects/Fertility/Fertility_Spring26/output/model/e5f_matched_pf_20260909a/design_research/fertility_contract/verify_fertility_contract.py,/Users/tommasodesanto/Desktop/Projects/Fertility/Fertility_Spring26/output/model/e5f_matched_pf_20260909a/design_research/fertility_contract/fertility_target_contract.json,early_cps_nchs_fertility_certification_20260911_v2_not_activated,cps_exactly_one_among_mothers_40_44_2004_2006,/Users/tommasodesanto/Desktop/Projects/Fertility/Fertility_Spring26/output/model/e5f_matched_pf_20260909a/parameter_target_audit/fertility/fertility_availability.json,,early_measurement,0.0030530561471688866,"Exactly one child among mothers, ages 40–44",0.25123133535949493,0.2167083813673159,True,65d46bfc85f294f65f0db9a924f11f16f735c3b4694f38ab62bcd003bdc9bfcc,fertility.uniform_birth_time.moments.exactly_one_among_mothers_40_44,fertility.uniform_birth_time.moments.exactly_one_among_mothers_40_44,,,,cps_exactly_one,proposed_scored_restriction,"June, femaleSEX2,age40-44,FREVER0-20,FRSUPPWT>0;excludeFREVER999NIU; 2004+2006 pooled weighted records; Weighted P(FREVER=1 | FREVER>=1) in the same pooled CPS sample.",/Users/tommasodesanto/Desktop/Projects/Fertility/Fertility_Spring26/output/model/e5f_matched_pf_20260909a/parameter_target_audit/fertility/fertility_availability.json#/sample and /Users/tommasodesanto/Desktop/Projects/Fertility/Fertility_Spring26/output/model/e5f_matched_pf_20260909a/design_research/fertility_contract/fertility_target_contract.json#/candidate_moments/1/definition,True,,0.21365532522014702,annual_generalized_variance_approximation_recovered_pooled_covariance_not_certified,Uniform birth-time parity interpolation is the main diagnostic; constant-post-cell sensitivity retained. Model household reproductive member is not certified female exposure; no empirical age reweighting.,/Users/tommasodesanto/Desktop/Projects/Fertility/Fertility_Spring26/output/model/e5f_matched_pf_20260909a/initial_calibration_contract/lead_methodological_decision.json,CPS official annual generalized-variance approximations pooled with fixed observed weights and correlation-one working convention; not design-exact pooled SE,frozen_lead_selected_working_minimum_distance_weight,0.0060911302714076404,"{'active_weight': None, 'definition': 'Weighted P(FREVER=1 | FREVER>=1) in the same pooled CPS sample.', 'id': 'cps_exactly_one_among_mothers_40_44_2004_2006', 'model_observer_status': 'blocked_by_age_window_mapping; literal parity-one conditional-on-parenthood stock, not a continuation hazard', 'production_active': False, 'reported_value': 0.213655, 'uncertainty': {'annual_official_approximate_sampling_gvf_se': {'2004': {'approximate_gvf_se': 0.006046407789789988, 'b_parameter': 2016, 'denominator_population_units': 9310329.7468, 'value': 0.21511000477596962}, '2006': {'approximate_gvf_se': 0.006137682005815865, 'b_parameter': 2016, 'denominator_population_units': 8944479.862, 'value': 0.21214114591071567}}, 'pooled_candidates': {'annual': {'2004': {'approximate_gvf_se': 0.006046407789789988, 'b_parameter': 2016, 'denominator_population_units': 9310329.7468, 'value': 0.21511000477596962}, '2006': {'approximate_gvf_se': 0.006137682005815865, 'b_parameter': 2016, 'denominator_population_units': 8944479.862, 'value': 0.21214114591071567}}, 'base_share_2004': 0.5100206436725485, 'pooled_fixed_bases_max_positive_correlation_se': 0.0060911302714076404, 'pooled_fixed_bases_zero_crossyear_covariance_se': 0.004307418797745566, 'qualification': 'Annual official generalized-variance approximation. Pooled candidates condition on observed base shares; cross-year covariance and random conditional-mother bases are not certified. Neither scale is adopted.'}, 'sampling_se': None, 'status': 'annual_generalized_variance_approximation_recovered_pooled_covariance_not_certified'}, 'value': 0.21365532522014702, 'weighted_mother_denominator': 18254809.608799897, 'weighted_numerator': 3900237.283800007}",IPUMS fertility supplement FRSUPPWT divided10000 as supplied loader; official Census supplement weight crosswalk not independently certified,,,,,,
joint_3,139.82806784479274,False,"Pooled national first-birth counts ages 12-49, 2003-2006; age <=21 mapped to midpoint 20, 22-25 to 24, ..., age >=42 to 44; count-weighted mean.",/Users/tommasodesanto/Desktop/Projects/Fertility/Fertility_Spring26/code/data/nchs_natality_timing/build_first_birth_timing.R; /Users/tommasodesanto/Desktop/Projects/Fertility/Fertility_Spring26/output/model/e5f_matched_pf_20260909a/design_research/fertility_contract/verify_fertility_contract.py,/Users/tommasodesanto/Desktop/Projects/Fertility/Fertility_Spring26/output/model/e5f_matched_pf_20260909a/design_research/fertility_contract/fertility_target_contract.json,early_cps_nchs_fertility_certification_20260911_v2_not_activated,nchs_period_mean_age_first_birth_2003_2006,/Users/tommasodesanto/Desktop/Projects/Fertility/Fertility_Spring26/code/data/nchs_natality_timing/first_birth_counts_year_age.csv,,early_measurement,0.08637369031485065,Period mean first-birth age,1.0431753278819484,26.062637551307347,True,65d46bfc85f294f65f0db9a924f11f16f735c3b4694f38ab62bcd003bdc9bfcc,fertility.uniform_birth_time.moments.period_mean_age_first_birth,fertility.uniform_birth_time.moments.period_mean_age_first_birth,,,,nchs_mean_age,proposed_scored_restriction,"US-named raw files; exact/decoded age12-49 and known live-birth order1; 2003 under15 recode mapped14; Pooled national first-birth counts ages 12-49, 2003-2006; age <=21 mapped to midpoint 20, 22-25 to 24, ..., age >=42 to 44; count-weighted mean.",/Users/tommasodesanto/Desktop/Projects/Fertility/Fertility_Spring26/output/model/e5f_matched_pf_20260909a/design_research/fertility_contract/fertility_target_contract.json#/nchs_source_cautions/sample and #/candidate_moments/2/definition,True,,25.976263860992496,national_count_not_probability_sample,"First-birth flow timing, not completed-cohort timing. Household maternal proxy; empirical under-18/over-45 tail collapse retained; raw builder residence and unknown-order comparability remain unresolved.",/Users/tommasodesanto/Desktop/Projects/Fertility/Fertility_Spring26/output/model/e5f_matched_pf_20260909a/initial_calibration_contract/lead_methodological_decision.json,2003–2006 annual temporal SD: chosen typical-year discrepancy scale for approximate stationary target; not sampling SE,frozen_lead_selected_working_minimum_distance_weight,0.0845673694617251,"{'active_weight': None, 'definition': 'Pooled national first-birth counts ages 12-49, 2003-2006; age <=21 mapped to midpoint 20, 22-25 to 24, ..., age >=42 to 44; count-weighted mean.', 'first_birth_count': 6611269, 'id': 'nchs_period_mean_age_first_birth_2003_2006', 'model_observer_status': 'dated_flow_primitive_available_scored_period_adapter_and_population_mapping_not_certified', 'production_active': False, 'reported_value': 25.976264, 'uncertainty': {'annual_2003_2006_sample_sd': 0.0845673694617251, 'conditional_multinomial_process_se': 0.002249891508714525, 'conditional_multinomial_qualification': 'Model-based process variation conditional on total first births; not a sampling SE and not adopted for SMM. Our mean-age delta-method extension is not a quoted NCHS formula.', 'note': 'annual SD is period variation, not a sampling SE', 'sampling_se': None, 'status': 'national_count_not_probability_sample', 'temporal_variation': {'annual_range': 0.18579015118294961, 'annual_sample_sd': 0.0845673694617251, 'maximum_leave_one_year_shift': 0.03969117381891607}}, 'value': 25.976263860992496}",,None in authoritative builder: reads age/order only. Do not label exact sample US-resident births without verification.,,,,,
joint_3,13866.065434728798,False,"Pooled national first-birth counts ages 12-49, 2003-2006; exact maternal age >=30 divided by all first births in the pooled window.",/Users/tommasodesanto/Desktop/Projects/Fertility/Fertility_Spring26/code/data/nchs_natality_timing/build_first_birth_timing.R; /Users/tommasodesanto/Desktop/Projects/Fertility/Fertility_Spring26/output/model/e5f_matched_pf_20260909a/design_research/fertility_contract/verify_fertility_contract.py,/Users/tommasodesanto/Desktop/Projects/Fertility/Fertility_Spring26/output/model/e5f_matched_pf_20260909a/design_research/fertility_contract/fertility_target_contract.json,early_cps_nchs_fertility_certification_20260911_v2_not_activated,nchs_period_first_birth_share_age30plus_2003_2006,/Users/tommasodesanto/Desktop/Projects/Fertility/Fertility_Spring26/code/data/nchs_natality_timing/first_birth_counts_year_age.csv,,early_measurement,-0.018866699920242008,First births at age 30+,4.935658796944982,0.2304113131208247,True,65d46bfc85f294f65f0db9a924f11f16f735c3b4694f38ab62bcd003bdc9bfcc,fertility.uniform_birth_time.moments.period_share_first_births_age30plus,fertility.uniform_birth_time.moments.period_share_first_births_age30plus,,,,nchs_share30,proposed_scored_restriction,"US-named raw files; exact/decoded age12-49 and known live-birth order1; 2003 under15 recode mapped14; Pooled national first-birth counts ages 12-49, 2003-2006; exact maternal age >=30 divided by all first births in the pooled window.",/Users/tommasodesanto/Desktop/Projects/Fertility/Fertility_Spring26/output/model/e5f_matched_pf_20260909a/design_research/fertility_contract/fertility_target_contract.json#/nchs_source_cautions/sample and #/candidate_moments/3/definition,True,,0.2492780130410667,national_count_not_probability_sample,"First-birth flow timing, not completed-cohort timing. Household maternal proxy; empirical under-18/over-45 tail collapse retained; raw builder residence and unknown-order comparability remain unresolved.",/Users/tommasodesanto/Desktop/Projects/Fertility/Fertility_Spring26/output/model/e5f_matched_pf_20260909a/initial_calibration_contract/lead_methodological_decision.json,2003–2006 annual temporal SD: chosen typical-year discrepancy scale for approximate stationary target; not sampling SE,frozen_lead_selected_working_minimum_distance_weight,0.00849226186213262,"{'active_weight': None, 'definition': 'Pooled national first-birth counts ages 12-49, 2003-2006; exact maternal age >=30 divided by all first births in the pooled window.', 'first_birth_count': 6611269, 'id': 'nchs_period_first_birth_share_age30plus_2003_2006', 'model_observer_status': 'dated_flow_primitive_available_scored_period_adapter_and_population_mapping_not_certified', 'production_active': False, 'reported_value': 0.249278, 'uncertainty': {'annual_2003_2006_sample_sd': 0.00849226186213262, 'conditional_multinomial_process_se': 0.000168243827885977, 'conditional_multinomial_qualification': 'Model-based process variation conditional on total first births; not a sampling SE and not adopted for SMM. Our mean-age delta-method extension is not a quoted NCHS formula.', 'note': 'annual SD is period variation, not a sampling SE', 'sampling_se': None, 'status': 'national_count_not_probability_sample', 'temporal_variation': {'annual_range': 0.01924403073634498, 'annual_sample_sd': 0.00849226186213262, 'maximum_leave_one_year_shift': 0.0037096109032545843}}, 'value': 0.2492780130410667}",,None in authoritative builder: reads age/order only. Do not label exact sample US-resident births without verification.,,,,,
joint_3,7.595098472533724,False,sum(IW*NETWORTHR)/sum_{age<=65}(IW*EARNINDRRC),/Users/tommasodesanto/Desktop/Projects/Fertility/Fertility_Spring26/output/model/e5f_matched_pf_20260909a/design_research/wealth/build_initial_wealth.R,/Users/tommasodesanto/Desktop/Projects/Fertility/Fertility_Spring26/output/model/e5f_matched_pf_20260909a/design_research/observer_contract/observer_contract.json,e5f_early_housing_wealth_observer_review_v2_20260911,psid_wealth_gross_earnings_2003_2005,/Users/tommasodesanto/Desktop/Projects/Fertility/Fertility_Spring26/output/model/e5f_matched_pf_20260909a/design_research/wealth/aggregate_wealth_results.csv,0.36285515343369,early_measurement,-1.3118716826596373,Wealth / annual gross labor earnings,13.071220004799859,4.833989711797793,True,65d46bfc85f294f65f0db9a924f11f16f735c3b4694f38ab62bcd003bdc9bfcc,housing_wealth.moments.aggregate_wealth_to_annual_gross_labor_earnings,housing_wealth.moments.aggregate_wealth_to_annual_gross_labor_earnings,,,7.595098472533724,wealth_earnings,proposed_scored_restriction,"PSID reference persons ages 18-85, relation_to_head=10, positive IW, finite NETWORTHR; working-age gross earnings required/nonnegative; 2003-2005; actual selected waves 2003 and 2005; 10,828 family-years/6,018 IDs in wealth, 9,265 family-years/5,215 IDs in earnings.",/Users/tommasodesanto/Desktop/Projects/Fertility/Fertility_Spring26/output/model/e5f_matched_pf_20260909a/design_research/observer_contract/observer_contract.json#/records/4/sample,True,,6.14586139445743,person bootstrap,National PSID household-income normalization; survey-wave stock/flow dates inherited RP/spouse household earnings is the intended labor-income concept. Missing within-wave wealth valuation versus earnings reference-year metadata remains a calendar certification limit; national household income normalization and selection on finite outcomes are maintained approximations.,/Users/tommasodesanto/Desktop/Projects/Fertility/Fertility_Spring26/output/model/e5f_matched_pf_20260909a/initial_calibration_contract/lead_methodological_decision.json,Recorded empirical bootstrap standard error under the retained estimator/sample,frozen_lead_selected_working_minimum_distance_weight,0.36285515343369,"{'adjustment': 'Observe the pre-announcement stationary state using coherent beginning-period g_asset; use actual pension-consistent parameters. Gross earnings formula and 18-65 cell coverage match the intended earnings concept; no automatic 2023 reuse.', 'builder': 'output/model/e5f_matched_pf_20260909a/design_research/wealth/build_initial_wealth.R (mirrors audit_aggregate_wealth_earnings_ratio.R)', 'candidate_diagonal_weight': 7.595098472533724, 'clustering': 'reference-person ID bootstrap', 'data_formula': 'sum(IW*NETWORTHR)/sum_{age<=65}(IW*EARNINDRRC)', 'date': 'PSID survey waves 2003 and 2005, not an audited same-calendar stock/flow date', 'estimate': 6.14586139445743, 'fixed_effects': 'none', 'geography': 'national PSID', 'id': 'psid_wealth_gross_earnings_2003_2005', 'mismatch': 'RP/spouse household earnings is the intended labor-income concept. Missing within-wave wealth valuation versus earnings reference-year metadata remains a calendar certification limit; national household income normalization and selection on finite outcomes are maintained approximations.', 'model_formula': 'sum_x g_asset(x)*(b+1_owner*p*H) / sum_{j<J_R} g_asset(x)*[P.income(i,j)*z/((1-tau_pay)*4)]. All living 18-85 wealth cells; 12 working cells cover 18-65. P.income is already a four-year flow after payroll tax.', 'production_eligible': False, 'role': 'initial_calibration_restriction', 'sample': 'PSID reference persons ages 18-85, relation_to_head=10, positive IW, finite NETWORTHR; working-age gross earnings required/nonnegative; 2003-2005; actual selected waves 2003 and 2005; 10,828 family-years/6,018 IDs in wealth, 9,265 family-years/5,215 IDs in earnings.', 'status': 'verified_empirical__model_formula_available', 'target_weight_status': 'candidate_inverse_variance_not_activated', 'uncertainty': {'reps': 999, 'se': 0.36285515343369, 'seed': 20260723, 'type': 'person bootstrap'}}",,,reference-person ID bootstrap,none,national PSID,,
joint_3,5165289.256198346,False,annual bequest flow / aggregate wealth,No microdata builder; external literature normalization,/Users/tommasodesanto/Desktop/Projects/Fertility/Fertility_Spring26/output/model/e5f_matched_pf_20260909a/design_research/observer_contract/observer_contract.json,e5f_early_housing_wealth_observer_review_v2_20260911,external_annual_bequest_wealth,/Users/tommasodesanto/Desktop/Projects/Fertility/Fertility_Spring26/tmp/e5f_matched_pf/code/model/intergen_eqscale_seq_optimized/e5_target_provenance.csv,,early_measurement,-0.0001929935900602548,Annual bequests / aggregate wealth,0.1923890795679012,0.008607006409939746,True,65d46bfc85f294f65f0db9a924f11f16f735c3b4694f38ab62bcd003bdc9bfcc,housing_wealth.moments.annual_bequest_flow_to_aggregate_wealth,housing_wealth.moments.annual_bequest_flow_to_aggregate_wealth,,5165289.256198346,,bequest_wealth,proposed_scored_restriction,external restriction,/Users/tommasodesanto/Desktop/Projects/Fertility/Fertility_Spring26/output/model/e5f_matched_pf_20260909a/design_research/observer_contract/observer_contract.json#/records/6/sample,True,0.00044000000000000007,0.0088,inherited synthetic five-percent calibration scale; NOT a standard error,"External historical restriction; synthetic uncertainty; forced terminal deaths Borrowed historical annual aggregate flow is imperfectly matched to model mortality, nonnegative estates and forced terminal deaths; no initial PSID sample or empirical SE. Gale-Scholz/De Nardi-Yang provenance is inherited, not freshly reviewed literature.",/Users/tommasodesanto/Desktop/Projects/Fertility/Fertility_Spring26/output/model/e5f_matched_pf_20260909a/initial_calibration_contract/lead_methodological_decision.json,Inherited synthetic five-percent target scale; not empirical SE,frozen_lead_selected_working_minimum_distance_weight,0.00044000000000000007,"{'adjustment': 'Keep explicitly external or replace only with a separately identified bequest-block decision and Jacobian check.', 'builder': 'No project microdata builder; provenance ledger identifies Gale-Scholz historical normalization transmitted through De Nardi-Yang', 'candidate_diagonal_weight': 5165289.256198346, 'clustering': 'none', 'data_formula': 'annual bequest flow / aggregate wealth', 'date': 'not a measured initial window', 'estimate': 0.0088, 'fixed_effects': 'none', 'geography': 'not applicable', 'id': 'external_annual_bequest_wealth', 'mismatch': 'Borrowed historical annual aggregate flow is imperfectly matched to model mortality, nonnegative estates and forced terminal deaths; no initial PSID sample or empirical SE. Gale-Scholz/De Nardi-Yang provenance is inherited, not freshly reviewed literature.', 'model_formula': '[sum_x (1-survival_j)*g_current(x)*max(bp_pol(x)+1_owner*p*H,0)/4] / sum_x g_asset(x)*(b+1_owner*p*H). Terminal death probability forced to 1; earlier death probabilities from survival. Debt/transaction timing must remain coherent.', 'production_eligible': False, 'role': 'initial_calibration_restriction', 'sample': 'external restriction', 'status': 'externally_fixed__not_an_initial_microdata_observer', 'target_weight_status': 'approved_retained_external_normalization_with_inherited_synthetic_weight', 'uncertainty': {'empirical_se': None, 'scale': 0.00044000000000000007, 'type': 'inherited synthetic five-percent calibration scale; NOT a standard error'}}",,,none,none,not applicable,,
joint_3,10.616361531535473,False,"Q_.90(NETWORTHR/INCFAMR)/Q_.50(NETWORTHR/INCFAMR), weighted",/Users/tommasodesanto/Desktop/Projects/Fertility/Fertility_Spring26/output/model/e5f_matched_pf_20260909a/design_research/wealth/build_initial_wealth.R,/Users/tommasodesanto/Desktop/Projects/Fertility/Fertility_Spring26/output/model/e5f_matched_pf_20260909a/design_research/observer_contract/observer_contract.json,e5f_early_housing_wealth_observer_review_v2_20260911,psid_old_wealth_dispersion_2003_2005,/Users/tommasodesanto/Desktop/Projects/Fertility/Fertility_Spring26/output/model/e5f_matched_pf_20260909a/design_research/wealth/old_wealth_results.csv,0.306910785103348,early_measurement,1.0347143808178894,"Old wealth/income p90 / median, ages 76–84",11.366236018133906,4.550649467336609,True,65d46bfc85f294f65f0db9a924f11f16f735c3b4694f38ab62bcd003bdc9bfcc,housing_wealth.moments.old_total_wealth_to_annual_income_p90_p50_7684,housing_wealth.moments.old_total_wealth_to_annual_income_p90_p50_7684,,,10.616361531535473,old_dispersion,proposed_scored_restriction,"Living PSID reference persons ages 76-84, relation_to_head=10, positive IW, completed children observed, INCFAMR>1000; p90/p50 of NETWORTHR/INCFAMR; 2003-2005; 644 valid family-years/416 IDs; bootstrap population 918 living reference IDs ages 65-84, before outcome/children filters.",/Users/tommasodesanto/Desktop/Projects/Fertility/Fertility_Spring26/output/model/e5f_matched_pf_20260909a/design_research/observer_contract/observer_contract.json#/records/5/sample,True,,3.51593508651872,person bootstrap,"Uniform within-age-cell overlap for ages 76--84 Modeled pension plus configured lump-sum income proxy; not PSID total family income Empirical $1000 real-income and observed-child-history filters are not reproduced At these retirement ages model denominator is pension income (including configured z scaling), while PSID INCFAMR also includes transfers, asset income and other family components. Exact $1000 cutoff is not applied (only income>0), and observed-completed-children selection has no model missingness counterpart. Full 78/82 cells do not cover exactly 76-84. Actual model property-tax lump-sum transfer is zero in this receipt; proxy uses the configured pension-plus-transfer concept.",/Users/tommasodesanto/Desktop/Projects/Fertility/Fertility_Spring26/output/model/e5f_matched_pf_20260909a/initial_calibration_contract/lead_methodological_decision.json,Recorded empirical bootstrap standard error under the retained estimator/sample,frozen_lead_selected_working_minimum_distance_weight,0.306910785103348,"{'adjustment': 'Pin annual-age selection for 76-84; confirm household income mapping and empirical $1000 real-income cutoff in normalized model units. Observe initial stationary state, not 2023. Model quantile is available but sample/income equality is not established.', 'builder': 'output/model/e5f_matched_pf_20260909a/design_research/wealth/build_initial_wealth.R (mirrors audit_intergen_bequest_family_size_targets.R)', 'candidate_diagonal_weight': 10.616361531535473, 'clustering': 'reference-person ID bootstrap', 'data_formula': 'Q_.90(NETWORTHR/INCFAMR)/Q_.50(NETWORTHR/INCFAMR), weighted', 'date': 'PSID survey waves 2003 and 2005', 'estimate': 3.51593508651872, 'fixed_effects': 'none', 'geography': 'national PSID', 'id': 'psid_old_wealth_dispersion_2003_2005', 'mismatch': 'At these retirement ages model denominator is pension income (including configured z scaling), while PSID INCFAMR also includes transfers, asset income and other family components. Exact $1000 cutoff is not applied (only income>0), and observed-completed-children selection has no model missingness counterpart. Full 78/82 cells do not cover exactly 76-84.', 'model_formula': 'Weighted p90/p50 of W/annual_gross_income_at_state using g_asset; annualization divides P income by 4, payroll gross-up only for workers. Existing old mask selects labels 78 and 82. Existing quantile algorithm matches R; no transaction wedge is subtracted from W.', 'production_eligible': False, 'role': 'initial_calibration_restriction', 'sample': 'Living PSID reference persons ages 76-84, relation_to_head=10, positive IW, completed children observed, INCFAMR>1000; p90/p50 of NETWORTHR/INCFAMR; 2003-2005; 644 valid family-years/416 IDs; bootstrap population 918 living reference IDs ages 65-84, before outcome/children filters.', 'status': 'empirical_verified__age_income_mapping_outstanding', 'target_weight_status': 'candidate_inverse_variance_not_activated', 'uncertainty': {'reps': 499, 'se': 0.306910785103348, 'seed': 20260715, 'type': 'person bootstrap'}}",,,reference-person ID bootstrap,none,national PSID,,
joint_3,128.02070205233477,False,"sum(HHWT*min(ROOMS,9))/sum(HHWT)",/Users/tommasodesanto/Desktop/Projects/Fertility/Fertility_Spring26/output/model/e5f_matched_pf_20260909a/design_research/housing/inspect_early_housing.py; /Users/tommasodesanto/Desktop/Projects/Fertility/Fertility_Spring26/output/model/e5f_matched_pf_20260909a/design_research/housing/summarize_early_housing.py,/Users/tommasodesanto/Desktop/Projects/Fertility/Fertility_Spring26/output/model/e5f_matched_pf_20260909a/design_research/observer_contract/observer_contract.json,e5f_early_housing_wealth_observer_review_v2_20260911,acs_rooms_2005_2006,/Users/tommasodesanto/Desktop/Projects/Fertility/Fertility_Spring26/output/model/e5f_matched_pf_20260909a/design_research/housing/early_housing_target_candidates.csv,0.08838120078007809,early_measurement,0.8723918248349252,"Mean occupied rooms, capped at 9",97.43239515210107,6.433489200953577,True,65d46bfc85f294f65f0db9a924f11f16f735c3b4694f38ab62bcd003bdc9bfcc,housing_wealth.moments.aggregate_mean_occupied_rooms_capped9_18_85,housing_wealth.moments.aggregate_mean_occupied_rooms_capped9_18_85,,,128.02070205233477,mean_rooms,proposed_scored_restriction,ACS household heads ages 18-85; occupied renter or owner; HHWT>0; 42 MET2013 cities; 2005-2006 pooled by summed HHWT numerator/denominator; inherits all common_acs_sample filters,/Users/tommasodesanto/Desktop/Projects/Fertility/Fertility_Spring26/output/model/e5f_matched_pf_20260909a/design_research/observer_contract/observer_contract.json#/records/0/sample,True,,5.561097376118652,42-metro bootstrap,"Uniform annual-age exposure and constant policies/distribution within each four-year cell National model versus 42-MET2013 housing sample Existing HistoricalMomentObserver is pinned to 2023 and old 12 rows. min(E[s|collapsed income],9) does not equal E[min(s,9)|income]; compute direct. The initial window and geographic approximation must be retained.",/Users/tommasodesanto/Desktop/Projects/Fertility/Fertility_Spring26/output/model/e5f_matched_pf_20260909a/initial_calibration_contract/lead_methodological_decision.json,Recorded empirical bootstrap standard error under the retained estimator/sample,frozen_lead_selected_working_minimum_distance_weight,0.08838120078007809,"{'adjustment': 'Use g_current and full hR_pol before income collapse; cap each renter/owner observation, then aggregate. All 17 current four-year age cells already span 18-85: validate geometry rather than invent an extra age restriction.', 'builder': 'output/model/e5f_matched_pf_20260909a/design_research/housing/inspect_early_housing.py; summarize_early_housing.py', 'candidate_diagonal_weight': 128.02070205233477, 'clustering': '42 MET2013 city bootstrap', 'data_formula': 'sum(HHWT*min(ROOMS,9))/sum(HHWT)', 'date': '2005-2006', 'estimate': 5.561097376118652, 'fixed_effects': 'none', 'geography': '42 MET2013 city codes; not admitted-PUMA footprint', 'id': 'acs_rooms_2005_2006', 'mismatch': 'Existing HistoricalMomentObserver is pinned to 2023 and old 12 rows. min(E[s|collapsed income],9) does not equal E[min(s,9)|income]; compute direct. The initial window and geographic approximation must be retained.', 'model_formula': 'Current extract_moments: aggregate_housing_demand/total_mass, all 17 age cells, uncapped. Proposed: weighted_mean(min(s,9)) on full g, observed at pre-announcement stationary solution.', 'production_eligible': False, 'role': 'initial_calibration_restriction', 'sample': 'ACS household heads ages 18-85; occupied renter or owner; HHWT>0; 42 MET2013 cities; 2005-2006 pooled by summed HHWT numerator/denominator; inherits all common_acs_sample filters', 'status': 'empirical_verified__cap_operator_needed', 'target_weight_status': 'candidate_inverse_variance_not_activated', 'uncertainty': {'reps': 1000, 'se': 0.08838120078007809, 'seed': 20260910, 'type': '42-metro bootstrap'}}",,,42 MET2013 city bootstrap,none,42 MET2013 city codes; not admitted-PUMA footprint,"{'filters': 'sample=year*100+1; GQ in {1,2}; PERNUM=1; RELATE=1; HHWT>0; 18<=AGE<=85; OWNERSHP in {1,2}; ROOMS>0; MET2013 in pinned 42-code list', 'fixed_effects': 'none', 'geography': 'Direct MET2013 membership in 42 cities; NOT old admitted-PUMA footprint. National fertility/PSID plus metro housing is an explicitly maintained geographic approximation.', 'owner': 'OWNERSHP=1', 'rooms': 'min(ROOMS,9) before any aggregation; pooled household-weighted numerators/denominators, not average yearly ratios', 'structures': 'UNITSSTR in 3:10 for all ownership rows, including both recent-parent comparison groups; no structure restriction for rooms rows', 'survey_waves': [2005, 2006], 'uncertainty': '1000 paired metro-resampling draws, seed 20260910, 42 clusters. Not ACS official survey-design or replicate-weight standard errors.', 'weights_status': 'Inverse marginal variance values below are candidate diagonal weights under the approved design, not a promoted target/weight fingerprint.'}",
joint_3,2339.3623724673616,False,sum(HHWT*owner)/sum(HHWT),/Users/tommasodesanto/Desktop/Projects/Fertility/Fertility_Spring26/output/model/e5f_matched_pf_20260909a/design_research/housing/inspect_early_housing.py; /Users/tommasodesanto/Desktop/Projects/Fertility/Fertility_Spring26/output/model/e5f_matched_pf_20260909a/design_research/housing/summarize_early_housing.py,/Users/tommasodesanto/Desktop/Projects/Fertility/Fertility_Spring26/output/model/e5f_matched_pf_20260909a/design_research/observer_contract/observer_contract.json,e5f_early_housing_wealth_observer_review_v2_20260911,acs_ownership_30_55_2005_2006,/Users/tommasodesanto/Desktop/Projects/Fertility/Fertility_Spring26/output/model/e5f_matched_pf_20260909a/design_research/housing/early_housing_target_candidates.csv,0.020675272863460718,early_measurement,-0.11834143816310905,"Ownership, heads 30–55",32.7620588286931,0.5299925961560402,True,65d46bfc85f294f65f0db9a924f11f16f735c3b4694f38ab62bcd003bdc9bfcc,housing_wealth.moments.own_rate_30_55,housing_wealth.moments.own_rate_30_55,,,2339.3623724673616,ownership_30_55,proposed_scored_restriction,ACS heads ages 30-55; DUE structures UNITSSTR 3:10; HHWT>0; 42 MET2013 cities; 2005-2006; inherits all common_acs_sample filters,/Users/tommasodesanto/Desktop/Projects/Fertility/Fertility_Spring26/output/model/e5f_matched_pf_20260909a/design_research/observer_contract/observer_contract.json#/records/1/sample,True,,0.6483340343191493,42-metro bootstrap,Uniform annual-age exposure and constant policies/distribution within each four-year cell National model versus 42-MET2013 housing sample ACS DUE structure restriction is not represented by a model state Current nearest-index mask includes full 54-57 cell; no structure-type state allows exact UNITSSTR filtering. Neither issue is resolved by changing the row name.,/Users/tommasodesanto/Desktop/Projects/Fertility/Fertility_Spring26/output/model/e5f_matched_pf_20260909a/initial_calibration_contract/lead_methodological_decision.json,Recorded empirical bootstrap standard error under the retained estimator/sample,frozen_lead_selected_working_minimum_distance_weight,0.020675272863460718,"{'adjustment': 'Use owner indicator on full realized distribution with declared 30-55 age-exposure selector; pin the maintained DUE-to-model-product interpretation.', 'builder': 'output/model/e5f_matched_pf_20260909a/design_research/housing/inspect_early_housing.py; summarize_early_housing.py', 'candidate_diagonal_weight': 2339.3623724673616, 'clustering': '42 MET2013 city bootstrap', 'data_formula': 'sum(HHWT*owner)/sum(HHWT)', 'date': '2005-2006', 'estimate': 0.6483340343191493, 'fixed_effects': 'none', 'geography': '42 MET2013 cities; not admitted-PUMA footprint', 'id': 'acs_ownership_30_55_2005_2006', 'mismatch': 'Current nearest-index mask includes full 54-57 cell; no structure-type state allows exact UNITSSTR filtering. Neither issue is resolved by changing the row name.', 'model_formula': 'own_rate_3055=sum(g[owner tenures, ages 30:55])/sum(g[all tenures, ages 30:55])', 'production_eligible': False, 'role': 'initial_calibration_restriction', 'sample': 'ACS heads ages 30-55; DUE structures UNITSSTR 3:10; HHWT>0; 42 MET2013 cities; 2005-2006; inherits all common_acs_sample filters', 'status': 'empirical_verified__age_and_structure_mapping_outstanding', 'target_weight_status': 'candidate_inverse_variance_not_activated', 'uncertainty': {'reps': 1000, 'se': 0.020675272863460718, 'seed': 20260910, 'type': '42-metro bootstrap'}}",,,42 MET2013 city bootstrap,none,42 MET2013 cities; not admitted-PUMA footprint,"{'filters': 'sample=year*100+1; GQ in {1,2}; PERNUM=1; RELATE=1; HHWT>0; 18<=AGE<=85; OWNERSHP in {1,2}; ROOMS>0; MET2013 in pinned 42-code list', 'fixed_effects': 'none', 'geography': 'Direct MET2013 membership in 42 cities; NOT old admitted-PUMA footprint. National fertility/PSID plus metro housing is an explicitly maintained geographic approximation.', 'owner': 'OWNERSHP=1', 'rooms': 'min(ROOMS,9) before any aggregation; pooled household-weighted numerators/denominators, not average yearly ratios', 'structures': 'UNITSSTR in 3:10 for all ownership rows, including both recent-parent comparison groups; no structure restriction for rooms rows', 'survey_waves': [2005, 2006], 'uncertainty': '1000 paired metro-resampling draws, seed 20260910, 42 clusters. Not ACS official survey-design or replicate-weight standard errors.', 'weights_status': 'Inverse marginal variance values below are candidate diagonal weights under the approved design, not a promoted target/weight fingerprint.'}",
joint_3,137.5652749002964,False,"beta(event=+3)-beta(event=-1), omitted event=-2; person/year FE, age/education controls, longitudinal IW",/Users/tommasodesanto/Desktop/Projects/Fertility/Fertility_Spring26/code/data/psid_followup_mar2026/sa_rooms_first_birth_household_aligned_v1.do,/Users/tommasodesanto/Desktop/Projects/Fertility/Fertility_Spring26/output/model/e5f_matched_pf_20260909a/design_research/observer_contract/observer_contract.json,e5f_early_housing_wealth_observer_review_v2_20260911,psid_sa_first_birth_rooms,/Users/tommasodesanto/Desktop/Projects/Fertility/Fertility_Spring26/code/data/psid_followup_mar2026/output/sa_rooms_first_birth_household_aligned_v1/target_receipt.csv,0.0852600513385958,early_measurement,0.24326128388321933,"First-birth room response, −1 to +3",8.140569893430103,0.9635075462647471,True,65d46bfc85f294f65f0db9a924f11f16f735c3b4694f38ab62bcd003bdc9bfcc,housing_wealth.moments.housing_increment_0to1,housing_wealth.moments.housing_increment_0to1,,,137.5652749002964,first_birth_rooms,proposed_scored_restriction,"Women age 18+, current reference/spouse, positive IW, single-FID dwelling, one woman per household-year; confirmed never-treated controls; 49,457 household-years, 4,112 persons",/Users/tommasodesanto/Desktop/Projects/Fertility/Fertility_Spring26/output/model/e5f_matched_pf_20260909a/design_research/observer_contract/observer_contract.json#/records/7/sample,True,,0.7202462623815278,"Sun-Abraham covariance contrast, clustered individual ID","Pooled PSID response applied to initial stationary economy under stability assumption Matched model risk-set weights differ from Sun-Abraham cohort/event weights; non-flat prepath caveat retained Applying the unchanged pooled contrast to initial stationary economy requires approved stability approximation. Model matched-risk weights differ from estimator cohort/event weights. Non-flat prepath and normalization dependence remain disclosed; September5 normalization check changed point to .730459 with identical fitted values, not a replacement target. Four-year approximation is not literal observed -1/+3 child ages. Keep PSID rooms uncapped; do not import ACS cap.",/Users/tommasodesanto/Desktop/Projects/Fertility/Fertility_Spring26/output/model/e5f_matched_pf_20260909a/initial_calibration_contract/lead_methodological_decision.json,Recorded empirical bootstrap standard error under the retained estimator/sample,frozen_lead_selected_working_minimum_distance_weight,0.0852600513385958,"{'adjustment': 'For an initial stationary observer call begin_dated_first_birth_housing_branch then finish_dated_first_birth_housing_branch with the stationary policy as BOTH dates; retain destination continuation births and no Census age bridge. Do NOT use first_birth_housing_response sequential legacy helper, which suppresses continuation births. Certify the same paired branch with mass/timing checks.', 'builder': 'code/data/psid_followup_mar2026/sa_rooms_first_birth_household_aligned_v1.do; finalize_first_birth_rooms_target_receipt.py', 'candidate_diagonal_weight': 137.5652749002964, 'clustering': 'selected woman stable ID; one household-year observation, primary analytic cluster covariance', 'data_formula': 'beta(event=+3)-beta(event=-1), omitted event=-2; person/year FE, age/education controls, longitudinal IW', 'date': 'Pooled PSID event-time -1 to +3; treated input observations 1970-2019, not an early-only regression', 'estimate': 0.7202462623815278, 'fixed_effects': 'person ID and survey year; age and education controls', 'geography': 'national PSID', 'id': 'psid_sa_first_birth_rooms', 'mismatch': 'Applying the unchanged pooled contrast to initial stationary economy requires approved stability approximation. Model matched-risk weights differ from estimator cohort/event weights. Non-flat prepath and normalization dependence remain disclosed; September5 normalization check changed point to .730459 with identical fitted values, not a replacement target. Four-year approximation is not literal observed -1/+3 child ages. Keep PSID rooms uncapped; do not import ACS cap.', 'model_formula': 'Select successful first births from initial g_pre; clone identical pre-birth states into treated n=1,m=1 and childless control. Advance both one period with origin policies/survival/income/maturation, then realize destination housing with destination policies. Treated may have continuation birth; control stays childless. Difference of destination uncapped rooms equals matched difference in changes.', 'production_eligible': False, 'role': 'initial_calibration_restriction', 'sample': 'Women age 18+, current reference/spouse, positive IW, single-FID dwelling, one woman per household-year; confirmed never-treated controls; 49,457 household-years, 4,112 persons', 'status': 'verified_empirical_contrast__provisional_structural_mapping', 'target_weight_status': 'candidate_inverse_variance_not_activated', 'uncertainty': {'reference_period': -2, 'se': 0.0852600513385958, 'type': 'Sun-Abraham covariance contrast, clustered individual ID', 'variance_formula': 'Var(beta_3)+Var(beta_-1)-2Cov(beta_3,beta_-1)'}}",,,"selected woman stable ID; one household-year observation, primary analytic cluster covariance",person ID and survey year; age and education controls,national PSID,,
joint_3,280.52808370152104,False,"E[min(ROOMS,9)|NCHILD>=3,YNGCH<18]-E[min(ROOMS,9)|NCHILD=1-2,YNGCH<18]",/Users/tommasodesanto/Desktop/Projects/Fertility/Fertility_Spring26/output/model/e5f_matched_pf_20260909a/design_research/housing/inspect_early_housing.py; /Users/tommasodesanto/Desktop/Projects/Fertility/Fertility_Spring26/output/model/e5f_matched_pf_20260909a/design_research/housing/summarize_early_housing.py,/Users/tommasodesanto/Desktop/Projects/Fertility/Fertility_Spring26/output/model/e5f_matched_pf_20260909a/design_research/observer_contract/observer_contract.json,e5f_early_housing_wealth_observer_review_v2_20260911,acs_rooms_3plus_minus_1to2_2005_2006,/Users/tommasodesanto/Desktop/Projects/Fertility/Fertility_Spring26/output/model/e5f_matched_pf_20260909a/design_research/housing/early_housing_target_candidates.csv,0.059705154633000496,early_measurement,-0.17665349222470184,Rooms: 3+ versus 1–2 resident children (model dependent proxy),8.75428738921346,0.17041343957154886,True,65d46bfc85f294f65f0db9a924f11f16f735c3b4694f38ab62bcd003bdc9bfcc,housing_wealth.moments.prime30_55_model_dependent_3plus_minus_1to2_rooms_capped9,housing_wealth.moments.prime30_55_model_dependent_3plus_minus_1to2_rooms_capped9,,,280.52808370152104,family_rooms,proposed_scored_restriction,"ACS heads ages 30-55, YNGCH<18; NCHILD>=3 minus NCHILD=1-2; 42 MET2013 cities; 2005-2006; inherits all common_acs_sample filters",/Users/tommasodesanto/Desktop/Projects/Fertility/Fertility_Spring26/output/model/e5f_matched_pf_20260909a/design_research/observer_contract/observer_contract.json#/records/3/sample,True,,0.3470669317962507,42-metro bootstrap,"Uniform annual-age exposure and constant policies/distribution within each four-year cell National model versus 42-MET2013 housing sample Model dependent counts replace ACS resident own children with YNGCH<18 ACS NCHILD counts ALL resident own children while YNGCH<18 requires at least one minor. Example: ages 4,19,21 is empirical large family but may be one model dependent. m has no deterministic child-age bound under binomial maturation. Verifying independent_count is necessary but insufficient for exact ACS group equivalence.",/Users/tommasodesanto/Desktop/Projects/Fertility/Fertility_Spring26/output/model/e5f_matched_pf_20260909a/initial_calibration_contract/lead_methodological_decision.json,Recorded empirical bootstrap standard error under the retained estimator/sample,frozen_lead_selected_working_minimum_distance_weight,0.059705154633000496,"{'adjustment': 'Cap full income-resolved renter and owner rooms before any collapse. Runtime-assert child_state_mode=independent_count and child_bin_high_cutoff=3. Need explicit resident-child approximation or richer observation information before SMM certification.', 'builder': 'output/model/e5f_matched_pf_20260909a/design_research/housing/inspect_early_housing.py; summarize_early_housing.py', 'candidate_diagonal_weight': 280.52808370152104, 'clustering': '42 MET2013 city bootstrap', 'data_formula': 'E[min(ROOMS,9)|NCHILD>=3,YNGCH<18]-E[min(ROOMS,9)|NCHILD=1-2,YNGCH<18]', 'date': '2005-2006', 'estimate': 0.3470669317962507, 'fixed_effects': 'none', 'geography': '42 MET2013 cities; not admitted-PUMA footprint', 'id': 'acs_rooms_3plus_minus_1to2_2005_2006', 'mismatch': 'ACS NCHILD counts ALL resident own children while YNGCH<18 requires at least one minor. Example: ages 4,19,21 is empirical large family but may be one model dependent. m has no deterministic child-age bound under binomial maturation. Verifying independent_count is necessary but insufficient for exact ACS group equivalence.', 'model_formula': 'Current child_bin_high_cutoff=3 and independent_count use m=cs, subject to cs<=n: high group m>=3; low group 1<=m<=2. Existing moment is uncapped and uses current prime age mask. Proposed proxy: E[min(s,9)|m>=3]-E[min(s,9)|1<=m<=2], with declared age selector.', 'production_eligible': False, 'role': 'initial_calibration_restriction', 'sample': 'ACS heads ages 30-55, YNGCH<18; NCHILD>=3 minus NCHILD=1-2; 42 MET2013 cities; 2005-2006; inherits all common_acs_sample filters', 'status': 'empirical_verified__resident_child_mapping_outstanding', 'target_weight_status': 'candidate_inverse_variance_not_activated', 'uncertainty': {'reps': 1000, 'se': 0.059705154633000496, 'seed': 20260910, 'type': '42-metro bootstrap'}}",,,42 MET2013 city bootstrap,none,42 MET2013 cities; not admitted-PUMA footprint,"{'filters': 'sample=year*100+1; GQ in {1,2}; PERNUM=1; RELATE=1; HHWT>0; 18<=AGE<=85; OWNERSHP in {1,2}; ROOMS>0; MET2013 in pinned 42-code list', 'fixed_effects': 'none', 'geography': 'Direct MET2013 membership in 42 cities; NOT old admitted-PUMA footprint. National fertility/PSID plus metro housing is an explicitly maintained geographic approximation.', 'owner': 'OWNERSHP=1', 'rooms': 'min(ROOMS,9) before any aggregation; pooled household-weighted numerators/denominators, not average yearly ratios', 'structures': 'UNITSSTR in 3:10 for all ownership rows, including both recent-parent comparison groups; no structure restriction for rooms rows', 'survey_waves': [2005, 2006], 'uncertainty': '1000 paired metro-resampling draws, seed 20260910, 42 clusters. Not ACS official survey-design or replicate-weight standard errors.', 'weights_status': 'Inverse marginal variance values below are candidate diagonal weights under the approved design, not a promoted target/weight fingerprint.'}",
joint_3,27055.822957508266,False,"Pr(owner|NCHILD>0,ELDCH<4)-Pr(owner|NCHILD=0)",/Users/tommasodesanto/Desktop/Projects/Fertility/Fertility_Spring26/output/model/e5f_matched_pf_20260909a/design_research/housing/inspect_early_housing.py; /Users/tommasodesanto/Desktop/Projects/Fertility/Fertility_Spring26/output/model/e5f_matched_pf_20260909a/design_research/housing/summarize_early_housing.py,/Users/tommasodesanto/Desktop/Projects/Fertility/Fertility_Spring26/output/model/e5f_matched_pf_20260909a/design_research/observer_contract/observer_contract.json,e5f_early_housing_wealth_observer_review_v2_20260911,acs_recent_parent_owner_gap_2005_2006,/Users/tommasodesanto/Desktop/Projects/Fertility/Fertility_Spring26/output/model/e5f_matched_pf_20260909a/design_research/housing/early_housing_target_candidates.csv,0.006079524679464666,recent_parent_observation,-0.013100928957156366,Recent-parent ownership gap,4.643708304035497,0.1497945802040765,True,65d46bfc85f294f65f0db9a924f11f16f735c3b4694f38ab62bcd003bdc9bfcc,ownership_current_birth_from_empty_dependent_home_minus_current_empty_home_30_55,model_value,,,27055.822957508266,recent_parent_ownership,proposed_scored_restriction,ACS heads ages 30-55; recent parent NCHILD>0 and ELDCH<4 minus NCHILD=0 controls; 42 MET2013 cities; 2005-2006; inherits all common_acs_sample filters; both groups also require UNITSSTR in 3:10,/Users/tommasodesanto/Desktop/Projects/Fertility/Fertility_Spring26/output/model/e5f_matched_pf_20260909a/design_research/observer_contract/observer_contract.json#/records/2/sample,True,,0.16289550916123285,42-metro bootstrap,"ELDCH is OLDEST resident own child: all resident own children must be under four. Model has no child ages or time since birth; independent binomial maturation has mean 18 years but no deterministic under-18 cutoff. ACS NCHILD=0 includes former parents with no own child resident, whereas model control is lifetime n=0. Adding m=0 controls would still conflate absent dependents with absent resident adult children. Unavailable: ACS oldest resident child under four and no-resident-child controls cannot be reconstructed from dependent counts and lifetime parity",/Users/tommasodesanto/Desktop/Projects/Fertility/Fertility_Spring26/output/model/e5f_matched_pf_20260909a/initial_calibration_contract/lead_methodological_decision.json,Recorded empirical bootstrap standard error under the retained estimator/sample,frozen_lead_selected_working_minimum_distance_weight,0.006079524679464666,"{'adjustment': 'Exact ACS recent-parent group and resident-child controls cannot be recovered from current count-only states. Do not substitute n=0 controls or all m>0 parents without an explicitly approved proxy contract; retain identifying row as blocked rather than silently dropping it.', 'builder': 'output/model/e5f_matched_pf_20260909a/design_research/housing/inspect_early_housing.py; summarize_early_housing.py', 'candidate_diagonal_weight': 27055.822957508266, 'clustering': '42 MET2013 city bootstrap', 'data_formula': 'Pr(owner|NCHILD>0,ELDCH<4)-Pr(owner|NCHILD=0)', 'date': '2005-2006', 'estimate': 0.16289550916123285, 'fixed_effects': 'none', 'geography': '42 MET2013 cities; not admitted-PUMA footprint', 'id': 'acs_recent_parent_owner_gap_2005_2006', 'mismatch': 'ELDCH is OLDEST resident own child: all resident own children must be under four. Model has no child ages or time since birth; independent binomial maturation has mean 18 years but no deterministic under-18 cutoff. ACS NCHILD=0 includes former parents with no own child resident, whereas model control is lifetime n=0. Adding m=0 controls would still conflate absent dependents with absent resident adult children.', 'model_formula': 'Under independent_count: Pr(owner | n>=1,m>0, current prime mask) - Pr(owner | n=0,childless readiness states,current prime mask). newparent_cs includes ALL positive dependent counts, with no recency condition.', 'production_eligible': False, 'role': 'initial_calibration_restriction', 'sample': 'ACS heads ages 30-55; recent parent NCHILD>0 and ELDCH<4 minus NCHILD=0 controls; 42 MET2013 cities; 2005-2006; inherits all common_acs_sample filters; both groups also require UNITSSTR in 3:10', 'status': 'verified_empirical__irreducible_group_mismatch', 'target_weight_status': 'candidate_inverse_variance_not_activated', 'uncertainty': {'reps': 1000, 'se': 0.006079524679464666, 'seed': 20260910, 'type': '42-metro bootstrap'}}",,,42 MET2013 city bootstrap,none,42 MET2013 cities; not admitted-PUMA footprint,"{'filters': 'sample=year*100+1; GQ in {1,2}; PERNUM=1; RELATE=1; HHWT>0; 18<=AGE<=85; OWNERSHP in {1,2}; ROOMS>0; MET2013 in pinned 42-code list', 'fixed_effects': 'none', 'geography': 'Direct MET2013 membership in 42 cities; NOT old admitted-PUMA footprint. National fertility/PSID plus metro housing is an explicitly maintained geographic approximation.', 'owner': 'OWNERSHP=1', 'rooms': 'min(ROOMS,9) before any aggregation; pooled household-weighted numerators/denominators, not average yearly ratios', 'structures': 'UNITSSTR in 3:10 for all ownership rows, including both recent-parent comparison groups; no structure restriction for rooms rows', 'survey_waves': [2005, 2006], 'uncertainty': '1000 paired metro-resampling draws, seed 20260910, 42 clusters. Not ACS official survey-design or replicate-weight standard errors.', 'weights_status': 'Inverse marginal variance values below are candidate diagonal weights under the approved design, not a promoted target/weight fingerprint.'}","{'age_projection': 'uniform_within_age_cell', 'approximation_id': 'early_2007_parenthood_md_working_v1__recent_parent_synchronized_proxy', 'decision_sha256': 'b1d399c290d257e56e008afb6d7b76ac1f69191685c8d9e89a4b0bfb06533c9a', 'decision_source': '/Users/tommasodesanto/Desktop/Projects/Fertility/Fertility_Spring26/output/model/e5f_matched_pf_20260909a/initial_calibration_contract/lead_methodological_decision.json', 'declaration': 'Synchronized post-fertility snapshot; uniform head-age overlap; model dependents proxy resident own children; actual current births from previously empty-dependent homes versus current empty homes inclformerparents. Not an exact annualACS interview reconstruction.', 'diagnostic_allow_residence_proxy': True, 'exact_acs': False, 'maintained': True, 'moment': 'ownership_current_birth_from_empty_dependent_home_minus_current_empty_home_30_55', 'observer_id': 'e5f_recent_parent_flow_diagnostic_v1', 'snapshot': 'synchronized_post_fertility_snapshot'}"
selected_final_repeat,,False,"Author-selected stationary model normalization, using maintained top-parity representative; not empirical female period TFR","Author-selected model normalization, not empirical estimation",/Users/tommasodesanto/Desktop/Projects/Fertility/Fertility_Spring26/output/model/e5f_matched_pf_20260909a/OVERNIGHT_PLAN.md,author_initial_model_fertility_2_1,author_2_1,/Users/tommasodesanto/Desktop/Projects/Fertility/Fertility_Spring26/output/model/e5f_matched_pf_20260909a/OVERNIGHT_PLAN.md,,normalization,1.2185077777893127e-06,Initial model completed fertility,,2.100001218507778,True,34af454c246b55341194b3e14faaf73932aa19cc03600ddf236a5a997049d5ac,final.normalization.completed_fertility,completed_fertility,,,,initial_normalization,normalization_separate_from_scored_objective,"Author-selected stationary model normalization, using maintained top-parity representative; not empirical female period TFR","Author-selected model normalization, as explicitly recorded in the preserved target definition",False,,2.1,Author normalization; no empirical SE,Separate from CPS age-window stocks and actual birth/entry accounting.,/Users/tommasodesanto/Desktop/Projects/Fertility/Fertility_Spring26/output/model/e5f_matched_pf_20260909a/initial_calibration_contract/lead_methodological_decision.json,Separate exact normalization within tolerance5e-4,separate_unscored_normalization,,,,,,,,,
selected_final_repeat,35532.3042455214,False,Weighted P(FREVER=0) among pooled June 2004 and June 2006 women age 40-44 with valid FREVER 0-20 and positive FRSUPPWT.,/Users/tommasodesanto/Desktop/Projects/Fertility/Fertility_Spring26/output/model/e5f_matched_pf_20260909a/parameter_target_audit/fertility/extract_fertility_availability.py; /Users/tommasodesanto/Desktop/Projects/Fertility/Fertility_Spring26/output/model/e5f_matched_pf_20260909a/design_research/fertility_contract/verify_fertility_contract.py,/Users/tommasodesanto/Desktop/Projects/Fertility/Fertility_Spring26/output/model/e5f_matched_pf_20260909a/design_research/fertility_contract/fertility_target_contract.json,early_cps_nchs_fertility_certification_20260911_v2_not_activated,cps_childless_women_40_44_2004_2006,/Users/tommasodesanto/Desktop/Projects/Fertility/Fertility_Spring26/output/model/e5f_matched_pf_20260909a/parameter_target_audit/fertility/fertility_availability.json,,early_measurement,-0.0023508222394882927,"Childless women, ages 40–44",0.19636448971769846,0.19592792876735435,True,34af454c246b55341194b3e14faaf73932aa19cc03600ddf236a5a997049d5ac,fertility.uniform_birth_time.moments.childless_rate_40_44,fertility.uniform_birth_time.moments.childless_rate_40_44,,,,cps_childlessness,proposed_scored_restriction,"June, femaleSEX2,age40-44,FREVER0-20,FRSUPPWT>0;excludeFREVER999NIU; 2004+2006 pooled weighted records; Weighted P(FREVER=0) among pooled June 2004 and June 2006 women age 40-44 with valid FREVER 0-20 and positive FRSUPPWT.",/Users/tommasodesanto/Desktop/Projects/Fertility/Fertility_Spring26/output/model/e5f_matched_pf_20260909a/parameter_target_audit/fertility/fertility_availability.json#/sample and /Users/tommasodesanto/Desktop/Projects/Fertility/Fertility_Spring26/output/model/e5f_matched_pf_20260909a/design_research/fertility_contract/fertility_target_contract.json#/candidate_moments/0/definition,True,,0.19827875100684264,annual_generalized_variance_approximation_recovered_pooled_covariance_not_certified,Uniform birth-time parity interpolation is the main diagnostic; constant-post-cell sensitivity retained. Model household reproductive member is not certified female exposure; no empirical age reweighting.,/Users/tommasodesanto/Desktop/Projects/Fertility/Fertility_Spring26/output/model/e5f_matched_pf_20260909a/initial_calibration_contract/lead_methodological_decision.json,CPS official annual generalized-variance approximations pooled with fixed observed weights and correlation-one working convention; not design-exact pooled SE,frozen_lead_selected_working_minimum_distance_weight,0.005305035738317728,"{'active_weight': None, 'definition': 'Weighted P(FREVER=0) among pooled June 2004 and June 2006 women age 40-44 with valid FREVER 0-20 and positive FRSUPPWT.', 'id': 'cps_childless_women_40_44_2004_2006', 'model_observer_status': 'blocked_by_age_window_mapping', 'production_active': False, 'reported_value': 0.198279, 'sample_records': 10872, 'uncertainty': {'annual_official_approximate_sampling_gvf_se': {'2004': {'approximate_gvf_se': 0.0052157901461549385, 'b_parameter': 2016, 'denominator_population_units': 11534656.9936, 'value': 0.1928386121957651}, '2006': {'approximate_gvf_se': 0.005396662766690418, 'b_parameter': 2016, 'denominator_population_units': 11234864.9964, 'value': 0.20386405489820397}}, 'pooled_candidates': {'annual': {'2004': {'approximate_gvf_se': 0.0052157901461549385, 'b_parameter': 2016, 'denominator_population_units': 11534656.9936, 'value': 0.1928386121957651}, '2006': {'approximate_gvf_se': 0.005396662766690418, 'b_parameter': 2016, 'denominator_population_units': 11234864.9964, 'value': 0.20386405489820397}}, 'base_share_2004': 0.5065831860091674, 'pooled_fixed_bases_max_positive_correlation_se': 0.005305035738317728, 'pooled_fixed_bases_zero_crossyear_covariance_se': 0.0037512549510131253, 'qualification': 'Annual official generalized-variance approximation. Pooled candidates condition on observed base shares; cross-year covariance and random conditional-mother bases are not certified. Neither scale is adopted.'}, 'sampling_se': None, 'status': 'annual_generalized_variance_approximation_recovered_pooled_covariance_not_certified'}, 'value': 0.19827875100684264, 'weighted_denominator': 22769521.989999805}",IPUMS fertility supplement FRSUPPWT divided10000 as supplied loader; official Census supplement weight crosswalk not independently certified,,,,,,
selected_final_repeat,26952.820824310795,False,Weighted P(FREVER=1 | FREVER>=1) in the same pooled CPS sample.,/Users/tommasodesanto/Desktop/Projects/Fertility/Fertility_Spring26/output/model/e5f_matched_pf_20260909a/parameter_target_audit/fertility/extract_fertility_availability.py; /Users/tommasodesanto/Desktop/Projects/Fertility/Fertility_Spring26/output/model/e5f_matched_pf_20260909a/design_research/fertility_contract/verify_fertility_contract.py,/Users/tommasodesanto/Desktop/Projects/Fertility/Fertility_Spring26/output/model/e5f_matched_pf_20260909a/design_research/fertility_contract/fertility_target_contract.json,early_cps_nchs_fertility_certification_20260911_v2_not_activated,cps_exactly_one_among_mothers_40_44_2004_2006,/Users/tommasodesanto/Desktop/Projects/Fertility/Fertility_Spring26/output/model/e5f_matched_pf_20260909a/parameter_target_audit/fertility/fertility_availability.json,,early_measurement,0.0028654525190622004,"Exactly one child among mothers, ages 40–44",0.22130471012146558,0.21652077773920922,True,34af454c246b55341194b3e14faaf73932aa19cc03600ddf236a5a997049d5ac,fertility.uniform_birth_time.moments.exactly_one_among_mothers_40_44,fertility.uniform_birth_time.moments.exactly_one_among_mothers_40_44,,,,cps_exactly_one,proposed_scored_restriction,"June, femaleSEX2,age40-44,FREVER0-20,FRSUPPWT>0;excludeFREVER999NIU; 2004+2006 pooled weighted records; Weighted P(FREVER=1 | FREVER>=1) in the same pooled CPS sample.",/Users/tommasodesanto/Desktop/Projects/Fertility/Fertility_Spring26/output/model/e5f_matched_pf_20260909a/parameter_target_audit/fertility/fertility_availability.json#/sample and /Users/tommasodesanto/Desktop/Projects/Fertility/Fertility_Spring26/output/model/e5f_matched_pf_20260909a/design_research/fertility_contract/fertility_target_contract.json#/candidate_moments/1/definition,True,,0.21365532522014702,annual_generalized_variance_approximation_recovered_pooled_covariance_not_certified,Uniform birth-time parity interpolation is the main diagnostic; constant-post-cell sensitivity retained. Model household reproductive member is not certified female exposure; no empirical age reweighting.,/Users/tommasodesanto/Desktop/Projects/Fertility/Fertility_Spring26/output/model/e5f_matched_pf_20260909a/initial_calibration_contract/lead_methodological_decision.json,CPS official annual generalized-variance approximations pooled with fixed observed weights and correlation-one working convention; not design-exact pooled SE,frozen_lead_selected_working_minimum_distance_weight,0.0060911302714076404,"{'active_weight': None, 'definition': 'Weighted P(FREVER=1 | FREVER>=1) in the same pooled CPS sample.', 'id': 'cps_exactly_one_among_mothers_40_44_2004_2006', 'model_observer_status': 'blocked_by_age_window_mapping; literal parity-one conditional-on-parenthood stock, not a continuation hazard', 'production_active': False, 'reported_value': 0.213655, 'uncertainty': {'annual_official_approximate_sampling_gvf_se': {'2004': {'approximate_gvf_se': 0.006046407789789988, 'b_parameter': 2016, 'denominator_population_units': 9310329.7468, 'value': 0.21511000477596962}, '2006': {'approximate_gvf_se': 0.006137682005815865, 'b_parameter': 2016, 'denominator_population_units': 8944479.862, 'value': 0.21214114591071567}}, 'pooled_candidates': {'annual': {'2004': {'approximate_gvf_se': 0.006046407789789988, 'b_parameter': 2016, 'denominator_population_units': 9310329.7468, 'value': 0.21511000477596962}, '2006': {'approximate_gvf_se': 0.006137682005815865, 'b_parameter': 2016, 'denominator_population_units': 8944479.862, 'value': 0.21214114591071567}}, 'base_share_2004': 0.5100206436725485, 'pooled_fixed_bases_max_positive_correlation_se': 0.0060911302714076404, 'pooled_fixed_bases_zero_crossyear_covariance_se': 0.004307418797745566, 'qualification': 'Annual official generalized-variance approximation. Pooled candidates condition on observed base shares; cross-year covariance and random conditional-mother bases are not certified. Neither scale is adopted.'}, 'sampling_se': None, 'status': 'annual_generalized_variance_approximation_recovered_pooled_covariance_not_certified'}, 'value': 0.21365532522014702, 'weighted_mother_denominator': 18254809.608799897, 'weighted_numerator': 3900237.283800007}",IPUMS fertility supplement FRSUPPWT divided10000 as supplied loader; official Census supplement weight crosswalk not independently certified,,,,,,
selected_final_repeat,139.82806784479274,False,"Pooled national first-birth counts ages 12-49, 2003-2006; age <=21 mapped to midpoint 20, 22-25 to 24, ..., age >=42 to 44; count-weighted mean.",/Users/tommasodesanto/Desktop/Projects/Fertility/Fertility_Spring26/code/data/nchs_natality_timing/build_first_birth_timing.R; /Users/tommasodesanto/Desktop/Projects/Fertility/Fertility_Spring26/output/model/e5f_matched_pf_20260909a/design_research/fertility_contract/verify_fertility_contract.py,/Users/tommasodesanto/Desktop/Projects/Fertility/Fertility_Spring26/output/model/e5f_matched_pf_20260909a/design_research/fertility_contract/fertility_target_contract.json,early_cps_nchs_fertility_certification_20260911_v2_not_activated,nchs_period_mean_age_first_birth_2003_2006,/Users/tommasodesanto/Desktop/Projects/Fertility/Fertility_Spring26/code/data/nchs_natality_timing/first_birth_counts_year_age.csv,,early_measurement,0.0869846662682825,Period mean first-birth age,1.0579856074163467,26.06324852726078,True,34af454c246b55341194b3e14faaf73932aa19cc03600ddf236a5a997049d5ac,fertility.uniform_birth_time.moments.period_mean_age_first_birth,fertility.uniform_birth_time.moments.period_mean_age_first_birth,,,,nchs_mean_age,proposed_scored_restriction,"US-named raw files; exact/decoded age12-49 and known live-birth order1; 2003 under15 recode mapped14; Pooled national first-birth counts ages 12-49, 2003-2006; age <=21 mapped to midpoint 20, 22-25 to 24, ..., age >=42 to 44; count-weighted mean.",/Users/tommasodesanto/Desktop/Projects/Fertility/Fertility_Spring26/output/model/e5f_matched_pf_20260909a/design_research/fertility_contract/fertility_target_contract.json#/nchs_source_cautions/sample and #/candidate_moments/2/definition,True,,25.976263860992496,national_count_not_probability_sample,"First-birth flow timing, not completed-cohort timing. Household maternal proxy; empirical under-18/over-45 tail collapse retained; raw builder residence and unknown-order comparability remain unresolved.",/Users/tommasodesanto/Desktop/Projects/Fertility/Fertility_Spring26/output/model/e5f_matched_pf_20260909a/initial_calibration_contract/lead_methodological_decision.json,2003–2006 annual temporal SD: chosen typical-year discrepancy scale for approximate stationary target; not sampling SE,frozen_lead_selected_working_minimum_distance_weight,0.0845673694617251,"{'active_weight': None, 'definition': 'Pooled national first-birth counts ages 12-49, 2003-2006; age <=21 mapped to midpoint 20, 22-25 to 24, ..., age >=42 to 44; count-weighted mean.', 'first_birth_count': 6611269, 'id': 'nchs_period_mean_age_first_birth_2003_2006', 'model_observer_status': 'dated_flow_primitive_available_scored_period_adapter_and_population_mapping_not_certified', 'production_active': False, 'reported_value': 25.976264, 'uncertainty': {'annual_2003_2006_sample_sd': 0.0845673694617251, 'conditional_multinomial_process_se': 0.002249891508714525, 'conditional_multinomial_qualification': 'Model-based process variation conditional on total first births; not a sampling SE and not adopted for SMM. Our mean-age delta-method extension is not a quoted NCHS formula.', 'note': 'annual SD is period variation, not a sampling SE', 'sampling_se': None, 'status': 'national_count_not_probability_sample', 'temporal_variation': {'annual_range': 0.18579015118294961, 'annual_sample_sd': 0.0845673694617251, 'maximum_leave_one_year_shift': 0.03969117381891607}}, 'value': 25.976263860992496}",,None in authoritative builder: reads age/order only. Do not label exact sample US-resident births without verification.,,,,,
selected_final_repeat,13866.065434728798,False,"Pooled national first-birth counts ages 12-49, 2003-2006; exact maternal age >=30 divided by all first births in the pooled window.",/Users/tommasodesanto/Desktop/Projects/Fertility/Fertility_Spring26/code/data/nchs_natality_timing/build_first_birth_timing.R; /Users/tommasodesanto/Desktop/Projects/Fertility/Fertility_Spring26/output/model/e5f_matched_pf_20260909a/design_research/fertility_contract/verify_fertility_contract.py,/Users/tommasodesanto/Desktop/Projects/Fertility/Fertility_Spring26/output/model/e5f_matched_pf_20260909a/design_research/fertility_contract/fertility_target_contract.json,early_cps_nchs_fertility_certification_20260911_v2_not_activated,nchs_period_first_birth_share_age30plus_2003_2006,/Users/tommasodesanto/Desktop/Projects/Fertility/Fertility_Spring26/code/data/nchs_natality_timing/first_birth_counts_year_age.csv,,early_measurement,-0.018840160673089912,First births at age 30+,4.921782863133869,0.2304378523679768,True,34af454c246b55341194b3e14faaf73932aa19cc03600ddf236a5a997049d5ac,fertility.uniform_birth_time.moments.period_share_first_births_age30plus,fertility.uniform_birth_time.moments.period_share_first_births_age30plus,,,,nchs_share30,proposed_scored_restriction,"US-named raw files; exact/decoded age12-49 and known live-birth order1; 2003 under15 recode mapped14; Pooled national first-birth counts ages 12-49, 2003-2006; exact maternal age >=30 divided by all first births in the pooled window.",/Users/tommasodesanto/Desktop/Projects/Fertility/Fertility_Spring26/output/model/e5f_matched_pf_20260909a/design_research/fertility_contract/fertility_target_contract.json#/nchs_source_cautions/sample and #/candidate_moments/3/definition,True,,0.2492780130410667,national_count_not_probability_sample,"First-birth flow timing, not completed-cohort timing. Household maternal proxy; empirical under-18/over-45 tail collapse retained; raw builder residence and unknown-order comparability remain unresolved.",/Users/tommasodesanto/Desktop/Projects/Fertility/Fertility_Spring26/output/model/e5f_matched_pf_20260909a/initial_calibration_contract/lead_methodological_decision.json,2003–2006 annual temporal SD: chosen typical-year discrepancy scale for approximate stationary target; not sampling SE,frozen_lead_selected_working_minimum_distance_weight,0.00849226186213262,"{'active_weight': None, 'definition': 'Pooled national first-birth counts ages 12-49, 2003-2006; exact maternal age >=30 divided by all first births in the pooled window.', 'first_birth_count': 6611269, 'id': 'nchs_period_first_birth_share_age30plus_2003_2006', 'model_observer_status': 'dated_flow_primitive_available_scored_period_adapter_and_population_mapping_not_certified', 'production_active': False, 'reported_value': 0.249278, 'uncertainty': {'annual_2003_2006_sample_sd': 0.00849226186213262, 'conditional_multinomial_process_se': 0.000168243827885977, 'conditional_multinomial_qualification': 'Model-based process variation conditional on total first births; not a sampling SE and not adopted for SMM. Our mean-age delta-method extension is not a quoted NCHS formula.', 'note': 'annual SD is period variation, not a sampling SE', 'sampling_se': None, 'status': 'national_count_not_probability_sample', 'temporal_variation': {'annual_range': 0.01924403073634498, 'annual_sample_sd': 0.00849226186213262, 'maximum_leave_one_year_shift': 0.0037096109032545843}}, 'value': 0.2492780130410667}",,None in authoritative builder: reads age/order only. Do not label exact sample US-resident births without verification.,,,,,
selected_final_repeat,7.595098472533724,False,sum(IW*NETWORTHR)/sum_{age<=65}(IW*EARNINDRRC),/Users/tommasodesanto/Desktop/Projects/Fertility/Fertility_Spring26/output/model/e5f_matched_pf_20260909a/design_research/wealth/build_initial_wealth.R,/Users/tommasodesanto/Desktop/Projects/Fertility/Fertility_Spring26/output/model/e5f_matched_pf_20260909a/design_research/observer_contract/observer_contract.json,e5f_early_housing_wealth_observer_review_v2_20260911,psid_wealth_gross_earnings_2003_2005,/Users/tommasodesanto/Desktop/Projects/Fertility/Fertility_Spring26/output/model/e5f_matched_pf_20260909a/design_research/wealth/aggregate_wealth_results.csv,0.36285515343369,early_measurement,-1.3138414371072233,Wealth / annual gross labor earnings,13.110501930777987,4.832019957350207,True,34af454c246b55341194b3e14faaf73932aa19cc03600ddf236a5a997049d5ac,housing_wealth.moments.aggregate_wealth_to_annual_gross_labor_earnings,housing_wealth.moments.aggregate_wealth_to_annual_gross_labor_earnings,,,7.595098472533724,wealth_earnings,proposed_scored_restriction,"PSID reference persons ages 18-85, relation_to_head=10, positive IW, finite NETWORTHR; working-age gross earnings required/nonnegative; 2003-2005; actual selected waves 2003 and 2005; 10,828 family-years/6,018 IDs in wealth, 9,265 family-years/5,215 IDs in earnings.",/Users/tommasodesanto/Desktop/Projects/Fertility/Fertility_Spring26/output/model/e5f_matched_pf_20260909a/design_research/observer_contract/observer_contract.json#/records/4/sample,True,,6.14586139445743,person bootstrap,National PSID household-income normalization; survey-wave stock/flow dates inherited RP/spouse household earnings is the intended labor-income concept. Missing within-wave wealth valuation versus earnings reference-year metadata remains a calendar certification limit; national household income normalization and selection on finite outcomes are maintained approximations.,/Users/tommasodesanto/Desktop/Projects/Fertility/Fertility_Spring26/output/model/e5f_matched_pf_20260909a/initial_calibration_contract/lead_methodological_decision.json,Recorded empirical bootstrap standard error under the retained estimator/sample,frozen_lead_selected_working_minimum_distance_weight,0.36285515343369,"{'adjustment': 'Observe the pre-announcement stationary state using coherent beginning-period g_asset; use actual pension-consistent parameters. Gross earnings formula and 18-65 cell coverage match the intended earnings concept; no automatic 2023 reuse.', 'builder': 'output/model/e5f_matched_pf_20260909a/design_research/wealth/build_initial_wealth.R (mirrors audit_aggregate_wealth_earnings_ratio.R)', 'candidate_diagonal_weight': 7.595098472533724, 'clustering': 'reference-person ID bootstrap', 'data_formula': 'sum(IW*NETWORTHR)/sum_{age<=65}(IW*EARNINDRRC)', 'date': 'PSID survey waves 2003 and 2005, not an audited same-calendar stock/flow date', 'estimate': 6.14586139445743, 'fixed_effects': 'none', 'geography': 'national PSID', 'id': 'psid_wealth_gross_earnings_2003_2005', 'mismatch': 'RP/spouse household earnings is the intended labor-income concept. Missing within-wave wealth valuation versus earnings reference-year metadata remains a calendar certification limit; national household income normalization and selection on finite outcomes are maintained approximations.', 'model_formula': 'sum_x g_asset(x)*(b+1_owner*p*H) / sum_{j<J_R} g_asset(x)*[P.income(i,j)*z/((1-tau_pay)*4)]. All living 18-85 wealth cells; 12 working cells cover 18-65. P.income is already a four-year flow after payroll tax.', 'production_eligible': False, 'role': 'initial_calibration_restriction', 'sample': 'PSID reference persons ages 18-85, relation_to_head=10, positive IW, finite NETWORTHR; working-age gross earnings required/nonnegative; 2003-2005; actual selected waves 2003 and 2005; 10,828 family-years/6,018 IDs in wealth, 9,265 family-years/5,215 IDs in earnings.', 'status': 'verified_empirical__model_formula_available', 'target_weight_status': 'candidate_inverse_variance_not_activated', 'uncertainty': {'reps': 999, 'se': 0.36285515343369, 'seed': 20260723, 'type': 'person bootstrap'}}",,,reference-person ID bootstrap,none,national PSID,,
selected_final_repeat,5165289.256198346,False,annual bequest flow / aggregate wealth,No microdata builder; external literature normalization,/Users/tommasodesanto/Desktop/Projects/Fertility/Fertility_Spring26/output/model/e5f_matched_pf_20260909a/design_research/observer_contract/observer_contract.json,e5f_early_housing_wealth_observer_review_v2_20260911,external_annual_bequest_wealth,/Users/tommasodesanto/Desktop/Projects/Fertility/Fertility_Spring26/tmp/e5f_matched_pf/code/model/intergen_eqscale_seq_optimized/e5_target_provenance.csv,,early_measurement,-0.0001926919220177157,Annual bequests / aggregate wealth,0.19178810336199079,0.008607308077982285,True,34af454c246b55341194b3e14faaf73932aa19cc03600ddf236a5a997049d5ac,housing_wealth.moments.annual_bequest_flow_to_aggregate_wealth,housing_wealth.moments.annual_bequest_flow_to_aggregate_wealth,,5165289.256198346,,bequest_wealth,proposed_scored_restriction,external restriction,/Users/tommasodesanto/Desktop/Projects/Fertility/Fertility_Spring26/output/model/e5f_matched_pf_20260909a/design_research/observer_contract/observer_contract.json#/records/6/sample,True,0.00044000000000000007,0.0088,inherited synthetic five-percent calibration scale; NOT a standard error,"External historical restriction; synthetic uncertainty; forced terminal deaths Borrowed historical annual aggregate flow is imperfectly matched to model mortality, nonnegative estates and forced terminal deaths; no initial PSID sample or empirical SE. Gale-Scholz/De Nardi-Yang provenance is inherited, not freshly reviewed literature.",/Users/tommasodesanto/Desktop/Projects/Fertility/Fertility_Spring26/output/model/e5f_matched_pf_20260909a/initial_calibration_contract/lead_methodological_decision.json,Inherited synthetic five-percent target scale; not empirical SE,frozen_lead_selected_working_minimum_distance_weight,0.00044000000000000007,"{'adjustment': 'Keep explicitly external or replace only with a separately identified bequest-block decision and Jacobian check.', 'builder': 'No project microdata builder; provenance ledger identifies Gale-Scholz historical normalization transmitted through De Nardi-Yang', 'candidate_diagonal_weight': 5165289.256198346, 'clustering': 'none', 'data_formula': 'annual bequest flow / aggregate wealth', 'date': 'not a measured initial window', 'estimate': 0.0088, 'fixed_effects': 'none', 'geography': 'not applicable', 'id': 'external_annual_bequest_wealth', 'mismatch': 'Borrowed historical annual aggregate flow is imperfectly matched to model mortality, nonnegative estates and forced terminal deaths; no initial PSID sample or empirical SE. Gale-Scholz/De Nardi-Yang provenance is inherited, not freshly reviewed literature.', 'model_formula': '[sum_x (1-survival_j)*g_current(x)*max(bp_pol(x)+1_owner*p*H,0)/4] / sum_x g_asset(x)*(b+1_owner*p*H). Terminal death probability forced to 1; earlier death probabilities from survival. Debt/transaction timing must remain coherent.', 'production_eligible': False, 'role': 'initial_calibration_restriction', 'sample': 'external restriction', 'status': 'externally_fixed__not_an_initial_microdata_observer', 'target_weight_status': 'approved_retained_external_normalization_with_inherited_synthetic_weight', 'uncertainty': {'empirical_se': None, 'scale': 0.00044000000000000007, 'type': 'inherited synthetic five-percent calibration scale; NOT a standard error'}}",,,none,none,not applicable,,
selected_final_repeat,10.616361531535473,False,"Q_.90(NETWORTHR/INCFAMR)/Q_.50(NETWORTHR/INCFAMR), weighted",/Users/tommasodesanto/Desktop/Projects/Fertility/Fertility_Spring26/output/model/e5f_matched_pf_20260909a/design_research/wealth/build_initial_wealth.R,/Users/tommasodesanto/Desktop/Projects/Fertility/Fertility_Spring26/output/model/e5f_matched_pf_20260909a/design_research/observer_contract/observer_contract.json,e5f_early_housing_wealth_observer_review_v2_20260911,psid_old_wealth_dispersion_2003_2005,/Users/tommasodesanto/Desktop/Projects/Fertility/Fertility_Spring26/output/model/e5f_matched_pf_20260909a/design_research/wealth/old_wealth_results.csv,0.306910785103348,early_measurement,0.8683579460596942,"Old wealth/income p90 / median, ages 76–84",8.005219877936435,4.384293032578414,True,34af454c246b55341194b3e14faaf73932aa19cc03600ddf236a5a997049d5ac,housing_wealth.moments.old_total_wealth_to_annual_income_p90_p50_7684,housing_wealth.moments.old_total_wealth_to_annual_income_p90_p50_7684,,,10.616361531535473,old_dispersion,proposed_scored_restriction,"Living PSID reference persons ages 76-84, relation_to_head=10, positive IW, completed children observed, INCFAMR>1000; p90/p50 of NETWORTHR/INCFAMR; 2003-2005; 644 valid family-years/416 IDs; bootstrap population 918 living reference IDs ages 65-84, before outcome/children filters.",/Users/tommasodesanto/Desktop/Projects/Fertility/Fertility_Spring26/output/model/e5f_matched_pf_20260909a/design_research/observer_contract/observer_contract.json#/records/5/sample,True,,3.51593508651872,person bootstrap,"Uniform within-age-cell overlap for ages 76--84 Modeled pension plus configured lump-sum income proxy; not PSID total family income Empirical $1000 real-income and observed-child-history filters are not reproduced At these retirement ages model denominator is pension income (including configured z scaling), while PSID INCFAMR also includes transfers, asset income and other family components. Exact $1000 cutoff is not applied (only income>0), and observed-completed-children selection has no model missingness counterpart. Full 78/82 cells do not cover exactly 76-84. Actual model property-tax lump-sum transfer is zero in this receipt; proxy uses the configured pension-plus-transfer concept.",/Users/tommasodesanto/Desktop/Projects/Fertility/Fertility_Spring26/output/model/e5f_matched_pf_20260909a/initial_calibration_contract/lead_methodological_decision.json,Recorded empirical bootstrap standard error under the retained estimator/sample,frozen_lead_selected_working_minimum_distance_weight,0.306910785103348,"{'adjustment': 'Pin annual-age selection for 76-84; confirm household income mapping and empirical $1000 real-income cutoff in normalized model units. Observe initial stationary state, not 2023. Model quantile is available but sample/income equality is not established.', 'builder': 'output/model/e5f_matched_pf_20260909a/design_research/wealth/build_initial_wealth.R (mirrors audit_intergen_bequest_family_size_targets.R)', 'candidate_diagonal_weight': 10.616361531535473, 'clustering': 'reference-person ID bootstrap', 'data_formula': 'Q_.90(NETWORTHR/INCFAMR)/Q_.50(NETWORTHR/INCFAMR), weighted', 'date': 'PSID survey waves 2003 and 2005', 'estimate': 3.51593508651872, 'fixed_effects': 'none', 'geography': 'national PSID', 'id': 'psid_old_wealth_dispersion_2003_2005', 'mismatch': 'At these retirement ages model denominator is pension income (including configured z scaling), while PSID INCFAMR also includes transfers, asset income and other family components. Exact $1000 cutoff is not applied (only income>0), and observed-completed-children selection has no model missingness counterpart. Full 78/82 cells do not cover exactly 76-84.', 'model_formula': 'Weighted p90/p50 of W/annual_gross_income_at_state using g_asset; annualization divides P income by 4, payroll gross-up only for workers. Existing old mask selects labels 78 and 82. Existing quantile algorithm matches R; no transaction wedge is subtracted from W.', 'production_eligible': False, 'role': 'initial_calibration_restriction', 'sample': 'Living PSID reference persons ages 76-84, relation_to_head=10, positive IW, completed children observed, INCFAMR>1000; p90/p50 of NETWORTHR/INCFAMR; 2003-2005; 644 valid family-years/416 IDs; bootstrap population 918 living reference IDs ages 65-84, before outcome/children filters.', 'status': 'empirical_verified__age_income_mapping_outstanding', 'target_weight_status': 'candidate_inverse_variance_not_activated', 'uncertainty': {'reps': 499, 'se': 0.306910785103348, 'seed': 20260715, 'type': 'person bootstrap'}}",,,reference-person ID bootstrap,none,national PSID,,
selected_final_repeat,128.02070205233477,False,"sum(HHWT*min(ROOMS,9))/sum(HHWT)",/Users/tommasodesanto/Desktop/Projects/Fertility/Fertility_Spring26/output/model/e5f_matched_pf_20260909a/design_research/housing/inspect_early_housing.py; /Users/tommasodesanto/Desktop/Projects/Fertility/Fertility_Spring26/output/model/e5f_matched_pf_20260909a/design_research/housing/summarize_early_housing.py,/Users/tommasodesanto/Desktop/Projects/Fertility/Fertility_Spring26/output/model/e5f_matched_pf_20260909a/design_research/observer_contract/observer_contract.json,e5f_early_housing_wealth_observer_review_v2_20260911,acs_rooms_2005_2006,/Users/tommasodesanto/Desktop/Projects/Fertility/Fertility_Spring26/output/model/e5f_matched_pf_20260909a/design_research/housing/early_housing_target_candidates.csv,0.08838120078007809,early_measurement,0.8443071915725273,"Mean occupied rooms, capped at 9",91.2601506727941,6.405404567691179,True,34af454c246b55341194b3e14faaf73932aa19cc03600ddf236a5a997049d5ac,housing_wealth.moments.aggregate_mean_occupied_rooms_capped9_18_85,housing_wealth.moments.aggregate_mean_occupied_rooms_capped9_18_85,,,128.02070205233477,mean_rooms,proposed_scored_restriction,ACS household heads ages 18-85; occupied renter or owner; HHWT>0; 42 MET2013 cities; 2005-2006 pooled by summed HHWT numerator/denominator; inherits all common_acs_sample filters,/Users/tommasodesanto/Desktop/Projects/Fertility/Fertility_Spring26/output/model/e5f_matched_pf_20260909a/design_research/observer_contract/observer_contract.json#/records/0/sample,True,,5.561097376118652,42-metro bootstrap,"Uniform annual-age exposure and constant policies/distribution within each four-year cell National model versus 42-MET2013 housing sample Existing HistoricalMomentObserver is pinned to 2023 and old 12 rows. min(E[s|collapsed income],9) does not equal E[min(s,9)|income]; compute direct. The initial window and geographic approximation must be retained.",/Users/tommasodesanto/Desktop/Projects/Fertility/Fertility_Spring26/output/model/e5f_matched_pf_20260909a/initial_calibration_contract/lead_methodological_decision.json,Recorded empirical bootstrap standard error under the retained estimator/sample,frozen_lead_selected_working_minimum_distance_weight,0.08838120078007809,"{'adjustment': 'Use g_current and full hR_pol before income collapse; cap each renter/owner observation, then aggregate. All 17 current four-year age cells already span 18-85: validate geometry rather than invent an extra age restriction.', 'builder': 'output/model/e5f_matched_pf_20260909a/design_research/housing/inspect_early_housing.py; summarize_early_housing.py', 'candidate_diagonal_weight': 128.02070205233477, 'clustering': '42 MET2013 city bootstrap', 'data_formula': 'sum(HHWT*min(ROOMS,9))/sum(HHWT)', 'date': '2005-2006', 'estimate': 5.561097376118652, 'fixed_effects': 'none', 'geography': '42 MET2013 city codes; not admitted-PUMA footprint', 'id': 'acs_rooms_2005_2006', 'mismatch': 'Existing HistoricalMomentObserver is pinned to 2023 and old 12 rows. min(E[s|collapsed income],9) does not equal E[min(s,9)|income]; compute direct. The initial window and geographic approximation must be retained.', 'model_formula': 'Current extract_moments: aggregate_housing_demand/total_mass, all 17 age cells, uncapped. Proposed: weighted_mean(min(s,9)) on full g, observed at pre-announcement stationary solution.', 'production_eligible': False, 'role': 'initial_calibration_restriction', 'sample': 'ACS household heads ages 18-85; occupied renter or owner; HHWT>0; 42 MET2013 cities; 2005-2006 pooled by summed HHWT numerator/denominator; inherits all common_acs_sample filters', 'status': 'empirical_verified__cap_operator_needed', 'target_weight_status': 'candidate_inverse_variance_not_activated', 'uncertainty': {'reps': 1000, 'se': 0.08838120078007809, 'seed': 20260910, 'type': '42-metro bootstrap'}}",,,42 MET2013 city bootstrap,none,42 MET2013 city codes; not admitted-PUMA footprint,"{'filters': 'sample=year*100+1; GQ in {1,2}; PERNUM=1; RELATE=1; HHWT>0; 18<=AGE<=85; OWNERSHP in {1,2}; ROOMS>0; MET2013 in pinned 42-code list', 'fixed_effects': 'none', 'geography': 'Direct MET2013 membership in 42 cities; NOT old admitted-PUMA footprint. National fertility/PSID plus metro housing is an explicitly maintained geographic approximation.', 'owner': 'OWNERSHP=1', 'rooms': 'min(ROOMS,9) before any aggregation; pooled household-weighted numerators/denominators, not average yearly ratios', 'structures': 'UNITSSTR in 3:10 for all ownership rows, including both recent-parent comparison groups; no structure restriction for rooms rows', 'survey_waves': [2005, 2006], 'uncertainty': '1000 paired metro-resampling draws, seed 20260910, 42 clusters. Not ACS official survey-design or replicate-weight standard errors.', 'weights_status': 'Inverse marginal variance values below are candidate diagonal weights under the approved design, not a promoted target/weight fingerprint.'}",
selected_final_repeat,2339.3623724673616,False,sum(HHWT*owner)/sum(HHWT),/Users/tommasodesanto/Desktop/Projects/Fertility/Fertility_Spring26/output/model/e5f_matched_pf_20260909a/design_research/housing/inspect_early_housing.py; /Users/tommasodesanto/Desktop/Projects/Fertility/Fertility_Spring26/output/model/e5f_matched_pf_20260909a/design_research/housing/summarize_early_housing.py,/Users/tommasodesanto/Desktop/Projects/Fertility/Fertility_Spring26/output/model/e5f_matched_pf_20260909a/design_research/observer_contract/observer_contract.json,e5f_early_housing_wealth_observer_review_v2_20260911,acs_ownership_30_55_2005_2006,/Users/tommasodesanto/Desktop/Projects/Fertility/Fertility_Spring26/output/model/e5f_matched_pf_20260909a/design_research/housing/early_housing_target_candidates.csv,0.020675272863460718,early_measurement,-0.12156045535911764,"Ownership, heads 30–55",34.56862749211304,0.5267735789600316,True,34af454c246b55341194b3e14faaf73932aa19cc03600ddf236a5a997049d5ac,housing_wealth.moments.own_rate_30_55,housing_wealth.moments.own_rate_30_55,,,2339.3623724673616,ownership_30_55,proposed_scored_restriction,ACS heads ages 30-55; DUE structures UNITSSTR 3:10; HHWT>0; 42 MET2013 cities; 2005-2006; inherits all common_acs_sample filters,/Users/tommasodesanto/Desktop/Projects/Fertility/Fertility_Spring26/output/model/e5f_matched_pf_20260909a/design_research/observer_contract/observer_contract.json#/records/1/sample,True,,0.6483340343191493,42-metro bootstrap,Uniform annual-age exposure and constant policies/distribution within each four-year cell National model versus 42-MET2013 housing sample ACS DUE structure restriction is not represented by a model state Current nearest-index mask includes full 54-57 cell; no structure-type state allows exact UNITSSTR filtering. Neither issue is resolved by changing the row name.,/Users/tommasodesanto/Desktop/Projects/Fertility/Fertility_Spring26/output/model/e5f_matched_pf_20260909a/initial_calibration_contract/lead_methodological_decision.json,Recorded empirical bootstrap standard error under the retained estimator/sample,frozen_lead_selected_working_minimum_distance_weight,0.020675272863460718,"{'adjustment': 'Use owner indicator on full realized distribution with declared 30-55 age-exposure selector; pin the maintained DUE-to-model-product interpretation.', 'builder': 'output/model/e5f_matched_pf_20260909a/design_research/housing/inspect_early_housing.py; summarize_early_housing.py', 'candidate_diagonal_weight': 2339.3623724673616, 'clustering': '42 MET2013 city bootstrap', 'data_formula': 'sum(HHWT*owner)/sum(HHWT)', 'date': '2005-2006', 'estimate': 0.6483340343191493, 'fixed_effects': 'none', 'geography': '42 MET2013 cities; not admitted-PUMA footprint', 'id': 'acs_ownership_30_55_2005_2006', 'mismatch': 'Current nearest-index mask includes full 54-57 cell; no structure-type state allows exact UNITSSTR filtering. Neither issue is resolved by changing the row name.', 'model_formula': 'own_rate_3055=sum(g[owner tenures, ages 30:55])/sum(g[all tenures, ages 30:55])', 'production_eligible': False, 'role': 'initial_calibration_restriction', 'sample': 'ACS heads ages 30-55; DUE structures UNITSSTR 3:10; HHWT>0; 42 MET2013 cities; 2005-2006; inherits all common_acs_sample filters', 'status': 'empirical_verified__age_and_structure_mapping_outstanding', 'target_weight_status': 'candidate_inverse_variance_not_activated', 'uncertainty': {'reps': 1000, 'se': 0.020675272863460718, 'seed': 20260910, 'type': '42-metro bootstrap'}}",,,42 MET2013 city bootstrap,none,42 MET2013 cities; not admitted-PUMA footprint,"{'filters': 'sample=year*100+1; GQ in {1,2}; PERNUM=1; RELATE=1; HHWT>0; 18<=AGE<=85; OWNERSHP in {1,2}; ROOMS>0; MET2013 in pinned 42-code list', 'fixed_effects': 'none', 'geography': 'Direct MET2013 membership in 42 cities; NOT old admitted-PUMA footprint. National fertility/PSID plus metro housing is an explicitly maintained geographic approximation.', 'owner': 'OWNERSHP=1', 'rooms': 'min(ROOMS,9) before any aggregation; pooled household-weighted numerators/denominators, not average yearly ratios', 'structures': 'UNITSSTR in 3:10 for all ownership rows, including both recent-parent comparison groups; no structure restriction for rooms rows', 'survey_waves': [2005, 2006], 'uncertainty': '1000 paired metro-resampling draws, seed 20260910, 42 clusters. Not ACS official survey-design or replicate-weight standard errors.', 'weights_status': 'Inverse marginal variance values below are candidate diagonal weights under the approved design, not a promoted target/weight fingerprint.'}",
selected_final_repeat,137.5652749002964,False,"beta(event=+3)-beta(event=-1), omitted event=-2; person/year FE, age/education controls, longitudinal IW",/Users/tommasodesanto/Desktop/Projects/Fertility/Fertility_Spring26/code/data/psid_followup_mar2026/sa_rooms_first_birth_household_aligned_v1.do,/Users/tommasodesanto/Desktop/Projects/Fertility/Fertility_Spring26/output/model/e5f_matched_pf_20260909a/design_research/observer_contract/observer_contract.json,e5f_early_housing_wealth_observer_review_v2_20260911,psid_sa_first_birth_rooms,/Users/tommasodesanto/Desktop/Projects/Fertility/Fertility_Spring26/code/data/psid_followup_mar2026/output/sa_rooms_first_birth_household_aligned_v1/target_receipt.csv,0.0852600513385958,early_measurement,0.262826217368201,"First-birth room response, −1 to +3",9.50268185850377,0.9830724797497288,True,34af454c246b55341194b3e14faaf73932aa19cc03600ddf236a5a997049d5ac,housing_wealth.moments.housing_increment_0to1,housing_wealth.moments.housing_increment_0to1,,,137.5652749002964,first_birth_rooms,proposed_scored_restriction,"Women age 18+, current reference/spouse, positive IW, single-FID dwelling, one woman per household-year; confirmed never-treated controls; 49,457 household-years, 4,112 persons",/Users/tommasodesanto/Desktop/Projects/Fertility/Fertility_Spring26/output/model/e5f_matched_pf_20260909a/design_research/observer_contract/observer_contract.json#/records/7/sample,True,,0.7202462623815278,"Sun-Abraham covariance contrast, clustered individual ID","Pooled PSID response applied to initial stationary economy under stability assumption Matched model risk-set weights differ from Sun-Abraham cohort/event weights; non-flat prepath caveat retained Applying the unchanged pooled contrast to initial stationary economy requires approved stability approximation. Model matched-risk weights differ from estimator cohort/event weights. Non-flat prepath and normalization dependence remain disclosed; September5 normalization check changed point to .730459 with identical fitted values, not a replacement target. Four-year approximation is not literal observed -1/+3 child ages. Keep PSID rooms uncapped; do not import ACS cap.",/Users/tommasodesanto/Desktop/Projects/Fertility/Fertility_Spring26/output/model/e5f_matched_pf_20260909a/initial_calibration_contract/lead_methodological_decision.json,Recorded empirical bootstrap standard error under the retained estimator/sample,frozen_lead_selected_working_minimum_distance_weight,0.0852600513385958,"{'adjustment': 'For an initial stationary observer call begin_dated_first_birth_housing_branch then finish_dated_first_birth_housing_branch with the stationary policy as BOTH dates; retain destination continuation births and no Census age bridge. Do NOT use first_birth_housing_response sequential legacy helper, which suppresses continuation births. Certify the same paired branch with mass/timing checks.', 'builder': 'code/data/psid_followup_mar2026/sa_rooms_first_birth_household_aligned_v1.do; finalize_first_birth_rooms_target_receipt.py', 'candidate_diagonal_weight': 137.5652749002964, 'clustering': 'selected woman stable ID; one household-year observation, primary analytic cluster covariance', 'data_formula': 'beta(event=+3)-beta(event=-1), omitted event=-2; person/year FE, age/education controls, longitudinal IW', 'date': 'Pooled PSID event-time -1 to +3; treated input observations 1970-2019, not an early-only regression', 'estimate': 0.7202462623815278, 'fixed_effects': 'person ID and survey year; age and education controls', 'geography': 'national PSID', 'id': 'psid_sa_first_birth_rooms', 'mismatch': 'Applying the unchanged pooled contrast to initial stationary economy requires approved stability approximation. Model matched-risk weights differ from estimator cohort/event weights. Non-flat prepath and normalization dependence remain disclosed; September5 normalization check changed point to .730459 with identical fitted values, not a replacement target. Four-year approximation is not literal observed -1/+3 child ages. Keep PSID rooms uncapped; do not import ACS cap.', 'model_formula': 'Select successful first births from initial g_pre; clone identical pre-birth states into treated n=1,m=1 and childless control. Advance both one period with origin policies/survival/income/maturation, then realize destination housing with destination policies. Treated may have continuation birth; control stays childless. Difference of destination uncapped rooms equals matched difference in changes.', 'production_eligible': False, 'role': 'initial_calibration_restriction', 'sample': 'Women age 18+, current reference/spouse, positive IW, single-FID dwelling, one woman per household-year; confirmed never-treated controls; 49,457 household-years, 4,112 persons', 'status': 'verified_empirical_contrast__provisional_structural_mapping', 'target_weight_status': 'candidate_inverse_variance_not_activated', 'uncertainty': {'reference_period': -2, 'se': 0.0852600513385958, 'type': 'Sun-Abraham covariance contrast, clustered individual ID', 'variance_formula': 'Var(beta_3)+Var(beta_-1)-2Cov(beta_3,beta_-1)'}}",,,"selected woman stable ID; one household-year observation, primary analytic cluster covariance",person ID and survey year; age and education controls,national PSID,,
selected_final_repeat,280.52808370152104,False,"E[min(ROOMS,9)|NCHILD>=3,YNGCH<18]-E[min(ROOMS,9)|NCHILD=1-2,YNGCH<18]",/Users/tommasodesanto/Desktop/Projects/Fertility/Fertility_Spring26/output/model/e5f_matched_pf_20260909a/design_research/housing/inspect_early_housing.py; /Users/tommasodesanto/Desktop/Projects/Fertility/Fertility_Spring26/output/model/e5f_matched_pf_20260909a/design_research/housing/summarize_early_housing.py,/Users/tommasodesanto/Desktop/Projects/Fertility/Fertility_Spring26/output/model/e5f_matched_pf_20260909a/design_research/observer_contract/observer_contract.json,e5f_early_housing_wealth_observer_review_v2_20260911,acs_rooms_3plus_minus_1to2_2005_2006,/Users/tommasodesanto/Desktop/Projects/Fertility/Fertility_Spring26/output/model/e5f_matched_pf_20260909a/design_research/housing/early_housing_target_candidates.csv,0.059705154633000496,early_measurement,-0.17329097833399043,Rooms: 3+ versus 1–2 resident children (model dependent proxy),8.424191916638076,0.17377595346226027,True,34af454c246b55341194b3e14faaf73932aa19cc03600ddf236a5a997049d5ac,housing_wealth.moments.prime30_55_model_dependent_3plus_minus_1to2_rooms_capped9,housing_wealth.moments.prime30_55_model_dependent_3plus_minus_1to2_rooms_capped9,,,280.52808370152104,family_rooms,proposed_scored_restriction,"ACS heads ages 30-55, YNGCH<18; NCHILD>=3 minus NCHILD=1-2; 42 MET2013 cities; 2005-2006; inherits all common_acs_sample filters",/Users/tommasodesanto/Desktop/Projects/Fertility/Fertility_Spring26/output/model/e5f_matched_pf_20260909a/design_research/observer_contract/observer_contract.json#/records/3/sample,True,,0.3470669317962507,42-metro bootstrap,"Uniform annual-age exposure and constant policies/distribution within each four-year cell National model versus 42-MET2013 housing sample Model dependent counts replace ACS resident own children with YNGCH<18 ACS NCHILD counts ALL resident own children while YNGCH<18 requires at least one minor. Example: ages 4,19,21 is empirical large family but may be one model dependent. m has no deterministic child-age bound under binomial maturation. Verifying independent_count is necessary but insufficient for exact ACS group equivalence.",/Users/tommasodesanto/Desktop/Projects/Fertility/Fertility_Spring26/output/model/e5f_matched_pf_20260909a/initial_calibration_contract/lead_methodological_decision.json,Recorded empirical bootstrap standard error under the retained estimator/sample,frozen_lead_selected_working_minimum_distance_weight,0.059705154633000496,"{'adjustment': 'Cap full income-resolved renter and owner rooms before any collapse. Runtime-assert child_state_mode=independent_count and child_bin_high_cutoff=3. Need explicit resident-child approximation or richer observation information before SMM certification.', 'builder': 'output/model/e5f_matched_pf_20260909a/design_research/housing/inspect_early_housing.py; summarize_early_housing.py', 'candidate_diagonal_weight': 280.52808370152104, 'clustering': '42 MET2013 city bootstrap', 'data_formula': 'E[min(ROOMS,9)|NCHILD>=3,YNGCH<18]-E[min(ROOMS,9)|NCHILD=1-2,YNGCH<18]', 'date': '2005-2006', 'estimate': 0.3470669317962507, 'fixed_effects': 'none', 'geography': '42 MET2013 cities; not admitted-PUMA footprint', 'id': 'acs_rooms_3plus_minus_1to2_2005_2006', 'mismatch': 'ACS NCHILD counts ALL resident own children while YNGCH<18 requires at least one minor. Example: ages 4,19,21 is empirical large family but may be one model dependent. m has no deterministic child-age bound under binomial maturation. Verifying independent_count is necessary but insufficient for exact ACS group equivalence.', 'model_formula': 'Current child_bin_high_cutoff=3 and independent_count use m=cs, subject to cs<=n: high group m>=3; low group 1<=m<=2. Existing moment is uncapped and uses current prime age mask. Proposed proxy: E[min(s,9)|m>=3]-E[min(s,9)|1<=m<=2], with declared age selector.', 'production_eligible': False, 'role': 'initial_calibration_restriction', 'sample': 'ACS heads ages 30-55, YNGCH<18; NCHILD>=3 minus NCHILD=1-2; 42 MET2013 cities; 2005-2006; inherits all common_acs_sample filters', 'status': 'empirical_verified__resident_child_mapping_outstanding', 'target_weight_status': 'candidate_inverse_variance_not_activated', 'uncertainty': {'reps': 1000, 'se': 0.059705154633000496, 'seed': 20260910, 'type': '42-metro bootstrap'}}",,,42 MET2013 city bootstrap,none,42 MET2013 cities; not admitted-PUMA footprint,"{'filters': 'sample=year*100+1; GQ in {1,2}; PERNUM=1; RELATE=1; HHWT>0; 18<=AGE<=85; OWNERSHP in {1,2}; ROOMS>0; MET2013 in pinned 42-code list', 'fixed_effects': 'none', 'geography': 'Direct MET2013 membership in 42 cities; NOT old admitted-PUMA footprint. National fertility/PSID plus metro housing is an explicitly maintained geographic approximation.', 'owner': 'OWNERSHP=1', 'rooms': 'min(ROOMS,9) before any aggregation; pooled household-weighted numerators/denominators, not average yearly ratios', 'structures': 'UNITSSTR in 3:10 for all ownership rows, including both recent-parent comparison groups; no structure restriction for rooms rows', 'survey_waves': [2005, 2006], 'uncertainty': '1000 paired metro-resampling draws, seed 20260910, 42 clusters. Not ACS official survey-design or replicate-weight standard errors.', 'weights_status': 'Inverse marginal variance values below are candidate diagonal weights under the approved design, not a promoted target/weight fingerprint.'}",
selected_final_repeat,27055.822957508266,False,"Pr(owner|NCHILD>0,ELDCH<4)-Pr(owner|NCHILD=0)",/Users/tommasodesanto/Desktop/Projects/Fertility/Fertility_Spring26/output/model/e5f_matched_pf_20260909a/design_research/housing/inspect_early_housing.py; /Users/tommasodesanto/Desktop/Projects/Fertility/Fertility_Spring26/output/model/e5f_matched_pf_20260909a/design_research/housing/summarize_early_housing.py,/Users/tommasodesanto/Desktop/Projects/Fertility/Fertility_Spring26/output/model/e5f_matched_pf_20260909a/design_research/observer_contract/observer_contract.json,e5f_early_housing_wealth_observer_review_v2_20260911,acs_recent_parent_owner_gap_2005_2006,/Users/tommasodesanto/Desktop/Projects/Fertility/Fertility_Spring26/output/model/e5f_matched_pf_20260909a/design_research/housing/early_housing_target_candidates.csv,0.006079524679464666,recent_parent_observation,-0.015023154062717148,Recent-parent ownership gap,6.106368237002054,0.1478723550985157,True,34af454c246b55341194b3e14faaf73932aa19cc03600ddf236a5a997049d5ac,ownership_current_birth_from_empty_dependent_home_minus_current_empty_home_30_55,model_value,,,27055.822957508266,recent_parent_ownership,proposed_scored_restriction,ACS heads ages 30-55; recent parent NCHILD>0 and ELDCH<4 minus NCHILD=0 controls; 42 MET2013 cities; 2005-2006; inherits all common_acs_sample filters; both groups also require UNITSSTR in 3:10,/Users/tommasodesanto/Desktop/Projects/Fertility/Fertility_Spring26/output/model/e5f_matched_pf_20260909a/design_research/observer_contract/observer_contract.json#/records/2/sample,True,,0.16289550916123285,42-metro bootstrap,"ELDCH is OLDEST resident own child: all resident own children must be under four. Model has no child ages or time since birth; independent binomial maturation has mean 18 years but no deterministic under-18 cutoff. ACS NCHILD=0 includes former parents with no own child resident, whereas model control is lifetime n=0. Adding m=0 controls would still conflate absent dependents with absent resident adult children. Unavailable: ACS oldest resident child under four and no-resident-child controls cannot be reconstructed from dependent counts and lifetime parity",/Users/tommasodesanto/Desktop/Projects/Fertility/Fertility_Spring26/output/model/e5f_matched_pf_20260909a/initial_calibration_contract/lead_methodological_decision.json,Recorded empirical bootstrap standard error under the retained estimator/sample,frozen_lead_selected_working_minimum_distance_weight,0.006079524679464666,"{'adjustment': 'Exact ACS recent-parent group and resident-child controls cannot be recovered from current count-only states. Do not substitute n=0 controls or all m>0 parents without an explicitly approved proxy contract; retain identifying row as blocked rather than silently dropping it.', 'builder': 'output/model/e5f_matched_pf_20260909a/design_research/housing/inspect_early_housing.py; summarize_early_housing.py', 'candidate_diagonal_weight': 27055.822957508266, 'clustering': '42 MET2013 city bootstrap', 'data_formula': 'Pr(owner|NCHILD>0,ELDCH<4)-Pr(owner|NCHILD=0)', 'date': '2005-2006', 'estimate': 0.16289550916123285, 'fixed_effects': 'none', 'geography': '42 MET2013 cities; not admitted-PUMA footprint', 'id': 'acs_recent_parent_owner_gap_2005_2006', 'mismatch': 'ELDCH is OLDEST resident own child: all resident own children must be under four. Model has no child ages or time since birth; independent binomial maturation has mean 18 years but no deterministic under-18 cutoff. ACS NCHILD=0 includes former parents with no own child resident, whereas model control is lifetime n=0. Adding m=0 controls would still conflate absent dependents with absent resident adult children.', 'model_formula': 'Under independent_count: Pr(owner | n>=1,m>0, current prime mask) - Pr(owner | n=0,childless readiness states,current prime mask). newparent_cs includes ALL positive dependent counts, with no recency condition.', 'production_eligible': False, 'role': 'initial_calibration_restriction', 'sample': 'ACS heads ages 30-55; recent parent NCHILD>0 and ELDCH<4 minus NCHILD=0 controls; 42 MET2013 cities; 2005-2006; inherits all common_acs_sample filters; both groups also require UNITSSTR in 3:10', 'status': 'verified_empirical__irreducible_group_mismatch', 'target_weight_status': 'candidate_inverse_variance_not_activated', 'uncertainty': {'reps': 1000, 'se': 0.006079524679464666, 'seed': 20260910, 'type': '42-metro bootstrap'}}",,,42 MET2013 city bootstrap,none,42 MET2013 cities; not admitted-PUMA footprint,"{'filters': 'sample=year*100+1; GQ in {1,2}; PERNUM=1; RELATE=1; HHWT>0; 18<=AGE<=85; OWNERSHP in {1,2}; ROOMS>0; MET2013 in pinned 42-code list', 'fixed_effects': 'none', 'geography': 'Direct MET2013 membership in 42 cities; NOT old admitted-PUMA footprint. National fertility/PSID plus metro housing is an explicitly maintained geographic approximation.', 'owner': 'OWNERSHP=1', 'rooms': 'min(ROOMS,9) before any aggregation; pooled household-weighted numerators/denominators, not average yearly ratios', 'structures': 'UNITSSTR in 3:10 for all ownership rows, including both recent-parent comparison groups; no structure restriction for rooms rows', 'survey_waves': [2005, 2006], 'uncertainty': '1000 paired metro-resampling draws, seed 20260910, 42 clusters. Not ACS official survey-design or replicate-weight standard errors.', 'weights_status': 'Inverse marginal variance values below are candidate diagonal weights under the approved design, not a promoted target/weight fingerprint.'}","{'age_projection': 'uniform_within_age_cell', 'approximation_id': 'early_2007_parenthood_md_working_v1__recent_parent_synchronized_proxy', 'decision_sha256': 'b1d399c290d257e56e008afb6d7b76ac1f69191685c8d9e89a4b0bfb06533c9a', 'decision_source': '/Users/tommasodesanto/Desktop/Projects/Fertility/Fertility_Spring26/output/model/e5f_matched_pf_20260909a/initial_calibration_contract/lead_methodological_decision.json', 'declaration': 'Synchronized post-fertility snapshot; uniform head-age overlap; model dependents proxy resident own children; actual current births from previously empty-dependent homes versus current empty homes inclformerparents. Not an exact annualACS interview reconstruction.', 'diagnostic_allow_residence_proxy': True, 'exact_acs': False, 'maintained': True, 'moment': 'ownership_current_birth_from_empty_dependent_home_minus_current_empty_home_30_55', 'observer_id': 'e5f_recent_parent_flow_diagnostic_v1', 'snapshot': 'synchronized_post_fertility_snapshot'}"
