{
  "age_mass_max_abs_dev": 4.371503159461554e-16,
  "market_rel_residual": [
    6.59724345595613e-05
  ],
  "min_c_populated": 1.32,
  "note": "PE solve at stored p_eq=0.7564643263592232 (light pass, not a GE re-solve)",
  "own_by_age": [
    0.15901087376830944,
    0.23028618524987765,
    0.25968861735617166,
    0.32553734385474803,
    0.4552233578381612,
    0.6009453492609431,
    0.7828424537857108,
    0.8667819951979836,
    0.9103513854702383,
    0.931586519850409,
    0.9456449022790483,
    0.9560732460798608,
    0.9605237933608011,
    0.9629117506125485,
    0.9657203455835095,
    0.9655334095251192,
    0.9438836178463029
  ],
  "own_rate": 0.7189732439364551,
  "p_birth_zero_childless_mass_share_operative_window": 0.4319003486011704,
  "populated_invalid_mass": 0.017416593343662818,
  "populated_invalid_share": 0.017416593343662832,
  "renter_share_at_cap": 0.10663193717363013,
  "share_at_highest_b_node": 0.0,
  "share_at_lowest_b_node": 0.0,
  "total_mass": 0.9999999999999992,
  "value_monotonicity_pairwise_decreases": 153,
  "wall_seconds": 15.470858151999892
}