{
  "J": 17,
  "aggregate_housing_demand": 5.584992481509957,
  "aggregate_housing_excess": 0.00036843124469587707,
  "aggregate_housing_supply": 5.584624050265261,
  "aggregate_own_rate": 0.7189732439364551,
  "aggregate_owner_demand": 4.478323241965284,
  "aggregate_rental_demand": 1.1066692395446736,
  "best_max_abs_rel_excess": 6.59724345595613e-05,
  "childless_rate": 0.14781857280549557,
  "housing_demand_by_income_type": [
    [
      0.22326326885882114
    ],
    [
      1.1238444753999453
    ],
    [
      2.112650551664287
    ],
    [
      1.6481173760383638
    ],
    [
      0.47711680954853686
    ]
  ],
  "housing_supply": [
    5.584624050265261
  ],
  "income_process": "markov",
  "income_state_weights": [
    0.0625,
    0.25,
    0.375,
    0.25,
    0.0625
  ],
  "income_states": [
    0.6134533968572546,
    0.7728751856900854,
    0.9737268645273782,
    1.2267750656993077,
    1.5455844104209013
  ],
  "income_transition": [
    [
      0.7320941406250001,
      0.23743593749999992,
      0.028877343749999968,
      0.0015609374999999972,
      3.164062499999993e-05
    ],
    [
      0.059358984374999965,
      0.7465328125000001,
      0.17924765624999994,
      0.014470312499999985,
      0.00039023437499999936
    ],
    [
      0.0048128906249999956,
      0.11949843749999997,
      0.7513773437500002,
      0.11949843749999997,
      0.0048128906249999956
    ],
    [
      0.00039023437499999936,
      0.014470312499999985,
      0.17924765624999994,
      0.7465328125000001,
      0.059358984374999965
    ],
    [
      3.164062499999993e-05,
      0.0015609374999999972,
      0.028877343749999968,
      0.23743593749999992,
      0.7320941406250001
    ]
  ],
  "income_type_weights": [
    0.0625,
    0.25,
    0.375,
    0.25,
    0.0625
  ],
  "income_types": [
    0.6134533968572546,
    0.7728751856900854,
    0.9737268645273782,
    1.2267750656993077,
    1.5455844104209013
  ],
  "markets": 1,
  "mean_age_first_birth": 31.020301131357215,
  "mean_completed_fertility": 1.0487803595142364,
  "mean_fertility_by_income_type": [
    0.7787134571965753,
    0.9333258535523182,
    1.0599713929266832,
    1.1655715188856153,
    1.2463544488538338
  ],
  "n_child_stages": 1,
  "old_owner_rate": 0.9630519631856197,
  "own_rate": 0.7189732439364551,
  "own_rate_3055": 0.6961812007511706,
  "own_rate_by_income_type": [
    0.5208587047271731,
    0.6163095313054613,
    0.7305861606515646,
    0.8212184022999106,
    0.8490845019009333
  ],
  "owner_asset_price": [
    0.7564643263592232
  ],
  "owner_demand_by_size": [
    0.017222148107471785,
    0.7638641731151334,
    1.6198178091690942,
    1.6673832234024415,
    0.41003588817114367
  ],
  "owner_user_cost": [
    0.125354815038653
  ],
  "period_years": 4.0,
  "pti_constraint": false,
  "rental_demand_by_market": [
    1.1066692395446736
  ],
  "target_own_rate": 0.6961812007511706,
  "tfr": 2.097560719028473,
  "tfr_by_income_type": [
    1.5574269143931505,
    1.8666517071046365,
    2.1199427858533664,
    2.3311430377712306,
    2.4927088977076677
  ],
  "young_owner_rate": 0.346816439683027
}