{
  "eligible_E1_chains": 8,
  "production_chain_count": 8,
  "winners": {
    "E1": {
      "arm": "E1",
      "case": 0,
      "elapsed_sec": 12.835613935953006,
      "error": "",
      "feasibility_census": [],
      "label": "tight_winner_repeat_1",
      "market_residual": 1.423947344385409e-07,
      "moments": {
        "aggregate_mean_occupied_rooms_18_85": 5.606467842582184,
        "aggregate_own_rate": 0.5523788615425039,
        "attempt_hazard_by_age": [
          0.3001730557498981,
          0.3463357929795958,
          0.4076704328560804,
          0.47971379689008353,
          0.544466726178343,
          0.5815882581501108,
          0.5796672059338137,
          0.0,
          0.0,
          0.0,
          0.0,
          0.0,
          0.0,
          0.0,
          0.0,
          0.0,
          0.0
        ],
        "childless_chosen_45": 0.011294534297300002,
        "childless_clock_45": 0.026327700350073372,
        "childless_rate": 0.03762208666480075,
        "first_birth_age_distribution": [
          0.33469127071418203,
          0.25327265610842215,
          0.17907959628799006,
          0.11446362571399354,
          0.06564704892299933,
          0.03521854607710444,
          0.017627256175308453,
          0.0,
          0.0,
          0.0,
          0.0,
          0.0,
          0.0,
          0.0,
          0.0,
          0.0,
          0.0
        ],
        "first_birth_hazard_by_age": [
          0.29416959463490017,
          0.3344969512362461,
          0.38385256426899483,
          0.4318113462755479,
          0.45154255228281837,
          0.4119378780519475,
          0.29066591628266536,
          0.0,
          0.0,
          0.0,
          0.0,
          0.0,
          0.0,
          0.0,
          0.0,
          0.0,
          0.0
        ],
        "housing_increment_0to1": 0.7149279661364288,
        "housing_increment_1to2": 0.0,
        "housing_user_cost_share": 0.27395469835605113,
        "liquid_wealth_to_income": 1.1596651122339938,
        "market_residual": 1.423947344385409e-07,
        "mean_age_first_birth": 23.99706875582302,
        "mean_completed_fertility": 1.7526810060605775,
        "old_2plus_minus_1_total_estate_wealth_to_annual_income_median_gap_6575": 0.5924323748684301,
        "old_age_own_rate": 0.7357599678689745,
        "old_age_parent_childless_gap": 0.009987964973818042,
        "old_age_parent_childless_gap_6575": 0.009987964973818042,
        "old_minus_young_owner_rate_6575_2534": 0.3839085621725205,
        "old_nonhousing_ge_1x_income_share_6575": 0.6049026283163649,
        "old_nonhousing_wealth_to_income_6575": 8.662177690154437,
        "old_nonhousing_wealth_to_income_median_6575": 2.977350482872115,
        "old_owner_rate": 0.7357599678689745,
        "old_parent_childless_nonhousing_wealth_to_income_gap_6575": 0.2616101949152032,
        "old_parent_childless_nonhousing_wealth_to_income_median_gap_6575": 0.0,
        "old_parent_childless_total_wealth_to_income_gap_6575": 0.6043618191824258,
        "old_parent_childless_total_wealth_to_income_median_gap_6575": 0.7037373868606807,
        "old_total_estate_wealth_to_annual_income_median_7684": 6.487586330955221,
        "old_total_estate_wealth_to_annual_income_p90_p50_7684": 3.704351587149512,
        "old_total_wealth_to_income_6575": 17.756913964736558,
        "old_total_wealth_to_income_median_6575": 11.747000996059075,
        "own_family_gap": 0.07046418050628867,
        "own_gap_newparent_nonparent_3055": 0.07046418050628867,
        "own_rate": 0.5428991466212674,
        "own_rate_2534": 0.35185140569645396,
        "own_rate_3055": 0.5428991466212674,
        "own_rate_3544": 0.5079380053552477,
        "own_rate_newparents_3055": 0.53055608764606,
        "own_rate_nonparents_3055": 0.46009190713977133,
        "owner_neg_liquid_share_2534": 0.40796519226365263,
        "parity_progression_1to2_flow": 0.573683563733566,
        "parity_progression_2to3_flow": 0.43144816651989853,
        "parity_share_0": 0.03762208666480075,
        "parity_share_1": 0.4102775222066833,
        "parity_share_2plus": 0.552100391128516,
        "parity_share_3plus": 0.23820270159686224,
        "prime30_55_childless_owner_mean_rooms": 6.399041521431582,
        "prime30_55_childless_owner_minus_renter_mean_rooms": 2.320770877211971,
        "prime30_55_childless_owner_share_rooms_ge6": 0.6624223683950455,
        "prime30_55_childless_renter_mean_rooms": 4.078270644219611,
        "prime30_55_childless_renter_share_rooms_ge6": 0.22922477208293163,
        "prime30_55_parent_3plus_minus_1to2_mean_rooms": 0.5249808340004671,
        "prime30_55_parent_owner_minus_renter_mean_rooms": 2.85954300087017,
        "prime_childless_owner_median_rooms": 6.0,
        "prime_childless_owner_minus_renter_rooms": 1.8600630953992274,
        "prime_childless_renter_median_rooms": 4.139936904600773,
        "renter25_45_all_cap_share": 0.256356613268868,
        "second_birth_hazard_by_age": [
          0.0,
          0.4942181753859221,
          0.4985073728063664,
          0.5026704373651649,
          0.49297645945391116,
          0.43332157246932795,
          0.2901754390853483,
          0.0,
          0.0,
          0.0,
          0.0,
          0.0,
          0.0,
          0.0,
          0.0,
          0.0,
          0.0
        ],
        "share_first_births_age30plus": 0.23295647688940577,
        "tfr": 1.8479620866993223,
        "third_birth_hazard_by_age": [
          0.0,
          0.0,
          0.34836897968881736,
          0.35059169400503476,
          0.3561072842846683,
          0.3541590331027429,
          0.2901804190418471,
          0.0,
          0.0,
          0.0,
          0.0,
          0.0,
          0.0,
          0.0,
          0.0,
          0.0,
          0.0
        ],
        "wealth_to_income": 2.2114639980400246,
        "young_all_liquid_wealth_to_annual_gross_income_2530": 0.2847121520184919,
        "young_all_liquid_wealth_to_annual_gross_income_2530_median": 0.2015499738436966,
        "young_childless_liquid_wealth_to_annual_gross_income_2535": 0.4206436775782814,
        "young_childless_liquid_wealth_to_annual_gross_income_2535_median": 0.222050315148781,
        "young_childless_renter_liquid_wealth_to_annual_gross_income_2535": 0.35824243735114614,
        "young_childless_renter_liquid_wealth_to_annual_gross_income_2535_median": 0.0,
        "young_liquid_wealth_to_income": 0.12363430058171697,
        "young_owner_rate": 0.35185140569645396
      },
      "origin": {
        "phase": "tight_winner_verification",
        "search_case": 996
      },
      "price": 0.8487067087778363,
      "rank_loss": 2.8062360987094337,
      "status": "ok",
      "strict_converged": true,
      "target_fit": [
        {
          "gap": -0.07003791330067766,
          "loss_contribution": 0.0981061859902648,
          "model": 1.8479620866993223,
          "moment": "tfr",
          "target": 1.918,
          "weight": 20.0
        },
        {
          "gap": -0.15037791333519926,
          "loss_contribution": 0.452270336380974,
          "model": 0.03762208666480075,
          "moment": "childless_rate",
          "target": 0.188,
          "weight": 20.0
        },
        {
          "gap": -0.032573263378732675,
          "loss_contribution": 0.1061017487140287,
          "model": 0.5428991466212674,
          "moment": "own_rate",
          "target": 0.57547241,
          "weight": 100.0
        },
        {
          "gap": -0.09719748949371135,
          "loss_contribution": 0.42513083837460575,
          "model": 0.07046418050628867,
          "moment": "own_family_gap",
          "target": 0.16766167,
          "weight": 45.0
        },
        {
          "gap": 0.050493296136428834,
          "loss_contribution": 0.03569402136609538,
          "model": 0.7149279661364288,
          "moment": "housing_increment_0to1",
          "target": 0.66443467,