{
  "accepted": true,
  "best_eq_error": 0.00013023590526590136,
  "completed_id": 956,
  "convergence_reason": "strict_tol",
  "elapsed_sec": 205.14726034499472,
  "error": null,
  "eval_id": 956,
  "final_eq_error": 0.00013023590526590136,
  "improved": true,
  "iterations_completed": 21,
  "moment_loss": 30.589307483925282,
  "moments": {
    "center_share_newparents": 0.41268139803349085,
    "center_share_nonparents": 0.4836710748466526,
    "childless_rate": 0.15718194165795787,
    "housing_increment_0to1": 0.6774815440250226,
    "housing_increment_0to1_onechild": 0.7686462388136812,
    "housing_increment_0to2plus": 0.15181215119459424,
    "housing_increment_1to2": 0.8197584718343771,
    "inv_E_C": -0.23607797009497133,
    "inv_err_pop": 0.0,
    "inv_err_rent": 0.0,
    "inv_max_error": 0.0,
    "inv_pop_C": 0.3995497544966899,
    "inv_pop_share_C": 0.3995497544966899,
    "inv_r_bar_C": 0.056117718570784826,
    "inv_rent_ratio": 0.8542265145476882,
    "inv_rent_ratio_C_over_P": 0.8542265145476882,
    "location_inv_converged": 1.0,
    "location_inv_err": 0.0,
    "location_inv_err_pop": 0.0,
    "location_inv_err_rent": 0.0,
    "mean_age_first_birth": 31.60643821633308,
    "migration_rate": 0.04316886811264887,
    "old_age_own_rate": 0.29731200339936537,
    "old_age_parent_childless_gap": 0.10918905128527187,
    "own_family_gap": 0.13072280534968259,
    "own_gradient": 0.1007015254708716,
    "own_rate": 0.21283159560785833,
    "own_rate_2534": 0.055069315600856115,
    "own_rate_3544": 0.18083292054907904,
    "owner_neg_liquid_share_2545": 0.9412332659424263,
    "parity_progression_1to2": 0.1477945173468334,
    "prime_childless_owner_median_rooms": 9.519189985802115,
    "prime_childless_renter_median_rooms": 5.865388113642883,
    "tfr": 1.9772907014151913,
    "tfr_gradient": 0.11892311598521177,
    "young_liquid_wealth_to_income": 0.6221151886037561
  },
  "objective_loss": 30.589307483925282,
  "ok": true,
  "p_eq": [
    0.5106776909207539,
    0.4362344239724972
  ],
  "parameters": {
    "E_C": -0.23607797009497133,
    "alpha_cons": 0.7638632339510928,
    "b_entry_fixed": 0.4864600846274406,
    "beta": 0.9447001084748772,
    "c_bar_n": 0.08497644071345825,
    "chi": 1.0141945314272913,
    "hR_max": 8.790572890630683,
    "h_bar_0": 2.783969461248397,
    "h_bar_jump": 0.4596511150421499,
    "h_bar_n": 0.2429609208737353,
    "h_own_max": 10.898987482252643,
    "kappa_fert": 3.3898829538291455,
    "kappa_loc": 2.4278552888066156,
    "mu_move": 7.41773483719707,
    "phi": 0.674464804431701,
    "psi_child": 0.11290673534217167,
    "r_bar_C": 0.056117718570784826,
    "theta0": 1.1157294641592281,
    "theta_n": 0.7394584472719775
  },
  "penalty": 0.0,
  "run_tag": "v5_nz5_global_20260522_215756",
  "scale": {
    "city_entry_prob_total": 0.9000000000000001,
    "denominator": 0.002044188089345646,
    "finite_stationary_scale": true,
    "outside_entry_flow": 0.002271320099272941,
    "outside_entry_prob": 0.1,
    "outside_value": -1504110.0137538537,
    "scale_factor": 1.0000000000000002
  },
  "solve_ok": true,
  "strict_converged": true,
  "targets": {
    "center_share_newparents": 0.416,
    "center_share_nonparents": 0.494,
    "childless_rate": 0.15,
    "housing_increment_0to1": 0.66443467,
    "housing_increment_1to2": 0.56581378,
    "inv_pop_share_C": 0.45,
    "inv_rent_ratio_C_over_P": 1.14,
    "mean_age_first_birth": 26.0,
    "migration_rate": 0.032,
    "old_age_own_rate": 0.863,
    "old_age_parent_childless_gap": 0.07,
    "own_family_gap": 0.11,
    "own_gradient": 0.17,
    "own_rate": 0.627,
    "prime_childless_owner_median_rooms": 6.0,
    "prime_childless_renter_median_rooms": 4.0,
    "tfr": 1.7,
    "tfr_gradient": 0.133,
    "young_liquid_wealth_to_income": 0.6
  },
  "theta": [
    0.9447001084748772,
    0.4864600846274406,
    0.11290673534217167,
    0.4596511150421499,
    0.2429609208737353,
    0.08497644071345825,
    3.3898829538291455,
    1.0141945314272913,
    2.4278552888066156,
    7.41773483719707,
    1.1157294641592281,
    0.7394584472719775,
    2.783969461248397,
    -0.23607797009497133,
    0.056117718570784826,
    0.7638632339510928,
    0.674464804431701,
    8.790572890630683,
    10.898987482252643
  ],
  "timings": {
    "accepted": true,
    "bellman_hank_z": 138.45577970790328,
    "best_eq_error": 0.00013023590526590136,
    "best_eq_iter": 21,
    "convergence_reason": "strict_tol",
    "distribution_hank_z": 29.741041884029983,
    "final_eq_error": 0.00013023590526590136,
    "iterations_completed": 21,
    "n_dist": 21,
    "n_full": 21,
    "population_closure": "outside_option_benchmark_normalized",
    "runtime_category": "project-scale",
    "strict_converged": true
  },
  "total_elapsed_sec": 28871.393309321982,
  "weights": {
    "center_share_newparents": 8.0,
    "center_share_nonparents": 8.0,
    "childless_rate": 12.0,
    "housing_increment_0to1": 8.0,
    "housing_increment_1to2": 2.0,
    "inv_pop_share_C": 100.0,
    "inv_rent_ratio_C_over_P": 100.0,
    "mean_age_first_birth": 12.0,
    "migration_rate": 8.0,
    "old_age_own_rate": 10.0,
    "old_age_parent_childless_gap": 10.0,
    "own_family_gap": 10.0,
    "own_gradient": 12.0,
    "own_rate": 12.0,
    "prime_childless_owner_median_rooms": 10.0,
    "prime_childless_renter_median_rooms": 10.0,
    "tfr": 12.0,
    "tfr_gradient": 10.0,
    "young_liquid_wealth_to_income": 12.0
  },
  "worker_pid": 36626
}