{
  "accepted": true,
  "best_eq_error": 0.004661598928340872,
  "completed_id": 960,
  "convergence_reason": "soft_tol_10x",
  "elapsed_sec": 194.07647348902537,
  "error": null,
  "eval_id": 960,
  "final_eq_error": 0.007269469016896144,
  "improved": false,
  "iterations_completed": 26,
  "moment_loss": 59.35683952967908,
  "moments": {
    "center_share_newparents": 0.4540262502565664,
    "center_share_nonparents": 0.43683076784751307,
    "childless_rate": 0.209675935157853,
    "housing_increment_0to1": 0.7555967201618579,
    "housing_increment_0to1_onechild": 0.8335297071158019,
    "housing_increment_0to2plus": 0.10384889873395586,
    "housing_increment_1to2": 0.9717644350652517,
    "inv_E_C": 0.01839837315994744,
    "inv_err_pop": 0.0,
    "inv_err_rent": 0.0,
    "inv_max_error": 0.0,
    "inv_pop_C": 0.4564449023165283,
    "inv_pop_share_C": 0.4564449023165283,
    "inv_r_bar_C": 0.05642208949054715,
    "inv_rent_ratio": 1.0569332906341347,
    "inv_rent_ratio_C_over_P": 1.0569332906341347,
    "location_inv_converged": 1.0,
    "location_inv_err": 0.0,
    "location_inv_err_pop": 0.0,
    "location_inv_err_rent": 0.0,
    "mean_age_first_birth": 31.932489469209816,
    "migration_rate": 0.045343494353890956,
    "old_age_own_rate": 0.2987788770026716,
    "old_age_parent_childless_gap": 0.12162263547399707,
    "own_family_gap": 0.1297086490756869,
    "own_gradient": -0.009816911731610728,
    "own_rate": 0.1894362937401761,
    "own_rate_2534": 0.044368940761265345,
    "own_rate_3544": 0.15666482860646716,
    "owner_neg_liquid_share_2545": 0.9473681729224206,
    "parity_progression_1to2": 0.10680421875074994,
    "prime_childless_owner_median_rooms": 10.677848267516861,
    "prime_childless_renter_median_rooms": 5.431018524245144,
    "tfr": 1.778291261404842,
    "tfr_gradient": -0.03877531005058321,
    "young_liquid_wealth_to_income": 0.5291240294349896
  },
  "objective_loss": 91710.77838096337,
  "ok": true,
  "p_eq": [
    0.4815935171410429,
    0.509012220819949
  ],
  "parameters": {
    "E_C": 0.01839837315994744,
    "alpha_cons": 0.7668138795169379,
    "b_entry_fixed": 0.42920250540708327,
    "beta": 0.9433929051210945,
    "c_bar_n": 0.08910549916635274,
    "chi": 1.0143022716453578,
    "hR_max": 8.860776164801278,
    "h_bar_0": 2.8240099497711943,
    "h_bar_jump": 0.5321784409461363,
    "h_bar_n": 0.24581159776686537,
    "h_own_max": 10.677848267516861,
    "kappa_fert": 3.220536437363365,
    "kappa_loc": 2.5462867168682375,
    "mu_move": 7.668464291418956,
    "phi": 0.6624008732503861,
    "psi_child": 0.11298620948464802,
    "r_bar_C": 0.05642208949054715,
    "theta0": 1.0649295236196143,
    "theta_n": 0.7112058351166851
  },
  "penalty": 91651.4215414337,
  "run_tag": "v5_nz5_global_20260522_215756",
  "scale": {
    "city_entry_prob_total": 0.8999999999999999,
    "denominator": 0.003523141586784807,
    "finite_stationary_scale": true,
    "outside_entry_flow": 0.00391460176309423,
    "outside_entry_prob": 0.09999999999999998,
    "outside_value": -1504110.1164955727,
    "scale_factor": 1.0
  },
  "solve_ok": true,
  "strict_converged": false,
  "targets": {
    "center_share_newparents": 0.416,
    "center_share_nonparents": 0.494,
    "childless_rate": 0.15,
    "housing_increment_0to1": 0.66443467,
    "housing_increment_1to2": 0.56581378,
    "inv_pop_share_C": 0.45,
    "inv_rent_ratio_C_over_P": 1.14,
    "mean_age_first_birth": 26.0,
    "migration_rate": 0.032,
    "old_age_own_rate": 0.863,
    "old_age_parent_childless_gap": 0.07,
    "own_family_gap": 0.11,
    "own_gradient": 0.17,
    "own_rate": 0.627,
    "prime_childless_owner_median_rooms": 6.0,
    "prime_childless_renter_median_rooms": 4.0,
    "tfr": 1.7,
    "tfr_gradient": 0.133,
    "young_liquid_wealth_to_income": 0.6
  },
  "theta": [
    0.9433929051210945,
    0.42920250540708327,
    0.11298620948464802,
    0.5321784409461363,
    0.24581159776686537,
    0.08910549916635274,
    3.220536437363365,
    1.0143022716453578,
    2.5462867168682375,
    7.668464291418956,
    1.0649295236196143,
    0.7112058351166851,
    2.8240099497711943,
    0.01839837315994744,
    0.05642208949054715,
    0.7668138795169379,
    0.6624008732503861,
    8.860776164801278,
    10.677848267516861
  ],
  "timings": {
    "accepted": true,
    "bellman_hank_z": 139.21702846488915,
    "best_eq_error": 0.004661598928340872,
    "best_eq_iter": 16,
    "convergence_reason": "soft_tol_10x",
    "distribution_hank_z": 30.767364299012115,
    "final_eq_error": 0.007269469016896144,
    "iterations_completed": 26,
    "n_dist": 26,
    "n_full": 26,
    "population_closure": "outside_option_benchmark_normalized",
    "runtime_category": "project-scale",
    "strict_converged": false
  },
  "total_elapsed_sec": 28962.898267393,
  "weights": {
    "center_share_newparents": 8.0,
    "center_share_nonparents": 8.0,
    "childless_rate": 12.0,
    "housing_increment_0to1": 8.0,
    "housing_increment_1to2": 2.0,
    "inv_pop_share_C": 100.0,
    "inv_rent_ratio_C_over_P": 100.0,
    "mean_age_first_birth": 12.0,
    "migration_rate": 8.0,
    "old_age_own_rate": 10.0,
    "old_age_parent_childless_gap": 10.0,
    "own_family_gap": 10.0,
    "own_gradient": 12.0,
    "own_rate": 12.0,
    "prime_childless_owner_median_rooms": 10.0,
    "prime_childless_renter_median_rooms": 10.0,
    "tfr": 12.0,
    "tfr_gradient": 10.0,
    "young_liquid_wealth_to_income": 12.0
  },
  "worker_pid": 36630
}