{
  "active": 0,
  "best_eval_id": 956,
  "best_moment_loss": 30.589307483925282,
  "best_objective_loss": 30.589307483925282,
  "completed": 960,
  "elapsed_sec": 28963.581411815976,
  "finish_reason": "time_budget",
  "finished": true,
  "run_tag": "v5_nz5_global_20260522_215756",
  "submitted": 960,
  "updated_at_epoch": 1779530442.382733
}