{
  "entry_node": {
    "V_at_entry_by_z_childless_renter_j0": [
      -29.38869345521182,
      -5.95115600152219,
      -2.3552035234227446,
      -0.3654714001050504,
      1.2680745748651574
    ],
    "b_entry_fixed": 0.0,
    "entry_b_value": 0.0,
    "entry_mass_by_z": [
      0.0010763575945899372,
      0.0037402756210157075,
      0.004774834759605893,
      0.002481406186889856,
      0.00036155222027052666
    ],
    "invalid_at_entry_by_z": [
      false,
      false,
      false,
      false,
      false
    ]
  },
  "invalid_populated_j0": {
    "by_parity": [
      0.003995329733568752,
      0.003995329733568752,
      0.003995329733568752
    ],
    "by_z": [
      0.0009564256284240717,
      0.002941216952608583,
      0.004411825428912875,
      0.0029412169526085827,
      0.0007353042381521457
    ],
    "total": 0.011985989200706258
  },
  "invalid_populated_policies": {
    "bp_max": 2.7371925696395802,
    "bp_min": -1.1036199630901957,
    "c_pol_max": 3.0768263010823382,
    "c_pol_min": 1.32,
    "mass": 0.017194981627731726,
    "n_nodes": 769,
    "tenure_choice_values": [
      0,
      1
    ]
  },
  "wall_seconds": 20.078854947000764,
  "zero_rowsum_childless_mass_by_age": [
    0.0,
    0.0,
    0.0,
    0.0,
    0.0,
    0.0,
    0.0,
    0.010077480778218312,
    0.010077480778218314,
    0.010077480778218314,
    0.010077480778217894,
    0.010077480778217896,
    0.010077480778217898,
    0.010077480778217898,
    0.010077480778217898,
    0.0100774807782179,
    0.0100774807782179
  ]
}