{
  "b_grid": {
    "b_max": 30.0,
    "b_min": -12.0
  },
  "consumption": {
    "mass_c_le_0": 0.0,
    "min_c_anywhere_valid": 1.32,
    "min_c_on_populated_states": 1.32,
    "n_populated_states_c_le_0": 0
  },
  "fertility_probs": {
    "childless_fertile_mass": 0.24338130690098794,
    "childless_mass_at_p_birth_zero": 0.09797594808597958,
    "childless_mass_share_at_p_birth_zero": 0.4025615168786895,
    "fertile_window_age_indices": [
      0,
      1,
      2,
      3,
      4,
      5,
      6,
      7
    ],
    "max": 1.0,
    "min": 0.0,
    "p_birth_cells_total": 28800,
    "p_birth_zero_cell_share": 0.08868055555555555,
    "p_birth_zero_cells": 2554,
    "rowsum_max": 1.000000457003175,
    "rowsum_min": 0.0
  },
  "loss_crosscheck": {
    "rank_loss": 14.780020699972585
  },
  "market": {
    "aggregate_owner_demand": 4.214591017343783,
    "aggregate_rental_demand": 1.3365165353248827,
    "aggregate_supply": 5.550946237343271,
    "best_max_abs_rel_excess": 2.906086971430419e-05,
    "demand_by_market": [
      5.5511075526686655
    ],
    "p_eq": [
      0.6897624769313723
    ],
    "rel_residual_by_market": [
      2.906086971430419e-05
    ],
    "supply_by_market": [
      5.550946237343271
    ],
    "tol_eq": 0.0001
  },
  "mass_accounting": {
    "age_mass": [
      0.058823529411764955,
      0.058823529411764934,
      0.05882352941176496,
      0.05882352941176495,
      0.058823529411764955,
      0.05882352941176498,
      0.05882352941176497,
      0.05882352941176489,
      0.05882352941176497,
      0.05882352941176457,
      0.0588235294117642,
      0.058823529411764185,
      0.05882352941176422,
      0.058823529411764254,
      0.05882352941176418,
      0.05882352941176421,
      0.058823529411764254
    ],
    "age_mass_over_entry": [
      1.0000000000000042,
      1.000000000000004,
      1.0000000000000044,
      1.0000000000000042,
      1.0000000000000042,
      1.0000000000000047,
      1.0000000000000044,
      1.000000000000003,
      1.0000000000000044,
      0.9999999999999978,
      0.9999999999999913,
      0.9999999999999911,
      0.9999999999999918,
      0.9999999999999923,
      0.999999999999991,
      0.9999999999999917,
      0.9999999999999923
    ],
    "entry_mass_total_per_cohort": 0.058823529411764705,
    "mass_negative_nodes": 0,
    "max_abs_dev_from_entry": 5.273559366969494e-16,
    "min_g": 0.0,
    "normalize_population_mass": true,
    "sol_total_mass_attr": 0.9999999999999982,
    "total_mass": 0.9999999999999982
  },
  "ownership_by_age": {
    "ages": [
      18.0,
      22.0,
      26.0,
      30.0,
      34.0,
      38.0,
      42.0,
      46.0,
      50.0,
      54.0,
      58.0,
      62.0,
      66.0,
      70.0,
      74.0,
      78.0,
      82.0
    ],
    "largest_jump_between_ages": [
      38.0,
      42.0
    ],
    "largest_jump_size": 0.1980477745125523,
    "own_by_age": [
      0.0928549318061015,
      0.12574970619244746,
      0.14542652140433804,
      0.2455938399182886,
      0.3606419401941554,
      0.5531687882994356,
      0.7512165628119879,
      0.8538275295233979,
      0.8921046120679522,
      0.9162121275734952,
      0.9308092028890037,
      0.9427846283646228,
      0.9480501192606032,
      0.9476334472978776,
      0.947793415358918,
      0.9472983780024172,
      0.9331813578195606
    ],
    "own_rate": 0.6784910063990929
  },
  "p_eq": [
    0.6897624769313723
  ],
  "renter_cap": {
    "hR_max": 6.0,
    "renter_mass_at_cap": 0.042469290916992544,
    "renter_mass_total": 0.32150899360090673,
    "renter_share_at_cap": 0.1320936327203034
  },
  "savings_policy": {
    "mass_bp_at_bmax": 0.0,
    "mass_bp_at_bmin": 0.0,
    "max_bp_populated": 8.198878470739876,
    "min_bp_populated": -5.518099815450978,
    "share_populated_bp_at_bmax": 0.0,
    "share_populated_bp_at_bmin": 0.0
  },
  "shape": {
    "I": 1,
    "J": 17,
    "Nb": 120,
    "Nz": 5,
    "n_child_states": 4,
    "n_parity": 3,
    "nt": 6
  },
  "tenure_mass_by_age": {
    "H_own": [
      2.0,
      4.0,
      6.0,
      8.0,
      10.0
    ],
    "owner_mass_by_rung": [
      0.007007287265585155,
      0.1811075145507863,
      0.25899028648879996,
      0.19582725763126937,
      0.03555866046265125
    ],
    "renter_share_by_age": [
      0.9071450681938985,
      0.8742502938075526,
      0.8545734785956619,
      0.7544061600817115,
      0.6393580598058446,
      0.44683121170056433,
      0.24878343718801213,
      0.1461724704766021,
      0.10789538793204759,
      0.08378787242650487,
      0.06919079711099631,
      0.05721537163537705,
      0.05194988073939681,
      0.05236655270212232,
      0.05220658464108206,
      0.052701621997582805,
      0.06681864218043948
    ],
    "top_rung_share_by_age": [
      0.0,
      0.0012415516282625223,
      0.00596427355973601,
      0.01389899531844515,
      0.035810309733089775,
      0.04931896358567525,
      0.05526437766120383,
      0.055107959438799925,
      0.05349792628237769,
      0.05138229376454782,
      0.048512719818070545,
      0.045204049915079654,
      0.04156753523092923,
      0.03807559120037993,
      0.03713846380352376,
      0.03659898296328696,
      0.03591323396166431
    ]
  },
  "top_owner_rung": {
    "bottom_rung_share_of_owners": 0.010327752614989609,
    "owner_rung_shares": [
      0.010327752614989609,
      0.2669269199483801,
      0.38171513556726566,
      0.2886217441120844,
      0.05240844775728015
    ],
    "top_rung_mass": 0.03555866046265125,
    "top_rung_share_of_owners": 0.05240844775728015
  },
  "value_monotonicity": {
    "invalid_share_of_nodes": 0.07083333333333333,
    "mass_at_violation_nodes": 2.547584566765711e-05,
    "mass_share": 2.5475845667657153e-05,
    "n_invalid_nodes": 52020,
    "pairwise_decreases_valid_nodes": 168,
    "populated_invalid_mass": 0.017194981627731726,
    "violations_by_age_index": [
      10,
      4,
      0,
      2,
      8,
      11,
      0,
      10,
      11,
      0,
      4,
      23,
      40,
      15,
      30,
      0,
      0
    ],
    "worst_10": [
      {
        "mass_at_drop_nodes": 5.066601602380354e-07,
        "max_drop": -28475336.603482142,
        "n_drops": 1,
        "state": {
          "cs": 1,
          "i": 0,
          "j": 12,
          "n": 2,
          "ten": 1,
          "z": 1
        }
      },
      {
        "mass_at_drop_nodes": 2.9271263554566954e-07,
        "max_drop": -28475336.60348214,
        "n_drops": 1,
        "state": {
          "cs": 1,
          "i": 0,
          "j": 12,
          "n": 2,
          "ten": 1,
          "z": 0
        }
      },
      {
        "mass_at_drop_nodes": 8.206330120111793e-07,
        "max_drop": -28475336.60348214,
        "n_drops": 1,
        "state": {
          "cs": 1,
          "i": 0,
          "j": 12,
          "n": 2,
          "ten": 1,
          "z": 2
        }
      },
      {
        "mass_at_drop_nodes": 1.5715539681911078e-07,
        "max_drop": -28475336.60348214,
        "n_drops": 1,
        "state": {
          "cs": 1,
          "i": 0,
          "j": 12,
          "n": 2,
          "ten": 1,
          "z": 3
        }
      },
      {
        "mass_at_drop_nodes": 9.205756883575942e-09,
        "max_drop": -28475336.60348214,
        "n_drops": 1,
        "state": {
          "cs": 1,
          "i": 0,
          "j": 12,
          "n": 2,
          "ten": 1,
          "z": 4
        }
      },
      {
        "mass_at_drop_nodes": 2.578690869949183e-09,
        "max_drop": -23973502.473318286,
        "n_drops": 2,
        "state": {
          "cs": 1,
          "i": 0,
          "j": 12,
          "n": 2,
          "ten": 0,
          "z": 4
        }
      },
      {
        "mass_at_drop_nodes": 5.760233765877908e-08,
        "max_drop": -23973502.473318283,
        "n_drops": 2,
        "state": {
          "cs": 1,
          "i": 0,
          "j": 12,
          "n": 2,
          "ten": 0,