{
  "V_valid_distribution": {
    "max": 28.57401046559227,
    "median": 2.0859524508535694,
    "min": -999722548.939276,
    "n_below_minus_1e6": 7612,
    "p0001": -936663759.3535069,
    "p01": -2306718.154605328,
    "populated_mass_below_minus_1e6": 0.0056766873809384315
  },
  "fert_rowsum_zero": {
    "cell_share": 0.5882352941176471,
    "cells": 36000,
    "childless_fertile_mass": 0.24338130690098794,
    "childless_fertile_mass_on_zero_rows": 0.010077480778218312
  },
  "p_birth_zero_decomposition": {
    "by_age": [
      0.03569739417876566,
      0.028483148295343333,
      0.012796868471839945,
      0.010233276453507497,
      0.004567919250215641,
      0.003104637749411925,
      0.00309270368689559,
      0.0,
      0.0,
      0.0,
      0.0,
      0.0,
      0.0,
      0.0,
      0.0,
      0.0,
      0.0
    ],
    "by_tenure": [
      0.09185198759050912,
      0.0,
      0.006123960495470486,
      0.0,
      0.0,
      0.0
    ],
    "by_z": [
      0.01925485231010245,
      0.04306593847751916,
      0.027034026060588016,
      0.008621131237769968,
      0.0
    ],
    "invalid_node_mass": 0.0,
    "mean_wealth_all_childless_fertile": 0.12324420656636284,
    "mean_wealth_pbirth0": 0.00018002128954358544,
    "valid_node_mass": 0.09797594808597959
  },
  "p_fixed": 0.6897624769313723,
  "populated_invalid": {
    "by_age": [
      0.011985989200706256,
      0.0031629683779562275,
      0.0009515603049384691,
      0.0006189705712839616,
      9.670254179551076e-05,
      6.942561860501451e-05,
      4.7167836727797865e-05,
      4.46660196953716e-05,
      3.8537613409508227e-05,
      3.746453087822434e-05,
      3.624707869783257e-05,
      2.9698543951874604e-05,
      2.347956200016933e-05,
      1.8262511351716557e-05,
      1.4207355944451061e-05,
      1.1050468058620078e-05,
      8.583491730717311e-06
    ],
    "by_child_state": [
      0.003995329733568752,
      0.013199651894162985,
      0.0,
      0.0
    ],
    "by_parity": [
      0.003995329733568752,
      0.005283117328285747,
      0.007916534565877223
    ],
    "by_tenure": [
      0.017115322595950135,
      7.965903178159383e-05,
      0.0,
      0.0,
      0.0,
      0.0
    ],
    "by_z": [
      0.002324109484486071,
      0.005602082380100019,
      0.0055859033967618375,
      0.002947035931288221,
      0.0007358504350955682
    ],
    "share": 0.017194981627731757,
    "total_mass": 0.017194981627731726,
    "wealth_range_of_mass": [
      -2.9069767441860463,
      2.953488372093023
    ]
  },
  "residual": 2.906086971430419e-05,
  "wall_seconds": 66.7690704329998
}