{
  "J": 17,
  "aggregate_housing_demand": 5.5511075526686655,
  "aggregate_housing_excess": 0.00016131532539453985,
  "aggregate_housing_supply": 5.550946237343271,
  "aggregate_own_rate": 0.6784910063990929,
  "aggregate_owner_demand": 4.214591017343783,
  "aggregate_rental_demand": 1.3365165353248827,
  "best_max_abs_rel_excess": 2.906086971430419e-05,
  "childless_rate": 0.17131717322970724,
  "housing_demand_by_income_type": [
    [
      0.22137827307377891
    ],
    [
      1.108830319768857
    ],
    [
      2.097138080423601
    ],
    [
      1.6502251542314816
    ],
    [
      0.473535725170947
    ]
  ],
  "housing_supply": [
    5.550946237343271
  ],
  "income_process": "markov",
  "income_state_weights": [
    0.0625,
    0.25,
    0.375,
    0.25,
    0.0625
  ],
  "income_states": [
    0.6134533968572546,
    0.7728751856900854,
    0.9737268645273782,
    1.2267750656993077,
    1.5455844104209013
  ],
  "income_transition": [
    [
      0.7320941406250001,
      0.23743593749999992,
      0.028877343749999968,
      0.0015609374999999972,
      3.164062499999993e-05
    ],
    [
      0.059358984374999965,
      0.7465328125000001,
      0.17924765624999994,
      0.014470312499999985,
      0.00039023437499999936
    ],
    [
      0.0048128906249999956,
      0.11949843749999997,
      0.7513773437500002,
      0.11949843749999997,
      0.0048128906249999956
    ],
    [
      0.00039023437499999936,
      0.014470312499999985,
      0.17924765624999994,
      0.7465328125000001,
      0.059358984374999965
    ],
    [
      3.164062499999993e-05,
      0.0015609374999999972,
      0.028877343749999968,
      0.23743593749999992,
      0.7320941406250001
    ]
  ],
  "income_type_weights": [
    0.0625,
    0.25,
    0.375,
    0.25,
    0.0625
  ],
  "income_types": [
    0.6134533968572546,
    0.7728751856900854,
    0.9737268645273782,
    1.2267750656993077,
    1.5455844104209013
  ],
  "markets": 1,
  "mean_age_first_birth": 30.55896982733081,
  "mean_completed_fertility": 0.9915794932204185,
  "mean_fertility_by_income_type": [
    0.7368704180659807,
    0.879491390197807,
    1.0018075590161537,
    1.1038386879756357,
    1.1842358077570971
  ],
  "n_child_stages": 1,
  "old_owner_rate": 0.9478256606391331,
  "own_rate": 0.6784910063990929,
  "own_rate_3055": 0.6532522000555301,
  "own_rate_by_income_type": [
    0.49662129242574166,
    0.5960780876450359,
    0.6729059024611589,
    0.7764754196499651,
    0.8315853678069504
  ],
  "owner_asset_price": [
    0.6897624769313723
  ],
  "owner_demand_by_size": [
    0.01401457453117031,
    0.7244300582031451,
    1.5539417189328,
    1.5666180610501552,
    0.35558660462651237
  ],
  "owner_user_cost": [
    0.11430155356100105
  ],
  "period_years": 4.0,
  "pti_constraint": false,
  "rental_demand_by_market": [
    1.3365165353248827
  ],
  "target_own_rate": 0.6532522000555301,
  "tfr": 1.983158986440837,
  "tfr_by_income_type": [
    1.4737408361319615,
    1.758982780395614,
    2.0036151180323074,
    2.2076773759512713,
    2.3684716155141943
  ],
  "young_owner_rate": 0.250554100505594
}