{
  "eligible_E1_chains": 8,
  "production_chain_count": 8,
  "winners": {
    "E1": {
      "arm": "E1",
      "case": 0,
      "elapsed_sec": 8.92906207893975,
      "error": "",
      "feasibility_census": [],
      "label": "tight_winner_repeat_1",
      "market_residual": 7.64461921663498e-06,
      "moments": {
        "aggregate_mean_occupied_rooms_18_85": 5.936964640979816,
        "aggregate_own_rate": 0.672020308095998,
        "aggregate_wealth_to_annual_gross_labor_earnings": 5.477768139207739,
        "aggregate_wealth_to_annual_gross_labor_earnings_26_35": 1.2745033963787846,
        "aggregate_wealth_to_annual_gross_labor_earnings_36_45": 2.853026434058488,
        "aggregate_wealth_to_annual_gross_labor_earnings_46_55": 4.967565181957515,
        "aggregate_wealth_to_annual_gross_labor_earnings_56_65": 6.738061568750216,
        "attempt_hazard_by_age": [
          0.1643855919215499,
          0.18659480295122802,
          0.21881652788590944,
          0.26555151782977626,
          0.3317519052325956,
          0.42480402339959283,
          0.5268004495378337,
          0.0,
          0.0,
          0.0,
          0.0,
          0.0,
          0.0,
          0.0,
          0.0,
          0.0,
          0.0
        ],
        "childless_chosen_45": 0.07092921257448973,
        "childless_clock_45": 0.08401292764681961,
        "childless_rate": 0.15494040902430167,
        "first_birth_age_distribution": [
          0.20537173485256122,
          0.18834063102757495,
          0.1709571706525792,
          0.15093045462369054,
          0.12592598270158473,
          0.09627751741176586,
          0.06219650873024363,
          0.0,
          0.0,
          0.0,
          0.0,
          0.0,
          0.0,
          0.0,
          0.0,
          0.0,
          0.0
        ],
        "first_birth_hazard_by_age": [
          0.1610978800831189,
          0.18021640837853292,
          0.2060323206296799,
          0.2390345225902783,
          0.2751317845718015,
          0.30088789712462105,
          0.2641566295204873,
          0.0,
          0.0,
          0.0,
          0.0,
          0.0,
          0.0,
          0.0,
          0.0,
          0.0,
          0.0
        ],
        "housing_increment_0to1": 0.8736929528480015,
        "housing_increment_1to2": 0.0,
        "housing_user_cost_share": 0.26843716861921263,
        "liquid_wealth_to_income": 0.42559866200171126,
        "market_residual": 7.64461921663498e-06,
        "mean_age_first_birth": 27.365267625801742,
        "mean_completed_fertility": 1.7383907898707147,
        "old_2plus_minus_1_total_estate_wealth_to_annual_income_median_gap_6575": -0.8911761822591338,
        "old_age_own_rate": 0.9455193002497712,
        "old_age_parent_childless_gap": -0.028542035576619496,
        "old_age_parent_childless_gap_6575": -0.028542035576619496,
        "old_minus_young_owner_rate_6575_2534": 0.5860907097958916,
        "old_nonhousing_ge_1x_income_share_6575": 0.611781465677796,
        "old_nonhousing_wealth_to_income_6575": 3.9311066213847594,
        "old_nonhousing_wealth_to_income_median_6575": 2.3277467411545634,
        "old_owner_rate": 0.9455193002497712,
        "old_parent_childless_nonhousing_wealth_to_income_gap_6575": -1.0164292911963706,
        "old_parent_childless_nonhousing_wealth_to_income_median_gap_6575": -0.9744056125763287,
        "old_parent_childless_total_wealth_to_income_gap_6575": -0.7109245208576898,
        "old_parent_childless_total_wealth_to_income_median_gap_6575": -0.6496037417175522,
        "old_total_estate_wealth_to_annual_income_median_7684": 6.475057482411464,
        "old_total_estate_wealth_to_annual_income_p90_p50_7684": 2.0289478195224673,
        "old_total_wealth_to_annual_income_median_7684": 6.475057482411464,
        "old_total_wealth_to_annual_income_p90_7684": 13.137553760221378,
        "old_total_wealth_to_annual_income_p90_p50_7684": 2.0289478195224673,
        "old_total_wealth_to_income_6575": 14.699427532071537,
        "old_total_wealth_to_income_median_6575": 12.96260963954707,
        "own_family_gap": 0.07224922445698845,
        "own_gap_newparent_nonparent_3055": 0.07224922445698845,
        "own_rate": 0.6777952527956078,
        "own_rate_2534": 0.35942859045387954,
        "own_rate_3055": 0.6777952527956078,
        "own_rate_3544": 0.6090042400574389,
        "own_rate_newparents_3055": 0.6483991979972465,
        "own_rate_nonparents_3055": 0.5761499735402581,
        "owner_neg_liquid_share_2534": 0.7734684538966935,
        "parity_progression_1to2_flow": 0.6522078463085447,
        "parity_progression_2to3_flow": 0.6208362741895396,
        "parity_share_0": 0.15494040902430167,
        "parity_share_1": 0.29390509554184635,
        "parity_share_2plus": 0.551154495433852,
        "parity_share_3plus": 0.3421767034611643,
        "prime30_55_childless_owner_mean_rooms": 6.385386615151191,
        "prime30_55_childless_owner_minus_renter_mean_rooms": 2.0377670894269535,
        "prime30_55_childless_owner_share_rooms_ge6": 0.8522574707829518,
        "prime30_55_childless_renter_mean_rooms": 4.347619525724237,
        "prime30_55_childless_renter_share_rooms_ge6": 0.030654806558650837,
        "prime30_55_parent_3plus_minus_1to2_mean_rooms": 0.5537940052113868,
        "prime30_55_parent_owner_minus_renter_mean_rooms": 1.940064765896989,
        "prime_childless_owner_median_rooms": 6.0,
        "prime_childless_owner_minus_renter_rooms": 1.537153092165168,
        "prime_childless_renter_median_rooms": 4.462846907834832,
        "renter25_45_all_cap_share": 0.2155917569215015,
        "second_birth_hazard_by_age": [
          0.0,
          0.9658168691085097,
          0.9415756781271147,
          0.9001436879133341,
          0.829329930686918,
          0.7082981340823841,
          0.5014358468224255,
          0.0,
          0.0,
          0.0,
          0.0,
          0.0,
          0.0,
          0.0,
          0.0,
          0.0,
          0.0
        ],
        "share_first_births_age30plus": 0.43533046346728477,
        "tfr": 1.8752614712551803,
        "third_birth_hazard_by_age": [
          0.0,
          0.0,
          0.941575526337907,
          0.9001436234273489,
          0.8293299278399573,
          0.7082981340800949,
          0.5014358468224345,
          0.0,
          0.0,
          0.0,
          0.0,
          0.0,
          0.0,
          0.0,
          0.0,
          0.0,
          0.0
        ],
        "wealth_to_income": 1.6213656494516553,
        "young_all_liquid_wealth_to_annual_gross_income_2530": 0.026260412719525148,
        "young_all_liquid_wealth_to_annual_gross_income_2530_median": 0.0,
        "young_childless_liquid_wealth_to_annual_gross_income_2535": 0.11173545715726178,
        "young_childless_liquid_wealth_to_annual_gross_income_2535_median": 0.0,
        "young_childless_renter_liquid_wealth_to_annual_gross_income_2535": 0.46665210315074845,
        "young_childless_renter_liquid_wealth_to_annual_gross_income_2535_median": 0.29715521901467495,
        "young_liquid_wealth_to_income": 0.19493992233746202,
        "young_owner_rate": 0.35942859045387954
      },
      "origin": {
        "phase": "tight_winner_verification",
        "search_case": 996
      },
      "price": 0.7853195420972497,
      "rank_loss": 14.099456430510777,
      "status": "ok",
      "strict_converged": true,
      "target_fit": [
        {
          "gap": -0.04273852874481965,
          "loss_contribution": 0.03653163678543551,
          "model": 1.8752614712551803,
          "moment": "tfr",
          "target": 1.918,
          "weight": 20.0
        },
        {
          "gap": -0.03305959097569833,
          "loss_contribution": 0.021858731109609484,
          "model": 0.15494040902430167,
          "moment": "childless_rate",
          "target": 0.188,
          "weight": 20.0
        },
        {
          "gap": 0.10232284279560777,