rep,exact_builder_sample__ratio_p90_p50,exact_builder_sample__ratio_p50,exact_builder_sample__ratio_p90,exact_builder_sample__wealth_p90_p50,exact_builder_sample__wealth_p50,exact_builder_sample__wealth_p90,no_children_history_filter__ratio_p90_p50,no_children_history_filter__ratio_p50,no_children_history_filter__ratio_p90,no_children_history_filter__wealth_p90_p50,no_children_history_filter__wealth_p50,no_children_history_filter__wealth_p90
1,3.38001609315094,7.8767824351199,26.6236513929539,4.37735849056604,292438.765773133,1280109.31432768,3.38001609315094,7.8767824351199,26.6236513929539,4.37735849056604,292438.765773133,1280109.31432768
2,3.78422797927461,6.76924735740983,25.616375248541,5.23333333333333,248297.065279075,1299421.30829383,3.78422797927461,6.76924735740983,25.616375248541,5.23333333333333,248297.065279075,1299421.30829383
3,3.70357718923878,7.39299098025137,27.380512754707,5.36694957563655,276299.456529993,1482885.25097225,3.70357718923878,7.39299098025137,27.380512754707,5.36694957563655,276299.456529993,1482885.25097225
4,3.91169060283688,7.40202718569262,28.9544401842169,4.4436170212766,259332.49040259,1152374.268523,3.91169060283688,7.40202718569262,28.9544401842169,4.4436170212766,259332.49040259,1152374.268523
5,3.67881112120883,6.96322110718304,25.616375248541,5.91801711397226,216307.132891755,1280109.31432768,3.67881112120883,6.96322110718304,25.616375248541,5.91801711397226,216307.132891755,1280109.31432768
6,3.65064372982825,6.96322110718304,25.4202394743455,4.64130434782609,263754.224334545,1224163.62816142,3.65064372982825,6.96322110718304,25.4202394743455,4.64130434782609,263754.224334545,1224163.62816142
7,3.63994994840041,7.54958131274561,27.4800981097731,4.69158878504673,295197.622054012,1384945.85300106,3.63994994840041,7.54958131274561,27.4800981097731,4.69158878504673,295197.622054012,1384945.85300106
8,3.62554765929555,6.68645912244913,24.2420762203708,5.85093167701863,222087.930610728,1299421.30829383,3.62554765929555,6.68645912244913,24.2420762203708,5.85093167701863,222087.930610728,1299421.30829383
9,3.53887937884847,6.98624313902793,24.7234717803275,5.74415852264484,255153.543106245,1465642.39921676,3.53887937884847,6.98624313902793,24.7234717803275,5.74415852264484,255153.543106245,1465642.39921676
10,3.61294018841268,7.36897097780377,26.6236513929539,4.98867547113484,276511.901489858,1379428.14043931,3.61294018841268,7.36897097780377,26.6236513929539,4.98867547113484,276511.901489858,1379428.14043931
11,3.25505025488697,7.80947680797887,25.4202394743455,5.67116171119252,259332.49040259,1470716.49003937,3.25505025488697,7.80947680797887,25.4202394743455,5.67116171119252,259332.49040259,1470716.49003937
12,3.41645756701817,7.28579300191372,24.8916026331161,4.47614180390215,250853.202492095,1122854.5063176,3.41645756701817,7.28579300191372,24.8916026331161,4.47614180390215,250853.202492095,1122854.5063176
13,3.76239489579986,7.59232188924848,28.565313123378,5.88856304985337,235192.497944902,1384945.85300106,3.76239489579986,7.59232188924848,28.565313123378,5.88856304985337,235192.497944902,1384945.85300106
14,3.4418432949206,6.71160438983788,23.1002905673232,5.48235294117647,234502.783874682,1285627.02688943,3.4418432949206,6.71160438983788,23.1002905673232,5.48235294117647,234502.783874682,1285627.02688943
15,3.71819917948197,6.84413703889377,25.447864722277,4.49722109577146,215017.03070751,966979.126447954,3.71819917948197,6.84413703889377,25.447864722277,4.49722109577146,215017.03070751,966979.126447954
16,3.40078147956876,7.53249669302166,25.616375248541,5.31439473684211,262091.346683468,1392856.87338648,3.40078147956876,7.53249669302166,25.616375248541,5.31439473684211,262091.346683468,1392856.87338648
17,3.65212660012707,7.40691570087657,27.0509938560702,5.35755725230187,292438.765773133,1566757.43042206,3.65212660012707,7.40691570087657,27.0509938560702,5.35755725230187,292438.765773133,1566757.43042206
18,4.17125471403486,7.8767824351199,32.8560658639209,4.63181192660551,300715.334615769,1392856.87338648,4.17125471403486,7.8767824351199,32.8560658639209,4.63181192660551,300715.334615769,1392856.87338648
19,3.5702073395362,6.92494004663026,24.7234717803275,4.0121412803532,249952.379047602,1002844.25809938,3.5702073395362,6.92494004663026,24.7234717803275,4.0121412803532,249952.379047602,1002844.25809938
20,3.59725890153942,7.50908240923532,27.0121135390148,5.01701563201356,255153.543106245,1280109.31432768,3.59725890153942,7.50908240923532,27.0121135390148,5.01701563201356,255153.543106245,1280109.31432768
21,3.91920410009044,6.98624313902793,27.380512754707,5.93922651933702,249676.493419515,1482885.25097225,3.91920410009044,6.98624313902793,27.380512754707,5.93922651933702,249676.493419515,1482885.25097225
22,3.62650880931825,7.54958131274561,27.3786231373364,4.84941443270263,252435.349700393,1224163.62816142,3.62650880931825,7.54958131274561,27.3786231373364,4.84941443270263,252435.349700393,1224163.62816142
23,3.87203727636569,6.98624313902793,27.0509938560702,5.54651775740364,220708.502470289,1224163.62816142,3.87203727636569,6.98624313902793,27.0509938560702,5.54651775740364,220708.502470289,1224163.62816142
24,3.28224130562608,7.53249669302166,24.7234717803275,4.88082901554404,266229.631104786,1299421.30829383,3.28224130562608,7.53249669302166,24.7234717803275,4.88082901554404,266229.631104786,1299421.30829383
25,3.37720230115152,7.40691570087657,25.0146527494357,5.10968292632835,249676.493419515,1275767.71553123,3.37720230115152,7.40691570087657,25.0146527494357,5.10968292632835,249676.493419515,1275767.71553123
26,3.63692347065269,6.84413703889377,24.8916026331161,5.30430173190468,234502.783874682,1243873.52264294,3.63692347065269,6.84413703889377,24.8916026331161,5.30430173190468,234502.783874682,1243873.52264294
27,3.3168773744873,7.40691570087657,24.5678311029722,4.08695652173913,263754.224334545,1077952.04728032,3.3168773744873,7.40691570087657,24.5678311029722,4.08695652173913,263754.224334545,1077952.04728032
28,3.35908071135431,6.96495688985195,23.395852344116,4.61378952825298,276511.901489858,1275767.71553123,3.35908071135431,6.96495688985195,23.395852344116,4.61378952825298,276511.901489858,1275767.71553123
29,3.57910101264375,7.11012755224798,25.447864722277,4.71603260869565,263754.224334545,1243873.52264294,3.57910101264375,7.11012755224798,25.447864722277,4.71603260869565,263754.224334545,1243873.52264294
30,3.23816241071936,6.9439925859831,22.4857757722444,6.29838226482924,230226.55663932,1450054.8612298,3.23816241071936,6.9439925859831,22.4857757722444,6.29838226482924,230226.55663932,1450054.8612298
31,3.82479182486536,7.40202718569262,28.3112130672683,4.77761341549608,243685.968135178,1164237.35053077,3.82479182486536,7.40202718569262,28.3112130672683,4.77761341549608,243685.968135178,1164237.35053077
32,3.65777552398813,7.80947680797887,28.565313123378,4.89072661332199,300715.334615769,1470716.49003937,3.65777552398813,7.80947680797887,28.565313123378,4.89072661332199,300715.334615769,1470716.49003937
33,3.08151481001444,7.59232188924848,23.395852344116,4.91326452398246,299335.90647533,1470716.49003937,3.08151481001444,7.59232188924848,23.395852344116,4.91326452398246,299335.90647533,1470716.49003937
34,3.73633426346728,7.54958131274561,28.2077593336437,4.96038916691707,278088.693048379,1379428.14043931,3.73633426346728,7.54958131274561,28.2077593336437,4.96038916691707,278088.693048379,1379428.14043931
35,3.69405833333333,7.43899950409728,27.4800981097731,4.88,250853.202492095,1224163.62816142,3.69405833333333,7.43899950409728,27.4800981097731,4.88,250853.202492095,1224163.62816142
36,3.23816241071936,6.9439925859831,22.4857757722444,5.12501739709681,250853.202492095,1285627.02688943,3.23816241071936,6.9439925859831,22.4857757722444,5.12501739709681,250853.202492095,1285627.02688943
37,3.21927995107368,7.95717540501489,25.616375248541,4.97816593886463,295433.400192119,1470716.49003937,3.21927995107368,7.95717540501489,25.616375248541,4.97816593886463,295433.400192119,1470716.49003937
38,3.31486608836551,7.50908240923532,24.8916026331161,4.52717715276649,254545.874755265,1152374.268523,3.31486608836551,7.50908240923532,24.8916026331161,4.52717715276649,254545.874755265,1152374.268523
39,3.411385553185,7.50908240923532,25.616375248541,5.10140427730458,243685.968135178,1243140.6401639,3.411385553185,7.50908240923532,25.616375248541,5.10140427730458,243685.968135178,1243140.6401639
40,3.25830924855491,7.2689962941498,23.6846378529397,4.36696288552013,263884.603266039,1152374.268523,3.25830924855491,7.2689962941498,23.6846378529397,4.36696288552013,263884.603266039,1152374.268523
41,3.13721210114712,7.54958131274561,23.6846378529397,4.44232602478551,289404.023864167,1285627.02688943,3.13721210114712,7.54958131274561,23.6846378529397,4.44232602478551,289404.023864167,1285627.02688943
42,3.45102650418547,7.3659936959381,25.4202394743455,4.00551546391753,278088.693048379,1113888.5603459,3.45102650418547,7.3659936959381,25.4202394743455,4.00551546391753,278088.693048379,1113888.5603459
43,3.22182665157149,6.77941651389654,21.8421048065757,4.52717715276649,254545.874755265,1152374.268523,3.22182665157149,6.77941651389654,21.8421048065757,4.52717715276649,254545.874755265,1152374.268523
44,4.04701986754967,6.99557056644986,28.3112130672683,5.64409826243259,230226.55663932,1299421.30829383,4.04701986754967,6.99557056644986,28.3112130672683,5.64409826243259,230226.55663932,1299421.30829383
45,3.21243446213677,6.84413703889377,21.9863416873291,5.17952165305558,243685.968135178,1262176.74850197,3.21243446213677,6.84413703889377,21.9863416873291,5.17952165305558,243685.968135178,1262176.74850197
46,3.96726488046271,7.11012755224798,28.2077593336437,4.45640311402582,249952.379047602,1113888.5603459,3.96726488046271,7.11012755224798,28.2077593336437,4.45640311402582,249952.379047602,1113888.5603459
47,3.35507791451447,7.36897097780377,24.7234717803275,5.40282381320428,230226.55663932,1243873.52264294,3.35507791451447,7.36897097780377,24.7234717803275,5.40282381320428,230226.55663932,1243873.52264294
48,3.78952950630295,7.40202718569262,28.0502004266388,4.17104578075265,267052.585585599,1113888.5603459,3.78952950630295,7.40202718569262,28.0502004266388,4.17104578075265,267052.585585599,1113888.5603459
49,3.98423834617752,6.16625537137922,24.5678311029722,5.36544637122672,214776.9614664,1152374.268523,3.98423834617752,6.16625537137922,24.5678311029722,5.36544637122672,214776.9614664,1152374.268523
50,3.41009432267337,7.46251050977584,25.447864722277,5.22643818849449,234225.218784047,1224163.62816142,3.41009432267337,7.46251050977584,25.447864722277,5.22643818849449,234225.218784047,1224163.62816142
51,3.63114872156356,7.43899950409728,27.0121135390148,3.97133835316978,283955.282709431,1127682.50480913,3.63114872156356,7.43899950409728,27.0121135390148,3.97133835316978,283955.282709431,1127682.50480913
52,3.34417718706413,7.39299098025137,24.7234717803275,5,252435.349700393,1262176.74850197,3.34417718706413,7.39299098025137,24.7234717803275,5,252435.349700393,1262176.74850197
53,3.4547768804513,7.3659936959381,25.447864722277,5.67602591792657,255470.09160936,1450054.8612298,3.4547768804513,7.3659936959381,25.447864722277,5.67602591792657,255470.09160936,1450054.8612298
54,2.99894844731245,6.76924735740983,20.3006238519782,4.94673416303061,255153.543106245,1262176.74850197,2.99894844731245,6.76924735740983,20.3006238519782,4.94673416303061,255153.543106245,1262176.74850197
55,4.61355894727731,6.92494004663026,31.94861911149,4.52222222222222,248297.065279075,1122854.5063176,4.61355894727731,6.92494004663026,31.94861911149,4.52222222222222,248297.065279075,1122854.5063176
56,3.63994994840041,7.54958131274561,27.4800981097731,5.18134715025907,266229.631104786,1379428.14043931,3.63994994840041,7.54958131274561,27.4800981097731,5.18134715025907,266229.631104786,1379428.14043931
57,3.69880067317998,7.40202718569262,27.3786231373364,5.91136663291745,250853.202492095,1482885.25097225,3.69880067317998,7.40202718569262,27.3786231373364,5.91136663291745,250853.202492095,1482885.25097225
58,3.98181507423411,7.11012755224798,28.3112130672683,5.55278372505008,267052.585585599,1482885.25097225,3.98181507423411,7.11012755224798,28.3112130672683,5.55278372505008,267052.585585599,1482885.25097225
59,4.05251425910837,6.96055770075192,28.2077593336437,4.65302046929606,276299.456529993,1285627.02688943,4.05251425910837,6.96055770075192,28.2077593336437,4.65302046929606,276299.456529993,1285627.02688943
60,3.41465633783663,6.39657483669759,21.8421048065757,5.32398129592518,206500.392623764,1099404.22793013,3.41465633783663,6.39657483669759,21.8421048065757,5.32398129592518,206500.392623764,1099404.22793013
61,3.4379588299088,7.40202718569262,25.447864722277,6.38955582232893,238812.248772474,1525904.19458763,3.4379588299088,7.40202718569262,25.447864722277,6.38955582232893,238812.248772474,1525904.19458763
62,3.30456203932708,7.53249669302166,24.8916026331161,4.67268659523588,278088.693048379,1299421.30829383,3.30456203932708,7.53249669302166,24.8916026331161,4.67268659523588,278088.693048379,1299421.30829383
63,3.7626188106921,6.80812395232487,25.616375248541,4.71325395185749,263754.224334545,1243140.6401639,3.7626188106921,6.80812395232487,25.616375248541,4.71325395185749,263754.224334545,1243140.6401639
64,3.86755773648944,7.10528451857492,27.4800981097731,5.39956803455724,255470.09160936,1379428.14043931,3.86755773648944,7.10528451857492,27.4800981097731,5.39956803455724,255470.09160936,1379428.14043931
65,3.32349421003594,7.43899950409728,24.7234717803275,5.88856304985337,235192.497944902,1384945.85300106,3.32349421003594,7.43899950409728,24.7234717803275,5.88856304985337,235192.497944902,1384945.85300106
66,3.61440051294576,7.3659936959381,26.6236513929539,4.79198243349964,266229.631104786,1275767.71553123,3.61440051294576,7.3659936959381,26.6236513929539,4.79198243349964,266229.631104786,1275767.71553123
67,3.35178949121135,7.59232188924848,25.447864722277,5.40151300495349,283955.282709431,1533788.15238024,3.35178949121135,7.59232188924848,25.447864722277,5.40151300495349,283955.282709431,1533788.15238024
68,3.59725890153942,7.50908240923532,27.0121135390148,4.66292134831461,255153.543106245,1189760.90324822,3.59725890153942,7.50908240923532,27.0121135390148,4.66292134831461,255153.543106245,1189760.90324822
69,4.5032233874456,7.09461120684321,31.94861911149,5.36031682171917,238812.248772474,1280109.31432768,4.5032233874456,7.09461120684321,31.94861911149,5.36031682171917,238812.248772474,1280109.31432768
70,3.33111293417674,7.11012755224798,23.6846378529397,4.62949083721313,276511.901489858,1280109.31432768,3.33111293417674,7.11012755224798,23.6846378529397,4.62949083721313,276511.901489858,1280109.31432768
71,3.91905008523769,6.48632676834079,25.4202394743455,6.15510831565597,254545.874755265,1566757.43042206,3.91905008523769,6.48632676834079,25.4202394743455,6.15510831565597,254545.874755265,1566757.43042206
72,3.92354853291206,5.88760158656127,23.1002905673232,4.56304985337243,235192.497944902,1073195.09326178,3.92354853291206,5.88760158656127,23.1002905673232,4.56304985337243,235192.497944902,1073195.09326178
73,3.36263670076306,7.43899950409728,25.0146527494357,4.98867547113484,276511.901489858,1379428.14043931,3.36263670076306,7.43899950409728,25.0146527494357,4.98867547113484,276511.901489858,1379428.14043931
74,4.22191284761195,5.92495715859809,25.0146527494357,5.48517827668112,205587.211194793,1127682.50480913,4.22191284761195,5.92495715859809,25.0146527494357,5.48517827668112,205587.211194793,1127682.50480913
75,3.36691911292847,7.39299098025137,24.8916026331161,4.36556179775281,255153.543106245,1113888.5603459,3.36691911292847,7.39299098025137,24.8916026331161,4.36556179775281,255153.543106245,1113888.5603459
76,3.26599637406905,6.88481345257272,22.4857757722444,5.75397244653515,216049.112454906,1243140.6401639,3.26599637406905,6.88481345257272,22.4857757722444,5.75397244653515,216049.112454906,1243140.6401639
77,3.91370837836185,6.99557056644986,27.3786231373364,4.88375873841652,254545.874755265,1243140.6401639,3.91370837836185,6.99557056644986,27.3786231373364,4.88375873841652,254545.874755265,1243140.6401639
78,3.49491187229797,7.83439289892703,27.380512754707,4.59814943618954,266229.631104786,1224163.62816142,3.49491187229797,7.83439289892703,27.380512754707,4.59814943618954,266229.631104786,1224163.62816142
79,3.4585240964412,7.94561418208709,27.4800981097731,5.86351212840279,255470.09160936,1497951.98059565,3.4585240964412,7.94561418208709,27.4800981097731,5.86351212840279,255470.09160936,1497951.98059565
80,3.89691586479151,6.57349969497263,25.616375248541,5.28005741321291,204155.364785017,1077952.04728032,3.89691586479151,6.57349969497263,25.616375248541,5.28005741321291,204155.364785017,1077952.04728032
81,3.29273969014944,7.10528451857492,23.395852344116,4.03775678187049,278088.693048379,1122854.5063176,3.29273969014944,7.10528451857492,23.395852344116,4.03775678187049,278088.693048379,1122854.5063176
82,3.78369500771553,7.54958131274561,28.565313123378,4.41120684983472,254545.874755265,1122854.5063176,3.78369500771553,7.54958131274561,28.565313123378,4.41120684983472,254545.874755265,1122854.5063176
83,3.67082448413618,6.92494004663026,25.4202394743455,5.55997552019584,234225.218784047,1302286.48265182,3.67082448413618,6.92494004663026,25.4202394743455,5.55997552019584,234225.218784047,1302286.48265182
84,3.52586660778641,7.09461120684321,25.0146527494357,4.95263350958769,220034.094757352,1089748.23094705,3.52586660778641,7.09461120684321,25.0146527494357,4.95263350958769,220034.094757352,1089748.23094705
85,3.37943270429843,7.40202718569262,25.0146527494357,4.37794510565946,283955.282709431,1243140.6401639,3.37943270429843,7.40202718569262,25.0146527494357,4.37794510565946,283955.282709431,1243140.6401639
86,3.55781985182515,7.59232188924848,27.0121135390148,4.72267998628536,310341.247654506,1465642.39921676,3.55781985182515,7.59232188924848,27.0121135390148,4.72267998628536,310341.247654506,1465642.39921676
87,3.93921190116092,6.75862382145721,26.6236513929539,5.825,220708.502470289,1285627.02688943,3.93921190116092,6.75862382145721,26.6236513929539,5.825,220708.502470289,1285627.02688943
88,3.38001609315094,7.8767824351199,26.6236513929539,3.97903145282077,276299.456529993,1099404.22793013,3.38001609315094,7.8767824351199,26.6236513929539,3.97903145282077,276299.456529993,1099404.22793013
89,3.82346775768614,6.96322110718304,26.6236513929539,5.38342163560589,238812.248772474,1285627.02688943,3.82346775768614,6.96322110718304,26.6236513929539,5.38342163560589,238812.248772474,1285627.02688943
90,3.12335253017349,7.83439289892703,24.469570883237,4.67268659523588,278088.693048379,1299421.30829383,3.12335253017349,7.83439289892703,24.469570883237,4.67268659523588,278088.693048379,1299421.30829383
91,3.701145885649,6.75862382145721,25.0146527494357,4.39365761832655,250853.202492095,1102163.08421101,3.701145885649,6.75862382145721,25.0146527494357,4.39365761832655,250853.202492095,1102163.08421101
92,3.22211546432438,7.76342531060748,25.0146527494357,4.44210526315789,262091.346683468,1164237.35053077,3.22211546432438,7.76342531060748,25.0146527494357,4.44210526315789,262091.346683468,1164237.35053077
93,3.60050353582687,7.83439289892703,28.2077593336437,5.06434699714013,289404.023864167,1465642.39921676,3.60050353582687,7.83439289892703,28.2077593336437,5.06434699714013,289404.023864167,1465642.39921676
94,3.20542491720922,7.7654611404181,24.8916026331161,4.36556179775281,255153.543106245,1113888.5603459,3.20542491720922,7.7654611404181,24.8916026331161,4.36556179775281,255153.543106245,1113888.5603459
95,3.30456203932708,7.53249669302166,24.8916026331161,4.60324114689904,278088.693048379,1280109.31432768,3.30456203932708,7.53249669302166,24.8916026331161,4.60324114689904,278088.693048379,1280109.31432768
96,3.68041738976547,7.43899950409728,27.3786231373364,4.62308270356671,278088.693048379,1285627.02688943,3.68041738976547,7.43899950409728,27.3786231373364,4.62308270356671,278088.693048379,1285627.02688943
97,4.04701986754967,6.99557056644986,28.3112130672683,5.87518935854219,217883.924450277,1280109.31432768,4.04701986754967,6.99557056644986,28.3112130672683,5.87518935854219,217883.924450277,1280109.31432768
98,3.64674250534561,7.76342531060748,28.3112130672683,4.58623791121518,283955.282709431,1302286.48265182,3.64674250534561,7.76342531060748,28.3112130672683,4.58623791121518,283955.282709431,1302286.48265182
99,3.33789026077368,7.40691570087657,24.7234717803275,4.2878453038674,249676.493419515,1070574.17979495,3.33789026077368,7.40691570087657,24.7234717803275,4.2878453038674,249676.493419515,1070574.17979495
100,4.2165408803907,7.39299098025137,31.1728486965896,4.18656845687801,278088.693048379,1164237.35053077,4.2165408803907,7.39299098025137,31.1728486965896,4.18656845687801,278088.693048379,1164237.35053077
101,3.82791022228326,7.36897097780377,28.2077593336437,4.80829015544042,266229.631104786,1280109.31432768,3.82791022228326,7.36897097780377,28.2077593336437,4.80829015544042,266229.631104786,1280109.31432768
102,3.71530076636883,7.59232188924848,28.2077593336437,4.67218287266215,266229.631104786,1243873.52264294,3.71530076636883,7.59232188924848,28.2077593336437,4.67218287266215,266229.631104786,1243873.52264294
103,3.47721916360147,7.11012755224798,24.7234717803275,4.24324324324324,306233.047177526,1299421.30829383,3.47721916360147,7.11012755224798,24.7234717803275,4.24324324324324,306233.047177526,1299421.30829383
104,3.67850828261823,7.7654611404181,28.565313123378,4.54332869575527,283955.282709431,1290102.18424506,3.67850828261823,7.7654611404181,28.565313123378,4.54332869575527,283955.282709431,1290102.18424506
105,3.31302337838452,7.46251050977584,24.7234717803275,4.64467005076142,271747.343666543,1262176.74850197,3.31302337838452,7.46251050977584,24.7234717803275,4.64467005076142,271747.343666543,1262176.74850197
106,3.13678173798676,6.96322110718304,21.8421048065757,4.38858828402978,253814.777840833,1113888.5603459,3.13678173798676,6.96322110718304,21.8421048065757,4.38858828402978,253814.777840833,1113888.5603459
107,3.21116072580853,7.28579300191372,23.395852344116,4.54021739130435,253814.777840833,1152374.268523,3.21116072580853,7.28579300191372,23.395852344116,4.54021739130435,253814.777840833,1152374.268523
108,3.24118250662804,7.54958131274561,24.469570883237,4.50190361669393,276299.456529993,1243873.52264294,3.24118250662804,7.54958131274561,24.469570883237,4.50190361669393,276299.456529993,1243873.52264294
109,3.61294018841268,7.36897097780377,26.6236513929539,5.33241835443585,278088.693048379,1482885.25097225,3.61294018841268,7.36897097780377,26.6236513929539,5.33241835443585,278088.693048379,1482885.25097225
110,3.94779411764706,7.10528451857492,28.0502004266388,4.82305891948142,253814.777840833,1224163.62816142,3.94779411764706,7.10528451857492,28.0502004266388,4.82305891948142,253814.777840833,1224163.62816142
111,3.2329519604576,7.69934194431794,24.8916026331161,4.6129719528818,269488.011820079,1243140.6401639,3.2329519604576,7.69934194431794,24.8916026331161,4.6129719528818,269488.011820079,1243140.6401639
112,4.00057926939647,6.84413703889377,27.380512754707,4.32978723404255,259332.49040259,1122854.5063176,4.00057926939647,6.84413703889377,27.380512754707,4.32978723404255,259332.49040259,1122854.5063176
113,3.45720795619308,7.94863903415082,27.4800981097731,4.30051813471503,276655.246176996,1189760.90324822,3.45720795619308,7.94863903415082,27.4800981097731,4.30051813471503,276655.246176996,1189760.90324822
114,3.37398435185111,7.59232188924848,25.616375248541,4.875,255153.543106245,1243873.52264294,3.37398435185111,7.59232188924848,25.616375248541,4.875,255153.543106245,1243873.52264294
115,3.38894465866815,7.50908240923532,25.447864722277,4.17074388417374,276299.456529993,1152374.268523,3.38894465866815,7.50908240923532,25.447864722277,4.17074388417374,276299.456529993,1152374.268523
116,3.37076503558079,7.54958131274561,25.447864722277,4.89159105711733,266229.631104786,1302286.48265182,3.37076503558079,7.54958131274561,25.447864722277,4.89159105711733,266229.631104786,1302286.48265182
117,3.18280305200081,9.09715106814896,28.9544401842169,4.24136321195145,307044.319850324,1302286.48265182,3.18280305200081,9.09715106814896,28.9544401842169,4.24136321195145,307044.319850324,1302286.48265182
118,3.32312472294358,7.39299098025137,24.5678311029722,4.48936170212766,259332.49040259,1164237.35053077,3.32312472294358,7.39299098025137,24.5678311029722,4.48936170212766,259332.49040259,1164237.35053077
119,3.55621466778906,7.69934194431794,27.380512754707,4.02287893231649,289404.023864167,1164237.35053077,3.55621466778906,7.69934194431794,27.380512754707,4.02287893231649,289404.023864167,1164237.35053077
120,3.51881422859172,7.80947680797887,27.4800981097731,5.16049382716049,290272.991455138,1497951.98059565,3.51881422859172,7.80947680797887,27.4800981097731,5.16049382716049,290272.991455138,1497951.98059565
121,3.31645876370571,6.96534834689506,23.1002905673232,4.91994104864289,234225.218784047,1152374.268523,3.31645876370571,6.96534834689506,23.1002905673232,4.91994104864289,234225.218784047,1152374.268523
122,3.55057973885442,6.96322110718304,24.7234717803275,5.35512820512821,215190.789908532,1152374.268523,3.55057973885442,6.96322110718304,24.7234717803275,5.35512820512821,215190.789908532,1152374.268523
123,3.6836902690155,6.71160438983788,24.7234717803275,5.79288605933848,217883.924450277,1262176.74850197,3.6836902690155,6.71160438983788,24.7234717803275,5.79288605933848,217883.924450277,1262176.74850197
124,2.6898059293431,9.09715106814896,24.469570883237,4.33062877992498,300715.334615769,1302286.48265182,2.6898059293431,9.09715106814896,24.469570883237,4.33062877992498,300715.334615769,1302286.48265182
125,3.91893362319277,6.98624313902793,27.3786231373364,4.71325395185749,263754.224334545,1243140.6401639,3.91893362319277,6.98624313902793,27.3786231373364,4.71325395185749,263754.224334545,1243140.6401639
126,3.30579316576062,7.40202718569262,24.469570883237,4.98199279711885,238812.248772474,1189760.90324822,3.30579316576062,7.40202718569262,24.469570883237,4.98199279711885,238812.248772474,1189760.90324822
127,3.70750493898464,7.28579300191372,27.0121135390148,4.41409935127355,263754.224334545,1164237.35053077,3.70750493898464,7.28579300191372,27.0121135390148,4.41409935127355,263754.224334545,1164237.35053077
128,3.27432495144899,6.41860598428269,21.0166017278566,5.0584873895207,217883.924450277,1102163.08421101,3.27432495144899,6.41860598428269,21.0166017278566,5.0584873895207,217883.924450277,1102163.08421101
129,3.45844023113554,7.40691570087657,25.616375248541,5.0561797752809,255153.543106245,1290102.18424506,3.45844023113554,7.40691570087657,25.616375248541,5.0561797752809,255153.543106245,1290102.18424506
130,3.82479182486536,7.40202718569262,28.3112130672683,4.92459016393443,252435.349700393,1243140.6401639,3.82479182486536,7.40202718569262,28.3112130672683,4.92459016393443,252435.349700393,1243140.6401639
131,3.64631938531292,7.50908240923532,27.380512754707,5.2977213317657,276655.246176996,1465642.39921676,3.64631938531292,7.50908240923532,27.380512754707,5.2977213317657,276655.246176996,1465642.39921676
132,3.69880067317998,7.40202718569262,27.3786231373364,4.30051813471503,276655.246176996,1189760.90324822,3.69880067317998,7.40202718569262,27.3786231373364,4.30051813471503,276655.246176996,1189760.90324822
133,3.25213695560846,7.8767824351199,25.616375248541,4.30051813471503,276655.246176996,1189760.90324822,3.25213695560846,7.8767824351199,25.616375248541,4.30051813471503,276655.246176996,1189760.90324822
134,3.45236643867987,5.93524034473703,20.4906245716689,5.79804560260586,220034.094757352,1275767.71553123,3.45236643867987,5.93524034473703,20.4906245716689,5.79804560260586,220034.094757352,1275767.71553123
135,3.1645990650621,7.39299098025137,23.395852344116,4.02385935665921,248297.065279075,999112.469354229,3.1645990650621,7.39299098025137,23.395852344116,4.02385935665921,248297.065279075,999112.469354229
136,3.59689130128296,6.58475218433533,23.6846378529397,4.99120971827418,215017.03070751,1073195.09326178,3.59689130128296,6.58475218433533,23.6846378529397,4.99120971827418,215017.03070751,1073195.09326178
137,4.15135258846681,7.50908240923532,31.1728486965896,4.96099086380777,295433.400192119,1465642.39921676,4.15135258846681,7.50908240923532,31.1728486965896,4.96099086380777,295433.400192119,1465642.39921676
138,3.86383713975623,7.39299098025137,28.565313123378,4.48611246811933,248297.065279075,1113888.5603459,3.86383713975623,7.39299098025137,28.565313123378,4.48611246811933,248297.065279075,1113888.5603459
139,4.14449362955405,6.98624313902793,28.9544401842169,6.37295032041001,216450.477578893,1379428.14043931,4.14449362955405,6.98624313902793,28.9544401842169,6.37295032041001,216450.477578893,1379428.14043931
140,3.4201939213127,6.92494004663026,23.6846378529397,5.97435897435897,215190.789908532,1285627.02688943,3.4201939213127,6.92494004663026,23.6846378529397,5.97435897435897,215190.789908532,1285627.02688943
141,3.87333624533842,7.06897388205312,27.380512754707,4.87511573009804,238812.248772474,1164237.35053077,3.87333624533842,7.06897388205312,27.380512754707,4.87511573009804,238812.248772474,1164237.35053077
142,3.13375344116904,9.11536713389992,28.565313123378,4.64502288642038,298156.949247747,1384945.85300106,3.13375344116904,9.11536713389992,28.565313123378,4.64502288642038,298156.949247747,1384945.85300106
143,3.30983372610648,7.39299098025137,24.469570883237,4.15789473684211,262091.346683468,1089748.23094705,3.30983372610648,7.39299098025137,24.469570883237,4.15789473684211,262091.346683468,1089748.23094705
144,3.79227688872958,7.53249669302166,28.565313123378,4.171875,298156.949247747,1243873.52264294,3.79227688872958,7.53249669302166,28.565313123378,4.171875,298156.949247747,1243873.52264294
145,3.3168773744873,7.40691570087657,24.5678311029722,4.95857142857143,250853.202492095,1243873.52264294,3.3168773744873,7.40691570087657,24.5678311029722,4.95857142857143,250853.202492095,1243873.52264294
146,3.57472529594655,6.96322110718304,24.8916026331161,3.79175667896514,307044.319850324,1164237.35053077,3.57472529594655,6.96322110718304,24.8916026331161,3.79175667896514,307044.319850324,1164237.35053077
147,3.3628453498708,8.03251732645172,27.0121135390148,4.70969414204251,276511.901489858,1302286.48265182,3.3628453498708,8.03251732645172,27.0121135390148,4.70969414204251,276511.901489858,1302286.48265182
148,3.9282139817966,6.99557056644986,27.4800981097731,5.20551456867814,238812.248772474,1243140.6401639,3.9282139817966,6.99557056644986,27.4800981097731,5.20551456867814,238812.248772474,1243140.6401639
149,3.86647200812614,6.98624313902793,27.0121135390148,5.30430173190468,234502.783874682,1243873.52264294,3.86647200812614,6.98624313902793,27.0121135390148,5.30430173190468,234502.783874682,1243873.52264294
150,3.63341672072278,7.76342531060748,28.2077593336437,4.83244680851064,269488.011820079,1302286.48265182,3.63341672072278,7.76342531060748,28.2077593336437,4.83244680851064,269488.011820079,1302286.48265182
151,3.82672143191077,7.06897388205312,27.0509938560702,4.95789473684211,262091.346683468,1299421.30829383,3.82672143191077,7.06897388205312,27.0509938560702,4.95789473684211,262091.346683468,1299421.30829383
152,3.44150941082632,7.11012755224798,24.469570883237,4.41414686825054,255470.09160936,1127682.50480913,3.44150941082632,7.11012755224798,24.469570883237,4.41414686825054,255470.09160936,1127682.50480913
153,3.60525678902424,7.10528451857492,25.616375248541,4.61378952825298,276511.901489858,1275767.71553123,3.60525678902424,7.10528451857492,25.616375248541,4.61378952825298,276511.901489858,1275767.71553123
154,3.411385553185,7.50908240923532,25.616375248541,4.27570093457944,295197.622054012,1262176.74850197,3.411385553185,7.50908240923532,25.616375248541,4.27570093457944,295197.622054012,1262176.74850197
155,4.05009970160076,5.98555048182873,24.2420762203708,6.0115419628253,206914.221065896,1243873.52264294,4.05009970160076,5.98555048182873,24.2420762203708,6.0115419628253,206914.221065896,1243873.52264294
156,3.69914758482367,6.92494004663026,25.616375248541,4.34239130434783,253814.777840833,1102163.08421101,3.69914758482367,6.92494004663026,25.616375248541,4.34239130434783,253814.777840833,1102163.08421101
157,3.17491443711573,7.36897097780377,23.395852344116,4.07667386609071,255470.09160936,1041468.24603168,3.17491443711573,7.36897097780377,23.395852344116,4.07667386609071,255470.09160936,1041468.24603168
158,3.6237756251408,7.06897388205312,25.616375248541,5.08333333333333,248297.065279075,1262176.74850197,3.6237756251408,7.06897388205312,25.616375248541,5.08333333333333,248297.065279075,1262176.74850197
159,3.19763837060232,7.40691570087657,23.6846378529397,4.34239130434783,253814.777840833,1102163.08421101,3.19763837060232,7.40691570087657,23.6846378529397,4.34239130434783,253814.777840833,1102163.08421101
160,3.05061074033646,9.00806443326895,27.4800981097731,4.8706976744186,308191.077347431,1501105.5637127,3.05061074033646,9.00806443326895,27.4800981097731,4.8706976744186,308191.077347431,1501105.5637127
161,4.03982332716643,6.68645912244913,27.0121135390148,5.97435897435897,215190.789908532,1285627.02688943,4.03982332716643,6.68645912244913,27.0121135390148,5.97435897435897,215190.789908532,1285627.02688943
162,2.94911003919596,6.96055770075192,20.5274505936902,4.3551912568306,252435.349700393,1099404.22793013,2.94911003919596,6.96055770075192,20.5274505936902,4.3551912568306,252435.349700393,1099404.22793013
163,3.18460869927438,7.76342531060748,24.7234717803275,4.70294558162756,276299.456529993,1299421.30829383,3.18460869927438,7.76342531060748,24.7234717803275,4.70294558162756,276299.456529993,1299421.30829383
164,3.81547325148835,7.39299098025137,28.2077593336437,4.35958089669048,267052.585585599,1164237.35053077,3.81547325148835,7.39299098025137,28.2077593336437,4.35958089669048,267052.585585599,1164237.35053077
165,3.39830434041676,7.83439289892703,26.6236513929539,5.27041348984939,278088.693048379,1465642.39921676,3.39830434041676,7.83439289892703,26.6236513929539,5.27041348984939,278088.693048379,1465642.39921676
166,3.59448637323996,6.92494004663026,24.8916026331161,5.07924140536678,216450.477578893,1099404.22793013,3.59448637323996,6.92494004663026,24.8916026331161,5.07924140536678,216450.477578893,1099404.22793013
167,3.43568979990759,7.40691570087657,25.447864722277,4.12963930998432,263884.603266039,1089748.23094705,3.43568979990759,7.40691570087657,25.447864722277,4.12963930998432,263884.603266039,1089748.23094705
168,3.44150941082632,7.11012755224798,24.469570883237,4.36681222707424,295433.400192119,1290102.18424506,3.44150941082632,7.11012755224798,24.469570883237,4.36681222707424,295433.400192119,1290102.18424506
169,4.05636948697108,7.50908240923532,30.4596127599734,5.9729269480237,255470.09160936,1525904.19458763,4.05636948697108,7.50908240923532,30.4596127599734,5.9729269480237,255470.09160936,1525904.19458763
170,3.87337618772777,7.09461120684321,27.4800981097731,4.7741935483871,235192.497944902,1122854.5063176,3.87337618772777,7.09461120684321,27.4800981097731,4.7741935483871,235192.497944902,1122854.5063176
171,3.78702844198958,7.40691570087657,28.0502004266388,4.92233795800643,262091.346683468,1290102.18424506,3.78702844198958,7.40691570087657,28.0502004266388,4.92233795800643,262091.346683468,1290102.18424506
172,3.19389091368076,8.33580485761547,26.6236513929539,4.39835613525357,295433.400192119,1299421.30829383,3.19389091368076,8.33580485761547,26.6236513929539,4.39835613525357,295433.400192119,1299421.30829383
173,3.40122222929531,7.2689962941498,24.7234717803275,5.67602591792657,255470.09160936,1450054.8612298,3.40122222929531,7.2689962941498,24.7234717803275,5.67602591792657,255470.09160936,1450054.8612298
174,2.98659678925334,9.05746431972595,27.0509938560702,4.0518329357238,321406.756722359,1302286.48265182,2.98659678925334,9.05746431972595,27.0509938560702,4.0518329357238,321406.756722359,1302286.48265182
175,3.28936315559096,7.43899950409728,24.469570883237,5.38873121798928,234225.218784047,1262176.74850197,3.28936315559096,7.43899950409728,24.469570883237,5.38873121798928,234225.218784047,1262176.74850197
176,3.36058943267983,7.40691570087657,24.8916026331161,5.04347826086957,253814.777840833,1280109.31432768,3.36058943267983,7.40691570087657,24.8916026331161,5.04347826086957,253814.777840833,1280109.31432768
177,3.49467067717347,7.83439289892703,27.3786231373364,5.31439473684211,262091.346683468,1392856.87338648,3.49467067717347,7.83439289892703,27.3786231373364,5.31439473684211,262091.346683468,1392856.87338648
178,3.16373112410546,7.7654611404181,24.5678311029722,4.82901554404145,266229.631104786,1285627.02688943,3.16373112410546,7.7654611404181,24.5678311029722,4.82901554404145,266229.631104786,1285627.02688943
179,3.54773195688923,6.92494004663026,24.5678311029722,4.81578947368421,262091.346683468,1262176.74850197,3.54773195688923,6.92494004663026,24.5678311029722,4.81578947368421,262091.346683468,1262176.74850197
180,2.98084418777032,7.94561418208709,23.6846378529397,4.52252252252252,306233.047177526,1384945.85300106,2.98084418777032,7.94561418208709,23.6846378529397,4.52252252252252,306233.047177526,1384945.85300106
181,3.63473417289393,7.53249669302166,27.3786231373364,4.58762886597938,278088.693048379,1275767.71553123,3.63473417289393,7.53249669302166,27.3786231373364,4.58762886597938,278088.693048379,1275767.71553123
182,3.7100595199863,7.40691570087657,27.4800981097731,4.61378952825298,276511.901489858,1275767.71553123,3.7100595199863,7.40691570087657,27.4800981097731,4.61378952825298,276511.901489858,1275767.71553123
183,3.8668745599972,6.99557056644986,27.0509938560702,5.35716146292349,222087.930610728,1189760.90324822,3.8668745599972,6.99557056644986,27.0509938560702,5.35716146292349,222087.930610728,1189760.90324822
184,3.34438086527501,6.99557056644986,23.395852344116,4.56227295864999,276655.246176996,1262176.74850197,3.34438086527501,6.99557056644986,23.395852344116,4.56227295864999,276655.246176996,1262176.74850197
185,2.88494099832516,9.22849077621004,26.6236513929539,3.56255499631564,365548.457216416,1302286.48265182,2.88494099832516,9.22849077621004,26.6236513929539,3.56255499631564,365548.457216416,1302286.48265182
186,3.69905595694525,7.40202718569262,27.380512754707,5.34042553191489,259332.49040259,1384945.85300106,3.69905595694525,7.40202718569262,27.380512754707,5.34042553191489,259332.49040259,1384945.85300106
187,3.80806739518481,7.3659936959381,28.0502004266388,6.15846338535414,238812.248772474,1470716.49003937,3.80806739518481,7.3659936959381,28.0502004266388,6.15846338535414,238812.248772474,1470716.49003937
188,3.85888220210182,7.2689962941498,28.0502004266388,4.78603603603604,306233.047177526,1465642.39921676,3.85888220210182,7.2689962941498,28.0502004266388,4.78603603603604,306233.047177526,1465642.39921676
189,3.73380973265989,6.80812395232487,25.4202394743455,5.56933333333333,206914.221065896,1152374.268523,3.73380973265989,6.80812395232487,25.4202394743455,5.56933333333333,206914.221065896,1152374.268523
190,3.22273726841562,7.94863903415082,25.616375248541,4.29340760816545,298156.949247747,1280109.31432768,3.22273726841562,7.94863903415082,25.616375248541,4.29340760816545,298156.949247747,1280109.31432768
191,3.52593519684174,7.7654611404181,27.380512754707,4.49989072461222,289404.023864167,1302286.48265182,3.52593519684174,7.7654611404181,27.380512754707,4.49989072461222,289404.023864167,1302286.48265182
192,3.2183321424926,7.53249669302166,24.2420762203708,4.33644859813084,295197.622054012,1280109.31432768,3.2183321424926,7.53249669302166,24.2420762203708,4.33644859813084,295197.622054012,1280109.31432768
193,3.14289470436817,6.99557056644986,21.9863416873291,4.12997826086957,253814.777840833,1048249.51477008,3.14289470436817,6.99557056644986,21.9863416873291,4.12997826086957,253814.777840833,1048249.51477008
194,3.6012016603392,7.39299098025137,26.6236513929539,4.95564986938159,250853.202492095,1243140.6401639,3.6012016603392,7.39299098025137,26.6236513929539,4.95564986938159,250853.202492095,1243140.6401639
195,3.57363356338266,6.96534834689506,24.8916026331161,5.06825021417234,254545.874755265,1290102.18424506,3.57363356338266,6.96534834689506,24.8916026331161,5.06825021417234,254545.874755265,1290102.18424506
196,3.60939187510885,6.77941651389654,24.469570883237,5.61301052306972,231501.669728419,1299421.30829383,3.60939187510885,6.77941651389654,24.469570883237,5.61301052306972,231501.669728419,1299421.30829383
197,3.71607199205131,7.2689962941498,27.0121135390148,4.33644859813084,295197.622054012,1280109.31432768,3.71607199205131,7.2689962941498,27.0121135390148,4.33644859813084,295197.622054012,1280109.31432768
198,3.65418718126645,7.28579300191372,26.6236513929539,4.79775280898876,255153.543106245,1224163.62816142,3.65418718126645,7.28579300191372,26.6236513929539,4.79775280898876,255153.543106245,1224163.62816142
199,3.28975053550772,7.36897097780377,24.2420762203708,4.71603260869565,263754.224334545,1243873.52264294,3.28975053550772,7.36897097780377,24.2420762203708,4.71603260869565,263754.224334545,1243873.52264294
200,3.95780693652011,7.2689962941498,28.7692839545251,5.45213282937365,255470.09160936,1392856.87338648,3.95780693652011,7.2689962941498,28.7692839545251,5.45213282937365,255470.09160936,1392856.87338648
201,3.12573277331165,9.05746431972595,28.3112130672683,3.9353711790393,315889.044160601,1243140.6401639,3.12573277331165,9.05746431972595,28.3112130672683,3.9353711790393,315889.044160601,1243140.6401639
202,3.62652051883711,7.8767824351199,28.565313123378,3.9811320754717,292438.765773133,1164237.35053077,3.62652051883711,7.8767824351199,28.565313123378,3.9811320754717,292438.765773133,1164237.35053077
203,3.23159902969475,7.74064248676252,25.0146527494357,4.53875608772912,278088.693048379,1262176.74850197,3.23159902969475,7.74064248676252,25.0146527494357,4.53875608772912,278088.693048379,1262176.74850197
204,3.51304337767181,6.96534834689506,24.469570883237,4.79472140762463,235192.497944902,1127682.50480913,3.51304337767181,6.96534834689506,24.469570883237,4.79472140762463,235192.497944902,1127682.50480913
205,3.63396065330364,7.56202411954871,27.4800981097731,6.54314720812183,271747.343666543,1778082.87302627,3.63396065330364,7.56202411954871,27.4800981097731,6.54314720812183,271747.343666543,1778082.87302627
206,3.22836731563311,7.50908240923532,24.2420762203708,4.57614768034977,283955.282709431,1299421.30829383,3.22836731563311,7.50908240923532,24.2420762203708,4.57614768034977,283955.282709431,1299421.30829383
207,3.27174876556909,7.50908240923532,24.5678311029722,5.825,220708.502470289,1285627.02688943,3.27174876556909,7.50908240923532,24.5678311029722,5.825,220708.502470289,1285627.02688943
208,3.39338103262521,7.28579300191372,24.7234717803275,4.12963930998432,263884.603266039,1089748.23094705,3.39338103262521,7.28579300191372,24.7234717803275,4.12963930998432,263884.603266039,1089748.23094705
209,3.82346775768614,6.96322110718304,26.6236513929539,4.32941176470588,234502.783874682,1015259.11136333,3.82346775768614,6.96322110718304,26.6236513929539,4.32941176470588,234502.783874682,1015259.11136333
210,3.50325206091938,7.10528451857492,24.8916026331161,5.09289617486339,252435.349700393,1285627.02688943,3.50325206091938,7.10528451857492,24.8916026331161,5.09289617486339,252435.349700393,1285627.02688943
211,3.58311179593513,7.54958131274561,27.0509938560702,4.63181192660551,300715.334615769,1392856.87338648,3.58311179593513,7.54958131274561,27.0509938560702,4.63181192660551,300715.334615769,1392856.87338648
212,3.82493077962387,6.96055770075192,26.6236513929539,5.275,220708.502470289,1164237.35053077,3.82493077962387,6.96055770075192,26.6236513929539,5.275,220708.502470289,1164237.35053077
213,3.84460388301979,6.92494004663026,26.6236513929539,4.47009411764706,234502.783874682,1048249.51477008,3.84460388301979,6.92494004663026,26.6236513929539,4.47009411764706,234502.783874682,1048249.51477008
214,3.52405947285425,7.2689962941498,25.616375248541,4.87212768057179,255153.543106245,1243140.6401639,3.52405947285425,7.2689962941498,25.616375248541,4.87212768057179,255153.543106245,1243140.6401639
215,2.87636595048773,7.3659936959381,21.1872934585036,4.31829209121786,295433.400192119,1275767.71553123,2.87636595048773,7.3659936959381,21.1872934585036,4.31829209121786,295433.400192119,1275767.71553123
216,3.79227688872958,7.53249669302166,28.565313123378,4.71325395185749,263754.224334545,1243140.6401639,3.79227688872958,7.53249669302166,28.565313123378,4.71325395185749,263754.224334545,1243140.6401639
217,3.53875933609959,7.7654611404181,27.4800981097731,4.54835585585586,306233.047177526,1392856.87338648,3.53875933609959,7.7654611404181,27.4800981097731,4.54835585585586,306233.047177526,1392856.87338648
218,3.63503455022523,6.75862382145721,24.5678311029722,4.8981426003595,230226.55663932,1127682.50480913,3.63503455022523,6.75862382145721,24.5678311029722,4.8981426003595,230226.55663932,1127682.50480913
219,3.5702073395362,6.92494004663026,24.7234717803275,5.9185667752443,220034.094757352,1302286.48265182,3.5702073395362,6.92494004663026,24.7234717803275,5.9185667752443,220034.094757352,1302286.48265182
220,3.7967130390068,8.75132254620855,33.2262604197442,4.35166445653538,295433.400192119,1285627.02688943,3.7967130390068,8.75132254620855,33.2262604197442,4.35166445653538,295433.400192119,1285627.02688943
221,2.98190641108247,7.10528451857492,21.1872934585036,5.02906675315376,231501.669728419,1164237.35053077,2.98190641108247,7.10528451857492,21.1872934585036,5.02906675315376,231501.669728419,1164237.35053077
222,3.96726488046271,7.11012755224798,28.2077593336437,5.10302161427665,250853.202492095,1280109.31432768,3.96726488046271,7.11012755224798,28.2077593336437,5.10302161427665,250853.202492095,1280109.31432768
223,3.85065147371093,7.11012755224798,27.3786231373364,5.23178756476684,266229.631104786,1392856.87338648,3.85065147371093,7.11012755224798,27.3786231373364,5.23178756476684,266229.631104786,1392856.87338648
224,3.53799788792459,6.9439925859831,24.5678311029722,4.38858828402978,253814.777840833,1113888.5603459,3.53799788792459,6.9439925859831,24.5678311029722,4.38858828402978,253814.777840833,1113888.5603459
225,3.12573277331165,9.05746431972595,28.3112130672683,3.94419040526481,310371.331598844,1224163.62816142,3.12573277331165,9.05746431972595,28.3112130672683,3.94419040526481,310371.331598844,1224163.62816142
226,3.58692872383632,7.09461120684321,25.447864722277,5.50518134715026,266229.631104786,1465642.39921676,3.58692872383632,7.09461120684321,25.447864722277,5.50518134715026,266229.631104786,1465642.39921676
227,3.27174876556909,7.50908240923532,24.5678311029722,4.41191845269211,263884.603266039,1164237.35053077,3.27174876556909,7.50908240923532,24.5678311029722,4.41191845269211,263884.603266039,1164237.35053077
228,3.64305298726267,6.50131577436537,23.6846378529397,6.7838390195779,216049.112454906,1465642.39921676,3.64305298726267,6.50131577436537,23.6846378529397,6.7838390195779,216049.112454906,1465642.39921676
229,3.78369500771553,7.54958131274561,28.565313123378,4.32174116666089,295197.622054012,1275767.71553123,3.78369500771553,7.54958131274561,28.565313123378,4.32174116666089,295197.622054012,1275767.71553123
230,3.65958137254902,7.50908240923532,27.4800981097731,4.84941443270263,252435.349700393,1224163.62816142,3.65958137254902,7.50908240923532,27.4800981097731,4.84941443270263,252435.349700393,1224163.62816142
231,3.24049254995898,8.33580485761547,27.0121135390148,4.71698113207547,292438.765773133,1379428.14043931,3.24049254995898,8.33580485761547,27.0121135390148,4.71698113207547,292438.765773133,1379428.14043931
232,3.89559659246676,6.9439925859831,27.0509938560702,4.57378204086056,254545.874755265,1164237.35053077,3.89559659246676,6.9439925859831,27.0509938560702,4.57378204086056,254545.874755265,1164237.35053077
233,2.93895574223103,7.09461120684321,20.8507483452485,5.11869945947825,269488.011820079,1379428.14043931,2.93895574223103,7.09461120684321,20.8507483452485,5.11869945947825,269488.011820079,1379428.14043931
234,3.36263670076306,7.43899950409728,25.0146527494357,4.96495327102804,295197.622054012,1465642.39921676,3.36263670076306,7.43899950409728,25.0146527494357,4.96495327102804,295197.622054012,1465642.39921676
235,3.68041738976547,7.43899950409728,27.3786231373364,4.78306325143753,263884.603266039,1262176.74850197,3.68041738976547,7.43899950409728,27.3786231373364,4.78306325143753,263884.603266039,1262176.74850197
236,3.45349910125824,7.95717540501489,27.4800981097731,4.4729381443299,278088.693048379,1243873.52264294,3.45349910125824,7.95717540501489,27.4800981097731,4.4729381443299,278088.693048379,1243873.52264294
237,3.69905595694525,7.40202718569262,27.380512754707,4.56502732240437,252435.349700393,1152374.268523,3.69905595694525,7.40202718569262,27.380512754707,4.56502732240437,252435.349700393,1152374.268523
238,4.62102340956357,7.11012755224798,32.8560658639209,4.7109252483011,263884.603266039,1243140.6401639,4.62102340956357,7.11012755224798,32.8560658639209,4.7109252483011,263884.603266039,1243140.6401639
239,3.5951044776094,7.94561418208709,28.565313123378,4.67268659523588,278088.693048379,1299421.30829383,3.5951044776094,7.94561418208709,28.565313123378,4.67268659523588,278088.693048379,1299421.30829383
240,3.4616296101344,6.75862382145721,23.395852344116,6.92429157135579,214156.96258468,1482885.25097225,3.4616296101344,6.75862382145721,23.395852344116,6.92429157135579,214156.96258468,1482885.25097225
241,3.35073548536693,7.94561418208709,26.6236513929539,5.38066037735849,292438.765773133,1573513.67979912,3.35073548536693,7.94561418208709,26.6236513929539,5.38066037735849,292438.765773133,1573513.67979912
242,3.59725890153942,7.50908240923532,27.0121135390148,4.45515590361834,267052.585585599,1189760.90324822,3.59725890153942,7.50908240923532,27.0121135390148,4.45515590361834,267052.585585599,1189760.90324822
243,3.98452911959486,7.10528451857492,28.3112130672683,4.59381924198999,250853.202492095,1152374.268523,3.98452911959486,7.10528451857492,28.3112130672683,4.59381924198999,250853.202492095,1152374.268523
244,4.02468798368304,6.71160438983788,27.0121135390148,5.39956803455724,255470.09160936,1379428.14043931,4.02468798368304,6.71160438983788,27.0121135390148,5.39956803455724,255470.09160936,1379428.14043931
245,3.71689472832891,7.3659936959381,27.3786231373364,4.72632289155425,267052.585585599,1262176.74850197,3.71689472832891,7.3659936959381,27.3786231373364,4.72632289155425,267052.585585599,1262176.74850197
246,3.5910154938314,6.88481345257272,24.7234717803275,5.30745855043928,234225.218784047,1243140.6401639,3.5910154938314,6.88481345257272,24.7234717803275,5.30745855043928,234225.218784047,1243140.6401639
247,3.67881112120883,6.96322110718304,25.616375248541,5.54117647058824,234502.783874682,1299421.30829383,3.67881112120883,6.96322110718304,25.616375248541,5.54117647058824,234502.783874682,1299421.30829383
248,3.33125292627905,7.50908240923532,25.0146527494357,4.79775280898876,255153.543106245,1224163.62816142,3.33125292627905,7.50908240923532,25.0146527494357,4.79775280898876,255153.543106245,1224163.62816142
249,3.90631452025833,6.92494004663026,27.0509938560702,5.64409826243259,230226.55663932,1299421.30829383,3.90631452025833,6.92494004663026,27.0509938560702,5.64409826243259,230226.55663932,1299421.30829383
250,3.61370860927152,7.83439289892703,28.3112130672683,4.82954790271034,307044.319850324,1482885.25097225,3.61370860927152,7.83439289892703,28.3112130672683,4.82954790271034,307044.319850324,1482885.25097225
251,3.11209661741155,9.09715106814896,28.3112130672683,3.9485142646612,319658.652318498,1262176.74850197,3.11209661741155,9.09715106814896,28.3112130672683,3.9485142646612,319658.652318498,1262176.74850197
252,3.28975053550772,7.36897097780377,24.2420762203708,4.56288921704681,255153.543106245,1164237.35053077,3.28975053550772,7.36897097780377,24.2420762203708,4.56288921704681,255153.543106245,1164237.35053077
253,3.81289306311497,7.09461120684321,27.0509938560702,5.44118367032269,238812.248772474,1299421.30829383,3.81289306311497,7.09461120684321,27.0509938560702,5.44118367032269,238812.248772474,1299421.30829383
254,3.86647200812614,6.98624313902793,27.0121135390148,5.47519803368818,292438.765773133,1601160.15533526,3.86647200812614,6.98624313902793,27.0121135390148,5.47519803368818,292438.765773133,1601160.15533526
255,3.35507791451447,7.36897097780377,24.7234717803275,5.16538020934891,267052.585585599,1379428.14043931,3.35507791451447,7.36897097780377,24.7234717803275,5.16538020934891,267052.585585599,1379428.14043931
256,3.31972924509418,6.62293219238287,21.9863416873291,5.02906675315376,231501.669728419,1164237.35053077,3.31972924509418,6.62293219238287,21.9863416873291,5.02906675315376,231501.669728419,1164237.35053077
257,3.66179927787376,6.99557056644986,25.616375248541,5.21589543659472,249676.493419515,1302286.48265182,3.66179927787376,6.99557056644986,25.616375248541,5.21589543659472,249676.493419515,1302286.48265182
258,3.61217446323201,7.7654611404181,28.0502004266388,4.85790624240952,283955.282709431,1379428.14043931,3.61217446323201,7.7654611404181,28.0502004266388,4.85790624240952,283955.282709431,1379428.14043931
259,3.64631938531292,7.50908240923532,27.380512754707,4.89159105711733,266229.631104786,1302286.48265182,3.64631938531292,7.50908240923532,27.380512754707,4.89159105711733,266229.631104786,1302286.48265182
260,4.23028517692444,7.36897097780377,31.1728486965896,5.87078651685393,255153.543106245,1497951.98059565,4.23028517692444,7.36897097780377,31.1728486965896,5.87078651685393,255153.543106245,1497951.98059565
261,3.62491869467166,7.46251050977584,27.0509938560702,4.67075179570833,262091.346683468,1224163.62816142,3.62491869467166,7.46251050977584,27.0509938560702,4.67075179570833,262091.346683468,1224163.62816142
262,3.62650880931825,7.54958131274561,27.3786231373364,4.80920631433687,254545.874755265,1224163.62816142,3.62650880931825,7.54958131274561,27.3786231373364,4.80920631433687,254545.874755265,1224163.62816142
263,3.78702844198958,7.40691570087657,28.0502004266388,4.37305699481865,266229.631104786,1164237.35053077,3.78702844198958,7.40691570087657,28.0502004266388,4.37305699481865,266229.631104786,1164237.35053077
264,3.83126491182759,7.50908240923532,28.7692839545251,4.66292134831461,255153.543106245,1189760.90324822,3.83126491182759,7.50908240923532,28.7692839545251,4.66292134831461,255153.543106245,1189760.90324822
265,3.58303488848354,7.09461120684321,25.4202394743455,4.74285714285714,250853.202492095,1189760.90324822,3.58303488848354,7.09461120684321,25.4202394743455,4.74285714285714,250853.202492095,1189760.90324822
266,3.82784226380086,7.46251050977584,28.565313123378,4.4577893804634,289404.023864167,1290102.18424506,3.82784226380086,7.46251050977584,28.565313123378,4.4577893804634,289404.023864167,1290102.18424506
267,3.37474286552235,7.53249669302166,25.4202394743455,4.75015309839582,269488.011820079,1280109.31432768,3.37474286552235,7.53249669302166,25.4202394743455,4.75015309839582,269488.011820079,1280109.31432768
268,3.36280886420265,7.40202718569262,24.8916026331161,4.1281914893617,259332.49040259,1070574.17979495,3.36280886420265,7.40202718569262,24.8916026331161,4.1281914893617,259332.49040259,1070574.17979495
269,4.37435667934661,6.96322110718304,30.4596127599734,5.62654117191812,266229.631104786,1497951.98059565,4.37435667934661,6.96322110718304,30.4596127599734,5.62654117191812,266229.631104786,1497951.98059565
270,3.39596445259378,7.3659936959381,25.0146527494357,4.78603603603604,306233.047177526,1465642.39921676,3.39596445259378,7.3659936959381,25.0146527494357,4.78603603603604,306233.047177526,1465642.39921676
271,3.19292803822254,7.83439289892703,25.0146527494357,3.99749027560622,306233.047177526,1224163.62816142,3.19292803822254,7.83439289892703,25.0146527494357,3.99749027560622,306233.047177526,1224163.62816142
272,4.38428825186601,7.11012755224798,31.1728486965896,5.11869945947825,269488.011820079,1379428.14043931,4.38428825186601,7.11012755224798,31.1728486965896,5.11869945947825,269488.011820079,1379428.14043931
273,3.79910393175359,7.11012755224798,27.0121135390148,4.02717127607957,295433.400192119,1189760.90324822,3.79910393175359,7.11012755224798,27.0121135390148,4.02717127607957,295433.400192119,1189760.90324822
274,3.19975018447915,7.40202718569262,23.6846378529397,4.37598354880767,254545.874755265,1113888.5603459,3.19975018447915,7.40202718569262,23.6846378529397,4.37598354880767,254545.874755265,1113888.5603459
275,4.00054404145078,6.4032229074652,25.616375248541,5.87012454012966,215017.03070751,1262176.74850197,4.00054404145078,6.4032229074652,25.616375248541,5.87012454012966,215017.03070751,1262176.74850197
276,3.38894465866815,7.50908240923532,25.447864722277,4.55723542116631,255470.09160936,1164237.35053077,3.38894465866815,7.50908240923532,25.447864722277,4.55723542116631,255470.09160936,1164237.35053077
277,3.96470273835027,6.41860598428269,25.447864722277,4.66292134831461,255153.543106245,1189760.90324822,3.96470273835027,6.41860598428269,25.447864722277,4.66292134831461,255153.543106245,1189760.90324822
278,3.58462402211682,6.9439925859831,24.8916026331161,5.03239740820734,255470.09160936,1285627.02688943,3.58462402211682,6.9439925859831,24.8916026331161,5.03239740820734,255470.09160936,1285627.02688943
279,3.32708631903869,7.69934194431794,25.616375248541,4.87433719832577,263754.224334545,1285627.02688943,3.32708631903869,7.69934194431794,25.616375248541,4.87433719832577,263754.224334545,1285627.02688943
280,3.52405947285425,7.2689962941498,25.616375248541,6.56476683937824,266229.631104786,1747735.4539366,3.52405947285425,7.2689962941498,25.616375248541,6.56476683937824,266229.631104786,1747735.4539366
281,3.13155529219165,7.94863903415082,24.8916026331161,4.91214953271028,295197.622054012,1450054.8612298,3.13155529219165,7.94863903415082,24.8916026331161,4.91214953271028,295197.622054012,1450054.8612298
282,3.92327741848666,7.94561418208709,31.1728486965896,4.27228860271445,295433.400192119,1262176.74850197,3.92327741848666,7.94561418208709,31.1728486965896,4.27228860271445,295433.400192119,1262176.74850197
283,4.0915192416525,5.92495715859809,24.2420762203708,4.99120971827418,215017.03070751,1073195.09326178,4.0915192416525,5.92495715859809,24.2420762203708,4.99120971827418,215017.03070751,1073195.09326178
284,4.06593099952235,6.75862382145721,27.4800981097731,4.55723542116631,255470.09160936,1164237.35053077,4.06593099952235,6.75862382145721,27.4800981097731,4.55723542116631,255470.09160936,1164237.35053077
285,3.71609594381523,6.58475218433533,24.469570883237,5.14,206914.221065896,1063539.09627871,3.71609594381523,6.58475218433533,24.469570883237,5.14,206914.221065896,1063539.09627871
286,3.40639245211718,7.46251050977584,25.4202394743455,5.18134715025907,266229.631104786,1379428.14043931,3.40639245211718,7.46251050977584,25.4202394743455,5.18134715025907,266229.631104786,1379428.14043931
287,3.38356327178762,7.39299098025137,25.0146527494357,5.41207310509743,271747.343666543,1470716.49003937,3.38356327178762,7.39299098025137,25.0146527494357,5.41207310509743,271747.343666543,1470716.49003937
288,4.04483856314327,6.76924735740983,27.380512754707,4.06691061160481,263884.603266039,1073195.09326178,4.04483856314327,6.76924735740983,27.380512754707,4.06691061160481,263884.603266039,1073195.09326178
289,3.02658758165727,6.9439925859831,21.0166017278566,3.94470421227018,248297.065279075,979458.479300691,3.02658758165727,6.9439925859831,21.0166017278566,3.94470421227018,248297.065279075,979458.479300691
290,3.77746918970192,7.56202411954871,28.565313123378,4.36778846153846,298156.949247747,1302286.48265182,3.77746918970192,7.56202411954871,28.565313123378,4.36778846153846,298156.949247747,1302286.48265182
291,3.7100595199863,7.40691570087657,27.4800981097731,4.54835585585586,306233.047177526,1392856.87338648,3.7100595199863,7.40691570087657,27.4800981097731,4.54835585585586,306233.047177526,1392856.87338648
292,3.89478986116055,7.2689962941498,28.3112130672683,5.8,220708.502470289,1280109.31432768,3.89478986116055,7.2689962941498,28.3112130672683,5.8,220708.502470289,1280109.31432768
293,3.79187541525004,7.43899950409728,28.2077593336437,4.79198243349964,266229.631104786,1275767.71553123,3.79187541525004,7.43899950409728,28.2077593336437,4.79198243349964,266229.631104786,1275767.71553123
294,3.91893362319277,6.98624313902793,27.3786231373364,5.23333333333333,248297.065279075,1299421.30829383,3.91893362319277,6.98624313902793,27.3786231373364,5.23333333333333,248297.065279075,1299421.30829383
295,3.65241571561664,7.8767824351199,28.7692839545251,4.73149554072202,324165.613003237,1533788.15238024,3.65241571561664,7.8767824351199,28.7692839545251,4.73149554072202,324165.613003237,1533788.15238024
296,3.68242002122132,7.46251050977584,27.4800981097731,4.77777777777778,310371.331598844,1482885.25097225,3.68242002122132,7.46251050977584,27.4800981097731,4.77777777777778,310371.331598844,1482885.25097225
297,3.59443153778612,7.40691570087657,26.6236513929539,4.85101934134867,263884.603266039,1280109.31432768,3.59443153778612,7.40691570087657,26.6236513929539,4.85101934134867,263884.603266039,1280109.31432768
298,3.69880067317998,7.40202718569262,27.3786231373364,5.53333333333333,215017.03070751,1189760.90324822,3.69880067317998,7.40202718569262,27.3786231373364,5.53333333333333,215017.03070751,1189760.90324822
299,3.35073548536693,7.94561418208709,26.6236513929539,5.52264638429351,276299.456529993,1525904.19458763,3.35073548536693,7.94561418208709,26.6236513929539,5.52264638429351,276299.456529993,1525904.19458763
300,3.99016549589786,6.77941651389654,27.0509938560702,5.41462853756222,215017.03070751,1164237.35053077,3.99016549589786,6.77941651389654,27.0509938560702,5.41462853756222,215017.03070751,1164237.35053077
301,3.29049685426797,7.11012755224798,23.395852344116,4.60324114689904,278088.693048379,1280109.31432768,3.29049685426797,7.11012755224798,23.395852344116,4.60324114689904,278088.693048379,1280109.31432768
302,3.372018817515,7.28579300191372,24.5678311029722,4.61037527593819,249952.379047602,1152374.268523,3.372018817515,7.28579300191372,24.5678311029722,4.61037527593819,249952.379047602,1152374.268523
303,3.53887937884847,6.98624313902793,24.7234717803275,4.54166666666667,248297.065279075,1127682.50480913,3.53887937884847,6.98624313902793,24.7234717803275,4.54166666666667,248297.065279075,1127682.50480913
304,3.64586013446899,6.71160438983788,24.469570883237,4.50666666666667,206914.221065896,932493.422936971,3.64586013446899,6.71160438983788,24.469570883237,4.50666666666667,206914.221065896,932493.422936971
305,3.78952950630295,7.40202718569262,28.0502004266388,5.48711340206186,278088.693048379,1525904.19458763,3.78952950630295,7.40202718569262,28.0502004266388,5.48711340206186,278088.693048379,1525904.19458763
306,3.66263103124445,7.2689962941498,26.6236513929539,5.55410350235233,263884.603266039,1465642.39921676,3.66263103124445,7.2689962941498,26.6236513929539,5.55410350235233,263884.603266039,1465642.39921676
307,3.66263103124445,7.2689962941498,26.6236513929539,3.75252307292466,248297.065279075,931740.466399209,3.66263103124445,7.2689962941498,26.6236513929539,3.75252307292466,248297.065279075,931740.466399209
308,3.09225699901512,7.11012755224798,21.9863416873291,4.59381924198999,250853.202492095,1152374.268523,3.09225699901512,7.11012755224798,21.9863416873291,4.59381924198999,250853.202492095,1152374.268523
309,4.16031095214963,6.6052990812079,27.4800981097731,4.95564986938159,250853.202492095,1243140.6401639,4.16031095214963,6.6052990812079,27.4800981097731,4.95564986938159,250853.202492095,1243140.6401639
310,4.04483856314327,6.76924735740983,27.380512754707,5.59751552795031,222087.930610728,1243140.6401639,4.04483856314327,6.76924735740983,27.380512754707,5.59751552795031,222087.930610728,1243140.6401639
311,3.94779411764706,7.10528451857492,28.0502004266388,5.10486099821167,254545.874755265,1299421.30829383,3.94779411764706,7.10528451857492,28.0502004266388,5.10486099821167,254545.874755265,1299421.30829383
312,3.07868946863609,7.09461120684321,21.8421048065757,4.9375,220708.502470289,1089748.23094705,3.07868946863609,7.09461120684321,21.8421048065757,4.9375,220708.502470289,1089748.23094705
313,4.0501487226531,6.57349969497263,26.6236513929539,5.63582059014872,220708.502470289,1243873.52264294,4.0501487226531,6.57349969497263,26.6236513929539,5.63582059014872,220708.502470289,1243873.52264294
314,3.38356327178762,7.39299098025137,25.0146527494357,5.55410350235233,263884.603266039,1465642.39921676,3.38356327178762,7.39299098025137,25.0146527494357,5.55410350235233,263884.603266039,1465642.39921676
315,3.59680540547254,7.40202718569262,26.6236513929539,4.23326288951658,298156.949247747,1262176.74850197,3.59680540547254,7.40202718569262,26.6236513929539,4.23326288951658,298156.949247747,1262176.74850197
316,3.65461103856457,6.96322110718304,25.447864722277,5.55555555555556,248297.065279075,1379428.14043931,3.65461103856457,6.96322110718304,25.447864722277,5.55555555555556,248297.065279075,1379428.14043931
317,3.40269255298051,6.96055770075192,23.6846378529397,3.85476093923268,250853.202492095,966979.126447954,3.40269255298051,6.96055770075192,23.6846378529397,3.85476093923268,250853.202492095,966979.126447954
318,2.75074327423719,7.46251050977584,20.5274505936902,3.80838894184938,289404.023864167,1102163.08421101,2.75074327423719,7.46251050977584,20.5274505936902,3.80838894184938,289404.023864167,1102163.08421101
319,3.50086583541617,7.11012755224798,24.8916026331161,4.64111017505333,250853.202492095,1164237.35053077,3.50086583541617,7.11012755224798,24.8916026331161,4.64111017505333,250853.202492095,1164237.35053077
320,3.2641138493694,8.75132254620855,28.565313123378,4.74757970289266,321406.756722359,1525904.19458763,3.2641138493694,8.75132254620855,28.565313123378,4.74757970289266,321406.756722359,1525904.19458763
321,3.65900539150264,7.39299098025137,27.0509938560702,5.39956803455724,255470.09160936,1379428.14043931,3.65900539150264,7.39299098025137,27.0509938560702,5.39956803455724,255470.09160936,1379428.14043931
322,3.69661460457376,7.40691570087657,27.380512754707,5.46627565982405,235192.497944902,1285627.02688943,3.69661460457376,7.40691570087657,27.380512754707,5.46627565982405,235192.497944902,1285627.02688943
323,3.67017050399488,5.98555048182873,21.9679908285801,5.77692307692308,215190.789908532,1243140.6401639,3.67017050399488,5.98555048182873,21.9679908285801,5.77692307692308,215190.789908532,1243140.6401639
324,3.65958137254902,7.50908240923532,27.4800981097731,5.48530329631215,235192.497944902,1290102.18424506,3.65958137254902,7.50908240923532,27.4800981097731,5.48530329631215,235192.497944902,1290102.18424506
325,3.69623155334261,6.88481345257272,25.447864722277,5.35716146292349,222087.930610728,1189760.90324822,3.69623155334261,6.88481345257272,25.447864722277,5.35716146292349,222087.930610728,1189760.90324822
326,2.98114769277154,7.36897097780377,21.9679908285801,4.59381924198999,250853.202492095,1152374.268523,2.98114769277154,7.36897097780377,21.9679908285801,4.59381924198999,250853.202492095,1152374.268523
327,3.99041608509793,6.76924735740983,27.0121135390148,5.06521739130435,253814.777840833,1285627.02688943,3.99041608509793,6.76924735740983,27.0121135390148,5.06521739130435,253814.777840833,1285627.02688943
328,3.55317159926417,6.50131577436537,23.1002905673232,5.28893662729111,217883.924450277,1152374.268523,3.55317159926417,6.50131577436537,23.1002905673232,5.28893662729111,217883.924450277,1152374.268523
329,3.71546437671754,7.54958131274561,28.0502004266388,4.06502780033973,319658.652318498,1299421.30829383,3.71546437671754,7.54958131274561,28.0502004266388,4.06502780033973,319658.652318498,1299421.30829383
330,2.81278496652142,7.53249669302166,21.1872934585036,5.08639308855292,255470.09160936,1299421.30829383,2.81278496652142,7.53249669302166,21.1872934585036,5.08639308855292,255470.09160936,1299421.30829383
331,3.67423579896685,6.80812395232487,25.0146527494357,6.10477964003306,249952.379047602,1525904.19458763,3.67423579896685,6.80812395232487,25.0146527494357,6.10477964003306,249952.379047602,1525904.19458763
332,3.54552659592734,7.50908240923532,26.6236513929539,5.23178756476684,266229.631104786,1392856.87338648,3.54552659592734,7.50908240923532,26.6236513929539,5.23178756476684,266229.631104786,1392856.87338648
333,3.37943270429843,7.40202718569262,25.0146527494357,4.39835613525357,295433.400192119,1299421.30829383,3.37943270429843,7.40202718569262,25.0146527494357,4.39835613525357,295433.400192119,1299421.30829383
334,3.33789026077368,7.40691570087657,24.7234717803275,4.84582493275245,266229.631104786,1290102.18424506,3.33789026077368,7.40691570087657,24.7234717803275,4.84582493275245,266229.631104786,1290102.18424506
335,3.49885838150289,6.76924735740983,23.6846378529397,4.80920631433687,254545.874755265,1224163.62816142,3.49885838150289,6.76924735740983,23.6846378529397,4.80920631433687,254545.874755265,1224163.62816142
336,3.58154056403373,7.10528451857492,25.447864722277,5.88398676437193,249952.379047602,1470716.49003937,3.58154056403373,7.10528451857492,25.447864722277,5.88398676437193,249952.379047602,1470716.49003937
337,3.67093233743911,7.36897097780377,27.0509938560702,6.2316715542522,235192.497944902,1465642.39921676,3.67093233743911,7.36897097780377,27.0509938560702,6.2316715542522,235192.497944902,1465642.39921676
338,3.67715955982448,6.76924735740983,24.8916026331161,5.86383275791084,222087.930610728,1302286.48265182,3.67715955982448,6.76924735740983,24.8916026331161,5.86383275791084,222087.930610728,1302286.48265182
339,3.35853226639978,7.28579300191372,24.469570883237,5.02637287861647,253814.777840833,1275767.71553123,3.35853226639978,7.28579300191372,24.469570883237,5.02637287861647,253814.777840833,1275767.71553123
340,3.56840911844774,6.88481345257272,24.5678311029722,4.77761341549608,243685.968135178,1164237.35053077,3.56840911844774,6.88481345257272,24.5678311029722,4.77761341549608,243685.968135178,1164237.35053077
341,3.82230005837712,6.96534834689506,26.6236513929539,5.00961830235442,248297.065279075,1243873.52264294,3.82230005837712,6.96534834689506,26.6236513929539,5.00961830235442,248297.065279075,1243873.52264294
342,3.80830030646973,7.40691570087657,28.2077593336437,4.87433719832577,263754.224334545,1285627.02688943,3.80830030646973,7.40691570087657,28.2077593336437,4.87433719832577,263754.224334545,1285627.02688943
343,3.67715955982448,6.76924735740983,24.8916026331161,5.17561131531061,217883.924450277,1127682.50480913,3.67715955982448,6.76924735740983,24.8916026331161,5.17561131531061,217883.924450277,1127682.50480913
344,3.39830434041676,7.83439289892703,26.6236513929539,4.61733704276301,276299.456529993,1275767.71553123,3.39830434041676,7.83439289892703,26.6236513929539,4.61733704276301,276299.456529993,1275767.71553123
345,3.29216703558253,7.46251050977584,24.5678311029722,4.86578815720667,267052.585585599,1299421.30829383,3.29216703558253,7.46251050977584,24.5678311029722,4.86578815720667,267052.585585599,1299421.30829383
346,3.82230005837712,6.96534834689506,26.6236513929539,5.59148936170213,259332.49040259,1450054.8612298,3.82230005837712,6.96534834689506,26.6236513929539,5.59148936170213,259332.49040259,1450054.8612298
347,3.49746260105672,7.06897388205312,24.7234717803275,4.79168330850379,248297.065279075,1189760.90324822,3.49746260105672,7.06897388205312,24.7234717803275,4.79168330850379,248297.065279075,1189760.90324822
348,3.80741280268606,7.09461120684321,27.0121135390148,6.2751499308729,249676.493419515,1566757.43042206,3.80741280268606,7.09461120684321,27.0121135390148,6.2751499308729,249676.493419515,1566757.43042206
349,3.27899985550198,7.46251050977584,24.469570883237,4.52756861792567,283955.282709431,1285627.02688943,3.27899985550198,7.46251050977584,24.469570883237,4.52756861792567,283955.282709431,1285627.02688943
350,3.52715038493714,6.96534834689506,24.5678311029722,5.1800068541472,250853.202492095,1299421.30829383,3.52715038493714,6.96534834689506,24.5678311029722,5.1800068541472,250853.202492095,1299421.30829383
351,3.61217446323201,7.7654611404181,28.0502004266388,4.77721536653051,267052.585585599,1275767.71553123,3.61217446323201,7.7654611404181,28.0502004266388,4.77721536653051,267052.585585599,1275767.71553123
352,3.82346775768614,6.96322110718304,26.6236513929539,5.10968292632835,249676.493419515,1275767.71553123,3.82346775768614,6.96322110718304,26.6236513929539,5.10968292632835,249676.493419515,1275767.71553123
353,3.6237756251408,7.06897388205312,25.616375248541,5.0630303030303,227605.643172486,1152374.268523,3.6237756251408,7.06897388205312,25.616375248541,5.0630303030303,227605.643172486,1152374.268523
354,3.94646352410459,6.96322110718304,27.4800981097731,6.32352941176471,234502.783874682,1482885.25097225,3.94646352410459,6.96322110718304,27.4800981097731,6.32352941176471,234502.783874682,1482885.25097225
355,3.53875933609959,7.7654611404181,27.4800981097731,4.73096446700508,271747.343666543,1285627.02688943,3.53875933609959,7.7654611404181,27.4800981097731,4.73096446700508,271747.343666543,1285627.02688943
356,3.27705776413258,7.7654611404181,25.447864722277,4.46892743798281,266229.631104786,1189760.90324822,3.27705776413258,7.7654611404181,25.447864722277,4.46892743798281,266229.631104786,1189760.90324822
357,3.59680540547254,7.40202718569262,26.6236513929539,5.09270336784135,255153.543106245,1299421.30829383,3.59680540547254,7.40202718569262,26.6236513929539,5.09270336784135,255153.543106245,1299421.30829383
358,4.12499067588003,6.92494004663026,28.565313123378,5.20858343337335,238812.248772474,1243873.52264294,4.12499067588003,6.92494004663026,28.565313123378,5.20858343337335,238812.248772474,1243873.52264294
359,3.66668819546771,6.98624313902793,25.616375248541,4.61037527593819,249952.379047602,1152374.268523,3.66668819546771,6.98624313902793,25.616375248541,4.61037527593819,249952.379047602,1152374.268523
360,3.17574503999296,7.8767824351199,25.0146527494357,4.92420282279143,263884.603266039,1299421.30829383,3.17574503999296,7.8767824351199,25.0146527494357,4.92420282279143,263884.603266039,1299421.30829383
361,3.48901478091246,7.28579300191372,25.4202394743455,4.84941443270263,252435.349700393,1224163.62816142,3.48901478091246,7.28579300191372,25.4202394743455,4.84941443270263,252435.349700393,1224163.62816142
362,4.1023130938512,6.96322110718304,28.565313123378,4.92663695367261,263754.224334545,1299421.30829383,4.1023130938512,6.96322110718304,28.565313123378,4.92663695367261,263754.224334545,1299421.30829383
363,3.85327611663714,7.10528451857492,27.3786231373364,4.61546961325967,249676.493419515,1152374.268523,3.85327611663714,7.10528451857492,27.3786231373364,4.61546961325967,249676.493419515,1152374.268523
364,3.30965324451317,7.06897388205312,23.395852344116,4.1662310507057,263884.603266039,1099404.22793013,3.30965324451317,7.06897388205312,23.395852344116,4.1662310507057,263884.603266039,1099404.22793013
365,3.04952430011866,8.33580485761547,25.4202394743455,4.90134529147982,319658.652318498,1566757.43042206,3.04952430011866,8.33580485761547,25.4202394743455,4.90134529147982,319658.652318498,1566757.43042206
366,3.29962281127898,7.76342531060748,25.616375248541,4.58715596330275,300715.334615769,1379428.14043931,3.29962281127898,7.76342531060748,25.616375248541,4.58715596330275,300715.334615769,1379428.14043931
367,3.54552659592734,7.50908240923532,26.6236513929539,4.92233795800643,262091.346683468,1290102.18424506,3.54552659592734,7.50908240923532,26.6236513929539,4.92233795800643,262091.346683468,1290102.18424506
368,3.64687740888128,7.40691570087657,27.0121135390148,5.41917303419498,254545.874755265,1379428.14043931,3.64687740888128,7.40691570087657,27.0121135390148,5.41917303419498,254545.874755265,1379428.14043931
369,3.55193834219013,6.96055770075192,24.7234717803275,4.03775678187049,278088.693048379,1122854.5063176,3.55193834219013,6.96055770075192,24.7234717803275,4.03775678187049,278088.693048379,1122854.5063176
370,3.68389389736477,7.80947680797887,28.7692839545251,4.05697856769472,263884.603266039,1070574.17979495,3.68389389736477,7.80947680797887,28.7692839545251,4.05697856769472,263884.603266039,1070574.17979495
371,3.33499636530028,7.2689962941498,24.2420762203708,4.48936170212766,259332.49040259,1164237.35053077,3.33499636530028,7.2689962941498,24.2420762203708,4.48936170212766,259332.49040259,1164237.35053077
372,3.56294085665378,7.59232188924848,27.0509938560702,4.80829015544042,266229.631104786,1280109.31432768,3.56294085665378,7.59232188924848,27.0509938560702,4.80829015544042,266229.631104786,1280109.31432768
373,3.74282032971704,6.84413703889377,25.616375248541,5.20551456867814,238812.248772474,1243140.6401639,3.74282032971704,6.84413703889377,25.616375248541,5.20551456867814,238812.248772474,1243140.6401639
374,3.30257195062866,7.43899950409728,24.5678311029722,4.95854332628841,254545.874755265,1262176.74850197,3.30257195062866,7.43899950409728,24.5678311029722,4.95854332628841,254545.874755265,1262176.74850197
375,3.24310235877397,6.77941651389654,21.9863416873291,5.21589543659472,249676.493419515,1302286.48265182,3.24310235877397,6.77941651389654,21.9863416873291,5.21589543659472,249676.493419515,1302286.48265182
376,3.48038246086819,6.96534834689506,24.2420762203708,5.08571428571429,250853.202492095,1275767.71553123,3.48038246086819,6.96534834689506,24.2420762203708,5.08571428571429,250853.202492095,1275767.71553123
377,3.63503455022523,6.75862382145721,24.5678311029722,5.13931888544892,231501.669728419,1189760.90324822,3.63503455022523,6.75862382145721,24.5678311029722,5.13931888544892,231501.669728419,1189760.90324822
378,3.04931859828625,9.19884214211112,28.0502004266388,4.6943231441048,315889.044160601,1482885.25097225,3.04931859828625,9.19884214211112,28.0502004266388,4.6943231441048,315889.044160601,1482885.25097225
379,3.30456203932708,7.53249669302166,24.8916026331161,4.21367948077883,276299.456529993,1164237.35053077,3.30456203932708,7.53249669302166,24.8916026331161,4.21367948077883,276299.456529993,1164237.35053077
380,3.65777552398813,7.80947680797887,28.565313123378,4.61378952825298,276511.901489858,1275767.71553123,3.65777552398813,7.80947680797887,28.565313123378,4.61378952825298,276511.901489858,1275767.71553123
381,3.57609313840286,6.96055770075192,24.8916026331161,4.28426395939086,271747.343666543,1164237.35053077,3.57609313840286,6.96055770075192,24.8916026331161,4.28426395939086,271747.343666543,1164237.35053077
382,3.34417718706413,7.39299098025137,24.7234717803275,4.49844479004666,276511.901489858,1243873.52264294,3.34417718706413,7.39299098025137,24.7234717803275,4.49844479004666,276511.901489858,1243873.52264294
383,3.13589469151297,7.83439289892703,24.5678311029722,4.20785408608335,295433.400192119,1243140.6401639,3.13589469151297,7.83439289892703,24.5678311029722,4.20785408608335,295433.400192119,1243140.6401639
384,2.80616119116771,8.75496075574651,24.5678311029722,4.18710571658236,307044.319850324,1285627.02688943,2.80616119116771,8.75496075574651,24.5678311029722,4.18710571658236,307044.319850324,1285627.02688943
385,3.86735930533124,7.43899950409728,28.7692839545251,4.86609071274298,255470.09160936,1243140.6401639,3.86735930533124,7.43899950409728,28.7692839545251,4.86609071274298,255470.09160936,1243140.6401639
386,3.49467067717347,7.83439289892703,27.3786231373364,4.38427947598253,315889.044160601,1384945.85300106,3.49467067717347,7.83439289892703,27.3786231373364,4.38427947598253,315889.044160601,1384945.85300106
387,3.66668819546771,6.98624313902793,25.616375248541,6.2360248447205,222087.930610728,1384945.85300106,3.66668819546771,6.98624313902793,25.616375248541,6.2360248447205,222087.930610728,1384945.85300106
388,3.69880067317998,7.40202718569262,27.3786231373364,4.51158940397351,249952.379047602,1127682.50480913,3.69880067317998,7.40202718569262,27.3786231373364,4.51158940397351,249952.379047602,1127682.50480913
389,3.94932168339344,6.3339111763471,25.0146527494357,5.89048840720549,249676.493419515,1470716.49003937,3.94932168339344,6.3339111763471,25.0146527494357,5.89048840720549,249676.493419515,1470716.49003937
390,3.46072428618675,7.40202718569262,25.616375248541,4.09543572567185,308191.077347431,1262176.74850197,3.46072428618675,7.40202718569262,25.616375248541,4.09543572567185,308191.077347431,1262176.74850197
391,3.55819477434679,6.99557056644986,24.8916026331161,5.43478260869565,253814.777840833,1379428.14043931,3.55819477434679,6.99557056644986,24.8916026331161,5.43478260869565,253814.777840833,1379428.14043931
392,3.71416284184371,6.84413703889377,25.4202394743455,4.74285714285714,250853.202492095,1189760.90324822,3.71416284184371,6.84413703889377,25.4202394743455,4.74285714285714,250853.202492095,1189760.90324822
393,3.37076503558079,7.54958131274561,25.447864722277,4.58695652173913,253814.777840833,1164237.35053077,3.37076503558079,7.54958131274561,25.447864722277,4.58695652173913,253814.777840833,1164237.35053077
394,3.52124693745319,7.06897388205312,24.8916026331161,5.4876902173913,253814.777840833,1392856.87338648,3.52124693745319,7.06897388205312,24.8916026331161,5.4876902173913,253814.777840833,1392856.87338648
395,3.01425304463727,9.08305398780184,27.3786231373364,5.04891987940285,319658.652318498,1613930.92431399,3.01425304463727,9.08305398780184,27.3786231373364,5.04891987940285,319658.652318498,1613930.92431399
396,3.5789290452688,7.43899950409728,26.6236513929539,4.32110091743119,300715.334615769,1299421.30829383,3.5789290452688,7.43899950409728,26.6236513929539,4.32110091743119,300715.334615769,1299421.30829383
397,3.61312169620704,7.76342531060748,28.0502004266388,4.04210638297872,259332.49040259,1048249.51477008,3.61312169620704,7.76342531060748,28.0502004266388,4.04210638297872,259332.49040259,1048249.51477008
398,3.58055857084245,6.98624313902793,25.0146527494357,5.98244433669002,231501.669728419,1384945.85300106,3.58055857084245,6.98624313902793,25.0146527494357,5.98244433669002,231501.669728419,1384945.85300106
399,3.05141326244522,7.36897097780377,22.4857757722444,4.46132731636176,249676.493419515,1113888.5603459,3.05141326244522,7.36897097780377,22.4857757722444,4.46132731636176,249676.493419515,1113888.5603459
400,3.84393666060833,7.53249669302166,28.9544401842169,4.83244680851064,269488.011820079,1302286.48265182,3.84393666060833,7.53249669302166,28.9544401842169,4.83244680851064,269488.011820079,1302286.48265182
401,2.98659678925334,9.05746431972595,27.0509938560702,4.55722097251346,325392.439804032,1482885.25097225,2.98659678925334,9.05746431972595,27.0509938560702,4.55722097251346,325392.439804032,1482885.25097225
402,3.69880067317998,7.40202718569262,27.3786231373364,4.7936170212766,259332.49040259,1243140.6401639,3.69880067317998,7.40202718569262,27.3786231373364,4.7936170212766,259332.49040259,1243140.6401639
403,3.6205416307202,7.56202411954871,27.3786231373364,4.17074388417374,276299.456529993,1152374.268523,3.6205416307202,7.56202411954871,27.3786231373364,4.17074388417374,276299.456529993,1152374.268523
404,3.29663404784094,8.33580485761547,27.4800981097731,4.14222222222222,310371.331598844,1285627.02688943,3.29663404784094,8.33580485761547,27.4800981097731,4.14222222222222,310371.331598844,1285627.02688943
405,3.17230050811342,6.92494004663026,21.9679908285801,5.79146624549644,214776.9614664,1243873.52264294,3.17230050811342,6.92494004663026,21.9679908285801,5.79146624549644,214776.9614664,1243873.52264294
406,3.80169343935471,7.10528451857492,27.0121135390148,5.38097970112616,214156.96258468,1152374.268523,3.80169343935471,7.10528451857492,27.0121135390148,5.38097970112616,214156.96258468,1152374.268523
407,3.52070437386317,7.56202411954871,26.6236513929539,5.02899257573294,254545.874755265,1280109.31432768,3.52070437386317,7.56202411954871,26.6236513929539,5.02899257573294,254545.874755265,1280109.31432768
408,3.08663215147037,8.75132254620855,27.0121135390148,4.62949083721313,276511.901489858,1280109.31432768,3.08663215147037,8.75132254620855,27.0121135390148,4.62949083721313,276511.901489858,1280109.31432768
409,3.90069998543297,6.92494004663026,27.0121135390148,5.4876902173913,253814.777840833,1392856.87338648,3.90069998543297,6.92494004663026,27.0121135390148,5.4876902173913,253814.777840833,1392856.87338648
410,3.37720230115152,7.40691570087657,25.0146527494357,4.74315789473684,262091.346683468,1243140.6401639,3.37720230115152,7.40691570087657,25.0146527494357,4.74315789473684,262091.346683468,1243140.6401639
411,4.05251425910837,6.96055770075192,28.2077593336437,4.89758742375597,249952.379047602,1224163.62816142,4.05251425910837,6.96055770075192,28.2077593336437,4.89758742375597,249952.379047602,1224163.62816142
412,3.50087738285928,7.2689962941498,25.447864722277,5.14285714285714,250853.202492095,1290102.18424506,3.50087738285928,7.2689962941498,25.447864722277,5.14285714285714,250853.202492095,1290102.18424506
413,3.79227688872958,7.53249669302166,28.565313123378,5.74415852264484,255153.543106245,1465642.39921676,3.79227688872958,7.53249669302166,28.565313123378,5.74415852264484,255153.543106245,1465642.39921676
414,3.07454726311411,9.41746465620762,28.9544401842169,3.77235772357724,339339.32254807,1280109.31432768,3.07454726311411,9.41746465620762,28.9544401842169,3.77235772357724,339339.32254807,1280109.31432768
415,3.65616178662788,6.80812395232487,24.8916026331161,5.07354703253343,234502.783874682,1189760.90324822,3.65616178662788,6.80812395232487,24.8916026331161,5.07354703253343,234502.783874682,1189760.90324822
416,3.47958927129441,7.10528451857492,24.7234717803275,4.83456669976702,263884.603266039,1275767.71553123,3.47958927129441,7.10528451857492,24.7234717803275,4.83456669976702,263884.603266039,1275767.71553123
417,3.27481362954367,7.54958131274561,24.7234717803275,5.10393258426966,255153.543106245,1302286.48265182,3.27481362954367,7.54958131274561,24.7234717803275,5.10393258426966,255153.543106245,1302286.48265182
418,3.45102650418547,7.3659936959381,25.4202394743455,5.21013837761393,249952.379047602,1302286.48265182,3.45102650418547,7.3659936959381,25.4202394743455,5.21013837761393,249952.379047602,1302286.48265182
419,3.23816241071936,6.9439925859831,22.4857757722444,5.31914893617021,259332.49040259,1379428.14043931,3.23816241071936,6.9439925859831,22.4857757722444,5.31914893617021,259332.49040259,1379428.14043931
420,3.72070723847553,6.88481345257272,25.616375248541,5.42666666666667,206914.221065896,1122854.5063176,3.72070723847553,6.88481345257272,25.616375248541,5.42666666666667,206914.221065896,1122854.5063176
421,3.36156551109527,7.56202411954871,25.4202394743455,5.12392755004766,289404.023864167,1482885.25097225,3.36156551109527,7.56202411954871,25.4202394743455,5.12392755004766,289404.023864167,1482885.25097225
422,3.63396065330364,7.56202411954871,27.4800981097731,4.8888876739217,263884.603266039,1290102.18424506,3.63396065330364,7.56202411954871,27.4800981097731,4.8888876739217,263884.603266039,1290102.18424506
423,3.64586013446899,6.71160438983788,24.469570883237,4.30879467533923,255153.543106245,1099404.22793013,3.64586013446899,6.71160438983788,24.469570883237,4.30879467533923,255153.543106245,1099404.22793013
424,3.35525293843525,6.88481345257272,23.1002905673232,4.81157749190956,216450.477578893,1041468.24603168,3.35525293843525,6.88481345257272,23.1002905673232,4.81157749190956,216450.477578893,1041468.24603168
425,3.43267526591537,7.46251050977584,25.616375248541,4.09898601147959,271747.343666543,1113888.5603459,3.43267526591537,7.46251050977584,25.616375248541,4.09898601147959,271747.343666543,1113888.5603459
426,3.63376214032616,6.99557056644986,25.4202394743455,4.81157749190956,216450.477578893,1041468.24603168,3.63376214032616,6.99557056644986,25.4202394743455,4.81157749190956,216450.477578893,1041468.24603168
427,3.10531615632468,9.19884214211112,28.565313123378,4.7520026144038,315889.044160601,1501105.5637127,3.10531615632468,9.19884214211112,28.565313123378,4.7520026144038,315889.044160601,1501105.5637127
428,3.338398280387,7.09461120684321,23.6846378529397,5.37844146172474,227605.643172486,1224163.62816142,3.338398280387,7.09461120684321,23.6846378529397,5.37844146172474,227605.643172486,1224163.62816142
429,3.82672143191077,7.06897388205312,27.0509938560702,5.109375,220708.502470289,1127682.50480913,3.82672143191077,7.06897388205312,27.0509938560702,5.109375,220708.502470289,1127682.50480913
430,3.77992892561983,7.46251050977584,28.2077593336437,5.1195652173913,253814.777840833,1299421.30829383,3.77992892561983,7.46251050977584,28.2077593336437,5.1195652173913,253814.777840833,1299421.30829383
431,3.80741280268606,7.09461120684321,27.0121135390148,4.64111111111111,248297.065279075,1152374.268523,3.80741280268606,7.09461120684321,27.0121135390148,4.64111111111111,248297.065279075,1152374.268523
432,3.98181507423411,7.11012755224798,28.3112130672683,4.61546961325967,249676.493419515,1152374.268523,3.98181507423411,7.11012755224798,28.3112130672683,4.61546961325967,249676.493419515,1152374.268523
433,3.74446888572856,7.11012755224798,26.6236513929539,4.48611246811933,248297.065279075,1113888.5603459,3.74446888572856,7.11012755224798,26.6236513929539,4.48611246811933,248297.065279075,1113888.5603459
434,3.80578235711334,7.43899950409728,28.3112130672683,4.70725388601036,276655.246176996,1302286.48265182,3.80578235711334,7.43899950409728,28.3112130672683,4.70725388601036,276655.246176996,1302286.48265182
435,3.36058943267983,7.40691570087657,24.8916026331161,3.94105362219653,276511.901489858,1089748.23094705,3.36058943267983,7.40691570087657,24.8916026331161,3.94105362219653,276511.901489858,1089748.23094705
436,3.37398435185111,7.59232188924848,25.616375248541,4.49989072461222,289404.023864167,1302286.48265182,3.37398435185111,7.59232188924848,25.616375248541,4.49989072461222,289404.023864167,1302286.48265182
437,3.46900970360666,8.23442871712904,28.565313123378,4.25259943253894,306233.047177526,1302286.48265182,3.46900970360666,8.23442871712904,28.565313123378,4.25259943253894,306233.047177526,1302286.48265182
438,3.02470507390388,6.71160438983788,20.3006238519782,4.94630166168302,215017.03070751,1063539.09627871,3.02470507390388,6.71160438983788,20.3006238519782,4.94630166168302,215017.03070751,1063539.09627871
439,2.98702406226296,6.92494004663026,20.6849625490129,3.94470421227018,248297.065279075,979458.479300691,2.98702406226296,6.92494004663026,20.6849625490129,3.94470421227018,248297.065279075,979458.479300691
440,3.6205416307202,7.56202411954871,27.3786231373364,6.9333864118896,216049.112454906,1497951.98059565,3.6205416307202,7.56202411954871,27.3786231373364,6.9333864118896,216049.112454906,1497951.98059565
441,3.22182665157149,6.77941651389654,21.8421048065757,5.28522617658733,238812.248772474,1262176.74850197,3.22182665157149,6.77941651389654,21.8421048065757,5.28522617658733,238812.248772474,1262176.74850197
442,3.73633426346728,7.54958131274561,28.2077593336437,4.60829493087558,299335.90647533,1379428.14043931,3.73633426346728,7.54958131274561,28.2077593336437,4.60829493087558,299335.90647533,1379428.14043931
443,3.39459238267905,7.36897097780377,25.0146527494357,4.57614768034977,283955.282709431,1299421.30829383,3.39459238267905,7.36897097780377,25.0146527494357,4.57614768034977,283955.282709431,1299421.30829383
444,3.93189053110685,6.96322110718304,27.3786231373364,4.66921723425473,276299.456529993,1290102.18424506,3.93189053110685,6.96322110718304,27.3786231373364,4.66921723425473,276299.456529993,1290102.18424506
445,3.91370837836185,6.99557056644986,27.3786231373364,4.64502288642038,298156.949247747,1384945.85300106,3.91370837836185,6.99557056644986,27.3786231373364,4.64502288642038,298156.949247747,1384945.85300106
446,3.56041160387087,6.9439925859831,24.7234717803275,5.61146527212733,262091.346683468,1470716.49003937,3.56041160387087,6.9439925859831,24.7234717803275,5.61146527212733,262091.346683468,1470716.49003937
447,3.67093233743911,7.36897097780377,27.0509938560702,4.86578815720667,267052.585585599,1299421.30829383,3.67093233743911,7.36897097780377,27.0509938560702,4.86578815720667,267052.585585599,1299421.30829383
448,3.66050048184763,6.71160438983788,24.5678311029722,5.96421471172962,216307.132891755,1290102.18424506,3.66050048184763,6.71160438983788,24.5678311029722,5.96421471172962,216307.132891755,1290102.18424506
449,3.32512596748221,8.23442871712904,27.380512754707,4.29551954242135,289404.023864167,1243140.6401639,3.32512596748221,8.23442871712904,27.380512754707,4.29551954242135,289404.023864167,1243140.6401639
450,3.32089793980395,7.53249669302166,25.0146527494357,3.98388644148781,276655.246176996,1102163.08421101,3.32089793980395,7.53249669302166,25.0146527494357,3.98388644148781,276655.246176996,1102163.08421101
451,4.272894425785,8.03251732645172,34.322098509217,4.51945878957516,308191.077347431,1392856.87338648,4.272894425785,8.03251732645172,34.322098509217,4.51945878957516,308191.077347431,1392856.87338648
452,3.80716546752665,7.10528451857492,27.0509938560702,5.59751552795031,222087.930610728,1243140.6401639,3.80716546752665,7.10528451857492,27.0509938560702,5.59751552795031,222087.930610728,1243140.6401639
453,3.95658967819171,7.83439289892703,30.9974780787931,5.16152538256012,283955.282709431,1465642.39921676,3.95658967819171,7.83439289892703,30.9974780787931,5.16152538256012,283955.282709431,1465642.39921676
454,3.66668819546771,6.98624313902793,25.616375248541,4.25000128558673,262091.346683468,1113888.5603459,3.66668819546771,6.98624313902793,25.616375248541,4.25000128558673,262091.346683468,1113888.5603459
455,3.40914661091673,7.80947680797887,26.6236513929539,4.63917525773196,278088.693048379,1290102.18424506,3.40914661091673,7.80947680797887,26.6236513929539,4.63917525773196,278088.693048379,1290102.18424506
456,3.35991805860962,6.96322110718304,23.395852344116,4.27835051546392,278088.693048379,1189760.90324822,3.35991805860962,6.96322110718304,23.395852344116,4.27835051546392,278088.693048379,1189760.90324822
457,4.54075678771903,6.02994479439211,27.380512754707,4.51639532218117,255153.543106245,1152374.268523,4.54075678771903,6.02994479439211,27.380512754707,4.51639532218117,255153.543106245,1152374.268523
458,3.76626817939542,7.06897388205312,26.6236513929539,4.27835051546392,278088.693048379,1189760.90324822,3.76626817939542,7.06897388205312,26.6236513929539,4.27835051546392,278088.693048379,1189760.90324822
459,3.09338110274472,7.2689962941498,22.4857757722444,3.94408387418872,276299.456529993,1089748.23094705,3.09338110274472,7.2689962941498,22.4857757722444,3.94408387418872,276299.456529993,1089748.23094705
460,3.42558789475785,8.23442871712904,28.2077593336437,4.31603773584906,292438.765773133,1262176.74850197,3.42558789475785,8.23442871712904,28.2077593336437,4.31603773584906,292438.765773133,1262176.74850197
461,3.1645607602361,7.76342531060748,24.5678311029722,3.81295336787565,276655.246176996,1054873.55265104,3.1645607602361,7.76342531060748,24.5678311029722,3.81295336787565,276655.246176996,1054873.55265104
462,3.31707317073171,6.58475218433533,21.8421048065757,3.94017595307918,235192.497944902,926699.824747126,3.31707317073171,6.58475218433533,21.8421048065757,3.94017595307918,235192.497944902,926699.824747126
463,3.6057021786365,7.05001084808346,25.4202394743455,5.94665630207258,234225.218784047,1392856.87338648,3.6057021786365,7.05001084808346,25.4202394743455,5.94665630207258,234225.218784047,1392856.87338648
464,3.5289085108772,6.71160438983788,23.6846378529397,5.05524861878453,249676.493419515,1262176.74850197,3.5289085108772,6.71160438983788,23.6846378529397,5.05524861878453,249676.493419515,1262176.74850197
465,3.94779411764706,7.10528451857492,28.0502004266388,4.64130434782609,263754.224334545,1224163.62816142,3.94779411764706,7.10528451857492,28.0502004266388,4.64130434782609,263754.224334545,1224163.62816142
466,3.61068062811284,7.09461120684321,25.616375248541,4.27835051546392,278088.693048379,1189760.90324822,3.61068062811284,7.09461120684321,25.616375248541,4.27835051546392,278088.693048379,1189760.90324822
467,3.75369542055921,6.77941651389654,25.447864722277,5.54774295884798,234225.218784047,1299421.30829383,3.75369542055921,6.77941651389654,25.447864722277,5.54774295884798,234225.218784047,1299421.30829383
468,3.20542491720922,7.7654611404181,24.8916026331161,4.52127659574468,324165.613003237,1465642.39921676,3.20542491720922,7.7654611404181,24.8916026331161,4.52127659574468,324165.613003237,1465642.39921676
469,3.81071251010374,7.54958131274561,28.7692839545251,5.00863017301938,276511.901489858,1384945.85300106,3.81071251010374,7.54958131274561,28.7692839545251,5.00863017301938,276511.901489858,1384945.85300106
470,3.79431643625192,6.08812969488174,23.1002905673232,4.65186052792972,214776.9614664,999112.469354229,3.79431643625192,6.08812969488174,23.1002905673232,4.65186052792972,214776.9614664,999112.469354229
471,3.35178949121135,7.59232188924848,25.447864722277,4.51657458563536,249676.493419515,1127682.50480913,3.35178949121135,7.59232188924848,25.447864722277,4.51657458563536,249676.493419515,1127682.50480913
472,3.12462041804598,7.39299098025137,23.1002905673232,4.19724770642202,300715.334615769,1262176.74850197,3.12462041804598,7.39299098025137,23.1002905673232,4.19724770642202,300715.334615769,1262176.74850197
473,3.21410383135999,7.36897097780377,23.6846378529397,4.05867780146568,276655.246176996,1122854.5063176,3.21410383135999,7.36897097780377,23.6846378529397,4.05867780146568,276655.246176996,1122854.5063176
474,3.04149914862737,7.39299098025137,22.4857757722444,4.45515590361834,267052.585585599,1189760.90324822,3.04149914862737,7.39299098025137,22.4857757722444,4.45515590361834,267052.585585599,1189760.90324822
475,3.89224924242424,7.43899950409728,28.9544401842169,5.23178756476684,266229.631104786,1392856.87338648,3.89224924242424,7.43899950409728,28.9544401842169,5.23178756476684,266229.631104786,1392856.87338648
476,3.71539299310638,7.36897097780377,27.3786231373364,4.82544038024159,238812.248772474,1152374.268523,3.71539299310638,7.36897097780377,27.3786231373364,4.82544038024159,238812.248772474,1152374.268523
477,3.82122129600646,7.06897388205312,27.0121135390148,4.97900552486188,249676.493419515,1243140.6401639,3.82122129600646,7.06897388205312,27.0121135390148,4.97900552486188,249676.493419515,1243140.6401639
478,2.83916430412371,7.46251050977584,21.1872934585036,3.90062284011765,295433.400192119,1152374.268523,2.83916430412371,7.46251050977584,21.1872934585036,3.90062284011765,295433.400192119,1152374.268523
479,3.45844023113554,7.40691570087657,25.616375248541,4.03647860183252,267052.585585599,1077952.04728032,3.45844023113554,7.40691570087657,25.616375248541,4.03647860183252,267052.585585599,1077952.04728032
480,3.3460954822495,7.43899950409728,24.8916026331161,5.79444783534888,253814.777840833,1470716.49003937,3.3460954822495,7.43899950409728,24.8916026331161,5.79444783534888,253814.777840833,1470716.49003937
481,3.92713020927102,6.77941651389654,26.6236513929539,5.71619812583668,214156.96258468,1224163.62816142,3.92713020927102,6.77941651389654,26.6236513929539,5.71619812583668,214156.96258468,1224163.62816142
482,3.23321171480568,8.23442871712904,26.6236513929539,4.21033478893741,295433.400192119,1243873.52264294,3.23321171480568,8.23442871712904,26.6236513929539,4.21033478893741,295433.400192119,1243873.52264294
483,3.85657327246177,7.40691570087657,28.565313123378,5.03463025781689,276655.246176996,1392856.87338648,3.85657327246177,7.40691570087657,28.565313123378,5.03463025781689,276655.246176996,1392856.87338648
484,3.50582040391795,7.80947680797887,27.3786231373364,4.97350558057959,298156.949247747,1482885.25097225,3.50582040391795,7.80947680797887,27.3786231373364,4.97350558057959,298156.949247747,1482885.25097225
485,3.63114872156356,7.43899950409728,27.0121135390148,5.02352941176471,243685.968135178,1224163.62816142,3.63114872156356,7.43899950409728,27.0121135390148,5.02352941176471,243685.968135178,1224163.62816142
486,3.19292803822254,7.83439289892703,25.0146527494357,4.47588603898563,308191.077347431,1379428.14043931,3.19292803822254,7.83439289892703,25.0146527494357,4.47588603898563,308191.077347431,1379428.14043931
487,3.59239673197098,6.96322110718304,25.0146527494357,4.96099086380777,295433.400192119,1465642.39921676,3.59239673197098,6.96322110718304,25.0146527494357,4.96099086380777,295433.400192119,1465642.39921676
488,3.2027561544138,7.94561418208709,25.447864722277,5.77780524415647,254545.874755265,1470716.49003937,3.2027561544138,7.94561418208709,25.447864722277,5.77780524415647,254545.874755265,1470716.49003937
489,3.59680540547254,7.40202718569262,26.6236513929539,4.27835051546392,278088.693048379,1189760.90324822,3.59680540547254,7.40202718569262,26.6236513929539,4.27835051546392,278088.693048379,1189760.90324822
490,3.68041738976547,7.43899950409728,27.3786231373364,4.6129719528818,269488.011820079,1243140.6401639,3.68041738976547,7.43899950409728,27.3786231373364,4.6129719528818,269488.011820079,1243140.6401639
491,3.83673297278176,7.13592093365985,27.3786231373364,5.41917303419498,254545.874755265,1379428.14043931,3.83673297278176,7.13592093365985,27.3786231373364,5.41917303419498,254545.874755265,1379428.14043931
492,3.17330770078367,6.62293219238287,21.0166017278566,5.11310301473589,215017.03070751,1099404.22793013,3.17330770078367,6.62293219238287,21.0166017278566,5.11310301473589,215017.03070751,1099404.22793013
493,3.94525826149425,6.96534834689506,27.4800981097731,5.51229668111775,271747.343666543,1497951.98059565,3.94525826149425,6.96534834689506,27.4800981097731,5.51229668111775,271747.343666543,1497951.98059565
494,3.67881112120883,6.96322110718304,25.616375248541,4.38265972691648,250853.202492095,1099404.22793013,3.67881112120883,6.96322110718304,25.616375248541,4.38265972691648,250853.202492095,1099404.22793013
495,3.61225549694225,6.92494004663026,25.0146527494357,4.71515151515152,227605.643172486,1073195.09326178,3.61225549694225,6.92494004663026,25.0146527494357,4.71515151515152,227605.643172486,1073195.09326178
496,4.49761479355993,7.54958131274561,33.9551085973882,4.93119266055046,300715.334615769,1482885.25097225,4.49761479355993,7.54958131274561,33.9551085973882,4.93119266055046,300715.334615769,1482885.25097225
497,3.33111293417674,7.11012755224798,23.6846378529397,4.41414686825054,255470.09160936,1127682.50480913,3.33111293417674,7.11012755224798,23.6846378529397,4.41414686825054,255470.09160936,1127682.50480913
498,3.78369500771553,7.54958131274561,28.565313123378,4.22269832114273,267052.585585599,1127682.50480913,3.78369500771553,7.54958131274561,28.565313123378,4.22269832114273,267052.585585599,1127682.50480913
499,3.31874133660695,6.96055770075192,23.1002905673232,4.62308270356671,278088.693048379,1285627.02688943,3.31874133660695,6.96055770075192,23.1002905673232,4.62308270356671,278088.693048379,1285627.02688943
