{
  "case": "e3b",
  "current_distribution_timing": "post_housing_choice",
  "l4_enabled": true,
  "market_residual": 1.4621864605266664e-05,
  "nonwealth_max_abs_diff": 0.0,
  "output_directory": "/Users/tommasodesanto/Desktop/Projects/Fertility/Fertility_Spring26/output/model/eqscale_timing_repair_readout_20260723/e3b",
  "p90_p50": 3.1428680178165034,
  "p90_p50_legacy_alias": 3.1428680178165034,
  "repaired_loss": 6.642950334370247,
  "repeats_bitwise": true,
  "stored_rank_loss": 2.2944474177687804,
  "target_set": "candidate_replacement_income_disciplined_v1",
  "theta": {
    "H0": 7.281306117956415,
    "alpha_cons": 0.7057008174877598,
    "beta": 0.9575983618173275,
    "chi": 1.0733576422157916,
    "delta_alpha": 0.014769147172659145,
    "delta_alpha_jump": 0.08696615097212773,
    "gamma_e": 0.0029478941791743238,
    "kappa_fert": 13.415992973181108,
    "psi_child": 2.9376993390277732,
    "tenure_choice_kappa": 0.016473046149371867,
    "theta0": 0.15305001448675143,
    "theta1": 0.05680122919372702,
    "theta_n": 0.0
  },
  "wealth_moment_timing": "beginning_of_period_state",
  "winner_record": "/Users/tommasodesanto/Desktop/Projects/Fertility/Fertility_Spring26/output/model/eqscale_seq_l4_recalibration_20260722/report_continuation/results.json"
}
