window,rep,draw
pooled_2005_2019,1,6.4450928927907
pooled_2005_2019,2,6.57521041613048
pooled_2005_2019,3,6.22431054881381
pooled_2005_2019,4,6.51309092896332
pooled_2005_2019,5,6.92588036346658
pooled_2005_2019,6,6.78533733608644
pooled_2005_2019,7,7.36089803091044
pooled_2005_2019,8,6.71714671404281
pooled_2005_2019,9,6.19202407601206
pooled_2005_2019,10,6.58847751415495
pooled_2005_2019,11,7.0949370078506
pooled_2005_2019,12,6.65803436101007
pooled_2005_2019,13,6.90011962761992
pooled_2005_2019,14,6.59627330237765
pooled_2005_2019,15,6.73670823488522
pooled_2005_2019,16,7.0138422329042
pooled_2005_2019,17,8.06839362317077
pooled_2005_2019,18,6.42278615095348
pooled_2005_2019,19,7.2465375426779
pooled_2005_2019,20,7.13154817785671
pooled_2005_2019,21,7.08929484342386
pooled_2005_2019,22,6.70804910310664
pooled_2005_2019,23,6.76866728108866
pooled_2005_2019,24,6.48136945135283
pooled_2005_2019,25,6.05022250973762
pooled_2005_2019,26,7.10811334429831
pooled_2005_2019,27,6.70948101624914
pooled_2005_2019,28,6.81689158667006
pooled_2005_2019,29,6.81773482767834
pooled_2005_2019,30,6.60255320150394
pooled_2005_2019,31,6.4884116920326
pooled_2005_2019,32,6.86252491678464
pooled_2005_2019,33,6.73184792474201
pooled_2005_2019,34,6.96460599137191
pooled_2005_2019,35,6.69332547682394
pooled_2005_2019,36,6.83296369839737
pooled_2005_2019,37,6.64516672353881
pooled_2005_2019,38,6.89335962694523
pooled_2005_2019,39,6.46140014836981
pooled_2005_2019,40,6.68615208172378
pooled_2005_2019,41,6.68677592551948
pooled_2005_2019,42,6.04521916392666
pooled_2005_2019,43,7.42952557037585
pooled_2005_2019,44,6.81446534328438
pooled_2005_2019,45,7.36418520842639
pooled_2005_2019,46,7.65224273006767
pooled_2005_2019,47,7.50590912168749
pooled_2005_2019,48,7.27884033607089
pooled_2005_2019,49,7.04157773210275
pooled_2005_2019,50,6.80811810937089
pooled_2005_2019,51,6.28025890361691
pooled_2005_2019,52,6.59167352880702
pooled_2005_2019,53,6.91425077134237
pooled_2005_2019,54,6.74828835826591
pooled_2005_2019,55,6.75484099835036
pooled_2005_2019,56,6.7504806183741
pooled_2005_2019,57,7.06472267794387
pooled_2005_2019,58,7.63384213801074
pooled_2005_2019,59,7.30722324418035
pooled_2005_2019,60,6.2824005732696
pooled_2005_2019,61,7.45481224848148
pooled_2005_2019,62,7.1196905253811
pooled_2005_2019,63,7.5764634459759
pooled_2005_2019,64,6.42311783172344
pooled_2005_2019,65,6.81916274167638
pooled_2005_2019,66,7.28852028483629
pooled_2005_2019,67,6.44432075191749
pooled_2005_2019,68,7.32472339454898
pooled_2005_2019,69,6.81747130026949
pooled_2005_2019,70,7.23716331819961
pooled_2005_2019,71,7.49605182483727
pooled_2005_2019,72,6.87198789534627
pooled_2005_2019,73,7.33270936956951
pooled_2005_2019,74,8.48018131650365
pooled_2005_2019,75,7.12409798152182
pooled_2005_2019,76,7.46510749087874
pooled_2005_2019,77,6.63288045258902
pooled_2005_2019,78,7.53568840628414
pooled_2005_2019,79,7.21299599358324
pooled_2005_2019,80,6.43206722517991
pooled_2005_2019,81,6.75106992309545
pooled_2005_2019,82,7.1081790765876
pooled_2005_2019,83,7.34228543083126
pooled_2005_2019,84,7.09158041026664
pooled_2005_2019,85,7.3162708332115
pooled_2005_2019,86,6.58593101908885
pooled_2005_2019,87,6.68576266829719
pooled_2005_2019,88,7.72988594975887
pooled_2005_2019,89,6.69634641748465
pooled_2005_2019,90,7.60318952536578
pooled_2005_2019,91,6.91700288259356
pooled_2005_2019,92,6.52243777234916
pooled_2005_2019,93,7.25188190444395
pooled_2005_2019,94,7.0122261662114
pooled_2005_2019,95,6.68049266176586
pooled_2005_2019,96,6.91982268835423
pooled_2005_2019,97,6.45293537922352
pooled_2005_2019,98,7.29082686091703
pooled_2005_2019,99,6.78893061482208
pooled_2005_2019,100,7.27274988713243
pooled_2005_2019,101,7.15824014661738
pooled_2005_2019,102,7.47505786851053
pooled_2005_2019,103,7.35686180291387
pooled_2005_2019,104,6.83610023954022
pooled_2005_2019,105,7.46425239484956
pooled_2005_2019,106,6.86341487877845
pooled_2005_2019,107,7.11763227115946
pooled_2005_2019,108,7.13808243177725
pooled_2005_2019,109,7.60767383878922
pooled_2005_2019,110,6.87057652176031
pooled_2005_2019,111,7.02334651347721
pooled_2005_2019,112,6.77799302992293
pooled_2005_2019,113,6.51163992131915
pooled_2005_2019,114,6.71537779161476
pooled_2005_2019,115,6.93462838288028
pooled_2005_2019,116,7.26282492229632
pooled_2005_2019,117,6.69771577403931
pooled_2005_2019,118,6.27461678561578
pooled_2005_2019,119,7.13406475960999
pooled_2005_2019,120,6.92842163428299
pooled_2005_2019,121,6.84749973233589
pooled_2005_2019,122,6.87856667392943
pooled_2005_2019,123,6.16054468196383
pooled_2005_2019,124,6.08823453907196
pooled_2005_2019,125,6.9466218827923
pooled_2005_2019,126,6.34062905689106
pooled_2005_2019,127,6.43810804202569
pooled_2005_2019,128,6.34475967756056
pooled_2005_2019,129,6.39389650600715
pooled_2005_2019,130,6.70908152643586
pooled_2005_2019,131,7.1312858690731
pooled_2005_2019,132,6.48390295899003
pooled_2005_2019,133,6.7830210814944
pooled_2005_2019,134,7.55762900268262
pooled_2005_2019,135,6.43352169210434
pooled_2005_2019,136,6.8442532420503
pooled_2005_2019,137,6.82178792435762
pooled_2005_2019,138,6.71014836108574
pooled_2005_2019,139,7.044328678181
pooled_2005_2019,140,7.04655170112444
pooled_2005_2019,141,7.33135811504946
pooled_2005_2019,142,6.30828654800251
pooled_2005_2019,143,6.23537202247576
pooled_2005_2019,144,6.94929345779718
pooled_2005_2019,145,6.29703865485272
pooled_2005_2019,146,6.1859430700255
pooled_2005_2019,147,7.03309563781281
pooled_2005_2019,148,6.16950123314363
pooled_2005_2019,149,6.40186875735422
pooled_2005_2019,150,6.23886988037914
pooled_2005_2019,151,6.95623839960157
pooled_2005_2019,152,7.0812299751812
pooled_2005_2019,153,6.78409744727155
pooled_2005_2019,154,6.77550113620671
pooled_2005_2019,155,6.66108448356199
pooled_2005_2019,156,6.31118932435924
pooled_2005_2019,157,6.58650399777779
pooled_2005_2019,158,6.3525438757645
pooled_2005_2019,159,7.13741047496557
pooled_2005_2019,160,7.07012632401881
pooled_2005_2019,161,6.65800504248578
pooled_2005_2019,162,7.00312477908204
pooled_2005_2019,163,7.74139644024631
pooled_2005_2019,164,7.46427700639274
pooled_2005_2019,165,6.54073458383741
pooled_2005_2019,166,6.45451268500986
pooled_2005_2019,167,6.64225180806487
pooled_2005_2019,168,6.44681659903845
pooled_2005_2019,169,7.2494161293981
pooled_2005_2019,170,7.32972993496347
pooled_2005_2019,171,6.88241257297989
pooled_2005_2019,172,6.40605479389409
pooled_2005_2019,173,6.47158002601934
pooled_2005_2019,174,6.75523770424323
pooled_2005_2019,175,7.91137075123612
pooled_2005_2019,176,7.69191490823504
pooled_2005_2019,177,6.65265710276333
pooled_2005_2019,178,6.86830650104314
pooled_2005_2019,179,6.53568150500716
pooled_2005_2019,180,6.97545635972438
pooled_2005_2019,181,6.86792389141802
pooled_2005_2019,182,7.58033920649707
pooled_2005_2019,183,6.49027372569693
pooled_2005_2019,184,6.81576479518144
pooled_2005_2019,185,6.69580454310049
pooled_2005_2019,186,6.91524842654869
pooled_2005_2019,187,7.06024417982495
pooled_2005_2019,188,7.2248871929798
pooled_2005_2019,189,6.79686699134957
pooled_2005_2019,190,6.30600591425835
pooled_2005_2019,191,6.26858931115223
pooled_2005_2019,192,6.68307008947066
pooled_2005_2019,193,7.22551978561859
pooled_2005_2019,194,6.04154484050965
pooled_2005_2019,195,6.63432978571206
pooled_2005_2019,196,6.94205967061642
pooled_2005_2019,197,6.02102451864004
pooled_2005_2019,198,6.67195616864106
pooled_2005_2019,199,6.63080280577478
pooled_2005_2019,200,7.67842502268075
pooled_2005_2019,201,6.57974793726036
pooled_2005_2019,202,6.59777308589426
pooled_2005_2019,203,6.74415815876619
pooled_2005_2019,204,6.27782147726879
pooled_2005_2019,205,6.93471253267155
pooled_2005_2019,206,6.83985208178988
pooled_2005_2019,207,6.47234022943629
pooled_2005_2019,208,7.23292801545403
pooled_2005_2019,209,6.97434838906877
pooled_2005_2019,210,7.58817273761208
pooled_2005_2019,211,7.53372192488607
pooled_2005_2019,212,7.53313455550031
pooled_2005_2019,213,6.64121058645041
pooled_2005_2019,214,7.24301746381871
pooled_2005_2019,215,6.57453031325358
pooled_2005_2019,216,7.29228289932715
pooled_2005_2019,217,6.62474217184471
pooled_2005_2019,218,6.34782859953441
pooled_2005_2019,219,6.91377411501441
pooled_2005_2019,220,6.47342641517829
pooled_2005_2019,221,7.13840355449351
pooled_2005_2019,222,6.48468767034772
pooled_2005_2019,223,6.55943783794983
pooled_2005_2019,224,6.70339193420149
pooled_2005_2019,225,6.80967394502595
pooled_2005_2019,226,6.36399802419207
pooled_2005_2019,227,6.60800748564009
pooled_2005_2019,228,7.15485421945601
pooled_2005_2019,229,6.41662162010567
pooled_2005_2019,230,6.4740677391795
pooled_2005_2019,231,7.05485160458834
pooled_2005_2019,232,6.35635798489461
pooled_2005_2019,233,6.95122677529771
pooled_2005_2019,234,6.81779793146025
pooled_2005_2019,235,6.29796445292568
pooled_2005_2019,236,7.47905299809837
pooled_2005_2019,237,7.13566394318908
pooled_2005_2019,238,7.19574529053566
pooled_2005_2019,239,7.09001031826703
pooled_2005_2019,240,7.34269309728478
pooled_2005_2019,241,6.4562756266331
pooled_2005_2019,242,6.47293315263925
pooled_2005_2019,243,6.79083946407761
pooled_2005_2019,244,6.49386134154159
pooled_2005_2019,245,6.8738330599642
pooled_2005_2019,246,7.2544532577786
pooled_2005_2019,247,6.43182553795462
pooled_2005_2019,248,6.73333662768621
pooled_2005_2019,249,7.76083694090763
pooled_2005_2019,250,6.9481447559242
pooled_2005_2019,251,6.50777302727748
pooled_2005_2019,252,7.39493329657412
pooled_2005_2019,253,6.8390455457097
pooled_2005_2019,254,6.28602213079475
pooled_2005_2019,255,7.35677878451073
pooled_2005_2019,256,6.46013745853714
pooled_2005_2019,257,7.15873210735404
pooled_2005_2019,258,7.0049463140859
pooled_2005_2019,259,6.95220619640421
pooled_2005_2019,260,6.71201572952875
pooled_2005_2019,261,7.54552557924829
pooled_2005_2019,262,5.86293463725578
pooled_2005_2019,263,6.8224826569359
pooled_2005_2019,264,6.49445963071753
pooled_2005_2019,265,7.029577173354
pooled_2005_2019,266,8.0169266087111
pooled_2005_2019,267,6.270568520424
pooled_2005_2019,268,6.1013654935528
pooled_2005_2019,269,7.288494991176
pooled_2005_2019,270,6.66931791384054
pooled_2005_2019,271,6.93430294823658
pooled_2005_2019,272,6.85674556505064
pooled_2005_2019,273,7.24268200995634
pooled_2005_2019,274,8.34511052118842
pooled_2005_2019,275,6.45810761576204
pooled_2005_2019,276,7.51299120511748
pooled_2005_2019,277,6.57450970902716
pooled_2005_2019,278,7.08779080011926
pooled_2005_2019,279,6.51868620336945
pooled_2005_2019,280,6.5355965452913
pooled_2005_2019,281,6.66075923716453
pooled_2005_2019,282,7.04231436777474
pooled_2005_2019,283,6.63072337806454
pooled_2005_2019,284,7.16830319455701
pooled_2005_2019,285,6.7336866005926
pooled_2005_2019,286,7.40864163471522
pooled_2005_2019,287,6.79829603541147
pooled_2005_2019,288,6.38411086736255
pooled_2005_2019,289,6.74257441940684
pooled_2005_2019,290,6.86636544243297
pooled_2005_2019,291,7.32285129080859
pooled_2005_2019,292,7.0309003306415
pooled_2005_2019,293,6.47150729241704
pooled_2005_2019,294,6.74732925815304
pooled_2005_2019,295,7.31923645731554
pooled_2005_2019,296,6.54128502312997
pooled_2005_2019,297,6.8039456202915
pooled_2005_2019,298,6.73959585654443
pooled_2005_2019,299,6.4865429936285
pooled_2005_2019,300,7.89777047593866
pooled_2005_2019,301,6.85038237799626
pooled_2005_2019,302,7.33393181845517
pooled_2005_2019,303,6.26294796049327
pooled_2005_2019,304,6.84371448145832
pooled_2005_2019,305,7.39169867376361
pooled_2005_2019,306,7.3182734083982
pooled_2005_2019,307,7.62830273499275
pooled_2005_2019,308,6.81522517811053
pooled_2005_2019,309,6.45923921056432
pooled_2005_2019,310,6.59782715482067
pooled_2005_2019,311,6.5827148949457
pooled_2005_2019,312,7.58367748261707
pooled_2005_2019,313,6.77341744923295
pooled_2005_2019,314,7.05994512264776
pooled_2005_2019,315,6.82797334076939
pooled_2005_2019,316,7.03501613074451
pooled_2005_2019,317,6.59921127641937
pooled_2005_2019,318,7.4109492622227
pooled_2005_2019,319,6.65618525455874
pooled_2005_2019,320,7.32015277431543
pooled_2005_2019,321,6.33201247851103
pooled_2005_2019,322,7.59728691192419
pooled_2005_2019,323,6.50034510673256
pooled_2005_2019,324,7.50931667679522
pooled_2005_2019,325,6.54634584861564
pooled_2005_2019,326,7.02753809599857
pooled_2005_2019,327,6.68730723254619
pooled_2005_2019,328,6.77241671055688
pooled_2005_2019,329,6.83511117515917
pooled_2005_2019,330,6.7807580165064
pooled_2005_2019,331,6.77194788335243
pooled_2005_2019,332,7.20128803635286
pooled_2005_2019,333,6.91442620539054
pooled_2005_2019,334,7.580589875734
pooled_2005_2019,335,7.45457543600548
pooled_2005_2019,336,7.15044993003436
pooled_2005_2019,337,7.41604631060231
pooled_2005_2019,338,6.56954600703236
pooled_2005_2019,339,6.59449742098133
pooled_2005_2019,340,6.22039256022606
pooled_2005_2019,341,6.47323358596135
pooled_2005_2019,342,7.03034570510268
pooled_2005_2019,343,7.33192177889207
pooled_2005_2019,344,6.86787185027005
pooled_2005_2019,345,7.04368094465544
pooled_2005_2019,346,6.38000723858607
pooled_2005_2019,347,7.20374917088555
pooled_2005_2019,348,6.64464847945286
pooled_2005_2019,349,6.58468277055439
pooled_2005_2019,350,6.86894033787142
pooled_2005_2019,351,7.00314918279513
pooled_2005_2019,352,7.00501247127301
pooled_2005_2019,353,6.08166826124946
pooled_2005_2019,354,6.11147287389637
pooled_2005_2019,355,6.69834487837693
pooled_2005_2019,356,7.20648437664421
pooled_2005_2019,357,5.76667553831817
pooled_2005_2019,358,6.62979794003859
pooled_2005_2019,359,7.01660868238964
pooled_2005_2019,360,7.41072168107722
pooled_2005_2019,361,6.45288307467766
pooled_2005_2019,362,6.69530421159936
pooled_2005_2019,363,6.98423443567656
pooled_2005_2019,364,6.56114122169101
pooled_2005_2019,365,6.90287942502191
pooled_2005_2019,366,6.90468970441264
pooled_2005_2019,367,6.89912104416037
pooled_2005_2019,368,6.93577612648975
pooled_2005_2019,369,8.23084531586783
pooled_2005_2019,370,6.67274866686567
pooled_2005_2019,371,6.92362266497499
pooled_2005_2019,372,6.79781719659468
pooled_2005_2019,373,6.64809573865363
pooled_2005_2019,374,6.78559598097161
pooled_2005_2019,375,6.76981171834132
pooled_2005_2019,376,6.35999084773035
pooled_2005_2019,377,7.10152331899083
pooled_2005_2019,378,6.84960491664708
pooled_2005_2019,379,6.60363845012281
pooled_2005_2019,380,7.0192237283169
pooled_2005_2019,381,6.98101791656993
pooled_2005_2019,382,6.37651019084856
pooled_2005_2019,383,6.35944558798938
pooled_2005_2019,384,7.06672296432096
pooled_2005_2019,385,6.69959573619347
pooled_2005_2019,386,7.01893259368602
pooled_2005_2019,387,6.3369977006251
pooled_2005_2019,388,7.36075101166393
pooled_2005_2019,389,6.71415148866645
pooled_2005_2019,390,7.44714367362032
pooled_2005_2019,391,7.60693285189315
pooled_2005_2019,392,6.25613534613961
pooled_2005_2019,393,6.78713581333983
pooled_2005_2019,394,6.95264948591188
pooled_2005_2019,395,6.58694907922714
pooled_2005_2019,396,7.36724048862365
pooled_2005_2019,397,6.55230273740761
pooled_2005_2019,398,7.10373539570189
pooled_2005_2019,399,6.81377335254768
pooled_2005_2019,400,6.5178047550152
pooled_2005_2019,401,6.339377695158
pooled_2005_2019,402,6.79602809496815
pooled_2005_2019,403,6.88976254896406
pooled_2005_2019,404,6.68857249333015
pooled_2005_2019,405,6.96238448082485
pooled_2005_2019,406,6.27063587297858
pooled_2005_2019,407,6.62788349711856
pooled_2005_2019,408,7.02278185577184
pooled_2005_2019,409,6.94727708454132
pooled_2005_2019,410,6.84443046792703
pooled_2005_2019,411,8.38559391776827
pooled_2005_2019,412,6.49493930077562
pooled_2005_2019,413,6.4809000582921
pooled_2005_2019,414,7.29838807801458
pooled_2005_2019,415,7.03041819641894
pooled_2005_2019,416,6.62989407787476
pooled_2005_2019,417,6.91650158934066
pooled_2005_2019,418,6.54922857996785
pooled_2005_2019,419,6.29237481854174
pooled_2005_2019,420,6.70456123771277
pooled_2005_2019,421,7.46119827494475
pooled_2005_2019,422,7.06669198500754
pooled_2005_2019,423,6.91145008056238
pooled_2005_2019,424,6.91844961041694
pooled_2005_2019,425,6.67243278169479
pooled_2005_2019,426,6.65479997882236
pooled_2005_2019,427,6.4227495429406
pooled_2005_2019,428,6.61149458273315
pooled_2005_2019,429,6.53493191605386
pooled_2005_2019,430,6.37313368334775
pooled_2005_2019,431,6.61331905947573
pooled_2005_2019,432,5.82857129690758
pooled_2005_2019,433,7.25153063774033
pooled_2005_2019,434,6.52683787314511
pooled_2005_2019,435,7.15390536355274
pooled_2005_2019,436,6.84771517579015
pooled_2005_2019,437,7.37655067783403
pooled_2005_2019,438,6.35635586237481
pooled_2005_2019,439,6.46917678814219
pooled_2005_2019,440,6.8532885321101
pooled_2005_2019,441,6.43848476767721
pooled_2005_2019,442,6.26129964584611
pooled_2005_2019,443,7.03811151927503
pooled_2005_2019,444,6.4874313793387
pooled_2005_2019,445,7.57114812459373
pooled_2005_2019,446,6.75265804528736
pooled_2005_2019,447,6.96761526530353
pooled_2005_2019,448,6.45164026195596
pooled_2005_2019,449,7.22616244146992
pooled_2005_2019,450,6.53840072650392
pooled_2005_2019,451,6.59074677505638
pooled_2005_2019,452,6.51159531617287
pooled_2005_2019,453,6.96879467605226
pooled_2005_2019,454,6.53687002828603
pooled_2005_2019,455,7.47824487952608
pooled_2005_2019,456,6.63578023746855
pooled_2005_2019,457,8.12104514617429
pooled_2005_2019,458,7.06281594145656
pooled_2005_2019,459,6.59747941714303
pooled_2005_2019,460,7.09113749596127
pooled_2005_2019,461,7.09466337152418
pooled_2005_2019,462,6.84719453604716
pooled_2005_2019,463,6.83074873373306
pooled_2005_2019,464,6.74019763750776
pooled_2005_2019,465,6.96365159055572
pooled_2005_2019,466,7.23591465297958
pooled_2005_2019,467,6.91392497389485
pooled_2005_2019,468,6.40806735877593
pooled_2005_2019,469,7.11936822155667
pooled_2005_2019,470,6.94788873491294
pooled_2005_2019,471,6.18686344176982
pooled_2005_2019,472,7.6194556237362
pooled_2005_2019,473,6.72222326442011
pooled_2005_2019,474,5.8642655058373
pooled_2005_2019,475,6.77863886167797
pooled_2005_2019,476,7.03152946672523
pooled_2005_2019,477,6.77563443589429
pooled_2005_2019,478,6.58518324596848
pooled_2005_2019,479,7.17576743758892
pooled_2005_2019,480,6.8072512138312
pooled_2005_2019,481,7.01965479024637
pooled_2005_2019,482,7.15446924772243
pooled_2005_2019,483,6.62282222848307
pooled_2005_2019,484,6.78980947705916
pooled_2005_2019,485,6.22200298514518
pooled_2005_2019,486,7.39135233064126
pooled_2005_2019,487,6.4662108990331
pooled_2005_2019,488,6.3106100446688
pooled_2005_2019,489,7.04996271281927
pooled_2005_2019,490,6.72784699719138
pooled_2005_2019,491,7.10570752195707
pooled_2005_2019,492,7.10219501710456
pooled_2005_2019,493,6.74816878236659
pooled_2005_2019,494,6.9957441948238
pooled_2005_2019,495,6.7008645605617
pooled_2005_2019,496,6.90087521005146
pooled_2005_2019,497,6.91194469329318
pooled_2005_2019,498,7.20898963252216
pooled_2005_2019,499,6.21579303046648
pooled_2005_2019,500,6.50516522928121
pooled_2005_2019,501,7.1596310296012
pooled_2005_2019,502,7.02634955484291
pooled_2005_2019,503,6.4109014656737
pooled_2005_2019,504,6.97541781789969
pooled_2005_2019,505,6.27230266977706
pooled_2005_2019,506,7.42373113790516
pooled_2005_2019,507,6.75707127003295
pooled_2005_2019,508,7.13115968799864
pooled_2005_2019,509,7.13199455142198
pooled_2005_2019,510,7.0983225822196
pooled_2005_2019,511,6.51321371081229
pooled_2005_2019,512,6.69868710322663
pooled_2005_2019,513,6.34997376899881
pooled_2005_2019,514,6.78536721209869
pooled_2005_2019,515,6.9311856369943
pooled_2005_2019,516,6.20576545180203
pooled_2005_2019,517,6.75734700791971
pooled_2005_2019,518,6.45557115116987
pooled_2005_2019,519,6.7739979009119
pooled_2005_2019,520,6.59177445276822
pooled_2005_2019,521,6.98586700792053
pooled_2005_2019,522,7.07402786029482
pooled_2005_2019,523,6.51142623571813
pooled_2005_2019,524,7.01042391649989
pooled_2005_2019,525,6.74774553611559
pooled_2005_2019,526,7.15405079435758
pooled_2005_2019,527,6.71584750976217
pooled_2005_2019,528,6.49664187287499
pooled_2005_2019,529,7.75747005660128
pooled_2005_2019,530,6.69702187217236
pooled_2005_2019,531,6.95287185548504
pooled_2005_2019,532,6.92905231468614
pooled_2005_2019,533,6.68095495491879
pooled_2005_2019,534,7.15414345253551
pooled_2005_2019,535,6.8765537480764
pooled_2005_2019,536,6.43066055182712
pooled_2005_2019,537,6.32653610047564
pooled_2005_2019,538,7.12011232582089
pooled_2005_2019,539,7.10324336764886
pooled_2005_2019,540,7.52066005003891
pooled_2005_2019,541,6.53874962274314
pooled_2005_2019,542,6.7713600178738
pooled_2005_2019,543,7.1903505663544
pooled_2005_2019,544,7.22160652896272
pooled_2005_2019,545,6.47917171858416
pooled_2005_2019,546,6.05047473019779
pooled_2005_2019,547,6.35502402000851
pooled_2005_2019,548,6.41066855048455
pooled_2005_2019,549,6.58553781893437
pooled_2005_2019,550,6.99077107520679
pooled_2005_2019,551,7.12620534258821
pooled_2005_2019,552,6.77264957827581
pooled_2005_2019,553,6.2263447459014
pooled_2005_2019,554,7.1210269875745
pooled_2005_2019,555,6.26879661377402
pooled_2005_2019,556,7.1271293695226
pooled_2005_2019,557,6.6567309251505
pooled_2005_2019,558,7.2795614277427
pooled_2005_2019,559,7.43738223931034
pooled_2005_2019,560,6.82489422600826
pooled_2005_2019,561,7.80291398479393
pooled_2005_2019,562,6.64871408228556
pooled_2005_2019,563,6.27272692774376
pooled_2005_2019,564,6.92615493931232
pooled_2005_2019,565,7.04482966643348
pooled_2005_2019,566,7.9642720563662
pooled_2005_2019,567,6.83967595149607
pooled_2005_2019,568,6.56618586041306
pooled_2005_2019,569,6.88295464043381
pooled_2005_2019,570,6.94167126483223
pooled_2005_2019,571,6.47961361298135
pooled_2005_2019,572,7.19633326923286
pooled_2005_2019,573,6.37283436461821
pooled_2005_2019,574,6.59701358675036
pooled_2005_2019,575,6.88893694782312
pooled_2005_2019,576,6.54377675952891
pooled_2005_2019,577,6.88472059292845
pooled_2005_2019,578,6.92421240764076
pooled_2005_2019,579,6.48590024701597
pooled_2005_2019,580,6.78772278920205
pooled_2005_2019,581,6.61892964875024
pooled_2005_2019,582,7.39425504773431
pooled_2005_2019,583,6.86543167649034
pooled_2005_2019,584,6.8568035396008
pooled_2005_2019,585,7.01322412814621
pooled_2005_2019,586,6.52696262874177
pooled_2005_2019,587,7.10154146243466
pooled_2005_2019,588,6.60644380534163
pooled_2005_2019,589,7.14057303492196
pooled_2005_2019,590,6.92763579877191
pooled_2005_2019,591,7.24743516543344
pooled_2005_2019,592,7.46445740686375
pooled_2005_2019,593,6.83417776129094
pooled_2005_2019,594,6.64653971815725
pooled_2005_2019,595,7.4700347142083
pooled_2005_2019,596,7.58101145828131
pooled_2005_2019,597,7.8532167940911
pooled_2005_2019,598,6.58699623303929
pooled_2005_2019,599,6.68995885481028
pooled_2005_2019,600,6.91621357188217
pooled_2005_2019,601,7.19426208165684
pooled_2005_2019,602,7.45660279384975
pooled_2005_2019,603,6.46179632916371
pooled_2005_2019,604,7.20977938480807
pooled_2005_2019,605,7.32309891036408
pooled_2005_2019,606,6.58209771475082
pooled_2005_2019,607,6.77218807389941
pooled_2005_2019,608,6.72911491174318
pooled_2005_2019,609,6.36535763320578
pooled_2005_2019,610,6.9662917180202
pooled_2005_2019,611,6.93376998915056
pooled_2005_2019,612,7.04521869409642
pooled_2005_2019,613,7.08183526312592
pooled_2005_2019,614,7.08313630024037
pooled_2005_2019,615,6.93741573074341
pooled_2005_2019,616,7.11547371870585
pooled_2005_2019,617,6.36566587506058
pooled_2005_2019,618,6.85894395043852
pooled_2005_2019,619,6.37352315643616
pooled_2005_2019,620,7.81744972665489
pooled_2005_2019,621,7.4990307673927
pooled_2005_2019,622,6.3867730653549
pooled_2005_2019,623,6.5394115902798
pooled_2005_2019,624,6.99553732648789
pooled_2005_2019,625,6.73476948241841
pooled_2005_2019,626,7.53253953462857
pooled_2005_2019,627,7.14958562740032
pooled_2005_2019,628,6.58072797073629
pooled_2005_2019,629,7.05917789744466
pooled_2005_2019,630,6.89223574264467
pooled_2005_2019,631,7.19552562002366
pooled_2005_2019,632,6.54453585424551
pooled_2005_2019,633,7.20421788010195
pooled_2005_2019,634,6.53567540900918
pooled_2005_2019,635,6.88127552324139
pooled_2005_2019,636,6.5569441415502
pooled_2005_2019,637,7.1849894201215
pooled_2005_2019,638,6.6076095785417
pooled_2005_2019,639,7.21348216425696
pooled_2005_2019,640,6.75471956346553
pooled_2005_2019,641,6.69721190365951
pooled_2005_2019,642,7.02439034900426
pooled_2005_2019,643,6.30239338178172
pooled_2005_2019,644,6.9577476271564
pooled_2005_2019,645,7.54003637476806
pooled_2005_2019,646,7.34946218887738
pooled_2005_2019,647,6.82612145517881
pooled_2005_2019,648,7.23857665031732
pooled_2005_2019,649,7.37443044982854
pooled_2005_2019,650,6.38701704162627
pooled_2005_2019,651,7.19853815783998
pooled_2005_2019,652,7.1280526613693
pooled_2005_2019,653,6.66996083227984
pooled_2005_2019,654,7.19724180457888
pooled_2005_2019,655,6.67257492932119
pooled_2005_2019,656,6.78354009478012
pooled_2005_2019,657,7.34960335038936
pooled_2005_2019,658,7.21070076864182
pooled_2005_2019,659,7.48191968419347
pooled_2005_2019,660,6.28661273339544
pooled_2005_2019,661,6.51487564910505
pooled_2005_2019,662,6.99945292587269
pooled_2005_2019,663,6.65916878607915
pooled_2005_2019,664,6.98374569594089
pooled_2005_2019,665,6.61522433335429
pooled_2005_2019,666,7.16301932235978
pooled_2005_2019,667,6.31295710097899
pooled_2005_2019,668,7.57253015122943
pooled_2005_2019,669,6.21851378472453
pooled_2005_2019,670,6.53499762900744
pooled_2005_2019,671,6.81051645717267
pooled_2005_2019,672,7.47187635536445
pooled_2005_2019,673,7.21446653103513
pooled_2005_2019,674,6.62883619059843
pooled_2005_2019,675,7.48648265010649
pooled_2005_2019,676,6.67692341437101
pooled_2005_2019,677,6.53371862569785
pooled_2005_2019,678,6.9020563547487
pooled_2005_2019,679,6.54861010453022
pooled_2005_2019,680,7.80115294733495
pooled_2005_2019,681,6.60343643067089
pooled_2005_2019,682,7.08495719061313
pooled_2005_2019,683,6.79040913212801
pooled_2005_2019,684,6.94253327605672
pooled_2005_2019,685,6.58828299389937
pooled_2005_2019,686,7.03080283824094
pooled_2005_2019,687,6.77816374385329
pooled_2005_2019,688,7.35288049085956
pooled_2005_2019,689,7.04079131517514
pooled_2005_2019,690,7.27790285855391
pooled_2005_2019,691,7.15033524822577
pooled_2005_2019,692,6.69081861280702
pooled_2005_2019,693,7.14331214353007
pooled_2005_2019,694,7.15415564858244
pooled_2005_2019,695,6.68072553729729
pooled_2005_2019,696,6.67657447902676
pooled_2005_2019,697,7.7109310600821
pooled_2005_2019,698,6.48617953438115
pooled_2005_2019,699,6.82138500108563
pooled_2005_2019,700,6.50076371073855
pooled_2005_2019,701,7.36741296597428
pooled_2005_2019,702,6.98852177966422
pooled_2005_2019,703,6.86722788713362
pooled_2005_2019,704,7.0834965271734
pooled_2005_2019,705,6.5432724894584
pooled_2005_2019,706,7.04082654284299
pooled_2005_2019,707,6.73630481022486
pooled_2005_2019,708,7.62242461401303
pooled_2005_2019,709,6.10260210032614
pooled_2005_2019,710,6.49053540390673
pooled_2005_2019,711,6.63081360198555
pooled_2005_2019,712,6.84844323538628
pooled_2005_2019,713,6.19003721552483
pooled_2005_2019,714,6.86813497950116
pooled_2005_2019,715,6.58374546574523
pooled_2005_2019,716,6.93167496434915
pooled_2005_2019,717,6.81243622217841
pooled_2005_2019,718,6.45999694032774
pooled_2005_2019,719,6.73324592373178
pooled_2005_2019,720,6.28158801667958
pooled_2005_2019,721,7.14992931010031
pooled_2005_2019,722,7.11240809140574
pooled_2005_2019,723,7.18005068162223
pooled_2005_2019,724,6.74097495632491
pooled_2005_2019,725,6.69512335604274
pooled_2005_2019,726,7.48639768342194
pooled_2005_2019,727,7.3776756940511
pooled_2005_2019,728,7.41111057619032
pooled_2005_2019,729,7.20142441710471
pooled_2005_2019,730,6.90391329759197
pooled_2005_2019,731,6.69414509215569
pooled_2005_2019,732,6.5776261410793
pooled_2005_2019,733,6.90076605343508
pooled_2005_2019,734,7.20146781098714
pooled_2005_2019,735,6.71322941465262
pooled_2005_2019,736,6.20564835814357
pooled_2005_2019,737,7.42669426315362
pooled_2005_2019,738,6.8517793143898
pooled_2005_2019,739,6.63948970815833
pooled_2005_2019,740,6.22285206424912
pooled_2005_2019,741,6.7142941752074
pooled_2005_2019,742,7.13006720452427
pooled_2005_2019,743,7.16387961120444
pooled_2005_2019,744,6.89454579037694
pooled_2005_2019,745,6.79613777201103
pooled_2005_2019,746,7.43271804263046
pooled_2005_2019,747,6.94539859697342
pooled_2005_2019,748,6.18504678861569
pooled_2005_2019,749,6.4376027944632
pooled_2005_2019,750,6.84298563082008
pooled_2005_2019,751,7.04303913289299
pooled_2005_2019,752,7.13047659493861
pooled_2005_2019,753,7.23943540867441
pooled_2005_2019,754,7.25218621652442
pooled_2005_2019,755,6.22263303712314
pooled_2005_2019,756,6.69702859148965
pooled_2005_2019,757,6.39227049850186
pooled_2005_2019,758,6.41577649069277
pooled_2005_2019,759,6.44143669564645
pooled_2005_2019,760,7.12143291263967
pooled_2005_2019,761,6.49502070369066
pooled_2005_2019,762,7.2312045486971
pooled_2005_2019,763,7.529071604299
pooled_2005_2019,764,7.4297942968557
pooled_2005_2019,765,7.02564912312916
pooled_2005_2019,766,6.75759367170103
pooled_2005_2019,767,6.93415789799858
pooled_2005_2019,768,6.88829956744109
pooled_2005_2019,769,6.63050112941951
pooled_2005_2019,770,6.89213644045656
pooled_2005_2019,771,6.68441940165885
pooled_2005_2019,772,7.36785044178825
pooled_2005_2019,773,7.52719029886134
pooled_2005_2019,774,6.40892892762682
pooled_2005_2019,775,6.97798792630075
pooled_2005_2019,776,7.27668497345467
pooled_2005_2019,777,6.15520365940569
pooled_2005_2019,778,6.87570926052427
pooled_2005_2019,779,6.7651293811897
pooled_2005_2019,780,6.46251702495542
pooled_2005_2019,781,6.20381788737833
pooled_2005_2019,782,7.26792583198577
pooled_2005_2019,783,6.56664625417063
pooled_2005_2019,784,7.06937119846703
pooled_2005_2019,785,6.84485048468147
pooled_2005_2019,786,6.88094023958494
pooled_2005_2019,787,6.3054082454118
pooled_2005_2019,788,6.64520978907539
pooled_2005_2019,789,7.0264419829051
pooled_2005_2019,790,7.54095573544222
pooled_2005_2019,791,7.26549809622915
pooled_2005_2019,792,6.14682852171845
pooled_2005_2019,793,6.58563249765394
pooled_2005_2019,794,7.8336082490559
pooled_2005_2019,795,6.7681058107897
pooled_2005_2019,796,6.77650182702404
pooled_2005_2019,797,7.31955517994779
pooled_2005_2019,798,7.21541337994803
pooled_2005_2019,799,6.46661325028327
pooled_2005_2019,800,6.73657911693109
pooled_2005_2019,801,6.97386117512123
pooled_2005_2019,802,6.60067344437159
pooled_2005_2019,803,6.52409325241974
pooled_2005_2019,804,7.17851888812842
pooled_2005_2019,805,7.09911175445214
pooled_2005_2019,806,6.31895361579743
pooled_2005_2019,807,6.67088346824515
pooled_2005_2019,808,6.94234208967734
pooled_2005_2019,809,6.92688004253334
pooled_2005_2019,810,7.26522448343245
pooled_2005_2019,811,7.32054270413838
pooled_2005_2019,812,6.84055849061675
pooled_2005_2019,813,6.83721772441015
pooled_2005_2019,814,6.98800495867583
pooled_2005_2019,815,6.42945559264558
pooled_2005_2019,816,7.92836751211329
pooled_2005_2019,817,7.94575017886774
pooled_2005_2019,818,6.09952300023977
pooled_2005_2019,819,6.85385909528616
pooled_2005_2019,820,7.4619670378538
pooled_2005_2019,821,6.60429442723614
pooled_2005_2019,822,7.42017264897245
pooled_2005_2019,823,7.49752950314581
pooled_2005_2019,824,6.83817502747994
pooled_2005_2019,825,6.89984313737869
pooled_2005_2019,826,6.22457715392403
pooled_2005_2019,827,7.44100114621788
pooled_2005_2019,828,7.39952933050672
pooled_2005_2019,829,7.5680398932161
pooled_2005_2019,830,6.38191294862553
pooled_2005_2019,831,7.10006089436821
pooled_2005_2019,832,7.05359951967141
pooled_2005_2019,833,6.9251602693153
pooled_2005_2019,834,6.68196828043704
pooled_2005_2019,835,7.7079635249697
pooled_2005_2019,836,7.58504748931353
pooled_2005_2019,837,6.83232557656728
pooled_2005_2019,838,6.69710432816614
pooled_2005_2019,839,6.9057244286615
pooled_2005_2019,840,7.14877073870117
pooled_2005_2019,841,6.3175229427466
pooled_2005_2019,842,7.0144072126099
pooled_2005_2019,843,6.28099924374995
pooled_2005_2019,844,6.42011700818373
pooled_2005_2019,845,7.51562383340224
pooled_2005_2019,846,7.81992432576896
pooled_2005_2019,847,6.84963990975295
pooled_2005_2019,848,6.47636906782461
pooled_2005_2019,849,6.66315343881284
pooled_2005_2019,850,6.92543573124612
pooled_2005_2019,851,6.69797655849656
pooled_2005_2019,852,6.57754730878477
pooled_2005_2019,853,6.79208636197041
pooled_2005_2019,854,6.71618558109802
pooled_2005_2019,855,7.41234445497627
pooled_2005_2019,856,6.54614699978317
pooled_2005_2019,857,6.70074961095784
pooled_2005_2019,858,6.75558853111912
pooled_2005_2019,859,7.20393519046041
pooled_2005_2019,860,7.38354719630099
pooled_2005_2019,861,6.62959702735986
pooled_2005_2019,862,7.18621311640477
pooled_2005_2019,863,7.33443681487943
pooled_2005_2019,864,7.18565208687332
pooled_2005_2019,865,7.34390731854394
pooled_2005_2019,866,7.08862890549761
pooled_2005_2019,867,7.52999586520652
pooled_2005_2019,868,6.87710015009879
pooled_2005_2019,869,7.52670467080763
pooled_2005_2019,870,7.58286367093494
pooled_2005_2019,871,6.62380329406631
pooled_2005_2019,872,6.87198009515165
pooled_2005_2019,873,6.89058091923842
pooled_2005_2019,874,7.21804511417942
pooled_2005_2019,875,7.01912571922697
pooled_2005_2019,876,5.88301709579213
pooled_2005_2019,877,6.92391333796223
pooled_2005_2019,878,6.92026656181358
pooled_2005_2019,879,6.87403201906303
pooled_2005_2019,880,7.5715629177622
pooled_2005_2019,881,6.99689923353507
pooled_2005_2019,882,7.12250146700608
pooled_2005_2019,883,6.63011147430197
pooled_2005_2019,884,6.39718540991384
pooled_2005_2019,885,6.70586468315337
pooled_2005_2019,886,6.77333856278571
pooled_2005_2019,887,6.73290373425392
pooled_2005_2019,888,6.55886019575825
pooled_2005_2019,889,7.31318334718743
pooled_2005_2019,890,6.87909311495704
pooled_2005_2019,891,6.95039048076659
pooled_2005_2019,892,6.64253326138713
pooled_2005_2019,893,6.60664539899832
pooled_2005_2019,894,7.12646278531045
pooled_2005_2019,895,7.21323325049614
pooled_2005_2019,896,6.77738956972086
pooled_2005_2019,897,6.37744407129045
pooled_2005_2019,898,6.39482289318538
pooled_2005_2019,899,6.73575986030133
pooled_2005_2019,900,6.63385378132951
pooled_2005_2019,901,6.83667623030847
pooled_2005_2019,902,6.66004357963786
pooled_2005_2019,903,7.45027792817558
pooled_2005_2019,904,6.98062491928837
pooled_2005_2019,905,7.30342724916249
pooled_2005_2019,906,6.96867463536652
pooled_2005_2019,907,6.56738197889147
pooled_2005_2019,908,6.51161791542414
pooled_2005_2019,909,7.26753882205954
pooled_2005_2019,910,6.77279406973872
pooled_2005_2019,911,6.75901262652224
pooled_2005_2019,912,7.13001224278249
pooled_2005_2019,913,6.75356486483706
pooled_2005_2019,914,6.84393232250359
pooled_2005_2019,915,6.44280686544137
pooled_2005_2019,916,6.98839306425317
pooled_2005_2019,917,6.60349566788748
pooled_2005_2019,918,6.69454733216295
pooled_2005_2019,919,6.74041248358005
pooled_2005_2019,920,6.95372603288068
pooled_2005_2019,921,7.2189161319401
pooled_2005_2019,922,6.66949869821731
pooled_2005_2019,923,6.71797926957584
pooled_2005_2019,924,6.66579526283878
pooled_2005_2019,925,6.47341059850235
pooled_2005_2019,926,7.06676553532375
pooled_2005_2019,927,6.40471278601512
pooled_2005_2019,928,7.41304630689565
pooled_2005_2019,929,6.82276739408363
pooled_2005_2019,930,7.30133014308663
pooled_2005_2019,931,6.70308998527388
pooled_2005_2019,932,6.36208663591216
pooled_2005_2019,933,7.20891507301281
pooled_2005_2019,934,6.87581984740451
pooled_2005_2019,935,6.74790773067452
pooled_2005_2019,936,7.07507937812932
pooled_2005_2019,937,6.86704997068388
pooled_2005_2019,938,6.16454623078687
pooled_2005_2019,939,6.78911143019327
pooled_2005_2019,940,6.70156178347309
pooled_2005_2019,941,6.73387565426764
pooled_2005_2019,942,7.2176683812586
pooled_2005_2019,943,6.89392525633849
pooled_2005_2019,944,6.97217332963445
pooled_2005_2019,945,6.59694678358752
pooled_2005_2019,946,6.360437395834
pooled_2005_2019,947,6.39093606574746
pooled_2005_2019,948,6.39085644060903
pooled_2005_2019,949,7.12016374174179
pooled_2005_2019,950,7.05803978612485
pooled_2005_2019,951,7.0559905250367
pooled_2005_2019,952,7.00429792926311
pooled_2005_2019,953,7.52370416341127
pooled_2005_2019,954,6.91444086791029
pooled_2005_2019,955,7.16836771774406
pooled_2005_2019,956,7.22038480759459
pooled_2005_2019,957,6.73853640700385
pooled_2005_2019,958,6.83216139313575
pooled_2005_2019,959,6.86592567579543
pooled_2005_2019,960,7.22630605935698
pooled_2005_2019,961,6.647622935198
pooled_2005_2019,962,6.80962704380561
pooled_2005_2019,963,7.44398908117082
pooled_2005_2019,964,7.15178554195978
pooled_2005_2019,965,6.75618999553371
pooled_2005_2019,966,7.85078411548829
pooled_2005_2019,967,6.64576382341627
pooled_2005_2019,968,7.15245195136374
pooled_2005_2019,969,7.11821356861278
pooled_2005_2019,970,6.82800005082542
pooled_2005_2019,971,6.37427074002536
pooled_2005_2019,972,6.18526503221715
pooled_2005_2019,973,7.44536144385455
pooled_2005_2019,974,7.42938672779672
pooled_2005_2019,975,6.6872300621707
pooled_2005_2019,976,6.69997102382709
pooled_2005_2019,977,7.35674439982848
pooled_2005_2019,978,6.48689629431301
pooled_2005_2019,979,6.33233974977278
pooled_2005_2019,980,6.57747825814908
pooled_2005_2019,981,6.49398941648582
pooled_2005_2019,982,6.79819237380282
pooled_2005_2019,983,6.76297525357834
pooled_2005_2019,984,6.7146639811866
pooled_2005_2019,985,6.79773772802817
pooled_2005_2019,986,6.32255643545351
pooled_2005_2019,987,6.99472221725334
pooled_2005_2019,988,6.62162792761036
pooled_2005_2019,989,6.73338291386378
pooled_2005_2019,990,6.69893569712846
pooled_2005_2019,991,6.65316362712437
pooled_2005_2019,992,6.55755158148295
pooled_2005_2019,993,6.55726498496712
pooled_2005_2019,994,6.89258372130839
pooled_2005_2019,995,7.08932006195659
pooled_2005_2019,996,6.50476287148673
pooled_2005_2019,997,6.96601742863861
pooled_2005_2019,998,6.86556265476947
pooled_2005_2019,999,6.68041367910973
initial_2005_2007,1,6.87566197698919
initial_2005_2007,2,6.36173390912563
initial_2005_2007,3,8.23021577101276
initial_2005_2007,4,6.90143236335403
initial_2005_2007,5,6.97477538283579
initial_2005_2007,6,7.10460801656636
initial_2005_2007,7,7.20208720739789
initial_2005_2007,8,6.45810330344862
initial_2005_2007,9,7.29806623981083
initial_2005_2007,10,6.81976432534462
initial_2005_2007,11,6.18622002801431
initial_2005_2007,12,7.20063515099265
initial_2005_2007,13,7.35834042671763
initial_2005_2007,14,6.44987395881129
initial_2005_2007,15,6.81037909281361
initial_2005_2007,16,7.44940623443195
initial_2005_2007,17,6.90068853428256
initial_2005_2007,18,7.33309799538166
initial_2005_2007,19,7.54101654980843
initial_2005_2007,20,6.90445588673347
initial_2005_2007,21,6.7743543690402
initial_2005_2007,22,6.89950974631067
initial_2005_2007,23,6.94364968831898
initial_2005_2007,24,6.99840384039046
initial_2005_2007,25,6.42333595212392
initial_2005_2007,26,7.11704556120025
initial_2005_2007,27,6.96981549461202
initial_2005_2007,28,6.97044255468152
initial_2005_2007,29,7.66411275232168
initial_2005_2007,30,7.67690912034452
initial_2005_2007,31,6.97509359264582
initial_2005_2007,32,6.93204355249952
initial_2005_2007,33,6.47619572249772
initial_2005_2007,34,6.88700388270548
initial_2005_2007,35,7.55570394860653
initial_2005_2007,36,7.29516538115877
initial_2005_2007,37,6.85886162823135
initial_2005_2007,38,7.25313263645639
initial_2005_2007,39,6.80552788800611
initial_2005_2007,40,7.07499258264443
initial_2005_2007,41,7.06303503887742
initial_2005_2007,42,6.96407391075971
initial_2005_2007,43,6.71860591506094
initial_2005_2007,44,7.29068495083652
initial_2005_2007,45,6.59195499283549
initial_2005_2007,46,7.05284324559715
initial_2005_2007,47,6.53046253060225
initial_2005_2007,48,6.80890359906674
initial_2005_2007,49,6.81536690027094
initial_2005_2007,50,6.90051414028175
initial_2005_2007,51,6.38243017650278
initial_2005_2007,52,6.57284578455533
initial_2005_2007,53,6.94529430044719
initial_2005_2007,54,6.5113936214204
initial_2005_2007,55,6.93723059489258
initial_2005_2007,56,6.55140546151148
initial_2005_2007,57,6.61287653722905
initial_2005_2007,58,6.35267473870068
initial_2005_2007,59,6.66206201236112
initial_2005_2007,60,7.12730551084694
initial_2005_2007,61,6.89151340979448
initial_2005_2007,62,6.78927961886048
initial_2005_2007,63,7.39691423400882
initial_2005_2007,64,7.7463920272337
initial_2005_2007,65,6.98297424383516
initial_2005_2007,66,6.8342075473243
initial_2005_2007,67,6.5790707581987
initial_2005_2007,68,6.30570214842228
initial_2005_2007,69,6.5063890675672
initial_2005_2007,70,7.23252279951451
initial_2005_2007,71,7.50131909291397
initial_2005_2007,72,7.23776575041998
initial_2005_2007,73,6.55343869988049
initial_2005_2007,74,7.32342421637685
initial_2005_2007,75,6.73277162010691
initial_2005_2007,76,7.00741202960291
initial_2005_2007,77,7.10545046570968
initial_2005_2007,78,7.17466545045544
initial_2005_2007,79,7.12426877227466
initial_2005_2007,80,6.68984177664069
initial_2005_2007,81,6.3288409619406
initial_2005_2007,82,6.55920892674129
initial_2005_2007,83,6.81712088919997
initial_2005_2007,84,7.86255111857375
initial_2005_2007,85,6.5679097869482
initial_2005_2007,86,7.09422256669208
initial_2005_2007,87,6.31001050354775
initial_2005_2007,88,6.93116253894137
initial_2005_2007,89,7.36659112391787
initial_2005_2007,90,6.98110622835524
initial_2005_2007,91,6.58946936029805
initial_2005_2007,92,6.71601899970751
initial_2005_2007,93,7.08396794414523
initial_2005_2007,94,6.59272503607897
initial_2005_2007,95,6.74879265180479
initial_2005_2007,96,7.7918222286568
initial_2005_2007,97,6.71893720236916
initial_2005_2007,98,6.89621595824466
initial_2005_2007,99,6.61811287048451
initial_2005_2007,100,6.78412191994086
initial_2005_2007,101,7.05776513958713
initial_2005_2007,102,6.88938328620975
initial_2005_2007,103,6.9222338304598
initial_2005_2007,104,6.46210576426331
initial_2005_2007,105,7.17231243387698
initial_2005_2007,106,7.43283245095519
initial_2005_2007,107,6.16208642772911
initial_2005_2007,108,7.40903482690552
initial_2005_2007,109,7.27455780661778
initial_2005_2007,110,7.47802098838468
initial_2005_2007,111,6.99770624991666
initial_2005_2007,112,6.50383073757774
initial_2005_2007,113,6.99421363922737
initial_2005_2007,114,7.36927391190465
initial_2005_2007,115,6.77365634947758
initial_2005_2007,116,5.9929311295
initial_2005_2007,117,6.67677927408325
initial_2005_2007,118,7.49394120444377
initial_2005_2007,119,6.9954085652435
initial_2005_2007,120,6.98372844561489
initial_2005_2007,121,6.81809179207312
initial_2005_2007,122,6.86754398676165
initial_2005_2007,123,7.02753965294631
initial_2005_2007,124,7.21060100252891
initial_2005_2007,125,7.58845071369064
initial_2005_2007,126,6.4957634425844
initial_2005_2007,127,6.64234652777121
initial_2005_2007,128,6.46531079670741
initial_2005_2007,129,6.30851668773919
initial_2005_2007,130,6.91288354922505
initial_2005_2007,131,7.25329573343409
initial_2005_2007,132,6.84581849139882
initial_2005_2007,133,6.65638840310052
initial_2005_2007,134,6.75702774408162
initial_2005_2007,135,7.30150587714578
initial_2005_2007,136,6.52294760357935
initial_2005_2007,137,7.69629561603823
initial_2005_2007,138,7.51950847895687
initial_2005_2007,139,7.02497735137294
initial_2005_2007,140,6.29375597498127
initial_2005_2007,141,6.873949804557
initial_2005_2007,142,6.70773580241034
initial_2005_2007,143,7.47938161984025
initial_2005_2007,144,6.56645651305197
initial_2005_2007,145,6.75250649256943
initial_2005_2007,146,7.25301976093207
initial_2005_2007,147,7.39016121434596
initial_2005_2007,148,7.28708433314016
initial_2005_2007,149,6.70509402587553
initial_2005_2007,150,7.1531842845442
initial_2005_2007,151,6.26059419288517
initial_2005_2007,152,6.59718892014733
initial_2005_2007,153,7.43456512750555
initial_2005_2007,154,7.14468338756438
initial_2005_2007,155,6.62529919736634
initial_2005_2007,156,6.61879609971494
initial_2005_2007,157,6.6904955351634
initial_2005_2007,158,7.04614322738808
initial_2005_2007,159,7.48224174583552
initial_2005_2007,160,6.29852582074104
initial_2005_2007,161,6.63369237836314
initial_2005_2007,162,6.46899732406524
initial_2005_2007,163,7.09410641438319
initial_2005_2007,164,6.85320368701423
initial_2005_2007,165,6.41636949157474
initial_2005_2007,166,7.13463466823546
initial_2005_2007,167,7.73861300323784
initial_2005_2007,168,7.62772451179494
initial_2005_2007,169,6.85358716303187
initial_2005_2007,170,6.99626715346256
initial_2005_2007,171,6.98145626881973
initial_2005_2007,172,6.67603961053693
initial_2005_2007,173,6.77524748003588
initial_2005_2007,174,6.85063087693661
initial_2005_2007,175,6.1577292834713
initial_2005_2007,176,7.2517798933203
initial_2005_2007,177,7.11825584272634
initial_2005_2007,178,6.97177305488881
initial_2005_2007,179,6.74194374391335
initial_2005_2007,180,6.84991475711365
initial_2005_2007,181,7.3758923061253
initial_2005_2007,182,6.65326523225968
initial_2005_2007,183,6.86780079992475
initial_2005_2007,184,7.69354089642496
initial_2005_2007,185,7.28556863817947
initial_2005_2007,186,6.55022329584438
initial_2005_2007,187,7.60649852438423
initial_2005_2007,188,6.45715196058807
initial_2005_2007,189,6.69858938326661
initial_2005_2007,190,6.84976449630724
initial_2005_2007,191,7.22130950223077
initial_2005_2007,192,6.22760352394197
initial_2005_2007,193,6.90559659957017
initial_2005_2007,194,6.98336318720301
initial_2005_2007,195,6.67332412441576
initial_2005_2007,196,7.01092843402694
initial_2005_2007,197,7.44306543285644
initial_2005_2007,198,6.48580233261434
initial_2005_2007,199,6.63650538358085
initial_2005_2007,200,7.3877884188508
initial_2005_2007,201,6.58406779483445
initial_2005_2007,202,7.248051513075
initial_2005_2007,203,6.40159274465917
initial_2005_2007,204,6.86505671226667
initial_2005_2007,205,6.66082259253628
initial_2005_2007,206,6.92891084823185
initial_2005_2007,207,7.00944173765442
initial_2005_2007,208,7.49239168317719
initial_2005_2007,209,6.73185038806876
initial_2005_2007,210,7.14209325547959
initial_2005_2007,211,6.46684600439127
initial_2005_2007,212,6.46093852114895
initial_2005_2007,213,6.92822958338324
initial_2005_2007,214,7.05377672358067
initial_2005_2007,215,6.78160704734055
initial_2005_2007,216,7.29286780862675
initial_2005_2007,217,7.54357896489547
initial_2005_2007,218,7.17044313089247
initial_2005_2007,219,7.16062634781855
initial_2005_2007,220,7.64324015280872
initial_2005_2007,221,6.80626686260992
initial_2005_2007,222,6.969707872129
initial_2005_2007,223,7.23716271408917
initial_2005_2007,224,7.10775740431954
initial_2005_2007,225,6.64217345272862
initial_2005_2007,226,7.603540217296
initial_2005_2007,227,7.01368057388992
initial_2005_2007,228,7.12819824697547
initial_2005_2007,229,7.0506945016861
initial_2005_2007,230,7.31315725428581
initial_2005_2007,231,6.44906308108792
initial_2005_2007,232,6.91165545455121
initial_2005_2007,233,6.93039986483457
initial_2005_2007,234,6.70064506982444
initial_2005_2007,235,7.67821336890041
initial_2005_2007,236,6.49189232991411
initial_2005_2007,237,6.44916572668259
initial_2005_2007,238,7.37895166096704
initial_2005_2007,239,6.89759026261524
initial_2005_2007,240,6.96490449209408
initial_2005_2007,241,6.08493808099609
initial_2005_2007,242,6.46939879958003
initial_2005_2007,243,6.27881373659237
initial_2005_2007,244,6.68298257191186
initial_2005_2007,245,6.0875628783052
initial_2005_2007,246,8.13973311691009
initial_2005_2007,247,6.59638712980709
initial_2005_2007,248,6.79181108818522
initial_2005_2007,249,7.29158909160992
initial_2005_2007,250,7.1537158919625
initial_2005_2007,251,7.12359987026887
initial_2005_2007,252,6.85372858278256
initial_2005_2007,253,6.18751957650472
initial_2005_2007,254,6.81387039652491
initial_2005_2007,255,7.35212193615591
initial_2005_2007,256,6.96684542177981
initial_2005_2007,257,6.28338873396685
initial_2005_2007,258,6.55760043919435
initial_2005_2007,259,6.065515510371
initial_2005_2007,260,6.99141612313168
initial_2005_2007,261,6.96902522965515
initial_2005_2007,262,6.45656908363975
initial_2005_2007,263,7.24807922362023
initial_2005_2007,264,6.74248484977737
initial_2005_2007,265,6.8018184647775
initial_2005_2007,266,7.26798588908082
initial_2005_2007,267,6.79542566301203
initial_2005_2007,268,7.56107651028355
initial_2005_2007,269,7.15017597830889
initial_2005_2007,270,7.2929083725829
initial_2005_2007,271,6.84045742857891
initial_2005_2007,272,6.58559543046574
initial_2005_2007,273,6.5595036489144
initial_2005_2007,274,7.29097198520552
initial_2005_2007,275,7.40577075042266
initial_2005_2007,276,7.23392447194219
initial_2005_2007,277,6.8512361409059
initial_2005_2007,278,6.14250446360699
initial_2005_2007,279,6.17574098315868
initial_2005_2007,280,7.00372339367154
initial_2005_2007,281,7.21481542981804
initial_2005_2007,282,7.16994917462975
initial_2005_2007,283,6.25532452911244
initial_2005_2007,284,6.80428634860626
initial_2005_2007,285,7.68269503607358
initial_2005_2007,286,7.39303840875592
initial_2005_2007,287,6.28801154233671
initial_2005_2007,288,6.86055568118712
initial_2005_2007,289,6.57013932935977
initial_2005_2007,290,7.23162679341364
initial_2005_2007,291,7.08248587980029
initial_2005_2007,292,6.4688347677994
initial_2005_2007,293,7.10261813946182
initial_2005_2007,294,6.35068274400882
initial_2005_2007,295,6.75597545685614
initial_2005_2007,296,6.3531754007093
initial_2005_2007,297,7.26975123403124
initial_2005_2007,298,6.98831731754168
initial_2005_2007,299,6.67707909266489
initial_2005_2007,300,8.03700966548113
initial_2005_2007,301,6.9759975745122
initial_2005_2007,302,7.44398248134845
initial_2005_2007,303,6.73391059659684
initial_2005_2007,304,7.15512612382365
initial_2005_2007,305,7.35157657431071
initial_2005_2007,306,6.91574509389679
initial_2005_2007,307,7.41022105273686
initial_2005_2007,308,6.93198872050372
initial_2005_2007,309,7.84920042002152
initial_2005_2007,310,6.59500130114435
initial_2005_2007,311,6.78193370435604
initial_2005_2007,312,6.90527355975234
initial_2005_2007,313,6.92333308430246
initial_2005_2007,314,7.21726041712545
initial_2005_2007,315,6.68150360382238
initial_2005_2007,316,6.63043748925609
initial_2005_2007,317,7.01630544064309
initial_2005_2007,318,7.43213038596386
initial_2005_2007,319,6.71003304243622
initial_2005_2007,320,7.39454717727448
initial_2005_2007,321,7.15481376156021
initial_2005_2007,322,7.70486485470127
initial_2005_2007,323,7.04616504212865
initial_2005_2007,324,6.94477132909423
initial_2005_2007,325,7.45899732831293
initial_2005_2007,326,7.34875265562961
initial_2005_2007,327,7.77605615013863
initial_2005_2007,328,6.82983498545118
initial_2005_2007,329,6.73711925885012
initial_2005_2007,330,6.40704885654124
initial_2005_2007,331,8.25382576138674
initial_2005_2007,332,6.24696935723668
initial_2005_2007,333,6.41483615506116
initial_2005_2007,334,7.05420940102958
initial_2005_2007,335,6.53253159745002
initial_2005_2007,336,6.85334628631445
initial_2005_2007,337,6.92742533624912
initial_2005_2007,338,6.66119749697935
initial_2005_2007,339,6.49346643302565
initial_2005_2007,340,6.74620070642037
initial_2005_2007,341,6.45387948099177
initial_2005_2007,342,6.65160096780683
initial_2005_2007,343,6.58676785480187
initial_2005_2007,344,6.76511508359255
initial_2005_2007,345,7.67512709357666
initial_2005_2007,346,7.1929427553899
initial_2005_2007,347,6.27537266507021
initial_2005_2007,348,6.02243716981478
initial_2005_2007,349,6.49071197673455
initial_2005_2007,350,6.46139818613357
initial_2005_2007,351,6.6131227768658
initial_2005_2007,352,7.26254896558036
initial_2005_2007,353,7.37533391753082
initial_2005_2007,354,6.60087511490438
initial_2005_2007,355,7.3077915020958
initial_2005_2007,356,6.60140790566739
initial_2005_2007,357,7.31113890147722
initial_2005_2007,358,7.00717650768558
initial_2005_2007,359,6.68558747363452
initial_2005_2007,360,6.40292240368848
initial_2005_2007,361,6.83125301424516
initial_2005_2007,362,7.14951135526391
initial_2005_2007,363,6.58194587321439
initial_2005_2007,364,6.59658666870891
initial_2005_2007,365,6.83385527399399
initial_2005_2007,366,6.63448238407098
initial_2005_2007,367,7.24762753525773
initial_2005_2007,368,7.36586597083163
initial_2005_2007,369,7.16053183619652
initial_2005_2007,370,7.18318008703247
initial_2005_2007,371,6.75806640057516
initial_2005_2007,372,6.70890362344245
initial_2005_2007,373,7.07972190439405
initial_2005_2007,374,6.86828509747138
initial_2005_2007,375,6.50510664348464
initial_2005_2007,376,7.45911705103681
initial_2005_2007,377,6.6486356660542
initial_2005_2007,378,6.88331176475238
initial_2005_2007,379,7.08724516372434
initial_2005_2007,380,6.77173367421292
initial_2005_2007,381,6.84295311321649
initial_2005_2007,382,7.06128834517126
initial_2005_2007,383,6.69285485990031
initial_2005_2007,384,6.94895482641743
initial_2005_2007,385,6.9877129061612
initial_2005_2007,386,7.04694328487918
initial_2005_2007,387,6.92236779736548
initial_2005_2007,388,6.84573405390533
initial_2005_2007,389,6.79672524117722
initial_2005_2007,390,7.18050807500106
initial_2005_2007,391,8.0121661423191
initial_2005_2007,392,6.5445640848079
initial_2005_2007,393,6.28837329016497
initial_2005_2007,394,6.85964247670226
initial_2005_2007,395,6.69333328466677
initial_2005_2007,396,7.80587070588597
initial_2005_2007,397,6.85033322316127
initial_2005_2007,398,6.50048477654354
initial_2005_2007,399,7.69264924371165
initial_2005_2007,400,6.77256870109606
initial_2005_2007,401,7.00348581411577
initial_2005_2007,402,7.27472817098807
initial_2005_2007,403,6.90761064781638
initial_2005_2007,404,6.9461840063707
initial_2005_2007,405,6.80756596142463
initial_2005_2007,406,6.87537920684201
initial_2005_2007,407,6.6875759750471
initial_2005_2007,408,6.47499850756273
initial_2005_2007,409,7.89211043984706
initial_2005_2007,410,7.29408625000829
initial_2005_2007,411,7.77273456903926
initial_2005_2007,412,7.39216515979855
initial_2005_2007,413,6.84161403950972
initial_2005_2007,414,6.4230388287042
initial_2005_2007,415,7.11791395005875
initial_2005_2007,416,7.19099477597012
initial_2005_2007,417,7.0459821637345
initial_2005_2007,418,6.94544228260631
initial_2005_2007,419,6.90518023964988
initial_2005_2007,420,6.14335273980474
initial_2005_2007,421,6.54394847134222
initial_2005_2007,422,6.38200289449288
initial_2005_2007,423,6.77467009878541
initial_2005_2007,424,6.03831694269033
initial_2005_2007,425,7.5835776585494
initial_2005_2007,426,7.04416761258689
initial_2005_2007,427,7.70862771834492
initial_2005_2007,428,7.28795282502921
initial_2005_2007,429,6.562216448651
initial_2005_2007,430,6.90104749713535
initial_2005_2007,431,7.04176683461932
initial_2005_2007,432,6.45734162366116
initial_2005_2007,433,7.16499417808268
initial_2005_2007,434,6.59831984156219
initial_2005_2007,435,7.04673577366156
initial_2005_2007,436,6.88860180802641
initial_2005_2007,437,7.17695689441043
initial_2005_2007,438,6.47123337982625
initial_2005_2007,439,6.486076419729
initial_2005_2007,440,6.87104204181193
initial_2005_2007,441,7.49135575415139
initial_2005_2007,442,7.41831294558641
initial_2005_2007,443,7.52068548581644
initial_2005_2007,444,6.61926042335071
initial_2005_2007,445,6.12188705274875
initial_2005_2007,446,6.99862597850714
initial_2005_2007,447,7.2791671549707
initial_2005_2007,448,7.14600984743759
initial_2005_2007,449,6.67688225605735
initial_2005_2007,450,7.56769599548667
initial_2005_2007,451,6.99938499051797
initial_2005_2007,452,7.16803908277672
initial_2005_2007,453,6.41162972621494
initial_2005_2007,454,7.08862969337655
initial_2005_2007,455,6.98997011627024
initial_2005_2007,456,6.99571292531542
initial_2005_2007,457,7.01911410386883
initial_2005_2007,458,7.67709997779164
initial_2005_2007,459,7.32461873246643
initial_2005_2007,460,7.0868579976425
initial_2005_2007,461,7.55921292160879
initial_2005_2007,462,7.73943578317977
initial_2005_2007,463,7.23910982834596
initial_2005_2007,464,7.27167797306778
initial_2005_2007,465,6.85973227678292
initial_2005_2007,466,6.48776556032678
initial_2005_2007,467,6.92566489484196
initial_2005_2007,468,7.39543943091374
initial_2005_2007,469,7.03680265869339
initial_2005_2007,470,6.66342848577161
initial_2005_2007,471,6.45348341841185
initial_2005_2007,472,6.24013489492604
initial_2005_2007,473,6.92571115238148
initial_2005_2007,474,6.35394626234617
initial_2005_2007,475,6.73007668891965
initial_2005_2007,476,6.63141628167464
initial_2005_2007,477,7.33621442892356
initial_2005_2007,478,6.32213668972827
initial_2005_2007,479,6.68283322713301
initial_2005_2007,480,7.58941422376759
initial_2005_2007,481,7.14964929231617
initial_2005_2007,482,6.60005151681944
initial_2005_2007,483,6.24427944602323
initial_2005_2007,484,6.62219399412978
initial_2005_2007,485,7.44349302088337
initial_2005_2007,486,7.10580612957837
initial_2005_2007,487,6.27509955396328
initial_2005_2007,488,6.7689233550818
initial_2005_2007,489,8.02655536929814
initial_2005_2007,490,7.33487583846187
initial_2005_2007,491,7.09197861596015
initial_2005_2007,492,6.66057515773151
initial_2005_2007,493,7.69717123651783
initial_2005_2007,494,7.24297100836079
initial_2005_2007,495,6.74566314628476
initial_2005_2007,496,6.71968645432592
initial_2005_2007,497,6.88545055748986
initial_2005_2007,498,6.73672048493702
initial_2005_2007,499,6.60963443487275
initial_2005_2007,500,6.54619034242025
initial_2005_2007,501,6.83421794560851
initial_2005_2007,502,6.45257868047161
initial_2005_2007,503,7.21648200059105
initial_2005_2007,504,7.05216661025119
initial_2005_2007,505,7.19453962804204
initial_2005_2007,506,6.9777006625595
initial_2005_2007,507,7.16538717702333
initial_2005_2007,508,7.46458374917942
initial_2005_2007,509,6.51524727618326
initial_2005_2007,510,6.55563653177817
initial_2005_2007,511,7.05915927185551
initial_2005_2007,512,7.31176505838761
initial_2005_2007,513,6.96943850894941
initial_2005_2007,514,7.47224408261575
initial_2005_2007,515,7.16458257821802
initial_2005_2007,516,6.59313967584119
initial_2005_2007,517,6.38777900528788
initial_2005_2007,518,6.90689106644543
initial_2005_2007,519,7.29204177444065
initial_2005_2007,520,7.27352526961568
initial_2005_2007,521,7.02211459423636
initial_2005_2007,522,6.76478093131499
initial_2005_2007,523,6.86203487755239
initial_2005_2007,524,7.3482647932429
initial_2005_2007,525,6.8160581657305
initial_2005_2007,526,6.37775010966325
initial_2005_2007,527,6.68717165043303
initial_2005_2007,528,7.04940464667922
initial_2005_2007,529,6.5054387489018
initial_2005_2007,530,6.89247652205814
initial_2005_2007,531,7.73574909091827
initial_2005_2007,532,6.53716106104533
initial_2005_2007,533,7.13075735027057
initial_2005_2007,534,6.86762851116863
initial_2005_2007,535,6.71790754078589
initial_2005_2007,536,6.89369937418657
initial_2005_2007,537,6.93702971688901
initial_2005_2007,538,7.00728943844834
initial_2005_2007,539,6.42761588780503
initial_2005_2007,540,7.87035105813645
initial_2005_2007,541,6.68795184759243
initial_2005_2007,542,6.381251929311
initial_2005_2007,543,7.65338856944488
initial_2005_2007,544,7.19273564572964
initial_2005_2007,545,6.76252205905809
initial_2005_2007,546,7.3833409989035
initial_2005_2007,547,6.49002226951044
initial_2005_2007,548,6.75150538320607
initial_2005_2007,549,7.63519140633264
initial_2005_2007,550,7.46335014585141
initial_2005_2007,551,6.70467918124782
initial_2005_2007,552,6.56139706130363
initial_2005_2007,553,6.7874462961932
initial_2005_2007,554,7.44224778197948
initial_2005_2007,555,6.84154727012615
initial_2005_2007,556,6.89186709734432
initial_2005_2007,557,7.13866619866062
initial_2005_2007,558,6.46087050067352
initial_2005_2007,559,7.33106459435818
initial_2005_2007,560,6.82929024483423
initial_2005_2007,561,7.34096965370677
initial_2005_2007,562,6.70636979757069
initial_2005_2007,563,6.8811445295403
initial_2005_2007,564,6.54004909587396
initial_2005_2007,565,7.14605958591954
initial_2005_2007,566,6.84428661743195
initial_2005_2007,567,7.18250371112287
initial_2005_2007,568,6.61699543090695
initial_2005_2007,569,6.67304149099033
initial_2005_2007,570,6.40220739178386
initial_2005_2007,571,7.62697653021681
initial_2005_2007,572,6.64681628963285
initial_2005_2007,573,7.39085362002729
initial_2005_2007,574,6.49215176966245
initial_2005_2007,575,7.21680982974213
initial_2005_2007,576,7.27596023991253
initial_2005_2007,577,6.68191199870328
initial_2005_2007,578,6.12133701825611
initial_2005_2007,579,7.24537925996745
initial_2005_2007,580,6.94797690531659
initial_2005_2007,581,6.60388209869292
initial_2005_2007,582,6.78011321773333
initial_2005_2007,583,7.03178137557274
initial_2005_2007,584,6.74508362483907
initial_2005_2007,585,6.53411518829643
initial_2005_2007,586,6.56306694901023
initial_2005_2007,587,6.7888560416587
initial_2005_2007,588,6.42550135743058
initial_2005_2007,589,7.41849021485993
initial_2005_2007,590,7.27868954846249
initial_2005_2007,591,7.06497014168362
initial_2005_2007,592,6.04006071930097
initial_2005_2007,593,6.69658261503076
initial_2005_2007,594,7.18940600972847
initial_2005_2007,595,7.87966092638122
initial_2005_2007,596,6.9684413443627
initial_2005_2007,597,6.9263218445127
initial_2005_2007,598,6.30589442519897
initial_2005_2007,599,6.82909860507589
initial_2005_2007,600,6.91334671518325
initial_2005_2007,601,7.15102116642982
initial_2005_2007,602,6.6955936237998
initial_2005_2007,603,7.01434767231655
initial_2005_2007,604,7.02193270516872
initial_2005_2007,605,7.41983021552014
initial_2005_2007,606,6.61788988545245
initial_2005_2007,607,7.93132368278516
initial_2005_2007,608,7.40613330685825
initial_2005_2007,609,6.69947982869651
initial_2005_2007,610,6.25770662844331
initial_2005_2007,611,7.53829143487747
initial_2005_2007,612,6.67331091202028
initial_2005_2007,613,6.50694890264222
initial_2005_2007,614,6.78512377411828
initial_2005_2007,615,6.9087967364923
initial_2005_2007,616,6.64657816200219
initial_2005_2007,617,6.28184687620899
initial_2005_2007,618,7.09755876825417
initial_2005_2007,619,7.60412638200542
initial_2005_2007,620,7.80681828266498
initial_2005_2007,621,6.82280724202971
initial_2005_2007,622,6.68378233429015
initial_2005_2007,623,7.2010425963862
initial_2005_2007,624,6.88537439708742
initial_2005_2007,625,6.74221890369192
initial_2005_2007,626,6.99167578586141
initial_2005_2007,627,6.30766360759366
initial_2005_2007,628,6.84847119818842
initial_2005_2007,629,6.53045914342087
initial_2005_2007,630,6.75377128009633
initial_2005_2007,631,7.15668657379911
initial_2005_2007,632,6.7514949287774
initial_2005_2007,633,6.40182714947379
initial_2005_2007,634,6.01891475603662
initial_2005_2007,635,6.91667741642709
initial_2005_2007,636,6.75037036089569
initial_2005_2007,637,6.84782890614426
initial_2005_2007,638,6.53487816721042
initial_2005_2007,639,6.71324972559236
initial_2005_2007,640,6.62975898781803
initial_2005_2007,641,6.67218096550397
initial_2005_2007,642,7.01703811588257
initial_2005_2007,643,7.30040549031628
initial_2005_2007,644,6.66831940220996
initial_2005_2007,645,7.10509002543256
initial_2005_2007,646,6.55720709110142
initial_2005_2007,647,7.08153996298989
initial_2005_2007,648,7.08962031296501
initial_2005_2007,649,7.04029561916395
initial_2005_2007,650,6.86799100678925
initial_2005_2007,651,7.31753737328071
initial_2005_2007,652,6.66631543387578
initial_2005_2007,653,6.93809654316498
initial_2005_2007,654,6.26317480347836
initial_2005_2007,655,6.49587540100599
initial_2005_2007,656,7.67929503970336
initial_2005_2007,657,7.07136594743442
initial_2005_2007,658,7.49669355219278
initial_2005_2007,659,6.98816871391949
initial_2005_2007,660,6.90347462583687
initial_2005_2007,661,6.87269608908007
initial_2005_2007,662,6.74402947783613
initial_2005_2007,663,7.08665915600463
initial_2005_2007,664,7.41679604359768
initial_2005_2007,665,7.63462882339731
initial_2005_2007,666,6.6318184093102
initial_2005_2007,667,7.38523215774597
initial_2005_2007,668,7.02013737702539
initial_2005_2007,669,6.59199463769573
initial_2005_2007,670,7.00222416090973
initial_2005_2007,671,6.29500411859998
initial_2005_2007,672,6.65179673159568
initial_2005_2007,673,7.63783368184815
initial_2005_2007,674,6.74496383335558
initial_2005_2007,675,6.45017818931019
initial_2005_2007,676,6.30438606256935
initial_2005_2007,677,7.9574956221258
initial_2005_2007,678,6.8601501010598
initial_2005_2007,679,7.06611193602751
initial_2005_2007,680,6.21946807983684
initial_2005_2007,681,6.35742902212165
initial_2005_2007,682,6.73232015980956
initial_2005_2007,683,6.62246999176416
initial_2005_2007,684,7.41847162332339
initial_2005_2007,685,7.48769090935658
initial_2005_2007,686,6.80606275042874
initial_2005_2007,687,7.05901877314825
initial_2005_2007,688,6.22271220246362
initial_2005_2007,689,7.69417730341607
initial_2005_2007,690,7.20041691154166
initial_2005_2007,691,7.01286360538146
initial_2005_2007,692,5.94833835762945
initial_2005_2007,693,6.78646702433512
initial_2005_2007,694,6.99252196560516
initial_2005_2007,695,6.55151912116138
initial_2005_2007,696,7.25389075825949
initial_2005_2007,697,6.66045967868108
initial_2005_2007,698,6.18802221431414
initial_2005_2007,699,7.50011145605558
initial_2005_2007,700,6.74405523392126
initial_2005_2007,701,6.09823390243521
initial_2005_2007,702,6.81788076643814
initial_2005_2007,703,6.14360929359314
initial_2005_2007,704,6.12960998413652
initial_2005_2007,705,6.6026877159719
initial_2005_2007,706,6.9611556065101
initial_2005_2007,707,6.5944848954257
initial_2005_2007,708,7.43482192912958
initial_2005_2007,709,6.63780258926534
initial_2005_2007,710,7.05239631254549
initial_2005_2007,711,6.90910712993275
initial_2005_2007,712,6.97814602375013
initial_2005_2007,713,7.36116389667849
initial_2005_2007,714,7.2711769989006
initial_2005_2007,715,6.90123465751892
initial_2005_2007,716,7.38874879823278
initial_2005_2007,717,7.15431607680495
initial_2005_2007,718,6.86764520159818
initial_2005_2007,719,7.45508540398217
initial_2005_2007,720,7.07793134947954
initial_2005_2007,721,6.45047652240065
initial_2005_2007,722,7.05307699132322
initial_2005_2007,723,7.48870817684034
initial_2005_2007,724,6.39933996857072
initial_2005_2007,725,6.85643351285951
initial_2005_2007,726,6.83084039898972
initial_2005_2007,727,6.93473656394077
initial_2005_2007,728,6.82334172901058
initial_2005_2007,729,7.47681972725825
initial_2005_2007,730,6.13927460610463
initial_2005_2007,731,7.21342232647638
initial_2005_2007,732,7.10151948015149
initial_2005_2007,733,6.8951398533936
initial_2005_2007,734,7.34350072030423
initial_2005_2007,735,6.8531586822061
initial_2005_2007,736,7.72054716503052
initial_2005_2007,737,7.05362629815402
initial_2005_2007,738,7.04293658394634
initial_2005_2007,739,7.64400095594767
initial_2005_2007,740,6.80256750022487
initial_2005_2007,741,6.39095133094428
initial_2005_2007,742,6.4267262799032
initial_2005_2007,743,6.97009798342226
initial_2005_2007,744,6.80954134822374
initial_2005_2007,745,6.42756487218493
initial_2005_2007,746,7.45049457938271
initial_2005_2007,747,6.39551949664167
initial_2005_2007,748,7.5690145337081
initial_2005_2007,749,6.08622803051016
initial_2005_2007,750,7.13376801680903
initial_2005_2007,751,7.23485430029261
initial_2005_2007,752,6.65971119501639
initial_2005_2007,753,7.76475741007018
initial_2005_2007,754,7.17219333729889
initial_2005_2007,755,6.98318187328789
initial_2005_2007,756,6.88463223155244
initial_2005_2007,757,6.21520513456012
initial_2005_2007,758,6.42738155514229
initial_2005_2007,759,7.02922386456641
initial_2005_2007,760,7.08919981006724
initial_2005_2007,761,6.26594349740974
initial_2005_2007,762,6.42973040823028
initial_2005_2007,763,6.59892127325314
initial_2005_2007,764,6.87077885206543
initial_2005_2007,765,6.61789641254865
initial_2005_2007,766,6.601139278823
initial_2005_2007,767,7.38933258084073
initial_2005_2007,768,6.31764301219294
initial_2005_2007,769,6.71893814223224
initial_2005_2007,770,7.04818359236754
initial_2005_2007,771,6.68643594978864
initial_2005_2007,772,6.67692645117859
initial_2005_2007,773,6.70995976523462
initial_2005_2007,774,6.99002064541881
initial_2005_2007,775,6.85503103260261
initial_2005_2007,776,6.66953001976624
initial_2005_2007,777,6.96683828433691
initial_2005_2007,778,6.79039980634851
initial_2005_2007,779,6.84990806132398
initial_2005_2007,780,7.73018496230053
initial_2005_2007,781,8.06671328898182
initial_2005_2007,782,6.86720801710937
initial_2005_2007,783,6.99653867485648
initial_2005_2007,784,7.96382392104675
initial_2005_2007,785,6.78797107832726
initial_2005_2007,786,6.8026268947185
initial_2005_2007,787,7.30991240472247
initial_2005_2007,788,6.08020966615805
initial_2005_2007,789,6.83850824377265
initial_2005_2007,790,7.09606878173897
initial_2005_2007,791,6.79322202601644
initial_2005_2007,792,7.05678843411876
initial_2005_2007,793,6.62236757501531
initial_2005_2007,794,7.31593110368839
initial_2005_2007,795,7.54562538654132
initial_2005_2007,796,6.10810520010253
initial_2005_2007,797,6.35629927103922
initial_2005_2007,798,7.1705914186347
initial_2005_2007,799,7.02192676361607
initial_2005_2007,800,6.31386440856836
initial_2005_2007,801,6.46946483688517
initial_2005_2007,802,7.10851149214036
initial_2005_2007,803,6.75779513990232
initial_2005_2007,804,7.14170591878914
initial_2005_2007,805,7.11008654647568
initial_2005_2007,806,7.02543095342977
initial_2005_2007,807,7.28384178679768
initial_2005_2007,808,6.66180810304773
initial_2005_2007,809,6.78514717805569
initial_2005_2007,810,7.06133219100896
initial_2005_2007,811,6.98742288332965
initial_2005_2007,812,6.23479234292094
initial_2005_2007,813,7.01952950311887
initial_2005_2007,814,6.83340324882971
initial_2005_2007,815,6.12520072861012
initial_2005_2007,816,6.78942047368756
initial_2005_2007,817,7.17719608871902
initial_2005_2007,818,7.10036388023756
initial_2005_2007,819,7.07354136675398
initial_2005_2007,820,6.9427956367394
initial_2005_2007,821,6.97662406981383
initial_2005_2007,822,7.51708932109925
initial_2005_2007,823,6.76446647645522
initial_2005_2007,824,6.60169584274299
initial_2005_2007,825,6.74619768227382
initial_2005_2007,826,6.25936593229264
initial_2005_2007,827,6.63802355526933
initial_2005_2007,828,7.31121264903272
initial_2005_2007,829,6.97624170008826
initial_2005_2007,830,6.48089518410479
initial_2005_2007,831,7.26145043227862
initial_2005_2007,832,7.51084835314932
initial_2005_2007,833,6.73423356966569
initial_2005_2007,834,6.66210386465432
initial_2005_2007,835,6.28719562690636
initial_2005_2007,836,7.18748154657974
initial_2005_2007,837,6.77289885812688
initial_2005_2007,838,6.43769877304582
initial_2005_2007,839,6.16607734850395
initial_2005_2007,840,6.35745848800795
initial_2005_2007,841,7.20013249701748
initial_2005_2007,842,6.38338618679574
initial_2005_2007,843,6.70594027890291
initial_2005_2007,844,6.48760707993041
initial_2005_2007,845,7.00322516899598
initial_2005_2007,846,6.99619875591167
initial_2005_2007,847,7.12772218896749
initial_2005_2007,848,6.43510190657063
initial_2005_2007,849,6.09589130928532
initial_2005_2007,850,7.44659205203672
initial_2005_2007,851,6.7910550880183
initial_2005_2007,852,6.31032894333117
initial_2005_2007,853,7.24246432244149
initial_2005_2007,854,7.08202081159096
initial_2005_2007,855,6.84933544865484
initial_2005_2007,856,7.08405519911245
initial_2005_2007,857,7.24926609896385
initial_2005_2007,858,6.43264539321433
initial_2005_2007,859,6.89436175429993
initial_2005_2007,860,6.16216957796747
initial_2005_2007,861,6.36471940763322
initial_2005_2007,862,6.47584909445683
initial_2005_2007,863,6.94410422023555
initial_2005_2007,864,6.37967236731625
initial_2005_2007,865,7.0863354295979
initial_2005_2007,866,7.10825552096053
initial_2005_2007,867,7.55828869068253
initial_2005_2007,868,7.4315503090252
initial_2005_2007,869,7.13517230354656
initial_2005_2007,870,6.64779995797098
initial_2005_2007,871,7.45988996172553
initial_2005_2007,872,7.20429631672618
initial_2005_2007,873,7.28208661343219
initial_2005_2007,874,7.59147629930276
initial_2005_2007,875,8.33532191968274
initial_2005_2007,876,7.23992813259717
initial_2005_2007,877,7.24909739226142
initial_2005_2007,878,7.08686979163002
initial_2005_2007,879,6.70419678957248
initial_2005_2007,880,6.72531712126545
initial_2005_2007,881,7.41311372887305
initial_2005_2007,882,7.00124808428848
initial_2005_2007,883,6.52026488019276
initial_2005_2007,884,6.64484596287896
initial_2005_2007,885,6.89767477967467
initial_2005_2007,886,6.63328380361016
initial_2005_2007,887,6.95747312305536
initial_2005_2007,888,6.53235506167491
initial_2005_2007,889,7.02755465083533
initial_2005_2007,890,7.61374490773222
initial_2005_2007,891,7.03180474731067
initial_2005_2007,892,7.8848901381111
initial_2005_2007,893,8.51729776753326
initial_2005_2007,894,7.00688460732244
initial_2005_2007,895,6.96778031465093
initial_2005_2007,896,6.87685876906968
initial_2005_2007,897,6.75963690095822
initial_2005_2007,898,6.90257083675356
initial_2005_2007,899,7.25269358616778
initial_2005_2007,900,6.41510676999592
initial_2005_2007,901,6.54098953927978
initial_2005_2007,902,7.70294724766713
initial_2005_2007,903,7.04434614479689
initial_2005_2007,904,6.7333429600623
initial_2005_2007,905,7.12085535342468
initial_2005_2007,906,7.51858100580836
initial_2005_2007,907,6.34234612343374
initial_2005_2007,908,6.57700007556669
initial_2005_2007,909,7.06448170997607
initial_2005_2007,910,7.52535260863175
initial_2005_2007,911,6.75944870738204
initial_2005_2007,912,6.11356152328227
initial_2005_2007,913,6.96515317842033
initial_2005_2007,914,6.68121597561303
initial_2005_2007,915,6.64628837889415
initial_2005_2007,916,7.26124823600974
initial_2005_2007,917,6.45552930592277
initial_2005_2007,918,7.47549125900453
initial_2005_2007,919,7.25388676300367
initial_2005_2007,920,6.44656802211113
initial_2005_2007,921,7.22635780356814
initial_2005_2007,922,6.82943455739548
initial_2005_2007,923,7.89578334981855
initial_2005_2007,924,7.0872920634738
initial_2005_2007,925,7.33569783902698
initial_2005_2007,926,6.46895639858517
initial_2005_2007,927,7.23792855057487
initial_2005_2007,928,7.0799220447726
initial_2005_2007,929,6.71881152426647
initial_2005_2007,930,7.08702777299822
initial_2005_2007,931,7.21446408540622
initial_2005_2007,932,7.00217950528238
initial_2005_2007,933,6.4413519312087
initial_2005_2007,934,6.88269553729273
initial_2005_2007,935,7.25275684870369
initial_2005_2007,936,7.33550764617194
initial_2005_2007,937,7.21787626199974
initial_2005_2007,938,7.17029679272044
initial_2005_2007,939,6.71273594176619
initial_2005_2007,940,6.95263414206873
initial_2005_2007,941,6.96934893702495
initial_2005_2007,942,6.68531208689486
initial_2005_2007,943,6.84204474250914
initial_2005_2007,944,7.49818371347163
initial_2005_2007,945,6.3403192129822
initial_2005_2007,946,6.48964935944569
initial_2005_2007,947,6.3085527335729
initial_2005_2007,948,7.42420765282358
initial_2005_2007,949,6.27829963373755
initial_2005_2007,950,6.84442898807248
initial_2005_2007,951,6.03367198334683
initial_2005_2007,952,7.60572779923316
initial_2005_2007,953,6.09381797542328
initial_2005_2007,954,6.69306336968662
initial_2005_2007,955,7.42477580433123
initial_2005_2007,956,7.08995796996226
initial_2005_2007,957,7.09501871504583
initial_2005_2007,958,7.0500516471114
initial_2005_2007,959,7.47220393550474
initial_2005_2007,960,6.58313678138577
initial_2005_2007,961,7.22034015248529
initial_2005_2007,962,6.70381725721873
initial_2005_2007,963,7.45373239590275
initial_2005_2007,964,7.0238683581466
initial_2005_2007,965,7.80813920733353
initial_2005_2007,966,6.55744285335392
initial_2005_2007,967,7.26126526713408
initial_2005_2007,968,6.88601014252626
initial_2005_2007,969,7.7183434964179
initial_2005_2007,970,8.09481026082389
initial_2005_2007,971,6.66665572491835
initial_2005_2007,972,6.41172035102133
initial_2005_2007,973,6.5343828889322
initial_2005_2007,974,7.12283560454827
initial_2005_2007,975,7.43558412990364
initial_2005_2007,976,6.56756190565543
initial_2005_2007,977,6.16215082751807
initial_2005_2007,978,6.7113394594655
initial_2005_2007,979,7.34149927402447
initial_2005_2007,980,6.89673853625187
initial_2005_2007,981,6.77921372902921
initial_2005_2007,982,7.04818718677169
initial_2005_2007,983,6.76582486966235
initial_2005_2007,984,6.78569710125869
initial_2005_2007,985,6.67001058869151
initial_2005_2007,986,6.45483167068832
initial_2005_2007,987,7.2138005301114
initial_2005_2007,988,7.13142810340913
initial_2005_2007,989,6.36664791463459
initial_2005_2007,990,6.54286131481563
initial_2005_2007,991,6.8057144626878
initial_2005_2007,992,6.51683956347377
initial_2005_2007,993,6.94025251557461
initial_2005_2007,994,7.62101478920123
initial_2005_2007,995,5.88553776439642
initial_2005_2007,996,7.16788958061118
initial_2005_2007,997,7.14474639543652
initial_2005_2007,998,6.0346155702799
initial_2005_2007,999,7.77436075098177
initial_2003_2007,1,6.89436805613963
initial_2003_2007,2,6.8940167213782
initial_2003_2007,3,6.34336204660877
initial_2003_2007,4,6.08986913252819
initial_2003_2007,5,6.26066441261837
initial_2003_2007,6,6.33630325679659
initial_2003_2007,7,6.0599744083418
initial_2003_2007,8,6.90357581082708
initial_2003_2007,9,6.92483548535883
initial_2003_2007,10,6.16387593153329
initial_2003_2007,11,6.27990843833329
initial_2003_2007,12,6.78301568025137
initial_2003_2007,13,6.91120356453412
initial_2003_2007,14,6.86631900478123
initial_2003_2007,15,7.1068914891835
initial_2003_2007,16,6.74681499550025
initial_2003_2007,17,6.41854242135312
initial_2003_2007,18,6.1125371436272
initial_2003_2007,19,6.14395154418181
initial_2003_2007,20,6.4281104812102
initial_2003_2007,21,6.39059095945687
initial_2003_2007,22,7.38434374389238
initial_2003_2007,23,6.77187056347917
initial_2003_2007,24,6.335269700325
initial_2003_2007,25,6.95539333902453
initial_2003_2007,26,6.68791361259985
initial_2003_2007,27,6.6384723342172
initial_2003_2007,28,6.19029863238491
initial_2003_2007,29,6.36956382469785
initial_2003_2007,30,7.38928700367309
initial_2003_2007,31,6.23829257995522
initial_2003_2007,32,6.59105748380722
initial_2003_2007,33,6.52143420747463
initial_2003_2007,34,6.49726357844585
initial_2003_2007,35,6.28522306246006
initial_2003_2007,36,6.14417804744933
initial_2003_2007,37,6.6515383343684
initial_2003_2007,38,6.69658366332491
initial_2003_2007,39,6.69936318869707
initial_2003_2007,40,7.48698469285544
initial_2003_2007,41,6.39248274551315
initial_2003_2007,42,6.80055828101365
initial_2003_2007,43,6.62856624358584
initial_2003_2007,44,6.08416395407179
initial_2003_2007,45,6.44499188579106
initial_2003_2007,46,7.20921709038079
initial_2003_2007,47,6.88604188092507
initial_2003_2007,48,7.12809220690657
initial_2003_2007,49,6.59132794183198
initial_2003_2007,50,6.56014831871159
initial_2003_2007,51,6.81330879771828
initial_2003_2007,52,6.32520156729765
initial_2003_2007,53,6.62755673745837
initial_2003_2007,54,5.8153135855808
initial_2003_2007,55,6.14670062393661
initial_2003_2007,56,6.81825745359285
initial_2003_2007,57,6.1577192291011
initial_2003_2007,58,6.58248782910879
initial_2003_2007,59,6.99762593445755
initial_2003_2007,60,6.50241985554735
initial_2003_2007,61,6.37761816978363
initial_2003_2007,62,6.64826376101778
initial_2003_2007,63,6.68628980327639
initial_2003_2007,64,7.28127687938155
initial_2003_2007,65,6.169028080722
initial_2003_2007,66,6.71438414174119
initial_2003_2007,67,7.1088839968539
initial_2003_2007,68,7.08905177833208
initial_2003_2007,69,6.64114569745607
initial_2003_2007,70,7.0216597420095
initial_2003_2007,71,6.65387848644763
initial_2003_2007,72,6.33307306656929
initial_2003_2007,73,7.18963362236755
initial_2003_2007,74,6.65329235426755
initial_2003_2007,75,6.8294771188265
initial_2003_2007,76,6.02374581583124
initial_2003_2007,77,7.1080784093695
initial_2003_2007,78,6.08824938574963
initial_2003_2007,79,6.62879419410446
initial_2003_2007,80,7.08393311868498
initial_2003_2007,81,6.74539804184045
initial_2003_2007,82,6.56413934208248
initial_2003_2007,83,6.63899840563134
initial_2003_2007,84,7.14542038840607
initial_2003_2007,85,6.97009687170242
initial_2003_2007,86,6.05476585709193
initial_2003_2007,87,6.88668616958273
initial_2003_2007,88,6.62008726740412
initial_2003_2007,89,6.63825855144125
initial_2003_2007,90,6.39508848864979
initial_2003_2007,91,6.41025697639888
initial_2003_2007,92,7.3625640532387
initial_2003_2007,93,6.21170351331728
initial_2003_2007,94,6.05149978804571
initial_2003_2007,95,6.81501430311098
initial_2003_2007,96,6.69746841519605
initial_2003_2007,97,7.11495537273197
initial_2003_2007,98,6.27742132537055
initial_2003_2007,99,6.8520353472125
initial_2003_2007,100,6.25189479621612
initial_2003_2007,101,6.32995694902721
initial_2003_2007,102,6.45433391459796
initial_2003_2007,103,6.54441352876958
initial_2003_2007,104,6.61903934496452
initial_2003_2007,105,6.30749360981547
initial_2003_2007,106,5.86108745906447
initial_2003_2007,107,7.59093235425904
initial_2003_2007,108,7.5767002523568
initial_2003_2007,109,7.24535344323895
initial_2003_2007,110,5.84491953623759
initial_2003_2007,111,6.16550673841824
initial_2003_2007,112,6.69764588288709
initial_2003_2007,113,6.25477383421212
initial_2003_2007,114,6.76095047401328
initial_2003_2007,115,6.45287070216364
initial_2003_2007,116,6.2883908165232
initial_2003_2007,117,6.62458799554928
initial_2003_2007,118,6.3352371881472
initial_2003_2007,119,6.81756338255158
initial_2003_2007,120,6.51999759933884
initial_2003_2007,121,6.44275988016013
initial_2003_2007,122,6.6104107979501
initial_2003_2007,123,6.68178051654338
initial_2003_2007,124,6.2270793770482
initial_2003_2007,125,5.89753694048756
initial_2003_2007,126,6.71654510432239
initial_2003_2007,127,6.74338383948731
initial_2003_2007,128,7.53058872592711
initial_2003_2007,129,6.60903213762853
initial_2003_2007,130,6.27669354968062
initial_2003_2007,131,6.8331778416405
initial_2003_2007,132,6.65212337549234
initial_2003_2007,133,6.7954364917524
initial_2003_2007,134,6.57178035666013
initial_2003_2007,135,6.24236675887031
initial_2003_2007,136,6.72429801786989
initial_2003_2007,137,7.16085005995875
initial_2003_2007,138,7.1344673089829
initial_2003_2007,139,6.24477731231316
initial_2003_2007,140,6.94545947144917
initial_2003_2007,141,6.54963434232465
initial_2003_2007,142,6.13344289731807
initial_2003_2007,143,6.1698903095902
initial_2003_2007,144,6.58005187008384
initial_2003_2007,145,5.82776936453186
initial_2003_2007,146,6.1929897346003
initial_2003_2007,147,6.22340303182106
initial_2003_2007,148,6.96041261766546
initial_2003_2007,149,6.64815374270937
initial_2003_2007,150,6.49630084033804
initial_2003_2007,151,6.57944219311448
initial_2003_2007,152,6.65941486899931
initial_2003_2007,153,6.25286635313694
initial_2003_2007,154,6.10204221840396
initial_2003_2007,155,6.25869170938514
initial_2003_2007,156,6.39815774361809
initial_2003_2007,157,7.12381953818254
initial_2003_2007,158,6.09243940090644
initial_2003_2007,159,6.80538255937556
initial_2003_2007,160,6.5564225057956
initial_2003_2007,161,5.89142530931319
initial_2003_2007,162,7.51898479805309
initial_2003_2007,163,6.87750205511044
initial_2003_2007,164,6.63420024999712
initial_2003_2007,165,6.69325942890144
initial_2003_2007,166,6.38229579907698
initial_2003_2007,167,6.39602877473627
initial_2003_2007,168,7.18260206914393
initial_2003_2007,169,6.50732353668218
initial_2003_2007,170,6.72726541878461
initial_2003_2007,171,6.77201384853812
initial_2003_2007,172,6.62340049526142
initial_2003_2007,173,6.3191370325328
initial_2003_2007,174,6.43652622965089
initial_2003_2007,175,7.14922554022776
initial_2003_2007,176,6.29392816068268
initial_2003_2007,177,6.67118810977141
initial_2003_2007,178,6.34108793568838
initial_2003_2007,179,5.84110618294471
initial_2003_2007,180,6.69786655454772
initial_2003_2007,181,6.75492764868413
initial_2003_2007,182,6.44158101498637
initial_2003_2007,183,6.36969426655853
initial_2003_2007,184,6.82870527295986
initial_2003_2007,185,6.22286225156499
initial_2003_2007,186,6.58456442519254
initial_2003_2007,187,6.20941884180215
initial_2003_2007,188,6.3512904883661
initial_2003_2007,189,6.81405844221041
initial_2003_2007,190,6.88453422276649
initial_2003_2007,191,6.588462545452
initial_2003_2007,192,6.82408736145506
initial_2003_2007,193,6.55682085967186
initial_2003_2007,194,6.45963194452933
initial_2003_2007,195,6.83850122936496
initial_2003_2007,196,6.04074314064525
initial_2003_2007,197,6.3930492485406
initial_2003_2007,198,6.40845620107512
initial_2003_2007,199,6.37563118076499
initial_2003_2007,200,6.56042036582012
initial_2003_2007,201,6.91942793945498
initial_2003_2007,202,6.50380240679707
initial_2003_2007,203,6.35346917123963
initial_2003_2007,204,6.37189191737421
initial_2003_2007,205,6.36224174791996
initial_2003_2007,206,5.96913693423113
initial_2003_2007,207,6.50343962064224
initial_2003_2007,208,5.93869341255367
initial_2003_2007,209,6.56004736841058
initial_2003_2007,210,6.46657727454826
initial_2003_2007,211,6.69982132603005
initial_2003_2007,212,6.50888003673528
initial_2003_2007,213,6.14288071542459
initial_2003_2007,214,6.16808008844975
initial_2003_2007,215,6.64132304155163
initial_2003_2007,216,6.46208485148158
initial_2003_2007,217,6.93456711299285
initial_2003_2007,218,6.91483197067487
initial_2003_2007,219,7.04556269103813
initial_2003_2007,220,7.0158111588445
initial_2003_2007,221,6.41820895063156
initial_2003_2007,222,6.62591540073151
initial_2003_2007,223,5.89375486570916
initial_2003_2007,224,6.17476515247398
initial_2003_2007,225,6.58361092938537
initial_2003_2007,226,7.22819102534142
initial_2003_2007,227,6.57740837241697
initial_2003_2007,228,5.9981034916174
initial_2003_2007,229,6.46248220499841
initial_2003_2007,230,6.72442897333152
initial_2003_2007,231,6.14136221643402
initial_2003_2007,232,6.38018137210893
initial_2003_2007,233,6.61079196689674
initial_2003_2007,234,6.17863199524799
initial_2003_2007,235,5.87088482370201
initial_2003_2007,236,6.79139247898778
initial_2003_2007,237,6.75801041469519
initial_2003_2007,238,6.88997737094166
initial_2003_2007,239,6.52604113445361
initial_2003_2007,240,6.55754656440084
initial_2003_2007,241,6.6504880655085
initial_2003_2007,242,6.84320684237235
initial_2003_2007,243,6.47294371284439
initial_2003_2007,244,6.21152969983461
initial_2003_2007,245,6.26050263281989
initial_2003_2007,246,6.6187786565536
initial_2003_2007,247,6.16919497313312
initial_2003_2007,248,6.25506360978829
initial_2003_2007,249,6.40257353023341
initial_2003_2007,250,6.05662283540904
initial_2003_2007,251,6.41820326839484
initial_2003_2007,252,6.48219331007178
initial_2003_2007,253,6.93739988769432
initial_2003_2007,254,6.8311051847873
initial_2003_2007,255,6.11828573514825
initial_2003_2007,256,6.20847455888483
initial_2003_2007,257,6.01242831926627
initial_2003_2007,258,7.1080634356609
initial_2003_2007,259,6.71549292007541
initial_2003_2007,260,6.21110850697759
initial_2003_2007,261,6.49688425538274
initial_2003_2007,262,6.34660248699679
initial_2003_2007,263,6.5689018213873
initial_2003_2007,264,6.56914670881789
initial_2003_2007,265,6.31359154575639
initial_2003_2007,266,6.99168516676758
initial_2003_2007,267,6.68354276340125
initial_2003_2007,268,6.06850595172359
initial_2003_2007,269,6.32982869738808
initial_2003_2007,270,6.43153304212599
initial_2003_2007,271,6.06610413447494
initial_2003_2007,272,6.13679120271262
initial_2003_2007,273,6.65584837147315
initial_2003_2007,274,6.32785242929664
initial_2003_2007,275,7.10798543836017
initial_2003_2007,276,6.59893094178662
initial_2003_2007,277,6.54506901120731
initial_2003_2007,278,6.68351187549088
initial_2003_2007,279,6.50751050857603
initial_2003_2007,280,6.59825333085072
initial_2003_2007,281,6.4018376459096
initial_2003_2007,282,6.74028101830231
initial_2003_2007,283,6.05152214030892
initial_2003_2007,284,6.3600926892093
initial_2003_2007,285,6.85657785196489
initial_2003_2007,286,6.1945775291884
initial_2003_2007,287,6.73036351573191
initial_2003_2007,288,6.48265058881712
initial_2003_2007,289,6.56488085945324
initial_2003_2007,290,6.48970736788468
initial_2003_2007,291,6.31213063731177
initial_2003_2007,292,6.83245409389204
initial_2003_2007,293,6.84605813763106
initial_2003_2007,294,6.93426276280829
initial_2003_2007,295,6.42821884147008
initial_2003_2007,296,6.67295260130527
initial_2003_2007,297,6.07343113549817
initial_2003_2007,298,6.04153626543108
initial_2003_2007,299,6.52981169118571
initial_2003_2007,300,6.67093884688373
initial_2003_2007,301,6.64688113783071
initial_2003_2007,302,7.04678525475946
initial_2003_2007,303,6.66975144267863
initial_2003_2007,304,6.37206429252955
initial_2003_2007,305,6.48262405491059
initial_2003_2007,306,6.33596077804865
initial_2003_2007,307,6.72050687227408
initial_2003_2007,308,6.83900312316331
initial_2003_2007,309,6.11562125062594
initial_2003_2007,310,6.80728839267947
initial_2003_2007,311,7.05533440623983
initial_2003_2007,312,6.28641703469756
initial_2003_2007,313,6.49622070229525
initial_2003_2007,314,6.56600924109239
initial_2003_2007,315,6.42447516558562
initial_2003_2007,316,6.95980575934316
initial_2003_2007,317,6.38382409753916
initial_2003_2007,318,6.3358524592353
initial_2003_2007,319,6.20375133317772
initial_2003_2007,320,5.98687305787972
initial_2003_2007,321,6.5315091536777
initial_2003_2007,322,6.80033208418502
initial_2003_2007,323,6.07612555723917
initial_2003_2007,324,7.47046343739728
initial_2003_2007,325,6.3035346400475
initial_2003_2007,326,7.21686779796709
initial_2003_2007,327,6.49712522086827
initial_2003_2007,328,6.53232003250917
initial_2003_2007,329,6.65611244018808
initial_2003_2007,330,6.00468436330713
initial_2003_2007,331,5.95182522183262
initial_2003_2007,332,6.36518325377313
initial_2003_2007,333,6.55267384752557
initial_2003_2007,334,6.03978410852307
initial_2003_2007,335,7.08578005779548
initial_2003_2007,336,7.09691438210312
initial_2003_2007,337,6.57412754155524
initial_2003_2007,338,7.60836779071866
initial_2003_2007,339,6.20448071588279
initial_2003_2007,340,7.62827422203013
initial_2003_2007,341,6.26375316070951
initial_2003_2007,342,6.21810903201629
initial_2003_2007,343,7.00996390067074
initial_2003_2007,344,6.34266497657014
initial_2003_2007,345,6.81455974600946
initial_2003_2007,346,6.34907940363742
initial_2003_2007,347,6.00426218456779
initial_2003_2007,348,6.83265895696075
initial_2003_2007,349,6.36673810149905
initial_2003_2007,350,6.21049806939108
initial_2003_2007,351,6.17033175601954
initial_2003_2007,352,5.6905743184349
initial_2003_2007,353,6.38662045553552
initial_2003_2007,354,5.90536591718008
initial_2003_2007,355,6.57584382433568
initial_2003_2007,356,6.93045760907362
initial_2003_2007,357,7.13147248192949
initial_2003_2007,358,6.33462728139085
initial_2003_2007,359,6.09648967761404
initial_2003_2007,360,6.3559917875583
initial_2003_2007,361,6.79441840591661
initial_2003_2007,362,7.39529127679499
initial_2003_2007,363,6.96308844729969
initial_2003_2007,364,6.93270161700589
initial_2003_2007,365,6.98891570624272
initial_2003_2007,366,7.05144032733064
initial_2003_2007,367,6.82946517661076
initial_2003_2007,368,7.15512818475979
initial_2003_2007,369,5.98129472340465
initial_2003_2007,370,6.22320792414344
initial_2003_2007,371,6.35247067301144
initial_2003_2007,372,6.63663994241056
initial_2003_2007,373,6.87241775259312
initial_2003_2007,374,6.43359149699963
initial_2003_2007,375,6.76103216175117
initial_2003_2007,376,6.59088080401963
initial_2003_2007,377,6.11299808286653
initial_2003_2007,378,7.06348632810812
initial_2003_2007,379,6.84351133138758
initial_2003_2007,380,6.17374747997586
initial_2003_2007,381,6.0541406284857
initial_2003_2007,382,7.15895565202735
initial_2003_2007,383,7.38465524877903
initial_2003_2007,384,6.63565165648356
initial_2003_2007,385,6.4437941910403
initial_2003_2007,386,7.01523995906662
initial_2003_2007,387,6.43645984203797
initial_2003_2007,388,6.13964537133669
initial_2003_2007,389,6.11311382907395
initial_2003_2007,390,7.07966579172379
initial_2003_2007,391,6.51603598434494
initial_2003_2007,392,5.89286249806181
initial_2003_2007,393,7.05742045463909
initial_2003_2007,394,6.06769229567762
initial_2003_2007,395,5.82555814677486
initial_2003_2007,396,6.28782331622088
initial_2003_2007,397,6.32322383324568
initial_2003_2007,398,6.62340496074023
initial_2003_2007,399,5.9059777412046
initial_2003_2007,400,6.29663624942743
initial_2003_2007,401,6.56600743156
initial_2003_2007,402,6.704546431518
initial_2003_2007,403,6.5948510225515
initial_2003_2007,404,5.88736797255547
initial_2003_2007,405,6.51869015749368
initial_2003_2007,406,6.08034604926566
initial_2003_2007,407,6.27884344951105
initial_2003_2007,408,6.27451149733657
initial_2003_2007,409,6.09460165112518
initial_2003_2007,410,6.98223879357356
initial_2003_2007,411,6.18633499993132
initial_2003_2007,412,7.03037201268958
initial_2003_2007,413,6.6939007295245
initial_2003_2007,414,6.78709596771697
initial_2003_2007,415,6.8251484952429
initial_2003_2007,416,6.32014355977374
initial_2003_2007,417,6.24197102902587
initial_2003_2007,418,6.20281215122968
initial_2003_2007,419,6.32662510039139
initial_2003_2007,420,5.94146622127818
initial_2003_2007,421,6.60316478862677
initial_2003_2007,422,6.55377324622136
initial_2003_2007,423,6.31130784708886
initial_2003_2007,424,6.65214537821573
initial_2003_2007,425,6.57290835466541
initial_2003_2007,426,6.67649827810116
initial_2003_2007,427,7.11088026422473
initial_2003_2007,428,6.69137050405836
initial_2003_2007,429,6.74793242858444
initial_2003_2007,430,6.73624221737609
initial_2003_2007,431,5.9308239783412
initial_2003_2007,432,6.55893524589427
initial_2003_2007,433,6.27696222010531
initial_2003_2007,434,6.14854887454551
initial_2003_2007,435,6.72350906461412
initial_2003_2007,436,6.73215661479074
initial_2003_2007,437,6.56538978459611
initial_2003_2007,438,6.51276939243913
initial_2003_2007,439,6.45112411710857
initial_2003_2007,440,6.27632942832898
initial_2003_2007,441,5.99458482425032
initial_2003_2007,442,6.60686542556217
initial_2003_2007,443,6.38339157765797
initial_2003_2007,444,6.35133938410756
initial_2003_2007,445,7.06017884260875
initial_2003_2007,446,6.40333684998207
initial_2003_2007,447,7.55222389082148
initial_2003_2007,448,7.1280751423677
initial_2003_2007,449,6.79950656774509
initial_2003_2007,450,7.14538314753276
initial_2003_2007,451,6.71236124702886
initial_2003_2007,452,6.76128752532071
initial_2003_2007,453,6.28146846191815
initial_2003_2007,454,6.21899032555993
initial_2003_2007,455,7.42078629909505
initial_2003_2007,456,6.60995766131373
initial_2003_2007,457,6.81343735808914
initial_2003_2007,458,6.23734249686874
initial_2003_2007,459,5.81271745474653
initial_2003_2007,460,6.75382605007819
initial_2003_2007,461,6.73822735166058
initial_2003_2007,462,6.89879031463957
initial_2003_2007,463,6.67499067660637
initial_2003_2007,464,6.07224813429241
initial_2003_2007,465,6.69723653882589
initial_2003_2007,466,6.34924345905485
initial_2003_2007,467,6.5564545334715
initial_2003_2007,468,6.83876721075002
initial_2003_2007,469,6.00707222323187
initial_2003_2007,470,6.41721063574942
initial_2003_2007,471,6.48675547806545
initial_2003_2007,472,6.16532485532617
initial_2003_2007,473,5.92364512511396
initial_2003_2007,474,6.72068823825837
initial_2003_2007,475,6.5048184418958
initial_2003_2007,476,6.26040392648575
initial_2003_2007,477,6.52055411475255
initial_2003_2007,478,5.94667694874588
initial_2003_2007,479,6.52846967875183
initial_2003_2007,480,7.1256887017511
initial_2003_2007,481,6.98088086980885
initial_2003_2007,482,6.08411251009083
initial_2003_2007,483,6.78258642798793
initial_2003_2007,484,6.77683824402258
initial_2003_2007,485,6.47894174647626
initial_2003_2007,486,6.97453231351254
initial_2003_2007,487,6.28088529788623
initial_2003_2007,488,6.14388564348891
initial_2003_2007,489,6.67783946395884
initial_2003_2007,490,6.52676722043222
initial_2003_2007,491,5.879399452886
initial_2003_2007,492,6.52589346285706
initial_2003_2007,493,6.60614459289261
initial_2003_2007,494,6.15291293705184
initial_2003_2007,495,6.71256427165952
initial_2003_2007,496,6.39576488874397
initial_2003_2007,497,6.63129693659634
initial_2003_2007,498,6.61844725408137
initial_2003_2007,499,6.12611774818367
initial_2003_2007,500,7.00654461484443
initial_2003_2007,501,6.56637951899553
initial_2003_2007,502,5.97290221870582
initial_2003_2007,503,6.76302863653992
initial_2003_2007,504,6.08499562158672
initial_2003_2007,505,6.16552715097327
initial_2003_2007,506,6.44979879944093
initial_2003_2007,507,6.64661575706216
initial_2003_2007,508,6.21210609638122
initial_2003_2007,509,6.65482052557093
initial_2003_2007,510,6.19133723420841
initial_2003_2007,511,6.40654867614964
initial_2003_2007,512,6.81636181424678
initial_2003_2007,513,6.43168800435427
initial_2003_2007,514,6.3824646120249
initial_2003_2007,515,6.2200133998486
initial_2003_2007,516,7.02262123753155
initial_2003_2007,517,6.64229752792973
initial_2003_2007,518,6.53503719538605
initial_2003_2007,519,6.22785301002038
initial_2003_2007,520,6.7843911512143
initial_2003_2007,521,6.6124369483614
initial_2003_2007,522,6.08235724907461
initial_2003_2007,523,6.83373739506183
initial_2003_2007,524,6.68766229958059
initial_2003_2007,525,6.91068319711387
initial_2003_2007,526,6.35048875952139
initial_2003_2007,527,6.51936861142641
initial_2003_2007,528,5.96647491064579
initial_2003_2007,529,6.33371036405583
initial_2003_2007,530,6.24842022723581
initial_2003_2007,531,6.33563158140039
initial_2003_2007,532,6.8610423141043
initial_2003_2007,533,6.66255106263442
initial_2003_2007,534,6.49786185495354
initial_2003_2007,535,6.49386505195959
initial_2003_2007,536,7.03330536822971
initial_2003_2007,537,6.64058532440902
initial_2003_2007,538,6.32968843670103
initial_2003_2007,539,6.08315860503333
initial_2003_2007,540,5.96380304754124
initial_2003_2007,541,6.31671637220965
initial_2003_2007,542,6.35262321627241
initial_2003_2007,543,6.87351960934986
initial_2003_2007,544,6.71535758922567
initial_2003_2007,545,6.3917639368146
initial_2003_2007,546,6.44168541295179
initial_2003_2007,547,6.25956535200263
initial_2003_2007,548,6.56223189826211
initial_2003_2007,549,6.80858992102509
initial_2003_2007,550,6.41998035426922
initial_2003_2007,551,6.2694316407577
initial_2003_2007,552,6.74280673116162
initial_2003_2007,553,6.38734456267436
initial_2003_2007,554,6.52524170449592
initial_2003_2007,555,6.81838698297997
initial_2003_2007,556,7.16944626583759
initial_2003_2007,557,6.76474529734691
initial_2003_2007,558,5.99072393887874
initial_2003_2007,559,5.68405136861689
initial_2003_2007,560,6.79246529953559
initial_2003_2007,561,6.40870979313453
initial_2003_2007,562,7.02961472554567
initial_2003_2007,563,6.82580320246139
initial_2003_2007,564,6.0861403272936
initial_2003_2007,565,6.44361890802123
initial_2003_2007,566,6.52426122632275
initial_2003_2007,567,6.59925433091495
initial_2003_2007,568,6.3237453254254
initial_2003_2007,569,6.23653551352601
initial_2003_2007,570,6.56972769796838
initial_2003_2007,571,6.63346845014833
initial_2003_2007,572,6.9104627775252
initial_2003_2007,573,6.43997291656567
initial_2003_2007,574,6.90335761491876
initial_2003_2007,575,6.21843168389661
initial_2003_2007,576,6.43153122018283
initial_2003_2007,577,6.27943873425712
initial_2003_2007,578,6.50258631593289
initial_2003_2007,579,6.78514047507556
initial_2003_2007,580,6.51306096563198
initial_2003_2007,581,6.80034961499087
initial_2003_2007,582,6.24421535930794
initial_2003_2007,583,5.79557917622395
initial_2003_2007,584,6.58221403416067
initial_2003_2007,585,6.36587294579784
initial_2003_2007,586,6.33425343185346
initial_2003_2007,587,6.36953719776377
initial_2003_2007,588,6.37761658810139
initial_2003_2007,589,6.01081852463518
initial_2003_2007,590,6.68637353882545
initial_2003_2007,591,6.8028024905988
initial_2003_2007,592,6.40231988137124
initial_2003_2007,593,6.55641604428934
initial_2003_2007,594,6.76895198044808
initial_2003_2007,595,6.76033756176129
initial_2003_2007,596,6.54593980977728
initial_2003_2007,597,7.05635027774084
initial_2003_2007,598,6.70289134969744
initial_2003_2007,599,6.85467602584008
initial_2003_2007,600,6.45709929895683
initial_2003_2007,601,6.81356481407653
initial_2003_2007,602,7.25964801228281
initial_2003_2007,603,6.70841120775454
initial_2003_2007,604,5.99953802648808
initial_2003_2007,605,6.23265250187687
initial_2003_2007,606,5.95863859333235
initial_2003_2007,607,5.98454382896712
initial_2003_2007,608,6.36662391099096
initial_2003_2007,609,6.62432234048152
initial_2003_2007,610,6.90328685156172
initial_2003_2007,611,6.63012916501578
initial_2003_2007,612,6.19783592517533
initial_2003_2007,613,6.79126603122994
initial_2003_2007,614,6.5078474708559
initial_2003_2007,615,5.82109081708918
initial_2003_2007,616,6.78673384078744
initial_2003_2007,617,6.08867459173377
initial_2003_2007,618,6.14462465526053
initial_2003_2007,619,7.02971384919578
initial_2003_2007,620,6.84168194120906
initial_2003_2007,621,6.47866747782989
initial_2003_2007,622,5.88446457932702
initial_2003_2007,623,6.25295769787806
initial_2003_2007,624,6.29288971341322
initial_2003_2007,625,6.46745872926235
initial_2003_2007,626,5.89814530547102
initial_2003_2007,627,7.31479341035208
initial_2003_2007,628,7.19387840539156
initial_2003_2007,629,7.13347020286224
initial_2003_2007,630,6.1726212706355
initial_2003_2007,631,6.89388765104807
initial_2003_2007,632,6.87685554659339
initial_2003_2007,633,6.08564068000152
initial_2003_2007,634,7.07406607351574
initial_2003_2007,635,7.00359602410232
initial_2003_2007,636,6.49151015550458
initial_2003_2007,637,6.54758104751142
initial_2003_2007,638,6.33899931954569
initial_2003_2007,639,6.92309655706959
initial_2003_2007,640,6.41418713947898
initial_2003_2007,641,6.80430789016746
initial_2003_2007,642,7.33080684956019
initial_2003_2007,643,6.46898998412777
initial_2003_2007,644,6.31586860089294
initial_2003_2007,645,6.46257233940867
initial_2003_2007,646,6.54832188858714
initial_2003_2007,647,6.59975047339492
initial_2003_2007,648,6.91278104927448
initial_2003_2007,649,6.14328578511864
initial_2003_2007,650,6.32852424149807
initial_2003_2007,651,6.52193058522988
initial_2003_2007,652,6.06737920844207
initial_2003_2007,653,7.34918756761917
initial_2003_2007,654,6.56097045553763
initial_2003_2007,655,6.40516580662285
initial_2003_2007,656,7.1476027836991
initial_2003_2007,657,5.92455716777107
initial_2003_2007,658,6.54205887238649
initial_2003_2007,659,6.27232295425333
initial_2003_2007,660,7.16956881621565
initial_2003_2007,661,7.23985531379487
initial_2003_2007,662,6.73482458561145
initial_2003_2007,663,6.91400915554974
initial_2003_2007,664,7.09469051885596
initial_2003_2007,665,7.46641256032015
initial_2003_2007,666,6.40654415288201
initial_2003_2007,667,6.63689833075791
initial_2003_2007,668,6.66857099000097
initial_2003_2007,669,6.34283802062257
initial_2003_2007,670,6.99033009793928
initial_2003_2007,671,6.27718435492417
initial_2003_2007,672,6.84099925541233
initial_2003_2007,673,6.52913191665894
initial_2003_2007,674,6.65122170856533
initial_2003_2007,675,6.33548189908187
initial_2003_2007,676,6.47812164817019
initial_2003_2007,677,6.60264321731969
initial_2003_2007,678,5.78126870430609
initial_2003_2007,679,6.3634958715248
initial_2003_2007,680,7.23148462833621
initial_2003_2007,681,6.76043559376354
initial_2003_2007,682,6.73159921678118
initial_2003_2007,683,6.66336834474352
initial_2003_2007,684,7.22337297474619
initial_2003_2007,685,6.35131055483446
initial_2003_2007,686,6.72109295836188
initial_2003_2007,687,6.66868774435842
initial_2003_2007,688,6.17013205951019
initial_2003_2007,689,7.18210819024577
initial_2003_2007,690,7.10904830103499
initial_2003_2007,691,6.85898495529784
initial_2003_2007,692,6.35057268380772
initial_2003_2007,693,6.66237605215946
initial_2003_2007,694,6.64131916687184
initial_2003_2007,695,6.60805368196025
initial_2003_2007,696,6.86787832664215
initial_2003_2007,697,6.62249015869965
initial_2003_2007,698,6.53570729478997
initial_2003_2007,699,6.89290929341058
initial_2003_2007,700,6.19094332795197
initial_2003_2007,701,5.96110360546816
initial_2003_2007,702,6.50702910278799
initial_2003_2007,703,6.45540458455961
initial_2003_2007,704,6.55345234334324
initial_2003_2007,705,6.53105055494759
initial_2003_2007,706,6.672451915561
initial_2003_2007,707,6.58366345742513
initial_2003_2007,708,6.36243893482518
initial_2003_2007,709,6.3476523635813
initial_2003_2007,710,6.66267854842793
initial_2003_2007,711,6.45600693737908
initial_2003_2007,712,6.43214726883216
initial_2003_2007,713,6.37319252049551
initial_2003_2007,714,6.05801358511283
initial_2003_2007,715,6.75428400318289
initial_2003_2007,716,6.09477436731092
initial_2003_2007,717,7.09074447579017
initial_2003_2007,718,6.90112480434695
initial_2003_2007,719,6.39990462059456
initial_2003_2007,720,6.68605689870503
initial_2003_2007,721,5.96584231554017
initial_2003_2007,722,6.40233941889514
initial_2003_2007,723,6.00796488663554
initial_2003_2007,724,6.90272980564021
initial_2003_2007,725,6.23928808523667
initial_2003_2007,726,6.2899396992724
initial_2003_2007,727,6.06235326071739
initial_2003_2007,728,6.51483816770858
initial_2003_2007,729,6.45480923644082
initial_2003_2007,730,6.70377392007732
initial_2003_2007,731,6.33392844794713
initial_2003_2007,732,6.70977561267874
initial_2003_2007,733,6.16613508646717
initial_2003_2007,734,6.81782075326705
initial_2003_2007,735,6.19460609198723
initial_2003_2007,736,6.39384200254016
initial_2003_2007,737,6.05007342885664
initial_2003_2007,738,6.76095705443651
initial_2003_2007,739,7.10807656665519
initial_2003_2007,740,6.74723395370365
initial_2003_2007,741,6.28961480648171
initial_2003_2007,742,6.66643907878364
initial_2003_2007,743,6.66171826987077
initial_2003_2007,744,7.16193960924173
initial_2003_2007,745,6.87249930015557
initial_2003_2007,746,6.26116332702622
initial_2003_2007,747,5.78079606813588
initial_2003_2007,748,7.45473109028625
initial_2003_2007,749,6.70914175715375
initial_2003_2007,750,6.75840189902541
initial_2003_2007,751,6.71629840625323
initial_2003_2007,752,6.26387311519755
initial_2003_2007,753,6.82984258734162
initial_2003_2007,754,6.4273847984277
initial_2003_2007,755,5.90285902465233
initial_2003_2007,756,6.50972047609891
initial_2003_2007,757,6.66607391447754
initial_2003_2007,758,6.86818377960772
initial_2003_2007,759,6.45169861380778
initial_2003_2007,760,6.34183475825335
initial_2003_2007,761,5.81632085034496
initial_2003_2007,762,6.15561284202749
initial_2003_2007,763,6.7600735910124
initial_2003_2007,764,6.3777079194109
initial_2003_2007,765,6.44140564329175
initial_2003_2007,766,6.47447473664425
initial_2003_2007,767,6.40400856613936
initial_2003_2007,768,6.12343647082701
initial_2003_2007,769,7.20639271759664
initial_2003_2007,770,6.24494516061067
initial_2003_2007,771,7.11825452067812
initial_2003_2007,772,6.59336539203069
initial_2003_2007,773,6.6634007218916
initial_2003_2007,774,6.40542849396659
initial_2003_2007,775,6.44985790953826
initial_2003_2007,776,7.33129271856439
initial_2003_2007,777,6.6010471198235
initial_2003_2007,778,7.01839974539878
initial_2003_2007,779,6.06647360592888
initial_2003_2007,780,7.08880659734432
initial_2003_2007,781,7.10995826154049
initial_2003_2007,782,6.87541429121216
initial_2003_2007,783,6.78028806690987
initial_2003_2007,784,6.75514281523614
initial_2003_2007,785,7.34869269524801
initial_2003_2007,786,6.56448761278211
initial_2003_2007,787,6.77401505536084
initial_2003_2007,788,6.35576321725163
initial_2003_2007,789,6.61878214578475
initial_2003_2007,790,6.26309891563243
initial_2003_2007,791,6.6041810281612
initial_2003_2007,792,6.03892004423733
initial_2003_2007,793,7.29613133866225
initial_2003_2007,794,5.90234238183569
initial_2003_2007,795,6.81786689274317
initial_2003_2007,796,6.7697231713444
initial_2003_2007,797,5.66219007313669
initial_2003_2007,798,6.16001484463824
initial_2003_2007,799,6.00962752547821
initial_2003_2007,800,6.8852779794176
initial_2003_2007,801,6.62620009278467
initial_2003_2007,802,7.01453081627289
initial_2003_2007,803,6.61096751753929
initial_2003_2007,804,6.53702997908756
initial_2003_2007,805,6.5246638584378
initial_2003_2007,806,6.32592357064503
initial_2003_2007,807,6.76042180043131
initial_2003_2007,808,6.39825200383624
initial_2003_2007,809,6.12802157660454
initial_2003_2007,810,6.60287453713448
initial_2003_2007,811,6.31669633406886
initial_2003_2007,812,6.89330673239801
initial_2003_2007,813,6.54654401663084
initial_2003_2007,814,5.96988322137532
initial_2003_2007,815,6.52769135258302
initial_2003_2007,816,6.50270567794154
initial_2003_2007,817,6.50764342654097
initial_2003_2007,818,6.1836170600413
initial_2003_2007,819,7.02210248099959
initial_2003_2007,820,6.56222432121843
initial_2003_2007,821,6.28730203558197
initial_2003_2007,822,6.01763322987186
initial_2003_2007,823,7.38519729511292
initial_2003_2007,824,6.59566289641398
initial_2003_2007,825,6.54520562762152
initial_2003_2007,826,6.5302659994566
initial_2003_2007,827,6.13132384347877
initial_2003_2007,828,6.58344314851595
initial_2003_2007,829,6.84917155585926
initial_2003_2007,830,6.6277188505065
initial_2003_2007,831,6.67985534798739
initial_2003_2007,832,6.23853413065082
initial_2003_2007,833,6.18905730597052
initial_2003_2007,834,6.63744270444489
initial_2003_2007,835,6.33377067378165
initial_2003_2007,836,6.65418965863363
initial_2003_2007,837,7.33230008721918
initial_2003_2007,838,6.95181499861138
initial_2003_2007,839,6.41825128195854
initial_2003_2007,840,6.72319059935334
initial_2003_2007,841,6.07936773060068
initial_2003_2007,842,6.2457650087693
initial_2003_2007,843,7.27453386710925
initial_2003_2007,844,6.58043441504445
initial_2003_2007,845,6.35194804843262
initial_2003_2007,846,6.90430150404544
initial_2003_2007,847,6.29870504604429
initial_2003_2007,848,6.64907500545297
initial_2003_2007,849,6.63637242624455
initial_2003_2007,850,7.29037673426977
initial_2003_2007,851,6.21200692084585
initial_2003_2007,852,6.5218145434316
initial_2003_2007,853,6.25502259806406
initial_2003_2007,854,6.66999914888102
initial_2003_2007,855,5.75423469347575
initial_2003_2007,856,6.74457386267063
initial_2003_2007,857,6.56768336025394
initial_2003_2007,858,6.57394096474177
initial_2003_2007,859,7.57953893465403
initial_2003_2007,860,7.22432008051061
initial_2003_2007,861,6.42549536288249
initial_2003_2007,862,6.67555876801321
initial_2003_2007,863,6.82207961066884
initial_2003_2007,864,6.85532240897464
initial_2003_2007,865,6.98270747306451
initial_2003_2007,866,6.74095352382868
initial_2003_2007,867,6.73209944062942
initial_2003_2007,868,6.53674191001183
initial_2003_2007,869,7.15568961890669
initial_2003_2007,870,6.53789148368021
initial_2003_2007,871,6.86468591953395
initial_2003_2007,872,6.81979718038813
initial_2003_2007,873,6.33088391484337
initial_2003_2007,874,6.43541174368619
initial_2003_2007,875,6.68285354928859
initial_2003_2007,876,6.59655097853801
initial_2003_2007,877,6.38079079910201
initial_2003_2007,878,6.37072569840283
initial_2003_2007,879,6.53232364518539
initial_2003_2007,880,6.56697634349691
initial_2003_2007,881,6.91770005219453
initial_2003_2007,882,5.91786520043028
initial_2003_2007,883,6.53306776566662
initial_2003_2007,884,6.04656716560566
initial_2003_2007,885,6.03294411116859
initial_2003_2007,886,6.63700694774675
initial_2003_2007,887,6.90945027492023
initial_2003_2007,888,6.32496398095741
initial_2003_2007,889,6.89142376891719
initial_2003_2007,890,7.18490128761237
initial_2003_2007,891,6.10335784146595
initial_2003_2007,892,6.34183783383779
initial_2003_2007,893,5.77194198282142
initial_2003_2007,894,6.69309037880807
initial_2003_2007,895,7.06141129649813
initial_2003_2007,896,6.2582906376885
initial_2003_2007,897,6.13900028487134
initial_2003_2007,898,6.53373617759153
initial_2003_2007,899,7.19819086731827
initial_2003_2007,900,6.22341994723344
initial_2003_2007,901,6.04818114604666
initial_2003_2007,902,6.76216598657376
initial_2003_2007,903,6.8282781386865
initial_2003_2007,904,6.21765996261641
initial_2003_2007,905,6.8385771204051
initial_2003_2007,906,6.48994365606327
initial_2003_2007,907,6.47051579780382
initial_2003_2007,908,5.92818178663641
initial_2003_2007,909,6.86638994411432
initial_2003_2007,910,6.43073055549348
initial_2003_2007,911,6.21820257095376
initial_2003_2007,912,6.53775042050262
initial_2003_2007,913,6.48397314254944
initial_2003_2007,914,6.78712381913919
initial_2003_2007,915,6.47202019412477
initial_2003_2007,916,6.63785464214231
initial_2003_2007,917,5.97671339582481
initial_2003_2007,918,6.30078363125303
initial_2003_2007,919,6.66159617311463
initial_2003_2007,920,5.87754434180033
initial_2003_2007,921,6.07006201530618
initial_2003_2007,922,6.8243677323564
initial_2003_2007,923,7.35664823712575
initial_2003_2007,924,7.18870660696853
initial_2003_2007,925,6.39665580437291
initial_2003_2007,926,7.23142158595074
initial_2003_2007,927,6.84740958513604
initial_2003_2007,928,6.65417026214739
initial_2003_2007,929,6.68640296275852
initial_2003_2007,930,6.51861840742188
initial_2003_2007,931,6.55515948858345
initial_2003_2007,932,6.53503727454475
initial_2003_2007,933,6.33299015215686
initial_2003_2007,934,6.32511353534472
initial_2003_2007,935,6.27857181816503
initial_2003_2007,936,7.25530442364503
initial_2003_2007,937,7.00540308574894
initial_2003_2007,938,6.21929265555185
initial_2003_2007,939,6.69974540776614
initial_2003_2007,940,6.33186868686124
initial_2003_2007,941,6.84622806284353
initial_2003_2007,942,6.14391591485413
initial_2003_2007,943,6.35715535201598
initial_2003_2007,944,6.92957899260524
initial_2003_2007,945,6.55536964199952
initial_2003_2007,946,6.27097831970378
initial_2003_2007,947,5.75809908827824
initial_2003_2007,948,6.74718150364101
initial_2003_2007,949,6.98910914004215
initial_2003_2007,950,6.15844620409406
initial_2003_2007,951,6.11505540969911
initial_2003_2007,952,6.19224275500463
initial_2003_2007,953,6.64931794266592
initial_2003_2007,954,6.7198064258998
initial_2003_2007,955,6.54432042948023
initial_2003_2007,956,7.15749003711605
initial_2003_2007,957,6.35808642994944
initial_2003_2007,958,6.12043379560867
initial_2003_2007,959,6.62404217888616
initial_2003_2007,960,6.61749731203787
initial_2003_2007,961,6.36215259102824
initial_2003_2007,962,7.02020781686382
initial_2003_2007,963,6.52780100221222
initial_2003_2007,964,6.78026723242625
initial_2003_2007,965,6.36463192519277
initial_2003_2007,966,6.8888134989255
initial_2003_2007,967,6.76374768981211
initial_2003_2007,968,6.88141590076232
initial_2003_2007,969,6.36826374668796
initial_2003_2007,970,7.33941230859184
initial_2003_2007,971,6.5088914577112
initial_2003_2007,972,6.50486563388927
initial_2003_2007,973,6.83347233432586
initial_2003_2007,974,6.4500477428205
initial_2003_2007,975,6.8188113276456
initial_2003_2007,976,6.9318345553038
initial_2003_2007,977,6.01277288527664
initial_2003_2007,978,6.17107674598959
initial_2003_2007,979,6.68479188228387
initial_2003_2007,980,6.40851007806347
initial_2003_2007,981,7.34935243665052
initial_2003_2007,982,6.2032867955826
initial_2003_2007,983,6.76648275239594
initial_2003_2007,984,6.70794124486321
initial_2003_2007,985,6.10712453003331
initial_2003_2007,986,6.59163935936118
initial_2003_2007,987,6.69080351603017
initial_2003_2007,988,6.32847092317122
initial_2003_2007,989,6.60667214781689
initial_2003_2007,990,6.95459551458048
initial_2003_2007,991,7.19177867013701
initial_2003_2007,992,6.85502682403506
initial_2003_2007,993,7.24618549252507
initial_2003_2007,994,6.70636131416918
initial_2003_2007,995,6.98297122511364
initial_2003_2007,996,6.85828153620474
initial_2003_2007,997,6.38456980563912
initial_2003_2007,998,6.96892711552941
initial_2003_2007,999,6.86574798681646
initial_2007,1,7.59978847571329
initial_2007,2,8.08411551393988
initial_2007,3,7.60964845376975
initial_2007,4,7.87351056905501
initial_2007,5,7.18104009228458
initial_2007,6,7.90410271946786
initial_2007,7,7.37536320966565
initial_2007,8,6.96885936999546
initial_2007,9,8.31819606851211
initial_2007,10,6.75462386510668
initial_2007,11,6.54467762463303
initial_2007,12,7.40863974503153
initial_2007,13,7.38000870424497
initial_2007,14,6.62786300682875
initial_2007,15,7.3158321483261
initial_2007,16,7.42744332131781
initial_2007,17,8.16654002684518
initial_2007,18,7.64043554809587
initial_2007,19,7.4374606503233
initial_2007,20,6.65998207570909
initial_2007,21,7.41456370696056
initial_2007,22,6.79630673364604
initial_2007,23,7.119596176196
initial_2007,24,7.15635430618157
initial_2007,25,8.14698529038809
initial_2007,26,7.50769876171629
initial_2007,27,7.530936277406
initial_2007,28,6.17243286034511
initial_2007,29,7.45638730628521
initial_2007,30,6.83535125465393
initial_2007,31,6.85143507393316
initial_2007,32,6.97224008043183
initial_2007,33,7.60878580285899
initial_2007,34,7.73426961387534
initial_2007,35,7.58066904107688
initial_2007,36,6.94359552272304
initial_2007,37,7.00842195536769
initial_2007,38,7.36778408716188
initial_2007,39,7.48035809762338
initial_2007,40,7.24920470327771
initial_2007,41,7.4273573134258
initial_2007,42,7.63011186661709
initial_2007,43,7.55814752314304
initial_2007,44,7.25537169077418
initial_2007,45,7.182384036531
initial_2007,46,8.20092177355529
initial_2007,47,7.69260379815717
initial_2007,48,7.55797127222126
initial_2007,49,7.23029254442898
initial_2007,50,7.2633355993631
initial_2007,51,7.2325145971649
initial_2007,52,7.90822855619323
initial_2007,53,6.75485289888094
initial_2007,54,7.79600513804707
initial_2007,55,7.46816930787772
initial_2007,56,6.42802570890647
initial_2007,57,7.39373092074908
initial_2007,58,7.82042425753078
initial_2007,59,7.02499911312389
initial_2007,60,7.1311304458149
initial_2007,61,7.25349192209679
initial_2007,62,8.0824828729001
initial_2007,63,7.8265072814284
initial_2007,64,8.68843984341762
initial_2007,65,7.92573540670951
initial_2007,66,7.33494083072462
initial_2007,67,7.44162800688213
initial_2007,68,7.28115755896109
initial_2007,69,8.50358959243506
initial_2007,70,7.50805228218084
initial_2007,71,7.43637703832584
initial_2007,72,8.23325623461644
initial_2007,73,7.25635760540898
initial_2007,74,7.20663955981006
initial_2007,75,8.02750167474884
initial_2007,76,6.61266630678231
initial_2007,77,7.47564149141547
initial_2007,78,7.48092523999227
initial_2007,79,7.92896395777977
initial_2007,80,7.39249762676332
initial_2007,81,8.46254406013569
initial_2007,82,6.39488193592965
initial_2007,83,7.5702621061786
initial_2007,84,7.67560287087508
initial_2007,85,7.16080880821058
initial_2007,86,8.54169777906694
initial_2007,87,6.8643117714861
initial_2007,88,8.11762194765477
initial_2007,89,8.26168875509157
initial_2007,90,7.16279306657318
initial_2007,91,8.06093919682861
initial_2007,92,7.96613737739866
initial_2007,93,7.42749045007218
initial_2007,94,7.86541378586776
initial_2007,95,7.70621698580251
initial_2007,96,6.89589936427957
initial_2007,97,6.90504578127915
initial_2007,98,7.2778441678296
initial_2007,99,7.65800482653383
initial_2007,100,8.04192284582018
initial_2007,101,6.66376480112686
initial_2007,102,7.88264781483421
initial_2007,103,7.05562653544256
initial_2007,104,6.72809746163282
initial_2007,105,7.17890115663568
initial_2007,106,8.08768801976822
initial_2007,107,7.71266529061841
initial_2007,108,7.59653110588836
initial_2007,109,7.24826409075581
initial_2007,110,7.5846500197035
initial_2007,111,8.30577292942312
initial_2007,112,6.79893539285846
initial_2007,113,7.01458376828267
initial_2007,114,7.52738608556655
initial_2007,115,7.65345659551991
initial_2007,116,7.13162040800832
initial_2007,117,8.66402603247525
initial_2007,118,8.51779501812091
initial_2007,119,7.57637064967713
initial_2007,120,7.42530803076748
initial_2007,121,8.03351430370148
initial_2007,122,7.15025028330263
initial_2007,123,7.73114402380427
initial_2007,124,6.77013743290195
initial_2007,125,8.24795591433772
initial_2007,126,7.29964736504558
initial_2007,127,7.93230628827983
initial_2007,128,7.52752591080622
initial_2007,129,7.19325889105577
initial_2007,130,7.61045242833334
initial_2007,131,7.43707811417103
initial_2007,132,7.69683061808025
initial_2007,133,8.29586169466076
initial_2007,134,7.11368214606835
initial_2007,135,7.90912918906088
initial_2007,136,7.60029512396661
initial_2007,137,6.72370201307437
initial_2007,138,7.00764041500345
initial_2007,139,7.95450736553877
initial_2007,140,6.33069003290105
initial_2007,141,7.47058060517819
initial_2007,142,8.02164913901037
initial_2007,143,7.63354523671727
initial_2007,144,7.1111315775692
initial_2007,145,7.29529298962843
initial_2007,146,7.14552566805243
initial_2007,147,7.75353153557951
initial_2007,148,6.56993385452702
initial_2007,149,6.95623629003491
initial_2007,150,7.97281659537836
initial_2007,151,6.77372745837658
initial_2007,152,8.2046576636678
initial_2007,153,7.26797296021196
initial_2007,154,7.06944886817977
initial_2007,155,7.03548230991398
initial_2007,156,7.8331854144441
initial_2007,157,6.51389943353775
initial_2007,158,7.12641926968924
initial_2007,159,7.64452765912194
initial_2007,160,7.01238399442315
initial_2007,161,6.83247143236465
initial_2007,162,7.35241511107295
initial_2007,163,7.65101285393267
initial_2007,164,7.08840550589814
initial_2007,165,7.11560327290041
initial_2007,166,7.92673854944259
initial_2007,167,7.30187010672554
initial_2007,168,7.36206810562606
initial_2007,169,7.27763257675399
initial_2007,170,7.05150205902861
initial_2007,171,8.16657790202903
initial_2007,172,7.91237021065357
initial_2007,173,7.69348437029414
initial_2007,174,6.94040009106448
initial_2007,175,6.46997246941634
initial_2007,176,7.35031212643358
initial_2007,177,6.38770216430653
initial_2007,178,7.68363680733051
initial_2007,179,7.41103814826546
initial_2007,180,7.34774904720887
initial_2007,181,7.84352948927859
initial_2007,182,7.71248070288685
initial_2007,183,6.32797719418542
initial_2007,184,7.18164499350471
initial_2007,185,7.93187491065125
initial_2007,186,7.8362753058103
initial_2007,187,7.78230253102304
initial_2007,188,7.25947976767381
initial_2007,189,6.80642511043203
initial_2007,190,7.36053514224446
initial_2007,191,6.85554020740986
initial_2007,192,7.55465470643531
initial_2007,193,7.67417059618551
initial_2007,194,7.50259979711386
initial_2007,195,7.0529170386864
initial_2007,196,8.09476356135033
initial_2007,197,7.48463550484072
initial_2007,198,7.4517782187868
initial_2007,199,7.81668729450101
initial_2007,200,7.42545765697123
initial_2007,201,8.58726790435869
initial_2007,202,7.14952759701802
initial_2007,203,7.34577585079935
initial_2007,204,7.1948675331832
initial_2007,205,7.35271303891728
initial_2007,206,7.660784923938
initial_2007,207,6.31500418361298
initial_2007,208,7.2495957570831
initial_2007,209,7.3461345409529
initial_2007,210,7.66461310792541
initial_2007,211,7.09833862659788
initial_2007,212,7.3786433996997
initial_2007,213,6.81371313315705
initial_2007,214,7.09480323120067
initial_2007,215,7.53210411010159
initial_2007,216,7.58857523955085
initial_2007,217,7.37943138982811
initial_2007,218,7.89826469797686
initial_2007,219,7.33288430890096
initial_2007,220,8.14233559089775
initial_2007,221,7.50880911411236
initial_2007,222,7.39330041584393
initial_2007,223,7.16960819879162
initial_2007,224,7.06672153891234
initial_2007,225,6.78318763255382
initial_2007,226,7.16252920943188
initial_2007,227,7.28667161336384
initial_2007,228,7.43185412571736
initial_2007,229,7.69622949440446
initial_2007,230,6.66434753946974
initial_2007,231,7.96153652409254
initial_2007,232,7.54531134964828
initial_2007,233,7.27480421066707
initial_2007,234,7.50024342239205
initial_2007,235,8.12780837231315
initial_2007,236,7.04638054718439
initial_2007,237,6.88901769306117
initial_2007,238,7.65295094847076
initial_2007,239,7.15057224636705
initial_2007,240,7.62160023112607
initial_2007,241,6.47044543292335
initial_2007,242,7.26704583773155
initial_2007,243,6.81551958029067
initial_2007,244,7.78914884600259
initial_2007,245,7.56068127764193
initial_2007,246,6.97651618711821
initial_2007,247,7.14548184906847
initial_2007,248,7.24523653780919
initial_2007,249,7.84227835044119
initial_2007,250,7.09188123700367
initial_2007,251,6.50598345364742
initial_2007,252,8.52763076077156
initial_2007,253,7.75241069193677
initial_2007,254,7.15062604693785
initial_2007,255,7.22008819938027
initial_2007,256,7.82616351175997
initial_2007,257,7.88671416308185
initial_2007,258,6.9511025037646
initial_2007,259,8.40372993220887
initial_2007,260,6.38137839768314
initial_2007,261,8.1812519389626
initial_2007,262,8.11807451707035
initial_2007,263,8.00195880636588
initial_2007,264,8.06402660220639
initial_2007,265,7.25899021043889
initial_2007,266,8.26620642528831
initial_2007,267,7.57386924164059
initial_2007,268,7.15532238898842
initial_2007,269,7.1149181340699
initial_2007,270,7.00851325749727
initial_2007,271,7.86920939488661
initial_2007,272,6.30850653727392
initial_2007,273,7.82506044734081
initial_2007,274,7.3912641367297
initial_2007,275,7.68063489287307
initial_2007,276,7.27792888583931
initial_2007,277,7.73624118194747
initial_2007,278,7.92765940133802
initial_2007,279,7.43226206204066
initial_2007,280,7.63285171903753
initial_2007,281,6.47917219125207
initial_2007,282,7.63575219472704
initial_2007,283,7.33654644193825
initial_2007,284,7.35457763707774
initial_2007,285,7.42778221408707
initial_2007,286,7.1043920446522
initial_2007,287,6.84532495430004
initial_2007,288,7.98770352051448
initial_2007,289,7.23192037209534
initial_2007,290,7.01002068122813
initial_2007,291,7.66565813656973
initial_2007,292,6.7720602118884
initial_2007,293,7.67055702550203
initial_2007,294,6.92328462629275
initial_2007,295,6.88605861014765
initial_2007,296,7.27590511188863
initial_2007,297,7.72003992797956
initial_2007,298,7.41259888443775
initial_2007,299,6.74326932601588
initial_2007,300,6.35375502446923
initial_2007,301,6.96428698665247
initial_2007,302,7.7790680713378
initial_2007,303,6.81601063599767
initial_2007,304,8.00591550659798
initial_2007,305,7.29879011006151
initial_2007,306,8.83495733507088
initial_2007,307,7.56289592602825
initial_2007,308,6.96486207066265
initial_2007,309,7.92921662587333
initial_2007,310,7.44893009290356
initial_2007,311,7.23174906873747
initial_2007,312,6.79690843481604
initial_2007,313,7.71729850300838
initial_2007,314,7.7595263960452
initial_2007,315,7.85752278654726
initial_2007,316,7.2196304890681
initial_2007,317,7.5531116463223
initial_2007,318,7.88846374814281
initial_2007,319,6.14516512499146
initial_2007,320,7.94451805767054
initial_2007,321,6.61058178357575
initial_2007,322,7.26295056827376
initial_2007,323,7.6099330194995
initial_2007,324,7.77349239150665
initial_2007,325,7.45560580473902
initial_2007,326,6.61893479705279
initial_2007,327,7.43056673677753
initial_2007,328,6.77309057484692
initial_2007,329,8.26756711281955
initial_2007,330,7.78155795808008
initial_2007,331,7.51973561478416
initial_2007,332,7.28011059528841
initial_2007,333,6.94264891169323
initial_2007,334,7.02484228902914
initial_2007,335,6.84292519092831
initial_2007,336,7.46085511124796
initial_2007,337,6.57079338106023
initial_2007,338,7.96271419303134
initial_2007,339,7.50511085720828
initial_2007,340,7.37678049141001
initial_2007,341,7.47480366362014
initial_2007,342,6.74267843568636
initial_2007,343,7.63568994374255
initial_2007,344,7.58160572983102
initial_2007,345,6.58963561943356
initial_2007,346,6.99128773009618
initial_2007,347,6.94064805226259
initial_2007,348,8.36022410174888
initial_2007,349,7.20280969497928
initial_2007,350,7.9061605980446
initial_2007,351,6.95314677254072
initial_2007,352,7.10541449859823
initial_2007,353,7.15187128125802
initial_2007,354,6.85737293634232
initial_2007,355,7.00475635467453
initial_2007,356,6.99383591739975
initial_2007,357,7.25207451816616
initial_2007,358,6.72354399630775
initial_2007,359,7.22058971456584
initial_2007,360,8.16581615950367
initial_2007,361,7.92436519250597
initial_2007,362,7.2919202134043
initial_2007,363,7.74131451203368
initial_2007,364,7.75913778751745
initial_2007,365,7.08575345642785
initial_2007,366,7.2683172586123
initial_2007,367,7.56784282098468
initial_2007,368,7.5071333533905
initial_2007,369,7.43403395761012
initial_2007,370,8.34015017280181
initial_2007,371,6.86371344640015
initial_2007,372,7.15792021745049
initial_2007,373,7.16393625970743
initial_2007,374,8.34248096163684
initial_2007,375,6.66057071862407
initial_2007,376,6.76719743957772
initial_2007,377,7.16553728582517
initial_2007,378,7.21157613618469
initial_2007,379,6.76752639038824
initial_2007,380,7.41625109139021
initial_2007,381,6.85406445122438
initial_2007,382,7.54229753020047
initial_2007,383,7.41578713890676
initial_2007,384,7.42969433146057
initial_2007,385,6.61379959111747
initial_2007,386,8.14943028815399
initial_2007,387,7.6774773344158
initial_2007,388,8.37024113947791
initial_2007,389,7.77217312432325
initial_2007,390,7.26862440012593
initial_2007,391,8.12231790770908
initial_2007,392,6.4938280905138
initial_2007,393,6.95192686437681
initial_2007,394,7.63247632309372
initial_2007,395,8.16755865404059
initial_2007,396,6.96994350873218
initial_2007,397,7.85158198419305
initial_2007,398,7.91056621743351
initial_2007,399,7.34455498563677
initial_2007,400,6.488136444605
initial_2007,401,8.02627827295355
initial_2007,402,8.01380202514238
initial_2007,403,7.54782162301051
initial_2007,404,7.61244428929473
initial_2007,405,7.25966434127202
initial_2007,406,7.93010792952724
initial_2007,407,8.34890801545718
initial_2007,408,7.96204777908921
initial_2007,409,7.83765596493755
initial_2007,410,7.46068394393766
initial_2007,411,6.60456897349812
initial_2007,412,7.68906005186708
initial_2007,413,7.38438089795039
initial_2007,414,7.36200360820835
initial_2007,415,7.58668862738846
initial_2007,416,6.87762851020984
initial_2007,417,7.36554815184403
initial_2007,418,7.16757275875772
initial_2007,419,6.48206833537896
initial_2007,420,8.49037884718056
initial_2007,421,8.01564313592409
initial_2007,422,7.51887510938429
initial_2007,423,7.04311737251861
initial_2007,424,8.02213863635609
initial_2007,425,6.78940837219213
initial_2007,426,6.87432351029817
initial_2007,427,7.43531160391007
initial_2007,428,6.32853859053713
initial_2007,429,7.68094216229157
initial_2007,430,7.52054237224297
initial_2007,431,6.81648068638241
initial_2007,432,7.54725760109571
initial_2007,433,7.39742809495933
initial_2007,434,8.41773985539363
initial_2007,435,7.63123841614393
initial_2007,436,7.45333595067096
initial_2007,437,9.60062870507809
initial_2007,438,7.42416555092104
initial_2007,439,7.21985257083657
initial_2007,440,8.0988714926868
initial_2007,441,6.83992065762552
initial_2007,442,7.28629834587003
initial_2007,443,7.09419013265947
initial_2007,444,7.59980383427446
initial_2007,445,7.75803113210805
initial_2007,446,7.08377814006139
initial_2007,447,7.93499046998064
initial_2007,448,6.95329149457225
initial_2007,449,6.73319753320053
initial_2007,450,6.73493477104019
initial_2007,451,7.62557437313461
initial_2007,452,6.98381598916578
initial_2007,453,6.99358600075431
initial_2007,454,8.03085572973869
initial_2007,455,7.5685735605531
initial_2007,456,7.41948646422368
initial_2007,457,6.94327003590332
initial_2007,458,7.79657181096546
initial_2007,459,7.6246127484568
initial_2007,460,6.39300165324888
initial_2007,461,7.37605938027201
initial_2007,462,6.94211905223806
initial_2007,463,7.42074830127317
initial_2007,464,6.95315511754481
initial_2007,465,7.59930288689484
initial_2007,466,7.97013341255879
initial_2007,467,7.29675406200375
initial_2007,468,6.54484050749564
initial_2007,469,7.09035422988807
initial_2007,470,7.25248646034832
initial_2007,471,7.16236403995936
initial_2007,472,7.5111359587554
initial_2007,473,7.88559936402034
initial_2007,474,7.03404419451933
initial_2007,475,7.29081691976243
initial_2007,476,6.09985301453306
initial_2007,477,6.5838527600476
initial_2007,478,7.3028143977324
initial_2007,479,7.93749788893148
initial_2007,480,7.46840010222381
initial_2007,481,6.88652351002417
initial_2007,482,7.40289453571743
initial_2007,483,7.21775900558875
initial_2007,484,7.1399960265416
initial_2007,485,7.3410465873907
initial_2007,486,6.49970426772786
initial_2007,487,7.23122111525128
initial_2007,488,6.80420530832606
initial_2007,489,7.71485076256937
initial_2007,490,7.55574222211305
initial_2007,491,7.40669010287941
initial_2007,492,6.38057219800898
initial_2007,493,7.11096679006674
initial_2007,494,7.07963260701399
initial_2007,495,6.81234366692793
initial_2007,496,8.22881473174612
initial_2007,497,7.30938494824945
initial_2007,498,7.46807178399843
initial_2007,499,7.54522440335481
initial_2007,500,7.71434920195005
initial_2007,501,8.15019435019745
initial_2007,502,7.18839529527402
initial_2007,503,6.71554954190144
initial_2007,504,6.67835713648214
initial_2007,505,6.71836116807387
initial_2007,506,7.74083226095099
initial_2007,507,8.1524290871397
initial_2007,508,6.55749800702842
initial_2007,509,7.42230945673141
initial_2007,510,7.19062238792689
initial_2007,511,7.97878103874256
initial_2007,512,7.09737001410147
initial_2007,513,7.51766202225909
initial_2007,514,7.58977755053736
initial_2007,515,8.03461285217367
initial_2007,516,6.60006190717711
initial_2007,517,7.97899955423519
initial_2007,518,7.83733851848975
initial_2007,519,7.73215421610915
initial_2007,520,7.74773686836228
initial_2007,521,8.08022844626565
initial_2007,522,7.80087797057394
initial_2007,523,7.48535295593431
initial_2007,524,7.11903354343136
initial_2007,525,7.39851174586
initial_2007,526,7.65194691828704
initial_2007,527,7.42727150086379
initial_2007,528,7.40684212032308
initial_2007,529,8.08644309434903
initial_2007,530,7.21632561370919
initial_2007,531,6.26761105001781
initial_2007,532,6.95418202139592
initial_2007,533,6.98426654039212
initial_2007,534,7.07492914459541
initial_2007,535,8.51619919211503
initial_2007,536,8.21857199815369
initial_2007,537,6.93194202424421
initial_2007,538,7.63627908202567
initial_2007,539,8.09614611637575
initial_2007,540,7.40106357117051
initial_2007,541,8.05761392259837
initial_2007,542,7.23407557783616
initial_2007,543,7.4358221295589
initial_2007,544,6.34165511935056
initial_2007,545,6.85426015365229
initial_2007,546,7.84579576709401
initial_2007,547,8.18609400096961
initial_2007,548,7.92203299337065
initial_2007,549,6.54674359238534
initial_2007,550,6.85350013864462
initial_2007,551,7.66180389845605
initial_2007,552,8.22045117701893
initial_2007,553,7.43385759656237
initial_2007,554,8.06147248651423
initial_2007,555,8.32722715807245
initial_2007,556,7.55345889528134
initial_2007,557,7.50280627823408
initial_2007,558,7.25524809054593
initial_2007,559,7.73287779109494
initial_2007,560,7.81813066590268
initial_2007,561,7.76363585100279
initial_2007,562,8.02154245746629
initial_2007,563,6.35884535176634
initial_2007,564,8.6643671663731
initial_2007,565,7.32865422546365
initial_2007,566,7.10615010371341
initial_2007,567,6.771816959188
initial_2007,568,6.85559481503532
initial_2007,569,6.65401385118366
initial_2007,570,8.38684451619702
initial_2007,571,8.13634306900404
initial_2007,572,8.055366965641
initial_2007,573,6.92410707055319
initial_2007,574,7.54820266918769
initial_2007,575,6.64145990055229
initial_2007,576,7.31192440285402
initial_2007,577,7.20033190033536
initial_2007,578,7.12937757589785
initial_2007,579,6.57327165733659
initial_2007,580,8.07188117451666
initial_2007,581,7.59631669891198
initial_2007,582,6.8007274452327
initial_2007,583,7.71754571356341
initial_2007,584,7.80904011847462
initial_2007,585,7.4212803878011
initial_2007,586,7.49126198763777
initial_2007,587,7.16996101339407
initial_2007,588,8.22674943576635
initial_2007,589,7.72098674195833
initial_2007,590,7.59723888772154
initial_2007,591,7.37179150336259
initial_2007,592,6.98899829232676
initial_2007,593,7.33224632380164
initial_2007,594,7.35032046796857
initial_2007,595,7.05157461870585
initial_2007,596,6.94955362806608
initial_2007,597,6.85773433994746
initial_2007,598,7.05690527622888
initial_2007,599,7.20586014791519
initial_2007,600,7.22760792627652
initial_2007,601,6.98593620826344
initial_2007,602,7.75821272546463
initial_2007,603,7.97927432971498
initial_2007,604,7.52538117335749
initial_2007,605,7.09512188526294
initial_2007,606,6.7376922214316
initial_2007,607,6.9698106637174
initial_2007,608,7.98836582748608
initial_2007,609,7.19294065231223
initial_2007,610,6.86458452902753
initial_2007,611,7.64161070714457
initial_2007,612,7.33517767081933
initial_2007,613,6.90057444026376
initial_2007,614,7.30404461340985
initial_2007,615,8.07442157578142
initial_2007,616,7.10018373676639
initial_2007,617,7.03652588358079
initial_2007,618,7.63163450563149
initial_2007,619,7.3849508213227
initial_2007,620,6.33724753097385
initial_2007,621,6.9010730917775
initial_2007,622,7.79305448225094
initial_2007,623,7.7997354936083
initial_2007,624,7.74564065450302
initial_2007,625,7.27623688518288
initial_2007,626,6.78785817588051
initial_2007,627,6.42497106377191
initial_2007,628,7.34040915454322
initial_2007,629,7.02648553686944
initial_2007,630,7.38724080898861
initial_2007,631,7.82580456896156
initial_2007,632,6.57343681953028
initial_2007,633,8.06613206116278
initial_2007,634,7.27759414143172
initial_2007,635,6.97028180027507
initial_2007,636,7.96728949065499
initial_2007,637,7.41633817615381
initial_2007,638,7.1662791712481
initial_2007,639,6.93650984681718
initial_2007,640,6.90705562586554
initial_2007,641,7.26115077439747
initial_2007,642,7.65366106246759
initial_2007,643,8.19670028789077
initial_2007,644,7.62837191544011
initial_2007,645,7.64134404362781
initial_2007,646,7.22571628608227
initial_2007,647,6.61179730474647
initial_2007,648,7.99113921398975
initial_2007,649,7.74307199762761
initial_2007,650,7.27062299382634
initial_2007,651,6.97566795854722
initial_2007,652,6.86637354389573
initial_2007,653,7.77072665409818
initial_2007,654,6.6625916256854
initial_2007,655,7.01282092923321
initial_2007,656,6.87849396737197
initial_2007,657,7.39860447112844
initial_2007,658,7.56663939674206
initial_2007,659,7.90954005362116
initial_2007,660,6.60083776528837
initial_2007,661,7.27007148519315
initial_2007,662,7.4035665728887
initial_2007,663,8.1445958241322
initial_2007,664,6.7500660588996
initial_2007,665,7.07716151896356
initial_2007,666,8.36806602211397
initial_2007,667,8.13994924513772
initial_2007,668,8.13097981984706
initial_2007,669,6.4131445032115
initial_2007,670,7.73940497702667
initial_2007,671,6.86795462893154
initial_2007,672,7.10326426041942
initial_2007,673,6.91985257151591
initial_2007,674,7.09105349956736
initial_2007,675,7.0158797138783
initial_2007,676,7.34497112313195
initial_2007,677,7.2678611955871
initial_2007,678,7.04685553834941
initial_2007,679,8.20077169441309
initial_2007,680,7.19581617238728
initial_2007,681,7.78220983394535
initial_2007,682,8.010311332577
initial_2007,683,7.31080432578165
initial_2007,684,7.15706275230925
initial_2007,685,7.04956655565479
initial_2007,686,7.49269793926458
initial_2007,687,7.57105548160538
initial_2007,688,7.56225258939615
initial_2007,689,6.86697331462904
initial_2007,690,7.50185619027209
initial_2007,691,8.57296096214261
initial_2007,692,7.12140239180549
initial_2007,693,6.90936456520594
initial_2007,694,7.04870172468419
initial_2007,695,7.80195247088587
initial_2007,696,7.09416005045724
initial_2007,697,7.19755154475736
initial_2007,698,8.65681982077606
initial_2007,699,8.13475243598196
initial_2007,700,7.45831970923564
initial_2007,701,7.25369855628484
initial_2007,702,7.11269196479319
initial_2007,703,8.65576440011702
initial_2007,704,7.24112429130678
initial_2007,705,7.4695407858691
initial_2007,706,7.32241832674731
initial_2007,707,6.82811998780922
initial_2007,708,6.97527686851591
initial_2007,709,6.94766523352762
initial_2007,710,6.64201988683777
initial_2007,711,7.54005848812978
initial_2007,712,7.1438769533891
initial_2007,713,6.95787122117424
initial_2007,714,7.28597011743688
initial_2007,715,7.32909907253669
initial_2007,716,7.37087041060428
initial_2007,717,6.77303402669192
initial_2007,718,7.24306744252034
initial_2007,719,6.86933577536649
initial_2007,720,6.81002226432549
initial_2007,721,7.55804121055081
initial_2007,722,7.39140490659809
initial_2007,723,7.30564376799335
initial_2007,724,7.52142365352157
initial_2007,725,6.87287379184738
initial_2007,726,7.87832152647742
initial_2007,727,7.24355514960226
initial_2007,728,7.13249871941675
initial_2007,729,6.73300779796468
initial_2007,730,6.57707070315309
initial_2007,731,7.61638184123208
initial_2007,732,7.74973119837599
initial_2007,733,7.28782288245196
initial_2007,734,7.76780308360808
initial_2007,735,7.98287191952568
initial_2007,736,6.81705077960589
initial_2007,737,7.57072609766995
initial_2007,738,6.90076250281342
initial_2007,739,6.55283890043819
initial_2007,740,7.82413034692523
initial_2007,741,7.75032734837287
initial_2007,742,7.37484152194668
initial_2007,743,8.1299920151117
initial_2007,744,6.77972392102952
initial_2007,745,7.71217623850666
initial_2007,746,7.34718677289445
initial_2007,747,7.65810062414468
initial_2007,748,7.49305261548372
initial_2007,749,7.15517851227886
initial_2007,750,7.47574560062814
initial_2007,751,8.0485003006786
initial_2007,752,6.96423396551206
initial_2007,753,8.37214210367299
initial_2007,754,6.95621236209044
initial_2007,755,7.28296006116671
initial_2007,756,7.02363316513631
initial_2007,757,7.12577797627233
initial_2007,758,8.46102861820724
initial_2007,759,8.10307848965868
initial_2007,760,7.2348223984088
initial_2007,761,7.63377378927115
initial_2007,762,7.68444483441526
initial_2007,763,6.86540372113254
initial_2007,764,7.26896676466724
initial_2007,765,6.84834739927351
initial_2007,766,7.04844808677359
initial_2007,767,7.6577614456173
initial_2007,768,7.38073306191943
initial_2007,769,8.22792160474403
initial_2007,770,7.18387296646022
initial_2007,771,6.4810961514212
initial_2007,772,6.76651123532107
initial_2007,773,6.83331723682012
initial_2007,774,7.131001482461
initial_2007,775,7.56943996793489
initial_2007,776,7.97006987100714
initial_2007,777,8.08428327148583
initial_2007,778,6.64466047790924
initial_2007,779,6.73509127169612
initial_2007,780,7.71057148176283
initial_2007,781,6.83352329250681
initial_2007,782,7.97778341333716
initial_2007,783,6.67649804206744
initial_2007,784,6.22101621752646
initial_2007,785,7.15263763436865
initial_2007,786,7.51806635837425
initial_2007,787,7.6070151827
initial_2007,788,7.20230114041095
initial_2007,789,7.68909560835701
initial_2007,790,8.19381131344344
initial_2007,791,6.50565089461904
initial_2007,792,6.89817167277985
initial_2007,793,7.25664218965019
initial_2007,794,8.00325104416725
initial_2007,795,7.69403204667285
initial_2007,796,8.04370043264444
initial_2007,797,7.21627395295027
initial_2007,798,7.27825495486946
initial_2007,799,8.12306792938633
initial_2007,800,7.75121264779204
initial_2007,801,6.43540386725631
initial_2007,802,8.63820567279571
initial_2007,803,7.28314835311608
initial_2007,804,6.97276358636715
initial_2007,805,7.60373948295409
initial_2007,806,7.56967942177521
initial_2007,807,8.46481767501179
initial_2007,808,7.41879947516407
initial_2007,809,7.72097680069881
initial_2007,810,7.45755930515423
initial_2007,811,7.43663293888527
initial_2007,812,7.5493930717293
initial_2007,813,7.93822793387461
initial_2007,814,7.23838190448064
initial_2007,815,7.13935311244369
initial_2007,816,7.83086048576339
initial_2007,817,7.1357174012649
initial_2007,818,7.05600754962277
initial_2007,819,7.2004030125338
initial_2007,820,7.92948310776736
initial_2007,821,7.92859125400365
initial_2007,822,6.95647469610506
initial_2007,823,8.10321938601769
initial_2007,824,7.2082671661603
initial_2007,825,7.2704975451601
initial_2007,826,7.41977811644601
initial_2007,827,7.06031891901919
initial_2007,828,6.94968103116925
initial_2007,829,7.1633519358259
initial_2007,830,7.52787988630805
initial_2007,831,8.33706417344496
initial_2007,832,6.91263965307713
initial_2007,833,8.27986606183566
initial_2007,834,7.10194979610338
initial_2007,835,7.71132181335616
initial_2007,836,7.02307979803679
initial_2007,837,7.35973441180689
initial_2007,838,7.402893733915
initial_2007,839,7.02620927370176
initial_2007,840,6.66895936837269
initial_2007,841,8.2685847455211
initial_2007,842,6.61802368857752
initial_2007,843,7.00646773191657
initial_2007,844,7.55522715456736
initial_2007,845,7.21427955470348
initial_2007,846,6.96462782181053
initial_2007,847,7.04487780478752
initial_2007,848,7.92789723813632
initial_2007,849,7.61897028056701
initial_2007,850,7.63829080234259
initial_2007,851,7.14161808511382
initial_2007,852,6.99146823495655
initial_2007,853,7.41727673164042
initial_2007,854,7.12606345417088
initial_2007,855,7.6654051048015
initial_2007,856,8.49864296602253
initial_2007,857,7.22249624784517
initial_2007,858,7.30889085434995
initial_2007,859,7.66674376879963
initial_2007,860,7.25626686300882
initial_2007,861,7.50384597958343
initial_2007,862,8.62326246948778
initial_2007,863,7.15509374666381
initial_2007,864,7.198058182087
initial_2007,865,6.35602060735038
initial_2007,866,7.77734565419165
initial_2007,867,7.50979300793611
initial_2007,868,7.44395807265118
initial_2007,869,7.30528018726451
initial_2007,870,7.16194654116252
initial_2007,871,7.32585138444755
initial_2007,872,8.99740647606872
initial_2007,873,7.38256118217019
initial_2007,874,6.73546209161648
initial_2007,875,7.1896969067132
initial_2007,876,7.40644432375578
initial_2007,877,6.92760905374966
initial_2007,878,7.0498482934811
initial_2007,879,7.51160737167841
initial_2007,880,6.33921180957526
initial_2007,881,7.48144309083282
initial_2007,882,7.89150000657411
initial_2007,883,7.88399840873418
initial_2007,884,8.18908711840859
initial_2007,885,7.95923868235364
initial_2007,886,6.99111405479324
initial_2007,887,6.5360554183221
initial_2007,888,7.17683650893632
initial_2007,889,7.21034526668109
initial_2007,890,6.43375965732218
initial_2007,891,6.3639395300173
initial_2007,892,7.58788115662905
initial_2007,893,7.13793135492916
initial_2007,894,8.04083938429544
initial_2007,895,7.5688959802413
initial_2007,896,7.70524741878219
initial_2007,897,7.10411641269742
initial_2007,898,6.70520023086931
initial_2007,899,7.17020800950509
initial_2007,900,7.45925407130749
initial_2007,901,7.61458630893334
initial_2007,902,6.97827245871113
initial_2007,903,7.45139799640327
initial_2007,904,6.75040750916337
initial_2007,905,7.20555746575709
initial_2007,906,7.11052660880543
initial_2007,907,7.30783386150526
initial_2007,908,7.95237681797941
initial_2007,909,7.41874614383203
initial_2007,910,8.03103729995011
initial_2007,911,7.24297288676179
initial_2007,912,6.69353388360766
initial_2007,913,6.69989208446814
initial_2007,914,7.37242510655394
initial_2007,915,7.61683291738465
initial_2007,916,7.02595010920307
initial_2007,917,6.72022099494768
initial_2007,918,7.0772446806549
initial_2007,919,7.35591032034295
initial_2007,920,8.12365407381694
initial_2007,921,7.77559882893185
initial_2007,922,7.61949188492503
initial_2007,923,6.77420981940294
initial_2007,924,8.00812769862623
initial_2007,925,8.16143970676839
initial_2007,926,7.17483089139557
initial_2007,927,8.14015574923931
initial_2007,928,7.18729266853577
initial_2007,929,7.76081540865653
initial_2007,930,6.88063266710737
initial_2007,931,8.43835936553442
initial_2007,932,7.23592822247656
initial_2007,933,7.86430130029578
initial_2007,934,7.72974527175103
initial_2007,935,7.80556842314644
initial_2007,936,7.27402928127486
initial_2007,937,8.52245145768362
initial_2007,938,7.87267611103002
initial_2007,939,7.9605174187297
initial_2007,940,7.78771897976792
initial_2007,941,7.44426217733612
initial_2007,942,7.98146933250843
initial_2007,943,7.18431458095523
initial_2007,944,8.3737136693378
initial_2007,945,7.19846223271648
initial_2007,946,6.98616697849515
initial_2007,947,6.28157189416954
initial_2007,948,6.86851996584367
initial_2007,949,6.96809857235218
initial_2007,950,6.96535047355568
initial_2007,951,7.81133441053732
initial_2007,952,6.80488593935048
initial_2007,953,6.78728105427874
initial_2007,954,7.85297822237153
initial_2007,955,6.63275588018963
initial_2007,956,7.06470716763417
initial_2007,957,6.85483016979032
initial_2007,958,7.29449366048366
initial_2007,959,6.61086351853529
initial_2007,960,7.99182840371708
initial_2007,961,6.95140492906612
initial_2007,962,8.50965609803692
initial_2007,963,7.83143139807115
initial_2007,964,7.76085218723487
initial_2007,965,7.66738995416118
initial_2007,966,8.03241456221092
initial_2007,967,7.54573138502328
initial_2007,968,6.60955412263314
initial_2007,969,6.62368229777596
initial_2007,970,7.15432310031581
initial_2007,971,7.07542538793059
initial_2007,972,7.87422749149744
initial_2007,973,7.13088844118616
initial_2007,974,6.934732904574
initial_2007,975,7.04839006309946
initial_2007,976,8.08177794187811
initial_2007,977,7.05898011078449
initial_2007,978,6.93793304584489
initial_2007,979,8.56322916435778
initial_2007,980,8.23395240109895
initial_2007,981,7.22107934674325
initial_2007,982,7.70984407792658
initial_2007,983,7.74191287684196
initial_2007,984,7.20599815666228
initial_2007,985,7.31151764570367
initial_2007,986,7.07627097448993
initial_2007,987,6.5797346744476
initial_2007,988,7.10369864675465
initial_2007,989,8.00856741491241
initial_2007,990,5.94767458704143
initial_2007,991,7.88368755693135
initial_2007,992,8.3112443971786
initial_2007,993,6.91573742161184
initial_2007,994,7.48052700123695
initial_2007,995,7.46321962441067
initial_2007,996,8.26510167782472
initial_2007,997,8.48690043114222
initial_2007,998,7.63098127083915
initial_2007,999,7.66046149994214
preannouncement_2003_2005,1,6.08942749694327
preannouncement_2003_2005,2,5.73626071430214
preannouncement_2003_2005,3,6.09934295718333
preannouncement_2003_2005,4,6.0100840980843
preannouncement_2003_2005,5,6.95213250703863
preannouncement_2003_2005,6,5.87656070966726
preannouncement_2003_2005,7,6.67512903684424
preannouncement_2003_2005,8,5.69298428721965
preannouncement_2003_2005,9,6.17669960682668
preannouncement_2003_2005,10,5.62013426983433
preannouncement_2003_2005,11,5.94830093362212
preannouncement_2003_2005,12,5.99307760245331
preannouncement_2003_2005,13,6.14204997386609
preannouncement_2003_2005,14,6.12403857463278
preannouncement_2003_2005,15,6.19781047248636
preannouncement_2003_2005,16,5.75827707166967
preannouncement_2003_2005,17,6.29031479480272
preannouncement_2003_2005,18,6.25696576713798
preannouncement_2003_2005,19,6.77794261917524
preannouncement_2003_2005,20,6.28468249251804
preannouncement_2003_2005,21,5.59831055379242
preannouncement_2003_2005,22,5.67379163338548
preannouncement_2003_2005,23,6.07987499191353
preannouncement_2003_2005,24,5.3816158772519
preannouncement_2003_2005,25,6.91331982884714
preannouncement_2003_2005,26,5.83860973612332
preannouncement_2003_2005,27,5.72856856488709
preannouncement_2003_2005,28,5.52860334994462
preannouncement_2003_2005,29,6.42107523177995
preannouncement_2003_2005,30,5.84766433075852
preannouncement_2003_2005,31,6.38086876187559
preannouncement_2003_2005,32,6.40779149566617
preannouncement_2003_2005,33,5.84333330938556
preannouncement_2003_2005,34,5.42747971438234
preannouncement_2003_2005,35,5.97486992322729
preannouncement_2003_2005,36,6.10756722876025
preannouncement_2003_2005,37,6.47580388965835
preannouncement_2003_2005,38,6.05605746236256
preannouncement_2003_2005,39,6.37336454679126
preannouncement_2003_2005,40,5.97058002307955
preannouncement_2003_2005,41,5.79283222350032
preannouncement_2003_2005,42,6.89000282815634
preannouncement_2003_2005,43,6.31740453723163
preannouncement_2003_2005,44,6.84298631328653
preannouncement_2003_2005,45,6.31233376035859
preannouncement_2003_2005,46,6.19971714798907
preannouncement_2003_2005,47,5.79197466404345
preannouncement_2003_2005,48,6.0084223820441
preannouncement_2003_2005,49,6.51436033698237
preannouncement_2003_2005,50,6.42399210591673
preannouncement_2003_2005,51,6.46939833034473
preannouncement_2003_2005,52,5.73493304859137
preannouncement_2003_2005,53,6.28982161700153
preannouncement_2003_2005,54,5.83507574233151
preannouncement_2003_2005,55,6.15875478864963
preannouncement_2003_2005,56,6.55653477138776
preannouncement_2003_2005,57,6.51718481960923
preannouncement_2003_2005,58,5.70420559434196
preannouncement_2003_2005,59,6.05442198947999
preannouncement_2003_2005,60,6.07485799749401
preannouncement_2003_2005,61,6.65170219931121
preannouncement_2003_2005,62,6.07295117012332
preannouncement_2003_2005,63,6.26782983256823
preannouncement_2003_2005,64,6.13629004977634
preannouncement_2003_2005,65,5.84025458785056
preannouncement_2003_2005,66,5.5140304643651
preannouncement_2003_2005,67,5.97603441490349
preannouncement_2003_2005,68,6.98178602013732
preannouncement_2003_2005,69,5.75732400251547
preannouncement_2003_2005,70,6.19702627000764
preannouncement_2003_2005,71,6.34201159548884
preannouncement_2003_2005,72,5.8174699999806
preannouncement_2003_2005,73,6.31178602654192
preannouncement_2003_2005,74,5.69912250524865
preannouncement_2003_2005,75,5.71792646947904
preannouncement_2003_2005,76,6.11799928618639
preannouncement_2003_2005,77,5.60092889894282
preannouncement_2003_2005,78,5.70375087435941
preannouncement_2003_2005,79,5.97927583819094
preannouncement_2003_2005,80,5.58608280824514
preannouncement_2003_2005,81,6.88714104342658
preannouncement_2003_2005,82,6.17382444639782
preannouncement_2003_2005,83,6.25231581020366
preannouncement_2003_2005,84,6.68453273746009
preannouncement_2003_2005,85,5.55677355874901
preannouncement_2003_2005,86,5.64298289250381
preannouncement_2003_2005,87,6.84997787279303
preannouncement_2003_2005,88,5.98606613470196
preannouncement_2003_2005,89,6.64857710491641
preannouncement_2003_2005,90,6.13283136524528
preannouncement_2003_2005,91,6.2137723134934
preannouncement_2003_2005,92,6.27536251626801
preannouncement_2003_2005,93,6.28370216046647
preannouncement_2003_2005,94,5.83441861515577
preannouncement_2003_2005,95,6.01187909798132
preannouncement_2003_2005,96,5.64354992944043
preannouncement_2003_2005,97,5.98871881311916
preannouncement_2003_2005,98,6.13818886722286
preannouncement_2003_2005,99,5.52981186514698
preannouncement_2003_2005,100,5.88424608186275
preannouncement_2003_2005,101,6.09794536774922
preannouncement_2003_2005,102,6.28425282746335
preannouncement_2003_2005,103,6.27312464308066
preannouncement_2003_2005,104,6.62725649458334
preannouncement_2003_2005,105,6.17135144623475
preannouncement_2003_2005,106,6.68828664373222
preannouncement_2003_2005,107,5.83719811583207
preannouncement_2003_2005,108,6.16598811777732
preannouncement_2003_2005,109,6.12921374945633
preannouncement_2003_2005,110,6.47209179175312
preannouncement_2003_2005,111,5.91688543716673
preannouncement_2003_2005,112,6.34696555520889
preannouncement_2003_2005,113,5.92413614890988
preannouncement_2003_2005,114,6.12124062948315
preannouncement_2003_2005,115,6.54012588334811
preannouncement_2003_2005,116,5.88921544405319
preannouncement_2003_2005,117,6.50303156142997
preannouncement_2003_2005,118,6.28715650786002
preannouncement_2003_2005,119,6.67949324854865
preannouncement_2003_2005,120,6.29331233257387
preannouncement_2003_2005,121,6.26688901824639
preannouncement_2003_2005,122,5.91877368633705
preannouncement_2003_2005,123,5.9503142106651
preannouncement_2003_2005,124,6.36553876303856
preannouncement_2003_2005,125,6.30056228310403
preannouncement_2003_2005,126,6.05813933799541
preannouncement_2003_2005,127,6.17913141760546
preannouncement_2003_2005,128,6.4047056675302
preannouncement_2003_2005,129,6.40549667768063
preannouncement_2003_2005,130,5.87754463154821
preannouncement_2003_2005,131,5.41046166796036
preannouncement_2003_2005,132,6.38155977716081
preannouncement_2003_2005,133,6.11004128928385
preannouncement_2003_2005,134,6.19056167825278
preannouncement_2003_2005,135,6.15016688085282
preannouncement_2003_2005,136,6.14115218614779
preannouncement_2003_2005,137,5.97667891201481
preannouncement_2003_2005,138,6.14320509327426
preannouncement_2003_2005,139,5.89466644228802
preannouncement_2003_2005,140,6.12865929480513
preannouncement_2003_2005,141,6.00985249489335
preannouncement_2003_2005,142,6.18925080334138
preannouncement_2003_2005,143,5.43165004923412
preannouncement_2003_2005,144,6.15964461575497
preannouncement_2003_2005,145,6.65745251391336
preannouncement_2003_2005,146,5.55446113304545
preannouncement_2003_2005,147,6.50131868988767
preannouncement_2003_2005,148,6.13059692599446
preannouncement_2003_2005,149,6.12708858425036
preannouncement_2003_2005,150,6.25793041409369
preannouncement_2003_2005,151,6.43200410412441
preannouncement_2003_2005,152,6.59871568944296
preannouncement_2003_2005,153,5.66363244076133
preannouncement_2003_2005,154,6.24996170006636
preannouncement_2003_2005,155,5.89119607528109
preannouncement_2003_2005,156,6.38389280507194
preannouncement_2003_2005,157,6.08981740687633
preannouncement_2003_2005,158,5.82460657029474
preannouncement_2003_2005,159,6.19408735365455
preannouncement_2003_2005,160,6.5640080189223
preannouncement_2003_2005,161,5.98547903518911
preannouncement_2003_2005,162,5.89723731457453
preannouncement_2003_2005,163,6.67878048379679
preannouncement_2003_2005,164,6.04359443037348
preannouncement_2003_2005,165,6.25299028104458
preannouncement_2003_2005,166,6.17925625988224
preannouncement_2003_2005,167,5.79928832897157
preannouncement_2003_2005,168,6.04705684445941
preannouncement_2003_2005,169,6.45439262395352
preannouncement_2003_2005,170,6.26215616446328
preannouncement_2003_2005,171,5.89062621166865
preannouncement_2003_2005,172,6.09570046388995
preannouncement_2003_2005,173,6.20908783330897
preannouncement_2003_2005,174,6.30687898802136
preannouncement_2003_2005,175,6.32366800119101
preannouncement_2003_2005,176,5.95148970423864
preannouncement_2003_2005,177,5.93814222418467
preannouncement_2003_2005,178,6.09038134154934
preannouncement_2003_2005,179,6.68051114507703
preannouncement_2003_2005,180,6.74845296036495
preannouncement_2003_2005,181,6.11496661701952
preannouncement_2003_2005,182,6.34277935348276
preannouncement_2003_2005,183,6.28599527026526
preannouncement_2003_2005,184,5.3812259252132
preannouncement_2003_2005,185,6.41794320239377
preannouncement_2003_2005,186,6.22045124029217
preannouncement_2003_2005,187,5.84633841713414
preannouncement_2003_2005,188,6.29289905381056
preannouncement_2003_2005,189,6.42143872809045
preannouncement_2003_2005,190,5.79830045595534
preannouncement_2003_2005,191,6.18611715830192
preannouncement_2003_2005,192,5.81277054694564
preannouncement_2003_2005,193,6.06177272861963
preannouncement_2003_2005,194,5.93693703512247
preannouncement_2003_2005,195,5.7881001113219
preannouncement_2003_2005,196,5.98691852740184
preannouncement_2003_2005,197,6.1698350839768
preannouncement_2003_2005,198,6.52446290928746
preannouncement_2003_2005,199,5.87314086969946
preannouncement_2003_2005,200,6.03336200906945
preannouncement_2003_2005,201,6.60099265597269
preannouncement_2003_2005,202,6.06897403045683
preannouncement_2003_2005,203,6.15107197119322
preannouncement_2003_2005,204,6.16129739591427
preannouncement_2003_2005,205,6.12311898090613
preannouncement_2003_2005,206,7.31303446041202
preannouncement_2003_2005,207,5.53185509313973
preannouncement_2003_2005,208,5.36386304861783
preannouncement_2003_2005,209,6.52576170639281
preannouncement_2003_2005,210,5.64533567388761
preannouncement_2003_2005,211,5.77942551160286
preannouncement_2003_2005,212,6.58244512815875
preannouncement_2003_2005,213,6.73560759849025
preannouncement_2003_2005,214,6.22518678520131
preannouncement_2003_2005,215,6.8248399532557
preannouncement_2003_2005,216,6.10539933376842
preannouncement_2003_2005,217,6.53115313130315
preannouncement_2003_2005,218,6.2865048949522
preannouncement_2003_2005,219,6.27638938132053
preannouncement_2003_2005,220,5.83276557813627
preannouncement_2003_2005,221,5.81976085504785
preannouncement_2003_2005,222,5.83343635684757
preannouncement_2003_2005,223,6.36900091975419
preannouncement_2003_2005,224,6.65951869053437
preannouncement_2003_2005,225,6.1799963450047
preannouncement_2003_2005,226,5.80413016790816
preannouncement_2003_2005,227,6.12477711394939
preannouncement_2003_2005,228,5.8128421153967
preannouncement_2003_2005,229,7.17175812631127
preannouncement_2003_2005,230,5.97599736323934
preannouncement_2003_2005,231,5.84809596435586
preannouncement_2003_2005,232,5.8164654320009
preannouncement_2003_2005,233,5.88899891256763
preannouncement_2003_2005,234,5.71428617280548
preannouncement_2003_2005,235,6.68014259646237
preannouncement_2003_2005,236,6.36114816791665
preannouncement_2003_2005,237,6.27544233004609
preannouncement_2003_2005,238,6.03105775392541
preannouncement_2003_2005,239,6.4743766742176
preannouncement_2003_2005,240,6.24988667955728
preannouncement_2003_2005,241,6.572119205359
preannouncement_2003_2005,242,6.87049916206983
preannouncement_2003_2005,243,5.83127377596108
preannouncement_2003_2005,244,6.86051530202739
preannouncement_2003_2005,245,6.05343143558263
preannouncement_2003_2005,246,6.19682960173507
preannouncement_2003_2005,247,5.91674571898238
preannouncement_2003_2005,248,6.17155418594728
preannouncement_2003_2005,249,5.98662470945819
preannouncement_2003_2005,250,6.46421619035623
preannouncement_2003_2005,251,6.02593055894034
preannouncement_2003_2005,252,6.04156666279179
preannouncement_2003_2005,253,5.72656786700068
preannouncement_2003_2005,254,6.17545242640186
preannouncement_2003_2005,255,6.06706880441045
preannouncement_2003_2005,256,6.06585441049715
preannouncement_2003_2005,257,6.48435142403614
preannouncement_2003_2005,258,6.16327031556784
preannouncement_2003_2005,259,6.2168416501575
preannouncement_2003_2005,260,6.1568797099743
preannouncement_2003_2005,261,6.01714375884719
preannouncement_2003_2005,262,6.49618234937661
preannouncement_2003_2005,263,5.84649281096297
preannouncement_2003_2005,264,6.53478467639231
preannouncement_2003_2005,265,6.13717866183835
preannouncement_2003_2005,266,6.15068002876059
preannouncement_2003_2005,267,5.58255439328199
preannouncement_2003_2005,268,6.01976430209779
preannouncement_2003_2005,269,6.25333443672218
preannouncement_2003_2005,270,6.26679202996617
preannouncement_2003_2005,271,6.62027578724597
preannouncement_2003_2005,272,6.19436620830456
preannouncement_2003_2005,273,6.46337130240725
preannouncement_2003_2005,274,6.09590638575283
preannouncement_2003_2005,275,5.73477180172711
preannouncement_2003_2005,276,5.95072670861942
preannouncement_2003_2005,277,6.39973683773191
preannouncement_2003_2005,278,6.48605588175213
preannouncement_2003_2005,279,5.72474390264633
preannouncement_2003_2005,280,6.01443367341961
preannouncement_2003_2005,281,5.86139083149261
preannouncement_2003_2005,282,7.2369517881941
preannouncement_2003_2005,283,5.61254579470094
preannouncement_2003_2005,284,5.92472861660668
preannouncement_2003_2005,285,6.00615120525201
preannouncement_2003_2005,286,6.45315896175499
preannouncement_2003_2005,287,6.36820546696118
preannouncement_2003_2005,288,5.88910984089825
preannouncement_2003_2005,289,6.17214684337839
preannouncement_2003_2005,290,6.32626090341539
preannouncement_2003_2005,291,6.15256385003778
preannouncement_2003_2005,292,5.66797075365737
preannouncement_2003_2005,293,6.44792738257993
preannouncement_2003_2005,294,5.9781754944297
preannouncement_2003_2005,295,6.31252294056532
preannouncement_2003_2005,296,6.49120065396141
preannouncement_2003_2005,297,6.11576251442976
preannouncement_2003_2005,298,5.97907240154283
preannouncement_2003_2005,299,6.03050318066174
preannouncement_2003_2005,300,6.258901328557
preannouncement_2003_2005,301,6.3455580091525
preannouncement_2003_2005,302,5.62526567353439
preannouncement_2003_2005,303,6.07417162842994
preannouncement_2003_2005,304,5.67043916797444
preannouncement_2003_2005,305,6.45544978803952
preannouncement_2003_2005,306,5.85946017745461
preannouncement_2003_2005,307,7.03104438067217
preannouncement_2003_2005,308,5.67169155829549
preannouncement_2003_2005,309,5.46002211562695
preannouncement_2003_2005,310,5.83367407480796
preannouncement_2003_2005,311,6.38832983050881
preannouncement_2003_2005,312,6.32881462911383
preannouncement_2003_2005,313,6.56092737278319
preannouncement_2003_2005,314,6.10488091801683
preannouncement_2003_2005,315,5.91732153106071
preannouncement_2003_2005,316,6.65214080028255
preannouncement_2003_2005,317,5.46956200936254
preannouncement_2003_2005,318,6.62141040186659
preannouncement_2003_2005,319,5.81687931599463
preannouncement_2003_2005,320,6.31933959016298
preannouncement_2003_2005,321,6.11246151353398
preannouncement_2003_2005,322,6.08136974657622
preannouncement_2003_2005,323,6.56864863714515
preannouncement_2003_2005,324,6.36960428713659
preannouncement_2003_2005,325,5.96208612639371
preannouncement_2003_2005,326,6.19370569475929
preannouncement_2003_2005,327,5.99972029701241
preannouncement_2003_2005,328,5.72856319715008
preannouncement_2003_2005,329,6.01226061389754
preannouncement_2003_2005,330,6.60721225820776
preannouncement_2003_2005,331,6.6749922694332
preannouncement_2003_2005,332,6.92171112755024
preannouncement_2003_2005,333,5.47666330567229
preannouncement_2003_2005,334,5.95689051701697
preannouncement_2003_2005,335,6.62722181282491
preannouncement_2003_2005,336,6.17795149911244
preannouncement_2003_2005,337,6.25981589309052
preannouncement_2003_2005,338,5.3754102236096
preannouncement_2003_2005,339,6.23430160526361
preannouncement_2003_2005,340,5.87672296133415
preannouncement_2003_2005,341,6.42414798899948
preannouncement_2003_2005,342,6.04995828799332
preannouncement_2003_2005,343,5.98343774061795
preannouncement_2003_2005,344,5.48605033651685
preannouncement_2003_2005,345,5.60597547424073
preannouncement_2003_2005,346,6.12827615877134
preannouncement_2003_2005,347,6.4278062793202
preannouncement_2003_2005,348,6.66867700625581
preannouncement_2003_2005,349,5.91056091913309
preannouncement_2003_2005,350,6.34718327534618
preannouncement_2003_2005,351,6.11213204084805
preannouncement_2003_2005,352,6.06454095446176
preannouncement_2003_2005,353,6.02044150433142
preannouncement_2003_2005,354,6.25280620566478
preannouncement_2003_2005,355,5.74334547110138
preannouncement_2003_2005,356,6.45070576242574
preannouncement_2003_2005,357,6.65014393915478
preannouncement_2003_2005,358,6.58185598323978
preannouncement_2003_2005,359,6.5680232557738
preannouncement_2003_2005,360,6.13536494732244
preannouncement_2003_2005,361,6.05946048823358
preannouncement_2003_2005,362,6.97540865571401
preannouncement_2003_2005,363,6.32184232196922
preannouncement_2003_2005,364,5.79879066934171
preannouncement_2003_2005,365,5.69649787975798
preannouncement_2003_2005,366,6.19665781226057
preannouncement_2003_2005,367,6.11817580447358
preannouncement_2003_2005,368,6.31839383194913
preannouncement_2003_2005,369,5.95123134134855
preannouncement_2003_2005,370,6.16536770990307
preannouncement_2003_2005,371,6.20060422312724
preannouncement_2003_2005,372,6.03216859327155
preannouncement_2003_2005,373,6.33948417463385
preannouncement_2003_2005,374,7.13737929309649
preannouncement_2003_2005,375,6.84764291368087
preannouncement_2003_2005,376,5.96191727221087
preannouncement_2003_2005,377,6.69621820855638
preannouncement_2003_2005,378,6.0329929479228
preannouncement_2003_2005,379,6.06077502772971
preannouncement_2003_2005,380,6.56256198562963
preannouncement_2003_2005,381,6.21854155158367
preannouncement_2003_2005,382,6.78460332671548
preannouncement_2003_2005,383,5.91005072692506
preannouncement_2003_2005,384,5.68458717207456
preannouncement_2003_2005,385,6.14946963111296
preannouncement_2003_2005,386,6.07007303188858
preannouncement_2003_2005,387,5.78385889296447
preannouncement_2003_2005,388,6.53238766419815
preannouncement_2003_2005,389,6.03110946900502
preannouncement_2003_2005,390,6.12692339793184
preannouncement_2003_2005,391,5.91731737284888
preannouncement_2003_2005,392,6.24230476273458
preannouncement_2003_2005,393,6.2437877588711
preannouncement_2003_2005,394,6.09347981053219
preannouncement_2003_2005,395,5.74036495040475
preannouncement_2003_2005,396,5.91569023958177
preannouncement_2003_2005,397,6.08290944231242
preannouncement_2003_2005,398,6.1541617697226
preannouncement_2003_2005,399,5.94960528449321
preannouncement_2003_2005,400,6.35759577248711
preannouncement_2003_2005,401,5.9330257321167
preannouncement_2003_2005,402,6.37079474159957
preannouncement_2003_2005,403,6.09182791819279
preannouncement_2003_2005,404,5.78937811781461
preannouncement_2003_2005,405,6.30429822986894
preannouncement_2003_2005,406,6.18110700042629
preannouncement_2003_2005,407,6.33033453583673
preannouncement_2003_2005,408,6.11466602044164
preannouncement_2003_2005,409,6.18302372405824
preannouncement_2003_2005,410,6.74508394557715
preannouncement_2003_2005,411,5.77892703470851
preannouncement_2003_2005,412,6.42340232418693
preannouncement_2003_2005,413,6.43556245875906
preannouncement_2003_2005,414,5.71339670883319
preannouncement_2003_2005,415,6.18176189564232
preannouncement_2003_2005,416,6.44572214293188
preannouncement_2003_2005,417,6.1626100012119
preannouncement_2003_2005,418,6.39204670314667
preannouncement_2003_2005,419,6.76433341371687
preannouncement_2003_2005,420,5.96776114643769
preannouncement_2003_2005,421,6.82182006598166
preannouncement_2003_2005,422,5.8900125328131
preannouncement_2003_2005,423,6.00543863848959
preannouncement_2003_2005,424,5.88252527495907
preannouncement_2003_2005,425,6.18236270700022
preannouncement_2003_2005,426,6.00710953073923
preannouncement_2003_2005,427,5.84992777060795
preannouncement_2003_2005,428,6.7724405338584
preannouncement_2003_2005,429,5.61307654052908
preannouncement_2003_2005,430,5.60594911046687
preannouncement_2003_2005,431,6.40884359527011
preannouncement_2003_2005,432,6.41780964278722
preannouncement_2003_2005,433,6.340218347859
preannouncement_2003_2005,434,6.74552227742538
preannouncement_2003_2005,435,6.10879883718455
preannouncement_2003_2005,436,6.05722914945663
preannouncement_2003_2005,437,5.64277870673489
preannouncement_2003_2005,438,7.09369574789733
preannouncement_2003_2005,439,5.78514412010595
preannouncement_2003_2005,440,6.56383730915804
preannouncement_2003_2005,441,6.48538612048398
preannouncement_2003_2005,442,6.63298194643737
preannouncement_2003_2005,443,6.06790902224714
preannouncement_2003_2005,444,6.56552361279007
preannouncement_2003_2005,445,6.42926133474571
preannouncement_2003_2005,446,5.96062731585092
preannouncement_2003_2005,447,6.0422732078263
preannouncement_2003_2005,448,6.79465811923002
preannouncement_2003_2005,449,6.00907898809719
preannouncement_2003_2005,450,6.42929841276088
preannouncement_2003_2005,451,6.4150002456933
preannouncement_2003_2005,452,6.14503295186092
preannouncement_2003_2005,453,6.20832478733035
preannouncement_2003_2005,454,6.01107323775764
preannouncement_2003_2005,455,5.42094165706826
preannouncement_2003_2005,456,6.00304189069496
preannouncement_2003_2005,457,6.0766272719622
preannouncement_2003_2005,458,6.69020747203137
preannouncement_2003_2005,459,5.19620290342208
preannouncement_2003_2005,460,6.49830783120062
preannouncement_2003_2005,461,6.11221978524701
preannouncement_2003_2005,462,6.18327570521859
preannouncement_2003_2005,463,6.52527807954951
preannouncement_2003_2005,464,5.93069748801691
preannouncement_2003_2005,465,6.6104984608869
preannouncement_2003_2005,466,6.14515024654801
preannouncement_2003_2005,467,6.82478773513969
preannouncement_2003_2005,468,6.08680985244165
preannouncement_2003_2005,469,6.29247526788849
preannouncement_2003_2005,470,6.15515448940368
preannouncement_2003_2005,471,5.70033664289908
preannouncement_2003_2005,472,5.63712178457365
preannouncement_2003_2005,473,5.51280907158611
preannouncement_2003_2005,474,5.40475079990368
preannouncement_2003_2005,475,5.71732300391006
preannouncement_2003_2005,476,6.76433573780035
preannouncement_2003_2005,477,6.6831107709024
preannouncement_2003_2005,478,6.41464423849066
preannouncement_2003_2005,479,5.8258869120818
preannouncement_2003_2005,480,6.33775968444537
preannouncement_2003_2005,481,5.92619774932165
preannouncement_2003_2005,482,5.81564479256401
preannouncement_2003_2005,483,5.75936667728587
preannouncement_2003_2005,484,5.76479517756919
preannouncement_2003_2005,485,6.641164560063
preannouncement_2003_2005,486,6.56228541768683
preannouncement_2003_2005,487,5.9784161198315
preannouncement_2003_2005,488,6.17807728868881
preannouncement_2003_2005,489,6.22887866097346
preannouncement_2003_2005,490,6.58733130399921
preannouncement_2003_2005,491,6.22671921746674
preannouncement_2003_2005,492,5.79457014011755
preannouncement_2003_2005,493,5.32739929395017
preannouncement_2003_2005,494,5.88452659543829
preannouncement_2003_2005,495,6.31647219984688
preannouncement_2003_2005,496,5.90345013208092
preannouncement_2003_2005,497,5.92499795294639
preannouncement_2003_2005,498,5.94969486401376
preannouncement_2003_2005,499,6.21414347166373
preannouncement_2003_2005,500,5.75135647496848
preannouncement_2003_2005,501,5.77876336337551
preannouncement_2003_2005,502,5.94970483541785
preannouncement_2003_2005,503,5.83172397739
preannouncement_2003_2005,504,6.0172045982704
preannouncement_2003_2005,505,6.03415898021443
preannouncement_2003_2005,506,6.29285431421037
preannouncement_2003_2005,507,6.35523841410703
preannouncement_2003_2005,508,6.78171590954762
preannouncement_2003_2005,509,6.58466214910619
preannouncement_2003_2005,510,6.05346293707149
preannouncement_2003_2005,511,6.17196840476428
preannouncement_2003_2005,512,6.15274935369838
preannouncement_2003_2005,513,6.23889858737734
preannouncement_2003_2005,514,6.35692243667146
preannouncement_2003_2005,515,6.16879155138336
preannouncement_2003_2005,516,6.1312349596214
preannouncement_2003_2005,517,6.14863124487946
preannouncement_2003_2005,518,6.01280182601982
preannouncement_2003_2005,519,5.96031542657823
preannouncement_2003_2005,520,6.19337875891353
preannouncement_2003_2005,521,5.91377038779162
preannouncement_2003_2005,522,5.62782842479272
preannouncement_2003_2005,523,6.47849804673734
preannouncement_2003_2005,524,6.14089653470724
preannouncement_2003_2005,525,5.65715683452036
preannouncement_2003_2005,526,6.80160805277584
preannouncement_2003_2005,527,5.91529698605649
preannouncement_2003_2005,528,6.27992851683329
preannouncement_2003_2005,529,6.45756755967425
preannouncement_2003_2005,530,6.05910170524378
preannouncement_2003_2005,531,5.94462754388927
preannouncement_2003_2005,532,5.47797671978886
preannouncement_2003_2005,533,6.01943883170148
preannouncement_2003_2005,534,6.46117923260674
preannouncement_2003_2005,535,5.79549192139065
preannouncement_2003_2005,536,6.09429611366887
preannouncement_2003_2005,537,5.90192911975391
preannouncement_2003_2005,538,5.77346113359226
preannouncement_2003_2005,539,6.26813265749607
preannouncement_2003_2005,540,6.82920539598287
preannouncement_2003_2005,541,6.18026243166037
preannouncement_2003_2005,542,6.11575045476864
preannouncement_2003_2005,543,6.03303336390941
preannouncement_2003_2005,544,5.9162892842219
preannouncement_2003_2005,545,5.59626906055287
preannouncement_2003_2005,546,6.6087632329312
preannouncement_2003_2005,547,5.6097519431182
preannouncement_2003_2005,548,6.10680717506462
preannouncement_2003_2005,549,6.71340068504494
preannouncement_2003_2005,550,6.1833344530898
preannouncement_2003_2005,551,6.99493237050954
preannouncement_2003_2005,552,5.75217184417532
preannouncement_2003_2005,553,5.9308077146891
preannouncement_2003_2005,554,6.13358988432036
preannouncement_2003_2005,555,5.97836553698207
preannouncement_2003_2005,556,5.76927134133035
preannouncement_2003_2005,557,6.39140706190982
preannouncement_2003_2005,558,6.51125350073183
preannouncement_2003_2005,559,6.40474699011217
preannouncement_2003_2005,560,5.95875213955591
preannouncement_2003_2005,561,5.97668952816684
preannouncement_2003_2005,562,6.00395955274096
preannouncement_2003_2005,563,6.58858889864078
preannouncement_2003_2005,564,5.80746529570308
preannouncement_2003_2005,565,6.64523144659644
preannouncement_2003_2005,566,5.61347899290374
preannouncement_2003_2005,567,5.70208008210507
preannouncement_2003_2005,568,5.33763344936592
preannouncement_2003_2005,569,6.14280710890533
preannouncement_2003_2005,570,6.29402183560552
preannouncement_2003_2005,571,5.43682056421426
preannouncement_2003_2005,572,6.50933361195384
preannouncement_2003_2005,573,6.15902864823815
preannouncement_2003_2005,574,6.11057124038558
preannouncement_2003_2005,575,5.78764339378132
preannouncement_2003_2005,576,6.72334215007464
preannouncement_2003_2005,577,5.99975408030987
preannouncement_2003_2005,578,5.88570110215429
preannouncement_2003_2005,579,6.32686822516896
preannouncement_2003_2005,580,6.17050602163557
preannouncement_2003_2005,581,6.02609514230693
preannouncement_2003_2005,582,6.34508986533205
preannouncement_2003_2005,583,6.84599112877238
preannouncement_2003_2005,584,6.17473798396468
preannouncement_2003_2005,585,5.48781028182792
preannouncement_2003_2005,586,6.46659853514714
preannouncement_2003_2005,587,6.43888649110325
preannouncement_2003_2005,588,6.78988812596292
preannouncement_2003_2005,589,6.16937670594628
preannouncement_2003_2005,590,6.54997203319662
preannouncement_2003_2005,591,6.22846784911751
preannouncement_2003_2005,592,6.22102220907574
preannouncement_2003_2005,593,6.11794888552693
preannouncement_2003_2005,594,6.3263565368691
preannouncement_2003_2005,595,6.12455959900509
preannouncement_2003_2005,596,6.68324634607961
preannouncement_2003_2005,597,5.92917296038893
preannouncement_2003_2005,598,6.76551125839586
preannouncement_2003_2005,599,5.94147461415085
preannouncement_2003_2005,600,5.80909824006525
preannouncement_2003_2005,601,6.56019090538852
preannouncement_2003_2005,602,6.30362349619768
preannouncement_2003_2005,603,5.81759963372896
preannouncement_2003_2005,604,5.40824274322875
preannouncement_2003_2005,605,6.4422207794713
preannouncement_2003_2005,606,6.76832126715577
preannouncement_2003_2005,607,6.42915038318482
preannouncement_2003_2005,608,6.41683631464457
preannouncement_2003_2005,609,6.45417107871486
preannouncement_2003_2005,610,6.76993413080734
preannouncement_2003_2005,611,6.24324036591442
preannouncement_2003_2005,612,6.00201541273476
preannouncement_2003_2005,613,5.5883402556581
preannouncement_2003_2005,614,6.0655800371716
preannouncement_2003_2005,615,5.6610096007093
preannouncement_2003_2005,616,6.28235964584854
preannouncement_2003_2005,617,6.10593533629982
preannouncement_2003_2005,618,5.43546587433697
preannouncement_2003_2005,619,6.29277125807588
preannouncement_2003_2005,620,6.08206306800642
preannouncement_2003_2005,621,5.56623917224219
preannouncement_2003_2005,622,5.72294403398233
preannouncement_2003_2005,623,5.95990656688183
preannouncement_2003_2005,624,5.65620684203297
preannouncement_2003_2005,625,6.05078289858414
preannouncement_2003_2005,626,6.11942904479358
preannouncement_2003_2005,627,6.10489282986635
preannouncement_2003_2005,628,6.30407579190495
preannouncement_2003_2005,629,5.82790439885041
preannouncement_2003_2005,630,6.16300322537203
preannouncement_2003_2005,631,6.08054095021455
preannouncement_2003_2005,632,5.57120917691664
preannouncement_2003_2005,633,5.95152558638189
preannouncement_2003_2005,634,5.99813869760306
preannouncement_2003_2005,635,5.9930503496596
preannouncement_2003_2005,636,5.88922036495899
preannouncement_2003_2005,637,6.18275630090698
preannouncement_2003_2005,638,5.78761261862458
preannouncement_2003_2005,639,6.1197632131338
preannouncement_2003_2005,640,6.22784679227256
preannouncement_2003_2005,641,6.54748225640903
preannouncement_2003_2005,642,6.32900810047921
preannouncement_2003_2005,643,5.73422102615438
preannouncement_2003_2005,644,6.58194269400421
preannouncement_2003_2005,645,6.43686742099459
preannouncement_2003_2005,646,5.94742161748702
preannouncement_2003_2005,647,5.9540980071956
preannouncement_2003_2005,648,6.41903703007271
preannouncement_2003_2005,649,5.9373599059753
preannouncement_2003_2005,650,5.74731220232913
preannouncement_2003_2005,651,6.29508056482425
preannouncement_2003_2005,652,6.02507560462416
preannouncement_2003_2005,653,6.23187649243762
preannouncement_2003_2005,654,6.47084802260535
preannouncement_2003_2005,655,6.17673862548655
preannouncement_2003_2005,656,5.95930981989737
preannouncement_2003_2005,657,6.90817699692808
preannouncement_2003_2005,658,5.95250133496919
preannouncement_2003_2005,659,6.16774630075986
preannouncement_2003_2005,660,5.98455146297887
preannouncement_2003_2005,661,6.07250563005255
preannouncement_2003_2005,662,5.30003453970953
preannouncement_2003_2005,663,6.1910277325066
preannouncement_2003_2005,664,6.41835857051566
preannouncement_2003_2005,665,6.21968864212239
preannouncement_2003_2005,666,6.24113490190402
preannouncement_2003_2005,667,6.2753276856032
preannouncement_2003_2005,668,5.93804259934098
preannouncement_2003_2005,669,5.90476608590197
preannouncement_2003_2005,670,6.73457787657454
preannouncement_2003_2005,671,6.55069837368252
preannouncement_2003_2005,672,6.0596299542425
preannouncement_2003_2005,673,5.59798768819536
preannouncement_2003_2005,674,5.59395141108027
preannouncement_2003_2005,675,6.40332927212739
preannouncement_2003_2005,676,6.42313908688533
preannouncement_2003_2005,677,6.13233259480593
preannouncement_2003_2005,678,6.30901751156346
preannouncement_2003_2005,679,5.6597994380251
preannouncement_2003_2005,680,6.27416275374061
preannouncement_2003_2005,681,6.23193686949344
preannouncement_2003_2005,682,6.35238913346521
preannouncement_2003_2005,683,5.78918286013645
preannouncement_2003_2005,684,6.11669137536699
preannouncement_2003_2005,685,5.84872655400829
preannouncement_2003_2005,686,6.2747752664563
preannouncement_2003_2005,687,6.26540004163262
preannouncement_2003_2005,688,6.19330205396214
preannouncement_2003_2005,689,6.30471634175212
preannouncement_2003_2005,690,6.24489971356711
preannouncement_2003_2005,691,5.94748258281834
preannouncement_2003_2005,692,7.32569736110527
preannouncement_2003_2005,693,6.15518785133642
preannouncement_2003_2005,694,6.06230697401787
preannouncement_2003_2005,695,6.6430723191157
preannouncement_2003_2005,696,6.43364658869851
preannouncement_2003_2005,697,6.60190163925335
preannouncement_2003_2005,698,5.6606066101757
preannouncement_2003_2005,699,5.77337878691807
preannouncement_2003_2005,700,5.96913259065252
preannouncement_2003_2005,701,6.48850315123915
preannouncement_2003_2005,702,6.18893921978371
preannouncement_2003_2005,703,6.19457686706915
preannouncement_2003_2005,704,6.7871277290933
preannouncement_2003_2005,705,7.11445990528017
preannouncement_2003_2005,706,5.81235763392026
preannouncement_2003_2005,707,5.83075863521075
preannouncement_2003_2005,708,6.50697703137489
preannouncement_2003_2005,709,5.84669904285646
preannouncement_2003_2005,710,6.15558968737418
preannouncement_2003_2005,711,6.10029313875164
preannouncement_2003_2005,712,6.70278368031216
preannouncement_2003_2005,713,5.6697319850105
preannouncement_2003_2005,714,5.82731920649508
preannouncement_2003_2005,715,7.40739484020242
preannouncement_2003_2005,716,5.80295365462527
preannouncement_2003_2005,717,5.60885731225599
preannouncement_2003_2005,718,6.02598564792173
preannouncement_2003_2005,719,6.51786220028628
preannouncement_2003_2005,720,6.44638477286816
preannouncement_2003_2005,721,6.1255091410811
preannouncement_2003_2005,722,6.4819886563353
preannouncement_2003_2005,723,5.95485635539508
preannouncement_2003_2005,724,5.96286135256616
preannouncement_2003_2005,725,6.07869676901107
preannouncement_2003_2005,726,6.34255776591009
preannouncement_2003_2005,727,6.82343630287406
preannouncement_2003_2005,728,6.2844435971154
preannouncement_2003_2005,729,6.44676410935201
preannouncement_2003_2005,730,6.67110688823094
preannouncement_2003_2005,731,5.60194345257307
preannouncement_2003_2005,732,6.82555922665564
preannouncement_2003_2005,733,6.03962218128561
preannouncement_2003_2005,734,6.30418828676178
preannouncement_2003_2005,735,6.25090229485169
preannouncement_2003_2005,736,5.90372474556045
preannouncement_2003_2005,737,6.39699470367687
preannouncement_2003_2005,738,6.39054563000964
preannouncement_2003_2005,739,5.88065396310078
preannouncement_2003_2005,740,5.78910662244216
preannouncement_2003_2005,741,5.35615824778244
preannouncement_2003_2005,742,5.8763482698943
preannouncement_2003_2005,743,7.11249151517548
preannouncement_2003_2005,744,6.02794599784812
preannouncement_2003_2005,745,7.02986018992023
preannouncement_2003_2005,746,6.35916469361225
preannouncement_2003_2005,747,6.29216130016924
preannouncement_2003_2005,748,6.24389539991827
preannouncement_2003_2005,749,6.01164775040186
preannouncement_2003_2005,750,6.02860452460102
preannouncement_2003_2005,751,5.9307360726213
preannouncement_2003_2005,752,6.16958702997173
preannouncement_2003_2005,753,6.68674813914897
preannouncement_2003_2005,754,6.4494710686057
preannouncement_2003_2005,755,6.49415826212087
preannouncement_2003_2005,756,6.05714688626709
preannouncement_2003_2005,757,6.05233367166792
preannouncement_2003_2005,758,5.97300948269019
preannouncement_2003_2005,759,6.04999929505502
preannouncement_2003_2005,760,5.80509027070787
preannouncement_2003_2005,761,5.85736189279069
preannouncement_2003_2005,762,6.48760350670234
preannouncement_2003_2005,763,5.8907459976463
preannouncement_2003_2005,764,5.74227133794773
preannouncement_2003_2005,765,5.87082437916558
preannouncement_2003_2005,766,5.94442258723913
preannouncement_2003_2005,767,5.37960793265085
preannouncement_2003_2005,768,6.08601560308834
preannouncement_2003_2005,769,6.75597699444097
preannouncement_2003_2005,770,5.23593504346644
preannouncement_2003_2005,771,5.86107779049259
preannouncement_2003_2005,772,6.047543706625
preannouncement_2003_2005,773,6.2090380014122
preannouncement_2003_2005,774,6.6995595147148
preannouncement_2003_2005,775,7.17420431474696
preannouncement_2003_2005,776,6.45571271360183
preannouncement_2003_2005,777,6.18124144923915
preannouncement_2003_2005,778,5.98672983830992
preannouncement_2003_2005,779,6.11846380644812
preannouncement_2003_2005,780,6.51075991544557
preannouncement_2003_2005,781,7.0987746200399
preannouncement_2003_2005,782,6.17243359059148
preannouncement_2003_2005,783,5.48584715418069
preannouncement_2003_2005,784,5.94263988769496
preannouncement_2003_2005,785,6.10898399556791
preannouncement_2003_2005,786,5.80434288319214
preannouncement_2003_2005,787,6.64444163990339
preannouncement_2003_2005,788,6.09606087673294
preannouncement_2003_2005,789,5.44669433713639
preannouncement_2003_2005,790,6.14510458512339
preannouncement_2003_2005,791,5.79480525495493
preannouncement_2003_2005,792,5.80615754255283
preannouncement_2003_2005,793,6.123876174787
preannouncement_2003_2005,794,5.71982083356855
preannouncement_2003_2005,795,6.59387363802964
preannouncement_2003_2005,796,5.84888831431408
preannouncement_2003_2005,797,5.76977382897946
preannouncement_2003_2005,798,5.63275324372848
preannouncement_2003_2005,799,5.63507979581901
preannouncement_2003_2005,800,5.93970364862513
preannouncement_2003_2005,801,6.0762377320485
preannouncement_2003_2005,802,6.00847158356541
preannouncement_2003_2005,803,6.266946041599
preannouncement_2003_2005,804,6.61840785724021
preannouncement_2003_2005,805,5.91966433434563
preannouncement_2003_2005,806,6.04326416127206
preannouncement_2003_2005,807,5.74812757296541
preannouncement_2003_2005,808,6.10681391422279
preannouncement_2003_2005,809,6.59680845829998
preannouncement_2003_2005,810,5.77282578784012
preannouncement_2003_2005,811,5.81586713372782
preannouncement_2003_2005,812,5.80058669460227
preannouncement_2003_2005,813,6.15801497523602
preannouncement_2003_2005,814,6.46369520051351
preannouncement_2003_2005,815,5.8160261307511
preannouncement_2003_2005,816,5.58680408989455
preannouncement_2003_2005,817,5.98521295145545
preannouncement_2003_2005,818,6.45387367854478
preannouncement_2003_2005,819,5.75861957811146
preannouncement_2003_2005,820,6.50173575053876
preannouncement_2003_2005,821,6.50820395026268
preannouncement_2003_2005,822,6.2546404565026
preannouncement_2003_2005,823,5.85425118750933
preannouncement_2003_2005,824,5.9800473128559
preannouncement_2003_2005,825,6.56379703641561
preannouncement_2003_2005,826,7.00544477527936
preannouncement_2003_2005,827,6.06684023228483
preannouncement_2003_2005,828,5.58569413677637
preannouncement_2003_2005,829,6.00117805142217
preannouncement_2003_2005,830,6.33954321510796
preannouncement_2003_2005,831,6.62738975500502
preannouncement_2003_2005,832,5.88949260368864
preannouncement_2003_2005,833,6.66908425336984
preannouncement_2003_2005,834,6.35616560837284
preannouncement_2003_2005,835,5.59993637026416
preannouncement_2003_2005,836,6.36093272300197
preannouncement_2003_2005,837,6.66368576373418
preannouncement_2003_2005,838,6.03939423873359
preannouncement_2003_2005,839,6.11841372119951
preannouncement_2003_2005,840,5.7504985830159
preannouncement_2003_2005,841,5.85697114977691
preannouncement_2003_2005,842,6.73370801389429
preannouncement_2003_2005,843,6.05825610423411
preannouncement_2003_2005,844,6.16524588584442
preannouncement_2003_2005,845,6.3192865612529
preannouncement_2003_2005,846,5.80551187380411
preannouncement_2003_2005,847,6.08933373367806
preannouncement_2003_2005,848,5.77417132197046
preannouncement_2003_2005,849,5.9255029809881
preannouncement_2003_2005,850,6.42218843418922
preannouncement_2003_2005,851,6.25893024713147
preannouncement_2003_2005,852,5.9954128397114
preannouncement_2003_2005,853,5.78254870150119
preannouncement_2003_2005,854,5.56314302207937
preannouncement_2003_2005,855,6.37090499175189
preannouncement_2003_2005,856,5.77965262537275
preannouncement_2003_2005,857,5.59382664867825
preannouncement_2003_2005,858,5.73860792789907
preannouncement_2003_2005,859,6.29300080546349
preannouncement_2003_2005,860,6.32647945304754
preannouncement_2003_2005,861,5.93069632564393
preannouncement_2003_2005,862,6.01411734315154
preannouncement_2003_2005,863,6.88322706899323
preannouncement_2003_2005,864,7.09061772355721
preannouncement_2003_2005,865,5.83530102969032
preannouncement_2003_2005,866,5.56350708906595
preannouncement_2003_2005,867,5.64830005239054
preannouncement_2003_2005,868,6.7843354187441
preannouncement_2003_2005,869,5.74142998811132
preannouncement_2003_2005,870,5.87799919419945
preannouncement_2003_2005,871,5.55063128056729
preannouncement_2003_2005,872,6.5665370295755
preannouncement_2003_2005,873,6.18051980467628
preannouncement_2003_2005,874,6.78792512948186
preannouncement_2003_2005,875,5.93922917834363
preannouncement_2003_2005,876,6.15423888133519
preannouncement_2003_2005,877,6.09628533863971
preannouncement_2003_2005,878,6.39913582145834
preannouncement_2003_2005,879,6.01203187110778
preannouncement_2003_2005,880,6.16328198704323
preannouncement_2003_2005,881,6.97421180611734
preannouncement_2003_2005,882,6.34097773588062
preannouncement_2003_2005,883,5.63148141133563
preannouncement_2003_2005,884,5.96390086256577
preannouncement_2003_2005,885,6.36430338625126
preannouncement_2003_2005,886,5.84989623934464
preannouncement_2003_2005,887,6.20332803180818
preannouncement_2003_2005,888,6.3403176864941
preannouncement_2003_2005,889,5.93280989988408
preannouncement_2003_2005,890,6.04787915070356
preannouncement_2003_2005,891,5.63351459049299
preannouncement_2003_2005,892,6.74581367824254
preannouncement_2003_2005,893,5.95736352115949
preannouncement_2003_2005,894,5.7591933950237
preannouncement_2003_2005,895,6.21345835970603
preannouncement_2003_2005,896,6.149682940198
preannouncement_2003_2005,897,6.37438918430476
preannouncement_2003_2005,898,6.350883106056
preannouncement_2003_2005,899,5.80202518493846
preannouncement_2003_2005,900,5.65703148309368
preannouncement_2003_2005,901,5.89054835464127
preannouncement_2003_2005,902,5.52403877477174
preannouncement_2003_2005,903,6.41306455881395
preannouncement_2003_2005,904,6.21603021081184
preannouncement_2003_2005,905,6.44983797995846
preannouncement_2003_2005,906,5.84773121174521
preannouncement_2003_2005,907,5.36903209597347
preannouncement_2003_2005,908,5.86715725924434
preannouncement_2003_2005,909,5.39523141107892
preannouncement_2003_2005,910,6.69178171428845
preannouncement_2003_2005,911,6.55042434906775
preannouncement_2003_2005,912,5.93577311635738
preannouncement_2003_2005,913,7.20538355815589
preannouncement_2003_2005,914,5.86692626327754
preannouncement_2003_2005,915,6.11984543085748
preannouncement_2003_2005,916,6.13802948492178
preannouncement_2003_2005,917,5.7366337223503
preannouncement_2003_2005,918,6.2341956151595
preannouncement_2003_2005,919,6.44376346833868
preannouncement_2003_2005,920,6.08353250559087
preannouncement_2003_2005,921,5.73701642988068
preannouncement_2003_2005,922,5.95759674897752
preannouncement_2003_2005,923,6.12883939640615
preannouncement_2003_2005,924,6.10154833661899
preannouncement_2003_2005,925,6.00082732999407
preannouncement_2003_2005,926,6.35093898457116
preannouncement_2003_2005,927,6.36191048854106
preannouncement_2003_2005,928,5.87538832934322
preannouncement_2003_2005,929,6.0627317502813
preannouncement_2003_2005,930,5.34904278701944
preannouncement_2003_2005,931,5.96004148448485
preannouncement_2003_2005,932,7.04576189152114
preannouncement_2003_2005,933,6.51767344192548
preannouncement_2003_2005,934,5.80115642685003
preannouncement_2003_2005,935,6.70260982963532
preannouncement_2003_2005,936,6.18929657341243
preannouncement_2003_2005,937,6.20605249972894
preannouncement_2003_2005,938,6.06804636036625
preannouncement_2003_2005,939,5.64669923627738
preannouncement_2003_2005,940,5.58936761146203
preannouncement_2003_2005,941,6.59842530738893
preannouncement_2003_2005,942,5.58830474045154
preannouncement_2003_2005,943,6.52707667230715
preannouncement_2003_2005,944,6.0404415340948
preannouncement_2003_2005,945,6.61738818795849
preannouncement_2003_2005,946,6.05950805157029
preannouncement_2003_2005,947,6.94847223493891
preannouncement_2003_2005,948,6.38756590405803
preannouncement_2003_2005,949,5.98201670123848
preannouncement_2003_2005,950,5.96045224827792
preannouncement_2003_2005,951,6.53057368209052
preannouncement_2003_2005,952,5.66146980558632
preannouncement_2003_2005,953,6.79290851268707
preannouncement_2003_2005,954,6.05026098644087
preannouncement_2003_2005,955,6.26651243230607
preannouncement_2003_2005,956,6.14814531807914
preannouncement_2003_2005,957,6.0893298739168
preannouncement_2003_2005,958,6.10221985379109
preannouncement_2003_2005,959,6.18597261518723
preannouncement_2003_2005,960,6.16160905582923
preannouncement_2003_2005,961,5.91817530378831
preannouncement_2003_2005,962,6.30996682843075
preannouncement_2003_2005,963,6.63258705095835
preannouncement_2003_2005,964,6.05828579410799
preannouncement_2003_2005,965,6.15870437485485
preannouncement_2003_2005,966,5.78124417311403
preannouncement_2003_2005,967,6.20188054514431
preannouncement_2003_2005,968,6.3140526145022
preannouncement_2003_2005,969,6.18279635779254
preannouncement_2003_2005,970,6.23252088368487
preannouncement_2003_2005,971,5.86330031730538
preannouncement_2003_2005,972,6.50575728158643
preannouncement_2003_2005,973,5.71192948222928
preannouncement_2003_2005,974,6.09379458298873
preannouncement_2003_2005,975,6.44566732018946
preannouncement_2003_2005,976,6.1108556761561
preannouncement_2003_2005,977,5.81796874292007
preannouncement_2003_2005,978,6.38117272332682
preannouncement_2003_2005,979,5.92919535311378
preannouncement_2003_2005,980,6.58793283286094
preannouncement_2003_2005,981,5.72169992021517
preannouncement_2003_2005,982,6.58432290714536
preannouncement_2003_2005,983,5.39782214469763
preannouncement_2003_2005,984,6.2243282753167
preannouncement_2003_2005,985,6.07757967748388
preannouncement_2003_2005,986,6.51167372718932
preannouncement_2003_2005,987,5.63892750344934
preannouncement_2003_2005,988,6.24683606427155
preannouncement_2003_2005,989,6.27056327772108
preannouncement_2003_2005,990,6.36168032020853
preannouncement_2003_2005,991,6.45068935822081
preannouncement_2003_2005,992,6.32763618884646
preannouncement_2003_2005,993,5.87133516870449
preannouncement_2003_2005,994,5.99983726732859
preannouncement_2003_2005,995,5.69686504781787
preannouncement_2003_2005,996,6.16224217886117
preannouncement_2003_2005,997,5.69731741860477
preannouncement_2003_2005,998,6.63789670416382
preannouncement_2003_2005,999,6.51271285624558
preannouncement_2005,1,6.51878036009268
preannouncement_2005,2,6.3455408799107
preannouncement_2005,3,6.10799867766085
preannouncement_2005,4,6.74472198388629
preannouncement_2005,5,6.69526091519633
preannouncement_2005,6,6.23138468296295
preannouncement_2005,7,6.44574556936839
preannouncement_2005,8,6.486527668338
preannouncement_2005,9,6.68624224965631
preannouncement_2005,10,6.36530052661597
preannouncement_2005,11,5.79010693736455
preannouncement_2005,12,6.19931044817913
preannouncement_2005,13,6.84995863657817
preannouncement_2005,14,6.43963717020083
preannouncement_2005,15,7.76596866227197
preannouncement_2005,16,5.79912471891383
preannouncement_2005,17,6.92630031245609
preannouncement_2005,18,6.71774171096786
preannouncement_2005,19,6.248820855243
preannouncement_2005,20,5.97054934936706
preannouncement_2005,21,6.23908899184442
preannouncement_2005,22,5.71616886417209
preannouncement_2005,23,6.94161050287774
preannouncement_2005,24,6.55837754482369
preannouncement_2005,25,6.1218411483791
preannouncement_2005,26,6.63443178852168
preannouncement_2005,27,5.77140940190906
preannouncement_2005,28,5.96379387569351
preannouncement_2005,29,6.42129718482084
preannouncement_2005,30,6.19822950715527
preannouncement_2005,31,6.42250738419451
preannouncement_2005,32,6.52307372118393
preannouncement_2005,33,6.52666808054138
preannouncement_2005,34,5.94791582762996
preannouncement_2005,35,6.74984381558179
preannouncement_2005,36,6.48250407644062
preannouncement_2005,37,6.32762672156613
preannouncement_2005,38,6.77914889510388
preannouncement_2005,39,5.59566556688989
preannouncement_2005,40,5.44389933516442
preannouncement_2005,41,5.57198793953135
preannouncement_2005,42,6.68274450727478
preannouncement_2005,43,6.34299517233722
preannouncement_2005,44,6.86919620091332
preannouncement_2005,45,6.47190517448424
preannouncement_2005,46,6.4648501499373
preannouncement_2005,47,6.80502448665306
preannouncement_2005,48,7.16031990407934
preannouncement_2005,49,6.21722751764177
preannouncement_2005,50,6.35377248729739
preannouncement_2005,51,6.01231391773442
preannouncement_2005,52,6.2955939826888
preannouncement_2005,53,6.12756694668477
preannouncement_2005,54,6.44279485956884
preannouncement_2005,55,6.49421308750683
preannouncement_2005,56,6.24838757015894
preannouncement_2005,57,7.17565138810743
preannouncement_2005,58,7.02304540959289
preannouncement_2005,59,6.23366514361583
preannouncement_2005,60,6.78156341620555
preannouncement_2005,61,6.0110174239436
preannouncement_2005,62,6.73437305309787
preannouncement_2005,63,6.18729081510535
preannouncement_2005,64,6.28796443643321
preannouncement_2005,65,6.74791179989803
preannouncement_2005,66,5.82079116876587
preannouncement_2005,67,6.29876703858566
preannouncement_2005,68,6.3975374230347
preannouncement_2005,69,5.7100865972305
preannouncement_2005,70,6.25257187318756
preannouncement_2005,71,6.30489080319821
preannouncement_2005,72,5.8776222612845
preannouncement_2005,73,5.72779817320839
preannouncement_2005,74,6.01061223979651
preannouncement_2005,75,6.35577670162564
preannouncement_2005,76,6.75141607048582
preannouncement_2005,77,6.73066426849987
preannouncement_2005,78,6.79227598849625
preannouncement_2005,79,6.85626977102019
preannouncement_2005,80,6.0735165519519
preannouncement_2005,81,6.46381800339738
preannouncement_2005,82,6.25868572757369
preannouncement_2005,83,6.15670663227802
preannouncement_2005,84,6.3060924132266
preannouncement_2005,85,6.10263670921769
preannouncement_2005,86,6.93867825966422
preannouncement_2005,87,6.86400050639237
preannouncement_2005,88,6.39490686303856
preannouncement_2005,89,7.16205017214152
preannouncement_2005,90,6.04248544151673
preannouncement_2005,91,7.21118449424157
preannouncement_2005,92,6.74801589061886
preannouncement_2005,93,6.37486661404866
preannouncement_2005,94,6.08031329070406
preannouncement_2005,95,6.54835498113693
preannouncement_2005,96,6.69456108143646
preannouncement_2005,97,7.09327204626521
preannouncement_2005,98,5.7621661203413
preannouncement_2005,99,6.49184558380066
preannouncement_2005,100,6.67645890495857
preannouncement_2005,101,5.99215468930573
preannouncement_2005,102,5.91986802513844
preannouncement_2005,103,7.10763414518172
preannouncement_2005,104,6.12051222637455
preannouncement_2005,105,6.13888971227763
preannouncement_2005,106,6.88979595502147
preannouncement_2005,107,6.4860517948641
preannouncement_2005,108,6.37834576268596
preannouncement_2005,109,5.9862149658826
preannouncement_2005,110,6.80141922936523
preannouncement_2005,111,5.95374350001762
preannouncement_2005,112,6.56136731816831
preannouncement_2005,113,6.28786967021596
preannouncement_2005,114,5.90134070577716
preannouncement_2005,115,6.42751752445623
preannouncement_2005,116,6.22202661448839
preannouncement_2005,117,6.31669622060379
preannouncement_2005,118,6.0768847168992
preannouncement_2005,119,6.53025844031113
preannouncement_2005,120,6.32287028816473
preannouncement_2005,121,6.1831077578716
preannouncement_2005,122,6.30492958833175
preannouncement_2005,123,6.54549801325589
preannouncement_2005,124,6.19709259157318
preannouncement_2005,125,6.04047209296684
preannouncement_2005,126,6.53540453411087
preannouncement_2005,127,6.40157491627118
preannouncement_2005,128,6.02404590675685
preannouncement_2005,129,5.91745070754437
preannouncement_2005,130,6.38898231497298
preannouncement_2005,131,6.94778754530329
preannouncement_2005,132,6.70202892363375
preannouncement_2005,133,6.92210263463868
preannouncement_2005,134,6.65597029480043
preannouncement_2005,135,6.24604009883733
preannouncement_2005,136,6.04522874147946
preannouncement_2005,137,6.10902169460522
preannouncement_2005,138,6.07381026805794
preannouncement_2005,139,6.74042726014758
preannouncement_2005,140,7.21766418198023
preannouncement_2005,141,6.19667065336769
preannouncement_2005,142,7.00972665334675
preannouncement_2005,143,6.48764492917677
preannouncement_2005,144,6.31134949380179
preannouncement_2005,145,6.41916697878468
preannouncement_2005,146,6.78297264901161
preannouncement_2005,147,5.93035629251255
preannouncement_2005,148,6.73035520716041
preannouncement_2005,149,6.01687705165246
preannouncement_2005,150,6.41455157633837
preannouncement_2005,151,6.86929530019776
preannouncement_2005,152,6.7219872292468
preannouncement_2005,153,7.08913218134299
preannouncement_2005,154,6.25547024571867
preannouncement_2005,155,6.77834628905161
preannouncement_2005,156,6.68186609697384
preannouncement_2005,157,6.53547664343306
preannouncement_2005,158,6.89306749529465
preannouncement_2005,159,6.23583032931853
preannouncement_2005,160,6.0219795883455
preannouncement_2005,161,5.9143462827989
preannouncement_2005,162,6.80131754932494
preannouncement_2005,163,5.70620419717753
preannouncement_2005,164,6.40931393669179
preannouncement_2005,165,6.11431221282639
preannouncement_2005,166,7.00406257871879
preannouncement_2005,167,5.60682193921999
preannouncement_2005,168,6.49004474566906
preannouncement_2005,169,6.53861765250593
preannouncement_2005,170,6.17067173750655
preannouncement_2005,171,6.52902371569437
preannouncement_2005,172,6.2704749769914
preannouncement_2005,173,6.8152163039144
preannouncement_2005,174,6.42908306176518
preannouncement_2005,175,6.806277201644
preannouncement_2005,176,6.81055196654802
preannouncement_2005,177,6.3063896669458
preannouncement_2005,178,6.05247576757512
preannouncement_2005,179,6.22375911159598
preannouncement_2005,180,6.28643286201203
preannouncement_2005,181,6.25097286460466
preannouncement_2005,182,5.98133621188728
preannouncement_2005,183,6.3188137899836
preannouncement_2005,184,5.64390849662765
preannouncement_2005,185,6.19128632430034
preannouncement_2005,186,5.89791774670768
preannouncement_2005,187,6.75046308768477
preannouncement_2005,188,7.33333104087024
preannouncement_2005,189,6.28560228728277
preannouncement_2005,190,6.41819420554159
preannouncement_2005,191,7.04581041849901
preannouncement_2005,192,6.64698069425328
preannouncement_2005,193,7.21728419668158
preannouncement_2005,194,6.5696068394862
preannouncement_2005,195,6.96657966918833
preannouncement_2005,196,5.9969538758791
preannouncement_2005,197,6.270560767173
preannouncement_2005,198,7.54311698491173
preannouncement_2005,199,6.55296222792429
preannouncement_2005,200,5.78005047361312
preannouncement_2005,201,6.27645427888359
preannouncement_2005,202,6.03726045896541
preannouncement_2005,203,6.45099905896068
preannouncement_2005,204,6.04208505789632
preannouncement_2005,205,7.18149360153939
preannouncement_2005,206,6.61367154226664
preannouncement_2005,207,6.16832183633035
preannouncement_2005,208,6.20777785650425
preannouncement_2005,209,6.3941220162806
preannouncement_2005,210,6.74564590368444
preannouncement_2005,211,6.38473502819484
preannouncement_2005,212,7.05161394356011
preannouncement_2005,213,6.09816745020119
preannouncement_2005,214,6.36734186882138
preannouncement_2005,215,6.59406480420469
preannouncement_2005,216,5.65952075997517
preannouncement_2005,217,6.80371507759964
preannouncement_2005,218,6.4320486970899
preannouncement_2005,219,5.81409444053335
preannouncement_2005,220,6.65807095849065
preannouncement_2005,221,6.50857772710042
preannouncement_2005,222,6.55378296159314
preannouncement_2005,223,7.03269900219117
preannouncement_2005,224,6.75132825284781
preannouncement_2005,225,6.06232514572925
preannouncement_2005,226,6.78637682854157
preannouncement_2005,227,6.64662489797416
preannouncement_2005,228,6.37597957040859
preannouncement_2005,229,6.04100985771941
preannouncement_2005,230,6.1333679975189
preannouncement_2005,231,5.84770844686904
preannouncement_2005,232,6.45267939376949
preannouncement_2005,233,5.89320435123987
preannouncement_2005,234,6.37457013034581
preannouncement_2005,235,6.29297607513757
preannouncement_2005,236,7.63875347905377
preannouncement_2005,237,6.97482404903224
preannouncement_2005,238,6.47698709915904
preannouncement_2005,239,6.45362222760925
preannouncement_2005,240,6.01358372316914
preannouncement_2005,241,5.79161234959558
preannouncement_2005,242,6.41112374157573
preannouncement_2005,243,6.58978933600612
preannouncement_2005,244,5.96234280202991
preannouncement_2005,245,6.57746692620581
preannouncement_2005,246,6.80076412597497
preannouncement_2005,247,6.52663940307969
preannouncement_2005,248,6.32781203246253
preannouncement_2005,249,6.58993170629254
preannouncement_2005,250,6.04335967907073
preannouncement_2005,251,6.13910215071021
preannouncement_2005,252,6.67859513138178
preannouncement_2005,253,6.76718601021261
preannouncement_2005,254,6.41632543207189
preannouncement_2005,255,6.43157679266967
preannouncement_2005,256,6.038127812197
preannouncement_2005,257,6.11427050277453
preannouncement_2005,258,6.51687813845467
preannouncement_2005,259,6.6598209438589
preannouncement_2005,260,5.8071129280562
preannouncement_2005,261,5.69661156245069
preannouncement_2005,262,6.51749125201184
preannouncement_2005,263,6.66107725215342
preannouncement_2005,264,6.45140805474446
preannouncement_2005,265,6.44600030837261
preannouncement_2005,266,6.43562195420653
preannouncement_2005,267,6.5495506558646
preannouncement_2005,268,6.35057745608147
preannouncement_2005,269,6.36967624746716
preannouncement_2005,270,6.08600390843088
preannouncement_2005,271,6.25357938038898
preannouncement_2005,272,6.68538596466409
preannouncement_2005,273,6.31786115125145
preannouncement_2005,274,6.30758956739011
preannouncement_2005,275,6.33774345116897
preannouncement_2005,276,6.7571114098687
preannouncement_2005,277,5.71196796983464
preannouncement_2005,278,6.72741689617245
preannouncement_2005,279,6.64225842236917
preannouncement_2005,280,7.10507691760365
preannouncement_2005,281,5.97590207764675
preannouncement_2005,282,5.84705075483033
preannouncement_2005,283,6.73790143675537
preannouncement_2005,284,7.49106193818333
preannouncement_2005,285,6.4551155079814
preannouncement_2005,286,5.74793454737561
preannouncement_2005,287,6.64925476772118
preannouncement_2005,288,6.69212015260756
preannouncement_2005,289,6.7545685630089
preannouncement_2005,290,6.51842309646691
preannouncement_2005,291,6.39888016107075
preannouncement_2005,292,7.87108500486932
preannouncement_2005,293,6.46846692997231
preannouncement_2005,294,7.34918880655382
preannouncement_2005,295,6.33592815611902
preannouncement_2005,296,7.01543835534046
preannouncement_2005,297,6.78173405526464
preannouncement_2005,298,6.39219917708985
preannouncement_2005,299,6.97118700846527
preannouncement_2005,300,6.92079227361996
preannouncement_2005,301,6.24709202747664
preannouncement_2005,302,6.08357071595707
preannouncement_2005,303,6.0578103503446
preannouncement_2005,304,6.69315560833645
preannouncement_2005,305,6.61445837690371
preannouncement_2005,306,5.60490808842905
preannouncement_2005,307,6.61015590938053
preannouncement_2005,308,6.94707441939663
preannouncement_2005,309,5.74510632259885
preannouncement_2005,310,7.11723255868865
preannouncement_2005,311,6.15903285936588
preannouncement_2005,312,6.07588741184312
preannouncement_2005,313,6.38235018738716
preannouncement_2005,314,5.8025899629689
preannouncement_2005,315,6.8644384529716
preannouncement_2005,316,6.01312123215842
preannouncement_2005,317,6.31294010291818
preannouncement_2005,318,5.64552423727843
preannouncement_2005,319,6.24308610534185
preannouncement_2005,320,6.99502455567973
preannouncement_2005,321,6.6376774580793
preannouncement_2005,322,6.413848204068
preannouncement_2005,323,6.496487152496
preannouncement_2005,324,6.86731158528077
preannouncement_2005,325,6.61621549059045
preannouncement_2005,326,6.11671727241417
preannouncement_2005,327,6.6716799750705
preannouncement_2005,328,6.42002944388709
preannouncement_2005,329,6.81094898473645
preannouncement_2005,330,6.35710164403606
preannouncement_2005,331,7.13919331512591
preannouncement_2005,332,6.44869114653964
preannouncement_2005,333,6.6640069973633
preannouncement_2005,334,5.99449903319405
preannouncement_2005,335,5.64981351331906
preannouncement_2005,336,6.41639353738357
preannouncement_2005,337,6.65947006306829
preannouncement_2005,338,6.53210972597254
preannouncement_2005,339,5.88845688769267
preannouncement_2005,340,6.37475932909473
preannouncement_2005,341,6.89439967611789
preannouncement_2005,342,6.68962788492125
preannouncement_2005,343,7.22192302276754
preannouncement_2005,344,7.13360616901354
preannouncement_2005,345,6.82530552961366
preannouncement_2005,346,6.23291756862814
preannouncement_2005,347,6.11731507434201
preannouncement_2005,348,6.54007622356316
preannouncement_2005,349,6.62787545630492
preannouncement_2005,350,6.12998740273461
preannouncement_2005,351,6.52615689448648
preannouncement_2005,352,6.01124230973635
preannouncement_2005,353,6.33384355391471
preannouncement_2005,354,6.447528194908
preannouncement_2005,355,6.41230008711175
preannouncement_2005,356,7.26301981435846
preannouncement_2005,357,6.67195547435259
preannouncement_2005,358,6.46110130999866
preannouncement_2005,359,5.88272796751668
preannouncement_2005,360,6.98132927634042
preannouncement_2005,361,6.25813518576656
preannouncement_2005,362,6.74245171378681
preannouncement_2005,363,6.26497154944911
preannouncement_2005,364,6.79575624908206
preannouncement_2005,365,6.3609307687598
preannouncement_2005,366,7.31047916031779
preannouncement_2005,367,5.75557120257651
preannouncement_2005,368,6.26495116023829
preannouncement_2005,369,5.93068791522359
preannouncement_2005,370,6.5144033322234
preannouncement_2005,371,6.74457623224248
preannouncement_2005,372,6.13419303265089
preannouncement_2005,373,6.15409258205404
preannouncement_2005,374,6.26123328942137
preannouncement_2005,375,7.44152047860487
preannouncement_2005,376,5.83056171364342
preannouncement_2005,377,6.12462656684545
preannouncement_2005,378,6.48709094828829
preannouncement_2005,379,6.57985630112947
preannouncement_2005,380,6.44941248058575
preannouncement_2005,381,6.15107384419217
preannouncement_2005,382,6.62234806984136
preannouncement_2005,383,6.45030937215538
preannouncement_2005,384,6.23146381777854
preannouncement_2005,385,6.55851766696149
preannouncement_2005,386,6.20179482215927
preannouncement_2005,387,6.70611466931161
preannouncement_2005,388,6.4442438709543
preannouncement_2005,389,7.11284242475598
preannouncement_2005,390,6.41290748649209
preannouncement_2005,391,6.37071926676649
preannouncement_2005,392,6.36411271884386
preannouncement_2005,393,6.66688387416275
preannouncement_2005,394,6.01451884613474
preannouncement_2005,395,6.25664566720941
preannouncement_2005,396,6.9860920386534
preannouncement_2005,397,6.69643703234794
preannouncement_2005,398,7.11739879886911
preannouncement_2005,399,7.14797071157488
preannouncement_2005,400,5.84895782135742
preannouncement_2005,401,6.55768157627301
preannouncement_2005,402,5.78593236303257
preannouncement_2005,403,6.60290933057511
preannouncement_2005,404,6.31999686393899
preannouncement_2005,405,6.87363039816162
preannouncement_2005,406,5.96437697809685
preannouncement_2005,407,5.95610568320628
preannouncement_2005,408,6.022761234857
preannouncement_2005,409,5.88464362807598
preannouncement_2005,410,6.04589349619011
preannouncement_2005,411,6.20650041038065
preannouncement_2005,412,6.39581713399626
preannouncement_2005,413,6.14868594755153
preannouncement_2005,414,6.42497277795114
preannouncement_2005,415,6.27026213087745
preannouncement_2005,416,7.12247200731731
preannouncement_2005,417,6.13991286013154
preannouncement_2005,418,6.49724432083976
preannouncement_2005,419,6.08072807489412
preannouncement_2005,420,6.60349181637756
preannouncement_2005,421,6.66756059964823
preannouncement_2005,422,6.34835609291655
preannouncement_2005,423,6.18120248852029
preannouncement_2005,424,6.47976625151484
preannouncement_2005,425,6.79106879708696
preannouncement_2005,426,5.52162452557251
preannouncement_2005,427,5.87356622645574
preannouncement_2005,428,6.2234586814184
preannouncement_2005,429,6.30737623160943
preannouncement_2005,430,6.54133128955123
preannouncement_2005,431,5.81630528787589
preannouncement_2005,432,6.30591391678842
preannouncement_2005,433,6.57426778743626
preannouncement_2005,434,6.8978843878493
preannouncement_2005,435,6.15548920304744
preannouncement_2005,436,6.42186668418975
preannouncement_2005,437,6.48297725416157
preannouncement_2005,438,6.03237414281773
preannouncement_2005,439,6.3925817642831
preannouncement_2005,440,6.82861439318997
preannouncement_2005,441,5.92818082279771
preannouncement_2005,442,6.47580733451429
preannouncement_2005,443,5.76868375765202
preannouncement_2005,444,6.24787158813709
preannouncement_2005,445,6.14894333591327
preannouncement_2005,446,6.17178462570505
preannouncement_2005,447,6.8919673234128
preannouncement_2005,448,6.20132876060708
preannouncement_2005,449,6.33803161408564
preannouncement_2005,450,6.22768625321447
preannouncement_2005,451,6.69347614738462
preannouncement_2005,452,6.46686983205071
preannouncement_2005,453,7.03157028399444
preannouncement_2005,454,6.02925437055021
preannouncement_2005,455,6.68293674704292
preannouncement_2005,456,5.80666802687768
preannouncement_2005,457,6.59922259683542
preannouncement_2005,458,7.61681189975472
preannouncement_2005,459,6.12982460366566
preannouncement_2005,460,6.9971932230495
preannouncement_2005,461,7.72322629970201
preannouncement_2005,462,6.07160089629819
preannouncement_2005,463,6.67032367830567
preannouncement_2005,464,6.26274668852552
preannouncement_2005,465,6.67406574927118
preannouncement_2005,466,6.249039310271
preannouncement_2005,467,6.74028192529498
preannouncement_2005,468,6.18081401828368
preannouncement_2005,469,6.13561444974457
preannouncement_2005,470,6.1386619284835
preannouncement_2005,471,6.36907883072477
preannouncement_2005,472,7.11491926174899
preannouncement_2005,473,6.5046149326378
preannouncement_2005,474,6.42758313475959
preannouncement_2005,475,7.30863688486191
preannouncement_2005,476,6.30928801417804
preannouncement_2005,477,5.90074765547181
preannouncement_2005,478,6.75927971359852
preannouncement_2005,479,6.78292043571521
preannouncement_2005,480,6.58636161487139
preannouncement_2005,481,6.19670965237327
preannouncement_2005,482,6.90191811759376
preannouncement_2005,483,6.59867688499532
preannouncement_2005,484,6.56863028255198
preannouncement_2005,485,6.93925344072653
preannouncement_2005,486,6.18110617761574
preannouncement_2005,487,6.85019340027112
preannouncement_2005,488,6.69936926880952
preannouncement_2005,489,5.93272160320428
preannouncement_2005,490,6.66947408406687
preannouncement_2005,491,6.89076530436448
preannouncement_2005,492,6.86276230904355
preannouncement_2005,493,6.2365352444111
preannouncement_2005,494,6.48046944180928
preannouncement_2005,495,6.2618188601321
preannouncement_2005,496,6.28661480127269
preannouncement_2005,497,6.21210433394487
preannouncement_2005,498,6.94927960313796
preannouncement_2005,499,6.56990094502586
preannouncement_2005,500,6.61287789980831
preannouncement_2005,501,5.81273402007044
preannouncement_2005,502,6.29233386048335
preannouncement_2005,503,6.16644811724327
preannouncement_2005,504,6.4975296790178
preannouncement_2005,505,6.68053770886155
preannouncement_2005,506,6.03545411355927
preannouncement_2005,507,6.53979680313584
preannouncement_2005,508,6.24459371341055
preannouncement_2005,509,6.0141673620149
preannouncement_2005,510,6.72985996869628
preannouncement_2005,511,6.26140516311715
preannouncement_2005,512,6.37277649279134
preannouncement_2005,513,6.04306431520038
preannouncement_2005,514,6.62678406117992
preannouncement_2005,515,6.7568100390087
preannouncement_2005,516,7.09889384660149
preannouncement_2005,517,6.24178481908639
preannouncement_2005,518,6.78788765758203
preannouncement_2005,519,5.16132607084089
preannouncement_2005,520,5.56443727594088
preannouncement_2005,521,6.57813498808132
preannouncement_2005,522,6.96640548351574
preannouncement_2005,523,5.94413113565969
preannouncement_2005,524,7.58026744739415
preannouncement_2005,525,6.64406827063244
preannouncement_2005,526,6.35342507853436
preannouncement_2005,527,6.60203827912265
preannouncement_2005,528,6.85318392176452
preannouncement_2005,529,6.75913348093513
preannouncement_2005,530,6.65606237984842
preannouncement_2005,531,6.37193695783203
preannouncement_2005,532,6.29753806698479
preannouncement_2005,533,7.10958636402878
preannouncement_2005,534,6.68363631018908
preannouncement_2005,535,6.45602723255043
preannouncement_2005,536,6.0240863489208
preannouncement_2005,537,6.17130226022264
preannouncement_2005,538,6.17400319135493
preannouncement_2005,539,6.97357047991411
preannouncement_2005,540,6.23518078397367
preannouncement_2005,541,5.67420983375637
preannouncement_2005,542,6.3501366598882
preannouncement_2005,543,6.69076808965059
preannouncement_2005,544,6.6905257269936
preannouncement_2005,545,6.21558836798015
preannouncement_2005,546,6.9149599255743
preannouncement_2005,547,6.5784362235002
preannouncement_2005,548,5.53086336069712
preannouncement_2005,549,6.41511994679353
preannouncement_2005,550,6.40063576872499
preannouncement_2005,551,6.49847002598676
preannouncement_2005,552,6.24934213887608
preannouncement_2005,553,6.11898078091116
preannouncement_2005,554,5.73741452762605
preannouncement_2005,555,6.23529621202148
preannouncement_2005,556,6.73589839555126
preannouncement_2005,557,6.39911826793078
preannouncement_2005,558,6.02251242353211
preannouncement_2005,559,6.73367177505884
preannouncement_2005,560,6.49459652857451
preannouncement_2005,561,6.89100225625455
preannouncement_2005,562,6.63671483006318
preannouncement_2005,563,6.25414084160228
preannouncement_2005,564,6.00303778704
preannouncement_2005,565,6.52722692520722
preannouncement_2005,566,6.45203900911258
preannouncement_2005,567,6.57880283244478
preannouncement_2005,568,6.58172934139444
preannouncement_2005,569,6.50465889034096
preannouncement_2005,570,6.44283309480165
preannouncement_2005,571,7.06432163906032
preannouncement_2005,572,6.39509971745356
preannouncement_2005,573,6.24991318128204
preannouncement_2005,574,5.95648297520629
preannouncement_2005,575,7.77424549771756
preannouncement_2005,576,6.02111955051959
preannouncement_2005,577,5.93420947863498
preannouncement_2005,578,5.98750244644342
preannouncement_2005,579,7.22654081447455
preannouncement_2005,580,6.27933875811735
preannouncement_2005,581,5.91425313155748
preannouncement_2005,582,5.98109821177463
preannouncement_2005,583,6.3845470284266
preannouncement_2005,584,7.20853992900062
preannouncement_2005,585,6.49621741571222
preannouncement_2005,586,6.28276838417011
preannouncement_2005,587,6.91578127464735
preannouncement_2005,588,6.49701464062863
preannouncement_2005,589,6.17919637063468
preannouncement_2005,590,6.27450669717707
preannouncement_2005,591,6.40294048328428
preannouncement_2005,592,6.53806782346866
preannouncement_2005,593,6.40335661178331
preannouncement_2005,594,6.37946514709135
preannouncement_2005,595,6.78831760383339
preannouncement_2005,596,6.61257570507971
preannouncement_2005,597,5.85197014072325
preannouncement_2005,598,6.96253789202972
preannouncement_2005,599,6.67337240021191
preannouncement_2005,600,6.82694876205992
preannouncement_2005,601,7.04506789675989
preannouncement_2005,602,6.61790829800546
preannouncement_2005,603,6.51042967905692
preannouncement_2005,604,6.4908109734778
preannouncement_2005,605,6.2567089802472
preannouncement_2005,606,6.36539796053446
preannouncement_2005,607,6.28557460400729
preannouncement_2005,608,6.40144927726614
preannouncement_2005,609,6.27964328553446
preannouncement_2005,610,6.64285374989739
preannouncement_2005,611,6.59998185962889
preannouncement_2005,612,5.91893504053292
preannouncement_2005,613,6.45620397485279
preannouncement_2005,614,6.50267194908706
preannouncement_2005,615,5.95123633367365
preannouncement_2005,616,6.28449309127261
preannouncement_2005,617,6.73560412566137
preannouncement_2005,618,6.79128516957409
preannouncement_2005,619,6.29135408220498
preannouncement_2005,620,7.23094393980589
preannouncement_2005,621,6.32961616038339
preannouncement_2005,622,6.53450412333604
preannouncement_2005,623,5.81687730621488
preannouncement_2005,624,5.90611019689016
preannouncement_2005,625,6.58843056579151
preannouncement_2005,626,6.07202419857549
preannouncement_2005,627,6.5916394999782
preannouncement_2005,628,6.33347605611639
preannouncement_2005,629,7.04912232721521
preannouncement_2005,630,6.73922953552998
preannouncement_2005,631,6.46138162348063
preannouncement_2005,632,6.98553564294525
preannouncement_2005,633,6.91919500983034
preannouncement_2005,634,6.13253361136732
preannouncement_2005,635,6.31111374404499
preannouncement_2005,636,6.54301579061097
preannouncement_2005,637,6.56161096867021
preannouncement_2005,638,7.29189792096215
preannouncement_2005,639,5.97602393505038
preannouncement_2005,640,6.23327310288854
preannouncement_2005,641,6.26462552642099
preannouncement_2005,642,5.87745538146113
preannouncement_2005,643,5.63461484022455
preannouncement_2005,644,6.62978701081687
preannouncement_2005,645,6.19033016183969
preannouncement_2005,646,6.23760045520711
preannouncement_2005,647,6.44807937974963
preannouncement_2005,648,6.60424858078243
preannouncement_2005,649,5.91262654288147
preannouncement_2005,650,6.54031313867036
preannouncement_2005,651,6.07466926291263
preannouncement_2005,652,6.94942666326882
preannouncement_2005,653,6.11387439779839
preannouncement_2005,654,6.27221894264393
preannouncement_2005,655,6.9888794518124
preannouncement_2005,656,6.45390299398901
preannouncement_2005,657,7.05528200515656
preannouncement_2005,658,6.19675405233363
preannouncement_2005,659,6.91543324417619
preannouncement_2005,660,6.23926454429264
preannouncement_2005,661,6.38572634931626
preannouncement_2005,662,6.24257705080235
preannouncement_2005,663,6.21488843065937
preannouncement_2005,664,6.26132628750951
preannouncement_2005,665,6.32309965336728
preannouncement_2005,666,6.34365396704232
preannouncement_2005,667,6.04100648593141
preannouncement_2005,668,7.10809606349553
preannouncement_2005,669,6.27579029156948
preannouncement_2005,670,6.45086134282116
preannouncement_2005,671,6.13294317556002
preannouncement_2005,672,6.6423602736218
preannouncement_2005,673,6.63991343300008
preannouncement_2005,674,6.09558648883319
preannouncement_2005,675,6.4119757549791
preannouncement_2005,676,7.76678457704649
preannouncement_2005,677,5.90473208672703
preannouncement_2005,678,6.48563047866004
preannouncement_2005,679,6.81624590961216
preannouncement_2005,680,6.39910771895862
preannouncement_2005,681,6.5344663202918
preannouncement_2005,682,6.64660572851331
preannouncement_2005,683,6.63503641092986
preannouncement_2005,684,6.72240292395309
preannouncement_2005,685,7.07202845576985
preannouncement_2005,686,6.13156138044317
preannouncement_2005,687,6.89095749678172
preannouncement_2005,688,6.92847511744268
preannouncement_2005,689,5.8391854155146
preannouncement_2005,690,6.41205360833803
preannouncement_2005,691,6.8844482070694
preannouncement_2005,692,6.19999807418256
preannouncement_2005,693,5.92461021023888
preannouncement_2005,694,6.16018639738939
preannouncement_2005,695,5.71533881642822
preannouncement_2005,696,5.88204473800439
preannouncement_2005,697,6.0694983219014
preannouncement_2005,698,5.84411034825828
preannouncement_2005,699,6.1595257409076
preannouncement_2005,700,6.27528090610742
preannouncement_2005,701,5.98229608068345
preannouncement_2005,702,6.6849873394893
preannouncement_2005,703,6.81480379862002
preannouncement_2005,704,6.55779300057941
preannouncement_2005,705,7.72835499755003
preannouncement_2005,706,5.42535638401919
preannouncement_2005,707,6.2314735874757
preannouncement_2005,708,5.90150323913328
preannouncement_2005,709,6.72303150048465
preannouncement_2005,710,6.03063253990434
preannouncement_2005,711,6.61025068790081
preannouncement_2005,712,6.81981984837231
preannouncement_2005,713,7.16993324992252
preannouncement_2005,714,6.56534999522823
preannouncement_2005,715,5.94588647037382
preannouncement_2005,716,6.1336426630131
preannouncement_2005,717,6.12655598962298
preannouncement_2005,718,6.53725498365664
preannouncement_2005,719,6.51464728230702
preannouncement_2005,720,6.58451055246863
preannouncement_2005,721,6.00158505339214
preannouncement_2005,722,6.10247856758647
preannouncement_2005,723,6.79699011770375
preannouncement_2005,724,6.16865950584355
preannouncement_2005,725,6.50651288325365
preannouncement_2005,726,6.64355714109009
preannouncement_2005,727,6.56173246567249
preannouncement_2005,728,6.13567621387394
preannouncement_2005,729,6.63793290895242
preannouncement_2005,730,5.9623335192115
preannouncement_2005,731,6.42901710495971
preannouncement_2005,732,5.73731581267387
preannouncement_2005,733,7.00319496224155
preannouncement_2005,734,6.72842926352928
preannouncement_2005,735,6.48938619904755
preannouncement_2005,736,6.2031598653722
preannouncement_2005,737,6.4509887682133
preannouncement_2005,738,6.05075418942711
preannouncement_2005,739,6.21888666140919
preannouncement_2005,740,6.21464628800057
preannouncement_2005,741,7.2951973971663
preannouncement_2005,742,6.24452056205135
preannouncement_2005,743,6.27659609283065
preannouncement_2005,744,6.15140858898977
preannouncement_2005,745,6.87754558635601
preannouncement_2005,746,6.31686163938469
preannouncement_2005,747,6.11173045804948
preannouncement_2005,748,6.32381885344103
preannouncement_2005,749,6.70504987574558
preannouncement_2005,750,6.05204954056392
preannouncement_2005,751,6.52462868973783
preannouncement_2005,752,6.87956462093078
preannouncement_2005,753,6.73345893951225
preannouncement_2005,754,5.97770390380255
preannouncement_2005,755,6.53002444733676
preannouncement_2005,756,6.63018567669425
preannouncement_2005,757,5.62469806119352
preannouncement_2005,758,6.76802627058672
preannouncement_2005,759,5.84369531126576
preannouncement_2005,760,6.32014254174872
preannouncement_2005,761,6.68124517529757
preannouncement_2005,762,6.71418663167051
preannouncement_2005,763,6.61345471984608
preannouncement_2005,764,6.37657842131955
preannouncement_2005,765,6.388004222547
preannouncement_2005,766,6.75351168433977
preannouncement_2005,767,6.14708622295765
preannouncement_2005,768,6.70805281069667
preannouncement_2005,769,6.23894838394441
preannouncement_2005,770,6.65775575634993
preannouncement_2005,771,6.58951422687681
preannouncement_2005,772,6.66555189227898
preannouncement_2005,773,6.79553569306306
preannouncement_2005,774,6.10642568350186
preannouncement_2005,775,6.37656411193213
preannouncement_2005,776,7.30914494104747
preannouncement_2005,777,6.310517535364
preannouncement_2005,778,7.65980840699638
preannouncement_2005,779,6.30574932875276
preannouncement_2005,780,5.91672988665822
preannouncement_2005,781,5.68178412895619
preannouncement_2005,782,5.97021311643195
preannouncement_2005,783,6.54841567098013
preannouncement_2005,784,6.30526250067815
preannouncement_2005,785,5.9025207068804
preannouncement_2005,786,6.6105885746047
preannouncement_2005,787,6.38129949735677
preannouncement_2005,788,6.22341858735756
preannouncement_2005,789,6.24091368674636
preannouncement_2005,790,6.88110555813999
preannouncement_2005,791,6.3849297732345
preannouncement_2005,792,7.01034056243026
preannouncement_2005,793,6.61160672173485
preannouncement_2005,794,5.77760861634608
preannouncement_2005,795,6.87185374945937
preannouncement_2005,796,6.46743298398681
preannouncement_2005,797,6.16749032940851
preannouncement_2005,798,6.27193823197029
preannouncement_2005,799,6.19337057672052
preannouncement_2005,800,6.43690011805501
preannouncement_2005,801,5.71364360412976
preannouncement_2005,802,6.5563863232221
preannouncement_2005,803,6.24221421080095
preannouncement_2005,804,5.80911910956657
preannouncement_2005,805,6.56061794688469
preannouncement_2005,806,7.53604269723391
preannouncement_2005,807,6.48852215939343
preannouncement_2005,808,5.96852072809316
preannouncement_2005,809,6.2141619551927
preannouncement_2005,810,6.16569659859668
preannouncement_2005,811,7.08314982958385
preannouncement_2005,812,6.6162735736936
preannouncement_2005,813,6.33403788705595
preannouncement_2005,814,6.67457060874765
preannouncement_2005,815,7.12396226018231
preannouncement_2005,816,6.74534089088289
preannouncement_2005,817,6.36459907193727
preannouncement_2005,818,6.68465758047202
preannouncement_2005,819,5.69466734027255
preannouncement_2005,820,6.18535180101316
preannouncement_2005,821,6.73788377867659
preannouncement_2005,822,6.35171797218797
preannouncement_2005,823,6.5801997051743
preannouncement_2005,824,6.09054197570478
preannouncement_2005,825,7.06036421525658
preannouncement_2005,826,6.56109724217175
preannouncement_2005,827,6.68421546249522
preannouncement_2005,828,6.60394314643287
preannouncement_2005,829,6.48496887396354
preannouncement_2005,830,6.6799487536233
preannouncement_2005,831,6.93076530259319
preannouncement_2005,832,6.73156670490199
preannouncement_2005,833,6.54344961105465
preannouncement_2005,834,6.50811259534628
preannouncement_2005,835,6.98281559031489
preannouncement_2005,836,6.10293199089113
preannouncement_2005,837,5.88206650338144
preannouncement_2005,838,6.08224107844203
preannouncement_2005,839,6.24030324364605
preannouncement_2005,840,6.54506712513986
preannouncement_2005,841,6.83376842863484
preannouncement_2005,842,6.32006217635624
preannouncement_2005,843,5.96580882170649
preannouncement_2005,844,6.19526993601572
preannouncement_2005,845,6.94288977663641
preannouncement_2005,846,6.30849022260676
preannouncement_2005,847,6.88158593165176
preannouncement_2005,848,7.07473280219834
preannouncement_2005,849,6.59759698088362
preannouncement_2005,850,6.06187869098366
preannouncement_2005,851,6.52321592014786
preannouncement_2005,852,6.88450634090863
preannouncement_2005,853,6.3244555550599
preannouncement_2005,854,6.21133677170138
preannouncement_2005,855,6.44919713019656
preannouncement_2005,856,6.6990810863401
preannouncement_2005,857,6.11790531673662
preannouncement_2005,858,6.36032868383443
preannouncement_2005,859,6.49359453898132
preannouncement_2005,860,6.32374814958205
preannouncement_2005,861,6.12766679790679
preannouncement_2005,862,5.89540804269162
preannouncement_2005,863,7.26450977111502
preannouncement_2005,864,6.40536793998682
preannouncement_2005,865,5.54833872077828
preannouncement_2005,866,6.38534222001285
preannouncement_2005,867,6.12515622680792
preannouncement_2005,868,5.94405332192378
preannouncement_2005,869,6.69917263643989
preannouncement_2005,870,7.05743915319878
preannouncement_2005,871,6.28492749374553
preannouncement_2005,872,7.05973444242684
preannouncement_2005,873,6.6582719612049
preannouncement_2005,874,6.17329215998537
preannouncement_2005,875,6.44892846909601
preannouncement_2005,876,6.62722586038365
preannouncement_2005,877,6.60328283126624
preannouncement_2005,878,6.13960138727877
preannouncement_2005,879,6.67916330569677
preannouncement_2005,880,6.54937941979588
preannouncement_2005,881,6.03586995338473
preannouncement_2005,882,6.43393059624497
preannouncement_2005,883,5.8728435649177
preannouncement_2005,884,7.11911676079438
preannouncement_2005,885,6.12006772395008
preannouncement_2005,886,6.13903826495376
preannouncement_2005,887,6.63872521557342
preannouncement_2005,888,6.50206740737734
preannouncement_2005,889,6.89454254817603
preannouncement_2005,890,6.23603657407043
preannouncement_2005,891,7.07996189000176
preannouncement_2005,892,6.57385138958806
preannouncement_2005,893,6.58117068281105
preannouncement_2005,894,6.52561536775691
preannouncement_2005,895,6.10437339819475
preannouncement_2005,896,5.9878905826616
preannouncement_2005,897,6.65654019445187
preannouncement_2005,898,6.91225954927374
preannouncement_2005,899,6.25450293758013
preannouncement_2005,900,6.22051219180518
preannouncement_2005,901,6.87877441240059
preannouncement_2005,902,7.25160168766639
preannouncement_2005,903,6.36391379873225
preannouncement_2005,904,6.11894774283228
preannouncement_2005,905,6.6013610062909
preannouncement_2005,906,6.37283076514055
preannouncement_2005,907,7.0944785228365
preannouncement_2005,908,6.75622557619062
preannouncement_2005,909,6.46398933963917
preannouncement_2005,910,6.21765759730189
preannouncement_2005,911,6.3858796680899
preannouncement_2005,912,6.20326864345555
preannouncement_2005,913,6.33127154772294
preannouncement_2005,914,6.32283367813471
preannouncement_2005,915,6.71673488892278
preannouncement_2005,916,6.07014445177726
preannouncement_2005,917,6.8318239321731
preannouncement_2005,918,6.00756469399875
preannouncement_2005,919,6.04934947900525
preannouncement_2005,920,6.53526635264279
preannouncement_2005,921,6.67235770763407
preannouncement_2005,922,6.40289102094917
preannouncement_2005,923,6.38866175732856
preannouncement_2005,924,6.06525654148247
preannouncement_2005,925,6.96056129455451
preannouncement_2005,926,7.16988377414288
preannouncement_2005,927,6.63060728327896
preannouncement_2005,928,6.56497595681813
preannouncement_2005,929,6.50953120638614
preannouncement_2005,930,6.38437457500216
preannouncement_2005,931,6.61390017970934
preannouncement_2005,932,6.18762537722205
preannouncement_2005,933,6.53935050776702
preannouncement_2005,934,7.23963380441306
preannouncement_2005,935,6.27746045942324
preannouncement_2005,936,6.23515322870264
preannouncement_2005,937,6.03615053945243
preannouncement_2005,938,6.16107457275465
preannouncement_2005,939,6.61341048329144
preannouncement_2005,940,6.84656406057964
preannouncement_2005,941,7.00547354061089
preannouncement_2005,942,5.76345965562747
preannouncement_2005,943,6.51284009361758
preannouncement_2005,944,6.56822710958386
preannouncement_2005,945,6.71604800536127
preannouncement_2005,946,6.82392208874754
preannouncement_2005,947,6.53895850222754
preannouncement_2005,948,6.35411120471833
preannouncement_2005,949,6.78668690037694
preannouncement_2005,950,6.50261572093614
preannouncement_2005,951,6.66286080391731
preannouncement_2005,952,6.370711073648
preannouncement_2005,953,6.68548927189635
preannouncement_2005,954,6.45982513956716
preannouncement_2005,955,6.19492874493257
preannouncement_2005,956,6.71544625315241
preannouncement_2005,957,5.90111640148159
preannouncement_2005,958,5.95733282654615
preannouncement_2005,959,6.41203301252472
preannouncement_2005,960,6.50899620259345
preannouncement_2005,961,6.49904909664539
preannouncement_2005,962,6.42943171145634
preannouncement_2005,963,5.5958893304298
preannouncement_2005,964,6.62648429973601
preannouncement_2005,965,6.46415001086589
preannouncement_2005,966,6.35075307426743
preannouncement_2005,967,6.56320941606741
preannouncement_2005,968,5.84652786323845
preannouncement_2005,969,6.34153597103548
preannouncement_2005,970,6.5560857700619
preannouncement_2005,971,5.84661595203521
preannouncement_2005,972,6.58870025423285
preannouncement_2005,973,7.10287743672085
preannouncement_2005,974,6.53496277746942
preannouncement_2005,975,6.48573037545477
preannouncement_2005,976,6.08755901651346
preannouncement_2005,977,6.18863397070284
preannouncement_2005,978,6.58770634475898
preannouncement_2005,979,6.15752109769495
preannouncement_2005,980,6.88519025819206
preannouncement_2005,981,6.07913648639063
preannouncement_2005,982,6.63726004819207
preannouncement_2005,983,6.36570339207389
preannouncement_2005,984,5.94790884489733
preannouncement_2005,985,6.36047957646048
preannouncement_2005,986,5.79081016170698
preannouncement_2005,987,6.95375704222146
preannouncement_2005,988,6.19815977377042
preannouncement_2005,989,6.31796695994458
preannouncement_2005,990,6.2296528534044
preannouncement_2005,991,6.76060667087511
preannouncement_2005,992,7.04547298469119
preannouncement_2005,993,7.11637554282195
preannouncement_2005,994,5.84601306870334
preannouncement_2005,995,6.46156140968667
preannouncement_2005,996,6.5803084347521
preannouncement_2005,997,6.2067044975192
preannouncement_2005,998,6.64801934423991
preannouncement_2005,999,6.71529546910729
