window,rep,old_p90_p50,old_p50,old_p90
pooled_1984_2019,1,3.57795090109384,6.89359914516048,24.6649592732067
pooled_1984_2019,2,3.34147283312484,6.65254365256942,22.2292938862378
pooled_1984_2019,3,3.34356135273684,6.42685124662274,21.4885714479964
pooled_1984_2019,4,3.38052,6.65880767530226,22.5102325225128
pooled_1984_2019,5,3.44673524197874,6.52400756985598,22.4865268099587
pooled_1984_2019,6,3.4132156726003,6.49055420031288,22.1536613203696
pooled_1984_2019,7,3.34499292410828,6.62293219238287,22.1536613203696
pooled_1984_2019,8,3.34933093394027,6.43243284121674,21.5443462955805
pooled_1984_2019,9,3.34268813661151,6.86792078246408,22.9573173227303
pooled_1984_2019,10,3.51554308157384,6.43215181516193,22.6125068134251
pooled_1984_2019,11,3.49553294405103,6.60851748132915,23.1002905673232
pooled_1984_2019,12,3.56309627429963,6.19517135461705,22.0739919722838
pooled_1984_2019,13,3.53838618803033,6.2609506546547,22.1536613203696
pooled_1984_2019,14,3.676331532765,6.11354766295109,22.4754280503688
pooled_1984_2019,15,3.31412791603376,6.76924735740983,22.4341516377297
pooled_1984_2019,16,3.32665829942742,6.9439925859831,23.1002905673232
pooled_1984_2019,17,3.15040287984321,6.93311479186522,21.8421048065757
pooled_1984_2019,18,3.5413336703068,6.58475218433533,23.3188046210129
pooled_1984_2019,19,3.30051102884627,6.5706609335842,21.686538878104
pooled_1984_2019,20,3.3644273896359,6.56099520538997,22.0739919722838
pooled_1984_2019,21,3.45327533499516,6.45413017621585,22.2878885463742
pooled_1984_2019,22,3.4342960566983,6.39269615648843,21.9544112018986
pooled_1984_2019,23,3.39397923473057,6.46682402095286,21.9482664417709
pooled_1984_2019,24,3.59208246199523,6.43089094187778,23.1002905673232
pooled_1984_2019,25,3.61999756978394,6.32551963121236,22.8983656926093
pooled_1984_2019,26,3.50081254760769,6.39269615648843,22.3796309176781
pooled_1984_2019,27,3.43911917253754,6.5555522218421,22.5453253327082
pooled_1984_2019,28,3.26880667356785,6.63439017469744,21.686538878104
pooled_1984_2019,29,3.33487277081641,6.4361821023925,21.4638484412846
pooled_1984_2019,30,3.57631371720113,6.38647143928255,22.8400254128194
pooled_1984_2019,31,3.59941153521593,6.32829282995091,22.7781302103496
pooled_1984_2019,32,3.3167922020381,6.67924306706843,22.1536613203696
pooled_1984_2019,33,3.44966212243659,6.56099520538997,22.6332166455219
pooled_1984_2019,34,3.59690559283031,6.89708763374975,24.8081730840753
pooled_1984_2019,35,3.49846884990806,6.84413703889377,23.9440002350719
pooled_1984_2019,36,3.47303742069991,6.4546545643375,22.4172568396356
pooled_1984_2019,37,3.1246678974096,6.71160438983788,20.9715347770398
pooled_1984_2019,38,3.52668680778995,6.2304391017512,21.9728073868846
pooled_1984_2019,39,3.38814278225328,6.61638492836096,22.4172568396356
pooled_1984_2019,40,3.52893808646817,6.6052990812079,23.3096915001878
pooled_1984_2019,41,3.45931317370508,6.4040635258941,22.1536613203696
pooled_1984_2019,42,3.35205216206616,6.55906907897788,21.9863416873291
pooled_1984_2019,43,3.41871940476403,6.15098084131313,21.028477560529
pooled_1984_2019,44,3.43325194623384,6.5555522218421,22.506862424277
pooled_1984_2019,45,3.58719725814541,6.68645912244913,23.9856478307509
pooled_1984_2019,46,3.22505150169822,6.56843563528829,21.1835432093946
pooled_1984_2019,47,3.37698834246301,6.69605711369815,22.6125068134251
pooled_1984_2019,48,3.54874323118258,6.56843563528829,23.3096915001878
pooled_1984_2019,49,3.47105949286938,6.48414769914285,22.506862424277
pooled_1984_2019,50,3.48068477211182,6.38647143928255,22.2292938862378
pooled_1984_2019,51,3.43518784927002,6.11803565045873,21.0166017278566
pooled_1984_2019,52,3.55194314126495,6.96322110718304,24.7329654527701
pooled_1984_2019,53,3.43571809275035,6.56204168213939,22.5453253327082
pooled_1984_2019,54,3.40453195432153,6.84666550730996,23.3096915001878
pooled_1984_2019,55,3.65785479070412,6.09993626666667,22.3126810960165
pooled_1984_2019,56,3.52979068702973,6.20136383276271,21.8895163037688
pooled_1984_2019,57,3.29338617720469,6.22093025134876,20.4879256991465
pooled_1984_2019,58,3.34996148893288,6.58932708486611,22.0739919722838
pooled_1984_2019,59,3.55999026182963,6.2969994833959,22.4172568396356
pooled_1984_2019,60,3.86363136731004,6.0143981595092,23.2374173845716
pooled_1984_2019,61,3.34140796024578,6.91334037691825,23.1002905673232
pooled_1984_2019,62,3.59260384512653,6.2445381135363,22.4341516377297
pooled_1984_2019,63,3.67784493140448,6.2560679908859,23.0088479508015
pooled_1984_2019,64,3.50809277850056,6.45095142067338,22.6305360933222
pooled_1984_2019,65,3.22889515147058,6.96415515372721,22.4865268099587
pooled_1984_2019,66,3.5434648072257,6.75722817572399,23.9440002350719
pooled_1984_2019,67,3.3737490715276,6.23297024013925,21.028477560529
pooled_1984_2019,68,3.6497946833649,6.12685125910583,22.361749151252
pooled_1984_2019,69,3.58523356543593,6.5555522218421,23.5031858657164
pooled_1984_2019,70,3.52618881746973,6.41860598428269,22.6332166455219
pooled_1984_2019,71,3.5845814704174,6.20136383276271,22.2292938862378
pooled_1984_2019,72,3.36233318698314,6.15173860803449,20.6841948794398
pooled_1984_2019,73,3.71619642058087,6.17763829586325,22.9573173227303
pooled_1984_2019,74,3.59678960882076,6.48632676834079,23.3299527197841
pooled_1984_2019,75,3.52893808646817,6.6052990812079,23.3096915001878
pooled_1984_2019,76,3.41028616291203,6.67924306706843,22.7781302103496
pooled_1984_2019,77,3.56494185976793,6.28825313888706,22.4172568396356
pooled_1984_2019,78,3.1615287296988,6.32829282995091,20.0070795918367
pooled_1984_2019,79,3.22928043615973,6.56099520538997,21.1872934585036
pooled_1984_2019,80,3.27101854042095,6.38647143928255,20.8902664857621
pooled_1984_2019,81,3.53215350034152,6.33091091570337,22.361749151252
pooled_1984_2019,82,3.49788403794041,5.92495715859809,20.7248130705411
pooled_1984_2019,83,3.49062403154029,6.79898795701178,23.7327107528984
pooled_1984_2019,84,3.40254464572013,6.60851748132915,22.4857757722444
pooled_1984_2019,85,3.47779942042212,6.88481345257272,23.9440002350719
pooled_1984_2019,86,3.76377576874719,6.17396434121429,23.2374173845716
pooled_1984_2019,87,3.36128568092532,6.30810618204447,21.2033469834625
pooled_1984_2019,88,3.61086084531339,6.19291357635002,22.361749151252
pooled_1984_2019,89,3.51903589997971,6.43089094187778,22.6305360933222
pooled_1984_2019,90,3.4027923246716,6.74661135100154,22.9573173227303
pooled_1984_2019,91,3.30990506659769,6.5555522218421,21.6982555134209
pooled_1984_2019,92,3.45025422073233,6.50217352185949,22.4341516377297
pooled_1984_2019,93,3.42820009719274,6.4040635258941,21.9544112018986
pooled_1984_2019,94,3.20294413779652,7.02058039183548,22.4865268099587
pooled_1984_2019,95,3.30531888334497,6.5555522218421,21.6681905496087
pooled_1984_2019,96,3.34356135273684,6.42685124662274,21.4885714479964
pooled_1984_2019,97,3.4552383671139,6.35217143068015,21.9482664417709
pooled_1984_2019,98,3.41902727558389,6.75639259513606,23.1002905673232
pooled_1984_2019,99,3.53958958051627,6.12685125910583,21.686538878104
pooled_1984_2019,100,3.66543104150703,6.64382342967251,24.3524766334133
pooled_1984_2019,101,3.39821456910407,6.84666550730996,23.266438476723
pooled_1984_2019,102,3.28181128982856,6.41860598428269,21.06465358418
pooled_1984_2019,103,3.48414085681117,6.2994773586332,21.9482664417709
pooled_1984_2019,104,3.45796283867809,6.27147829222894,21.686538878104
pooled_1984_2019,105,3.35003043794865,6.09993626666667,20.4349721628802
pooled_1984_2019,106,3.41605338965723,6.4361821023925,21.9863416873291
pooled_1984_2019,107,3.37684715773439,6.65880767530226,22.4857757722444
pooled_1984_2019,108,3.20314740655564,6.83375240832476,21.8895163037688
pooled_1984_2019,109,3.45094231164015,6.75722817572399,23.3188046210129
pooled_1984_2019,110,3.45401191310729,6.39657483669759,22.0938456890358
pooled_1984_2019,111,3.3308806546879,6.45131833761539,21.4885714479964
pooled_1984_2019,112,3.24860995408338,6.67924306706843,21.6982555134209
pooled_1984_2019,113,3.37253179200185,6.32618406124421,21.3352568686014
pooled_1984_2019,114,3.28752101230106,6.71160438983788,22.064540457844
pooled_1984_2019,115,3.37515289362802,6.60351967712387,22.2878885463742
pooled_1984_2019,116,3.50311197679719,6.4040635258941,22.4341516377297
pooled_1984_2019,117,3.52164789445067,6.50217352185949,22.8983656926093
pooled_1984_2019,118,3.46827604719757,6.32829282995091,21.9482664417709
pooled_1984_2019,119,3.17434674975012,6.67959383615909,21.2033469834625
pooled_1984_2019,120,3.40418021876589,6.4546545643375,21.9728073868846
pooled_1984_2019,121,3.31245798006517,6.94615541971307,23.0088479508015
pooled_1984_2019,122,3.31812809131409,6.65254365256942,22.0739919722838
pooled_1984_2019,123,3.61159302086692,6.45413017621585,23.3096915001878
pooled_1984_2019,124,3.55911666992378,6.57349969497263,23.395852344116
pooled_1984_2019,125,3.52238985558067,6.6052990812079,23.266438476723
pooled_1984_2019,126,3.46557044179146,6.53010419884115,22.6305360933222
pooled_1984_2019,127,3.38940739744961,6.15173860803449,20.8507483452485
pooled_1984_2019,128,3.29766389115959,6.28469539485219,20.7248130705411
pooled_1984_2019,129,3.49906021938112,6.56099520538997,22.9573173227303
pooled_1984_2019,130,3.54682331522045,6.22093025134876,22.064540457844
pooled_1984_2019,131,3.18849229296134,6.88551490319216,21.9544112018986
pooled_1984_2019,132,3.46377731981982,6.2609506546547,21.686538878104
pooled_1984_2019,133,3.42444975855169,6.60851748132915,22.6305360933222
pooled_1984_2019,134,3.48163392628832,6.33091091570337,22.0419142284219
pooled_1984_2019,135,3.44118632512648,6.63725333500502,22.8400254128194
pooled_1984_2019,136,3.43088477819519,6.2560679908859,21.4638484412846
pooled_1984_2019,137,3.60294578964093,6.56099520538997,23.6389100511141
pooled_1984_2019,138,3.48849822528308,6.43089094187778,22.4341516377297
pooled_1984_2019,139,3.42013429689237,6.45413017621585,22.0739919722838
pooled_1984_2019,140,3.48841077984507,6.37232691019979,22.2292938862378
pooled_1984_2019,141,3.61846727306296,6.22093025134876,22.5102325225128
pooled_1984_2019,142,3.28741175072278,6.88481345257272,22.6332166455219
pooled_1984_2019,143,3.36952129301816,6.65254365256942,22.4158874900655
pooled_1984_2019,144,3.36411643851461,6.15548799682574,20.7077783572009
pooled_1984_2019,145,3.42319749325103,6.4483547957147,22.0739919722838
pooled_1984_2019,146,3.54279198843149,6.55906907897788,23.2374173845716
pooled_1984_2019,147,3.35430415730556,6.84413703889377,22.9573173227303
pooled_1984_2019,148,3.27110360129715,6.58932708486611,21.5543715574304
pooled_1984_2019,149,3.57820144258517,6.56843563528829,23.5031858657164
pooled_1984_2019,150,3.37017717374264,6.67924306706843,22.5102325225128
pooled_1984_2019,151,3.42254858490666,6.41860598428269,21.9679908285801
pooled_1984_2019,152,3.41070596906154,6.47197154270015,22.0739919722838
pooled_1984_2019,153,3.51268414461318,6.32829282995091,22.2292938862378
pooled_1984_2019,154,3.30392373573514,6.84413703889377,22.6125068134251
pooled_1984_2019,155,3.32431844158376,6.80757168454074,22.6305360933222
pooled_1984_2019,156,3.40215925578902,6.2276019038356,21.1872934585036
pooled_1984_2019,157,3.42408315040172,6.80757168454074,23.3096915001878
pooled_1984_2019,158,3.17416352677856,6.62293219238287,21.0222698053893
pooled_1984_2019,159,3.77895671141643,6.39482961497471,24.1657842918733
pooled_1984_2019,160,3.24228122183653,6.89691844145019,22.361749151252
pooled_1984_2019,161,3.10038938968488,6.83375240832476,21.1872934585036
pooled_1984_2019,162,3.41109229860628,6.4361821023925,21.9544112018986
pooled_1984_2019,163,3.59136712972676,6.29635066441831,22.6125068134251
pooled_1984_2019,164,3.44565668806229,7.06758648294363,24.3524766334133
pooled_1984_2019,165,3.45643082938099,6.49055420031288,22.4341516377297
pooled_1984_2019,166,3.54754137153029,6.5706609335842,23.3096915001878
pooled_1984_2019,167,3.74851679064672,6.30620359233759,23.6389100511141
pooled_1984_2019,168,3.51287451868901,6.61492952877909,23.2374173845716
pooled_1984_2019,169,3.1324147667297,6.60351967712387,20.6849625490129
pooled_1984_2019,170,3.44434388758476,6.29627574536729,21.686538878104
pooled_1984_2019,171,3.36573356436546,6.4040635258941,21.5543715574304
pooled_1984_2019,172,3.20773549640338,6.5555522218421,21.028477560529
pooled_1984_2019,173,3.51554308157384,6.43215181516193,22.6125068134251
pooled_1984_2019,174,3.36090663808851,6.65880767530226,22.3796309176781
pooled_1984_2019,175,3.3245373764845,6.30810618204447,20.9715347770398
pooled_1984_2019,176,3.45145093720798,6.75623239189849,23.3188046210129
pooled_1984_2019,177,3.33967321533772,6.75075789725982,22.5453253327082
pooled_1984_2019,178,3.36299473281192,6.68645912244913,22.4865268099587
pooled_1984_2019,179,3.14091996951436,7.02486554003336,22.064540457844
pooled_1984_2019,180,3.49210315460525,6.76924735740983,23.6389100511141
pooled_1984_2019,181,3.61040719470295,6.2445381135363,22.5453253327082
pooled_1984_2019,182,3.41958329077826,6.5555522218421,22.4172568396356
pooled_1984_2019,183,3.2718726592607,6.91118181186629,22.6125068134251
pooled_1984_2019,184,3.12527839087055,6.5555522218421,20.4879256991465
pooled_1984_2019,185,3.597645699581,6.5706609335842,23.6389100511141
pooled_1984_2019,186,3.43629427436268,6.46897271054023,22.2292938862378
pooled_1984_2019,187,3.4324782295232,6.45413017621585,22.1536613203696
pooled_1984_2019,188,3.5564990078515,6.60851748132915,23.5031858657164
pooled_1984_2019,189,3.65638962108013,6.15548799682574,22.506862424277
pooled_1984_2019,190,3.33856437814207,6.84127152447785,22.8400254128194
pooled_1984_2019,191,3.35061600251022,6.63439017469744,22.2292938862378
pooled_1984_2019,192,3.31160025203632,6.29627574536729,20.8507483452485
pooled_1984_2019,193,3.40461952317633,6.58932708486611,22.4341516377297
pooled_1984_2019,194,3.33556697193061,6.61492952877909,22.064540457844
pooled_1984_2019,195,3.19089828338986,6.72658497233026,21.4638484412846
pooled_1984_2019,196,3.59751614140032,6.76924735740983,24.3524766334133
pooled_1984_2019,197,3.22487411727859,7.01190371812324,22.6125068134251
pooled_1984_2019,198,3.34124609529624,6.49055420031288,21.686538878104
pooled_1984_2019,199,3.18295444450697,6.80757168454074,21.6681905496087
pooled_1984_2019,200,3.48298494706254,6.42685124662274,22.3846261489971
pooled_1984_2019,201,3.44536196269338,6.9658825894123,23.9999869101492
pooled_1984_2019,202,3.48353282828283,6.47197154270015,22.5453253327082
pooled_1984_2019,203,3.47466504245323,6.60851748132915,22.9623846748155
pooled_1984_2019,204,3.38795349024577,6.48414769914285,21.9679908285801
pooled_1984_2019,205,3.31099287520077,6.3339111763471,20.9715347770398
pooled_1984_2019,206,3.27878730532982,7.10924171942986,23.3096915001878
pooled_1984_2019,207,3.37889561727969,6.53010419884115,22.064540457844
pooled_1984_2019,208,3.35968364084764,6.42251239082524,21.5776098125968
pooled_1984_2019,209,3.35209295858608,6.53010419884115,21.8895163037688
pooled_1984_2019,210,3.29122038602493,6.2969994833959,20.7248130705411
pooled_1984_2019,211,3.50082623105136,6.54084612641071,22.8983656926093
pooled_1984_2019,212,3.44595598576766,6.56204168213939,22.6125068134251
pooled_1984_2019,213,3.39285191387644,6.46897271054023,21.9482664417709
pooled_1984_2019,214,3.31700580797516,6.2560679908859,20.751413860856
pooled_1984_2019,215,3.39861224119092,6.61638492836096,22.4865268099587
pooled_1984_2019,216,3.48635248146865,6.17396434121429,21.5246159014914
pooled_1984_2019,217,3.66701700033338,6.2994773586332,23.1002905673232
pooled_1984_2019,218,3.41535614349356,6.46897271054023,22.0938456890358
pooled_1984_2019,219,3.29161208391288,6.79898795701178,22.3796309176781
pooled_1984_2019,220,3.566280116569,6.52400756985598,23.266438476723
pooled_1984_2019,221,3.69739700871304,6.08812969488174,22.5102325225128
pooled_1984_2019,222,3.53676914156752,6.88551490319216,24.3524766334133
pooled_1984_2019,223,3.43275645989303,6.4361821023925,22.0938456890358
pooled_1984_2019,224,3.46684177585405,6.33091091570337,21.9482664417709
pooled_1984_2019,225,3.40991025745697,6.573747048341,22.4158874900655
pooled_1984_2019,226,3.59635611853628,6.11350515984984,21.9863416873291
pooled_1984_2019,227,3.52244064641505,6.48414769914285,22.8400254128194
pooled_1984_2019,228,3.45834350793457,6.35217143068015,21.9679908285801
pooled_1984_2019,229,3.55946345078217,6.3339111763471,22.5453253327082
pooled_1984_2019,230,3.82461831519545,6.33091091570337,24.2133178400699
pooled_1984_2019,231,3.48698411818888,6.076108390625,21.1872934585036
pooled_1984_2019,232,3.36695535146903,6.69605711369815,22.5453253327082
pooled_1984_2019,233,3.26739658462767,6.63725333500502,21.686538878104
pooled_1984_2019,234,3.31749299968713,6.34956986681407,21.06465358418
pooled_1984_2019,235,3.51771735737615,6.54084612641071,23.0088479508015
pooled_1984_2019,236,3.42460268602982,6.46897271054023,22.1536613203696
pooled_1984_2019,237,3.50724622813414,6.54712648647753,22.9623846748155
pooled_1984_2019,238,3.72766422380803,6.127168125,22.8400254128194
pooled_1984_2019,239,3.36029133768441,6.11803565045873,20.5583821998809
pooled_1984_2019,240,3.45424987474046,6.75075789725982,23.3188046210129
pooled_1984_2019,241,3.45620032167943,6.64382342967251,22.9623846748155
pooled_1984_2019,242,3.43764337014948,6.38647143928255,21.9544112018986
pooled_1984_2019,243,3.32492233681212,6.60851748132915,21.9728073868846
pooled_1984_2019,244,3.52440294818736,6.33091091570337,22.3126810960165
pooled_1984_2019,245,3.62684591131432,6.60351967712387,23.9499483412604
pooled_1984_2019,246,3.53143801700203,6.48414769914285,22.8983656926093
pooled_1984_2019,247,3.27398606900436,6.84666550730996,22.4158874900655
pooled_1984_2019,248,3.32002280436919,6.75722817572399,22.4341516377297
pooled_1984_2019,249,3.66588235294118,6.4483547957147,23.6389100511141
pooled_1984_2019,250,3.57450728402262,6.42251239082524,22.9573173227303
pooled_1984_2019,251,3.33214649264603,6.61492952877909,22.0419142284219
pooled_1984_2019,252,3.35209295858608,6.53010419884115,21.8895163037688
pooled_1984_2019,253,3.5353513511564,6.20996586229469,21.9544112018986
pooled_1984_2019,254,3.47053336881713,6.61638492836096,22.9623846748155
pooled_1984_2019,255,3.38400627497852,6.56843563528829,22.2276274066081
pooled_1984_2019,256,3.6905314742649,6.127168125,22.6125068134251
pooled_1984_2019,257,3.52815331023954,6.60935128678683,23.3188046210129
pooled_1984_2019,258,3.3601024903435,6.45413017621585,21.686538878104
pooled_1984_2019,259,3.59839604549335,6.06995576096491,21.8421048065757
pooled_1984_2019,260,3.49898981144844,6.68645912244913,23.395852344116
pooled_1984_2019,261,3.81837151543465,6.30620359233759,24.0794281675135
pooled_1984_2019,262,3.41221521647171,6.30810618204447,21.5246159014914
pooled_1984_2019,263,3.54582957561082,6.86792078246408,24.3524766334133
pooled_1984_2019,264,3.770027971118,6.49055420031288,24.469570883237
pooled_1984_2019,265,3.3989893910691,6.65880767530226,22.6332166455219
pooled_1984_2019,266,3.478238924855,6.2609506546547,21.7770822736164
pooled_1984_2019,267,3.17210278423143,7.00774703667863,22.2292938862378
pooled_1984_2019,268,3.38521731608132,6.91118181186629,23.395852344116
pooled_1984_2019,269,3.53341433051945,6.2445381135363,22.064540457844
pooled_1984_2019,270,3.29409765020715,6.80527999472811,22.4172568396356
pooled_1984_2019,271,3.28746166103544,6.80757168454074,22.3796309176781
pooled_1984_2019,272,3.65718276017153,6.65880767530226,24.3524766334133
pooled_1984_2019,273,3.75279597316013,6.15548799682574,23.1002905673232
pooled_1984_2019,274,3.34617036785467,6.69896778281405,22.4158874900655
pooled_1984_2019,275,3.27622109426473,6.83092815587303,22.3796309176781
pooled_1984_2019,276,3.47481466438958,6.2994773586332,21.8895163037688
pooled_1984_2019,277,3.42972942555253,6.57349969497263,22.5453253327082
pooled_1984_2019,278,3.25659841353238,6.53632038076877,21.286170582351
pooled_1984_2019,279,3.3732924999718,6.2445381135363,21.06465358418
pooled_1984_2019,280,3.71006291553817,5.9158744585837,21.9482664417709
pooled_1984_2019,281,3.10273706498431,6.88551490319216,21.3639423016362
pooled_1984_2019,282,3.39825134474193,6.63439017469744,22.5453253327082
pooled_1984_2019,283,3.48163392628832,6.33091091570337,22.0419142284219
pooled_1984_2019,284,3.28204917535717,6.69896778281405,21.9863416873291
pooled_1984_2019,285,3.23546606932187,6.65880767530226,21.5443462955805
pooled_1984_2019,286,3.51859872042793,6.34135429154673,22.3126810960165
pooled_1984_2019,287,3.42764976034334,6.37232691019979,21.8421048065757
pooled_1984_2019,288,3.33618008576902,6.34956986681407,21.1833085428642
pooled_1984_2019,289,3.29155541170525,6.32829282995091,20.8299265112805
pooled_1984_2019,290,3.34847116968037,6.56204168213939,21.9728073868846
pooled_1984_2019,291,3.44535207422647,6.46897271054023,22.2878885463742
pooled_1984_2019,292,3.53607988040306,6.06995576096491,21.4638484412846
pooled_1984_2019,293,3.41672813346627,6.39269615648843,21.8421048065757
pooled_1984_2019,294,3.23617343095568,6.33091091570337,20.4879256991465
pooled_1984_2019,295,3.40739490332982,6.6052990812079,22.506862424277
pooled_1984_2019,296,3.34830297212736,6.61638492836096,22.1536613203696
pooled_1984_2019,297,3.40024477633495,6.69896778281405,22.7781302103496
pooled_1984_2019,298,3.37217490480969,6.60935128678683,22.2878885463742
pooled_1984_2019,299,3.5465863872592,6.34606350070335,22.506862424277
pooled_1984_2019,300,3.47918609803081,6.43243284121674,22.3796309176781
pooled_1984_2019,301,3.34313918497159,6.76924735740983,22.6305360933222
pooled_1984_2019,302,3.55671238519639,5.95593371495652,21.1835432093946
pooled_1984_2019,303,3.54305295167116,7.01121238710712,24.8410967429333
pooled_1984_2019,304,3.40323702529945,6.37232691019979,21.686538878104
pooled_1984_2019,305,3.43783726732005,6.39539919365307,21.9863416873291
pooled_1984_2019,306,3.35530405253451,6.58475218433533,22.0938456890358
pooled_1984_2019,307,3.2718726592607,6.91118181186629,22.6125068134251
pooled_1984_2019,308,3.30531888334497,6.5555522218421,21.6681905496087
pooled_1984_2019,309,3.61413774455586,6.68645912244913,24.1657842918733
pooled_1984_2019,310,3.38377695367077,6.60851748132915,22.361749151252
pooled_1984_2019,311,3.60365524461659,6.45095142067338,23.2470049198765
pooled_1984_2019,312,3.19582784652136,6.91334037691825,22.0938456890358
pooled_1984_2019,313,3.32786622427322,6.67924306706843,22.2276274066081
pooled_1984_2019,314,3.42058385428092,6.72658497233026,23.0088479508015
pooled_1984_2019,315,3.55941574259868,6.16625537137922,21.9482664417709
pooled_1984_2019,316,3.46907412736356,6.3339111763471,21.9728073868846
pooled_1984_2019,317,3.35616110220371,6.62293219238287,22.2276274066081
pooled_1984_2019,318,3.36635154266532,6.65880767530226,22.4158874900655
pooled_1984_2019,319,3.42101300366688,6.42685124662274,21.9863416873291
pooled_1984_2019,320,3.35516171218474,6.68645912244913,22.4341516377297
pooled_1984_2019,321,3.38370309134592,6.65254365256942,22.5102325225128
pooled_1984_2019,322,3.40823240690814,6.45095142067338,21.9863416873291
pooled_1984_2019,323,3.51817379555816,6.921908367392,24.3524766334133
pooled_1984_2019,324,3.43222950082675,6.53632038076877,22.4341516377297
pooled_1984_2019,325,3.46798609253707,6.19626805719858,21.4885714479964
pooled_1984_2019,326,3.36139105895678,6.54084612641071,21.9863416873291
pooled_1984_2019,327,3.42308426436947,6.42296244827586,21.9863416873291
pooled_1984_2019,328,3.5936929667418,6.11803565045873,21.9863416873291
pooled_1984_2019,329,3.37415895474424,6.75075789725982,22.7781302103496
pooled_1984_2019,330,3.33851985626315,6.77941651389654,22.6332166455219
pooled_1984_2019,331,3.32097609247925,6.76771750970058,22.4754280503688
pooled_1984_2019,332,3.67583749510945,6.43089094187778,23.6389100511141
pooled_1984_2019,333,3.27520731077667,6.32829282995091,20.7264709413908
pooled_1984_2019,334,3.4956861021794,6.84958532751092,23.9440002350719
pooled_1984_2019,335,3.5342414937544,6.4032229074652,22.6305360933222
pooled_1984_2019,336,3.6148276946049,6.4483547957147,23.3096915001878
pooled_1984_2019,337,3.3124797973171,6.75075789725982,22.361749151252
pooled_1984_2019,338,3.33696235071595,6.43215181516193,21.4638484412846
pooled_1984_2019,339,3.46068345839734,6.46682402095286,22.3796309176781
pooled_1984_2019,340,3.56411276237187,6.5706609335842,23.4185764906057
pooled_1984_2019,341,3.34908567608012,6.75722817572399,22.6305360933222
pooled_1984_2019,342,3.65572849746732,6.83092815587303,24.9720187235769
pooled_1984_2019,343,3.40035764877753,6.37232691019979,21.6681905496087
pooled_1984_2019,344,3.39432747558326,6.47197154270015,21.9679908285801
pooled_1984_2019,345,3.62772677238901,6.32829282995091,22.9573173227303
pooled_1984_2019,346,3.58090379858096,6.13096928507231,21.9544112018986
pooled_1984_2019,347,3.39285191387644,6.46897271054023,21.9482664417709
pooled_1984_2019,348,3.68333579950883,6.573747048341,24.2133178400699
pooled_1984_2019,349,3.27345897344783,6.91334037691825,22.6305360933222
pooled_1984_2019,350,3.37251883709924,6.49055420031288,21.8895163037688
pooled_1984_2019,351,3.39760721939504,6.79898795701178,23.1002905673232
pooled_1984_2019,352,3.62113698466356,6.49055420031288,23.5031858657164
pooled_1984_2019,353,3.34962490990882,6.75075789725982,22.6125068134251
pooled_1984_2019,354,3.51922714169481,6.39539919365307,22.506862424277
pooled_1984_2019,355,3.45083001641986,6.5010885876681,22.4341516377297
pooled_1984_2019,356,3.513341675808,6.4361821023925,22.6125068134251
pooled_1984_2019,357,3.32295331542443,6.6124333691032,21.9728073868846
pooled_1984_2019,358,3.45743622725672,6.62293219238287,22.8983656926093
pooled_1984_2019,359,3.7131952247702,6.4483547957147,23.9440002350719
pooled_1984_2019,360,3.3124797973171,6.75075789725982,22.361749151252
pooled_1984_2019,361,3.27759058898704,6.86792078246408,22.5102325225128
pooled_1984_2019,362,3.37552105735404,6.69896778281405,22.6125068134251
pooled_1984_2019,363,3.50325020174671,6.53632038076877,22.8983656926093
pooled_1984_2019,364,3.48705623133322,6.4483547957147,22.4857757722444
pooled_1984_2019,365,3.40790860449989,6.35820764705882,21.6681905496087
pooled_1984_2019,366,3.40258198290634,6.30810618204447,21.4638484412846
pooled_1984_2019,367,3.47907808201406,6.89425395617034,23.9856478307509
pooled_1984_2019,368,3.29159576839923,6.46682402095286,21.286170582351
pooled_1984_2019,369,3.37669293520576,6.64382342967251,22.4341516377297
pooled_1984_2019,370,3.29922922539467,6.65254365256942,21.9482664417709
pooled_1984_2019,371,3.30316416072755,6.80757168454074,22.4865268099587
pooled_1984_2019,372,3.49948970757615,6.43243284121674,22.5102325225128
pooled_1984_2019,373,3.45574788062453,6.52400756985598,22.5453253327082
pooled_1984_2019,374,3.34521164656587,6.56843563528829,21.9728073868846
pooled_1984_2019,375,3.44244361784732,6.5010885876681,22.3796309176781
pooled_1984_2019,376,3.75804752524966,5.93070960295893,22.2878885463742
pooled_1984_2019,377,3.61413774455586,6.68645912244913,24.1657842918733
pooled_1984_2019,378,3.48646142422279,6.39269615648843,22.2878885463742
pooled_1984_2019,379,3.2897049290182,6.92406483311793,22.7781302103496
pooled_1984_2019,380,3.4563674451762,6.38647143928255,22.0739919722838
pooled_1984_2019,381,3.16037347992116,6.63439017469744,20.9671507635633
pooled_1984_2019,382,3.55997457498488,6.53010419884115,23.2470049198765
pooled_1984_2019,383,3.16877272044465,6.57349969497263,20.8299265112805
pooled_1984_2019,384,3.5809121881299,6.45095142067338,23.1002905673232
pooled_1984_2019,385,3.28251476593195,6.57349969497263,21.5776098125968
pooled_1984_2019,386,3.52795231129963,6.49055420031288,22.8983656926093
pooled_1984_2019,387,3.25081161451241,6.69896778281405,21.7770822736164
pooled_1984_2019,388,3.4968314312153,6.96415515372721,24.3524766334133
pooled_1984_2019,389,3.49020540965982,6.42251239082524,22.4158874900655
pooled_1984_2019,390,3.48225474494629,6.12685125910583,21.3352568686014
pooled_1984_2019,391,3.57635122410315,6.13877380217436,21.9544112018986
pooled_1984_2019,392,3.33460565910443,6.58932708486611,21.9728073868846
pooled_1984_2019,393,3.61747893601333,6.89026751898845,24.9253976134376
pooled_1984_2019,394,3.35816662970233,6.54712648647753,21.9863416873291
pooled_1984_2019,395,3.45152341323919,6.39269615648843,22.064540457844
pooled_1984_2019,396,3.42825224187542,6.48414769914285,22.2292938862378
pooled_1984_2019,397,3.33268684084241,6.30620359233759,21.0166017278566
pooled_1984_2019,398,3.30819009404436,6.77587649223063,22.4158874900655
pooled_1984_2019,399,3.49459851970372,6.4040635258941,22.3796309176781
pooled_1984_2019,400,3.28803209968034,6.96415515372721,22.8983656926093
pooled_1984_2019,401,3.48983676807607,6.33091091570337,22.0938456890358
pooled_1984_2019,402,3.47207315004192,6.27206897220857,21.7770822736164
pooled_1984_2019,403,3.47276876277375,6.55906907897788,22.7781302103496
pooled_1984_2019,404,3.16450558868328,6.80812395232487,21.5443462955805
pooled_1984_2019,405,3.39340997032236,6.50217352185949,22.064540457844
pooled_1984_2019,406,3.44961671215187,7.00774703667863,24.1740412922593
pooled_1984_2019,407,3.42806005455345,6.32618406124421,21.686538878104
pooled_1984_2019,408,3.41740123378474,6.62293219238287,22.6332166455219
pooled_1984_2019,409,3.3573828534061,6.48632676834079,21.7770822736164
pooled_1984_2019,410,3.44266753506607,6.2609506546547,21.5543715574304
pooled_1984_2019,411,3.62484292285518,6.41860598428269,23.266438476723
pooled_1984_2019,412,3.53419614811862,6.4040635258941,22.6332166455219
pooled_1984_2019,413,3.61102603369066,6.15548799682574,22.2276274066081
pooled_1984_2019,414,3.40924559267122,6.47197154270015,22.064540457844
pooled_1984_2019,415,3.31798825951718,6.65880767530226,22.0938456890358
pooled_1984_2019,416,3.56294383793719,6.30810618204447,22.4754280503688
pooled_1984_2019,417,3.29929352028121,6.52400756985598,21.5246159014914
pooled_1984_2019,418,3.20343728530306,6.89691844145019,22.0938456890358
pooled_1984_2019,419,3.5782722461118,6.16625537137922,22.064540457844
pooled_1984_2019,420,3.1883578626148,6.92034627497828,22.064540457844
pooled_1984_2019,421,3.24017328792251,6.5010885876681,21.06465358418
pooled_1984_2019,422,3.44708673910739,6.94615541971307,23.9440002350719
pooled_1984_2019,423,3.54876592614139,6.41860598428269,22.7781302103496
pooled_1984_2019,424,3.48686498353638,6.77941651389654,23.6389100511141
pooled_1984_2019,425,3.3858592093454,6.48414769914285,21.9544112018986
pooled_1984_2019,426,3.33076405491288,6.69896778281405,22.3126810960165
pooled_1984_2019,427,3.38648282022505,6.60851748132915,22.3796309176781
pooled_1984_2019,428,3.4360118940557,6.30620359233759,21.6681905496087
pooled_1984_2019,429,3.19733403086949,6.55906907897788,20.9715347770398
pooled_1984_2019,430,3.41835248667814,6.42251239082524,21.9544112018986
pooled_1984_2019,431,3.38474203687007,6.34135429154673,21.4638484412846
pooled_1984_2019,432,3.50325020174671,6.53632038076877,22.8983656926093
pooled_1984_2019,433,3.18048379983929,6.76771750970058,21.5246159014914
pooled_1984_2019,434,3.34446483690849,6.3339111763471,21.1835432093946
pooled_1984_2019,435,3.38814430587936,6.64382342967251,22.5102325225128
pooled_1984_2019,436,3.49868976585479,6.39657483669759,22.3796309176781
pooled_1984_2019,437,3.2991112703334,6.80527999472811,22.4513759283819
pooled_1984_2019,438,3.46189343902065,6.50131577436537,22.506862424277
pooled_1984_2019,439,3.46662192769596,6.63725333500502,23.0088479508015
pooled_1984_2019,440,3.42966050114149,6.28469539485219,21.5543715574304
pooled_1984_2019,441,3.41544021933952,6.48632676834079,22.1536613203696
pooled_1984_2019,442,3.48814325844891,6.32829282995091,22.0739919722838
pooled_1984_2019,443,3.55161137379672,6.43089094187778,22.8400254128194
pooled_1984_2019,444,3.37182682340416,6.17763829586325,20.8299265112805
pooled_1984_2019,445,3.46798609253707,6.19626805719858,21.4885714479964
pooled_1984_2019,446,3.42032556260647,6.55906907897788,22.4341516377297
pooled_1984_2019,447,3.27671426417507,7.00774703667863,22.9623846748155
pooled_1984_2019,448,3.51431198738524,6.39539919365307,22.4754280503688
pooled_1984_2019,449,3.50934114316689,6.39269615648843,22.4341516377297
pooled_1984_2019,450,3.4606503752135,6.42296244827586,22.2276274066081
pooled_1984_2019,451,3.44816072629829,6.37232691019979,21.9728073868846
pooled_1984_2019,452,3.49669431859587,6.46682402095286,22.6125068134251
pooled_1984_2019,453,3.70118415385013,6.29790103146855,23.3096915001878
pooled_1984_2019,454,3.68312672279547,6.35217143068015,23.395852344116
pooled_1984_2019,455,3.49745115417806,6.4361821023925,22.5102325225128
pooled_1984_2019,456,3.32555542007111,6.77941651389654,22.5453253327082
pooled_1984_2019,457,3.53088872828693,6.92471273631198,24.4503901472689
pooled_1984_2019,458,3.41046647606277,6.57803024753052,22.4341516377297
pooled_1984_2019,459,3.52841305504386,6.2560679908859,22.0739919722838
pooled_1984_2019,460,3.49615726949726,6.35820764705882,22.2292938862378
pooled_1984_2019,461,3.31490804437779,6.62293219238287,21.9544112018986
pooled_1984_2019,462,3.42330762159588,6.56843563528829,22.4857757722444
pooled_1984_2019,463,3.42078293366899,6.61638492836096,22.6332166455219
pooled_1984_2019,464,3.25004965764968,6.51906761136243,21.1872934585036
pooled_1984_2019,465,3.58911286765755,6.2304391017512,22.361749151252
pooled_1984_2019,466,3.31972924509418,6.62293219238287,21.9863416873291
pooled_1984_2019,467,3.56157064830823,6.19517135461705,22.064540457844
pooled_1984_2019,468,3.49365126942039,6.4361821023925,22.4857757722444
pooled_1984_2019,469,3.31236389871561,6.75639259513606,22.3796309176781
pooled_1984_2019,470,3.55276764735912,6.56099520538997,23.3096915001878
pooled_1984_2019,471,3.45400362788287,6.13877380217436,21.2033469834625
pooled_1984_2019,472,3.21546614830036,6.80757168454074,21.8895163037688
pooled_1984_2019,473,3.62715105684283,6.07692204790825,22.0419142284219
pooled_1984_2019,474,3.3272928393189,6.77587649223063,22.5453253327082
pooled_1984_2019,475,3.24325734350166,6.76924735740983,21.9544112018986
pooled_1984_2019,476,3.21666498102356,6.83092815587303,21.9728073868846
pooled_1984_2019,477,3.55553854282225,7.16724204201681,25.4834053261268
pooled_1984_2019,478,3.41002753746852,6.63725333500502,22.6332166455219
pooled_1984_2019,479,3.7538597260949,5.95700180158695,22.361749151252
pooled_1984_2019,480,3.41342458714601,6.88551490319216,23.5031858657164
pooled_1984_2019,481,3.28678834977231,6.67959383615909,21.9544112018986
pooled_1984_2019,482,3.52302314030102,6.28825313888706,22.1536613203696
pooled_1984_2019,483,3.24117636659636,6.80757168454074,22.064540457844
pooled_1984_2019,484,3.35973407335364,6.61638492836096,22.2292938862378
pooled_1984_2019,485,3.55013064233056,6.56843563528829,23.3188046210129
pooled_1984_2019,486,3.68343776597881,6.0143981595092,22.1536613203696
pooled_1984_2019,487,3.35292479546703,6.69605711369815,22.4513759283819
pooled_1984_2019,488,3.42054167994174,6.573747048341,22.4857757722444
pooled_1984_2019,489,3.42042403522382,6.08872099232029,20.8260076259041
pooled_1984_2019,490,3.51945272437058,6.43089094187778,22.6332166455219
pooled_1984_2019,491,3.31765503128496,6.64382342967251,22.0419142284219
pooled_1984_2019,492,3.67675547721111,6.19517135461705,22.7781302103496
pooled_1984_2019,493,3.48345818474859,6.60517414893617,23.0088479508015
pooled_1984_2019,494,3.36651556867409,6.67924306706843,22.4857757722444
pooled_1984_2019,495,3.43646098513331,6.80812395232487,23.395852344116
pooled_1984_2019,496,3.48646142422279,6.39269615648843,22.2878885463742
pooled_1984_2019,497,3.4069072961501,6.63725333500502,22.6125068134251
pooled_1984_2019,498,3.30682969806429,6.63725333500502,21.9482664417709
pooled_1984_2019,499,3.38632430100853,6.43089094187778,21.7770822736164
initial_2005_2007,1,3.16597158409997,7.36897097780377,23.3299527197841
initial_2005_2007,2,3.16201287001453,9.41746465620762,29.7781444458354
initial_2005_2007,3,3.65804942526662,9.08305398780184,33.2262604197442
initial_2005_2007,4,3.64716198709924,9.41746465620762,34.3470191089711
initial_2005_2007,5,3.6766050007915,8.43100579804465,30.9974780787931
initial_2005_2007,6,3.68899807010874,6.9439925859831,25.616375248541
initial_2005_2007,7,2.95840686616748,9.00806443326895,26.6495196702619
initial_2005_2007,8,2.79780631523872,9.28289454279468,25.971740975526
initial_2005_2007,9,3.11344422047884,8.559498029537,26.6495196702619
initial_2005_2007,10,3.38750245219659,7.56202411954871,25.616375248541
initial_2005_2007,11,2.69230743129276,9.51465458617439,25.616375248541
initial_2005_2007,12,3.71879590849781,8.84128156478905,32.8789217090146
initial_2005_2007,13,2.81429993325432,9.22849077621004,25.971740975526
initial_2005_2007,14,3.19389091368076,8.33580485761547,26.6236513929539
initial_2005_2007,15,3.14490183166808,9.08305398780184,28.565313123378
initial_2005_2007,16,2.77579247460235,9.22849077621004,25.616375248541
initial_2005_2007,17,3.03012294927379,7.69934194431794,23.3299527197841
initial_2005_2007,18,3.98541798116988,8.61191942009106,34.322098509217
initial_2005_2007,19,3.16441361923413,7.8767824351199,24.9253976134376
initial_2005_2007,20,3.06438812879587,8.68808071104738,26.6236513929539
initial_2005_2007,21,4.13866222128948,8.29304173040806,34.322098509217
initial_2005_2007,22,3.06919964535566,8.39844397110211,25.776501257646
initial_2005_2007,23,3.26610546020762,6.88481345257272,22.4865268099587
initial_2005_2007,24,3.6009430189595,6.921908367392,24.9253976134376
initial_2005_2007,25,3.10815778328046,8.84128156478905,27.4800981097731
initial_2005_2007,26,3.21111491853836,7.69934194431794,24.7234717803275
initial_2005_2007,27,3.05381092456047,8.19129060946562,25.0146527494357
initial_2005_2007,28,2.89429062181982,8.61191942009106,24.9253976134376
initial_2005_2007,29,3.31936663563342,7.50908240923532,24.9253976134376
initial_2005_2007,30,3.75773560116622,7.60173576728303,28.565313123378
initial_2005_2007,31,2.94227155962656,9.05746431972595,26.6495196702619
initial_2005_2007,32,3.15782624644009,8.43100579804465,26.6236513929539
initial_2005_2007,33,4.15135182330758,7.92005185501681,32.8789217090146
initial_2005_2007,34,3.76677686953093,7.90547077176452,29.7781444458354
initial_2005_2007,35,3.61936702843704,7.43899950409728,26.9244695296892
initial_2005_2007,36,4.09322761131703,8.03251732645172,32.8789217090146
initial_2005_2007,37,3.8836526917033,6.96534834689506,27.0509938560702
initial_2005_2007,38,3.29978472627416,8.65672020842147,28.565313123378
initial_2005_2007,39,3.94586181432014,7.05001084808346,27.8183685959952
initial_2005_2007,40,3.41550716475868,7.92005185501681,27.0509938560702
initial_2005_2007,41,3.47433464163396,9.71264453131251,33.7449773570157
initial_2005_2007,42,3.45349910125824,7.95717540501489,27.4800981097731
initial_2005_2007,43,3.57294734025776,7.2689962941498,25.971740975526
initial_2005_2007,44,3.25023890157046,8.19129060946562,26.6236513929539
initial_2005_2007,45,3.29875776664588,7.7654611404181,25.616375248541
initial_2005_2007,46,3.59956900901286,8.27269719549056,29.7781444458354
initial_2005_2007,47,3.36768571503595,8.03251732645172,27.0509938560702
initial_2005_2007,48,3.63994994840041,7.54958131274561,27.4800981097731
initial_2005_2007,49,3.34400461322942,7.60173576728303,25.4202394743455
initial_2005_2007,50,3.57848543562772,6.96534834689506,24.9253976134376
initial_2005_2007,51,3.36913580426896,7.99150615881193,26.9244695296892
initial_2005_2007,52,3.08413176912636,8.63246235438753,26.6236513929539
initial_2005_2007,53,3.29953142748959,8.43100579804465,27.8183685959952
initial_2005_2007,54,3.21552507222434,7.90547077176452,25.4202394743455
initial_2005_2007,55,2.98599637038033,8.63246235438753,25.776501257646
initial_2005_2007,56,3.53238796905041,8.27269719549056,29.2223760449479
initial_2005_2007,57,3.76560982760863,6.89708763374975,25.971740975526
initial_2005_2007,58,3.43866319610751,7.99150615881193,27.4800981097731
initial_2005_2007,59,3.33726499203636,8.559498029537,28.565313123378
initial_2005_2007,60,2.91683684085559,9.39835864154697,27.4134787292378
initial_2005_2007,61,4.31335200774712,7.95717540501489,34.322098509217
initial_2005_2007,62,3.55665157795663,7.60574750243361,27.0509938560702
initial_2005_2007,63,3.20545022921553,7.99150615881193,25.616375248541
initial_2005_2007,64,3.22717635870326,8.04782202419267,25.971740975526
initial_2005_2007,65,3.29612775883676,7.56202411954871,24.9253976134376
initial_2005_2007,66,3.82892724573126,7.56202411954871,28.9544401842169
initial_2005_2007,67,3.27491438566212,8.84128156478905,28.9544401842169
initial_2005_2007,68,3.6214130749055,8.559498029537,30.9974780787931
initial_2005_2007,69,3.12485481854367,8.65672020842147,27.0509938560702
initial_2005_2007,70,4.43894908985174,7.40691570087657,32.8789217090146
initial_2005_2007,71,3.5571659073879,8.27269719549056,29.4273564259425
initial_2005_2007,72,4.43894908985174,7.40691570087657,32.8789217090146
initial_2005_2007,73,2.75495319925303,9.05746431972595,24.9528903047492
initial_2005_2007,74,2.96982829911587,8.559498029537,25.4202394743455
initial_2005_2007,75,3.12024653114233,8.91543931492196,27.8183685959952
initial_2005_2007,76,3.40199646215235,7.82589038205815,26.6236513929539
initial_2005_2007,77,3.17314966462351,8.39844397110211,26.6495196702619
initial_2005_2007,78,4.66103329927997,7.36897097780377,34.3470191089711
initial_2005_2007,79,3.9409604518894,8.43100579804465,33.2262604197442
initial_2005_2007,80,3.0380178972835,7.95717540501489,24.1740412922593
initial_2005_2007,81,3.25458743572725,7.92005185501681,25.776501257646
initial_2005_2007,82,3.87799971914393,7.06897388205312,27.4134787292378
initial_2005_2007,83,3.06266687761122,9.08305398780184,27.8183685959952
initial_2005_2007,84,3.89146556010968,7.56202411954871,29.4273564259425
initial_2005_2007,85,3.2940803802934,7.82509783666848,25.776501257646
initial_2005_2007,86,3.63637527347205,7.43899950409728,27.0509938560702
initial_2005_2007,87,3.17442373649085,8.65672020842147,27.4800981097731
initial_2005_2007,88,3.08889983690949,8.29304173040806,25.616375248541
initial_2005_2007,89,3.40128816982873,8.75496075574651,29.7781444458354
initial_2005_2007,90,4.08790258945123,8.65672020842147,35.3878289561609
initial_2005_2007,91,2.89122053856654,8.91543931492196,25.776501257646
initial_2005_2007,92,2.87082003866425,9.28289454279468,26.6495196702619
initial_2005_2007,93,3.26371222091788,7.40691570087657,24.1740412922593
initial_2005_2007,94,3.50754479984424,8.143962444798,28.565313123378
initial_2005_2007,95,3.93529697362033,7.8767824351199,30.9974780787931
initial_2005_2007,96,3.21927995107368,7.95717540501489,25.616375248541
initial_2005_2007,97,3.24991815802932,7.99150615881193,25.971740975526
initial_2005_2007,98,3.61339539878888,8.143962444798,29.4273564259425
initial_2005_2007,99,2.99311918751945,8.61191942009106,25.776501257646
initial_2005_2007,100,3.75046437956732,6.92494004663026,25.971740975526
initial_2005_2007,101,3.13376437113296,9.50235592699321,29.7781444458354
initial_2005_2007,102,3.6577376907719,7.28579300191372,26.6495196702619
initial_2005_2007,103,3.78500443612868,8.91543931492196,33.7449773570157
initial_2005_2007,104,3.31937805000182,7.7654611404181,25.776501257646
initial_2005_2007,105,3.42847010776755,7.7654611404181,26.6236513929539
initial_2005_2007,106,3.62515092465399,7.56202411954871,27.4134787292378
initial_2005_2007,107,3.50754479984424,8.143962444798,28.565313123378
initial_2005_2007,108,3.34400461322942,7.60173576728303,25.4202394743455
initial_2005_2007,109,3.91169060283688,7.40202718569262,28.9544401842169
initial_2005_2007,110,3.89787926070307,7.54958131274561,29.4273564259425
initial_2005_2007,111,3.02496686004597,7.99150615881193,24.1740412922593
initial_2005_2007,112,2.94660792282718,9.69430405113772,28.565313123378
initial_2005_2007,113,3.62315183256037,7.99150615881193,28.9544401842169
initial_2005_2007,114,3.47895920334083,8.559498029537,29.7781444458354
initial_2005_2007,115,2.79128839823873,7.82509783666848,21.8421048065757
initial_2005_2007,116,2.98892950079827,9.00806443326895,26.9244695296892
initial_2005_2007,117,3.6268428179788,6.89708763374975,25.0146527494357
initial_2005_2007,118,3.00086832366075,8.33580485761547,25.0146527494357
initial_2005_2007,119,2.96425294464258,9.08305398780184,26.9244695296892
initial_2005_2007,120,3.51239728037566,7.92005185501681,27.8183685959952
initial_2005_2007,121,3.52602768510982,7.06897388205312,24.9253976134376
initial_2005_2007,122,2.85936217162256,9.08305398780184,25.971740975526
initial_2005_2007,123,3.28528707844796,7.90547077176452,25.971740975526
initial_2005_2007,124,3.05477610255252,7.56202411954871,23.1002905673232
initial_2005_2007,125,3.22997838716094,8.33580485761547,26.9244695296892
initial_2005_2007,126,3.27328572187388,7.82589038205815,25.616375248541
initial_2005_2007,127,3.30720388040712,8.75496075574651,28.9544401842169
initial_2005_2007,128,4.01800351030828,8.39844397110211,33.7449773570157
initial_2005_2007,129,3.15782624644009,8.43100579804465,26.6236513929539
initial_2005_2007,130,3.40580217257315,7.90547077176452,26.9244695296892
initial_2005_2007,131,3.50327616362545,7.82509783666848,27.4134787292378
initial_2005_2007,132,2.94227155962656,9.05746431972595,26.6495196702619
initial_2005_2007,133,3.0180904755221,9.08305398780184,27.4134787292378
initial_2005_2007,134,3.52993345806751,7.54958131274561,26.6495196702619
initial_2005_2007,135,3.15782624644009,8.43100579804465,26.6236513929539
initial_2005_2007,136,3.17562679150342,8.63246235438753,27.4134787292378
initial_2005_2007,137,3.17108223803101,9.00806443326895,28.565313123378
initial_2005_2007,138,3.29725255070228,7.8767824351199,25.971740975526
initial_2005_2007,139,3.68850163826888,9.00806443326895,33.2262604197442
initial_2005_2007,140,3.6565615314902,8.04782202419267,29.4273564259425
initial_2005_2007,141,3.5627625910157,9.22849077621004,32.8789217090146
initial_2005_2007,142,3.00952245850156,8.03251732645172,24.1740412922593
initial_2005_2007,143,3.68232919316393,7.99150615881193,29.4273564259425
initial_2005_2007,144,3.53023576350377,8.33580485761547,29.4273564259425
initial_2005_2007,145,3.36156551109527,7.56202411954871,25.4202394743455
initial_2005_2007,146,2.94859467964598,8.03251732645172,23.6846378529397
initial_2005_2007,147,3.13119378761856,8.75496075574651,27.4134787292378
initial_2005_2007,148,3.0431414952562,9.51465458617439,28.9544401842169
initial_2005_2007,149,3.50754479984424,8.143962444798,28.565313123378
initial_2005_2007,150,3.11023908379254,8.65672020842147,26.9244695296892
initial_2005_2007,151,2.96425294464258,9.08305398780184,26.9244695296892
initial_2005_2007,152,3.18384721492381,7.43899950409728,23.6846378529397
initial_2005_2007,153,3.34400461322942,7.60173576728303,25.4202394743455
initial_2005_2007,154,3.36122082633292,8.75496075574651,29.4273564259425
initial_2005_2007,155,2.85936217162256,9.08305398780184,25.971740975526
initial_2005_2007,156,3.50292137902757,7.82589038205815,27.4134787292378
initial_2005_2007,157,3.20588785521849,8.39844397110211,26.9244695296892
initial_2005_2007,158,2.8467670611271,9.50235592699321,27.0509938560702
initial_2005_2007,159,3.36611065130197,8.143962444798,27.4134787292378
initial_2005_2007,160,3.5789290452688,7.43899950409728,26.6236513929539
initial_2005_2007,161,3.67768760050027,6.96534834689506,25.616375248541
initial_2005_2007,162,3.70803627415026,7.39299098025137,27.4134787292378
initial_2005_2007,163,3.27923875385673,7.92005185501681,25.971740975526
initial_2005_2007,164,3.12381871469385,9.26892461717472,28.9544401842169
initial_2005_2007,165,3.63637527347205,7.43899950409728,27.0509938560702
initial_2005_2007,166,2.71129790026247,10.1354034564453,27.4800981097731
initial_2005_2007,167,3.07283503783233,7.59232188924848,23.3299527197841
initial_2005_2007,168,3.27246581582821,7.8767824351199,25.776501257646
initial_2005_2007,169,3.2940803802934,7.82509783666848,25.776501257646
initial_2005_2007,170,3.698216380576,7.95717540501489,29.4273564259425
initial_2005_2007,171,3.5571659073879,8.27269719549056,29.4273564259425
initial_2005_2007,172,3.38517271727173,8.63246235438753,29.2223760449479
initial_2005_2007,173,3.49746260105672,7.06897388205312,24.7234717803275
initial_2005_2007,174,3.40891801410357,8.63246235438753,29.4273564259425
initial_2005_2007,175,4.26717121492402,8.29304173040806,35.3878289561609
initial_2005_2007,176,3.19463103180116,7.95717540501489,25.4202394743455
initial_2005_2007,177,3.28741175072278,6.88481345257272,22.6332166455219
initial_2005_2007,178,3.1700695372336,8.39844397110211,26.6236513929539
initial_2005_2007,179,3.61068446901048,7.59232188924848,27.4134787292378
initial_2005_2007,180,3.63994994840041,7.54958131274561,27.4800981097731
initial_2005_2007,181,3.29725255070228,7.8767824351199,25.971740975526
initial_2005_2007,182,2.84700278034682,8.75496075574651,24.9253976134376
initial_2005_2007,183,2.63246851008569,9.50235592699321,25.0146527494357
initial_2005_2007,184,3.75046437956732,6.92494004663026,25.971740975526
initial_2005_2007,185,3.65010391518742,7.82589038205815,28.565313123378
initial_2005_2007,186,3.08230443156952,8.91543931492196,27.4800981097731
initial_2005_2007,187,2.89774246588191,8.63246235438753,25.0146527494357
initial_2005_2007,188,3.22997838716094,8.33580485761547,26.9244695296892
initial_2005_2007,189,3.25308561606699,7.40202718569262,24.0794281675135
initial_2005_2007,190,3.24991815802932,7.99150615881193,25.971740975526
initial_2005_2007,191,3.34417718706413,7.39299098025137,24.7234717803275
initial_2005_2007,192,3.25461803973264,8.27269719549056,26.9244695296892
initial_2005_2007,193,3.50641778904712,7.40691570087657,25.971740975526
initial_2005_2007,194,3.65487859580297,6.81976075540794,24.9253976134376
initial_2005_2007,195,3.53018040185077,7.7654611404181,27.4134787292378
initial_2005_2007,196,3.80508069907363,7.82589038205815,29.7781444458354
initial_2005_2007,197,4.3119665251612,7.82589038205815,33.7449773570157
initial_2005_2007,198,2.99204282787666,8.04782202419267,24.0794281675135
initial_2005_2007,199,3.01508978682485,8.43100579804465,25.4202394743455
initial_2005_2007,200,3.0001825576227,8.65672020842147,25.971740975526
initial_2005_2007,201,3.17574503999296,7.8767824351199,25.0146527494357
initial_2005_2007,202,3.68475647106824,7.54958131274561,27.8183685959952
initial_2005_2007,203,3.74017406469467,6.9439925859831,25.971740975526
initial_2005_2007,204,3.44280461419527,7.74064248676252,26.6495196702619
initial_2005_2007,205,3.40632268542094,8.04782202419267,27.4134787292378
initial_2005_2007,206,3.50754479984424,8.143962444798,28.565313123378
initial_2005_2007,207,2.73992108660164,8.43100579804465,23.1002905673232
initial_2005_2007,208,3.40234102482339,7.82509783666848,26.6236513929539
initial_2005_2007,209,4.66706921276551,7.90547077176452,36.8953792513198
initial_2005_2007,210,3.0652491933252,8.29304173040806,25.4202394743455
initial_2005_2007,211,2.97651322830119,7.95717540501489,23.6846378529397
initial_2005_2007,212,3.02575976961009,9.56931230133586,28.9544401842169
initial_2005_2007,213,3.48235700991066,7.40202718569262,25.776501257646
initial_2005_2007,214,3.32178217821782,8.27269719549056,27.4800981097731
initial_2005_2007,215,2.95913170713555,8.65672020842147,25.616375248541
initial_2005_2007,216,2.69198398117375,9.51579780105966,25.616375248541
initial_2005_2007,217,3.59779827351756,8.04782202419267,28.9544401842169
initial_2005_2007,218,3.36611065130197,8.143962444798,27.4134787292378
initial_2005_2007,219,3.24893386088617,7.69934194431794,25.0146527494357
initial_2005_2007,220,2.98599637038033,8.63246235438753,25.776501257646
initial_2005_2007,221,3.73953091147181,7.43899950409728,27.8183685959952
initial_2005_2007,222,3.12163003890775,7.92005185501681,24.7234717803275
initial_2005_2007,223,3.7201230418481,7.36897097780377,27.4134787292378
initial_2005_2007,224,2.9726277222038,9.05746431972595,26.9244695296892
initial_2005_2007,225,3.48661337833386,7.39299098025137,25.776501257646
initial_2005_2007,226,3.13975421108548,7.69934194431794,24.1740412922593
initial_2005_2007,227,3.02661735796572,9.05746431972595,27.4134787292378
initial_2005_2007,228,3.35193419888741,8.03251732645172,26.9244695296892
initial_2005_2007,229,3.37398435185111,7.59232188924848,25.616375248541
initial_2005_2007,230,5.19788258909072,6.80812395232487,35.3878289561609
initial_2005_2007,231,4.2125130100476,7.06897388205312,29.7781444458354
initial_2005_2007,232,3.43180130431084,7.7654611404181,26.6495196702619
initial_2005_2007,233,3.30559999821548,8.29304173040806,27.4134787292378
initial_2005_2007,234,3.50641778904712,7.40691570087657,25.971740975526
initial_2005_2007,235,3.77746918970192,7.56202411954871,28.565313123378
initial_2005_2007,236,3.49698321290422,7.69934194431794,26.9244695296892
initial_2005_2007,237,3.97746870635726,6.76924735740983,26.9244695296892
initial_2005_2007,238,3.18377380728176,7.7654611404181,24.7234717803275
initial_2005_2007,239,3.36737450270594,7.40202718569262,24.9253976134376
initial_2005_2007,240,3.58988104062343,7.95717540501489,28.565313123378
initial_2005_2007,241,3.7268225654492,8.91543931492196,33.2262604197442
initial_2005_2007,242,3.01297110536385,8.27269719549056,24.9253976134376
initial_2005_2007,243,3.76063750769296,7.82509783666848,29.4273564259425
initial_2005_2007,244,3.26393973408676,7.95717540501489,25.971740975526
initial_2005_2007,245,3.66075268076437,6.9439925859831,25.4202394743455
initial_2005_2007,246,3.27890870933893,7.60173576728303,24.9253976134376
initial_2005_2007,247,3.52815601934966,7.20496467132744,25.4202394743455
initial_2005_2007,248,3.96039318555245,6.921908367392,27.4134787292378
initial_2005_2007,249,3.20851325500736,8.43100579804465,27.0509938560702
initial_2005_2007,250,3.08889983690949,8.29304173040806,25.616375248541
initial_2005_2007,251,3.985969080045,8.33580485761547,33.2262604197442
initial_2005_2007,252,4.09938989634571,8.63246235438753,35.3878289561609
initial_2005_2007,253,3.39087045995271,7.60173576728303,25.776501257646
initial_2005_2007,254,3.1810806781207,7.69221951883754,24.469570883237
initial_2005_2007,255,3.9037202884986,6.56204168213939,25.616375248541
initial_2005_2007,256,3.15782624644009,8.43100579804465,26.6236513929539
initial_2005_2007,257,4.20130107934986,7.82589038205815,32.8789217090146
initial_2005_2007,258,3.45871034037178,7.50908240923532,25.971740975526
initial_2005_2007,259,3.66352853407934,8.03251732645172,29.4273564259425
initial_2005_2007,260,2.85580707487537,9.59920541216326,27.4134787292378
initial_2005_2007,261,3.0409789530443,8.75496075574651,26.6236513929539
initial_2005_2007,262,3.02442191068487,7.59232188924848,22.9623846748155
initial_2005_2007,263,3.33721447072754,8.33580485761547,27.8183685959952
initial_2005_2007,264,3.3177045983459,8.03251732645172,26.6495196702619
initial_2005_2007,265,3.38517271727173,8.63246235438753,29.2223760449479
initial_2005_2007,266,3.34452011360238,7.7654611404181,25.971740975526
initial_2005_2007,267,3.36913580426896,7.99150615881193,26.9244695296892
initial_2005_2007,268,2.93616161616162,7.43899950409728,21.8421048065757
initial_2005_2007,269,3.11897908434024,8.63246235438753,26.9244695296892
initial_2005_2007,270,3.51341634800797,7.69934194431794,27.0509938560702
initial_2005_2007,271,3.49129489270986,7.43899950409728,25.971740975526
initial_2005_2007,272,4.46242657039152,7.56202411954871,33.7449773570157
initial_2005_2007,273,3.85899921768185,8.03251732645172,30.9974780787931
initial_2005_2007,274,3.28787382086076,8.68808071104738,28.565313123378
initial_2005_2007,275,3.48937348577514,6.48632676834079,22.6332166455219
initial_2005_2007,276,3.19676860455478,7.56202411954871,24.1740412922593
initial_2005_2007,277,2.81561573114102,9.7598893932294,27.4800981097731
initial_2005_2007,278,4.37855385214274,7.50908240923532,32.8789217090146
initial_2005_2007,279,3.61936702843704,7.43899950409728,26.9244695296892
initial_2005_2007,280,3.21720990029305,7.27209385436273,23.395852344116
initial_2005_2007,281,3.6740468148374,7.06897388205312,25.971740975526
initial_2005_2007,282,3.59779827351756,8.04782202419267,28.9544401842169
initial_2005_2007,283,2.76705920968836,8.559498029537,23.6846378529397
initial_2005_2007,284,3.76280299412044,7.39299098025137,27.8183685959952
initial_2005_2007,285,3.85912026621463,7.40202718569262,28.565313123378
initial_2005_2007,286,3.54552659592734,7.50908240923532,26.6236513929539
initial_2005_2007,287,3.20291641392651,8.04782202419267,25.776501257646
initial_2005_2007,288,3.28051791289102,7.36897097780377,24.1740412922593
initial_2005_2007,289,3.76063829787234,7.69934194431794,28.9544401842169
initial_2005_2007,290,3.4435242581253,7.43899950409728,25.616375248541
initial_2005_2007,291,3.374290868363,8.143962444798,27.4800981097731
initial_2005_2007,292,3.93529697362033,7.8767824351199,30.9974780787931
initial_2005_2007,293,3.84898990064597,8.63246235438753,33.2262604197442
initial_2005_2007,294,4.13006905210295,8.3163304718797,34.3470191089711
initial_2005_2007,295,3.43449591867686,7.56202411954871,25.971740975526
initial_2005_2007,296,3.32160100681078,8.143962444798,27.0509938560702
initial_2005_2007,297,4.11743066152284,8.33580485761547,34.322098509217
initial_2005_2007,298,2.80089197446915,9.51465458617439,26.6495196702619
initial_2005_2007,299,3.07847764842124,8.65672020842147,26.6495196702619
initial_2005_2007,300,3.71284139543421,7.28579300191372,27.0509938560702
initial_2005_2007,301,3.59956900901286,8.27269719549056,29.7781444458354
initial_2005_2007,302,2.98935309642111,8.68808071104738,25.971740975526
initial_2005_2007,303,3.5117897160341,7.82509783666848,27.4800981097731
initial_2005_2007,304,3.7088712371176,8.35765819222217,30.9974780787931
initial_2005_2007,305,3.06902968400894,7.60173576728303,23.3299527197841
initial_2005_2007,306,3.67850828261823,7.7654611404181,28.565313123378
initial_2005_2007,307,3.61195673714123,9.50235592699321,34.322098509217
initial_2005_2007,308,3.36267216587584,8.27269719549056,27.8183685959952
initial_2005_2007,309,3.55532584788769,8.143962444798,28.9544401842169
initial_2005_2007,310,3.51006188344049,7.59232188924848,26.6495196702619
initial_2005_2007,311,3.65446694285814,6.61492952877909,24.1740412922593
initial_2005_2007,312,3.27350031307695,7.7654611404181,25.4202394743455
initial_2005_2007,313,3.60243667359417,7.50908240923532,27.0509938560702
initial_2005_2007,314,2.97052675177467,9.22849077621004,27.4134787292378
initial_2005_2007,315,3.16672805279871,8.65672020842147,27.4134787292378
initial_2005_2007,316,4.33054896626216,7.59232188924848,32.8789217090146
initial_2005_2007,317,3.45296249196078,8.27269719549056,28.565313123378
initial_2005_2007,318,4.42304951217897,7.7654611404181,34.3470191089711
initial_2005_2007,319,3.6350446821614,7.40691570087657,26.9244695296892
initial_2005_2007,320,3.213479509279,8.29304173040806,26.6495196702619
initial_2005_2007,321,2.5125504833127,9.00806443326895,22.6332166455219
initial_2005_2007,322,3.6740468148374,7.06897388205312,25.971740975526
initial_2005_2007,323,3.62515092465399,7.56202411954871,27.4134787292378
initial_2005_2007,324,3.60030016125485,7.40202718569262,26.6495196702619
initial_2005_2007,325,3.54056162484192,8.75496075574651,30.9974780787931
initial_2005_2007,326,3.61642937098592,7.69221951883754,27.8183685959952
initial_2005_2007,327,3.698216380576,7.95717540501489,29.4273564259425
initial_2005_2007,328,3.17314966462351,8.39844397110211,26.6495196702619
initial_2005_2007,329,3.1700695372336,8.39844397110211,26.6236513929539
initial_2005_2007,330,3.31448415371358,8.03251732645172,26.6236513929539
initial_2005_2007,331,3.4612751571662,7.92005185501681,27.4134787292378
initial_2005_2007,332,3.52070437386317,7.56202411954871,26.6236513929539
initial_2005_2007,333,3.59956900901286,8.27269719549056,29.7781444458354
initial_2005_2007,334,4.20172659758241,7.82509783666848,32.8789217090146
initial_2005_2007,335,3.29148865542711,9.41746465620762,30.9974780787931
initial_2005_2007,336,2.85478582088276,7.8767824351199,22.4865268099587
initial_2005_2007,337,4.02031637032285,7.40691570087657,29.7781444458354
initial_2005_2007,338,2.58518767553196,8.75496075574651,22.6332166455219
initial_2005_2007,339,3.61195673714123,9.50235592699321,34.322098509217
initial_2005_2007,340,3.36481631157267,7.92005185501681,26.6495196702619
initial_2005_2007,341,4.18043650793651,6.57349969497263,27.4800981097731
initial_2005_2007,342,3.40867747181746,7.56202411954871,25.776501257646
initial_2005_2007,343,3.6545763381634,9.39835864154697,34.3470191089711
initial_2005_2007,344,3.77506828019645,7.36897097780377,27.8183685959952
initial_2005_2007,345,3.19699418658,8.33580485761547,26.6495196702619
initial_2005_2007,346,3.19699418658,8.33580485761547,26.6495196702619
initial_2005_2007,347,3.55532584788769,8.143962444798,28.9544401842169
initial_2005_2007,348,3.68899807010874,6.9439925859831,25.616375248541
initial_2005_2007,349,3.91437051629496,6.80812395232487,26.6495196702619
initial_2005_2007,350,3.36156551109527,7.56202411954871,25.4202394743455
initial_2005_2007,351,3.02677967035478,8.39844397110211,25.4202394743455
initial_2005_2007,352,3.26991224468069,8.27269719549056,27.0509938560702
initial_2005_2007,353,3.13975421108548,7.69934194431794,24.1740412922593
initial_2005_2007,354,2.93398230441558,9.08305398780184,26.6495196702619
initial_2005_2007,355,3.98430461798163,6.89708763374975,27.4800981097731
initial_2005_2007,356,3.18425699083205,7.56202411954871,24.0794281675135
initial_2005_2007,357,4.12042024683341,8.33580485761547,34.3470191089711
initial_2005_2007,358,3.39936554693253,8.65672020842147,29.4273564259425
initial_2005_2007,359,3.70803627415026,7.39299098025137,27.4134787292378
initial_2005_2007,360,3.42900128226753,7.2689962941498,24.9253976134376
initial_2005_2007,361,4.13646918760168,8.03251732645172,33.2262604197442
initial_2005_2007,362,3.2403388322964,7.69221951883754,24.9253976134376
initial_2005_2007,363,3.44015646691283,7.54958131274561,25.971740975526
initial_2005_2007,364,3.44015646691283,7.54958131274561,25.971740975526
initial_2005_2007,365,3.87113645183438,7.60173576728303,29.4273564259425
initial_2005_2007,366,3.33726499203636,8.559498029537,28.565313123378
initial_2005_2007,367,3.29247575574886,7.50908240923532,24.7234717803275
initial_2005_2007,368,3.43449591867686,7.56202411954871,25.971740975526
initial_2005_2007,369,2.72562223102443,9.39835864154697,25.616375248541
initial_2005_2007,370,3.31448415371358,8.03251732645172,26.6236513929539
initial_2005_2007,371,3.08413176912636,8.63246235438753,26.6236513929539
initial_2005_2007,372,3.30071860583352,8.91543931492196,29.4273564259425
initial_2005_2007,373,3.49746260105672,7.06897388205312,24.7234717803275
initial_2005_2007,374,3.47832490335698,7.74064248676252,26.9244695296892
initial_2005_2007,375,2.91311959603119,8.91543931492196,25.971740975526
initial_2005_2007,376,3.51006188344049,7.59232188924848,26.6495196702619
initial_2005_2007,377,3.52405947285425,7.2689962941498,25.616375248541
initial_2005_2007,378,3.59936655705294,6.92494004663026,24.9253976134376
initial_2005_2007,379,2.8458849350925,9.05746431972595,25.776501257646
initial_2005_2007,380,4.24568436275566,7.82589038205815,33.2262604197442
initial_2005_2007,381,3.36156551109527,7.56202411954871,25.4202394743455
initial_2005_2007,382,2.40769572923766,10.0403223707647,24.1740412922593
initial_2005_2007,383,3.6565615314902,8.04782202419267,29.4273564259425
initial_2005_2007,384,3.30161196348806,7.69934194431794,25.4202394743455
initial_2005_2007,385,3.35442284029438,8.29304173040806,27.8183685959952
initial_2005_2007,386,3.01297110536385,8.27269719549056,24.9253976134376
initial_2005_2007,387,3.53238796905041,8.27269719549056,29.2223760449479
initial_2005_2007,388,3.53018040185077,7.7654611404181,27.4134787292378
initial_2005_2007,389,3.47608623232434,7.90547077176452,27.4800981097731
initial_2005_2007,390,4.02971834109559,7.69221951883754,30.9974780787931
initial_2005_2007,391,3.24822329899032,7.82589038205815,25.4202394743455
initial_2005_2007,392,3.82535885167464,7.27209385436273,27.8183685959952
initial_2005_2007,393,3.20402754304745,8.91543931492196,28.565313123378
initial_2005_2007,394,2.9083377172579,9.30118730557019,27.0509938560702
initial_2005_2007,395,3.54567400202918,8.39844397110211,29.7781444458354
initial_2005_2007,396,3.25830924855491,7.2689962941498,23.6846378529397
initial_2005_2007,397,4.16288939766115,7.06897388205312,29.4273564259425
initial_2005_2007,398,3.83469106436506,7.7654611404181,29.7781444458354
initial_2005_2007,399,3.17574503999296,7.8767824351199,25.0146527494357
initial_2005_2007,400,4.26856013149027,7.90547077176452,33.7449773570157
initial_2005_2007,401,3.54944642631353,8.04782202419267,28.565313123378
initial_2005_2007,402,3.51341634800797,7.69934194431794,27.0509938560702
initial_2005_2007,403,3.21427987096554,9.00806443326895,28.9544401842169
initial_2005_2007,404,3.03012294927379,7.69934194431794,23.3299527197841
initial_2005_2007,405,3.24515680466737,8.33580485761547,27.0509938560702
initial_2005_2007,406,2.92244389368576,8.559498029537,25.0146527494357
initial_2005_2007,407,4.15185256964242,8.27269719549056,34.3470191089711
initial_2005_2007,408,3.55122220387018,9.50235592699321,33.7449773570157
initial_2005_2007,409,3.22293644028561,7.59232188924848,24.469570883237
initial_2005_2007,410,4.05624406779661,8.4676904384673,34.3470191089711
initial_2005_2007,411,3.02376022696336,8.27269719549056,25.0146527494357
initial_2005_2007,412,3.43196014386085,7.40691570087657,25.4202394743455
initial_2005_2007,413,4.13198403145583,7.95717540501489,32.8789217090146
initial_2005_2007,414,3.03397254901961,9.05746431972595,27.4800981097731
initial_2005_2007,415,3.36980605913598,7.60173576728303,25.616375248541
initial_2005_2007,416,3.31448415371358,8.03251732645172,26.6236513929539
initial_2005_2007,417,2.69286774861183,8.68808071104738,23.395852344116
initial_2005_2007,418,3.92030295357851,8.75496075574651,34.322098509217
initial_2005_2007,419,3.21349979278906,8.65672020842147,27.8183685959952
initial_2005_2007,420,3.36980605913598,7.60173576728303,25.616375248541
initial_2005_2007,421,2.98123084195683,8.29304173040806,24.7234717803275
initial_2005_2007,422,3.63112570003807,7.54958131274561,27.4134787292378
initial_2005_2007,423,3.34555976123119,8.04782202419267,26.9244695296892
initial_2005_2007,424,3.65232210834553,6.76924735740983,24.7234717803275
initial_2005_2007,425,3.30720388040712,8.75496075574651,28.9544401842169
initial_2005_2007,426,2.82114248362341,8.29304173040806,23.395852344116
initial_2005_2007,427,3.10773917342408,7.50908240923532,23.3362695596503
initial_2005_2007,428,3.20588785521849,8.39844397110211,26.9244695296892
initial_2005_2007,429,3.39087045995271,7.60173576728303,25.776501257646
initial_2005_2007,430,2.6591079468583,10.3092763727875,27.4134787292378
initial_2005_2007,431,3.65212660012707,7.40691570087657,27.0509938560702
initial_2005_2007,432,3.33473054273712,7.99150615881193,26.6495196702619
initial_2005_2007,433,3.31363316417569,8.29304173040806,27.4800981097731
initial_2005_2007,434,3.67749941644441,6.57349969497263,24.1740412922593
initial_2005_2007,435,3.71233658548366,6.48632676834079,24.0794281675135
initial_2005_2007,436,4.15135182330758,7.92005185501681,32.8789217090146
initial_2005_2007,437,3.17442373649085,8.65672020842147,27.4800981097731
initial_2005_2007,438,3.14365983859933,7.95717540501489,25.0146527494357
initial_2005_2007,439,3.37943270429843,7.40202718569262,25.0146527494357
initial_2005_2007,440,3.01440065018082,9.22849077621004,27.8183685959952
initial_2005_2007,441,3.50390578626208,8.39844397110211,29.4273564259425
initial_2005_2007,442,2.99793247171728,6.921908367392,20.751413860856
initial_2005_2007,443,3.64994299858523,9.00806443326895,32.8789217090146
initial_2005_2007,444,3.72227067441386,6.92494004663026,25.776501257646
initial_2005_2007,445,3.71205771585608,6.9439925859831,25.776501257646
initial_2005_2007,446,3.65010391518742,7.82589038205815,28.565313123378
initial_2005_2007,447,3.54567400202918,8.39844397110211,29.7781444458354
initial_2005_2007,448,3.70020168291522,7.82509783666848,28.9544401842169
initial_2005_2007,449,3.19145604257014,9.71264453131251,30.9974780787931
initial_2005_2007,450,2.83555040690333,9.39835864154697,26.6495196702619
initial_2005_2007,451,2.87242849785895,9.41746465620762,27.0509938560702
initial_2005_2007,452,3.25458743572725,7.92005185501681,25.776501257646
initial_2005_2007,453,3.53169188372686,7.8767824351199,27.8183685959952
initial_2005_2007,454,2.87084337118265,8.61191942009106,24.7234717803275
initial_2005_2007,455,3.83462798135818,9.22849077621004,35.3878289561609
initial_2005_2007,456,4.66100219042001,7.59232188924848,35.3878289561609
initial_2005_2007,457,4.73487281299563,6.9439925859831,32.8789217090146
initial_2005_2007,458,3.53018040185077,7.7654611404181,27.4134787292378
initial_2005_2007,459,2.77788990437505,8.39844397110211,23.3299527197841
initial_2005_2007,460,3.29374678141952,7.82589038205815,25.776501257646
initial_2005_2007,461,3.25786688292764,9.51465458617439,30.9974780787931
initial_2005_2007,462,3.01421456549866,8.84128156478905,26.6495196702619
initial_2005_2007,463,3.23436963765771,7.92005185501681,25.616375248541
initial_2005_2007,464,3.99382302371077,6.96534834689506,27.8183685959952
initial_2005_2007,465,2.84700278034682,8.75496075574651,24.9253976134376
initial_2005_2007,466,3.48350128433116,7.7654611404181,27.0509938560702
initial_2005_2007,467,3.35063842922816,7.43899950409728,24.9253976134376
initial_2005_2007,468,3.60465331196581,8.03251732645172,28.9544401842169
initial_2005_2007,469,3.15166580614959,7.28579300191372,22.9623846748155
initial_2005_2007,470,2.96186328770028,7.8767824351199,23.3299527197841
initial_2005_2007,471,2.96029411764706,9.28289454279468,27.4800981097731
initial_2005_2007,472,3.59936926563409,8.61191942009106,30.9974780787931
initial_2005_2007,473,3.36481631157267,7.92005185501681,26.6495196702619
initial_2005_2007,474,3.78437111745604,8.68808071104738,32.8789217090146
initial_2005_2007,475,3.66618974502847,7.2689962941498,26.6495196702619
initial_2005_2007,476,3.14365983859933,7.95717540501489,25.0146527494357
initial_2005_2007,477,3.11568485816923,8.33580485761547,25.971740975526
initial_2005_2007,478,3.89971085479412,7.43899950409728,29.0099471149363
initial_2005_2007,479,2.86803337797466,9.28289454279468,26.6236513929539
initial_2005_2007,480,3.7201230418481,7.36897097780377,27.4134787292378
initial_2005_2007,481,3.16466662208554,8.03251732645172,25.4202394743455
initial_2005_2007,482,2.97651322830119,7.95717540501489,23.6846378529397
initial_2005_2007,483,3.31937805000182,7.7654611404181,25.776501257646
initial_2005_2007,484,3.20977687773164,7.7654611404181,24.9253976134376
initial_2005_2007,485,2.87364161820273,7.82509783666848,22.4865268099587
initial_2005_2007,486,3.70719952856792,8.03251732645172,29.7781444458354
initial_2005_2007,487,3.24515680466737,8.33580485761547,27.0509938560702
initial_2005_2007,488,3.65804942526662,9.08305398780184,33.2262604197442
initial_2005_2007,489,3.61308392290915,7.69934194431794,27.8183685959952
initial_2005_2007,490,3.14681806403736,8.19129060946562,25.776501257646
initial_2005_2007,491,2.95207690044142,7.82509783666848,23.1002905673232
initial_2005_2007,492,4.13198403145583,7.95717540501489,32.8789217090146
initial_2005_2007,493,2.98123084195683,8.29304173040806,24.7234717803275
initial_2005_2007,494,3.58469421125489,9.26892461717472,33.2262604197442
initial_2005_2007,495,4.36053926738275,7.8767824351199,34.3470191089711
initial_2005_2007,496,4.245280397109,8.33580485761547,35.3878289561609
initial_2005_2007,497,3.34473559120571,8.65672020842147,28.9544401842169
initial_2005_2007,498,3.51341634800797,7.69934194431794,27.0509938560702
initial_2005_2007,499,3.02575976961009,9.56931230133586,28.9544401842169
initial_2003_2007,1,3.32563676111859,7.2689962941498,24.1740412922593
initial_2003_2007,2,3.73018637440251,7.56202411954871,28.2077593336437
initial_2003_2007,3,3.30257195062866,7.43899950409728,24.5678311029722
initial_2003_2007,4,3.13880311704835,8.75496075574651,27.4800981097731
initial_2003_2007,5,3.30983372610648,7.39299098025137,24.469570883237
initial_2003_2007,6,3.53027466270339,7.94561418208709,28.0502004266388
initial_2003_2007,7,3.32312472294358,7.39299098025137,24.5678311029722
initial_2003_2007,8,3.37439671646751,7.13592093365985,24.0794281675135
initial_2003_2007,9,3.59792398705282,7.40691570087657,26.6495196702619
initial_2003_2007,10,3.17813795778941,7.69934194431794,24.469570883237
initial_2003_2007,11,3.65461103856457,6.96322110718304,25.447864722277
initial_2003_2007,12,3.75210701977431,6.921908367392,25.971740975526
initial_2003_2007,13,3.4763437649878,8.143962444798,28.3112130672683
initial_2003_2007,14,3.54880430067484,8.23442871712904,29.2223760449479
initial_2003_2007,15,3.91437051629496,6.80812395232487,26.6495196702619
initial_2003_2007,16,3.44043530068054,7.82589038205815,26.9244695296892
initial_2003_2007,17,3.24851485148515,7.46251050977584,24.2420762203708
initial_2003_2007,18,3.97066306688343,6.71160438983788,26.6495196702619
initial_2003_2007,19,3.96561694531567,7.50908240923532,29.7781444458354
initial_2003_2007,20,3.68475647106824,7.54958131274561,27.8183685959952
initial_2003_2007,21,3.73752610254802,6.61492952877909,24.7234717803275
initial_2003_2007,22,3.20670713879749,7.50908240923532,24.0794281675135
initial_2003_2007,23,3.67768760050027,6.96534834689506,25.616375248541
initial_2003_2007,24,3.41429546750211,7.54958131274561,25.776501257646
initial_2003_2007,25,3.39994481317235,7.11012755224798,24.1740412922593
initial_2003_2007,26,3.00958211337115,9.09715106814896,27.3786231373364
initial_2003_2007,27,3.65070953216897,7.50908240923532,27.4134787292378
initial_2003_2007,28,3.72707497290971,6.71160438983788,25.0146527494357
initial_2003_2007,29,3.99171118344225,7.7654611404181,30.9974780787931
initial_2003_2007,30,3.97409591194969,7.28579300191372,28.9544401842169
initial_2003_2007,31,2.88574569568289,7.95717540501489,22.9623846748155
initial_2003_2007,32,3.39362188062593,6.6052990812079,22.4158874900655
initial_2003_2007,33,3.61336015881597,7.90547077176452,28.565313123378
initial_2003_2007,34,3.48005867740542,7.40691570087657,25.776501257646
initial_2003_2007,35,3.20311505680873,7.80947680797887,25.0146527494357
initial_2003_2007,36,3.27519559627178,6.84413703889377,22.4158874900655
initial_2003_2007,37,3.75933443980606,6.76924735740983,25.447864722277
initial_2003_2007,38,3.67082448413618,6.92494004663026,25.4202394743455
initial_2003_2007,39,3.42554931050516,8.39844397110211,28.7692839545251
initial_2003_2007,40,2.95807793092967,7.60173576728303,22.4865268099587
initial_2003_2007,41,3.30361136422022,7.40691570087657,24.469570883237
initial_2003_2007,42,3.62675910364483,7.54958131274561,27.380512754707
initial_2003_2007,43,3.42067039106145,6.57349969497263,22.4857757722444
initial_2003_2007,44,3.43842425105748,7.39299098025137,25.4202394743455
initial_2003_2007,45,3.0763133640553,7.50908240923532,23.1002905673232
initial_2003_2007,46,3.86492336569754,7.11012755224798,27.4800981097731
initial_2003_2007,47,3.22293644028561,7.59232188924848,24.469570883237
initial_2003_2007,48,3.32708631903869,7.69934194431794,25.616375248541
initial_2003_2007,49,3.1651056144188,8.143962444798,25.776501257646
initial_2003_2007,50,3.66112570628594,6.80812395232487,24.9253976134376
initial_2003_2007,51,3.67217783505155,7.83439289892703,28.7692839545251
initial_2003_2007,52,3.66713774869375,7.3659936959381,27.0121135390148
initial_2003_2007,53,3.31363316417569,8.29304173040806,27.4800981097731
initial_2003_2007,54,3.10820831434278,8.29304173040806,25.776501257646
initial_2003_2007,55,3.29049685426797,7.11012755224798,23.395852344116
initial_2003_2007,56,2.97737481785839,7.60173576728303,22.6332166455219
initial_2003_2007,57,3.23187122718856,7.60173576728303,24.5678311029722
initial_2003_2007,58,3.19019830483321,7.09461120684321,22.6332166455219
initial_2003_2007,59,3.61440051294576,7.3659936959381,26.6236513929539
initial_2003_2007,60,3.87326168208333,6.65498573899128,25.776501257646
initial_2003_2007,61,3.93345859325427,6.98624313902793,27.4800981097731
initial_2003_2007,62,3.66077015615382,7.09461120684321,25.971740975526
initial_2003_2007,63,3.4327098642497,7.50908240923532,25.776501257646
initial_2003_2007,64,3.73300995120596,6.62293219238287,24.7234717803275
initial_2003_2007,65,3.46811728746861,7.76342531060748,26.9244695296892
initial_2003_2007,66,3.45695279735788,7.82509783666848,27.0509938560702
initial_2003_2007,67,3.81086813944732,6.98624313902793,26.6236513929539
initial_2003_2007,68,3.67881112120883,6.96322110718304,25.616375248541
initial_2003_2007,69,3.9282139817966,6.99557056644986,27.4800981097731
initial_2003_2007,70,3.58311179593513,7.54958131274561,27.0509938560702
initial_2003_2007,71,3.68510291123677,7.43899950409728,27.4134787292378
initial_2003_2007,72,3.74702115353064,7.10528451857492,26.6236513929539
initial_2003_2007,73,3.12163003890775,7.92005185501681,24.7234717803275
initial_2003_2007,74,4.13915158690695,6.43215181516193,26.6236513929539
initial_2003_2007,75,3.49214462025974,6.61492952877909,23.1002905673232
initial_2003_2007,76,3.56635267762914,7.54958131274561,26.9244695296892
initial_2003_2007,77,3.86012949330607,6.89708763374975,26.6236513929539
initial_2003_2007,78,3.36768571503595,8.03251732645172,27.0509938560702
initial_2003_2007,79,3.70979084452214,8.63246235438753,32.0246298079889
initial_2003_2007,80,3.19463103180116,7.95717540501489,25.4202394743455
initial_2003_2007,81,3.69661460457376,7.40691570087657,27.380512754707
initial_2003_2007,82,3.26393973408676,7.95717540501489,25.971740975526
initial_2003_2007,83,3.32708660875143,6.75862382145721,22.4865268099587
initial_2003_2007,84,3.77697551821615,6.62293219238287,25.0146527494357
initial_2003_2007,85,3.27361724840071,7.82509783666848,25.616375248541
initial_2003_2007,86,3.79910393175359,7.11012755224798,27.0121135390148
initial_2003_2007,87,3.35178949121135,7.59232188924848,25.447864722277
initial_2003_2007,88,3.40137675060942,8.29304173040806,28.2077593336437
initial_2003_2007,89,3.53887937884847,6.98624313902793,24.7234717803275
initial_2003_2007,90,3.32563676111859,7.2689962941498,24.1740412922593
initial_2003_2007,91,3.65900539150264,7.39299098025137,27.0509938560702
initial_2003_2007,92,3.71250975177305,7.40202718569262,27.4800981097731
initial_2003_2007,93,3.16465522435606,7.10528451857492,22.4857757722444
initial_2003_2007,94,3.99081377730351,6.74661135100154,26.9244695296892
initial_2003_2007,95,3.52593519684174,7.7654611404181,27.380512754707
initial_2003_2007,96,3.49086650995956,6.92494004663026,24.1740412922593
initial_2003_2007,97,3.31869470534235,7.82589038205815,25.971740975526
initial_2003_2007,98,3.48005867740542,7.40691570087657,25.776501257646
initial_2003_2007,99,3.25023890157046,8.19129060946562,26.6236513929539
initial_2003_2007,100,3.50836652461572,7.69934194431794,27.0121135390148
initial_2003_2007,101,3.59792398705282,7.40691570087657,26.6495196702619
initial_2003_2007,102,3.89200742343277,6.62293219238287,25.776501257646
initial_2003_2007,103,3.78456774021858,7.60173576728303,28.7692839545251
initial_2003_2007,104,3.71704742818971,7.39299098025137,27.4800981097731
initial_2003_2007,105,3.60634245414182,7.59232188924848,27.380512754707
initial_2003_2007,106,3.6350446821614,7.40691570087657,26.9244695296892
initial_2003_2007,107,3.39308554837261,7.54958131274561,25.616375248541
initial_2003_2007,108,3.77967822950471,6.81976075540794,25.776501257646
initial_2003_2007,109,3.2482242147649,7.83439289892703,25.447864722277
initial_2003_2007,110,3.5449462777792,7.95717540501489,28.2077593336437
initial_2003_2007,111,3.64586013446899,6.71160438983788,24.469570883237
initial_2003_2007,112,3.78369500771553,7.54958131274561,28.565313123378
initial_2003_2007,113,3.7785516196021,6.77941651389654,25.616375248541
initial_2003_2007,114,3.90374473392781,6.89708763374975,26.9244695296892
initial_2003_2007,115,4.00692864004403,7.60173576728303,30.4596127599734
initial_2003_2007,116,3.43449591867686,7.56202411954871,25.971740975526
initial_2003_2007,117,3.61068062811284,7.09461120684321,25.616375248541
initial_2003_2007,118,3.51006188344049,7.59232188924848,26.6495196702619
initial_2003_2007,119,4.03688130217802,6.2969994833959,25.4202394743455
initial_2003_2007,120,4.13419795935669,6.62293219238287,27.380512754707
initial_2003_2007,121,3.43197879682907,9.08305398780184,31.1728486965896
initial_2003_2007,122,3.23187122718856,7.60173576728303,24.5678311029722
initial_2003_2007,123,3.58961706397146,6.84413703889377,24.5678311029722
initial_2003_2007,124,3.59779827351756,8.04782202419267,28.9544401842169
initial_2003_2007,125,3.27852309164674,7.59232188924848,24.8916026331161
initial_2003_2007,126,3.7201230418481,7.36897097780377,27.4134787292378
initial_2003_2007,127,3.36515205789203,7.40691570087657,24.9253976134376
initial_2003_2007,128,3.51482792559373,6.89708763374975,24.2420762203708
initial_2003_2007,129,3.53110613324013,7.76342531060748,27.4134787292378
initial_2003_2007,130,3.81364760432767,7.59232188924848,28.9544401842169
initial_2003_2007,131,3.38812637633377,8.43100579804465,28.565313123378
initial_2003_2007,132,3.53208025422101,6.84413703889377,24.1740412922593
initial_2003_2007,133,3.09199899969456,7.94561418208709,24.5678311029722
initial_2003_2007,134,3.73963273241822,8.33580485761547,31.1728486965896
initial_2003_2007,135,4.00407532693109,6.48632676834079,25.971740975526
initial_2003_2007,136,3.60030016125485,7.40202718569262,26.6495196702619
initial_2003_2007,137,3.61235779468314,6.84413703889377,24.7234717803275
initial_2003_2007,138,3.49129489270986,7.43899950409728,25.971740975526
initial_2003_2007,139,3.70106530657471,7.40691570087657,27.4134787292378
initial_2003_2007,140,4.00244111385353,6.75862382145721,27.0509938560702
initial_2003_2007,141,3.6740468148374,7.06897388205312,25.971740975526
initial_2003_2007,142,3.51817215171153,7.11012755224798,25.0146527494357
initial_2003_2007,143,3.6766287426573,6.77941651389654,24.9253976134376
initial_2003_2007,144,4.22685177331747,6.50131577436537,27.4800981097731
initial_2003_2007,145,3.70180708911508,6.96322110718304,25.776501257646
initial_2003_2007,146,3.16466662208554,8.03251732645172,25.4202394743455
initial_2003_2007,147,3.85065147371093,7.11012755224798,27.3786231373364
initial_2003_2007,148,3.49129489270986,7.43899950409728,25.971740975526
initial_2003_2007,149,3.63114872156356,7.43899950409728,27.0121135390148
initial_2003_2007,150,3.5117897160341,7.82509783666848,27.4800981097731
initial_2003_2007,151,3.69635948929407,7.40691570087657,27.3786231373364
initial_2003_2007,152,3.29273969014944,7.10528451857492,23.395852344116
initial_2003_2007,153,3.64952881153131,6.96534834689506,25.4202394743455
initial_2003_2007,154,3.83672506029737,6.76924735740983,25.971740975526
initial_2003_2007,155,3.39216215074193,6.76924735740983,22.9623846748155
initial_2003_2007,156,3.47350264057161,8.33580485761547,28.9544401842169
initial_2003_2007,157,3.78482683493849,8.04782202419267,30.4596127599734
initial_2003_2007,158,3.75003750465894,7.54958131274561,28.3112130672683
initial_2003_2007,159,3.1396196719544,7.82509783666848,24.5678311029722
initial_2003_2007,160,3.42936282193901,7.06897388205312,24.2420762203708
initial_2003_2007,161,3.60050353582687,7.83439289892703,28.2077593336437
initial_2003_2007,162,4.37585328765262,5.93524034473703,25.971740975526
initial_2003_2007,163,3.22922041769559,6.96322110718304,22.4857757722444
initial_2003_2007,164,3.72390096625303,6.921908367392,25.776501257646
initial_2003_2007,165,3.32349421003594,7.43899950409728,24.7234717803275
initial_2003_2007,166,3.90240842630402,6.921908367392,27.0121135390148
initial_2003_2007,167,3.80284124604621,6.50131577436537,24.7234717803275
initial_2003_2007,168,3.30559999821548,8.29304173040806,27.4134787292378
initial_2003_2007,169,3.55819477434679,6.99557056644986,24.8916026331161
initial_2003_2007,170,3.64642757035614,7.06897388205312,25.776501257646
initial_2003_2007,171,3.18553963091366,8.35765819222217,26.6236513929539
initial_2003_2007,172,3.46495421365576,7.39299098025137,25.616375248541
initial_2003_2007,173,3.3646349879887,7.20496467132744,24.2420762203708
initial_2003_2007,174,3.61440051294576,7.3659936959381,26.6236513929539
initial_2003_2007,175,3.41973838008271,7.06897388205312,24.1740412922593
initial_2003_2007,176,3.84628775474314,6.921908367392,26.6236513929539
initial_2003_2007,177,3.27328572187388,7.82589038205815,25.616375248541
initial_2003_2007,178,3.73018637440251,7.56202411954871,28.2077593336437
initial_2003_2007,179,3.68067140475359,7.43899950409728,27.380512754707
initial_2003_2007,180,3.54781208861248,6.89708763374975,24.469570883237
initial_2003_2007,181,3.56302568556417,6.99557056644986,24.9253976134376
initial_2003_2007,182,4.08431654676259,7.20496467132744,29.4273564259425
initial_2003_2007,183,3.25182482379086,7.8172228984683,25.4202394743455
initial_2003_2007,184,3.80788289992538,6.76924735740983,25.776501257646
initial_2003_2007,185,3.48543995410394,8.04782202419267,28.0502004266388
initial_2003_2007,186,3.36691911292847,7.39299098025137,24.8916026331161
initial_2003_2007,187,3.4585240964412,7.94561418208709,27.4800981097731
initial_2003_2007,188,3.40867747181746,7.56202411954871,25.776501257646
initial_2003_2007,189,3.66713774869375,7.3659936959381,27.0121135390148
initial_2003_2007,190,3.66352853407934,8.03251732645172,29.4273564259425
initial_2003_2007,191,4.12247595069351,6.16625537137922,25.4202394743455
initial_2003_2007,192,3.36768571503595,8.03251732645172,27.0509938560702
initial_2003_2007,193,4.18770119335797,7.40202718569262,30.9974780787931
initial_2003_2007,194,3.18425699083205,7.56202411954871,24.0794281675135
initial_2003_2007,195,4.04972700987997,6.96534834689506,28.2077593336437
initial_2003_2007,196,3.56041160387087,6.9439925859831,24.7234717803275
initial_2003_2007,197,3.9538988887031,6.92494004663026,27.380512754707
initial_2003_2007,198,3.64642757035614,7.06897388205312,25.776501257646
initial_2003_2007,199,3.20626548684712,7.76342531060748,24.8916026331161
initial_2003_2007,200,3.29247575574886,7.50908240923532,24.7234717803275
initial_2003_2007,201,3.03878885756441,8.19129060946562,24.8916026331161
initial_2003_2007,202,3.97066306688343,6.71160438983788,26.6495196702619
initial_2003_2007,203,3.5789290452688,7.43899950409728,26.6236513929539
initial_2003_2007,204,3.52514541893353,7.95717540501489,28.0502004266388
initial_2003_2007,205,3.07846044814779,7.94863903415082,24.469570883237
initial_2003_2007,206,4.07619234173505,6.6052990812079,26.9244695296892
initial_2003_2007,207,3.51593508651872,7.28579300191372,25.616375248541
initial_2003_2007,208,3.31936663563342,7.50908240923532,24.9253976134376
initial_2003_2007,209,3.26868891193808,7.94561418208709,25.971740975526
initial_2003_2007,210,3.51593508651872,7.28579300191372,25.616375248541
initial_2003_2007,211,3.70574621426658,7.76342531060748,28.7692839545251
initial_2003_2007,212,3.25505025488697,7.80947680797887,25.4202394743455
initial_2003_2007,213,3.29663404784094,8.33580485761547,27.4800981097731
initial_2003_2007,214,3.38356327178762,7.39299098025137,25.0146527494357
initial_2003_2007,215,3.13033267311263,8.23442871712904,25.776501257646
initial_2003_2007,216,3.67947291053964,7.76342531060748,28.565313123378
initial_2003_2007,217,3.80716546752665,7.10528451857492,27.0509938560702
initial_2003_2007,218,2.88348811859744,8.63246235438753,24.8916026331161
initial_2003_2007,219,3.09668037791867,8.84128156478905,27.3786231373364
initial_2003_2007,220,3.71259795449483,6.99557056644986,25.971740975526
initial_2003_2007,221,3.48441477489444,7.76342531060748,27.0509938560702
initial_2003_2007,222,3.20588785521849,8.39844397110211,26.9244695296892
initial_2003_2007,223,3.56635267762914,7.54958131274561,26.9244695296892
initial_2003_2007,224,3.29612775883676,7.56202411954871,24.9253976134376
initial_2003_2007,225,3.37789397028332,7.36897097780377,24.8916026331161
initial_2003_2007,226,3.467659235064,7.90547077176452,27.4134787292378
initial_2003_2007,227,3.74810711543934,7.11012755224798,26.6495196702619
initial_2003_2007,228,3.88581079092309,7.28579300191372,28.3112130672683
initial_2003_2007,229,3.42936916731549,7.76342531060748,26.6236513929539
initial_2003_2007,230,3.64820579811625,7.53249669302166,27.4800981097731
initial_2003_2007,231,3.62526966370811,6.81976075540794,24.7234717803275
initial_2003_2007,232,4.13160569105691,6.96322110718304,28.7692839545251
initial_2003_2007,233,3.66668819546771,6.98624313902793,25.616375248541
initial_2003_2007,234,3.33496067235351,6.99557056644986,23.3299527197841
initial_2003_2007,235,3.61383760398732,6.921908367392,25.0146527494357
initial_2003_2007,236,3.56048448193736,7.56202411954871,26.9244695296892
initial_2003_2007,237,3.16762235687651,7.60173576728303,24.0794281675135
initial_2003_2007,238,3.21552507222434,7.90547077176452,25.4202394743455
initial_2003_2007,239,3.54188442665541,7.60173576728303,26.9244695296892
initial_2003_2007,240,3.85888220210182,7.2689962941498,28.0502004266388
initial_2003_2007,241,3.50665472056129,7.59232188924848,26.6236513929539
initial_2003_2007,242,3.50800837718414,7.10528451857492,24.9253976134376
initial_2003_2007,243,3.38001609315094,7.8767824351199,26.6236513929539
initial_2003_2007,244,3.80444223659022,7.56202411954871,28.7692839545251
initial_2003_2007,245,3.50292137902757,7.82589038205815,27.4134787292378
initial_2003_2007,246,3.41245903221511,7.80947680797887,26.6495196702619
initial_2003_2007,247,3.9282139817966,6.99557056644986,27.4800981097731
initial_2003_2007,248,3.42203950537756,7.53249669302166,25.776501257646
initial_2003_2007,249,3.68475647106824,7.54958131274561,27.8183685959952
initial_2003_2007,250,3.11567393578498,7.50908240923532,23.395852344116
initial_2003_2007,251,3.5449462777792,7.95717540501489,28.2077593336437
initial_2003_2007,252,4.20684858071365,5.92495715859809,24.9253976134376
initial_2003_2007,253,3.41740123378474,6.62293219238287,22.6332166455219
initial_2003_2007,254,3.4171583773254,7.43899950409728,25.4202394743455
initial_2003_2007,255,4.06471097605643,7.8767824351199,32.0168440200403
initial_2003_2007,256,3.83126491182759,7.50908240923532,28.7692839545251
initial_2003_2007,257,3.87643175816816,7.36897097780377,28.565313123378
initial_2003_2007,258,3.72070723847553,6.88481345257272,25.616375248541
initial_2003_2007,259,4.42514791666667,6.50131577436537,28.7692839545251
initial_2003_2007,260,3.22325673459088,8.75132254620855,28.2077593336437
initial_2003_2007,261,3.45163453872847,7.82589038205815,27.0121135390148
initial_2003_2007,262,3.2471799984609,6.92494004663026,22.4865268099587
initial_2003_2007,263,3.94646352410459,6.96322110718304,27.4800981097731
initial_2003_2007,264,4.01429459666464,7.7654611404181,31.1728486965896
initial_2003_2007,265,3.35868875600084,8.39844397110211,28.2077593336437
initial_2003_2007,266,3.372018817515,7.28579300191372,24.5678311029722
initial_2003_2007,267,3.64674250534561,7.76342531060748,28.3112130672683
initial_2003_2007,268,4.03456669298744,6.6052990812079,26.6495196702619
initial_2003_2007,269,3.31232412714956,8.39844397110211,27.8183685959952
initial_2003_2007,270,3.11088675711704,8.23442871712904,25.616375248541
initial_2003_2007,271,4.19507543723149,6.68645912244913,28.0502004266388
initial_2003_2007,272,3.48029539677073,7.46251050977584,25.971740975526
initial_2003_2007,273,3.16597158409997,7.36897097780377,23.3299527197841
initial_2003_2007,274,3.88999390889712,6.84413703889377,26.6236513929539
initial_2003_2007,275,3.8668745599972,6.99557056644986,27.0509938560702
initial_2003_2007,276,3.88483913402738,6.96322110718304,27.0509938560702
initial_2003_2007,277,3.61939746300211,7.94863903415082,28.7692839545251
initial_2003_2007,278,3.98372068648201,6.75862382145721,26.9244695296892
initial_2003_2007,279,3.89478986116055,7.2689962941498,28.3112130672683
initial_2003_2007,280,3.61135313149081,6.39657483669759,23.1002905673232
initial_2003_2007,281,3.49906331220571,7.82509783666848,27.380512754707
initial_2003_2007,282,3.40199646215235,7.82589038205815,26.6236513929539
initial_2003_2007,283,3.26744501340923,7.94863903415082,25.971740975526
initial_2003_2007,284,3.3046690116024,7.69221951883754,25.4202394743455
initial_2003_2007,285,3.63957801900781,7.13592093365985,25.971740975526
initial_2003_2007,286,4.1125,6.99557056644986,28.7692839545251
initial_2003_2007,287,3.57294734025776,7.2689962941498,25.971740975526
initial_2003_2007,288,3.5256918606977,7.7654611404181,27.3786231373364
initial_2003_2007,289,3.46766328871367,6.9439925859831,24.0794281675135
initial_2003_2007,290,3.49208091145565,8.03251732645172,28.0502004266388
initial_2003_2007,291,3.48901478091246,7.28579300191372,25.4202394743455
initial_2003_2007,292,3.14446411202871,6.98624313902793,21.9679908285801
initial_2003_2007,293,3.08537221640207,7.09461120684321,21.8895163037688
initial_2003_2007,294,3.47300350511396,6.96055770075192,24.1740412922593
initial_2003_2007,295,4.02948125240052,6.81976075540794,27.4800981097731
initial_2003_2007,296,3.83699777635627,7.13592093365985,27.380512754707
initial_2003_2007,297,3.66401332843764,7.59232188924848,27.8183685959952
initial_2003_2007,298,4.27314012290637,6.43089094187778,27.4800981097731
initial_2003_2007,299,3.79162168151745,6.71160438983788,25.447864722277
initial_2003_2007,300,3.70803627415026,7.39299098025137,27.4134787292378
initial_2003_2007,301,3.61339539878888,8.143962444798,29.4273564259425
initial_2003_2007,302,4.02710661831331,6.96534834689506,28.0502004266388
initial_2003_2007,303,3.34879070701733,6.75862382145721,22.6332166455219
initial_2003_2007,304,3.27328572187388,7.82589038205815,25.616375248541
initial_2003_2007,305,3.18099570799918,7.82509783666848,24.8916026331161
initial_2003_2007,306,3.44512686146906,7.95717540501489,27.4134787292378
initial_2003_2007,307,4.07505710834283,7.10528451857492,28.9544401842169
initial_2003_2007,308,3.57294734025776,7.2689962941498,25.971740975526
initial_2003_2007,309,3.53865400648084,7.06897388205312,25.0146527494357
initial_2003_2007,310,3.95780693652011,7.2689962941498,28.7692839545251
initial_2003_2007,311,3.36515205789203,7.40691570087657,24.9253976134376
initial_2003_2007,312,3.58039235311781,7.83439289892703,28.0502004266388
initial_2003_2007,313,3.43267526591537,7.46251050977584,25.616375248541
initial_2003_2007,314,3.50087738285928,7.2689962941498,25.447864722277
initial_2003_2007,315,3.54608810000237,7.2689962941498,25.776501257646
initial_2003_2007,316,3.82698896385239,7.2689962941498,27.8183685959952
initial_2003_2007,317,3.88999746248873,6.9439925859831,27.0121135390148
initial_2003_2007,318,3.35173612845187,6.96055770075192,23.3299527197841
initial_2003_2007,319,3.40160622706474,7.83439289892703,26.6495196702619
initial_2003_2007,320,3.31232412714956,8.39844397110211,27.8183685959952
initial_2003_2007,321,3.16089447790946,8.43100579804465,26.6495196702619
initial_2003_2007,322,3.45888901435968,7.80947680797887,27.0121135390148
initial_2003_2007,323,3.51239728037566,7.92005185501681,27.8183685959952
initial_2003_2007,324,3.28016535273772,7.80947680797887,25.616375248541
initial_2003_2007,325,3.58464533123091,7.82509783666848,28.0502004266388
initial_2003_2007,326,3.65487859580297,6.81976075540794,24.9253976134376
initial_2003_2007,327,3.02697351202864,8.23442871712904,24.9253976134376
initial_2003_2007,328,3.63503455022523,6.75862382145721,24.5678311029722
initial_2003_2007,329,3.88073983440965,6.96055770075192,27.0121135390148
initial_2003_2007,330,3.56041160387087,6.9439925859831,24.7234717803275
initial_2003_2007,331,3.67881112120883,6.96322110718304,25.616375248541
initial_2003_2007,332,3.97334038649997,6.80812395232487,27.0509938560702
initial_2003_2007,333,3.87113645183438,7.60173576728303,29.4273564259425
initial_2003_2007,334,3.21061858859916,7.76342531060748,24.9253976134376
initial_2003_2007,335,3.1620809513155,8.04782202419267,25.447864722277
initial_2003_2007,336,3.72389150235212,7.53249669302166,28.0502004266388
initial_2003_2007,337,3.61068446901048,7.59232188924848,27.4134787292378
initial_2003_2007,338,3.16672805279871,8.65672020842147,27.4134787292378
initial_2003_2007,339,3.58048226362755,6.61492952877909,23.6846378529397
initial_2003_2007,340,3.71174098485995,8.39844397110211,31.1728486965896
initial_2003_2007,341,3.33149357128344,7.99150615881193,26.6236513929539
initial_2003_2007,342,4.09598913043478,7.06897388205312,28.9544401842169
initial_2003_2007,343,3.80174902871978,6.68645912244913,25.4202394743455
initial_2003_2007,344,3.42110660866911,8.03251732645172,27.4800981097731
initial_2003_2007,345,3.22834202828958,6.96534834689506,22.4865268099587
initial_2003_2007,346,3.65005115408886,6.62293219238287,24.1740412922593
initial_2003_2007,347,3.37398435185111,7.59232188924848,25.616375248541
initial_2003_2007,348,3.27435873436083,7.76342531060748,25.4202394743455
initial_2003_2007,349,3.85246091242302,8.29304173040806,31.94861911149
initial_2003_2007,350,3.29978472627416,8.65672020842147,28.565313123378
initial_2003_2007,351,3.84703489456128,6.61492952877909,25.447864722277
initial_2003_2007,352,4.05119643850863,6.75862382145721,27.380512754707
initial_2003_2007,353,3.36058943267983,7.40691570087657,24.8916026331161
initial_2003_2007,354,3.30793083359387,7.56202411954871,25.0146527494357
initial_2003_2007,355,3.63473417289393,7.53249669302166,27.3786231373364
initial_2003_2007,356,3.31372925678711,8.27269719549056,27.4134787292378
initial_2003_2007,357,3.61945904173107,7.59232188924848,27.4800981097731
initial_2003_2007,358,3.15404284470886,8.23442871712904,25.971740975526
initial_2003_2007,359,3.61294018841268,7.36897097780377,26.6236513929539
initial_2003_2007,360,3.75046437956732,6.92494004663026,25.971740975526
initial_2003_2007,361,3.32912939937326,8.23442871712904,27.4134787292378
initial_2003_2007,362,4.06455458707349,6.84413703889377,27.8183685959952
initial_2003_2007,363,4.33054896626216,7.59232188924848,32.8789217090146
initial_2003_2007,364,3.66668819546771,6.98624313902793,25.616375248541
initial_2003_2007,365,4.28664004080313,7.27209385436273,31.1728486965896
initial_2003_2007,366,3.44790012791735,6.50131577436537,22.4158874900655
initial_2003_2007,367,3.45888901435968,7.80947680797887,27.0121135390148
initial_2003_2007,368,3.42933345709499,7.8767824351199,27.0121135390148
initial_2003_2007,369,3.39609103403671,8.19129060946562,27.8183685959952
initial_2003_2007,370,3.25213695560846,7.8767824351199,25.616375248541
initial_2003_2007,371,3.59443153778612,7.40691570087657,26.6236513929539
initial_2003_2007,372,3.53887937884847,6.98624313902793,24.7234717803275
initial_2003_2007,373,3.27246581582821,7.8767824351199,25.776501257646
initial_2003_2007,374,3.50561891193598,7.11012755224798,24.9253976134376
initial_2003_2007,375,3.36481631157267,7.92005185501681,26.6495196702619
initial_2003_2007,376,4.00297707096688,7.43899950409728,29.7781444458354
initial_2003_2007,377,3.43180130431084,7.7654611404181,26.6495196702619
initial_2003_2007,378,3.79474297898101,6.84413703889377,25.971740975526
initial_2003_2007,379,3.86012949330607,6.89708763374975,26.6236513929539
initial_2003_2007,380,3.5951044776094,7.94561418208709,28.565313123378
initial_2003_2007,381,3.82864718833997,6.96055770075192,26.6495196702619
initial_2003_2007,382,3.54188442665541,7.60173576728303,26.9244695296892
initial_2003_2007,383,2.8282060347455,9.05746431972595,25.616375248541
initial_2003_2007,384,3.64186127071855,6.84413703889377,24.9253976134376
initial_2003_2007,385,3.50292137902757,7.82589038205815,27.4134787292378
initial_2003_2007,386,3.25858765548508,7.80947680797887,25.447864722277
initial_2003_2007,387,3.48661337833386,7.39299098025137,25.776501257646
initial_2003_2007,388,3.72070723847553,6.88481345257272,25.616375248541
initial_2003_2007,389,3.65241571561664,7.8767824351199,28.7692839545251
initial_2003_2007,390,3.63112570003807,7.54958131274561,27.4134787292378
initial_2003_2007,391,4.06979632893611,7.06897388205312,28.7692839545251
initial_2003_2007,392,3.49280644064314,7.28579300191372,25.447864722277
initial_2003_2007,393,3.56471024756045,7.28579300191372,25.971740975526
initial_2003_2007,394,3.85392678065818,6.98624313902793,26.9244695296892
initial_2003_2007,395,3.82784226380086,7.46251050977584,28.565313123378
initial_2003_2007,396,4.03982332716643,6.68645912244913,27.0121135390148
initial_2003_2007,397,3.36481631157267,7.92005185501681,26.6495196702619
initial_2003_2007,398,3.2940803802934,7.82509783666848,25.776501257646
initial_2003_2007,399,3.57207450174423,7.56202411954871,27.0121135390148
initial_2003_2007,400,3.40078147956876,7.53249669302166,25.616375248541
initial_2003_2007,401,3.51169604586514,8.03251732645172,28.2077593336437
initial_2003_2007,402,3.60478040305923,7.82509783666848,28.2077593336437
initial_2003_2007,403,3.42933345709499,7.8767824351199,27.0121135390148
initial_2003_2007,404,3.50641778904712,7.40691570087657,25.971740975526
initial_2003_2007,405,3.70462955124608,7.50908240923532,27.8183685959952
initial_2003_2007,406,3.22095306572848,8.39844397110211,27.0509938560702
initial_2003_2007,407,3.11366462846286,7.2689962941498,22.6332166455219
initial_2003_2007,408,4.0283368853106,6.96322110718304,28.0502004266388
initial_2003_2007,409,3.53018040185077,7.7654611404181,27.4134787292378
initial_2003_2007,410,3.70935082766078,7.56202411954871,28.0502004266388
initial_2003_2007,411,3.60609356883398,7.59232188924848,27.3786231373364
initial_2003_2007,412,3.12905374848893,6.99557056644986,21.8895163037688
initial_2003_2007,413,3.41009432267337,7.46251050977584,25.447864722277
initial_2003_2007,414,3.51881422859172,7.80947680797887,27.4800981097731
initial_2003_2007,415,3.47720384658504,6.92494004663026,24.0794281675135
initial_2003_2007,416,3.24853390322844,7.53249669302166,24.469570883237
initial_2003_2007,417,3.47849445777543,7.7654611404181,27.0121135390148
initial_2003_2007,418,3.57910101264375,7.11012755224798,25.447864722277
initial_2003_2007,419,3.77992892561983,7.46251050977584,28.2077593336437
initial_2003_2007,420,3.43946273690896,7.74064248676252,26.6236513929539
initial_2003_2007,421,3.48099194859795,7.99150615881193,27.8183685959952
initial_2003_2007,422,4.27519543281137,6.4040635258941,27.3786231373364
initial_2003_2007,423,3.59448637323996,6.92494004663026,24.8916026331161
initial_2003_2007,424,3.40078147956876,7.53249669302166,25.616375248541
initial_2003_2007,425,3.29108022909914,7.3659936959381,24.2420762203708
initial_2003_2007,426,4.77167964485129,6.96322110718304,33.2262604197442
initial_2003_2007,427,3.36500329361022,9.51465458617439,32.0168440200403
initial_2003_2007,428,3.33357581817062,7.27209385436273,24.2420762203708
initial_2003_2007,429,3.65212660012707,7.40691570087657,27.0509938560702
initial_2003_2007,430,3.4446793516561,7.94863903415082,27.380512754707
initial_2003_2007,431,2.74860799978034,8.23442871712904,22.6332166455219
initial_2003_2007,432,3.6748137241506,6.92494004663026,25.447864722277
initial_2003_2007,433,3.27174876556909,7.50908240923532,24.5678311029722
initial_2003_2007,434,3.51341634800797,7.69934194431794,27.0509938560702
initial_2003_2007,435,3.35063842922816,7.43899950409728,24.9253976134376
initial_2003_2007,436,3.51161501213852,7.69221951883754,27.0121135390148
initial_2003_2007,437,3.26991224468069,8.27269719549056,27.0509938560702
initial_2003_2007,438,3.62491869467166,7.46251050977584,27.0509938560702
initial_2003_2007,439,3.63114872156356,7.43899950409728,27.0121135390148
initial_2003_2007,440,3.01359920499902,7.76342531060748,23.395852344116
initial_2003_2007,441,3.63576546883684,6.62293219238287,24.0794281675135
initial_2003_2007,442,3.36481631157267,7.92005185501681,26.6495196702619
initial_2003_2007,443,3.45871034037178,7.50908240923532,25.971740975526
initial_2003_2007,444,3.57207450174423,7.56202411954871,27.0121135390148
initial_2003_2007,445,3.77173742138365,7.28579300191372,27.4800981097731
initial_2003_2007,446,3.55621466778906,7.69934194431794,27.380512754707
initial_2003_2007,447,3.4970769616163,7.2689962941498,25.4202394743455
initial_2003_2007,448,3.35063842922816,7.43899950409728,24.9253976134376
initial_2003_2007,449,3.4476662383043,7.80947680797887,26.9244695296892
initial_2003_2007,450,3.46504946578484,7.43899950409728,25.776501257646
initial_2003_2007,451,3.54608810000237,7.2689962941498,25.776501257646
initial_2003_2007,452,3.1651056144188,8.143962444798,25.776501257646
initial_2003_2007,453,3.49361007756207,6.77941651389654,23.6846378529397
initial_2003_2007,454,4.36190909905872,7.53249669302166,32.8560658639209
initial_2003_2007,455,4.19507543723149,6.68645912244913,28.0502004266388
initial_2003_2007,456,3.54217941352858,6.68645912244913,23.6846378529397
initial_2003_2007,457,3.64256786027315,6.98624313902793,25.447864722277
initial_2003_2007,458,3.44128016265022,7.2689962941498,25.0146527494357
initial_2003_2007,459,3.45703143163649,6.96534834689506,24.0794281675135
initial_2003_2007,460,4.27648985828085,6.96322110718304,29.7781444458354
initial_2003_2007,461,3.45013967466981,7.94561418208709,27.4134787292378
initial_2003_2007,462,3.66618974502847,7.2689962941498,26.6495196702619
initial_2003_2007,463,3.67881112120883,6.96322110718304,25.616375248541
initial_2003_2007,464,3.37100695851318,8.39844397110211,28.3112130672683
initial_2003_2007,465,3.3677502784583,7.90547077176452,26.6236513929539
initial_2003_2007,466,3.42847010776755,7.7654611404181,26.6236513929539
initial_2003_2007,467,3.57462471023281,7.92005185501681,28.3112130672683
initial_2003_2007,468,3.14703594438769,7.94863903415082,25.0146527494357
initial_2003_2007,469,3.44669197569095,6.98624313902793,24.0794281675135
initial_2003_2007,470,3.75572906718826,7.40691570087657,27.8183685959952
initial_2003_2007,471,3.46321924565132,8.03251732645172,27.8183685959952
initial_2003_2007,472,4.06696303079865,6.89708763374975,28.0502004266388
initial_2003_2007,473,3.43815145407429,8.23442871712904,28.3112130672683
initial_2003_2007,474,3.4053019361681,7.82589038205815,26.6495196702619
initial_2003_2007,475,3.3597318013958,6.9439925859831,23.3299527197841
initial_2003_2007,476,3.3983318934171,7.94863903415082,27.0121135390148
initial_2003_2007,477,3.48028893206576,7.8767824351199,27.4134787292378
initial_2003_2007,478,3.12819579387788,7.95717540501489,24.8916026331161
initial_2003_2007,479,3.49108613239378,6.9439925859831,24.2420762203708
initial_2003_2007,480,3.38566205972235,6.99557056644986,23.6846378529397
initial_2003_2007,481,3.57609313840286,6.96055770075192,24.8916026331161
initial_2003_2007,482,3.39216215074193,6.76924735740983,22.9623846748155
initial_2003_2007,483,3.3833002104312,7.8767824351199,26.6495196702619
initial_2003_2007,484,3.86707852040926,6.57349969497263,25.4202394743455
initial_2003_2007,485,3.22095306572848,8.39844397110211,27.0509938560702
initial_2003_2007,486,2.9511883346349,8.19129060946562,24.1740412922593
initial_2003_2007,487,3.65583972355892,7.92005185501681,28.9544401842169
initial_2003_2007,488,4.12679735229444,6.921908367392,28.565313123378
initial_2003_2007,489,3.87128103797424,6.57349969497263,25.447864722277
initial_2003_2007,490,3.72984579632756,6.96322110718304,25.971740975526
initial_2003_2007,491,3.63473417289393,7.53249669302166,27.3786231373364
initial_2003_2007,492,3.70401475529137,7.2689962941498,26.9244695296892
initial_2003_2007,493,3.52070437386317,7.56202411954871,26.6236513929539
initial_2003_2007,494,3.45660270403072,7.82589038205815,27.0509938560702
initial_2003_2007,495,3.58055857084245,6.98624313902793,25.0146527494357
initial_2003_2007,496,3.65527107431513,7.10528451857492,25.971740975526
initial_2003_2007,497,3.92244738711466,7.7654611404181,30.4596127599734
initial_2003_2007,498,3.5772160242309,7.56202411954871,27.0509938560702
initial_2003_2007,499,3.47958927129441,7.10528451857492,24.7234717803275
initial_2007,1,3.11897908434024,8.63246235438753,26.9244695296892
initial_2007,2,3.31903083100408,7.82509783666848,25.971740975526
initial_2007,3,4.33671644298826,7.92005185501681,34.3470191089711
initial_2007,4,4.31749544548645,6.89708763374975,29.7781444458354
initial_2007,5,3.10062274664045,8.84128156478905,27.4134787292378
initial_2007,6,3.8997626732317,8.43100579804465,32.8789217090146
initial_2007,7,3.79808067228847,8.65672020842147,32.8789217090146
initial_2007,8,3.32840394351186,8.84128156478905,29.4273564259425
initial_2007,9,3.76560982760863,6.89708763374975,25.971740975526
initial_2007,10,3.06560336636351,9.59920541216326,29.4273564259425
initial_2007,11,3.61339539878888,8.143962444798,29.4273564259425
initial_2007,12,5.55336056276677,6.37232691019979,35.3878289561609
initial_2007,13,3.37568678915136,8.65672020842147,29.2223760449479
initial_2007,14,3.78437111745604,8.68808071104738,32.8789217090146
initial_2007,15,4.31749544548645,6.89708763374975,29.7781444458354
initial_2007,16,3.60621305034333,7.60173576728303,27.4134787292378
initial_2007,17,2.87335059810088,7.82589038205815,22.4865268099587
initial_2007,18,2.78940436447718,8.63246235438753,24.0794281675135
initial_2007,19,4.68357291067723,7.20496467132744,33.7449773570157
initial_2007,20,4.21640579449972,5.91152721731685,24.9253976134376
initial_2007,21,3.50390578626208,8.39844397110211,29.4273564259425
initial_2007,22,2.55386066472523,9.7598893932294,24.9253976134376
initial_2007,23,3.72390096625303,6.921908367392,25.776501257646
initial_2007,24,4.09345773738971,6.2969994833959,25.776501257646
initial_2007,25,4.21748250213389,8.143962444798,34.3470191089711
initial_2007,26,5.1051100787348,7.99150615881193,40.797518635622
initial_2007,27,3.44078375653284,7.82509783666848,26.9244695296892
initial_2007,28,4.08544344173825,8.04782202419267,32.8789217090146
initial_2007,29,4.63048506264054,6.43089094187778,29.7781444458354
initial_2007,30,3.59073852681195,8.29304173040806,29.7781444458354
initial_2007,31,3.20291641392651,8.04782202419267,25.776501257646
initial_2007,32,3.18907916773556,8.143962444798,25.971740975526
initial_2007,33,2.82423586159374,8.559498029537,24.1740412922593
initial_2007,34,2.98919376466644,9.30631159639777,27.8183685959952
initial_2007,35,3.40580217257315,7.90547077176452,26.9244695296892
initial_2007,36,3.87588560258798,6.43089094187778,24.9253976134376
initial_2007,37,3.0889828648356,7.82589038205815,24.1740412922593
initial_2007,38,3.1552974288533,8.68808071104738,27.4134787292378
initial_2007,39,2.86469306285741,8.143962444798,23.3299527197841
initial_2007,40,3.18907916773556,8.143962444798,25.971740975526
initial_2007,41,3.54470518237605,6.81976075540794,24.1740412922593
initial_2007,42,3.61339539878888,8.143962444798,29.4273564259425
initial_2007,43,3.65646878257112,8.143962444798,29.7781444458354
initial_2007,44,3.68232919316393,7.99150615881193,29.4273564259425
initial_2007,45,3.37102247793318,7.90547077176452,26.6495196702619
initial_2007,46,3.38709519451448,8.68808071104738,29.4273564259425
initial_2007,47,3.39609103403671,8.19129060946562,27.8183685959952
initial_2007,48,3.39087045995271,7.60173576728303,25.776501257646
initial_2007,49,3.27923875385673,7.92005185501681,25.971740975526
initial_2007,50,3.31232412714956,8.39844397110211,27.8183685959952
initial_2007,51,4.29794064177726,7.99150615881193,34.3470191089711
initial_2007,52,4.32017744740588,8.19129060946562,35.3878289561609
initial_2007,53,3.16672805279871,8.65672020842147,27.4134787292378
initial_2007,54,3.28528707844796,7.90547077176452,25.971740975526
initial_2007,55,4.14317330126497,6.43215181516193,26.6495196702619
initial_2007,56,4.14317330126497,6.43215181516193,26.6495196702619
initial_2007,57,3.26411402202167,8.39844397110211,27.4134787292378
initial_2007,58,3.31869470534235,7.82589038205815,25.971740975526
initial_2007,59,3.45778252132328,8.61191942009106,29.7781444458354
initial_2007,60,3.80875355828266,8.63246235438753,32.8789217090146
initial_2007,61,2.87839525695937,8.39844397110211,24.1740412922593
initial_2007,62,3.43988759355611,8.65672020842147,29.7781444458354
initial_2007,63,3.71555097929092,7.92005185501681,29.4273564259425
initial_2007,64,4.26070156796266,7.92005185501681,33.7449773570157
initial_2007,65,3.2940803802934,7.82509783666848,25.776501257646
initial_2007,66,4.35341924380372,6.2969994833959,27.4134787292378
initial_2007,67,4.2678651448454,8.04782202419267,34.3470191089711
initial_2007,68,4.3119665251612,7.82589038205815,33.7449773570157
initial_2007,69,3.92812214646618,6.56204168213939,25.776501257646
initial_2007,70,3.86699431016573,9.59920541216326,37.1200727109474
initial_2007,71,3.11898622338585,7.99150615881193,24.9253976134376
initial_2007,72,4.3447152105914,7.90547077176452,34.3470191089711
initial_2007,73,3.76063750769296,7.82509783666848,29.4273564259425
initial_2007,74,3.70014947600965,8.04782202419267,29.7781444458354
initial_2007,75,4.21748250213389,8.143962444798,34.3470191089711
initial_2007,76,3.16672805279871,8.65672020842147,27.4134787292378
initial_2007,77,3.07689310633825,7.82589038205815,24.0794281675135
initial_2007,78,4.17758375474083,6.56204168213939,27.4134787292378
initial_2007,79,3.07847764842124,8.65672020842147,26.6495196702619
initial_2007,80,3.42517117795535,9.59920541216326,32.8789217090146
initial_2007,81,4.21748250213389,8.143962444798,34.3470191089711
initial_2007,82,3.16089447790946,8.43100579804465,26.6495196702619
initial_2007,83,4.31240325186561,7.82509783666848,33.7449773570157
initial_2007,84,3.20588785521849,8.39844397110211,26.9244695296892
initial_2007,85,3.17484040936265,9.26892461717472,29.4273564259425
initial_2007,86,3.44078375653284,7.82509783666848,26.9244695296892
initial_2007,87,4.21421286324294,6.11656366067146,25.776501257646
initial_2007,88,3.40632268542094,8.04782202419267,27.4134787292378
initial_2007,89,3.50327616362545,7.82509783666848,27.4134787292378
initial_2007,90,4.13433461098362,8.559498029537,35.3878289561609
initial_2007,91,4.21361731743709,8.39844397110211,35.3878289561609
initial_2007,92,3.95334945096642,8.68808071104738,34.3470191089711
initial_2007,93,2.74517507460593,8.19129060946562,22.4865268099587
initial_2007,94,3.18850496065686,7.82589038205815,24.9528903047492
initial_2007,95,3.86388010206757,6.89708763374975,26.6495196702619
initial_2007,96,3.91488254516509,8.39844397110211,32.8789217090146
initial_2007,97,3.40632268542094,8.04782202419267,27.4134787292378
initial_2007,98,3.10062274664045,8.84128156478905,27.4134787292378
initial_2007,99,3.25150751712157,8.43100579804465,27.4134787292378
initial_2007,100,3.18320195440796,8.61191942009106,27.4134787292378
initial_2007,101,3.25,8.559498029537,27.8183685959952
initial_2007,102,3.01145010708534,8.559498029537,25.776501257646
initial_2007,103,4.53793893551237,6.56204168213939,29.7781444458354
initial_2007,104,3.30428663625515,10.2124848936411,33.7449773570157
initial_2007,105,4.33671644298826,7.92005185501681,34.3470191089711
initial_2007,106,4.19734368636874,8.43100579804465,35.3878289561609
initial_2007,107,4.20172659758241,7.82509783666848,32.8789217090146
initial_2007,108,3.78437111745604,8.68808071104738,32.8789217090146
initial_2007,109,3.1651056144188,8.143962444798,25.776501257646
initial_2007,110,3.31139525577858,8.04782202419267,26.6495196702619
initial_2007,111,4.18591947196,6.43215181516193,26.9244695296892
initial_2007,112,3.5084254820137,9.78986707429145,34.3470191089711
initial_2007,113,2.72918156947562,8.29304173040806,22.6332166455219
initial_2007,114,3.39936554693253,8.65672020842147,29.4273564259425
initial_2007,115,4.03335002731743,6.89708763374975,27.8183685959952
initial_2007,116,3.06736557320141,8.68808071104738,26.6495196702619
initial_2007,117,4.34386206250373,6.4040635258941,27.8183685959952
initial_2007,118,3.26059029270088,7.90547077176452,25.776501257646
initial_2007,119,4.25133573922621,6.921908367392,29.4273564259425
initial_2007,120,4.50165709495193,6.61492952877909,29.7781444458354
initial_2007,121,3.91150641903525,6.37232691019979,24.9253976134376
initial_2007,122,3.1552974288533,8.68808071104738,27.4134787292378
initial_2007,123,2.89429062181982,8.61191942009106,24.9253976134376
initial_2007,124,3.24663379311904,8.29304173040806,26.9244695296892
initial_2007,125,3.50292137902757,7.82589038205815,27.4134787292378
initial_2007,126,4.26856013149027,7.90547077176452,33.7449773570157
initial_2007,127,4.32489303663846,6.43215181516193,27.8183685959952
initial_2007,128,3.89812498782019,8.65672020842147,33.7449773570157
initial_2007,129,4.20427895832437,6.4040635258941,26.9244695296892
initial_2007,130,3.49037316909063,8.43100579804465,29.4273564259425
initial_2007,131,2.86472819216182,9.56931230133586,27.4134787292378
initial_2007,132,3.08929572471025,7.82509783666848,24.1740412922593
initial_2007,133,3.29953142748959,8.43100579804465,27.8183685959952
initial_2007,134,4.32518607796414,7.60173576728303,32.8789217090146
initial_2007,135,4.86844347542791,6.11656366067146,29.7781444458354
initial_2007,136,3.53198006965452,8.43100579804465,29.7781444458354
initial_2007,137,4.01273754494094,8.559498029537,34.3470191089711
initial_2007,138,3.70560993077107,9.26892461717472,34.3470191089711
initial_2007,139,3.41704967156223,8.61191942009106,29.4273564259425
initial_2007,140,3.02496686004597,7.99150615881193,24.1740412922593
initial_2007,141,4.19103310462726,6.921908367392,29.0099471149363
initial_2007,142,4.31240325186561,7.82509783666848,33.7449773570157
initial_2007,143,2.80704452898884,8.61191942009106,24.1740412922593
initial_2007,144,3.50390578626208,8.39844397110211,29.4273564259425
initial_2007,145,4.62957736408554,6.43215181516193,29.7781444458354
initial_2007,146,4.36645001398648,6.81976075540794,29.7781444458354
initial_2007,147,4.38934053297335,7.82509783666848,34.3470191089711
initial_2007,148,4.18674018468542,6.43089094187778,26.9244695296892
initial_2007,149,4.53165129656767,8.19129060946562,37.1200727109474
initial_2007,150,3.14641812865497,8.84128156478905,27.8183685959952
initial_2007,151,4.21361731743709,8.39844397110211,35.3878289561609
initial_2007,152,3.80508069907363,7.82589038205815,29.7781444458354
initial_2007,153,3.4566331750839,8.04782202419267,27.8183685959952
initial_2007,154,3.29953142748959,8.43100579804465,27.8183685959952
initial_2007,155,4.20130107934986,7.82589038205815,32.8789217090146
initial_2007,156,3.25,8.559498029537,27.8183685959952
initial_2007,157,2.7305145167679,9.7598893932294,26.6495196702619
initial_2007,158,3.36913580426896,7.99150615881193,26.9244695296892
initial_2007,159,3.92812214646618,6.56204168213939,25.776501257646
initial_2007,160,2.74517507460593,8.19129060946562,22.4865268099587
initial_2007,161,4.34528390768368,8.143962444798,35.3878289561609
initial_2007,162,4.26717121492402,8.29304173040806,35.3878289561609
initial_2007,163,3.50327616362545,7.82509783666848,27.4134787292378
initial_2007,164,4.16134530247985,6.4040635258941,26.6495196702619
initial_2007,165,3.16672805279871,8.65672020842147,27.4134787292378
initial_2007,166,3.20588785521849,8.39844397110211,26.9244695296892
initial_2007,167,3.20291641392651,8.04782202419267,25.776501257646
initial_2007,168,4.15135182330758,7.92005185501681,32.8789217090146
initial_2007,169,3.3112097629306,7.27209385436273,24.0794281675135
initial_2007,170,3.25458743572725,7.92005185501681,25.776501257646
initial_2007,171,4.03721430837592,8.143962444798,32.8789217090146
initial_2007,172,3.35442284029438,8.29304173040806,27.8183685959952
initial_2007,173,2.84814125539932,8.19129060946562,23.3299527197841
initial_2007,174,4.07314689321007,8.68808071104738,35.3878289561609
initial_2007,175,3.27230385096931,8.143962444798,26.6495196702619
initial_2007,176,3.41599285342505,6.56204168213939,22.4158874900655
initial_2007,177,2.89058779295651,8.63246235438753,24.9528903047492
initial_2007,178,3.76025665953723,7.82589038205815,29.4273564259425
initial_2007,179,3.92623093904972,6.61492952877909,25.971740975526
initial_2007,180,4.23928556743421,6.56204168213939,27.8183685959952
initial_2007,181,3.25150751712157,8.43100579804465,27.4134787292378
initial_2007,182,4.50165709495193,6.61492952877909,29.7781444458354
initial_2007,183,4.96207364876056,6.921908367392,34.3470191089711
initial_2007,184,3.14641812865497,8.84128156478905,27.8183685959952
initial_2007,185,3.24991815802932,7.99150615881193,25.971740975526
initial_2007,186,4.02502273024332,6.4040635258941,25.776501257646
initial_2007,187,3.47895920334083,8.559498029537,29.7781444458354
initial_2007,188,3.50390578626208,8.39844397110211,29.4273564259425
initial_2007,189,3.213479509279,8.29304173040806,26.6495196702619
initial_2007,190,4.07025795400402,6.61492952877909,26.9244695296892
initial_2007,191,3.93452753725332,5.9295436361517,23.3299527197841
initial_2007,192,3.04031193334433,7.92005185501681,24.0794281675135
initial_2007,193,3.10214680978732,9.59920541216326,29.7781444458354
initial_2007,194,3.79842110440714,6.56204168213939,24.9253976134376
initial_2007,195,3.24991815802932,7.99150615881193,25.971740975526
initial_2007,196,3.20588785521849,8.39844397110211,26.9244695296892
initial_2007,197,3.69805351124562,9.56931230133586,35.3878289561609
initial_2007,198,4.26717121492402,8.29304173040806,35.3878289561609
initial_2007,199,3.53198006965452,8.43100579804465,29.7781444458354
initial_2007,200,4.32518607796414,7.60173576728303,32.8789217090146
initial_2007,201,2.88740299003667,8.63246235438753,24.9253976134376
initial_2007,202,3.19350622863213,8.43100579804465,26.9244695296892
initial_2007,203,2.85771066400093,7.92005185501681,22.6332166455219
initial_2007,204,3.09244677524685,8.39844397110211,25.971740975526
initial_2007,205,3.05788763125914,7.90547077176452,24.1740412922593
initial_2007,206,3.68232919316393,7.99150615881193,29.4273564259425
initial_2007,207,3.74433781961827,6.43089094187778,24.0794281675135
initial_2007,208,3.75984210595452,7.92005185501681,29.7781444458354
initial_2007,209,3.25458743572725,7.92005185501681,25.776501257646
initial_2007,210,3.34555976123119,8.04782202419267,26.9244695296892
initial_2007,211,3.88405431295166,8.68808071104738,33.7449773570157
initial_2007,212,3.28696304567391,8.19129060946562,26.9244695296892
initial_2007,213,3.34666172111627,8.19129060946562,27.4134787292378
initial_2007,214,3.5484394487057,8.29304173040806,29.4273564259425
initial_2007,215,3.34555976123119,8.04782202419267,26.9244695296892
initial_2007,216,3.1651056144188,8.143962444798,25.776501257646
initial_2007,217,3.39953197561887,7.92005185501681,26.9244695296892
initial_2007,218,3.55501863064742,7.82509783666848,27.8183685959952
initial_2007,219,3.58559601758628,6.4040635258941,22.9623846748155
initial_2007,220,3.44043530068054,7.82589038205815,26.9244695296892
initial_2007,221,4.88310483912212,7.60173576728303,37.1200727109474
initial_2007,222,3.34555976123119,8.04782202419267,26.9244695296892
initial_2007,223,3.18006860963276,7.60173576728303,24.1740412922593
initial_2007,224,3.20588785521849,8.39844397110211,26.9244695296892
initial_2007,225,4.71281474431081,8.65672020842147,40.797518635622
initial_2007,226,4.69580336468856,8.68808071104738,40.797518635622
initial_2007,227,3.65646878257112,8.143962444798,29.7781444458354
initial_2007,228,3.24991815802932,7.99150615881193,25.971740975526
initial_2007,229,3.40580217257315,7.90547077176452,26.9244695296892
initial_2007,230,3.90374473392781,6.89708763374975,26.9244695296892
initial_2007,231,2.90461951447962,7.90547077176452,22.9623846748155
initial_2007,232,3.98831171467323,8.61191942009106,34.3470191089711
initial_2007,233,3.0001825576227,8.65672020842147,25.971740975526
initial_2007,234,3.21349979278906,8.65672020842147,27.8183685959952
initial_2007,235,3.28156141365669,6.89708763374975,22.6332166455219
initial_2007,236,3.47949883877277,8.39844397110211,29.2223760449479
initial_2007,237,3.36611065130197,8.143962444798,27.4134787292378
initial_2007,238,3.42153556542866,6.61492952877909,22.6332166455219
initial_2007,239,3.41582721980311,8.143962444798,27.8183685959952
initial_2007,240,3.70691968564309,7.82589038205815,29.0099471149363
initial_2007,241,3.48099194859795,7.99150615881193,27.8183685959952
initial_2007,242,4.00744603025155,6.43215181516193,25.776501257646
initial_2007,243,3.91840375077022,8.61191942009106,33.7449773570157
initial_2007,244,3.27890870933893,7.60173576728303,24.9253976134376
initial_2007,245,4.21748250213389,8.143962444798,34.3470191089711
initial_2007,246,3.21349979278906,8.65672020842147,27.8183685959952
initial_2007,247,2.80036451939726,8.63246235438753,24.1740412922593
initial_2007,248,4.26194522719729,6.43215181516193,27.4134787292378
initial_2007,249,4.22260543712481,7.99150615881193,33.7449773570157
initial_2007,250,3.09716064029609,8.04782202419267,24.9253976134376
initial_2007,251,2.95807793092967,7.60173576728303,22.4865268099587
initial_2007,252,4.3119665251612,7.82589038205815,33.7449773570157
initial_2007,253,3.48099194859795,7.99150615881193,27.8183685959952
initial_2007,254,2.88740299003667,8.63246235438753,24.9253976134376
initial_2007,255,3.80546608711967,7.82509783666848,29.7781444458354
initial_2007,256,3.87512582565032,6.43215181516193,24.9253976134376
initial_2007,257,3.635342202537,8.19129060946562,29.7781444458354
initial_2007,258,3.42754069359049,7.27209385436273,24.9253976134376
initial_2007,259,3.80546608711967,7.82509783666848,29.7781444458354
initial_2007,260,3.50390578626208,8.39844397110211,29.4273564259425
initial_2007,261,4.07389342763078,8.43100579804465,34.3470191089711
initial_2007,262,3.08050327536834,8.43100579804465,25.971740975526
initial_2007,263,3.40580217257315,7.90547077176452,26.9244695296892
initial_2007,264,3.74360382955409,6.43215181516193,24.0794281675135
initial_2007,265,3.52686338052192,6.61492952877909,23.3299527197841
initial_2007,266,4.3447152105914,7.90547077176452,34.3470191089711
initial_2007,267,3.53297021794769,9.30631159639777,32.8789217090146
initial_2007,268,3.73444225936851,7.82509783666848,29.2223760449479
initial_2007,269,3.97882060748448,8.63246235438753,34.3470191089711
initial_2007,270,5.01047132914511,6.56204168213939,32.8789217090146
initial_2007,271,3.0001825576227,8.65672020842147,25.971740975526
initial_2007,272,3.58957561156412,7.7497653222225,27.8183685959952
initial_2007,273,3.06059829995395,8.143962444798,24.9253976134376
initial_2007,274,3.76025665953723,7.82589038205815,29.4273564259425
initial_2007,275,3.8997626732317,8.43100579804465,32.8789217090146
initial_2007,276,2.77788990437505,8.39844397110211,23.3299527197841
initial_2007,277,3.06560336636351,9.59920541216326,29.4273564259425
initial_2007,278,3.31903083100408,7.82509783666848,25.971740975526
initial_2007,279,3.635342202537,8.19129060946562,29.7781444458354
initial_2007,280,3.15293020909799,7.90547077176452,24.9253976134376
initial_2007,281,3.4612751571662,7.92005185501681,27.4134787292378
initial_2007,282,4.34528390768368,8.143962444798,35.3878289561609
initial_2007,283,3.71879590849781,8.84128156478905,32.8789217090146
initial_2007,284,2.51631751679293,9.56931230133586,24.0794281675135
initial_2007,285,2.88848056537102,10.3092763727875,29.7781444458354
initial_2007,286,3.39609103403671,8.19129060946562,27.8183685959952
initial_2007,287,3.29953142748959,8.43100579804465,27.8183685959952
initial_2007,288,2.80326822348127,8.19129060946562,22.9623846748155
initial_2007,289,3.24663379311904,8.29304173040806,26.9244695296892
initial_2007,290,3.36481631157267,7.92005185501681,26.6495196702619
initial_2007,291,3.47949883877277,8.39844397110211,29.2223760449479
initial_2007,292,3.43988759355611,8.65672020842147,29.7781444458354
initial_2007,293,3.17562679150342,8.63246235438753,27.4134787292378
initial_2007,294,3.11897908434024,8.63246235438753,26.9244695296892
initial_2007,295,4.2678651448454,8.04782202419267,34.3470191089711
initial_2007,296,3.20588785521849,8.39844397110211,26.9244695296892
initial_2007,297,3.4612751571662,7.92005185501681,27.4134787292378
initial_2007,298,3.70014947600965,8.04782202419267,29.7781444458354
initial_2007,299,2.94568674659989,9.30631159639777,27.4134787292378
initial_2007,300,3.39953197561887,7.92005185501681,26.9244695296892
initial_2007,301,5.04593304126458,8.65672020842147,43.6812305286567
initial_2007,302,3.07720474173206,7.82509783666848,24.0794281675135
initial_2007,303,4.20539152759949,6.61492952877909,27.8183685959952
initial_2007,304,4.09938989634571,8.63246235438753,35.3878289561609
initial_2007,305,3.45751637107949,9.7598893932294,33.7449773570157
initial_2007,306,3.41655403063407,7.60173576728303,25.971740975526
initial_2007,307,3.18531450132635,7.82509783666848,24.9253976134376
initial_2007,308,4.07025795400402,6.61492952877909,26.9244695296892
initial_2007,309,3.59073852681195,8.29304173040806,29.7781444458354
initial_2007,310,3.40632268542094,8.04782202419267,27.4134787292378
initial_2007,311,2.98935309642111,8.68808071104738,25.971740975526
initial_2007,312,4.74371994903405,7.82509783666848,37.1200727109474
initial_2007,313,3.31903083100408,7.82509783666848,25.971740975526
initial_2007,314,2.68431033335551,10.2124848936411,27.4134787292378
initial_2007,315,3.53419614811862,6.4040635258941,22.6332166455219
initial_2007,316,3.50292137902757,7.82589038205815,27.4134787292378
initial_2007,317,3.5484394487057,8.29304173040806,29.4273564259425
initial_2007,318,4.03721430837592,8.143962444798,32.8789217090146
initial_2007,319,3.861,7.20496467132744,27.8183685959952
initial_2007,320,3.76025665953723,7.82589038205815,29.4273564259425
initial_2007,321,3.18850496065686,7.82589038205815,24.9528903047492
initial_2007,322,4.01971267210501,6.81976075540794,27.4134787292378
initial_2007,323,3.53198006965452,8.43100579804465,29.7781444458354
initial_2007,324,3.10820831434278,8.29304173040806,25.776501257646
initial_2007,325,3.96039318555245,6.921908367392,27.4134787292378
initial_2007,326,3.25339692373587,8.19129060946562,26.6495196702619
initial_2007,327,5.39280770685742,6.56204168213939,35.3878289561609
initial_2007,328,3.50327616362545,7.82509783666848,27.4134787292378
initial_2007,329,3.94976871928303,5.9066629916546,23.3299527197841
initial_2007,330,3.16089447790946,8.43100579804465,26.6495196702619
initial_2007,331,3.25150751712157,8.43100579804465,27.4134787292378
initial_2007,332,3.12641911939818,8.61191942009106,26.9244695296892
initial_2007,333,3.76677686953093,7.90547077176452,29.7781444458354
initial_2007,334,3.26059029270088,7.90547077176452,25.776501257646
initial_2007,335,3.30606504047515,8.143962444798,26.9244695296892
initial_2007,336,4.06907121102299,8.29304173040806,33.7449773570157
initial_2007,337,3.43032692266775,7.99150615881193,27.4134787292378
initial_2007,338,3.61339539878888,8.143962444798,29.4273564259425
initial_2007,339,2.95807793092967,7.60173576728303,22.4865268099587
initial_2007,340,3.01421456549866,8.84128156478905,26.6495196702619
initial_2007,341,3.39609103403671,8.19129060946562,27.8183685959952
initial_2007,342,3.02979856115108,9.71264453131251,29.4273564259425
initial_2007,343,3.25458743572725,7.92005185501681,25.776501257646
initial_2007,344,3.85002491448797,6.921908367392,26.6495196702619
initial_2007,345,3.23021700958984,8.61191942009106,27.8183685959952
initial_2007,346,3.48099194859795,7.99150615881193,27.8183685959952
initial_2007,347,3.5546586059744,7.82589038205815,27.8183685959952
initial_2007,348,3.50390578626208,8.39844397110211,29.4273564259425
initial_2007,349,3.72240405100812,7.90547077176452,29.4273564259425
initial_2007,350,4.29794064177726,7.99150615881193,34.3470191089711
initial_2007,351,3.39953197561887,7.92005185501681,26.9244695296892
initial_2007,352,3.44539687475438,6.4040635258941,22.064540457844
initial_2007,353,2.85580707487537,9.59920541216326,27.4134787292378
initial_2007,354,3.07847764842124,8.65672020842147,26.6495196702619
initial_2007,355,3.94800792804038,6.81976075540794,26.9244695296892
initial_2007,356,3.29953142748959,8.43100579804465,27.8183685959952
initial_2007,357,3.22717635870326,8.04782202419267,25.971740975526
initial_2007,358,2.98919376466644,9.30631159639777,27.8183685959952
initial_2007,359,4.03779974755962,6.43215181516193,25.971740975526
initial_2007,360,3.6565615314902,8.04782202419267,29.4273564259425
initial_2007,361,3.47129694653808,6.61492952877909,22.9623846748155
initial_2007,362,4.19305710980865,8.04782202419267,33.7449773570157
initial_2007,363,3.35442284029438,8.29304173040806,27.8183685959952
initial_2007,364,3.69647512319186,7.90547077176452,29.2223760449479
initial_2007,365,4.31501301605151,6.81976075540794,29.4273564259425
initial_2007,366,3.0001825576227,8.65672020842147,25.971740975526
initial_2007,367,4.36037935884621,5.91152721731685,25.776501257646
initial_2007,368,4.89264152479233,6.89708763374975,33.7449773570157
initial_2007,369,3.17314966462351,8.39844397110211,26.6495196702619
initial_2007,370,3.06919964535566,8.39844397110211,25.776501257646
initial_2007,371,3.16089447790946,8.43100579804465,26.6495196702619
initial_2007,372,3.76063750769296,7.82509783666848,29.4273564259425
initial_2007,373,3.71879590849781,8.84128156478905,32.8789217090146
initial_2007,374,3.11897908434024,8.63246235438753,26.9244695296892
initial_2007,375,3.60621305034333,7.60173576728303,27.4134787292378
initial_2007,376,3.44955393065808,8.63246235438753,29.7781444458354
initial_2007,377,3.17314966462351,8.39844397110211,26.6495196702619
initial_2007,378,3.31232412714956,8.39844397110211,27.8183685959952
initial_2007,379,3.76677686953093,7.90547077176452,29.7781444458354
initial_2007,380,3.94800792804038,6.81976075540794,26.9244695296892
initial_2007,381,3.62708365570453,6.43215181516193,23.3299527197841
initial_2007,382,3.56214156334507,8.143962444798,29.0099471149363
initial_2007,383,4.06907121102299,8.29304173040806,33.7449773570157
initial_2007,384,3.71555097929092,7.92005185501681,29.4273564259425
initial_2007,385,4.30195737217416,6.37232691019979,27.4134787292378
initial_2007,386,3.00557966831925,8.29304173040806,24.9253976134376
initial_2007,387,3.71879590849781,8.84128156478905,32.8789217090146
initial_2007,388,3.72390096625303,6.921908367392,25.776501257646
initial_2007,389,3.33473054273712,7.99150615881193,26.6495196702619
initial_2007,390,3.51887564942399,7.90547077176452,27.8183685959952
initial_2007,391,2.87839525695937,8.39844397110211,24.1740412922593
initial_2007,392,3.31876988904254,6.81976075540794,22.6332166455219
initial_2007,393,4.00256780613064,8.84128156478905,35.3878289561609
initial_2007,394,3.67633332332393,6.11656366067146,22.4865268099587
initial_2007,395,3.14712555797839,7.92005185501681,24.9253976134376
initial_2007,396,3.00125092661231,9.26892461717472,27.8183685959952
initial_2007,397,4.14355758462154,8.143962444798,33.7449773570157
initial_2007,398,3.26411402202167,8.39844397110211,27.4134787292378
initial_2007,399,3.04031193334433,7.92005185501681,24.0794281675135
initial_2007,400,3.27230385096931,8.143962444798,26.6495196702619
initial_2007,401,2.91201628032688,8.559498029537,24.9253976134376
initial_2007,402,3.24663379311904,8.29304173040806,26.9244695296892
initial_2007,403,3.62779480022901,6.43089094187778,23.3299527197841
initial_2007,404,4.19311446102042,8.19129060946562,34.3470191089711
initial_2007,405,3.80830675840512,6.81976075540794,25.971740975526
initial_2007,406,3.80830675840512,6.81976075540794,25.971740975526
initial_2007,407,3.27230385096931,8.143962444798,26.6495196702619
initial_2007,408,3.02496686004597,7.99150615881193,24.1740412922593
initial_2007,409,3.47872680328273,6.921908367392,24.0794281675135
initial_2007,410,3.35846456948898,9.78986707429145,32.8789217090146
initial_2007,411,3.6565615314902,8.04782202419267,29.4273564259425
initial_2007,412,4.85774731319286,8.39844397110211,40.797518635622
initial_2007,413,2.74517507460593,8.19129060946562,22.4865268099587
initial_2007,414,4.50165709495193,6.61492952877909,29.7781444458354
initial_2007,415,2.90703947368421,9.56931230133586,27.8183685959952
initial_2007,416,3.04291457864216,8.19129060946562,24.9253976134376
initial_2007,417,2.89927201174452,7.92005185501681,22.9623846748155
initial_2007,418,3.09244677524685,8.39844397110211,25.971740975526
initial_2007,419,2.84814125539932,8.19129060946562,23.3299527197841
initial_2007,420,3.77967822950471,6.81976075540794,25.776501257646
initial_2007,421,2.5662833158447,9.71264453131251,24.9253976134376
initial_2007,422,3.36481631157267,7.92005185501681,26.6495196702619
initial_2007,423,3.42747097272829,8.68808071104738,29.7781444458354
initial_2007,424,4.28800652178133,8.65672020842147,37.1200727109474
initial_2007,425,2.60472193074502,9.56931230133586,24.9253976134376
initial_2007,426,3.36481631157267,7.92005185501681,26.6495196702619
initial_2007,427,3.70493165535445,6.2969994833959,23.3299527197841
initial_2007,428,3.28528707844796,7.90547077176452,25.971740975526
initial_2007,429,3.91488254516509,8.39844397110211,32.8789217090146
initial_2007,430,4.38934053297335,7.82509783666848,34.3470191089711
initial_2007,431,3.95334945096642,8.68808071104738,34.3470191089711
initial_2007,432,3.25150751712157,8.43100579804465,27.4134787292378
initial_2007,433,3.76968164578784,7.27209385436273,27.4134787292378
initial_2007,434,3.24991815802932,7.99150615881193,25.971740975526
initial_2007,435,3.49037316909063,8.43100579804465,29.4273564259425
initial_2007,436,4.31749544548645,6.89708763374975,29.7781444458354
initial_2007,437,4.16134530247985,6.4040635258941,26.6495196702619
initial_2007,438,4.20427895832437,6.4040635258941,26.9244695296892
initial_2007,439,3.25150751712157,8.43100579804465,27.4134787292378
initial_2007,440,3.19977943327857,9.30631159639777,29.7781444458354
initial_2007,441,3.80830675840512,6.81976075540794,25.971740975526
initial_2007,442,3.47895920334083,8.559498029537,29.7781444458354
initial_2007,443,3.79808067228847,8.65672020842147,32.8789217090146
initial_2007,444,3.33166149271484,10.3092763727875,34.3470191089711
initial_2007,445,3.25,8.559498029537,27.8183685959952
initial_2007,446,3.31903083100408,7.82509783666848,25.971740975526
initial_2007,447,3.36913580426896,7.99150615881193,26.9244695296892
initial_2007,448,3.17562679150342,8.63246235438753,27.4134787292378
initial_2007,449,3.68232919316393,7.99150615881193,29.4273564259425
initial_2007,450,2.8560564118101,8.43100579804465,24.0794281675135
initial_2007,451,4.31749544548645,6.89708763374975,29.7781444458354
initial_2007,452,2.98935309642111,8.68808071104738,25.971740975526
initial_2007,453,3.95334945096642,8.68808071104738,34.3470191089711
initial_2007,454,3.09449245519998,8.61191942009106,26.6495196702619
initial_2007,455,3.72390096625303,6.921908367392,25.776501257646
initial_2007,456,4.13433461098362,8.559498029537,35.3878289561609
initial_2007,457,3.26059029270088,7.90547077176452,25.776501257646
initial_2007,458,3.17314966462351,8.39844397110211,26.6495196702619
initial_2007,459,3.70014947600965,8.04782202419267,29.7781444458354
initial_2007,460,3.36913580426896,7.99150615881193,26.9244695296892
initial_2007,461,4.69372103826445,9.30631159639777,43.6812305286567
initial_2007,462,3.09901236247187,8.68808071104738,26.9244695296892
initial_2007,463,3.26411402202167,8.39844397110211,27.4134787292378
initial_2007,464,4.20539152759949,6.61492952877909,27.8183685959952
initial_2007,465,3.74360382955409,6.43215181516193,24.0794281675135
initial_2007,466,3.91840375077022,8.61191942009106,33.7449773570157
initial_2007,467,3.55501863064742,7.82509783666848,27.8183685959952
initial_2007,468,3.65646878257112,8.143962444798,29.7781444458354
initial_2007,469,3.76063750769296,7.82509783666848,29.4273564259425
initial_2007,470,3.25,8.559498029537,27.8183685959952
initial_2007,471,4.33671644298826,7.92005185501681,34.3470191089711
initial_2007,472,4.01971267210501,6.81976075540794,27.4134787292378
initial_2007,473,3.69072309187088,9.30631159639777,34.3470191089711
initial_2007,474,3.70014947600965,8.04782202419267,29.7781444458354
initial_2007,475,3.20269700800674,8.559498029537,27.4134787292378
initial_2007,476,3.01145010708534,8.559498029537,25.776501257646
initial_2007,477,2.98599637038033,8.63246235438753,25.776501257646
initial_2007,478,3.80875355828266,8.63246235438753,32.8789217090146
initial_2007,479,3.97882060748448,8.63246235438753,34.3470191089711
initial_2007,480,3.02909972953936,6.921908367392,20.9671507635633
initial_2007,481,3.44078375653284,7.82509783666848,26.9244695296892
initial_2007,482,3.45778252132328,8.61191942009106,29.7781444458354
initial_2007,483,3.54470518237605,6.81976075540794,24.1740412922593
initial_2007,484,5.34094255669992,6.43089094187778,34.3470191089711
initial_2007,485,4.20172659758241,7.82509783666848,32.8789217090146
initial_2007,486,3.36481631157267,7.92005185501681,26.6495196702619
initial_2007,487,3.44078375653284,7.82509783666848,26.9244695296892
initial_2007,488,3.81783898631357,8.61191942009106,32.8789217090146
initial_2007,489,3.38709519451448,8.68808071104738,29.4273564259425
initial_2007,490,3.1651056144188,8.143962444798,25.776501257646
initial_2007,491,3.53198006965452,8.43100579804465,29.7781444458354
initial_2007,492,2.85771066400093,7.92005185501681,22.6332166455219
initial_2007,493,3.76968164578784,7.27209385436273,27.4134787292378
initial_2007,494,4.3119665251612,7.82589038205815,33.7449773570157
initial_2007,495,3.4566331750839,8.04782202419267,27.8183685959952
initial_2007,496,3.27230385096931,8.143962444798,26.6495196702619
initial_2007,497,3.1651056144188,8.143962444798,25.776501257646
initial_2007,498,3.05225795673885,7.92005185501681,24.1740412922593
initial_2007,499,3.86388010206757,6.89708763374975,26.6495196702619
preannouncement_2003_2005,1,3.38001609315094,7.8767824351199,26.6236513929539
preannouncement_2003_2005,2,3.78422797927461,6.76924735740983,25.616375248541
preannouncement_2003_2005,3,3.70357718923878,7.39299098025137,27.380512754707
preannouncement_2003_2005,4,3.91169060283688,7.40202718569262,28.9544401842169
preannouncement_2003_2005,5,3.67881112120883,6.96322110718304,25.616375248541
preannouncement_2003_2005,6,3.65064372982825,6.96322110718304,25.4202394743455
preannouncement_2003_2005,7,3.63994994840041,7.54958131274561,27.4800981097731
preannouncement_2003_2005,8,3.62554765929555,6.68645912244913,24.2420762203708
preannouncement_2003_2005,9,3.53887937884847,6.98624313902793,24.7234717803275
preannouncement_2003_2005,10,3.61294018841268,7.36897097780377,26.6236513929539
preannouncement_2003_2005,11,3.25505025488697,7.80947680797887,25.4202394743455
preannouncement_2003_2005,12,3.41645756701817,7.28579300191372,24.8916026331161
preannouncement_2003_2005,13,3.76239489579986,7.59232188924848,28.565313123378
preannouncement_2003_2005,14,3.4418432949206,6.71160438983788,23.1002905673232
preannouncement_2003_2005,15,3.71819917948197,6.84413703889377,25.447864722277
preannouncement_2003_2005,16,3.40078147956876,7.53249669302166,25.616375248541
preannouncement_2003_2005,17,3.65212660012707,7.40691570087657,27.0509938560702
preannouncement_2003_2005,18,4.17125471403486,7.8767824351199,32.8560658639209
preannouncement_2003_2005,19,3.5702073395362,6.92494004663026,24.7234717803275
preannouncement_2003_2005,20,3.59725890153942,7.50908240923532,27.0121135390148
preannouncement_2003_2005,21,3.91920410009044,6.98624313902793,27.380512754707
preannouncement_2003_2005,22,3.62650880931825,7.54958131274561,27.3786231373364
preannouncement_2003_2005,23,3.87203727636569,6.98624313902793,27.0509938560702
preannouncement_2003_2005,24,3.28224130562608,7.53249669302166,24.7234717803275
preannouncement_2003_2005,25,3.37720230115152,7.40691570087657,25.0146527494357
preannouncement_2003_2005,26,3.63692347065269,6.84413703889377,24.8916026331161
preannouncement_2003_2005,27,3.3168773744873,7.40691570087657,24.5678311029722
preannouncement_2003_2005,28,3.35908071135431,6.96495688985195,23.395852344116
preannouncement_2003_2005,29,3.57910101264375,7.11012755224798,25.447864722277
preannouncement_2003_2005,30,3.23816241071936,6.9439925859831,22.4857757722444
preannouncement_2003_2005,31,3.82479182486536,7.40202718569262,28.3112130672683
preannouncement_2003_2005,32,3.65777552398813,7.80947680797887,28.565313123378
preannouncement_2003_2005,33,3.08151481001444,7.59232188924848,23.395852344116
preannouncement_2003_2005,34,3.73633426346728,7.54958131274561,28.2077593336437
preannouncement_2003_2005,35,3.69405833333333,7.43899950409728,27.4800981097731
preannouncement_2003_2005,36,3.23816241071936,6.9439925859831,22.4857757722444
preannouncement_2003_2005,37,3.21927995107368,7.95717540501489,25.616375248541
preannouncement_2003_2005,38,3.31486608836551,7.50908240923532,24.8916026331161
preannouncement_2003_2005,39,3.411385553185,7.50908240923532,25.616375248541
preannouncement_2003_2005,40,3.25830924855491,7.2689962941498,23.6846378529397
preannouncement_2003_2005,41,3.13721210114712,7.54958131274561,23.6846378529397
preannouncement_2003_2005,42,3.45102650418547,7.3659936959381,25.4202394743455
preannouncement_2003_2005,43,3.22182665157149,6.77941651389654,21.8421048065757
preannouncement_2003_2005,44,4.04701986754967,6.99557056644986,28.3112130672683
preannouncement_2003_2005,45,3.21243446213677,6.84413703889377,21.9863416873291
preannouncement_2003_2005,46,3.96726488046271,7.11012755224798,28.2077593336437
preannouncement_2003_2005,47,3.35507791451447,7.36897097780377,24.7234717803275
preannouncement_2003_2005,48,3.78952950630295,7.40202718569262,28.0502004266388
preannouncement_2003_2005,49,3.98423834617752,6.16625537137922,24.5678311029722
preannouncement_2003_2005,50,3.41009432267337,7.46251050977584,25.447864722277
preannouncement_2003_2005,51,3.63114872156356,7.43899950409728,27.0121135390148
preannouncement_2003_2005,52,3.34417718706413,7.39299098025137,24.7234717803275
preannouncement_2003_2005,53,3.4547768804513,7.3659936959381,25.447864722277
preannouncement_2003_2005,54,2.99894844731245,6.76924735740983,20.3006238519782
preannouncement_2003_2005,55,4.61355894727731,6.92494004663026,31.94861911149
preannouncement_2003_2005,56,3.63994994840041,7.54958131274561,27.4800981097731
preannouncement_2003_2005,57,3.69880067317998,7.40202718569262,27.3786231373364
preannouncement_2003_2005,58,3.98181507423411,7.11012755224798,28.3112130672683
preannouncement_2003_2005,59,4.05251425910837,6.96055770075192,28.2077593336437
preannouncement_2003_2005,60,3.41465633783663,6.39657483669759,21.8421048065757
preannouncement_2003_2005,61,3.4379588299088,7.40202718569262,25.447864722277
preannouncement_2003_2005,62,3.30456203932708,7.53249669302166,24.8916026331161
preannouncement_2003_2005,63,3.7626188106921,6.80812395232487,25.616375248541
preannouncement_2003_2005,64,3.86755773648944,7.10528451857492,27.4800981097731
preannouncement_2003_2005,65,3.32349421003594,7.43899950409728,24.7234717803275
preannouncement_2003_2005,66,3.61440051294576,7.3659936959381,26.6236513929539
preannouncement_2003_2005,67,3.35178949121135,7.59232188924848,25.447864722277
preannouncement_2003_2005,68,3.59725890153942,7.50908240923532,27.0121135390148
preannouncement_2003_2005,69,4.5032233874456,7.09461120684321,31.94861911149
preannouncement_2003_2005,70,3.33111293417674,7.11012755224798,23.6846378529397
preannouncement_2003_2005,71,3.91905008523769,6.48632676834079,25.4202394743455
preannouncement_2003_2005,72,3.92354853291206,5.88760158656127,23.1002905673232
preannouncement_2003_2005,73,3.36263670076306,7.43899950409728,25.0146527494357
preannouncement_2003_2005,74,4.22191284761195,5.92495715859809,25.0146527494357
preannouncement_2003_2005,75,3.36691911292847,7.39299098025137,24.8916026331161
preannouncement_2003_2005,76,3.26599637406905,6.88481345257272,22.4857757722444
preannouncement_2003_2005,77,3.91370837836185,6.99557056644986,27.3786231373364
preannouncement_2003_2005,78,3.49491187229797,7.83439289892703,27.380512754707
preannouncement_2003_2005,79,3.4585240964412,7.94561418208709,27.4800981097731
preannouncement_2003_2005,80,3.89691586479151,6.57349969497263,25.616375248541
preannouncement_2003_2005,81,3.29273969014944,7.10528451857492,23.395852344116
preannouncement_2003_2005,82,3.78369500771553,7.54958131274561,28.565313123378
preannouncement_2003_2005,83,3.67082448413618,6.92494004663026,25.4202394743455
preannouncement_2003_2005,84,3.52586660778641,7.09461120684321,25.0146527494357
preannouncement_2003_2005,85,3.37943270429843,7.40202718569262,25.0146527494357
preannouncement_2003_2005,86,3.55781985182515,7.59232188924848,27.0121135390148
preannouncement_2003_2005,87,3.93921190116092,6.75862382145721,26.6236513929539
preannouncement_2003_2005,88,3.38001609315094,7.8767824351199,26.6236513929539
preannouncement_2003_2005,89,3.82346775768614,6.96322110718304,26.6236513929539
preannouncement_2003_2005,90,3.12335253017349,7.83439289892703,24.469570883237
preannouncement_2003_2005,91,3.701145885649,6.75862382145721,25.0146527494357
preannouncement_2003_2005,92,3.22211546432438,7.76342531060748,25.0146527494357
preannouncement_2003_2005,93,3.60050353582687,7.83439289892703,28.2077593336437
preannouncement_2003_2005,94,3.20542491720922,7.7654611404181,24.8916026331161
preannouncement_2003_2005,95,3.30456203932708,7.53249669302166,24.8916026331161
preannouncement_2003_2005,96,3.68041738976547,7.43899950409728,27.3786231373364
preannouncement_2003_2005,97,4.04701986754967,6.99557056644986,28.3112130672683
preannouncement_2003_2005,98,3.64674250534561,7.76342531060748,28.3112130672683
preannouncement_2003_2005,99,3.33789026077368,7.40691570087657,24.7234717803275
preannouncement_2003_2005,100,4.2165408803907,7.39299098025137,31.1728486965896
preannouncement_2003_2005,101,3.82791022228326,7.36897097780377,28.2077593336437
preannouncement_2003_2005,102,3.71530076636883,7.59232188924848,28.2077593336437
preannouncement_2003_2005,103,3.47721916360147,7.11012755224798,24.7234717803275
preannouncement_2003_2005,104,3.67850828261823,7.7654611404181,28.565313123378
preannouncement_2003_2005,105,3.31302337838452,7.46251050977584,24.7234717803275
preannouncement_2003_2005,106,3.13678173798676,6.96322110718304,21.8421048065757
preannouncement_2003_2005,107,3.21116072580853,7.28579300191372,23.395852344116
preannouncement_2003_2005,108,3.24118250662804,7.54958131274561,24.469570883237
preannouncement_2003_2005,109,3.61294018841268,7.36897097780377,26.6236513929539
preannouncement_2003_2005,110,3.94779411764706,7.10528451857492,28.0502004266388
preannouncement_2003_2005,111,3.2329519604576,7.69934194431794,24.8916026331161
preannouncement_2003_2005,112,4.00057926939647,6.84413703889377,27.380512754707
preannouncement_2003_2005,113,3.45720795619308,7.94863903415082,27.4800981097731
preannouncement_2003_2005,114,3.37398435185111,7.59232188924848,25.616375248541
preannouncement_2003_2005,115,3.38894465866815,7.50908240923532,25.447864722277
preannouncement_2003_2005,116,3.37076503558079,7.54958131274561,25.447864722277
preannouncement_2003_2005,117,3.18280305200081,9.09715106814896,28.9544401842169
preannouncement_2003_2005,118,3.32312472294358,7.39299098025137,24.5678311029722
preannouncement_2003_2005,119,3.55621466778906,7.69934194431794,27.380512754707
preannouncement_2003_2005,120,3.51881422859172,7.80947680797887,27.4800981097731
preannouncement_2003_2005,121,3.31645876370571,6.96534834689506,23.1002905673232
preannouncement_2003_2005,122,3.55057973885442,6.96322110718304,24.7234717803275
preannouncement_2003_2005,123,3.6836902690155,6.71160438983788,24.7234717803275
preannouncement_2003_2005,124,2.6898059293431,9.09715106814896,24.469570883237
preannouncement_2003_2005,125,3.91893362319277,6.98624313902793,27.3786231373364
preannouncement_2003_2005,126,3.30579316576062,7.40202718569262,24.469570883237
preannouncement_2003_2005,127,3.70750493898464,7.28579300191372,27.0121135390148
preannouncement_2003_2005,128,3.27432495144899,6.41860598428269,21.0166017278566
preannouncement_2003_2005,129,3.45844023113554,7.40691570087657,25.616375248541
preannouncement_2003_2005,130,3.82479182486536,7.40202718569262,28.3112130672683
preannouncement_2003_2005,131,3.64631938531292,7.50908240923532,27.380512754707
preannouncement_2003_2005,132,3.69880067317998,7.40202718569262,27.3786231373364
preannouncement_2003_2005,133,3.25213695560846,7.8767824351199,25.616375248541
preannouncement_2003_2005,134,3.45236643867987,5.93524034473703,20.4906245716689
preannouncement_2003_2005,135,3.1645990650621,7.39299098025137,23.395852344116
preannouncement_2003_2005,136,3.59689130128296,6.58475218433533,23.6846378529397
preannouncement_2003_2005,137,4.15135258846681,7.50908240923532,31.1728486965896
preannouncement_2003_2005,138,3.86383713975623,7.39299098025137,28.565313123378
preannouncement_2003_2005,139,4.14449362955405,6.98624313902793,28.9544401842169
preannouncement_2003_2005,140,3.4201939213127,6.92494004663026,23.6846378529397
preannouncement_2003_2005,141,3.87333624533842,7.06897388205312,27.380512754707
preannouncement_2003_2005,142,3.13375344116904,9.11536713389992,28.565313123378
preannouncement_2003_2005,143,3.30983372610648,7.39299098025137,24.469570883237
preannouncement_2003_2005,144,3.79227688872958,7.53249669302166,28.565313123378
preannouncement_2003_2005,145,3.3168773744873,7.40691570087657,24.5678311029722
preannouncement_2003_2005,146,3.57472529594655,6.96322110718304,24.8916026331161
preannouncement_2003_2005,147,3.3628453498708,8.03251732645172,27.0121135390148
preannouncement_2003_2005,148,3.9282139817966,6.99557056644986,27.4800981097731
preannouncement_2003_2005,149,3.86647200812614,6.98624313902793,27.0121135390148
preannouncement_2003_2005,150,3.63341672072278,7.76342531060748,28.2077593336437
preannouncement_2003_2005,151,3.82672143191077,7.06897388205312,27.0509938560702
preannouncement_2003_2005,152,3.44150941082632,7.11012755224798,24.469570883237
preannouncement_2003_2005,153,3.60525678902424,7.10528451857492,25.616375248541
preannouncement_2003_2005,154,3.411385553185,7.50908240923532,25.616375248541
preannouncement_2003_2005,155,4.05009970160076,5.98555048182873,24.2420762203708
preannouncement_2003_2005,156,3.69914758482367,6.92494004663026,25.616375248541
preannouncement_2003_2005,157,3.17491443711573,7.36897097780377,23.395852344116
preannouncement_2003_2005,158,3.6237756251408,7.06897388205312,25.616375248541
preannouncement_2003_2005,159,3.19763837060232,7.40691570087657,23.6846378529397
preannouncement_2003_2005,160,3.05061074033646,9.00806443326895,27.4800981097731
preannouncement_2003_2005,161,4.03982332716643,6.68645912244913,27.0121135390148
preannouncement_2003_2005,162,2.94911003919596,6.96055770075192,20.5274505936902
preannouncement_2003_2005,163,3.18460869927438,7.76342531060748,24.7234717803275
preannouncement_2003_2005,164,3.81547325148835,7.39299098025137,28.2077593336437
preannouncement_2003_2005,165,3.39830434041676,7.83439289892703,26.6236513929539
preannouncement_2003_2005,166,3.59448637323996,6.92494004663026,24.8916026331161
preannouncement_2003_2005,167,3.43568979990759,7.40691570087657,25.447864722277
preannouncement_2003_2005,168,3.44150941082632,7.11012755224798,24.469570883237
preannouncement_2003_2005,169,4.05636948697108,7.50908240923532,30.4596127599734
preannouncement_2003_2005,170,3.87337618772777,7.09461120684321,27.4800981097731
preannouncement_2003_2005,171,3.78702844198958,7.40691570087657,28.0502004266388
preannouncement_2003_2005,172,3.19389091368076,8.33580485761547,26.6236513929539
preannouncement_2003_2005,173,3.40122222929531,7.2689962941498,24.7234717803275
preannouncement_2003_2005,174,2.98659678925334,9.05746431972595,27.0509938560702
preannouncement_2003_2005,175,3.28936315559096,7.43899950409728,24.469570883237
preannouncement_2003_2005,176,3.36058943267983,7.40691570087657,24.8916026331161
preannouncement_2003_2005,177,3.49467067717347,7.83439289892703,27.3786231373364
preannouncement_2003_2005,178,3.16373112410546,7.7654611404181,24.5678311029722
preannouncement_2003_2005,179,3.54773195688923,6.92494004663026,24.5678311029722
preannouncement_2003_2005,180,2.98084418777032,7.94561418208709,23.6846378529397
preannouncement_2003_2005,181,3.63473417289393,7.53249669302166,27.3786231373364
preannouncement_2003_2005,182,3.7100595199863,7.40691570087657,27.4800981097731
preannouncement_2003_2005,183,3.8668745599972,6.99557056644986,27.0509938560702
preannouncement_2003_2005,184,3.34438086527501,6.99557056644986,23.395852344116
preannouncement_2003_2005,185,2.88494099832516,9.22849077621004,26.6236513929539
preannouncement_2003_2005,186,3.69905595694525,7.40202718569262,27.380512754707
preannouncement_2003_2005,187,3.80806739518481,7.3659936959381,28.0502004266388
preannouncement_2003_2005,188,3.85888220210182,7.2689962941498,28.0502004266388
preannouncement_2003_2005,189,3.73380973265989,6.80812395232487,25.4202394743455
preannouncement_2003_2005,190,3.22273726841562,7.94863903415082,25.616375248541
preannouncement_2003_2005,191,3.52593519684174,7.7654611404181,27.380512754707
preannouncement_2003_2005,192,3.2183321424926,7.53249669302166,24.2420762203708
preannouncement_2003_2005,193,3.14289470436817,6.99557056644986,21.9863416873291
preannouncement_2003_2005,194,3.6012016603392,7.39299098025137,26.6236513929539
preannouncement_2003_2005,195,3.57363356338266,6.96534834689506,24.8916026331161
preannouncement_2003_2005,196,3.60939187510885,6.77941651389654,24.469570883237
preannouncement_2003_2005,197,3.71607199205131,7.2689962941498,27.0121135390148
preannouncement_2003_2005,198,3.65418718126645,7.28579300191372,26.6236513929539
preannouncement_2003_2005,199,3.28975053550772,7.36897097780377,24.2420762203708
preannouncement_2003_2005,200,3.95780693652011,7.2689962941498,28.7692839545251
preannouncement_2003_2005,201,3.12573277331165,9.05746431972595,28.3112130672683
preannouncement_2003_2005,202,3.62652051883711,7.8767824351199,28.565313123378
preannouncement_2003_2005,203,3.23159902969475,7.74064248676252,25.0146527494357
preannouncement_2003_2005,204,3.51304337767181,6.96534834689506,24.469570883237
preannouncement_2003_2005,205,3.63396065330364,7.56202411954871,27.4800981097731
preannouncement_2003_2005,206,3.22836731563311,7.50908240923532,24.2420762203708
preannouncement_2003_2005,207,3.27174876556909,7.50908240923532,24.5678311029722
preannouncement_2003_2005,208,3.39338103262521,7.28579300191372,24.7234717803275
preannouncement_2003_2005,209,3.82346775768614,6.96322110718304,26.6236513929539
preannouncement_2003_2005,210,3.50325206091938,7.10528451857492,24.8916026331161
preannouncement_2003_2005,211,3.58311179593513,7.54958131274561,27.0509938560702
preannouncement_2003_2005,212,3.82493077962387,6.96055770075192,26.6236513929539
preannouncement_2003_2005,213,3.84460388301979,6.92494004663026,26.6236513929539
preannouncement_2003_2005,214,3.52405947285425,7.2689962941498,25.616375248541
preannouncement_2003_2005,215,2.87636595048773,7.3659936959381,21.1872934585036
preannouncement_2003_2005,216,3.79227688872958,7.53249669302166,28.565313123378
preannouncement_2003_2005,217,3.53875933609959,7.7654611404181,27.4800981097731
preannouncement_2003_2005,218,3.63503455022523,6.75862382145721,24.5678311029722
preannouncement_2003_2005,219,3.5702073395362,6.92494004663026,24.7234717803275
preannouncement_2003_2005,220,3.7967130390068,8.75132254620855,33.2262604197442
preannouncement_2003_2005,221,2.98190641108247,7.10528451857492,21.1872934585036
preannouncement_2003_2005,222,3.96726488046271,7.11012755224798,28.2077593336437
preannouncement_2003_2005,223,3.85065147371093,7.11012755224798,27.3786231373364
preannouncement_2003_2005,224,3.53799788792459,6.9439925859831,24.5678311029722
preannouncement_2003_2005,225,3.12573277331165,9.05746431972595,28.3112130672683
preannouncement_2003_2005,226,3.58692872383632,7.09461120684321,25.447864722277
preannouncement_2003_2005,227,3.27174876556909,7.50908240923532,24.5678311029722
preannouncement_2003_2005,228,3.64305298726267,6.50131577436537,23.6846378529397
preannouncement_2003_2005,229,3.78369500771553,7.54958131274561,28.565313123378
preannouncement_2003_2005,230,3.65958137254902,7.50908240923532,27.4800981097731
preannouncement_2003_2005,231,3.24049254995898,8.33580485761547,27.0121135390148
preannouncement_2003_2005,232,3.89559659246676,6.9439925859831,27.0509938560702
preannouncement_2003_2005,233,2.93895574223103,7.09461120684321,20.8507483452485
preannouncement_2003_2005,234,3.36263670076306,7.43899950409728,25.0146527494357
preannouncement_2003_2005,235,3.68041738976547,7.43899950409728,27.3786231373364
preannouncement_2003_2005,236,3.45349910125824,7.95717540501489,27.4800981097731
preannouncement_2003_2005,237,3.69905595694525,7.40202718569262,27.380512754707
preannouncement_2003_2005,238,4.62102340956357,7.11012755224798,32.8560658639209
preannouncement_2003_2005,239,3.5951044776094,7.94561418208709,28.565313123378
preannouncement_2003_2005,240,3.4616296101344,6.75862382145721,23.395852344116
preannouncement_2003_2005,241,3.35073548536693,7.94561418208709,26.6236513929539
preannouncement_2003_2005,242,3.59725890153942,7.50908240923532,27.0121135390148
preannouncement_2003_2005,243,3.98452911959486,7.10528451857492,28.3112130672683
preannouncement_2003_2005,244,4.02468798368304,6.71160438983788,27.0121135390148
preannouncement_2003_2005,245,3.71689472832891,7.3659936959381,27.3786231373364
preannouncement_2003_2005,246,3.5910154938314,6.88481345257272,24.7234717803275
preannouncement_2003_2005,247,3.67881112120883,6.96322110718304,25.616375248541
preannouncement_2003_2005,248,3.33125292627905,7.50908240923532,25.0146527494357
preannouncement_2003_2005,249,3.90631452025833,6.92494004663026,27.0509938560702
preannouncement_2003_2005,250,3.61370860927152,7.83439289892703,28.3112130672683
preannouncement_2003_2005,251,3.11209661741155,9.09715106814896,28.3112130672683
preannouncement_2003_2005,252,3.28975053550772,7.36897097780377,24.2420762203708
preannouncement_2003_2005,253,3.81289306311497,7.09461120684321,27.0509938560702
preannouncement_2003_2005,254,3.86647200812614,6.98624313902793,27.0121135390148
preannouncement_2003_2005,255,3.35507791451447,7.36897097780377,24.7234717803275
preannouncement_2003_2005,256,3.31972924509418,6.62293219238287,21.9863416873291
preannouncement_2003_2005,257,3.66179927787376,6.99557056644986,25.616375248541
preannouncement_2003_2005,258,3.61217446323201,7.7654611404181,28.0502004266388
preannouncement_2003_2005,259,3.64631938531292,7.50908240923532,27.380512754707
preannouncement_2003_2005,260,4.23028517692444,7.36897097780377,31.1728486965896
preannouncement_2003_2005,261,3.62491869467166,7.46251050977584,27.0509938560702
preannouncement_2003_2005,262,3.62650880931825,7.54958131274561,27.3786231373364
preannouncement_2003_2005,263,3.78702844198958,7.40691570087657,28.0502004266388
preannouncement_2003_2005,264,3.83126491182759,7.50908240923532,28.7692839545251
preannouncement_2003_2005,265,3.58303488848354,7.09461120684321,25.4202394743455
preannouncement_2003_2005,266,3.82784226380086,7.46251050977584,28.565313123378
preannouncement_2003_2005,267,3.37474286552235,7.53249669302166,25.4202394743455
preannouncement_2003_2005,268,3.36280886420265,7.40202718569262,24.8916026331161
preannouncement_2003_2005,269,4.37435667934661,6.96322110718304,30.4596127599734
preannouncement_2003_2005,270,3.39596445259378,7.3659936959381,25.0146527494357
preannouncement_2003_2005,271,3.19292803822254,7.83439289892703,25.0146527494357
preannouncement_2003_2005,272,4.38428825186601,7.11012755224798,31.1728486965896
preannouncement_2003_2005,273,3.79910393175359,7.11012755224798,27.0121135390148
preannouncement_2003_2005,274,3.19975018447915,7.40202718569262,23.6846378529397
preannouncement_2003_2005,275,4.00054404145078,6.4032229074652,25.616375248541
preannouncement_2003_2005,276,3.38894465866815,7.50908240923532,25.447864722277
preannouncement_2003_2005,277,3.96470273835027,6.41860598428269,25.447864722277
preannouncement_2003_2005,278,3.58462402211682,6.9439925859831,24.8916026331161
preannouncement_2003_2005,279,3.32708631903869,7.69934194431794,25.616375248541
preannouncement_2003_2005,280,3.52405947285425,7.2689962941498,25.616375248541
preannouncement_2003_2005,281,3.13155529219165,7.94863903415082,24.8916026331161
preannouncement_2003_2005,282,3.92327741848666,7.94561418208709,31.1728486965896
preannouncement_2003_2005,283,4.0915192416525,5.92495715859809,24.2420762203708
preannouncement_2003_2005,284,4.06593099952235,6.75862382145721,27.4800981097731
preannouncement_2003_2005,285,3.71609594381523,6.58475218433533,24.469570883237
preannouncement_2003_2005,286,3.40639245211718,7.46251050977584,25.4202394743455
preannouncement_2003_2005,287,3.38356327178762,7.39299098025137,25.0146527494357
preannouncement_2003_2005,288,4.04483856314327,6.76924735740983,27.380512754707
preannouncement_2003_2005,289,3.02658758165727,6.9439925859831,21.0166017278566
preannouncement_2003_2005,290,3.77746918970192,7.56202411954871,28.565313123378
preannouncement_2003_2005,291,3.7100595199863,7.40691570087657,27.4800981097731
preannouncement_2003_2005,292,3.89478986116055,7.2689962941498,28.3112130672683
preannouncement_2003_2005,293,3.79187541525004,7.43899950409728,28.2077593336437
preannouncement_2003_2005,294,3.91893362319277,6.98624313902793,27.3786231373364
preannouncement_2003_2005,295,3.65241571561664,7.8767824351199,28.7692839545251
preannouncement_2003_2005,296,3.68242002122132,7.46251050977584,27.4800981097731
preannouncement_2003_2005,297,3.59443153778612,7.40691570087657,26.6236513929539
preannouncement_2003_2005,298,3.69880067317998,7.40202718569262,27.3786231373364
preannouncement_2003_2005,299,3.35073548536693,7.94561418208709,26.6236513929539
preannouncement_2003_2005,300,3.99016549589786,6.77941651389654,27.0509938560702
preannouncement_2003_2005,301,3.29049685426797,7.11012755224798,23.395852344116
preannouncement_2003_2005,302,3.372018817515,7.28579300191372,24.5678311029722
preannouncement_2003_2005,303,3.53887937884847,6.98624313902793,24.7234717803275
preannouncement_2003_2005,304,3.64586013446899,6.71160438983788,24.469570883237
preannouncement_2003_2005,305,3.78952950630295,7.40202718569262,28.0502004266388
preannouncement_2003_2005,306,3.66263103124445,7.2689962941498,26.6236513929539
preannouncement_2003_2005,307,3.66263103124445,7.2689962941498,26.6236513929539
preannouncement_2003_2005,308,3.09225699901512,7.11012755224798,21.9863416873291
preannouncement_2003_2005,309,4.16031095214963,6.6052990812079,27.4800981097731
preannouncement_2003_2005,310,4.04483856314327,6.76924735740983,27.380512754707
preannouncement_2003_2005,311,3.94779411764706,7.10528451857492,28.0502004266388
preannouncement_2003_2005,312,3.07868946863609,7.09461120684321,21.8421048065757
preannouncement_2003_2005,313,4.0501487226531,6.57349969497263,26.6236513929539
preannouncement_2003_2005,314,3.38356327178762,7.39299098025137,25.0146527494357
preannouncement_2003_2005,315,3.59680540547254,7.40202718569262,26.6236513929539
preannouncement_2003_2005,316,3.65461103856457,6.96322110718304,25.447864722277
preannouncement_2003_2005,317,3.40269255298051,6.96055770075192,23.6846378529397
preannouncement_2003_2005,318,2.75074327423719,7.46251050977584,20.5274505936902
preannouncement_2003_2005,319,3.50086583541617,7.11012755224798,24.8916026331161
preannouncement_2003_2005,320,3.2641138493694,8.75132254620855,28.565313123378
preannouncement_2003_2005,321,3.65900539150264,7.39299098025137,27.0509938560702
preannouncement_2003_2005,322,3.69661460457376,7.40691570087657,27.380512754707
preannouncement_2003_2005,323,3.67017050399488,5.98555048182873,21.9679908285801
preannouncement_2003_2005,324,3.65958137254902,7.50908240923532,27.4800981097731
preannouncement_2003_2005,325,3.69623155334261,6.88481345257272,25.447864722277
preannouncement_2003_2005,326,2.98114769277154,7.36897097780377,21.9679908285801
preannouncement_2003_2005,327,3.99041608509793,6.76924735740983,27.0121135390148
preannouncement_2003_2005,328,3.55317159926417,6.50131577436537,23.1002905673232
preannouncement_2003_2005,329,3.71546437671754,7.54958131274561,28.0502004266388
preannouncement_2003_2005,330,2.81278496652142,7.53249669302166,21.1872934585036
preannouncement_2003_2005,331,3.67423579896685,6.80812395232487,25.0146527494357
preannouncement_2003_2005,332,3.54552659592734,7.50908240923532,26.6236513929539
preannouncement_2003_2005,333,3.37943270429843,7.40202718569262,25.0146527494357
preannouncement_2003_2005,334,3.33789026077368,7.40691570087657,24.7234717803275
preannouncement_2003_2005,335,3.49885838150289,6.76924735740983,23.6846378529397
preannouncement_2003_2005,336,3.58154056403373,7.10528451857492,25.447864722277
preannouncement_2003_2005,337,3.67093233743911,7.36897097780377,27.0509938560702
preannouncement_2003_2005,338,3.67715955982448,6.76924735740983,24.8916026331161
preannouncement_2003_2005,339,3.35853226639978,7.28579300191372,24.469570883237
preannouncement_2003_2005,340,3.56840911844774,6.88481345257272,24.5678311029722
preannouncement_2003_2005,341,3.82230005837712,6.96534834689506,26.6236513929539
preannouncement_2003_2005,342,3.80830030646973,7.40691570087657,28.2077593336437
preannouncement_2003_2005,343,3.67715955982448,6.76924735740983,24.8916026331161
preannouncement_2003_2005,344,3.39830434041676,7.83439289892703,26.6236513929539
preannouncement_2003_2005,345,3.29216703558253,7.46251050977584,24.5678311029722
preannouncement_2003_2005,346,3.82230005837712,6.96534834689506,26.6236513929539
preannouncement_2003_2005,347,3.49746260105672,7.06897388205312,24.7234717803275
preannouncement_2003_2005,348,3.80741280268606,7.09461120684321,27.0121135390148
preannouncement_2003_2005,349,3.27899985550198,7.46251050977584,24.469570883237
preannouncement_2003_2005,350,3.52715038493714,6.96534834689506,24.5678311029722
preannouncement_2003_2005,351,3.61217446323201,7.7654611404181,28.0502004266388
preannouncement_2003_2005,352,3.82346775768614,6.96322110718304,26.6236513929539
preannouncement_2003_2005,353,3.6237756251408,7.06897388205312,25.616375248541
preannouncement_2003_2005,354,3.94646352410459,6.96322110718304,27.4800981097731
preannouncement_2003_2005,355,3.53875933609959,7.7654611404181,27.4800981097731
preannouncement_2003_2005,356,3.27705776413258,7.7654611404181,25.447864722277
preannouncement_2003_2005,357,3.59680540547254,7.40202718569262,26.6236513929539
preannouncement_2003_2005,358,4.12499067588003,6.92494004663026,28.565313123378
preannouncement_2003_2005,359,3.66668819546771,6.98624313902793,25.616375248541
preannouncement_2003_2005,360,3.17574503999296,7.8767824351199,25.0146527494357
preannouncement_2003_2005,361,3.48901478091246,7.28579300191372,25.4202394743455
preannouncement_2003_2005,362,4.1023130938512,6.96322110718304,28.565313123378
preannouncement_2003_2005,363,3.85327611663714,7.10528451857492,27.3786231373364
preannouncement_2003_2005,364,3.30965324451317,7.06897388205312,23.395852344116
preannouncement_2003_2005,365,3.04952430011866,8.33580485761547,25.4202394743455
preannouncement_2003_2005,366,3.29962281127898,7.76342531060748,25.616375248541
preannouncement_2003_2005,367,3.54552659592734,7.50908240923532,26.6236513929539
preannouncement_2003_2005,368,3.64687740888128,7.40691570087657,27.0121135390148
preannouncement_2003_2005,369,3.55193834219013,6.96055770075192,24.7234717803275
preannouncement_2003_2005,370,3.68389389736477,7.80947680797887,28.7692839545251
preannouncement_2003_2005,371,3.33499636530028,7.2689962941498,24.2420762203708
preannouncement_2003_2005,372,3.56294085665378,7.59232188924848,27.0509938560702
preannouncement_2003_2005,373,3.74282032971704,6.84413703889377,25.616375248541
preannouncement_2003_2005,374,3.30257195062866,7.43899950409728,24.5678311029722
preannouncement_2003_2005,375,3.24310235877397,6.77941651389654,21.9863416873291
preannouncement_2003_2005,376,3.48038246086819,6.96534834689506,24.2420762203708
preannouncement_2003_2005,377,3.63503455022523,6.75862382145721,24.5678311029722
preannouncement_2003_2005,378,3.04931859828625,9.19884214211112,28.0502004266388
preannouncement_2003_2005,379,3.30456203932708,7.53249669302166,24.8916026331161
preannouncement_2003_2005,380,3.65777552398813,7.80947680797887,28.565313123378
preannouncement_2003_2005,381,3.57609313840286,6.96055770075192,24.8916026331161
preannouncement_2003_2005,382,3.34417718706413,7.39299098025137,24.7234717803275
preannouncement_2003_2005,383,3.13589469151297,7.83439289892703,24.5678311029722
preannouncement_2003_2005,384,2.80616119116771,8.75496075574651,24.5678311029722
preannouncement_2003_2005,385,3.86735930533124,7.43899950409728,28.7692839545251
preannouncement_2003_2005,386,3.49467067717347,7.83439289892703,27.3786231373364
preannouncement_2003_2005,387,3.66668819546771,6.98624313902793,25.616375248541
preannouncement_2003_2005,388,3.69880067317998,7.40202718569262,27.3786231373364
preannouncement_2003_2005,389,3.94932168339344,6.3339111763471,25.0146527494357
preannouncement_2003_2005,390,3.46072428618675,7.40202718569262,25.616375248541
preannouncement_2003_2005,391,3.55819477434679,6.99557056644986,24.8916026331161
preannouncement_2003_2005,392,3.71416284184371,6.84413703889377,25.4202394743455
preannouncement_2003_2005,393,3.37076503558079,7.54958131274561,25.447864722277
preannouncement_2003_2005,394,3.52124693745319,7.06897388205312,24.8916026331161
preannouncement_2003_2005,395,3.01425304463727,9.08305398780184,27.3786231373364
preannouncement_2003_2005,396,3.5789290452688,7.43899950409728,26.6236513929539
preannouncement_2003_2005,397,3.61312169620704,7.76342531060748,28.0502004266388
preannouncement_2003_2005,398,3.58055857084245,6.98624313902793,25.0146527494357
preannouncement_2003_2005,399,3.05141326244522,7.36897097780377,22.4857757722444
preannouncement_2003_2005,400,3.84393666060833,7.53249669302166,28.9544401842169
preannouncement_2003_2005,401,2.98659678925334,9.05746431972595,27.0509938560702
preannouncement_2003_2005,402,3.69880067317998,7.40202718569262,27.3786231373364
preannouncement_2003_2005,403,3.6205416307202,7.56202411954871,27.3786231373364
preannouncement_2003_2005,404,3.29663404784094,8.33580485761547,27.4800981097731
preannouncement_2003_2005,405,3.17230050811342,6.92494004663026,21.9679908285801
preannouncement_2003_2005,406,3.80169343935471,7.10528451857492,27.0121135390148
preannouncement_2003_2005,407,3.52070437386317,7.56202411954871,26.6236513929539
preannouncement_2003_2005,408,3.08663215147037,8.75132254620855,27.0121135390148
preannouncement_2003_2005,409,3.90069998543297,6.92494004663026,27.0121135390148
preannouncement_2003_2005,410,3.37720230115152,7.40691570087657,25.0146527494357
preannouncement_2003_2005,411,4.05251425910837,6.96055770075192,28.2077593336437
preannouncement_2003_2005,412,3.50087738285928,7.2689962941498,25.447864722277
preannouncement_2003_2005,413,3.79227688872958,7.53249669302166,28.565313123378
preannouncement_2003_2005,414,3.07454726311411,9.41746465620762,28.9544401842169
preannouncement_2003_2005,415,3.65616178662788,6.80812395232487,24.8916026331161
preannouncement_2003_2005,416,3.47958927129441,7.10528451857492,24.7234717803275
preannouncement_2003_2005,417,3.27481362954367,7.54958131274561,24.7234717803275
preannouncement_2003_2005,418,3.45102650418547,7.3659936959381,25.4202394743455
preannouncement_2003_2005,419,3.23816241071936,6.9439925859831,22.4857757722444
preannouncement_2003_2005,420,3.72070723847553,6.88481345257272,25.616375248541
preannouncement_2003_2005,421,3.36156551109527,7.56202411954871,25.4202394743455
preannouncement_2003_2005,422,3.63396065330364,7.56202411954871,27.4800981097731
preannouncement_2003_2005,423,3.64586013446899,6.71160438983788,24.469570883237
preannouncement_2003_2005,424,3.35525293843525,6.88481345257272,23.1002905673232
preannouncement_2003_2005,425,3.43267526591537,7.46251050977584,25.616375248541
preannouncement_2003_2005,426,3.63376214032616,6.99557056644986,25.4202394743455
preannouncement_2003_2005,427,3.10531615632468,9.19884214211112,28.565313123378
preannouncement_2003_2005,428,3.338398280387,7.09461120684321,23.6846378529397
preannouncement_2003_2005,429,3.82672143191077,7.06897388205312,27.0509938560702
preannouncement_2003_2005,430,3.77992892561983,7.46251050977584,28.2077593336437
preannouncement_2003_2005,431,3.80741280268606,7.09461120684321,27.0121135390148
preannouncement_2003_2005,432,3.98181507423411,7.11012755224798,28.3112130672683
preannouncement_2003_2005,433,3.74446888572856,7.11012755224798,26.6236513929539
preannouncement_2003_2005,434,3.80578235711334,7.43899950409728,28.3112130672683
preannouncement_2003_2005,435,3.36058943267983,7.40691570087657,24.8916026331161
preannouncement_2003_2005,436,3.37398435185111,7.59232188924848,25.616375248541
preannouncement_2003_2005,437,3.46900970360666,8.23442871712904,28.565313123378
preannouncement_2003_2005,438,3.02470507390388,6.71160438983788,20.3006238519782
preannouncement_2003_2005,439,2.98702406226296,6.92494004663026,20.6849625490129
preannouncement_2003_2005,440,3.6205416307202,7.56202411954871,27.3786231373364
preannouncement_2003_2005,441,3.22182665157149,6.77941651389654,21.8421048065757
preannouncement_2003_2005,442,3.73633426346728,7.54958131274561,28.2077593336437
preannouncement_2003_2005,443,3.39459238267905,7.36897097780377,25.0146527494357
preannouncement_2003_2005,444,3.93189053110685,6.96322110718304,27.3786231373364
preannouncement_2003_2005,445,3.91370837836185,6.99557056644986,27.3786231373364
preannouncement_2003_2005,446,3.56041160387087,6.9439925859831,24.7234717803275
preannouncement_2003_2005,447,3.67093233743911,7.36897097780377,27.0509938560702
preannouncement_2003_2005,448,3.66050048184763,6.71160438983788,24.5678311029722
preannouncement_2003_2005,449,3.32512596748221,8.23442871712904,27.380512754707
preannouncement_2003_2005,450,3.32089793980395,7.53249669302166,25.0146527494357
preannouncement_2003_2005,451,4.272894425785,8.03251732645172,34.322098509217
preannouncement_2003_2005,452,3.80716546752665,7.10528451857492,27.0509938560702
preannouncement_2003_2005,453,3.95658967819171,7.83439289892703,30.9974780787931
preannouncement_2003_2005,454,3.66668819546771,6.98624313902793,25.616375248541
preannouncement_2003_2005,455,3.40914661091673,7.80947680797887,26.6236513929539
preannouncement_2003_2005,456,3.35991805860962,6.96322110718304,23.395852344116
preannouncement_2003_2005,457,4.54075678771903,6.02994479439211,27.380512754707
preannouncement_2003_2005,458,3.76626817939542,7.06897388205312,26.6236513929539
preannouncement_2003_2005,459,3.09338110274472,7.2689962941498,22.4857757722444
preannouncement_2003_2005,460,3.42558789475785,8.23442871712904,28.2077593336437
preannouncement_2003_2005,461,3.1645607602361,7.76342531060748,24.5678311029722
preannouncement_2003_2005,462,3.31707317073171,6.58475218433533,21.8421048065757
preannouncement_2003_2005,463,3.6057021786365,7.05001084808346,25.4202394743455
preannouncement_2003_2005,464,3.5289085108772,6.71160438983788,23.6846378529397
preannouncement_2003_2005,465,3.94779411764706,7.10528451857492,28.0502004266388
preannouncement_2003_2005,466,3.61068062811284,7.09461120684321,25.616375248541
preannouncement_2003_2005,467,3.75369542055921,6.77941651389654,25.447864722277
preannouncement_2003_2005,468,3.20542491720922,7.7654611404181,24.8916026331161
preannouncement_2003_2005,469,3.81071251010374,7.54958131274561,28.7692839545251
preannouncement_2003_2005,470,3.79431643625192,6.08812969488174,23.1002905673232
preannouncement_2003_2005,471,3.35178949121135,7.59232188924848,25.447864722277
preannouncement_2003_2005,472,3.12462041804598,7.39299098025137,23.1002905673232
preannouncement_2003_2005,473,3.21410383135999,7.36897097780377,23.6846378529397
preannouncement_2003_2005,474,3.04149914862737,7.39299098025137,22.4857757722444
preannouncement_2003_2005,475,3.89224924242424,7.43899950409728,28.9544401842169
preannouncement_2003_2005,476,3.71539299310638,7.36897097780377,27.3786231373364
preannouncement_2003_2005,477,3.82122129600646,7.06897388205312,27.0121135390148
preannouncement_2003_2005,478,2.83916430412371,7.46251050977584,21.1872934585036
preannouncement_2003_2005,479,3.45844023113554,7.40691570087657,25.616375248541
preannouncement_2003_2005,480,3.3460954822495,7.43899950409728,24.8916026331161
preannouncement_2003_2005,481,3.92713020927102,6.77941651389654,26.6236513929539
preannouncement_2003_2005,482,3.23321171480568,8.23442871712904,26.6236513929539
preannouncement_2003_2005,483,3.85657327246177,7.40691570087657,28.565313123378
preannouncement_2003_2005,484,3.50582040391795,7.80947680797887,27.3786231373364
preannouncement_2003_2005,485,3.63114872156356,7.43899950409728,27.0121135390148
preannouncement_2003_2005,486,3.19292803822254,7.83439289892703,25.0146527494357
preannouncement_2003_2005,487,3.59239673197098,6.96322110718304,25.0146527494357
preannouncement_2003_2005,488,3.2027561544138,7.94561418208709,25.447864722277
preannouncement_2003_2005,489,3.59680540547254,7.40202718569262,26.6236513929539
preannouncement_2003_2005,490,3.68041738976547,7.43899950409728,27.3786231373364
preannouncement_2003_2005,491,3.83673297278176,7.13592093365985,27.3786231373364
preannouncement_2003_2005,492,3.17330770078367,6.62293219238287,21.0166017278566
preannouncement_2003_2005,493,3.94525826149425,6.96534834689506,27.4800981097731
preannouncement_2003_2005,494,3.67881112120883,6.96322110718304,25.616375248541
preannouncement_2003_2005,495,3.61225549694225,6.92494004663026,25.0146527494357
preannouncement_2003_2005,496,4.49761479355993,7.54958131274561,33.9551085973882
preannouncement_2003_2005,497,3.33111293417674,7.11012755224798,23.6846378529397
preannouncement_2003_2005,498,3.78369500771553,7.54958131274561,28.565313123378
preannouncement_2003_2005,499,3.31874133660695,6.96055770075192,23.1002905673232
preannouncement_2005,1,3.65192474752885,9.39835864154697,34.322098509217
preannouncement_2005,2,3.53875933609959,7.7654611404181,27.4800981097731
preannouncement_2005,3,4.18493733837483,7.40691570087657,30.9974780787931
preannouncement_2005,4,3.56041160387087,6.9439925859831,24.7234717803275
preannouncement_2005,5,3.46072428618675,7.40202718569262,25.616375248541
preannouncement_2005,6,3.94809147389293,9.05746431972595,35.7596976557994
preannouncement_2005,7,3.29247575574886,7.50908240923532,24.7234717803275
preannouncement_2005,8,3.00612956858761,9.50235592699321,28.565313123378
preannouncement_2005,9,3.76324544466045,9.50235592699321,35.7596976557994
preannouncement_2005,10,3.06501829332769,8.35765819222217,25.616375248541
preannouncement_2005,11,2.23166239482548,9.41746465620762,21.0166017278566
preannouncement_2005,12,3.76324544466045,9.50235592699321,35.7596976557994
preannouncement_2005,13,3.92030295357851,8.75496075574651,34.322098509217
preannouncement_2005,14,3.39338103262521,7.28579300191372,24.7234717803275
preannouncement_2005,15,3.38001609315094,7.8767824351199,26.6236513929539
preannouncement_2005,16,4.2787234162832,7.7654611404181,33.2262604197442
preannouncement_2005,17,2.95443412076679,7.39299098025137,21.8421048065757
preannouncement_2005,18,4.64251865055705,7.39299098025137,34.322098509217
preannouncement_2005,19,3.01770056897774,7.28579300191372,21.9863416873291
preannouncement_2005,20,3.19463103180116,7.95717540501489,25.4202394743455
preannouncement_2005,21,4.13646918760168,8.03251732645172,33.2262604197442
preannouncement_2005,22,3.59443153778612,7.40691570087657,26.6236513929539
preannouncement_2005,23,2.77579247460235,9.22849077621004,25.616375248541
preannouncement_2005,24,2.83279798190077,9.39835864154697,26.6236513929539
preannouncement_2005,25,3.13750545851528,9.22849077621004,28.9544401842169
preannouncement_2005,26,3.56294085665378,7.59232188924848,27.0509938560702
preannouncement_2005,27,3.58311179593513,7.54958131274561,27.0509938560702
preannouncement_2005,28,3.59443153778612,7.40691570087657,26.6236513929539
preannouncement_2005,29,2.77310751686093,8.91543931492196,24.7234717803275
preannouncement_2005,30,3.18553963091366,8.35765819222217,26.6236513929539
preannouncement_2005,31,2.72009252847641,9.41746465620762,25.616375248541
preannouncement_2005,32,3.20366113203812,7.39299098025137,23.6846378529397
preannouncement_2005,33,4.54622542461694,7.54958131274561,34.322098509217
preannouncement_2005,34,3.03417396502204,8.91543931492196,27.0509938560702
preannouncement_2005,35,3.59602962162345,7.06897388205312,25.4202394743455
preannouncement_2005,36,4.72885263131553,7.56202411954871,35.7596976557994
preannouncement_2005,37,4.3938315845688,7.56202411954871,33.2262604197442
preannouncement_2005,38,3.38750245219659,7.56202411954871,25.616375248541
preannouncement_2005,39,4.64251865055705,7.39299098025137,34.322098509217
preannouncement_2005,40,3.45349910125824,7.95717540501489,27.4800981097731
preannouncement_2005,41,3.63878370281606,7.95717540501489,28.9544401842169
preannouncement_2005,42,3.82672143191077,7.06897388205312,27.0509938560702
preannouncement_2005,43,3.04708015640274,9.50235592699321,28.9544401842169
preannouncement_2005,44,3.36263670076306,7.43899950409728,25.0146527494357
preannouncement_2005,45,2.71058977638256,9.22849077621004,25.0146527494357
preannouncement_2005,46,2.86239278043674,9.30118730557019,26.6236513929539
preannouncement_2005,47,2.95787097061589,8.27269719549056,24.469570883237
preannouncement_2005,48,2.84131385720981,8.33580485761547,23.6846378529397
preannouncement_2005,49,4.61380572620188,7.43899950409728,34.322098509217
preannouncement_2005,50,3.02542494481236,9.08305398780184,27.4800981097731
preannouncement_2005,51,2.97022960032536,7.8767824351199,23.395852344116
preannouncement_2005,52,3.59443153778612,7.40691570087657,26.6236513929539
preannouncement_2005,53,3.16466662208554,8.03251732645172,25.4202394743455
preannouncement_2005,54,3.32708631903869,7.69934194431794,25.616375248541
preannouncement_2005,55,2.86558496776848,7.2689962941498,20.8299265112805
preannouncement_2005,56,3.4342695229792,7.8767824351199,27.0509938560702
preannouncement_2005,57,4.41984035314728,7.7654611404181,34.322098509217
preannouncement_2005,58,4.41984035314728,7.7654611404181,34.322098509217
preannouncement_2005,59,2.77310751686093,8.91543931492196,24.7234717803275
preannouncement_2005,60,3.78045289855072,7.2689962941498,27.4800981097731
preannouncement_2005,61,3.13205002767872,7.56202411954871,23.6846378529397
preannouncement_2005,62,3.38750245219659,7.56202411954871,25.616375248541
preannouncement_2005,63,2.93113433308977,9.08305398780184,26.6236513929539
preannouncement_2005,64,3.13721210114712,7.54958131274561,23.6846378529397
preannouncement_2005,65,3.33429863203384,6.15645233347589,20.5274505936902
preannouncement_2005,66,3.4171583773254,7.43899950409728,25.4202394743455
preannouncement_2005,67,3.18774282560706,9.08305398780184,28.9544401842169
preannouncement_2005,68,2.97818265667016,9.08305398780184,27.0509938560702
preannouncement_2005,69,3.21410383135999,7.36897097780377,23.6846378529397
preannouncement_2005,70,3.4410808568722,9.00806443326895,30.9974780787931
preannouncement_2005,71,3.89559659246676,6.9439925859831,27.0509938560702
preannouncement_2005,72,3.37943270429843,7.40202718569262,25.0146527494357
preannouncement_2005,73,2.97774563318777,9.22849077621004,27.4800981097731
preannouncement_2005,74,3.19463103180116,7.95717540501489,25.4202394743455
preannouncement_2005,75,3.25079752426655,7.28579300191372,23.6846378529397
preannouncement_2005,76,3.4768312568638,8.91543931492196,30.9974780787931
preannouncement_2005,77,3.07305361462946,8.33580485761547,25.616375248541
preannouncement_2005,78,3.33125292627905,7.50908240923532,25.0146527494357
preannouncement_2005,79,3.02542494481236,9.08305398780184,27.4800981097731
preannouncement_2005,80,2.88818662421062,9.51465458617439,27.4800981097731
preannouncement_2005,81,3.77746918970192,7.56202411954871,28.565313123378
preannouncement_2005,82,3.39957239588079,7.95717540501489,27.0509938560702
preannouncement_2005,83,3.03868207352214,7.69934194431794,23.395852344116
preannouncement_2005,84,3.57208337991524,9.60842591250807,34.322098509217
preannouncement_2005,85,3.21427987096554,9.00806443326895,28.9544401842169
preannouncement_2005,86,5.26616282320056,7.43899950409728,39.1749826302845
preannouncement_2005,87,3.05061074033646,9.00806443326895,27.4800981097731
preannouncement_2005,88,3.52070437386317,7.56202411954871,26.6236513929539
preannouncement_2005,89,3.45844023113554,7.40691570087657,25.616375248541
preannouncement_2005,90,2.62927047518295,9.00806443326895,23.6846378529397
preannouncement_2005,91,3.76063829787234,7.69934194431794,28.9544401842169
preannouncement_2005,92,3.26991224468069,8.27269719549056,27.0509938560702
preannouncement_2005,93,3.1102592899867,7.06897388205312,21.9863416873291
preannouncement_2005,94,3.48350128433116,7.7654611404181,27.0509938560702
preannouncement_2005,95,3.25213695560846,7.8767824351199,25.616375248541
preannouncement_2005,96,3.26275741494656,8.75496075574651,28.565313123378
preannouncement_2005,97,3.47624862761716,7.36897097780377,25.616375248541
preannouncement_2005,98,3.19389091368076,8.33580485761547,26.6236513929539
preannouncement_2005,99,3.65804942526662,9.08305398780184,33.2262604197442
preannouncement_2005,100,3.18553963091366,8.35765819222217,26.6236513929539
preannouncement_2005,101,3.32349421003594,7.43899950409728,24.7234717803275
preannouncement_2005,102,3.17574503999296,7.8767824351199,25.0146527494357
preannouncement_2005,103,3.76108206093565,6.57349969497263,24.7234717803275
preannouncement_2005,104,3.02376022696336,8.27269719549056,25.0146527494357
preannouncement_2005,105,3.9091089130109,7.40691570087657,28.9544401842169
preannouncement_2005,106,3.58988104062343,7.95717540501489,28.565313123378
preannouncement_2005,107,2.80655143393539,9.05746431972595,25.4202394743455
preannouncement_2005,108,3.62652051883711,7.8767824351199,28.565313123378
preannouncement_2005,109,2.74462872988006,8.91543931492196,24.469570883237
preannouncement_2005,110,3.68899807010874,6.9439925859831,25.616375248541
preannouncement_2005,111,3.42110660866911,8.03251732645172,27.4800981097731
preannouncement_2005,112,3.2272364615538,7.8767824351199,25.4202394743455
preannouncement_2005,113,3.29663404784094,8.33580485761547,27.4800981097731
preannouncement_2005,114,3.83994018384391,7.43899950409728,28.565313123378
preannouncement_2005,115,2.6957920167748,9.50235592699321,25.616375248541
preannouncement_2005,116,3.85592254901961,7.50908240923532,28.9544401842169
preannouncement_2005,117,2.93270643915805,7.8767824351199,23.1002905673232
preannouncement_2005,118,4.01637575201662,8.27269719549056,33.2262604197442
preannouncement_2005,119,2.83279798190077,9.39835864154697,26.6236513929539
preannouncement_2005,120,3.18384721492381,7.43899950409728,23.6846378529397
preannouncement_2005,121,2.91799322991452,9.41746465620762,27.4800981097731
preannouncement_2005,122,3.33789026077368,7.40691570087657,24.7234717803275
preannouncement_2005,123,3.19763837060232,7.40691570087657,23.6846378529397
preannouncement_2005,124,3.39957239588079,7.95717540501489,27.0509938560702
preannouncement_2005,125,3.69405833333333,7.43899950409728,27.4800981097731
preannouncement_2005,126,3.19389091368076,8.33580485761547,26.6236513929539
preannouncement_2005,127,2.93270643915805,7.8767824351199,23.1002905673232
preannouncement_2005,128,3.08230443156952,8.91543931492196,27.4800981097731
preannouncement_2005,129,3.46072428618675,7.40202718569262,25.616375248541
preannouncement_2005,130,3.38750245219659,7.56202411954871,25.616375248541
preannouncement_2005,131,3.30161196348806,7.69934194431794,25.4202394743455
preannouncement_2005,132,3.43422671068816,7.40202718569262,25.4202394743455
preannouncement_2005,133,2.52211640705236,8.91543931492196,22.4857757722444
preannouncement_2005,134,3.22298486224331,10.6491652850419,34.322098509217
preannouncement_2005,135,3.49211420328645,9.51465458617439,33.2262604197442
preannouncement_2005,136,3.47350264057161,8.33580485761547,28.9544401842169
preannouncement_2005,137,4.45186685599045,8.03251732645172,35.7596976557994
preannouncement_2005,138,3.21825527561513,8.27269719549056,26.6236513929539
preannouncement_2005,139,3.47624862761716,7.36897097780377,25.616375248541
preannouncement_2005,140,3.56914893617021,7.69934194431794,27.4800981097731
preannouncement_2005,141,3.26991224468069,8.27269719549056,27.0509938560702
preannouncement_2005,142,3.92908160001949,6.88481345257272,27.0509938560702
preannouncement_2005,143,3.23816241071936,6.9439925859831,22.4857757722444
preannouncement_2005,144,3.21825527561513,8.27269719549056,26.6236513929539
preannouncement_2005,145,2.98856239943174,8.27269719549056,24.7234717803275
preannouncement_2005,146,2.75453918639393,9.22849077621004,25.4202394743455
preannouncement_2005,147,2.4990154109589,10.9963700060692,27.4800981097731
preannouncement_2005,148,3.19398187199678,7.74064248676252,24.7234717803275
preannouncement_2005,149,2.54322946867275,9.08305398780184,23.1002905673232
preannouncement_2005,150,3.52070437386317,7.56202411954871,26.6236513929539
preannouncement_2005,151,3.15413209792588,7.50908240923532,23.6846378529397
preannouncement_2005,152,3.48874662162162,7.8767824351199,27.4800981097731
preannouncement_2005,153,3.28936315559096,7.43899950409728,24.469570883237
preannouncement_2005,154,2.77579247460235,9.22849077621004,25.616375248541
preannouncement_2005,155,3.12462041804598,7.39299098025137,23.1002905673232
preannouncement_2005,156,3.28936315559096,7.43899950409728,24.469570883237
preannouncement_2005,157,3.0763133640553,7.50908240923532,23.1002905673232
preannouncement_2005,158,3.04149914862737,7.39299098025137,22.4857757722444
preannouncement_2005,159,3.53875933609959,7.7654611404181,27.4800981097731
preannouncement_2005,160,3.05977674249178,7.74064248676252,23.6846378529397
preannouncement_2005,161,3.76063829787234,7.69934194431794,28.9544401842169
preannouncement_2005,162,2.88494099832516,9.22849077621004,26.6236513929539
preannouncement_2005,163,3.42231302101679,9.05746431972595,30.9974780787931
preannouncement_2005,164,3.63878370281606,7.95717540501489,28.9544401842169
preannouncement_2005,165,3.25637823856475,7.59232188924848,24.7234717803275
preannouncement_2005,166,4.76219272967614,7.50908240923532,35.7596976557994
preannouncement_2005,167,3.92572582708408,9.39835864154697,36.8953792513198
preannouncement_2005,168,3.14502673796792,7.43899950409728,23.395852344116
preannouncement_2005,169,4.08274023822525,7.59232188924848,30.9974780787931
preannouncement_2005,170,3.45844023113554,7.40691570087657,25.616375248541
preannouncement_2005,171,3.11567393578498,7.50908240923532,23.395852344116
preannouncement_2005,172,2.91225973686919,7.54958131274561,21.9863416873291
preannouncement_2005,173,3.58311179593513,7.54958131274561,27.0509938560702
preannouncement_2005,174,2.42113091668066,10.9963700060692,26.6236513929539
preannouncement_2005,175,3.11417351906114,8.03251732645172,25.0146527494357
preannouncement_2005,176,4.70029469257197,7.06897388205312,33.2262604197442
preannouncement_2005,177,2.83687943262411,7.69934194431794,21.8421048065757
preannouncement_2005,178,3.34586709954575,7.95717540501489,26.6236513929539
preannouncement_2005,179,3.30720388040712,8.75496075574651,28.9544401842169
preannouncement_2005,180,3.57929956723834,9.28289454279468,33.2262604197442
preannouncement_2005,181,2.75453918639393,9.22849077621004,25.4202394743455
preannouncement_2005,182,3.45349910125824,7.95717540501489,27.4800981097731
preannouncement_2005,183,3.15378698883379,9.05746431972595,28.565313123378
preannouncement_2005,184,4.82602188841124,6.88481345257272,33.2262604197442
preannouncement_2005,185,3.50665472056129,7.59232188924848,26.6236513929539
preannouncement_2005,186,3.71009799668126,7.69934194431794,28.565313123378
preannouncement_2005,187,3.42847010776755,7.7654611404181,26.6236513929539
preannouncement_2005,188,3.91647173134147,7.39299098025137,28.9544401842169
preannouncement_2005,189,3.04258577340294,7.59232188924848,23.1002905673232
preannouncement_2005,190,2.77579247460235,9.22849077621004,25.616375248541
preannouncement_2005,191,2.92592690740814,8.75496075574651,25.616375248541
preannouncement_2005,192,3.54949538042106,6.96534834689506,24.7234717803275
preannouncement_2005,193,3.77746918970192,7.56202411954871,28.565313123378
preannouncement_2005,194,2.7064203075421,7.7654611404181,21.0166017278566
preannouncement_2005,195,3.60040024154302,9.22849077621004,33.2262604197442
preannouncement_2005,196,4.42613279479698,8.33580485761547,36.8953792513198
preannouncement_2005,197,3.17792025646163,7.2689962941498,23.1002905673232
preannouncement_2005,198,3.03417396502204,8.91543931492196,27.0509938560702
preannouncement_2005,199,3.19463103180116,7.95717540501489,25.4202394743455
preannouncement_2005,200,3.5,8.27269719549056,28.9544401842169
preannouncement_2005,201,3.38750245219659,7.56202411954871,25.616375248541
preannouncement_2005,202,2.79128462267784,7.8767824351199,21.9863416873291
preannouncement_2005,203,2.68940425857839,9.30118730557019,25.0146527494357
preannouncement_2005,204,3.34009470109966,7.40202718569262,24.7234717803275
preannouncement_2005,205,4.21422554374132,8.75496075574651,36.8953792513198
preannouncement_2005,206,3.10529534981148,7.43899950409728,23.1002905673232
preannouncement_2005,207,3.0022438402426,9.51465458617439,28.565313123378
preannouncement_2005,208,3.18908434398072,8.03251732645172,25.616375248541
preannouncement_2005,209,3.52650700615761,7.54958131274561,26.6236513929539
preannouncement_2005,210,3.25786688292764,9.51465458617439,30.9974780787931
preannouncement_2005,211,2.72562223102443,9.39835864154697,25.616375248541
preannouncement_2005,212,3.85657327246177,7.40691570087657,28.565313123378
preannouncement_2005,213,2.80179479673294,9.50235592699321,26.6236513929539
preannouncement_2005,214,3.90631452025833,6.92494004663026,27.0509938560702
preannouncement_2005,215,3.7100595199863,7.40691570087657,27.4800981097731
preannouncement_2005,216,3.47624862761716,7.36897097780377,25.616375248541
preannouncement_2005,217,3.4579125833737,7.69934194431794,26.6236513929539
preannouncement_2005,218,3.14365983859933,7.95717540501489,25.0146527494357
preannouncement_2005,219,3.43842425105748,7.39299098025137,25.4202394743455
preannouncement_2005,220,3.45349910125824,7.95717540501489,27.4800981097731
preannouncement_2005,221,2.93616161616162,7.43899950409728,21.8421048065757
preannouncement_2005,222,4.122659994139,9.50235592699321,39.1749826302845
preannouncement_2005,223,3.25866324933952,7.50908240923532,24.469570883237
preannouncement_2005,224,4.83697298580818,7.39299098025137,35.7596976557994
preannouncement_2005,225,2.82705084275572,9.41746465620762,26.6236513929539
preannouncement_2005,226,2.69470396697029,9.28289454279468,25.0146527494357
preannouncement_2005,227,3.39308554837261,7.54958131274561,25.616375248541
preannouncement_2005,228,3.32178217821782,8.27269719549056,27.4800981097731
preannouncement_2005,229,3.15107762961769,7.7654611404181,24.469570883237
preannouncement_2005,230,2.84371581023928,9.00806443326895,25.616375248541
preannouncement_2005,231,3.38001609315094,7.8767824351199,26.6236513929539
preannouncement_2005,232,3.02542494481236,9.08305398780184,27.4800981097731
preannouncement_2005,233,2.62218302007582,9.69430405113772,25.4202394743455
preannouncement_2005,234,2.66625184898899,6.9439925859831,18.5144330717433
preannouncement_2005,235,3.42231302101679,9.05746431972595,30.9974780787931
preannouncement_2005,236,3.26275741494656,8.75496075574651,28.565313123378
preannouncement_2005,237,3.27350031307695,7.7654611404181,25.4202394743455
preannouncement_2005,238,3.42110660866911,8.03251732645172,27.4800981097731
preannouncement_2005,239,3.08624960472225,7.28579300191372,22.4857757722444
preannouncement_2005,240,3.39338103262521,7.28579300191372,24.7234717803275
preannouncement_2005,241,3.09533961902157,9.22849077621004,28.565313123378
preannouncement_2005,242,4.16971069967203,6.9439925859831,28.9544401842169
preannouncement_2005,243,3.38750245219659,7.56202411954871,25.616375248541
preannouncement_2005,244,3.26784211580846,7.06897388205312,23.1002905673232
preannouncement_2005,245,2.96593696741119,8.33580485761547,24.7234717803275
preannouncement_2005,246,2.52211640705236,8.91543931492196,22.4857757722444
preannouncement_2005,247,3.78369500771553,7.54958131274561,28.565313123378
preannouncement_2005,248,3.3133827841823,7.54958131274561,25.0146527494357
preannouncement_2005,249,3.37849168174397,6.92494004663026,23.395852344116
preannouncement_2005,250,3.51341634800797,7.69934194431794,27.0509938560702
preannouncement_2005,251,3.16466662208554,8.03251732645172,25.4202394743455
preannouncement_2005,252,3.6023443918891,6.9439925859831,25.0146527494357
preannouncement_2005,253,3.15378698883379,9.05746431972595,28.565313123378
preannouncement_2005,254,3.19763837060232,7.40691570087657,23.6846378529397
preannouncement_2005,255,2.72009252847641,9.41746465620762,25.616375248541
preannouncement_2005,256,3.58311179593513,7.54958131274561,27.0509938560702
preannouncement_2005,257,3.08230443156952,8.91543931492196,27.4800981097731
preannouncement_2005,258,2.77121297366014,8.33580485761547,23.1002905673232
preannouncement_2005,259,2.80655143393539,9.05746431972595,25.4202394743455
preannouncement_2005,260,3.37720230115152,7.40691570087657,25.0146527494357
preannouncement_2005,261,3.13721210114712,7.54958131274561,23.6846378529397
preannouncement_2005,262,3.43946273690896,7.74064248676252,26.6236513929539
preannouncement_2005,263,3.54552659592734,7.50908240923532,26.6236513929539
preannouncement_2005,264,4.08450690453727,8.75496075574651,35.7596976557994
preannouncement_2005,265,3.31448415371358,8.03251732645172,26.6236513929539
preannouncement_2005,266,3.5722601134853,9.30118730557019,33.2262604197442
preannouncement_2005,267,3.43196014386085,7.40691570087657,25.4202394743455
preannouncement_2005,268,2.9074678075268,7.56202411954871,21.9863416873291
preannouncement_2005,269,4.16971069967203,6.9439925859831,28.9544401842169
preannouncement_2005,270,3.27350031307695,7.7654611404181,25.4202394743455
preannouncement_2005,271,3.07792324317947,8.03251732645172,24.7234717803275
preannouncement_2005,272,3.11417351906114,8.03251732645172,25.0146527494357
preannouncement_2005,273,3.71859449786355,8.33580485761547,30.9974780787931
preannouncement_2005,274,3.10529534981148,7.43899950409728,23.1002905673232
preannouncement_2005,275,3.02542494481236,9.08305398780184,27.4800981097731
preannouncement_2005,276,3.6759222972973,7.8767824351199,28.9544401842169
preannouncement_2005,277,3.3133827841823,7.54958131274561,25.0146527494357
preannouncement_2005,278,3.53532586773844,9.39835864154697,33.2262604197442
preannouncement_2005,279,3.31448415371358,8.03251732645172,26.6236513929539
preannouncement_2005,280,4.21825290890345,7.8767824351199,33.2262604197442
preannouncement_2005,281,3.54552659592734,7.50908240923532,26.6236513929539
preannouncement_2005,282,3.71353327260412,7.69221951883754,28.565313123378
preannouncement_2005,283,3.4579125833737,7.69934194431794,26.6236513929539
preannouncement_2005,284,4.63685118254607,7.40202718569262,34.322098509217
preannouncement_2005,285,3.03417396502204,8.91543931492196,27.0509938560702
preannouncement_2005,286,3.0763133640553,7.50908240923532,23.1002905673232
preannouncement_2005,287,3.05477610255252,7.56202411954871,23.1002905673232
preannouncement_2005,288,3.90631452025833,6.92494004663026,27.0509938560702
preannouncement_2005,289,3.24893386088617,7.69934194431794,25.0146527494357
preannouncement_2005,290,2.82808034565426,8.27269719549056,23.395852344116
preannouncement_2005,291,3.17108223803101,9.00806443326895,28.565313123378
preannouncement_2005,292,2.42113091668066,10.9963700060692,26.6236513929539
preannouncement_2005,293,2.65658673861401,8.91543931492196,23.6846378529397
preannouncement_2005,294,3.25866324933952,7.50908240923532,24.469570883237
preannouncement_2005,295,3.03417396502204,8.91543931492196,27.0509938560702
preannouncement_2005,296,3.64952881153131,6.96534834689506,25.4202394743455
preannouncement_2005,297,3.03397254901961,9.05746431972595,27.4800981097731
preannouncement_2005,298,3.25830924855491,7.2689962941498,23.6846378529397
preannouncement_2005,299,3.59602962162345,7.06897388205312,25.4202394743455
preannouncement_2005,300,2.82705084275572,9.41746465620762,26.6236513929539
preannouncement_2005,301,3.83994018384391,7.43899950409728,28.565313123378
preannouncement_2005,302,2.56834683781824,8.75496075574651,22.4857757722444
preannouncement_2005,303,3.31448415371358,8.03251732645172,26.6236513929539
preannouncement_2005,304,3.0897904183425,8.75496075574651,27.0509938560702
preannouncement_2005,305,2.93124786187189,9.22849077621004,27.0509938560702
preannouncement_2005,306,3.84973721393307,8.91543931492196,34.322098509217
preannouncement_2005,307,2.71058977638256,9.22849077621004,25.0146527494357
preannouncement_2005,308,2.52008236291791,9.39835864154697,23.6846378529397
preannouncement_2005,309,3.84973721393307,8.91543931492196,34.322098509217
preannouncement_2005,310,2.91264262413373,8.03251732645172,23.395852344116
preannouncement_2005,311,3.4171583773254,7.43899950409728,25.4202394743455
preannouncement_2005,312,2.97651322830119,7.95717540501489,23.6846378529397
preannouncement_2005,313,3.11417351906114,8.03251732645172,25.0146527494357
preannouncement_2005,314,3.37398435185111,7.59232188924848,25.616375248541
preannouncement_2005,315,2.96835316820565,7.40691570087657,21.9863416873291
preannouncement_2005,316,3.45349910125824,7.95717540501489,27.4800981097731
preannouncement_2005,317,3.07792324317947,8.03251732645172,24.7234717803275
preannouncement_2005,318,3.05141326244522,7.36897097780377,22.4857757722444
preannouncement_2005,319,3.56294085665378,7.59232188924848,27.0509938560702
preannouncement_2005,320,3.10654395811867,7.8767824351199,24.469570883237
preannouncement_2005,321,3.65958137254902,7.50908240923532,27.4800981097731
preannouncement_2005,322,3.05061074033646,9.00806443326895,27.4800981097731
preannouncement_2005,323,3.03417396502204,8.91543931492196,27.0509938560702
preannouncement_2005,324,2.88494099832516,9.22849077621004,26.6236513929539
preannouncement_2005,325,3.39308554837261,7.54958131274561,25.616375248541
preannouncement_2005,326,3.62652051883711,7.8767824351199,28.565313123378
preannouncement_2005,327,3.62652051883711,7.8767824351199,28.565313123378
preannouncement_2005,328,3.1810806781207,7.69221951883754,24.469570883237
preannouncement_2005,329,2.85719758743827,8.75496075574651,25.0146527494357
preannouncement_2005,330,2.80267189835576,9.80496437199618,27.4800981097731
preannouncement_2005,331,3.48792496983302,6.62293219238287,23.1002905673232
preannouncement_2005,332,2.92592690740814,8.75496075574651,25.616375248541
preannouncement_2005,333,3.4201939213127,6.92494004663026,23.6846378529397
preannouncement_2005,334,3.19389091368076,8.33580485761547,26.6236513929539
preannouncement_2005,335,4.41984035314728,7.7654611404181,34.322098509217
preannouncement_2005,336,2.66333649125829,9.28289454279468,24.7234717803275
preannouncement_2005,337,2.62527895594817,9.41746465620762,24.7234717803275
preannouncement_2005,338,4.08274023822525,7.59232188924848,30.9974780787931
preannouncement_2005,339,3.4768312568638,8.91543931492196,30.9974780787931
preannouncement_2005,340,3.94809147389293,9.05746431972595,35.7596976557994
preannouncement_2005,341,2.98624110966617,8.91543931492196,26.6236513929539
preannouncement_2005,342,2.9035240914884,8.75496075574651,25.4202394743455
preannouncement_2005,343,3.15378698883379,9.05746431972595,28.565313123378
preannouncement_2005,344,3.76239489579986,7.59232188924848,28.565313123378
preannouncement_2005,345,3.09896024361217,7.54958131274561,23.395852344116
preannouncement_2005,346,2.66333649125829,9.28289454279468,24.7234717803275
preannouncement_2005,347,2.97474807350326,7.7654611404181,23.1002905673232
preannouncement_2005,348,4.2787234162832,7.7654611404181,33.2262604197442
preannouncement_2005,349,4.11743066152284,8.33580485761547,34.322098509217
preannouncement_2005,350,3.19463103180116,7.95717540501489,25.4202394743455
preannouncement_2005,351,2.85561309607178,7.69934194431794,21.9863416873291
preannouncement_2005,352,3.40035223988439,6.96534834689506,23.6846378529397
preannouncement_2005,353,3.00612956858761,9.50235592699321,28.565313123378
preannouncement_2005,354,3.12122077469872,10.9963700060692,34.322098509217
preannouncement_2005,355,2.93124786187189,9.22849077621004,27.0509938560702
preannouncement_2005,356,3.47350264057161,8.33580485761547,28.9544401842169
preannouncement_2005,357,4.87704925344862,8.03251732645172,39.1749826302845
preannouncement_2005,358,3.48874662162162,7.8767824351199,27.4800981097731
preannouncement_2005,359,3.4171583773254,7.43899950409728,25.4202394743455
preannouncement_2005,360,2.88494099832516,9.22849077621004,26.6236513929539
preannouncement_2005,361,3.58988104062343,7.95717540501489,28.565313123378
preannouncement_2005,362,3.78369500771553,7.54958131274561,28.565313123378
preannouncement_2005,363,3.14502673796792,7.43899950409728,23.395852344116
preannouncement_2005,364,2.79642272558257,7.56202411954871,21.1466160993096
preannouncement_2005,365,3.15378698883379,9.05746431972595,28.565313123378
preannouncement_2005,366,3.59443153778612,7.40691570087657,26.6236513929539
preannouncement_2005,367,3.15107762961769,7.7654611404181,24.469570883237
preannouncement_2005,368,2.88839396189062,7.56202411954871,21.8421048065757
preannouncement_2005,369,3.13880311704835,8.75496075574651,27.4800981097731
preannouncement_2005,370,3.29663404784094,8.33580485761547,27.4800981097731
preannouncement_2005,371,2.84131385720981,8.33580485761547,23.6846378529397
preannouncement_2005,372,4.49429202720527,7.39299098025137,33.2262604197442
preannouncement_2005,373,2.97351283423125,7.56202411954871,22.4857757722444
preannouncement_2005,374,3.4108097840929,6.9439925859831,23.6846378529397
preannouncement_2005,375,3.47624862761716,7.36897097780377,25.616375248541
preannouncement_2005,376,2.80179479673294,9.50235592699321,26.6236513929539
preannouncement_2005,377,2.94859467964598,8.03251732645172,23.6846378529397
preannouncement_2005,378,3.83994018384391,7.43899950409728,28.565313123378
preannouncement_2005,379,3.4579125833737,7.69934194431794,26.6236513929539
preannouncement_2005,380,3.54552659592734,7.50908240923532,26.6236513929539
preannouncement_2005,381,3.30361136422022,7.40691570087657,24.469570883237
preannouncement_2005,382,3.38001609315094,7.8767824351199,26.6236513929539
preannouncement_2005,383,3.14365983859933,7.95717540501489,25.0146527494357
preannouncement_2005,384,3.47350264057161,8.33580485761547,28.9544401842169
preannouncement_2005,385,3.18377380728176,7.7654611404181,24.7234717803275
preannouncement_2005,386,3.47624862761716,7.36897097780377,25.616375248541
preannouncement_2005,387,3.59443153778612,7.40691570087657,26.6236513929539
preannouncement_2005,388,3.02542494481236,9.08305398780184,27.4800981097731
preannouncement_2005,389,3.45803368026087,9.60842591250807,33.2262604197442
preannouncement_2005,390,3.07792324317947,8.03251732645172,24.7234717803275
preannouncement_2005,391,3.71250975177305,7.40202718569262,27.4800981097731
preannouncement_2005,392,3.79513527778356,8.75496075574651,33.2262604197442
preannouncement_2005,393,3.15413209792588,7.50908240923532,23.6846378529397
preannouncement_2005,394,3.21927995107368,7.95717540501489,25.616375248541
preannouncement_2005,395,3.52070437386317,7.56202411954871,26.6236513929539
preannouncement_2005,396,3.33125292627905,7.50908240923532,25.0146527494357
preannouncement_2005,397,3.26991224468069,8.27269719549056,27.0509938560702
preannouncement_2005,398,3.47350264057161,8.33580485761547,28.9544401842169
preannouncement_2005,399,2.93124786187189,9.22849077621004,27.0509938560702
preannouncement_2005,400,3.23584935678535,7.56202411954871,24.469570883237
preannouncement_2005,401,4.03636865342163,6.80812395232487,27.4800981097731
preannouncement_2005,402,3.52070437386317,7.56202411954871,26.6236513929539
preannouncement_2005,403,3.30933450192904,7.74064248676252,25.616375248541
preannouncement_2005,404,3.30720388040712,8.75496075574651,28.9544401842169
preannouncement_2005,405,2.6794292307251,7.40202718569262,19.8332080079667
preannouncement_2005,406,3.46072428618675,7.40202718569262,25.616375248541
preannouncement_2005,407,3.61945904173107,7.59232188924848,27.4800981097731
preannouncement_2005,408,3.12462041804598,7.39299098025137,23.1002905673232
preannouncement_2005,409,2.93547789340125,8.33580485761547,24.469570883237
preannouncement_2005,410,3.78937164946574,9.05746431972595,34.322098509217
preannouncement_2005,411,3.61945904173107,7.59232188924848,27.4800981097731
preannouncement_2005,412,2.74459313246226,9.00806443326895,24.7234717803275
preannouncement_2005,413,3.37943270429843,7.40202718569262,25.0146527494357
preannouncement_2005,414,2.85126044566297,8.91543931492196,25.4202394743455
preannouncement_2005,415,2.97351283423125,7.56202411954871,22.4857757722444
preannouncement_2005,416,3.10654395811867,7.8767824351199,24.469570883237
preannouncement_2005,417,3.39308554837261,7.54958131274561,25.616375248541
preannouncement_2005,418,3.25866324933952,7.50908240923532,24.469570883237
preannouncement_2005,419,3.23584935678535,7.56202411954871,24.469570883237
preannouncement_2005,420,3.55620933792576,8.03251732645172,28.565313123378
preannouncement_2005,421,2.85126044566297,8.91543931492196,25.4202394743455
preannouncement_2005,422,3.16877272044465,6.57349969497263,20.8299265112805
preannouncement_2005,423,5.15981582468999,7.59232188924848,39.1749826302845
preannouncement_2005,424,3.72861825726141,7.7654611404181,28.9544401842169
preannouncement_2005,425,3.32708631903869,7.69934194431794,25.616375248541
preannouncement_2005,426,3.34815091419441,7.59232188924848,25.4202394743455
preannouncement_2005,427,3.1645990650621,7.39299098025137,23.395852344116
preannouncement_2005,428,3.13205002767872,7.56202411954871,23.6846378529397
preannouncement_2005,429,3.36710585942425,7.54958131274561,25.4202394743455
preannouncement_2005,430,2.97818265667016,9.08305398780184,27.0509938560702
preannouncement_2005,431,3.57929956723834,9.28289454279468,33.2262604197442
preannouncement_2005,432,3.30720388040712,8.75496075574651,28.9544401842169
preannouncement_2005,433,3.79513527778356,8.75496075574651,33.2262604197442
preannouncement_2005,434,2.8546904725955,7.8767824351199,22.4857757722444
preannouncement_2005,435,3.67082448413618,6.92494004663026,25.4202394743455
preannouncement_2005,436,3.13877804598156,7.8767824351199,24.7234717803275
preannouncement_2005,437,3.27350031307695,7.7654611404181,25.4202394743455
preannouncement_2005,438,2.82705084275572,9.41746465620762,26.6236513929539
preannouncement_2005,439,3.92030295357851,8.75496075574651,34.322098509217
preannouncement_2005,440,3.42740028004844,9.69430405113772,33.2262604197442
preannouncement_2005,441,2.94887989666074,7.40691570087657,21.8421048065757
preannouncement_2005,442,3.39957239588079,7.95717540501489,27.0509938560702
preannouncement_2005,443,2.8919247311828,9.50235592699321,27.4800981097731
preannouncement_2005,444,2.62527895594817,9.41746465620762,24.7234717803275
preannouncement_2005,445,2.72962397726294,9.05746431972595,24.7234717803275
preannouncement_2005,446,3.08698870276588,6.80812395232487,21.0166017278566
preannouncement_2005,447,3.15864973883087,7.40691570087657,23.395852344116
preannouncement_2005,448,3.45296249196078,8.27269719549056,28.565313123378
preannouncement_2005,449,2.98624110966617,8.91543931492196,26.6236513929539
preannouncement_2005,450,2.85719758743827,8.75496075574651,25.0146527494357
preannouncement_2005,451,3.54552659592734,7.50908240923532,26.6236513929539
preannouncement_2005,452,3.65958137254902,7.50908240923532,27.4800981097731
preannouncement_2005,453,3.83523787409701,7.54958131274561,28.9544401842169
preannouncement_2005,454,4.38694024604103,6.16625537137922,27.0509938560702
preannouncement_2005,455,2.95553518629667,9.00806443326895,26.6236513929539
preannouncement_2005,456,2.93616161616162,7.43899950409728,21.8421048065757
preannouncement_2005,457,3.33581091125316,6.92494004663026,23.1002905673232
preannouncement_2005,458,3.54552659592734,7.50908240923532,26.6236513929539
preannouncement_2005,459,3.51593508651872,7.28579300191372,25.616375248541
preannouncement_2005,460,4.02599057204739,7.69934194431794,30.9974780787931
preannouncement_2005,461,4.17563503737819,7.95717540501489,33.2262604197442
preannouncement_2005,462,4.04103094184331,9.69430405113772,39.1749826302845
preannouncement_2005,463,4.12799812140425,7.50908240923532,30.9974780787931
preannouncement_2005,464,3.34009470109966,7.40202718569262,24.7234717803275
preannouncement_2005,465,2.8282060347455,9.05746431972595,25.616375248541
preannouncement_2005,466,4.48555800531734,9.39835864154697,42.1568828414344
preannouncement_2005,467,3.059810817366,7.54958131274561,23.1002905673232
preannouncement_2005,468,3.27481362954367,7.54958131274561,24.7234717803275
preannouncement_2005,469,3.13721210114712,7.54958131274561,23.6846378529397
preannouncement_2005,470,3.38750245219659,7.56202411954871,25.616375248541
preannouncement_2005,471,3.13880311704835,8.75496075574651,27.4800981097731
preannouncement_2005,472,2.84371581023928,9.00806443326895,25.616375248541
preannouncement_2005,473,3.09386111102648,7.56202411954871,23.395852344116
preannouncement_2005,474,3.85592254901961,7.50908240923532,28.9544401842169
preannouncement_2005,475,3.8522141440846,9.28289454279468,35.7596976557994
preannouncement_2005,476,3.51341634800797,7.69934194431794,27.0509938560702
preannouncement_2005,477,3.29663404784094,8.33580485761547,27.4800981097731
preannouncement_2005,478,2.89561371380885,7.7654611404181,22.4857757722444
preannouncement_2005,479,2.94022076343461,7.95717540501489,23.395852344116
preannouncement_2005,480,3.4615449556775,7.06897388205312,24.469570883237
preannouncement_2005,481,2.97351283423125,7.56202411954871,22.4857757722444
preannouncement_2005,482,2.60360046009154,9.39835864154697,24.469570883237
preannouncement_2005,483,3.58988104062343,7.95717540501489,28.565313123378
preannouncement_2005,484,3.03322753694105,9.41746465620762,28.565313123378
preannouncement_2005,485,3.25866324933952,7.50908240923532,24.469570883237
preannouncement_2005,486,2.56646925562259,9.22849077621004,23.6846378529397
preannouncement_2005,487,3.29817995471717,9.39835864154697,30.9974780787931
preannouncement_2005,488,3.17059386140336,7.28579300191372,23.1002905673232
preannouncement_2005,489,3.04999760151584,7.7654611404181,23.6846378529397
preannouncement_2005,490,2.72562223102443,9.39835864154697,25.616375248541
preannouncement_2005,491,3.17813795778941,7.69934194431794,24.469570883237
preannouncement_2005,492,4.72885263131553,7.56202411954871,35.7596976557994
preannouncement_2005,493,3.42847010776755,7.7654611404181,26.6236513929539
preannouncement_2005,494,3.26942514192919,7.56202411954871,24.7234717803275
preannouncement_2005,495,2.9035240914884,8.75496075574651,25.4202394743455
preannouncement_2005,496,2.98659678925334,9.05746431972595,27.0509938560702
preannouncement_2005,497,3.6012016603392,7.39299098025137,26.6236513929539
preannouncement_2005,498,3.22293644028561,7.59232188924848,24.469570883237
preannouncement_2005,499,2.8919247311828,9.50235592699321,27.4800981097731
