stage,cell,case_id,case_directory,status,loss,task_id,proposal_index,started_solves,completed_solves,unfinished_solves,score_path,checkpoint_sha256,validity_exception,smoke_index,common_parameter_anchor,repeat_index
production,B_floor,worker01_proposal01,/scratch/td2248/projects/Fertility_Spring26_native_financing_20260919a/utility_overnight_20260923_v1/results/production/B_floor/worker01_proposal01,verified_scored,949.9073897987362,1,1,6,6,0,/scratch/td2248/projects/Fertility_Spring26_native_financing_20260919a/utility_overnight_20260923_v1/results/production/B_floor/worker01_proposal01/result/evaluation/scored_repetition_01/score.json,529551b034dc4f2ac4069070b8a2f2f1969039707403c28ebe8c889717f7e4f6,,,,
production,B_floor,worker01_proposal02,/scratch/td2248/projects/Fertility_Spring26_native_financing_20260919a/utility_overnight_20260923_v1/results/production/B_floor/worker01_proposal02,verified_scored,748.6442718401382,1,2,6,6,0,/scratch/td2248/projects/Fertility_Spring26_native_financing_20260919a/utility_overnight_20260923_v1/results/production/B_floor/worker01_proposal02/result/evaluation/scored_repetition_01/score.json,0e479d54f8b6d833448bf40d8f71785fb59092fcfd8fe13fb35f605ec85b1262,,,,
production,B_floor,worker01_proposal03,/scratch/td2248/projects/Fertility_Spring26_native_financing_20260919a/utility_overnight_20260923_v1/results/production/B_floor/worker01_proposal03,verified_scored,1087.5723883909795,1,3,6,6,0,/scratch/td2248/projects/Fertility_Spring26_native_financing_20260919a/utility_overnight_20260923_v1/results/production/B_floor/worker01_proposal03/result/evaluation/scored_repetition_01/score.json,9340c20e0b5f7621f08c54a90ce537a1b1b38bb38f618989d2b4606daba4931d,,,,
production,B_floor,worker01_proposal04,/scratch/td2248/projects/Fertility_Spring26_native_financing_20260919a/utility_overnight_20260923_v1/results/production/B_floor/worker01_proposal04,verified_scored,724.9496050721009,1,4,6,6,0,/scratch/td2248/projects/Fertility_Spring26_native_financing_20260919a/utility_overnight_20260923_v1/results/production/B_floor/worker01_proposal04/result/evaluation/scored_repetition_01/score.json,baac97a2772093c60f3605f64326158b60b1bf3f8fa9623b2aafb906fca68137,,,,
production,B_floor,worker01_proposal05,/scratch/td2248/projects/Fertility_Spring26_native_financing_20260919a/utility_overnight_20260923_v1/results/production/B_floor/worker01_proposal05,verified_scored,693.5797402516273,1,5,6,6,0,/scratch/td2248/projects/Fertility_Spring26_native_financing_20260919a/utility_overnight_20260923_v1/results/production/B_floor/worker01_proposal05/result/evaluation/scored_repetition_01/score.json,fc9d02786b6059845e1a5f0b935c3dcdcfceb6d930ed4b10950351a8803abf9e,,,,
production,B_floor,worker01_proposal06,/scratch/td2248/projects/Fertility_Spring26_native_financing_20260919a/utility_overnight_20260923_v1/results/production/B_floor/worker01_proposal06,verified_scored,880.8090522395762,1,6,6,6,0,/scratch/td2248/projects/Fertility_Spring26_native_financing_20260919a/utility_overnight_20260923_v1/results/production/B_floor/worker01_proposal06/result/evaluation/scored_repetition_01/score.json,48fdd6eff9325e07f302b2fd6dd3b09e87bff213219bded8674e6bc9e128da36,,,,
production,B_floor,worker01_proposal07,/scratch/td2248/projects/Fertility_Spring26_native_financing_20260919a/utility_overnight_20260923_v1/results/production/B_floor/worker01_proposal07,verified_scored,955.4458824404826,1,7,6,6,0,/scratch/td2248/projects/Fertility_Spring26_native_financing_20260919a/utility_overnight_20260923_v1/results/production/B_floor/worker01_proposal07/result/evaluation/scored_repetition_01/score.json,45f54ad6493cbadcdd8466bc6484ac6cfc2c873f321763e0754964aa38e74ac4,,,,
production,B_floor,worker01_proposal08,/scratch/td2248/projects/Fertility_Spring26_native_financing_20260919a/utility_overnight_20260923_v1/results/production/B_floor/worker01_proposal08,verified_scored,733.0370607847573,1,8,6,6,0,/scratch/td2248/projects/Fertility_Spring26_native_financing_20260919a/utility_overnight_20260923_v1/results/production/B_floor/worker01_proposal08/result/evaluation/scored_repetition_01/score.json,2653a31d0417dcaf55eb27b55237dd95a3f6181b0f615535d1285b6b9ab087b5,,,,
production,B_floor,worker01_proposal09,/scratch/td2248/projects/Fertility_Spring26_native_financing_20260919a/utility_overnight_20260923_v1/results/production/B_floor/worker01_proposal09,verified_scored,626.5583260639098,1,9,4,4,0,/scratch/td2248/projects/Fertility_Spring26_native_financing_20260919a/utility_overnight_20260923_v1/results/production/B_floor/worker01_proposal09/result/evaluation/scored_repetition_01/score.json,8ba035549b2d2543d76bfa02f4c4b7bbd78fc40d70f79681207b0e6ec5b925c1,,,,
production,B_floor,worker01_proposal10,/scratch/td2248/projects/Fertility_Spring26_native_financing_20260919a/utility_overnight_20260923_v1/results/production/B_floor/worker01_proposal10,verified_scored,610.9730135113623,1,10,4,4,0,/scratch/td2248/projects/Fertility_Spring26_native_financing_20260919a/utility_overnight_20260923_v1/results/production/B_floor/worker01_proposal10/result/evaluation/scored_repetition_01/score.json,f316ea4231afad35fc05c566581c7fa313276dcb3bb73f001dc8363b9fb44f59,,,,
production,B_floor,worker01_proposal11,/scratch/td2248/projects/Fertility_Spring26_native_financing_20260919a/utility_overnight_20260923_v1/results/production/B_floor/worker01_proposal11,verified_scored,711.7878095091261,1,11,5,5,0,/scratch/td2248/projects/Fertility_Spring26_native_financing_20260919a/utility_overnight_20260923_v1/results/production/B_floor/worker01_proposal11/result/evaluation/scored_repetition_01/score.json,576c633b1a312bd9415b36e5a4b32c46a650981ac0301986a7b05d2d006b5e35,,,,
production,B_floor,worker01_proposal12,/scratch/td2248/projects/Fertility_Spring26_native_financing_20260919a/utility_overnight_20260923_v1/results/production/B_floor/worker01_proposal12,verified_scored,927.6864879171583,1,12,6,6,0,/scratch/td2248/projects/Fertility_Spring26_native_financing_20260919a/utility_overnight_20260923_v1/results/production/B_floor/worker01_proposal12/result/evaluation/scored_repetition_01/score.json,bb9ad1feb143fd3f8a6c6f8e8861ce746e82d1ccabc4cc587e5320f69a986313,,,,
production,B_floor,worker01_proposal13,/scratch/td2248/projects/Fertility_Spring26_native_financing_20260919a/utility_overnight_20260923_v1/results/production/B_floor/worker01_proposal13,verified_scored,727.7283481835359,1,13,4,4,0,/scratch/td2248/projects/Fertility_Spring26_native_financing_20260919a/utility_overnight_20260923_v1/results/production/B_floor/worker01_proposal13/result/evaluation/scored_repetition_01/score.json,730f00febf49e80911946b9cdda83cd5b399591da0117112c08a06bca0680d9f,,,,
production,B_floor,worker01_proposal14,/scratch/td2248/projects/Fertility_Spring26_native_financing_20260919a/utility_overnight_20260923_v1/results/production/B_floor/worker01_proposal14,verified_scored,629.356049091527,1,14,4,4,0,/scratch/td2248/projects/Fertility_Spring26_native_financing_20260919a/utility_overnight_20260923_v1/results/production/B_floor/worker01_proposal14/result/evaluation/scored_repetition_01/score.json,f5571aab255b24fc1a0fb7720b27f88d069edb5fe773de43eb977fd28f5192fd,,,,
production,B_floor,worker01_proposal15,/scratch/td2248/projects/Fertility_Spring26_native_financing_20260919a/utility_overnight_20260923_v1/results/production/B_floor/worker01_proposal15,verified_scored,618.7551219784596,1,15,5,5,0,/scratch/td2248/projects/Fertility_Spring26_native_financing_20260919a/utility_overnight_20260923_v1/results/production/B_floor/worker01_proposal15/result/evaluation/scored_repetition_01/score.json,3c682eaa65b5f96710d608a2628ed12933e24bdd441231d7c94675e05b82261c,,,,
production,B_floor,worker01_proposal16,/scratch/td2248/projects/Fertility_Spring26_native_financing_20260919a/utility_overnight_20260923_v1/results/production/B_floor/worker01_proposal16,verified_scored,720.2253583694787,1,16,5,5,0,/scratch/td2248/projects/Fertility_Spring26_native_financing_20260919a/utility_overnight_20260923_v1/results/production/B_floor/worker01_proposal16/result/evaluation/scored_repetition_01/score.json,7c8a3a23be9fef3924eaf0a64d50666252b29af63c0681b51de66ecde3690718,,,,
production,B_floor,worker01_proposal17,/scratch/td2248/projects/Fertility_Spring26_native_financing_20260919a/utility_overnight_20260923_v1/results/production/B_floor/worker01_proposal17,verified_scored,550.4625251055282,1,17,4,4,0,/scratch/td2248/projects/Fertility_Spring26_native_financing_20260919a/utility_overnight_20260923_v1/results/production/B_floor/worker01_proposal17/result/evaluation/scored_repetition_01/score.json,0babec61ff9c736bec654c643d12e7ed7148e4cd22855a951c5de65bbfa93a38,,,,
production,B_floor,worker01_proposal18,/scratch/td2248/projects/Fertility_Spring26_native_financing_20260919a/utility_overnight_20260923_v1/results/production/B_floor/worker01_proposal18,verified_scored,899.6834140074455,1,18,6,6,0,/scratch/td2248/projects/Fertility_Spring26_native_financing_20260919a/utility_overnight_20260923_v1/results/production/B_floor/worker01_proposal18/result/evaluation/scored_repetition_01/score.json,5136ca0ac8b7be8f42e16ae26d8657af0cd4814aa7953814605ab221860fd33d,,,,
production,B_floor,worker02_proposal01,/scratch/td2248/projects/Fertility_Spring26_native_financing_20260919a/utility_overnight_20260923_v1/results/production/B_floor/worker02_proposal01,verified_scored,875.2927584608595,2,1,6,6,0,/scratch/td2248/projects/Fertility_Spring26_native_financing_20260919a/utility_overnight_20260923_v1/results/production/B_floor/worker02_proposal01/result/evaluation/scored_repetition_01/score.json,47e2ad8b4f994da3500977b27bfe4c1a409b66b16621c7f400a1c6593dcb1398,,,,
production,B_floor,worker02_proposal02,/scratch/td2248/projects/Fertility_Spring26_native_financing_20260919a/utility_overnight_20260923_v1/results/production/B_floor/worker02_proposal02,verified_scored,1138.3256017831914,2,2,6,6,0,/scratch/td2248/projects/Fertility_Spring26_native_financing_20260919a/utility_overnight_20260923_v1/results/production/B_floor/worker02_proposal02/result/evaluation/scored_repetition_01/score.json,d32150b23eb3f54ccd2583b28e72bff630ebb020af7f49c91250eeec7e8d5214,,,,
production,B_floor,worker02_proposal03,/scratch/td2248/projects/Fertility_Spring26_native_financing_20260919a/utility_overnight_20260923_v1/results/production/B_floor/worker02_proposal03,verified_scored,2196.4335670990336,2,3,6,6,0,/scratch/td2248/projects/Fertility_Spring26_native_financing_20260919a/utility_overnight_20260923_v1/results/production/B_floor/worker02_proposal03/result/evaluation/scored_repetition_01/score.json,b56dd35c060f2d6027e9fd201140c5c1854fb368f512d185baa66740909c87e4,,,,
production,B_floor,worker02_proposal04,/scratch/td2248/projects/Fertility_Spring26_native_financing_20260919a/utility_overnight_20260923_v1/results/production/B_floor/worker02_proposal04,verified_scored,1809.0057048510691,2,4,6,6,0,/scratch/td2248/projects/Fertility_Spring26_native_financing_20260919a/utility_overnight_20260923_v1/results/production/B_floor/worker02_proposal04/result/evaluation/scored_repetition_01/score.json,83a3e7cfab9e78e3b87618aaef51e81b5e718bc7b8d98cdb0ac38b62b3c36b5e,,,,
production,B_floor,worker02_proposal05,/scratch/td2248/projects/Fertility_Spring26_native_financing_20260919a/utility_overnight_20260923_v1/results/production/B_floor/worker02_proposal05,verified_scored,842.5116924970314,2,5,6,6,0,/scratch/td2248/projects/Fertility_Spring26_native_financing_20260919a/utility_overnight_20260923_v1/results/production/B_floor/worker02_proposal05/result/evaluation/scored_repetition_01/score.json,71b5d0382e1c2a536a06b995b9fa2a283a9086fb4845d48e73c854863ab27188,,,,
production,B_floor,worker02_proposal06,/scratch/td2248/projects/Fertility_Spring26_native_financing_20260919a/utility_overnight_20260923_v1/results/production/B_floor/worker02_proposal06,verified_scored,713.9095167140132,2,6,6,6,0,/scratch/td2248/projects/Fertility_Spring26_native_financing_20260919a/utility_overnight_20260923_v1/results/production/B_floor/worker02_proposal06/result/evaluation/scored_repetition_01/score.json,a3017c7c551f7d1244cac7bd564f258051c340407303aec956daef2af5209924,,,,
production,B_floor,worker02_proposal07,/scratch/td2248/projects/Fertility_Spring26_native_financing_20260919a/utility_overnight_20260923_v1/results/production/B_floor/worker02_proposal07,verified_scored,726.3826700770101,2,7,5,5,0,/scratch/td2248/projects/Fertility_Spring26_native_financing_20260919a/utility_overnight_20260923_v1/results/production/B_floor/worker02_proposal07/result/evaluation/scored_repetition_01/score.json,d8c4497cdbfea931fd3a696eb4d463f30b26099e6a353636e6eeb2821d5f2354,,,,
production,B_floor,worker02_proposal08,/scratch/td2248/projects/Fertility_Spring26_native_financing_20260919a/utility_overnight_20260923_v1/results/production/B_floor/worker02_proposal08,verified_scored,773.0916501377174,2,8,6,6,0,/scratch/td2248/projects/Fertility_Spring26_native_financing_20260919a/utility_overnight_20260923_v1/results/production/B_floor/worker02_proposal08/result/evaluation/scored_repetition_01/score.json,1ca54efc9f5b9c4fe832a13f64e9a56a726789d672bbdd7738ee7f3293f326c0,,,,
production,B_floor,worker02_proposal09,/scratch/td2248/projects/Fertility_Spring26_native_financing_20260919a/utility_overnight_20260923_v1/results/production/B_floor/worker02_proposal09,verified_scored,867.7047859869822,2,9,6,6,0,/scratch/td2248/projects/Fertility_Spring26_native_financing_20260919a/utility_overnight_20260923_v1/results/production/B_floor/worker02_proposal09/result/evaluation/scored_repetition_01/score.json,8842695312c3f9b7d569181779023c0f5744d14530c4d6fd331c9a0e0e6b2b98,,,,
production,B_floor,worker02_proposal10,/scratch/td2248/projects/Fertility_Spring26_native_financing_20260919a/utility_overnight_20260923_v1/results/production/B_floor/worker02_proposal10,verified_scored,688.3532265144947,2,10,4,4,0,/scratch/td2248/projects/Fertility_Spring26_native_financing_20260919a/utility_overnight_20260923_v1/results/production/B_floor/worker02_proposal10/result/evaluation/scored_repetition_01/score.json,a529519918115c4e44003b8104e2910ac602e6ecd33a8c7479f2ae6fb7925ff4,,,,
production,B_floor,worker02_proposal11,/scratch/td2248/projects/Fertility_Spring26_native_financing_20260919a/utility_overnight_20260923_v1/results/production/B_floor/worker02_proposal11,verified_scored,730.6503911716101,2,11,6,6,0,/scratch/td2248/projects/Fertility_Spring26_native_financing_20260919a/utility_overnight_20260923_v1/results/production/B_floor/worker02_proposal11/result/evaluation/scored_repetition_01/score.json,b678f1452c296277866a667361dbfee15f7de1a4c74e64fc4c84bb0657901e65,,,,
production,B_floor,worker02_proposal12,/scratch/td2248/projects/Fertility_Spring26_native_financing_20260919a/utility_overnight_20260923_v1/results/production/B_floor/worker02_proposal12,verified_scored,782.4877364339135,2,12,5,5,0,/scratch/td2248/projects/Fertility_Spring26_native_financing_20260919a/utility_overnight_20260923_v1/results/production/B_floor/worker02_proposal12/result/evaluation/scored_repetition_01/score.json,fb2cad222f1679cc3ef22b1e1f0eba36f2c531bec020d6e4cd098a507c4da1c9,,,,
production,B_floor,worker02_proposal13,/scratch/td2248/projects/Fertility_Spring26_native_financing_20260919a/utility_overnight_20260923_v1/results/production/B_floor/worker02_proposal13,verified_scored,671.808753200261,2,13,6,6,0,/scratch/td2248/projects/Fertility_Spring26_native_financing_20260919a/utility_overnight_20260923_v1/results/production/B_floor/worker02_proposal13/result/evaluation/scored_repetition_01/score.json,f97e827eac205c6617d8c3169236dcda5561eb2092573b102d1f225b9e17f5e3,,,,
production,B_floor,worker02_proposal14,/scratch/td2248/projects/Fertility_Spring26_native_financing_20260919a/utility_overnight_20260923_v1/results/production/B_floor/worker02_proposal14,verified_scored,993.8938067468736,2,14,6,6,0,/scratch/td2248/projects/Fertility_Spring26_native_financing_20260919a/utility_overnight_20260923_v1/results/production/B_floor/worker02_proposal14/result/evaluation/scored_repetition_01/score.json,ba1d2d28de62765ea07d22c7de860610c44b84497733551d4fa660d443cb8d33,,,,
production,B_floor,worker02_proposal15,/scratch/td2248/projects/Fertility_Spring26_native_financing_20260919a/utility_overnight_20260923_v1/results/production/B_floor/worker02_proposal15,verified_scored,699.7676652947865,2,15,6,6,0,/scratch/td2248/projects/Fertility_Spring26_native_financing_20260919a/utility_overnight_20260923_v1/results/production/B_floor/worker02_proposal15/result/evaluation/scored_repetition_01/score.json,4046dba3b075cd67711f38d4a65b97c14d23a4cf13c76305298d7e4232d23220,,,,
production,B_floor,worker02_proposal16,/scratch/td2248/projects/Fertility_Spring26_native_financing_20260919a/utility_overnight_20260923_v1/results/production/B_floor/worker02_proposal16,verified_scored,710.4000194757748,2,16,4,4,0,/scratch/td2248/projects/Fertility_Spring26_native_financing_20260919a/utility_overnight_20260923_v1/results/production/B_floor/worker02_proposal16/result/evaluation/scored_repetition_01/score.json,800e84f0c335c987abc9c0bf4d65067f34a7e651c63910f423916f01ee95e10d,,,,
production,B_floor,worker02_proposal17,/scratch/td2248/projects/Fertility_Spring26_native_financing_20260919a/utility_overnight_20260923_v1/results/production/B_floor/worker02_proposal17,verified_scored,605.3349873899143,2,17,6,6,0,/scratch/td2248/projects/Fertility_Spring26_native_financing_20260919a/utility_overnight_20260923_v1/results/production/B_floor/worker02_proposal17/result/evaluation/scored_repetition_01/score.json,cf2ed34df2cbc35d7d2fdaf9ad42b1260d49960ae87c8197dc167e93f699d093,,,,
production,B_floor,worker02_proposal18,/scratch/td2248/projects/Fertility_Spring26_native_financing_20260919a/utility_overnight_20260923_v1/results/production/B_floor/worker02_proposal18,verified_scored,708.0031356627186,2,18,5,5,0,/scratch/td2248/projects/Fertility_Spring26_native_financing_20260919a/utility_overnight_20260923_v1/results/production/B_floor/worker02_proposal18/result/evaluation/scored_repetition_01/score.json,c929bbdc80c65258c5cd92ca55388a069a67be6df50932698d771d02b6d1c16c,,,,
production,B_floor,worker03_proposal01,/scratch/td2248/projects/Fertility_Spring26_native_financing_20260919a/utility_overnight_20260923_v1/results/production/B_floor/worker03_proposal01,verified_scored,3039.5067314205835,3,1,6,6,0,/scratch/td2248/projects/Fertility_Spring26_native_financing_20260919a/utility_overnight_20260923_v1/results/production/B_floor/worker03_proposal01/result/evaluation/scored_repetition_01/score.json,ffae6fe2694db04615996894fe70a99681dda71e7de3e4c285489fd41ac526fa,,,,
production,B_floor,worker03_proposal02,/scratch/td2248/projects/Fertility_Spring26_native_financing_20260919a/utility_overnight_20260923_v1/results/production/B_floor/worker03_proposal02,verified_scored,2673.7281067016575,3,2,6,6,0,/scratch/td2248/projects/Fertility_Spring26_native_financing_20260919a/utility_overnight_20260923_v1/results/production/B_floor/worker03_proposal02/result/evaluation/scored_repetition_01/score.json,d7d10946fc8c21b7338b377a31d6e8fc1e91046547a7665065f5729646b5ab9b,,,,
production,B_floor,worker03_proposal03,/scratch/td2248/projects/Fertility_Spring26_native_financing_20260919a/utility_overnight_20260923_v1/results/production/B_floor/worker03_proposal03,verified_scored,4373.086833990485,3,3,6,6,0,/scratch/td2248/projects/Fertility_Spring26_native_financing_20260919a/utility_overnight_20260923_v1/results/production/B_floor/worker03_proposal03/result/evaluation/scored_repetition_01/score.json,76ef4c40e8b46162214614408a22ad1c76dfce1be7918e8b9252eedc5009c90f,,,,
production,B_floor,worker03_proposal04,/scratch/td2248/projects/Fertility_Spring26_native_financing_20260919a/utility_overnight_20260923_v1/results/production/B_floor/worker03_proposal04,verified_scored,6219.232949320608,3,4,6,6,0,/scratch/td2248/projects/Fertility_Spring26_native_financing_20260919a/utility_overnight_20260923_v1/results/production/B_floor/worker03_proposal04/result/evaluation/scored_repetition_01/score.json,bca44615d7b87fa9ea327b744856aff2325be1dde539a28f4556232ff2e567cd,,,,
production,B_floor,worker03_proposal05,/scratch/td2248/projects/Fertility_Spring26_native_financing_20260919a/utility_overnight_20260923_v1/results/production/B_floor/worker03_proposal05,verified_scored,2423.633778064046,3,5,6,6,0,/scratch/td2248/projects/Fertility_Spring26_native_financing_20260919a/utility_overnight_20260923_v1/results/production/B_floor/worker03_proposal05/result/evaluation/scored_repetition_01/score.json,1966417d4d1788d0c8c69985384b1a5217f67fb3022d7c75f5c13178d15b4202,,,,
production,B_floor,worker03_proposal06,/scratch/td2248/projects/Fertility_Spring26_native_financing_20260919a/utility_overnight_20260923_v1/results/production/B_floor/worker03_proposal06,verified_scored,1062.8689853182618,3,6,6,6,0,/scratch/td2248/projects/Fertility_Spring26_native_financing_20260919a/utility_overnight_20260923_v1/results/production/B_floor/worker03_proposal06/result/evaluation/scored_repetition_01/score.json,3b511ebfd35ebcc07fe0e9ce2668d335e3215dc8d5ca6dff5df3ac8fcce0a45c,,,,
production,B_floor,worker03_proposal07,/scratch/td2248/projects/Fertility_Spring26_native_financing_20260919a/utility_overnight_20260923_v1/results/production/B_floor/worker03_proposal07,verified_scored,1268.4104629351295,3,7,5,5,0,/scratch/td2248/projects/Fertility_Spring26_native_financing_20260919a/utility_overnight_20260923_v1/results/production/B_floor/worker03_proposal07/result/evaluation/scored_repetition_01/score.json,27f8b1dd51f99db3393a2883649b4a979d4ce28bd3ab3a4f472ccb68615c75ac,,,,
production,B_floor,worker03_proposal08,/scratch/td2248/projects/Fertility_Spring26_native_financing_20260919a/utility_overnight_20260923_v1/results/production/B_floor/worker03_proposal08,verified_scored,1499.3843270487714,3,8,6,6,0,/scratch/td2248/projects/Fertility_Spring26_native_financing_20260919a/utility_overnight_20260923_v1/results/production/B_floor/worker03_proposal08/result/evaluation/scored_repetition_01/score.json,59a8a49128469b9d805b90ef78ef510ff7bf2b25858a42940c67a20ea6a29839,,,,
production,B_floor,worker03_proposal09,/scratch/td2248/projects/Fertility_Spring26_native_financing_20260919a/utility_overnight_20260923_v1/results/production/B_floor/worker03_proposal09,verified_scored,1322.98459027216,3,9,6,6,0,/scratch/td2248/projects/Fertility_Spring26_native_financing_20260919a/utility_overnight_20260923_v1/results/production/B_floor/worker03_proposal09/result/evaluation/scored_repetition_01/score.json,ee87309db4b0abaf9aea6bb60c90d15448395571d3fb7bb6ca2a7cb581b377cb,,,,
production,B_floor,worker03_proposal10,/scratch/td2248/projects/Fertility_Spring26_native_financing_20260919a/utility_overnight_20260923_v1/results/production/B_floor/worker03_proposal10,verified_scored,989.5826793208644,3,10,6,6,0,/scratch/td2248/projects/Fertility_Spring26_native_financing_20260919a/utility_overnight_20260923_v1/results/production/B_floor/worker03_proposal10/result/evaluation/scored_repetition_01/score.json,50c21b203a911efe5ee2857b40fec6c612d2a0a619fbe0c4829ace94a84e73f7,,,,
production,B_floor,worker03_proposal11,/scratch/td2248/projects/Fertility_Spring26_native_financing_20260919a/utility_overnight_20260923_v1/results/production/B_floor/worker03_proposal11,verified_scored,731.1536829618567,3,11,4,4,0,/scratch/td2248/projects/Fertility_Spring26_native_financing_20260919a/utility_overnight_20260923_v1/results/production/B_floor/worker03_proposal11/result/evaluation/scored_repetition_01/score.json,c40a99f2bae4dd35cc8e56e1eaa1a3db033099a3fb69c4a867f209ba6ef3c4cd,,,,
production,B_floor,worker03_proposal12,/scratch/td2248/projects/Fertility_Spring26_native_financing_20260919a/utility_overnight_20260923_v1/results/production/B_floor/worker03_proposal12,verified_scored,614.9131097412693,3,12,4,4,0,/scratch/td2248/projects/Fertility_Spring26_native_financing_20260919a/utility_overnight_20260923_v1/results/production/B_floor/worker03_proposal12/result/evaluation/scored_repetition_01/score.json,917d8512f894d5b8df860b068340cbdca24a0319022cda964bdf935b0c98d599,,,,
production,B_floor,worker03_proposal13,/scratch/td2248/projects/Fertility_Spring26_native_financing_20260919a/utility_overnight_20260923_v1/results/production/B_floor/worker03_proposal13,verified_scored,713.6786199176715,3,13,5,5,0,/scratch/td2248/projects/Fertility_Spring26_native_financing_20260919a/utility_overnight_20260923_v1/results/production/B_floor/worker03_proposal13/result/evaluation/scored_repetition_01/score.json,7659d2f954a77d4ca1d22469ea1be4e6453d8818f5475ca399fb57a73a331e0a,,,,
production,B_floor,worker03_proposal14,/scratch/td2248/projects/Fertility_Spring26_native_financing_20260919a/utility_overnight_20260923_v1/results/production/B_floor/worker03_proposal14,verified_scored,616.3064964518633,3,14,4,4,0,/scratch/td2248/projects/Fertility_Spring26_native_financing_20260919a/utility_overnight_20260923_v1/results/production/B_floor/worker03_proposal14/result/evaluation/scored_repetition_01/score.json,d2511368c8d8780ac6230a0233cf2ad6e86479f8839455dde7091a3efc7c3084,,,,
production,B_floor,worker03_proposal15,/scratch/td2248/projects/Fertility_Spring26_native_financing_20260919a/utility_overnight_20260923_v1/results/production/B_floor/worker03_proposal15,verified_scored,806.4806686793406,3,15,4,4,0,/scratch/td2248/projects/Fertility_Spring26_native_financing_20260919a/utility_overnight_20260923_v1/results/production/B_floor/worker03_proposal15/result/evaluation/scored_repetition_01/score.json,b9f8eea329b1a8375befa781455238d2997d594bba5887309d6adde6a57f2938,,,,
production,B_floor,worker03_proposal16,/scratch/td2248/projects/Fertility_Spring26_native_financing_20260919a/utility_overnight_20260923_v1/results/production/B_floor/worker03_proposal16,verified_scored,685.8904450945888,3,16,6,6,0,/scratch/td2248/projects/Fertility_Spring26_native_financing_20260919a/utility_overnight_20260923_v1/results/production/B_floor/worker03_proposal16/result/evaluation/scored_repetition_01/score.json,428dc7e4a020344a6f27825922500e6c18ded3887823d315ff6125130b867743,,,,
production,B_floor,worker03_proposal17,/scratch/td2248/projects/Fertility_Spring26_native_financing_20260919a/utility_overnight_20260923_v1/results/production/B_floor/worker03_proposal17,verified_scored,586.3098351654775,3,17,4,4,0,/scratch/td2248/projects/Fertility_Spring26_native_financing_20260919a/utility_overnight_20260923_v1/results/production/B_floor/worker03_proposal17/result/evaluation/scored_repetition_01/score.json,5e73db606b67e1c58562506baf04f74d1f584b4759f58e4c6856ae71678be20b,,,,
production,B_floor,worker03_proposal18,/scratch/td2248/projects/Fertility_Spring26_native_financing_20260919a/utility_overnight_20260923_v1/results/production/B_floor/worker03_proposal18,verified_scored,1059.5267561221033,3,18,6,6,0,/scratch/td2248/projects/Fertility_Spring26_native_financing_20260919a/utility_overnight_20260923_v1/results/production/B_floor/worker03_proposal18/result/evaluation/scored_repetition_01/score.json,f339260396e14491b55b228743181b00f0fd4a03a9c8078d61a240a927caea03,,,,
production,B_floor,worker04_proposal01,/scratch/td2248/projects/Fertility_Spring26_native_financing_20260919a/utility_overnight_20260923_v1/results/production/B_floor/worker04_proposal01,verified_scored,901.9316003637083,4,1,6,6,0,/scratch/td2248/projects/Fertility_Spring26_native_financing_20260919a/utility_overnight_20260923_v1/results/production/B_floor/worker04_proposal01/result/evaluation/scored_repetition_01/score.json,6bdd9e83e7273a3292dc0c4e394569cc2d72e5a00f4764e6e2a36a188cfcd7f9,,,,
production,B_floor,worker04_proposal02,/scratch/td2248/projects/Fertility_Spring26_native_financing_20260919a/utility_overnight_20260923_v1/results/production/B_floor/worker04_proposal02,verified_scored,959.4319628929204,4,2,4,4,0,/scratch/td2248/projects/Fertility_Spring26_native_financing_20260919a/utility_overnight_20260923_v1/results/production/B_floor/worker04_proposal02/result/evaluation/scored_repetition_01/score.json,42a782492e6b65143bcc18b1143106f0a3645e27e3c23ccfb8e9c70184f30c35,,,,
production,B_floor,worker04_proposal03,/scratch/td2248/projects/Fertility_Spring26_native_financing_20260919a/utility_overnight_20260923_v1/results/production/B_floor/worker04_proposal03,verified_scored,1062.572946538193,4,3,6,6,0,/scratch/td2248/projects/Fertility_Spring26_native_financing_20260919a/utility_overnight_20260923_v1/results/production/B_floor/worker04_proposal03/result/evaluation/scored_repetition_01/score.json,2d500aa9fa2ac59ad5687edd7d2a24dd75d9facf9d25e06615820b9eaa4aab57,,,,
production,B_floor,worker04_proposal04,/scratch/td2248/projects/Fertility_Spring26_native_financing_20260919a/utility_overnight_20260923_v1/results/production/B_floor/worker04_proposal04,verified_scored,905.55296681862,4,4,5,5,0,/scratch/td2248/projects/Fertility_Spring26_native_financing_20260919a/utility_overnight_20260923_v1/results/production/B_floor/worker04_proposal04/result/evaluation/scored_repetition_01/score.json,8913dc2f305fb3d41cdd84e5fae09c9fc28fbc6fc9854e0832aa3a05275abc54,,,,
production,B_floor,worker04_proposal05,/scratch/td2248/projects/Fertility_Spring26_native_financing_20260919a/utility_overnight_20260923_v1/results/production/B_floor/worker04_proposal05,verified_scored,931.8177382538523,4,5,5,5,0,/scratch/td2248/projects/Fertility_Spring26_native_financing_20260919a/utility_overnight_20260923_v1/results/production/B_floor/worker04_proposal05/result/evaluation/scored_repetition_01/score.json,c5a2b06e3bb91a3da4ff673e37dd3da64d1a2695c6bcbe74b4a59750cc260b28,,,,
production,B_floor,worker04_proposal06,/scratch/td2248/projects/Fertility_Spring26_native_financing_20260919a/utility_overnight_20260923_v1/results/production/B_floor/worker04_proposal06,verified_scored,860.354868410144,4,6,4,4,0,/scratch/td2248/projects/Fertility_Spring26_native_financing_20260919a/utility_overnight_20260923_v1/results/production/B_floor/worker04_proposal06/result/evaluation/scored_repetition_01/score.json,3370c67b22e0c1d5d68a5ab2d639647fccca73de302aa6603896f1a05ca2897c,,,,
production,B_floor,worker04_proposal07,/scratch/td2248/projects/Fertility_Spring26_native_financing_20260919a/utility_overnight_20260923_v1/results/production/B_floor/worker04_proposal07,verified_scored,897.4807336706938,4,7,5,5,0,/scratch/td2248/projects/Fertility_Spring26_native_financing_20260919a/utility_overnight_20260923_v1/results/production/B_floor/worker04_proposal07/result/evaluation/scored_repetition_01/score.json,868a15b9daffd45a6d806d89daba5ae79fd20b1238e72ca429519fe8c54363df,,,,
production,B_floor,worker04_proposal08,/scratch/td2248/projects/Fertility_Spring26_native_financing_20260919a/utility_overnight_20260923_v1/results/production/B_floor/worker04_proposal08,verified_scored,1244.923844664014,4,8,6,6,0,/scratch/td2248/projects/Fertility_Spring26_native_financing_20260919a/utility_overnight_20260923_v1/results/production/B_floor/worker04_proposal08/result/evaluation/scored_repetition_01/score.json,037f1a7336951481540ebc7f5cb4d284f6b597879fc40f460b9904a4c33bbf36,,,,
production,B_floor,worker04_proposal09,/scratch/td2248/projects/Fertility_Spring26_native_financing_20260919a/utility_overnight_20260923_v1/results/production/B_floor/worker04_proposal09,verified_scored,862.8535968670428,4,9,5,5,0,/scratch/td2248/projects/Fertility_Spring26_native_financing_20260919a/utility_overnight_20260923_v1/results/production/B_floor/worker04_proposal09/result/evaluation/scored_repetition_01/score.json,20dacce2d17b5d6662d7b0a764f2fa8ee44e9685c85de0fdd3d664f7d2fb37a0,,,,
production,B_floor,worker04_proposal10,/scratch/td2248/projects/Fertility_Spring26_native_financing_20260919a/utility_overnight_20260923_v1/results/production/B_floor/worker04_proposal10,verified_scored,831.0008000074198,4,10,4,4,0,/scratch/td2248/projects/Fertility_Spring26_native_financing_20260919a/utility_overnight_20260923_v1/results/production/B_floor/worker04_proposal10/result/evaluation/scored_repetition_01/score.json,a475843bce5cb573bff6618a40d3f169ea32d2511cc68bf1e6e059a60f187c9c,,,,
production,B_floor,worker04_proposal11,/scratch/td2248/projects/Fertility_Spring26_native_financing_20260919a/utility_overnight_20260923_v1/results/production/B_floor/worker04_proposal11,verified_scored,904.3021823836287,4,11,6,6,0,/scratch/td2248/projects/Fertility_Spring26_native_financing_20260919a/utility_overnight_20260923_v1/results/production/B_floor/worker04_proposal11/result/evaluation/scored_repetition_01/score.json,f20a834e76e308c041fb49f86c34709a835d077c7455cea40c2897eeda5f8d67,,,,
production,B_floor,worker04_proposal12,/scratch/td2248/projects/Fertility_Spring26_native_financing_20260919a/utility_overnight_20260923_v1/results/production/B_floor/worker04_proposal12,verified_scored,1063.2145140188888,4,12,5,5,0,/scratch/td2248/projects/Fertility_Spring26_native_financing_20260919a/utility_overnight_20260923_v1/results/production/B_floor/worker04_proposal12/result/evaluation/scored_repetition_01/score.json,b2f8b88fdec109ace7fcdee1c3ed0e5d4a826fadb17740f065691082c3b0369a,,,,
production,B_floor,worker04_proposal13,/scratch/td2248/projects/Fertility_Spring26_native_financing_20260919a/utility_overnight_20260923_v1/results/production/B_floor/worker04_proposal13,verified_scored,1000.7619703794072,4,13,4,4,0,/scratch/td2248/projects/Fertility_Spring26_native_financing_20260919a/utility_overnight_20260923_v1/results/production/B_floor/worker04_proposal13/result/evaluation/scored_repetition_01/score.json,d63bd39cb3692811aab4ab1b2fabca232addba428404a41c4ecf56f41161c024,,,,
production,B_floor,worker04_proposal14,/scratch/td2248/projects/Fertility_Spring26_native_financing_20260919a/utility_overnight_20260923_v1/results/production/B_floor/worker04_proposal14,verified_scored,988.5214377019319,4,14,6,6,0,/scratch/td2248/projects/Fertility_Spring26_native_financing_20260919a/utility_overnight_20260923_v1/results/production/B_floor/worker04_proposal14/result/evaluation/scored_repetition_01/score.json,0ecba151a4a1fe5fb0a5649d1cb95c22b04990be9292d55e374994df1afd8cbd,,,,
production,B_floor,worker04_proposal15,/scratch/td2248/projects/Fertility_Spring26_native_financing_20260919a/utility_overnight_20260923_v1/results/production/B_floor/worker04_proposal15,verified_scored,918.3887692658986,4,15,4,4,0,/scratch/td2248/projects/Fertility_Spring26_native_financing_20260919a/utility_overnight_20260923_v1/results/production/B_floor/worker04_proposal15/result/evaluation/scored_repetition_01/score.json,f52a14560a09ffaceefb813c23b121abfda20701f63a638c5e30118b3e221a83,,,,
production,B_floor,worker04_proposal16,/scratch/td2248/projects/Fertility_Spring26_native_financing_20260919a/utility_overnight_20260923_v1/results/production/B_floor/worker04_proposal16,verified_scored,882.0188500236741,4,16,4,4,0,/scratch/td2248/projects/Fertility_Spring26_native_financing_20260919a/utility_overnight_20260923_v1/results/production/B_floor/worker04_proposal16/result/evaluation/scored_repetition_01/score.json,58bf7df0b67d761a48cbed1b976fd9c17f008036e3f31e3cacae61668f0635ca,,,,
production,B_floor,worker04_proposal17,/scratch/td2248/projects/Fertility_Spring26_native_financing_20260919a/utility_overnight_20260923_v1/results/production/B_floor/worker04_proposal17,verified_scored,784.954905297168,4,17,4,4,0,/scratch/td2248/projects/Fertility_Spring26_native_financing_20260919a/utility_overnight_20260923_v1/results/production/B_floor/worker04_proposal17/result/evaluation/scored_repetition_01/score.json,7efd047573ed35161e03ae70368e637108045d53c24df45d15ec5759e3e4a825,,,,
production,B_floor,worker04_proposal18,/scratch/td2248/projects/Fertility_Spring26_native_financing_20260919a/utility_overnight_20260923_v1/results/production/B_floor/worker04_proposal18,verified_scored,799.8392349887847,4,18,4,4,0,/scratch/td2248/projects/Fertility_Spring26_native_financing_20260919a/utility_overnight_20260923_v1/results/production/B_floor/worker04_proposal18/result/evaluation/scored_repetition_01/score.json,ee74f2d6cbda24648cb6ee30a99dfcd651848484f218f0e783417c60e065c4c4,,,,
production,B_floor,worker05_proposal01,/scratch/td2248/projects/Fertility_Spring26_native_financing_20260919a/utility_overnight_20260923_v1/results/production/B_floor/worker05_proposal01,verified_scored,1381.2493648046084,5,1,6,6,0,/scratch/td2248/projects/Fertility_Spring26_native_financing_20260919a/utility_overnight_20260923_v1/results/production/B_floor/worker05_proposal01/result/evaluation/scored_repetition_01/score.json,30c0cec6db5ed888e4043c8685fef7d4ed47fa11e144c0bef5fb60b4808b103b,,,,
production,B_floor,worker05_proposal02,/scratch/td2248/projects/Fertility_Spring26_native_financing_20260919a/utility_overnight_20260923_v1/results/production/B_floor/worker05_proposal02,verified_scored,1094.9158046200257,5,2,6,6,0,/scratch/td2248/projects/Fertility_Spring26_native_financing_20260919a/utility_overnight_20260923_v1/results/production/B_floor/worker05_proposal02/result/evaluation/scored_repetition_01/score.json,44426c11e529655473310efdfec1cf2a876c2a22a9decf642191464ad8644876,,,,
production,B_floor,worker05_proposal03,/scratch/td2248/projects/Fertility_Spring26_native_financing_20260919a/utility_overnight_20260923_v1/results/production/B_floor/worker05_proposal03,verified_scored,1569.2171041408756,5,3,6,6,0,/scratch/td2248/projects/Fertility_Spring26_native_financing_20260919a/utility_overnight_20260923_v1/results/production/B_floor/worker05_proposal03/result/evaluation/scored_repetition_01/score.json,988790b0954b3215905f3aae3d9ffabb5789a4d6244925f1a917b2bef4cd9316,,,,
production,B_floor,worker05_proposal04,/scratch/td2248/projects/Fertility_Spring26_native_financing_20260919a/utility_overnight_20260923_v1/results/production/B_floor/worker05_proposal04,verified_scored,1193.2059169439751,5,4,4,4,0,/scratch/td2248/projects/Fertility_Spring26_native_financing_20260919a/utility_overnight_20260923_v1/results/production/B_floor/worker05_proposal04/result/evaluation/scored_repetition_01/score.json,16f9ba65d7515f60438b408b339bd43a77d63be829a48513cd37c172212dc3ca,,,,
production,B_floor,worker05_proposal05,/scratch/td2248/projects/Fertility_Spring26_native_financing_20260919a/utility_overnight_20260923_v1/results/production/B_floor/worker05_proposal05,verified_scored,1065.1961198093895,5,5,6,6,0,/scratch/td2248/projects/Fertility_Spring26_native_financing_20260919a/utility_overnight_20260923_v1/results/production/B_floor/worker05_proposal05/result/evaluation/scored_repetition_01/score.json,23445ac377636bb5aaacc75c18d302788e28f1434b7e7d58f85076688e1b946b,,,,
production,B_floor,worker05_proposal06,/scratch/td2248/projects/Fertility_Spring26_native_financing_20260919a/utility_overnight_20260923_v1/results/production/B_floor/worker05_proposal06,verified_scored,1684.028798713569,5,6,6,6,0,/scratch/td2248/projects/Fertility_Spring26_native_financing_20260919a/utility_overnight_20260923_v1/results/production/B_floor/worker05_proposal06/result/evaluation/scored_repetition_01/score.json,e1d766751121b12df6dc242ed7801f048403b67ab20a2f2d86836866d0fe28e3,,,,
production,B_floor,worker05_proposal07,/scratch/td2248/projects/Fertility_Spring26_native_financing_20260919a/utility_overnight_20260923_v1/results/production/B_floor/worker05_proposal07,verified_scored,1455.7725024791662,5,7,6,6,0,/scratch/td2248/projects/Fertility_Spring26_native_financing_20260919a/utility_overnight_20260923_v1/results/production/B_floor/worker05_proposal07/result/evaluation/scored_repetition_01/score.json,76fa998ca5f13d281ea598dd1e8e372f5c13f01fc5aaa4d54a040c233aa6d12d,,,,
production,B_floor,worker05_proposal08,/scratch/td2248/projects/Fertility_Spring26_native_financing_20260919a/utility_overnight_20260923_v1/results/production/B_floor/worker05_proposal08,verified_scored,999.6584788947374,5,8,4,4,0,/scratch/td2248/projects/Fertility_Spring26_native_financing_20260919a/utility_overnight_20260923_v1/results/production/B_floor/worker05_proposal08/result/evaluation/scored_repetition_01/score.json,5e8d87d351c636205fcedd27c6ce4e935356de494cb66600373d8a23531ab934,,,,
production,B_floor,worker05_proposal09,/scratch/td2248/projects/Fertility_Spring26_native_financing_20260919a/utility_overnight_20260923_v1/results/production/B_floor/worker05_proposal09,verified_scored,1113.3163380319852,5,9,4,4,0,/scratch/td2248/projects/Fertility_Spring26_native_financing_20260919a/utility_overnight_20260923_v1/results/production/B_floor/worker05_proposal09/result/evaluation/scored_repetition_01/score.json,a0347a2f92161396a559760674a488367ab0f5a4747bc6cd438360789c8c2826,,,,
production,B_floor,worker05_proposal10,/scratch/td2248/projects/Fertility_Spring26_native_financing_20260919a/utility_overnight_20260923_v1/results/production/B_floor/worker05_proposal10,verified_scored,969.6738362107676,5,10,4,4,0,/scratch/td2248/projects/Fertility_Spring26_native_financing_20260919a/utility_overnight_20260923_v1/results/production/B_floor/worker05_proposal10/result/evaluation/scored_repetition_01/score.json,1146582cd06b407a2e4f70859d5f69810254bbb9184b57ef22bc6f6175b00a8c,,,,
production,B_floor,worker05_proposal11,/scratch/td2248/projects/Fertility_Spring26_native_financing_20260919a/utility_overnight_20260923_v1/results/production/B_floor/worker05_proposal11,verified_scored,897.8938965148501,5,11,4,4,0,/scratch/td2248/projects/Fertility_Spring26_native_financing_20260919a/utility_overnight_20260923_v1/results/production/B_floor/worker05_proposal11/result/evaluation/scored_repetition_01/score.json,bf6d0c04bd23600e2f45ae7d880a0a16870fc4bf2b3580c204d1722969211c4b,,,,
production,B_floor,worker05_proposal12,/scratch/td2248/projects/Fertility_Spring26_native_financing_20260919a/utility_overnight_20260923_v1/results/production/B_floor/worker05_proposal12,verified_scored,1187.5917535870155,5,12,5,5,0,/scratch/td2248/projects/Fertility_Spring26_native_financing_20260919a/utility_overnight_20260923_v1/results/production/B_floor/worker05_proposal12/result/evaluation/scored_repetition_01/score.json,1b28202b23bd9c0969bb518498f2a610228901b4d8df9dc90eb43268b96b59f1,,,,
production,B_floor,worker05_proposal13,/scratch/td2248/projects/Fertility_Spring26_native_financing_20260919a/utility_overnight_20260923_v1/results/production/B_floor/worker05_proposal13,verified_scored,1272.7626135085418,5,13,6,6,0,/scratch/td2248/projects/Fertility_Spring26_native_financing_20260919a/utility_overnight_20260923_v1/results/production/B_floor/worker05_proposal13/result/evaluation/scored_repetition_01/score.json,8170734960987abe32fbd5555ca86c12d7c47ec4721eeb3b2e58242fd78a17b6,,,,
production,B_floor,worker05_proposal14,/scratch/td2248/projects/Fertility_Spring26_native_financing_20260919a/utility_overnight_20260923_v1/results/production/B_floor/worker05_proposal14,verified_scored,1010.4424869519002,5,14,6,6,0,/scratch/td2248/projects/Fertility_Spring26_native_financing_20260919a/utility_overnight_20260923_v1/results/production/B_floor/worker05_proposal14/result/evaluation/scored_repetition_01/score.json,153701dcb2f6060c2b7268b2fe2f08febb198fb8d7212019d7e49551828dc4a9,,,,
production,B_floor,worker05_proposal15,/scratch/td2248/projects/Fertility_Spring26_native_financing_20260919a/utility_overnight_20260923_v1/results/production/B_floor/worker05_proposal15,verified_scored,918.7470771083063,5,15,4,4,0,/scratch/td2248/projects/Fertility_Spring26_native_financing_20260919a/utility_overnight_20260923_v1/results/production/B_floor/worker05_proposal15/result/evaluation/scored_repetition_01/score.json,cd12313418a273dd3ea3d8203b5bc92cac347eec687d04e2dc05111cfc7e23c2,,,,
production,B_floor,worker05_proposal16,/scratch/td2248/projects/Fertility_Spring26_native_financing_20260919a/utility_overnight_20260923_v1/results/production/B_floor/worker05_proposal16,verified_scored,1051.051473978521,5,16,6,6,0,/scratch/td2248/projects/Fertility_Spring26_native_financing_20260919a/utility_overnight_20260923_v1/results/production/B_floor/worker05_proposal16/result/evaluation/scored_repetition_01/score.json,a84c7af8de23e0a02574e2daccf24f62a81ec4eedea961cfdf3ecb069f247c5e,,,,
production,B_floor,worker05_proposal17,/scratch/td2248/projects/Fertility_Spring26_native_financing_20260919a/utility_overnight_20260923_v1/results/production/B_floor/worker05_proposal17,verified_scored,1009.8517528762363,5,17,6,6,0,/scratch/td2248/projects/Fertility_Spring26_native_financing_20260919a/utility_overnight_20260923_v1/results/production/B_floor/worker05_proposal17/result/evaluation/scored_repetition_01/score.json,1bc379e7e3a7a737ab8b1ff3bd02967456c1b29472b339a339d21403fa554328,,,,
production,B_floor,worker05_proposal18,/scratch/td2248/projects/Fertility_Spring26_native_financing_20260919a/utility_overnight_20260923_v1/results/production/B_floor/worker05_proposal18,verified_scored,1097.7465664862955,5,18,5,5,0,/scratch/td2248/projects/Fertility_Spring26_native_financing_20260919a/utility_overnight_20260923_v1/results/production/B_floor/worker05_proposal18/result/evaluation/scored_repetition_01/score.json,6f34627ba7a39cae4a58d6af83bf9468b34300bab5c1399e280345350c788e2f,,,,
production,B_floor,worker06_proposal01,/scratch/td2248/projects/Fertility_Spring26_native_financing_20260919a/utility_overnight_20260923_v1/results/production/B_floor/worker06_proposal01,verified_scored,1141.1271811590423,6,1,6,6,0,/scratch/td2248/projects/Fertility_Spring26_native_financing_20260919a/utility_overnight_20260923_v1/results/production/B_floor/worker06_proposal01/result/evaluation/scored_repetition_01/score.json,5f4b61f6344e7b2beb4ed38fe825ac7592d5044c2db78e633dbcff8fa94d9080,,,,
production,B_floor,worker06_proposal02,/scratch/td2248/projects/Fertility_Spring26_native_financing_20260919a/utility_overnight_20260923_v1/results/production/B_floor/worker06_proposal02,verified_scored,723.5907626420537,6,2,6,6,0,/scratch/td2248/projects/Fertility_Spring26_native_financing_20260919a/utility_overnight_20260923_v1/results/production/B_floor/worker06_proposal02/result/evaluation/scored_repetition_01/score.json,4651ba88cb4ff6201697b5f13ed31975546629e2bfd493ca380b1e7755ebcf10,,,,
production,B_floor,worker06_proposal03,/scratch/td2248/projects/Fertility_Spring26_native_financing_20260919a/utility_overnight_20260923_v1/results/production/B_floor/worker06_proposal03,verified_scored,999.1869683026525,6,3,6,6,0,/scratch/td2248/projects/Fertility_Spring26_native_financing_20260919a/utility_overnight_20260923_v1/results/production/B_floor/worker06_proposal03/result/evaluation/scored_repetition_01/score.json,26e5497fefe8060c4e76108c518796f1378d0e1d703afcb20add630cde86bb29,,,,
production,B_floor,worker06_proposal04,/scratch/td2248/projects/Fertility_Spring26_native_financing_20260919a/utility_overnight_20260923_v1/results/production/B_floor/worker06_proposal04,verified_scored,733.7485410082261,6,4,4,4,0,/scratch/td2248/projects/Fertility_Spring26_native_financing_20260919a/utility_overnight_20260923_v1/results/production/B_floor/worker06_proposal04/result/evaluation/scored_repetition_01/score.json,97698a74637bb251c9f1d1cf7e1268eb394aa3afa029a0da55ad9638b507f275,,,,
production,B_floor,worker06_proposal05,/scratch/td2248/projects/Fertility_Spring26_native_financing_20260919a/utility_overnight_20260923_v1/results/production/B_floor/worker06_proposal05,verified_scored,704.5975510857837,6,5,6,6,0,/scratch/td2248/projects/Fertility_Spring26_native_financing_20260919a/utility_overnight_20260923_v1/results/production/B_floor/worker06_proposal05/result/evaluation/scored_repetition_01/score.json,afde301251e300bb422778a3d72270f9e321e924c11964d33c70a5dbd1e19029,,,,
production,B_floor,worker06_proposal06,/scratch/td2248/projects/Fertility_Spring26_native_financing_20260919a/utility_overnight_20260923_v1/results/production/B_floor/worker06_proposal06,verified_scored,1130.185932945889,6,6,6,6,0,/scratch/td2248/projects/Fertility_Spring26_native_financing_20260919a/utility_overnight_20260923_v1/results/production/B_floor/worker06_proposal06/result/evaluation/scored_repetition_01/score.json,6bb883deeed7476ed9ff6401d0efef7a310c6ec711b88342b3e77afa7d8ea4b7,,,,
production,B_floor,worker06_proposal07,/scratch/td2248/projects/Fertility_Spring26_native_financing_20260919a/utility_overnight_20260923_v1/results/production/B_floor/worker06_proposal07,verified_scored,589.4996639187694,6,7,6,6,0,/scratch/td2248/projects/Fertility_Spring26_native_financing_20260919a/utility_overnight_20260923_v1/results/production/B_floor/worker06_proposal07/result/evaluation/scored_repetition_01/score.json,7db86afa429d6e9d7d352d33ea33abeffe2694b4d4a058727f7e1a27881d4dd7,,,,
production,B_floor,worker06_proposal08,/scratch/td2248/projects/Fertility_Spring26_native_financing_20260919a/utility_overnight_20260923_v1/results/production/B_floor/worker06_proposal08,verified_scored,726.0825602307158,6,8,6,6,0,/scratch/td2248/projects/Fertility_Spring26_native_financing_20260919a/utility_overnight_20260923_v1/results/production/B_floor/worker06_proposal08/result/evaluation/scored_repetition_01/score.json,4f7a5ddf7f1acdb4ff5f976413efb30d3b58b7e5197e970cf0ca1e6b65b79e66,,,,
production,B_floor,worker06_proposal09,/scratch/td2248/projects/Fertility_Spring26_native_financing_20260919a/utility_overnight_20260923_v1/results/production/B_floor/worker06_proposal09,verified_scored,750.2774297231356,6,9,6,6,0,/scratch/td2248/projects/Fertility_Spring26_native_financing_20260919a/utility_overnight_20260923_v1/results/production/B_floor/worker06_proposal09/result/evaluation/scored_repetition_01/score.json,0cda38f52aec6b5bce82cc06054455382f172430c5edb2cc3232fb093fbe52de,,,,
production,B_floor,worker06_proposal10,/scratch/td2248/projects/Fertility_Spring26_native_financing_20260919a/utility_overnight_20260923_v1/results/production/B_floor/worker06_proposal10,verified_scored,562.9534913329911,6,10,6,6,0,/scratch/td2248/projects/Fertility_Spring26_native_financing_20260919a/utility_overnight_20260923_v1/results/production/B_floor/worker06_proposal10/result/evaluation/scored_repetition_01/score.json,2fb97824d31ddc8ef3962bcbb1c2c796d6d5d7cb372438c1eae6bccc5150c868,,,,
production,B_floor,worker06_proposal11,/scratch/td2248/projects/Fertility_Spring26_native_financing_20260919a/utility_overnight_20260923_v1/results/production/B_floor/worker06_proposal11,verified_scored,536.7856462337659,6,11,6,6,0,/scratch/td2248/projects/Fertility_Spring26_native_financing_20260919a/utility_overnight_20260923_v1/results/production/B_floor/worker06_proposal11/result/evaluation/scored_repetition_01/score.json,6a8289d2fcf09c7a161f5868e1f5faa0a7de20e31ff5c967a9b1f024c65be8d0,,,,
production,B_floor,worker06_proposal12,/scratch/td2248/projects/Fertility_Spring26_native_financing_20260919a/utility_overnight_20260923_v1/results/production/B_floor/worker06_proposal12,verified_scored,784.8917729364618,6,12,6,6,0,/scratch/td2248/projects/Fertility_Spring26_native_financing_20260919a/utility_overnight_20260923_v1/results/production/B_floor/worker06_proposal12/result/evaluation/scored_repetition_01/score.json,214aea1bc6b6f42c57c678326f4708e7fe94345fcd1e417787e4de0ef8795bd2,,,,
production,B_floor,worker06_proposal13,/scratch/td2248/projects/Fertility_Spring26_native_financing_20260919a/utility_overnight_20260923_v1/results/production/B_floor/worker06_proposal13,verified_scored,566.6105493995318,6,13,4,4,0,/scratch/td2248/projects/Fertility_Spring26_native_financing_20260919a/utility_overnight_20260923_v1/results/production/B_floor/worker06_proposal13/result/evaluation/scored_repetition_01/score.json,220342cf5241249cf98afd3d15d5e1f077335ed3184615e3c7d03b7048830b31,,,,
production,B_floor,worker06_proposal14,/scratch/td2248/projects/Fertility_Spring26_native_financing_20260919a/utility_overnight_20260923_v1/results/production/B_floor/worker06_proposal14,verified_scored,674.9637918402095,6,14,6,6,0,/scratch/td2248/projects/Fertility_Spring26_native_financing_20260919a/utility_overnight_20260923_v1/results/production/B_floor/worker06_proposal14/result/evaluation/scored_repetition_01/score.json,60eac6ba1ee956d9d1a0714276e593f355da985e4c126e69b0d995f339b0793f,,,,
production,B_floor,worker06_proposal15,/scratch/td2248/projects/Fertility_Spring26_native_financing_20260919a/utility_overnight_20260923_v1/results/production/B_floor/worker06_proposal15,verified_scored,576.9743254923243,6,15,6,6,0,/scratch/td2248/projects/Fertility_Spring26_native_financing_20260919a/utility_overnight_20260923_v1/results/production/B_floor/worker06_proposal15/result/evaluation/scored_repetition_01/score.json,4a707cc7bb38746b30e84878420ef89853464a335e2ee1903858b2929bc34573,,,,
production,B_floor,worker06_proposal16,/scratch/td2248/projects/Fertility_Spring26_native_financing_20260919a/utility_overnight_20260923_v1/results/production/B_floor/worker06_proposal16,verified_scored,605.4831024826949,6,16,6,6,0,/scratch/td2248/projects/Fertility_Spring26_native_financing_20260919a/utility_overnight_20260923_v1/results/production/B_floor/worker06_proposal16/result/evaluation/scored_repetition_01/score.json,066413e24c9b4e7d259f05166fed4799f4aa6ce588fbc6e483bdc54e7fe22cda,,,,
production,B_floor,worker06_proposal17,/scratch/td2248/projects/Fertility_Spring26_native_financing_20260919a/utility_overnight_20260923_v1/results/production/B_floor/worker06_proposal17,verified_scored,531.2955908075725,6,17,6,6,0,/scratch/td2248/projects/Fertility_Spring26_native_financing_20260919a/utility_overnight_20260923_v1/results/production/B_floor/worker06_proposal17/result/evaluation/scored_repetition_01/score.json,892fdb53e31bcd721c2a2d5a11549d5ec9cbbc0869b9c1a26eb2dc7d3eed05ed,,,,
production,B_floor,worker06_proposal18,/scratch/td2248/projects/Fertility_Spring26_native_financing_20260919a/utility_overnight_20260923_v1/results/production/B_floor/worker06_proposal18,verified_scored,704.2085563572483,6,18,6,6,0,/scratch/td2248/projects/Fertility_Spring26_native_financing_20260919a/utility_overnight_20260923_v1/results/production/B_floor/worker06_proposal18/result/evaluation/scored_repetition_01/score.json,5cf3e0ff41428ca7cb7d87c584637ad96edc9b19e3032396a4e18677274da0ca,,,,
production,B_floor,worker07_proposal01,/scratch/td2248/projects/Fertility_Spring26_native_financing_20260919a/utility_overnight_20260923_v1/results/production/B_floor/worker07_proposal01,verified_scored,780.6935715972003,7,1,6,6,0,/scratch/td2248/projects/Fertility_Spring26_native_financing_20260919a/utility_overnight_20260923_v1/results/production/B_floor/worker07_proposal01/result/evaluation/scored_repetition_01/score.json,d56a5e67704fe94a241b485c6be1378c45e5d4c5c2eccad30521ef0fecc22ab1,,,,
production,B_floor,worker07_proposal02,/scratch/td2248/projects/Fertility_Spring26_native_financing_20260919a/utility_overnight_20260923_v1/results/production/B_floor/worker07_proposal02,verified_scored,1356.8285955717884,7,2,8,8,0,/scratch/td2248/projects/Fertility_Spring26_native_financing_20260919a/utility_overnight_20260923_v1/results/production/B_floor/worker07_proposal02/result/evaluation/scored_repetition_01/score.json,a55681393641d438b4edd523c66b46cfeb420f4defb786ff124c0c0263b8ec07,,,,
production,B_floor,worker07_proposal03,/scratch/td2248/projects/Fertility_Spring26_native_financing_20260919a/utility_overnight_20260923_v1/results/production/B_floor/worker07_proposal03,failed,,7,3,1,0,1,,,fatal contract/code error,,,
production,B_floor,worker07_proposal04,/scratch/td2248/projects/Fertility_Spring26_native_financing_20260919a/utility_overnight_20260923_v1/results/production/B_floor/worker07_proposal04,unrun,,7,4,,,,,,,,,
production,B_floor,worker07_proposal05,/scratch/td2248/projects/Fertility_Spring26_native_financing_20260919a/utility_overnight_20260923_v1/results/production/B_floor/worker07_proposal05,unrun,,7,5,,,,,,,,,
production,B_floor,worker07_proposal06,/scratch/td2248/projects/Fertility_Spring26_native_financing_20260919a/utility_overnight_20260923_v1/results/production/B_floor/worker07_proposal06,unrun,,7,6,,,,,,,,,
production,B_floor,worker07_proposal07,/scratch/td2248/projects/Fertility_Spring26_native_financing_20260919a/utility_overnight_20260923_v1/results/production/B_floor/worker07_proposal07,unrun,,7,7,,,,,,,,,
production,B_floor,worker07_proposal08,/scratch/td2248/projects/Fertility_Spring26_native_financing_20260919a/utility_overnight_20260923_v1/results/production/B_floor/worker07_proposal08,unrun,,7,8,,,,,,,,,
production,B_floor,worker07_proposal09,/scratch/td2248/projects/Fertility_Spring26_native_financing_20260919a/utility_overnight_20260923_v1/results/production/B_floor/worker07_proposal09,unrun,,7,9,,,,,,,,,
production,B_floor,worker07_proposal10,/scratch/td2248/projects/Fertility_Spring26_native_financing_20260919a/utility_overnight_20260923_v1/results/production/B_floor/worker07_proposal10,unrun,,7,10,,,,,,,,,
production,B_floor,worker07_proposal11,/scratch/td2248/projects/Fertility_Spring26_native_financing_20260919a/utility_overnight_20260923_v1/results/production/B_floor/worker07_proposal11,unrun,,7,11,,,,,,,,,
production,B_floor,worker07_proposal12,/scratch/td2248/projects/Fertility_Spring26_native_financing_20260919a/utility_overnight_20260923_v1/results/production/B_floor/worker07_proposal12,unrun,,7,12,,,,,,,,,
production,B_floor,worker07_proposal13,/scratch/td2248/projects/Fertility_Spring26_native_financing_20260919a/utility_overnight_20260923_v1/results/production/B_floor/worker07_proposal13,unrun,,7,13,,,,,,,,,
production,B_floor,worker07_proposal14,/scratch/td2248/projects/Fertility_Spring26_native_financing_20260919a/utility_overnight_20260923_v1/results/production/B_floor/worker07_proposal14,unrun,,7,14,,,,,,,,,
production,B_floor,worker07_proposal15,/scratch/td2248/projects/Fertility_Spring26_native_financing_20260919a/utility_overnight_20260923_v1/results/production/B_floor/worker07_proposal15,unrun,,7,15,,,,,,,,,
production,B_floor,worker07_proposal16,/scratch/td2248/projects/Fertility_Spring26_native_financing_20260919a/utility_overnight_20260923_v1/results/production/B_floor/worker07_proposal16,unrun,,7,16,,,,,,,,,
production,B_floor,worker07_proposal17,/scratch/td2248/projects/Fertility_Spring26_native_financing_20260919a/utility_overnight_20260923_v1/results/production/B_floor/worker07_proposal17,unrun,,7,17,,,,,,,,,
production,B_floor,worker07_proposal18,/scratch/td2248/projects/Fertility_Spring26_native_financing_20260919a/utility_overnight_20260923_v1/results/production/B_floor/worker07_proposal18,unrun,,7,18,,,,,,,,,
production,B_floor,worker08_proposal01,/scratch/td2248/projects/Fertility_Spring26_native_financing_20260919a/utility_overnight_20260923_v1/results/production/B_floor/worker08_proposal01,verified_scored,1040.8766759576374,8,1,4,4,0,/scratch/td2248/projects/Fertility_Spring26_native_financing_20260919a/utility_overnight_20260923_v1/results/production/B_floor/worker08_proposal01/result/evaluation/scored_repetition_01/score.json,83ae0ea09c8211520cc42f883a8ee8279d6af397ac6d389b8056b25afe3fc6f5,,,,
production,B_floor,worker08_proposal02,/scratch/td2248/projects/Fertility_Spring26_native_financing_20260919a/utility_overnight_20260923_v1/results/production/B_floor/worker08_proposal02,verified_scored,1422.3358584042796,8,2,6,6,0,/scratch/td2248/projects/Fertility_Spring26_native_financing_20260919a/utility_overnight_20260923_v1/results/production/B_floor/worker08_proposal02/result/evaluation/scored_repetition_01/score.json,30d6f6f7677699fa03c932a869bde8ea071aae1f205b1a85f2202f77054a6b06,,,,
production,B_floor,worker08_proposal03,/scratch/td2248/projects/Fertility_Spring26_native_financing_20260919a/utility_overnight_20260923_v1/results/production/B_floor/worker08_proposal03,verified_scored,1449.9899635436263,8,3,5,5,0,/scratch/td2248/projects/Fertility_Spring26_native_financing_20260919a/utility_overnight_20260923_v1/results/production/B_floor/worker08_proposal03/result/evaluation/scored_repetition_01/score.json,d8ffed386c32b8487d95bdb9e47fb4153775fa646c192693e5adf0eb558ff342,,,,
production,B_floor,worker08_proposal04,/scratch/td2248/projects/Fertility_Spring26_native_financing_20260919a/utility_overnight_20260923_v1/results/production/B_floor/worker08_proposal04,verified_scored,1291.8731316769456,8,4,5,5,0,/scratch/td2248/projects/Fertility_Spring26_native_financing_20260919a/utility_overnight_20260923_v1/results/production/B_floor/worker08_proposal04/result/evaluation/scored_repetition_01/score.json,fb90e5824b95cd41cd04620262efae5561dc4430076ff71e25296880b54ada5b,,,,
production,B_floor,worker08_proposal05,/scratch/td2248/projects/Fertility_Spring26_native_financing_20260919a/utility_overnight_20260923_v1/results/production/B_floor/worker08_proposal05,verified_scored,1048.1772399029594,8,5,4,4,0,/scratch/td2248/projects/Fertility_Spring26_native_financing_20260919a/utility_overnight_20260923_v1/results/production/B_floor/worker08_proposal05/result/evaluation/scored_repetition_01/score.json,2f7fea1214f191406d8b260eb41fc71f749d6c41ec81587869015fa1210763e9,,,,
production,B_floor,worker08_proposal06,/scratch/td2248/projects/Fertility_Spring26_native_financing_20260919a/utility_overnight_20260923_v1/results/production/B_floor/worker08_proposal06,verified_scored,2695.896130924256,8,6,6,6,0,/scratch/td2248/projects/Fertility_Spring26_native_financing_20260919a/utility_overnight_20260923_v1/results/production/B_floor/worker08_proposal06/result/evaluation/scored_repetition_01/score.json,be99e459006d1bd1e5b58b9ecdf805fd4b320880c0e8c7ce634261336583908b,,,,
production,B_floor,worker08_proposal07,/scratch/td2248/projects/Fertility_Spring26_native_financing_20260919a/utility_overnight_20260923_v1/results/production/B_floor/worker08_proposal07,verified_scored,1506.2602958658956,8,7,6,6,0,/scratch/td2248/projects/Fertility_Spring26_native_financing_20260919a/utility_overnight_20260923_v1/results/production/B_floor/worker08_proposal07/result/evaluation/scored_repetition_01/score.json,61a503bdc690451dec7adc293e1acc89ede54b51af0714a5b91372a0b130c558,,,,
production,B_floor,worker08_proposal08,/scratch/td2248/projects/Fertility_Spring26_native_financing_20260919a/utility_overnight_20260923_v1/results/production/B_floor/worker08_proposal08,verified_scored,1972.9030207028616,8,8,6,6,0,/scratch/td2248/projects/Fertility_Spring26_native_financing_20260919a/utility_overnight_20260923_v1/results/production/B_floor/worker08_proposal08/result/evaluation/scored_repetition_01/score.json,8009970229c463a6afe245dea5c02ac891c880def3b926fc3050c59732dbc4a0,,,,
production,B_floor,worker08_proposal09,/scratch/td2248/projects/Fertility_Spring26_native_financing_20260919a/utility_overnight_20260923_v1/results/production/B_floor/worker08_proposal09,verified_scored,1046.0683530265203,8,9,5,5,0,/scratch/td2248/projects/Fertility_Spring26_native_financing_20260919a/utility_overnight_20260923_v1/results/production/B_floor/worker08_proposal09/result/evaluation/scored_repetition_01/score.json,8c95b2ce3262f151a48648dd7c1c5a58d015dd344a35f1b382c7911af37aae7e,,,,
production,B_floor,worker08_proposal10,/scratch/td2248/projects/Fertility_Spring26_native_financing_20260919a/utility_overnight_20260923_v1/results/production/B_floor/worker08_proposal10,verified_scored,1008.5351519535627,8,10,4,4,0,/scratch/td2248/projects/Fertility_Spring26_native_financing_20260919a/utility_overnight_20260923_v1/results/production/B_floor/worker08_proposal10/result/evaluation/scored_repetition_01/score.json,568f728e5b4365e700a249f25f05facc1f2ef1ebc32748379fbd453a88557cfc,,,,
production,B_floor,worker08_proposal11,/scratch/td2248/projects/Fertility_Spring26_native_financing_20260919a/utility_overnight_20260923_v1/results/production/B_floor/worker08_proposal11,verified_scored,1482.5921031476373,8,11,4,4,0,/scratch/td2248/projects/Fertility_Spring26_native_financing_20260919a/utility_overnight_20260923_v1/results/production/B_floor/worker08_proposal11/result/evaluation/scored_repetition_01/score.json,77704f0f5c6d0dfe4800b3856d62c8a6c8604cb149fc580e218300916282d4f2,,,,
production,B_floor,worker08_proposal12,/scratch/td2248/projects/Fertility_Spring26_native_financing_20260919a/utility_overnight_20260923_v1/results/production/B_floor/worker08_proposal12,verified_scored,3068.8518746501386,8,12,6,6,0,/scratch/td2248/projects/Fertility_Spring26_native_financing_20260919a/utility_overnight_20260923_v1/results/production/B_floor/worker08_proposal12/result/evaluation/scored_repetition_01/score.json,de4dfc17a158fc773f2612143b3cd0e91eb2fc2c76d501de3d293e4d4b14c9eb,,,,
production,B_floor,worker08_proposal13,/scratch/td2248/projects/Fertility_Spring26_native_financing_20260919a/utility_overnight_20260923_v1/results/production/B_floor/worker08_proposal13,verified_scored,1333.7599072440287,8,13,6,6,0,/scratch/td2248/projects/Fertility_Spring26_native_financing_20260919a/utility_overnight_20260923_v1/results/production/B_floor/worker08_proposal13/result/evaluation/scored_repetition_01/score.json,314401fc9740cf597d3514985a6958a5f732386d33d070bd6016fa91848ae87b,,,,
production,B_floor,worker08_proposal14,/scratch/td2248/projects/Fertility_Spring26_native_financing_20260919a/utility_overnight_20260923_v1/results/production/B_floor/worker08_proposal14,verified_scored,1033.4586034653144,8,14,5,5,0,/scratch/td2248/projects/Fertility_Spring26_native_financing_20260919a/utility_overnight_20260923_v1/results/production/B_floor/worker08_proposal14/result/evaluation/scored_repetition_01/score.json,176348e1f2b9e623c5a4488b937a408e6f691881d12cc8021cca22d6f86689b7,,,,
production,B_floor,worker08_proposal15,/scratch/td2248/projects/Fertility_Spring26_native_financing_20260919a/utility_overnight_20260923_v1/results/production/B_floor/worker08_proposal15,verified_scored,1011.6672592288583,8,15,4,4,0,/scratch/td2248/projects/Fertility_Spring26_native_financing_20260919a/utility_overnight_20260923_v1/results/production/B_floor/worker08_proposal15/result/evaluation/scored_repetition_01/score.json,f4060111882068d334c0320572136c7b0592994565a3a96c4b13996ba1d8a73f,,,,
production,B_floor,worker08_proposal16,/scratch/td2248/projects/Fertility_Spring26_native_financing_20260919a/utility_overnight_20260923_v1/results/production/B_floor/worker08_proposal16,verified_scored,1065.8725055061457,8,16,4,4,0,/scratch/td2248/projects/Fertility_Spring26_native_financing_20260919a/utility_overnight_20260923_v1/results/production/B_floor/worker08_proposal16/result/evaluation/scored_repetition_01/score.json,03b51154183a7aec1b9cc16c5fe73f30e09ca380b5f34c797c5851b8b175c50f,,,,
production,B_floor,worker08_proposal17,/scratch/td2248/projects/Fertility_Spring26_native_financing_20260919a/utility_overnight_20260923_v1/results/production/B_floor/worker08_proposal17,verified_scored,1136.1466645128824,8,17,6,6,0,/scratch/td2248/projects/Fertility_Spring26_native_financing_20260919a/utility_overnight_20260923_v1/results/production/B_floor/worker08_proposal17/result/evaluation/scored_repetition_01/score.json,41ac946993e2578a041f44d2ac78a7be421cd1e5692110e2f27cd6bc20214fc1,,,,
production,B_floor,worker08_proposal18,/scratch/td2248/projects/Fertility_Spring26_native_financing_20260919a/utility_overnight_20260923_v1/results/production/B_floor/worker08_proposal18,verified_scored,1682.1170546684186,8,18,6,6,0,/scratch/td2248/projects/Fertility_Spring26_native_financing_20260919a/utility_overnight_20260923_v1/results/production/B_floor/worker08_proposal18/result/evaluation/scored_repetition_01/score.json,ccb7c18856170822e3c8582d6ee4694a96f5a361913053b10cbcbe8cf5aa4982,,,,
production,B_floor,worker09_proposal01,/scratch/td2248/projects/Fertility_Spring26_native_financing_20260919a/utility_overnight_20260923_v1/results/production/B_floor/worker09_proposal01,verified_scored,1171.6847509951622,9,1,5,5,0,/scratch/td2248/projects/Fertility_Spring26_native_financing_20260919a/utility_overnight_20260923_v1/results/production/B_floor/worker09_proposal01/result/evaluation/scored_repetition_01/score.json,de2ec01b5ac2e06bc2b679f5d0c59df7a70cea62062e86452ada67ae240575ba,,,,
production,B_floor,worker09_proposal02,/scratch/td2248/projects/Fertility_Spring26_native_financing_20260919a/utility_overnight_20260923_v1/results/production/B_floor/worker09_proposal02,verified_scored,1076.295092690577,9,2,6,6,0,/scratch/td2248/projects/Fertility_Spring26_native_financing_20260919a/utility_overnight_20260923_v1/results/production/B_floor/worker09_proposal02/result/evaluation/scored_repetition_01/score.json,9a53fa21972ed280660e32196dec562335b30bb961d09978bb468e1210e784a5,,,,
production,B_floor,worker09_proposal03,/scratch/td2248/projects/Fertility_Spring26_native_financing_20260919a/utility_overnight_20260923_v1/results/production/B_floor/worker09_proposal03,verified_scored,1466.9308634042682,9,3,5,5,0,/scratch/td2248/projects/Fertility_Spring26_native_financing_20260919a/utility_overnight_20260923_v1/results/production/B_floor/worker09_proposal03/result/evaluation/scored_repetition_01/score.json,de3b1667d080b7661e74a4a2c8e467ab59aafc5cf35cb79027111b14eff98cdd,,,,
production,B_floor,worker09_proposal04,/scratch/td2248/projects/Fertility_Spring26_native_financing_20260919a/utility_overnight_20260923_v1/results/production/B_floor/worker09_proposal04,verified_scored,1444.8712046011126,9,4,6,6,0,/scratch/td2248/projects/Fertility_Spring26_native_financing_20260919a/utility_overnight_20260923_v1/results/production/B_floor/worker09_proposal04/result/evaluation/scored_repetition_01/score.json,ba097df6c68956b5cce8884f3639adaf71b6325cc1bacc9d5818383fbe76059e,,,,
production,B_floor,worker09_proposal05,/scratch/td2248/projects/Fertility_Spring26_native_financing_20260919a/utility_overnight_20260923_v1/results/production/B_floor/worker09_proposal05,verified_scored,1075.3411087414072,9,5,5,5,0,/scratch/td2248/projects/Fertility_Spring26_native_financing_20260919a/utility_overnight_20260923_v1/results/production/B_floor/worker09_proposal05/result/evaluation/scored_repetition_01/score.json,17126ccc416baf9883040d39cae933aab0be006f9ed92b50d3f9ffcc2063fad3,,,,
production,B_floor,worker09_proposal06,/scratch/td2248/projects/Fertility_Spring26_native_financing_20260919a/utility_overnight_20260923_v1/results/production/B_floor/worker09_proposal06,verified_scored,784.1108244598342,9,6,7,7,0,/scratch/td2248/projects/Fertility_Spring26_native_financing_20260919a/utility_overnight_20260923_v1/results/production/B_floor/worker09_proposal06/result/evaluation/scored_repetition_01/score.json,d518b7af6d6f6e062d89c866f7102a41a9ce64d983524d1b6dd0fa6fc6597fc8,,,,
production,B_floor,worker09_proposal07,/scratch/td2248/projects/Fertility_Spring26_native_financing_20260919a/utility_overnight_20260923_v1/results/production/B_floor/worker09_proposal07,verified_scored,1118.5127658702218,9,7,5,5,0,/scratch/td2248/projects/Fertility_Spring26_native_financing_20260919a/utility_overnight_20260923_v1/results/production/B_floor/worker09_proposal07/result/evaluation/scored_repetition_01/score.json,1b0d027d476be76b6e273b37f72a183b5b0c27a382065e55097e648f05dd055d,,,,
production,B_floor,worker09_proposal08,/scratch/td2248/projects/Fertility_Spring26_native_financing_20260919a/utility_overnight_20260923_v1/results/production/B_floor/worker09_proposal08,verified_scored,529.3639072124348,9,8,7,7,0,/scratch/td2248/projects/Fertility_Spring26_native_financing_20260919a/utility_overnight_20260923_v1/results/production/B_floor/worker09_proposal08/result/evaluation/scored_repetition_01/score.json,d7cef5aba4346377c762032dbc152379d0655949fdd2537b658477e425b76ba1,,,,
production,B_floor,worker09_proposal09,/scratch/td2248/projects/Fertility_Spring26_native_financing_20260919a/utility_overnight_20260923_v1/results/production/B_floor/worker09_proposal09,verified_scored,1444.3476074991086,9,9,6,6,0,/scratch/td2248/projects/Fertility_Spring26_native_financing_20260919a/utility_overnight_20260923_v1/results/production/B_floor/worker09_proposal09/result/evaluation/scored_repetition_01/score.json,71344403d5e3d3b5f8683171de2fc76dfb94647938fc7daa119fd49fb731c81e,,,,
production,B_floor,worker09_proposal10,/scratch/td2248/projects/Fertility_Spring26_native_financing_20260919a/utility_overnight_20260923_v1/results/production/B_floor/worker09_proposal10,verified_scored,519.4116170652791,9,10,5,5,0,/scratch/td2248/projects/Fertility_Spring26_native_financing_20260919a/utility_overnight_20260923_v1/results/production/B_floor/worker09_proposal10/result/evaluation/scored_repetition_01/score.json,131b058f7ef4f589c0474828aea8443ec9b5622be9ea51c52cf8e72b71b3ec23,,,,
production,B_floor,worker09_proposal11,/scratch/td2248/projects/Fertility_Spring26_native_financing_20260919a/utility_overnight_20260923_v1/results/production/B_floor/worker09_proposal11,verified_scored,1080.9708779815912,9,11,6,6,0,/scratch/td2248/projects/Fertility_Spring26_native_financing_20260919a/utility_overnight_20260923_v1/results/production/B_floor/worker09_proposal11/result/evaluation/scored_repetition_01/score.json,36e6b112b9c80a9b260ebf76891590ba406c6bebe783bd246bb6599444fba81c,,,,
production,B_floor,worker09_proposal12,/scratch/td2248/projects/Fertility_Spring26_native_financing_20260919a/utility_overnight_20260923_v1/results/production/B_floor/worker09_proposal12,verified_scored,1531.2901164438872,9,12,6,6,0,/scratch/td2248/projects/Fertility_Spring26_native_financing_20260919a/utility_overnight_20260923_v1/results/production/B_floor/worker09_proposal12/result/evaluation/scored_repetition_01/score.json,fc209f2e0b0d1f9119604e27291acaddd4de651773cf81b1d8eb5e3df194a723,,,,
production,B_floor,worker09_proposal13,/scratch/td2248/projects/Fertility_Spring26_native_financing_20260919a/utility_overnight_20260923_v1/results/production/B_floor/worker09_proposal13,verified_scored,805.341315979795,9,13,7,7,0,/scratch/td2248/projects/Fertility_Spring26_native_financing_20260919a/utility_overnight_20260923_v1/results/production/B_floor/worker09_proposal13/result/evaluation/scored_repetition_01/score.json,e711bff7d26e1b6c4fdf354de460894fa442a1ba70db20b19c827aa92893a9f3,,,,
production,B_floor,worker09_proposal14,/scratch/td2248/projects/Fertility_Spring26_native_financing_20260919a/utility_overnight_20260923_v1/results/production/B_floor/worker09_proposal14,verified_scored,743.3771281518913,9,14,5,5,0,/scratch/td2248/projects/Fertility_Spring26_native_financing_20260919a/utility_overnight_20260923_v1/results/production/B_floor/worker09_proposal14/result/evaluation/scored_repetition_01/score.json,3941d54bb254bbc02425d0fe3ca3e32d284e921867d22b03182a4107a60490a6,,,,
production,B_floor,worker09_proposal15,/scratch/td2248/projects/Fertility_Spring26_native_financing_20260919a/utility_overnight_20260923_v1/results/production/B_floor/worker09_proposal15,verified_scored,495.83357629581934,9,15,5,5,0,/scratch/td2248/projects/Fertility_Spring26_native_financing_20260919a/utility_overnight_20260923_v1/results/production/B_floor/worker09_proposal15/result/evaluation/scored_repetition_01/score.json,f94d32b7cf17debecef2e67a532df56b771f32813983ef5abe147fca846322b4,,,,
production,B_floor,worker09_proposal16,/scratch/td2248/projects/Fertility_Spring26_native_financing_20260919a/utility_overnight_20260923_v1/results/production/B_floor/worker09_proposal16,verified_scored,464.8522255676939,9,16,4,4,0,/scratch/td2248/projects/Fertility_Spring26_native_financing_20260919a/utility_overnight_20260923_v1/results/production/B_floor/worker09_proposal16/result/evaluation/scored_repetition_01/score.json,83a28e46b36e2fbe30338d366611f3ec209f0c5a68309ee4ee9fa8523b66adee,,,,
production,B_floor,worker09_proposal17,/scratch/td2248/projects/Fertility_Spring26_native_financing_20260919a/utility_overnight_20260923_v1/results/production/B_floor/worker09_proposal17,verified_scored,559.8574184854912,9,17,6,6,0,/scratch/td2248/projects/Fertility_Spring26_native_financing_20260919a/utility_overnight_20260923_v1/results/production/B_floor/worker09_proposal17/result/evaluation/scored_repetition_01/score.json,dc73d15f98e9b83fa39866016e15658fcf863e3bc680e9b0f2983b98571e56e9,,,,
production,B_floor,worker09_proposal18,/scratch/td2248/projects/Fertility_Spring26_native_financing_20260919a/utility_overnight_20260923_v1/results/production/B_floor/worker09_proposal18,verified_scored,593.9184192927137,9,18,5,5,0,/scratch/td2248/projects/Fertility_Spring26_native_financing_20260919a/utility_overnight_20260923_v1/results/production/B_floor/worker09_proposal18/result/evaluation/scored_repetition_01/score.json,c91fb778337709f43dce355c81d7ebdc6ab1e5c2bf031d208fb1b9cce2026219,,,,
production,B_floor,worker10_proposal01,/scratch/td2248/projects/Fertility_Spring26_native_financing_20260919a/utility_overnight_20260923_v1/results/production/B_floor/worker10_proposal01,verified_scored,2451.4551697311076,10,1,6,6,0,/scratch/td2248/projects/Fertility_Spring26_native_financing_20260919a/utility_overnight_20260923_v1/results/production/B_floor/worker10_proposal01/result/evaluation/scored_repetition_01/score.json,212b8d57bf66c4bb42e3b9590cb3d7d3926e12233bfbebbbc78955c5f42f30a0,,,,
production,B_floor,worker10_proposal02,/scratch/td2248/projects/Fertility_Spring26_native_financing_20260919a/utility_overnight_20260923_v1/results/production/B_floor/worker10_proposal02,verified_scored,2266.080319975542,10,2,6,6,0,/scratch/td2248/projects/Fertility_Spring26_native_financing_20260919a/utility_overnight_20260923_v1/results/production/B_floor/worker10_proposal02/result/evaluation/scored_repetition_01/score.json,74d091d17aa55d96ddbd3deb6fef7a0144d94c26cd63539c38a24707ea82d6c6,,,,
production,B_floor,worker10_proposal03,/scratch/td2248/projects/Fertility_Spring26_native_financing_20260919a/utility_overnight_20260923_v1/results/production/B_floor/worker10_proposal03,verified_scored,2138.4937373473267,10,3,6,6,0,/scratch/td2248/projects/Fertility_Spring26_native_financing_20260919a/utility_overnight_20260923_v1/results/production/B_floor/worker10_proposal03/result/evaluation/scored_repetition_01/score.json,6b3e98ffd3a83517903dd91d6e879c7657f16af89f47df12240933772aec9bc2,,,,
production,B_floor,worker10_proposal04,/scratch/td2248/projects/Fertility_Spring26_native_financing_20260919a/utility_overnight_20260923_v1/results/production/B_floor/worker10_proposal04,verified_scored,1074.278377336253,10,4,5,5,0,/scratch/td2248/projects/Fertility_Spring26_native_financing_20260919a/utility_overnight_20260923_v1/results/production/B_floor/worker10_proposal04/result/evaluation/scored_repetition_01/score.json,e19f2b201101fb0fcb363868c5ffee4765c7d3a6005e9297fa6193a83afe91e2,,,,
production,B_floor,worker10_proposal05,/scratch/td2248/projects/Fertility_Spring26_native_financing_20260919a/utility_overnight_20260923_v1/results/production/B_floor/worker10_proposal05,verified_scored,1085.9415144887764,10,5,5,5,0,/scratch/td2248/projects/Fertility_Spring26_native_financing_20260919a/utility_overnight_20260923_v1/results/production/B_floor/worker10_proposal05/result/evaluation/scored_repetition_01/score.json,d58cfa6eb5d91999c4be7536f85fda01de07a074fec77bc34012fce5ade51187,,,,
production,B_floor,worker10_proposal06,/scratch/td2248/projects/Fertility_Spring26_native_financing_20260919a/utility_overnight_20260923_v1/results/production/B_floor/worker10_proposal06,verified_scored,1077.6323660456985,10,6,5,5,0,/scratch/td2248/projects/Fertility_Spring26_native_financing_20260919a/utility_overnight_20260923_v1/results/production/B_floor/worker10_proposal06/result/evaluation/scored_repetition_01/score.json,b62cd3721d1d1fc3f17e6bc8c033a93e0c7f223281d9d5b6c72833d852b11c08,,,,
production,B_floor,worker10_proposal07,/scratch/td2248/projects/Fertility_Spring26_native_financing_20260919a/utility_overnight_20260923_v1/results/production/B_floor/worker10_proposal07,verified_scored,997.1670994928135,10,7,5,5,0,/scratch/td2248/projects/Fertility_Spring26_native_financing_20260919a/utility_overnight_20260923_v1/results/production/B_floor/worker10_proposal07/result/evaluation/scored_repetition_01/score.json,fbb296c4b66c9970e3dbb2987e519ae2b70cc6a7d9eec8e6d1530a47114d3ad0,,,,
production,B_floor,worker10_proposal08,/scratch/td2248/projects/Fertility_Spring26_native_financing_20260919a/utility_overnight_20260923_v1/results/production/B_floor/worker10_proposal08,verified_scored,1511.562648713732,10,8,6,6,0,/scratch/td2248/projects/Fertility_Spring26_native_financing_20260919a/utility_overnight_20260923_v1/results/production/B_floor/worker10_proposal08/result/evaluation/scored_repetition_01/score.json,fcf814c81fd00f61d6a687d89bc46ebfc9dd8aec630ffc2f09c4abd267d4a177,,,,
production,B_floor,worker10_proposal09,/scratch/td2248/projects/Fertility_Spring26_native_financing_20260919a/utility_overnight_20260923_v1/results/production/B_floor/worker10_proposal09,verified_scored,1173.3382083130762,10,9,5,5,0,/scratch/td2248/projects/Fertility_Spring26_native_financing_20260919a/utility_overnight_20260923_v1/results/production/B_floor/worker10_proposal09/result/evaluation/scored_repetition_01/score.json,183b43bb007fac955ec458578ca36790e60056430e10011e969cb01f07556002,,,,
production,B_floor,worker10_proposal10,/scratch/td2248/projects/Fertility_Spring26_native_financing_20260919a/utility_overnight_20260923_v1/results/production/B_floor/worker10_proposal10,verified_scored,972.4493403954632,10,10,5,5,0,/scratch/td2248/projects/Fertility_Spring26_native_financing_20260919a/utility_overnight_20260923_v1/results/production/B_floor/worker10_proposal10/result/evaluation/scored_repetition_01/score.json,26ffc288f58bf209be6252b278b44d23b03889247cf8053a440462d9d4189ab1,,,,
production,B_floor,worker10_proposal11,/scratch/td2248/projects/Fertility_Spring26_native_financing_20260919a/utility_overnight_20260923_v1/results/production/B_floor/worker10_proposal11,verified_scored,887.2244782205737,10,11,5,5,0,/scratch/td2248/projects/Fertility_Spring26_native_financing_20260919a/utility_overnight_20260923_v1/results/production/B_floor/worker10_proposal11/result/evaluation/scored_repetition_01/score.json,075e0553c7416f6fa123a11aa6d21ab2cb8dc472ec0ac4fa3b26c83816042548,,,,
production,B_floor,worker10_proposal12,/scratch/td2248/projects/Fertility_Spring26_native_financing_20260919a/utility_overnight_20260923_v1/results/production/B_floor/worker10_proposal12,verified_scored,1357.6150951454579,10,12,5,5,0,/scratch/td2248/projects/Fertility_Spring26_native_financing_20260919a/utility_overnight_20260923_v1/results/production/B_floor/worker10_proposal12/result/evaluation/scored_repetition_01/score.json,ccc493a3a5b5310390c6fe11a36cbadc04af16f45be81778a8b0c6c58dfb1d4d,,,,
production,B_floor,worker10_proposal13,/scratch/td2248/projects/Fertility_Spring26_native_financing_20260919a/utility_overnight_20260923_v1/results/production/B_floor/worker10_proposal13,verified_scored,1483.6134192433424,10,13,6,6,0,/scratch/td2248/projects/Fertility_Spring26_native_financing_20260919a/utility_overnight_20260923_v1/results/production/B_floor/worker10_proposal13/result/evaluation/scored_repetition_01/score.json,7e7958fe430a4f72d1966a8b8eee61fc7be7c339cc98e4f00c9cfdd7b12e8ca9,,,,
production,B_floor,worker10_proposal14,/scratch/td2248/projects/Fertility_Spring26_native_financing_20260919a/utility_overnight_20260923_v1/results/production/B_floor/worker10_proposal14,verified_scored,802.465834359603,10,14,6,6,0,/scratch/td2248/projects/Fertility_Spring26_native_financing_20260919a/utility_overnight_20260923_v1/results/production/B_floor/worker10_proposal14/result/evaluation/scored_repetition_01/score.json,524e2bc9a657f85269d60a5b4e6a725055837aa6c4018c8d57912cd426dbf2cf,,,,
production,B_floor,worker10_proposal15,/scratch/td2248/projects/Fertility_Spring26_native_financing_20260919a/utility_overnight_20260923_v1/results/production/B_floor/worker10_proposal15,verified_scored,809.1093507432847,10,15,4,4,0,/scratch/td2248/projects/Fertility_Spring26_native_financing_20260919a/utility_overnight_20260923_v1/results/production/B_floor/worker10_proposal15/result/evaluation/scored_repetition_01/score.json,79bd90fb516715136057554c3c3b6b123220d341d50d35cf8b198d2c290d3562,,,,
production,B_floor,worker10_proposal16,/scratch/td2248/projects/Fertility_Spring26_native_financing_20260919a/utility_overnight_20260923_v1/results/production/B_floor/worker10_proposal16,verified_scored,1007.2521102774342,10,16,5,5,0,/scratch/td2248/projects/Fertility_Spring26_native_financing_20260919a/utility_overnight_20260923_v1/results/production/B_floor/worker10_proposal16/result/evaluation/scored_repetition_01/score.json,9aca3bccc53389813a2116650f8d17e3cab514a14deafa39c7a38ff21278ae24,,,,
production,B_floor,worker10_proposal17,/scratch/td2248/projects/Fertility_Spring26_native_financing_20260919a/utility_overnight_20260923_v1/results/production/B_floor/worker10_proposal17,verified_scored,964.8618442789951,10,17,5,5,0,/scratch/td2248/projects/Fertility_Spring26_native_financing_20260919a/utility_overnight_20260923_v1/results/production/B_floor/worker10_proposal17/result/evaluation/scored_repetition_01/score.json,2a7da99da980291b2d3d2a11b6a979242533678577872b63e61438ae62602038,,,,
production,B_floor,worker10_proposal18,/scratch/td2248/projects/Fertility_Spring26_native_financing_20260919a/utility_overnight_20260923_v1/results/production/B_floor/worker10_proposal18,verified_scored,679.3917138543517,10,18,5,5,0,/scratch/td2248/projects/Fertility_Spring26_native_financing_20260919a/utility_overnight_20260923_v1/results/production/B_floor/worker10_proposal18/result/evaluation/scored_repetition_01/score.json,44f777b3e3ef098ac6381e0953d2f9f89dac25e54078e2121d04557b054706c1,,,,
production,B_floor,worker11_proposal01,/scratch/td2248/projects/Fertility_Spring26_native_financing_20260919a/utility_overnight_20260923_v1/results/production/B_floor/worker11_proposal01,verified_scored,1069.6013623416848,11,1,4,4,0,/scratch/td2248/projects/Fertility_Spring26_native_financing_20260919a/utility_overnight_20260923_v1/results/production/B_floor/worker11_proposal01/result/evaluation/scored_repetition_01/score.json,b8d87c47416720fa69f76b6b73cb535198f5656a12e5a8986734eb3b2af6d99d,,,,
production,B_floor,worker11_proposal02,/scratch/td2248/projects/Fertility_Spring26_native_financing_20260919a/utility_overnight_20260923_v1/results/production/B_floor/worker11_proposal02,verified_scored,2130.3285550391593,11,2,7,7,0,/scratch/td2248/projects/Fertility_Spring26_native_financing_20260919a/utility_overnight_20260923_v1/results/production/B_floor/worker11_proposal02/result/evaluation/scored_repetition_01/score.json,5b642bf6d6c0291538d6153c86ac2d9af9e813e9de0e19fa02b1d423bdaec847,,,,
production,B_floor,worker11_proposal03,/scratch/td2248/projects/Fertility_Spring26_native_financing_20260919a/utility_overnight_20260923_v1/results/production/B_floor/worker11_proposal03,verified_scored,1984.0427988717183,11,3,6,6,0,/scratch/td2248/projects/Fertility_Spring26_native_financing_20260919a/utility_overnight_20260923_v1/results/production/B_floor/worker11_proposal03/result/evaluation/scored_repetition_01/score.json,b8342eedeb4a968f1da99845e89f8050440a67e2aab376add295db2764302ce0,,,,
production,B_floor,worker11_proposal04,/scratch/td2248/projects/Fertility_Spring26_native_financing_20260919a/utility_overnight_20260923_v1/results/production/B_floor/worker11_proposal04,verified_scored,1499.8947434024574,11,4,5,5,0,/scratch/td2248/projects/Fertility_Spring26_native_financing_20260919a/utility_overnight_20260923_v1/results/production/B_floor/worker11_proposal04/result/evaluation/scored_repetition_01/score.json,2562f6a1fcfdf6b0b17c04957266ec361373043ce395303c8f04138202495202,,,,
production,B_floor,worker11_proposal05,/scratch/td2248/projects/Fertility_Spring26_native_financing_20260919a/utility_overnight_20260923_v1/results/production/B_floor/worker11_proposal05,verified_scored,1061.6629383325674,11,5,4,4,0,/scratch/td2248/projects/Fertility_Spring26_native_financing_20260919a/utility_overnight_20260923_v1/results/production/B_floor/worker11_proposal05/result/evaluation/scored_repetition_01/score.json,6dcff33f6d5e7446264800fdf4445dd5412c3241474d221d3e88b552ffc68c87,,,,
production,B_floor,worker11_proposal06,/scratch/td2248/projects/Fertility_Spring26_native_financing_20260919a/utility_overnight_20260923_v1/results/production/B_floor/worker11_proposal06,verified_scored,915.5779875376663,11,6,5,5,0,/scratch/td2248/projects/Fertility_Spring26_native_financing_20260919a/utility_overnight_20260923_v1/results/production/B_floor/worker11_proposal06/result/evaluation/scored_repetition_01/score.json,d4b93aec0ed91cebf5988ad4bd5a4412a6b6900ed47e24db45769835405925c8,,,,
production,B_floor,worker11_proposal07,/scratch/td2248/projects/Fertility_Spring26_native_financing_20260919a/utility_overnight_20260923_v1/results/production/B_floor/worker11_proposal07,failed,,11,7,1,0,1,,,fatal contract/code error,,,
production,B_floor,worker11_proposal08,/scratch/td2248/projects/Fertility_Spring26_native_financing_20260919a/utility_overnight_20260923_v1/results/production/B_floor/worker11_proposal08,unrun,,11,8,,,,,,,,,
production,B_floor,worker11_proposal09,/scratch/td2248/projects/Fertility_Spring26_native_financing_20260919a/utility_overnight_20260923_v1/results/production/B_floor/worker11_proposal09,unrun,,11,9,,,,,,,,,
production,B_floor,worker11_proposal10,/scratch/td2248/projects/Fertility_Spring26_native_financing_20260919a/utility_overnight_20260923_v1/results/production/B_floor/worker11_proposal10,unrun,,11,10,,,,,,,,,
production,B_floor,worker11_proposal11,/scratch/td2248/projects/Fertility_Spring26_native_financing_20260919a/utility_overnight_20260923_v1/results/production/B_floor/worker11_proposal11,unrun,,11,11,,,,,,,,,
production,B_floor,worker11_proposal12,/scratch/td2248/projects/Fertility_Spring26_native_financing_20260919a/utility_overnight_20260923_v1/results/production/B_floor/worker11_proposal12,unrun,,11,12,,,,,,,,,
production,B_floor,worker11_proposal13,/scratch/td2248/projects/Fertility_Spring26_native_financing_20260919a/utility_overnight_20260923_v1/results/production/B_floor/worker11_proposal13,unrun,,11,13,,,,,,,,,
production,B_floor,worker11_proposal14,/scratch/td2248/projects/Fertility_Spring26_native_financing_20260919a/utility_overnight_20260923_v1/results/production/B_floor/worker11_proposal14,unrun,,11,14,,,,,,,,,
production,B_floor,worker11_proposal15,/scratch/td2248/projects/Fertility_Spring26_native_financing_20260919a/utility_overnight_20260923_v1/results/production/B_floor/worker11_proposal15,unrun,,11,15,,,,,,,,,
production,B_floor,worker11_proposal16,/scratch/td2248/projects/Fertility_Spring26_native_financing_20260919a/utility_overnight_20260923_v1/results/production/B_floor/worker11_proposal16,unrun,,11,16,,,,,,,,,
production,B_floor,worker11_proposal17,/scratch/td2248/projects/Fertility_Spring26_native_financing_20260919a/utility_overnight_20260923_v1/results/production/B_floor/worker11_proposal17,unrun,,11,17,,,,,,,,,
production,B_floor,worker11_proposal18,/scratch/td2248/projects/Fertility_Spring26_native_financing_20260919a/utility_overnight_20260923_v1/results/production/B_floor/worker11_proposal18,unrun,,11,18,,,,,,,,,
production,B_floor,worker12_proposal01,/scratch/td2248/projects/Fertility_Spring26_native_financing_20260919a/utility_overnight_20260923_v1/results/production/B_floor/worker12_proposal01,verified_scored,1490.7539957504619,12,1,6,6,0,/scratch/td2248/projects/Fertility_Spring26_native_financing_20260919a/utility_overnight_20260923_v1/results/production/B_floor/worker12_proposal01/result/evaluation/scored_repetition_01/score.json,757eb5994d09f39d6a00725bf59619545491eff8e52000dac3b51e06bd9c45ac,,,,
production,B_floor,worker12_proposal02,/scratch/td2248/projects/Fertility_Spring26_native_financing_20260919a/utility_overnight_20260923_v1/results/production/B_floor/worker12_proposal02,verified_scored,1600.4895594029836,12,2,6,6,0,/scratch/td2248/projects/Fertility_Spring26_native_financing_20260919a/utility_overnight_20260923_v1/results/production/B_floor/worker12_proposal02/result/evaluation/scored_repetition_01/score.json,5679f43134547e92dc106c00a8dff7b5584bb0cb49e13a9a5dfa42628ff9ccd9,,,,
production,B_floor,worker12_proposal03,/scratch/td2248/projects/Fertility_Spring26_native_financing_20260919a/utility_overnight_20260923_v1/results/production/B_floor/worker12_proposal03,verified_scored,2007.1296407167404,12,3,6,6,0,/scratch/td2248/projects/Fertility_Spring26_native_financing_20260919a/utility_overnight_20260923_v1/results/production/B_floor/worker12_proposal03/result/evaluation/scored_repetition_01/score.json,e08a720410e9ddde8f2d401f5b0c0d1e52c84354e01ba0fa12664d064cdb290a,,,,
production,B_floor,worker12_proposal04,/scratch/td2248/projects/Fertility_Spring26_native_financing_20260919a/utility_overnight_20260923_v1/results/production/B_floor/worker12_proposal04,verified_scored,1838.6366166731027,12,4,6,6,0,/scratch/td2248/projects/Fertility_Spring26_native_financing_20260919a/utility_overnight_20260923_v1/results/production/B_floor/worker12_proposal04/result/evaluation/scored_repetition_01/score.json,aa8d314f94f7b4fefe2a6b0dace3eca37a60cc488963ecc35140ec992825aed1,,,,
production,B_floor,worker12_proposal05,/scratch/td2248/projects/Fertility_Spring26_native_financing_20260919a/utility_overnight_20260923_v1/results/production/B_floor/worker12_proposal05,verified_scored,1287.2661210054987,12,5,6,6,0,/scratch/td2248/projects/Fertility_Spring26_native_financing_20260919a/utility_overnight_20260923_v1/results/production/B_floor/worker12_proposal05/result/evaluation/scored_repetition_01/score.json,aa51182ee149ac17b9ee8d3ffb585a15fc8512076f47e68c4cab4af32e45a53d,,,,
production,B_floor,worker12_proposal06,/scratch/td2248/projects/Fertility_Spring26_native_financing_20260919a/utility_overnight_20260923_v1/results/production/B_floor/worker12_proposal06,verified_scored,985.9264863825634,12,6,6,6,0,/scratch/td2248/projects/Fertility_Spring26_native_financing_20260919a/utility_overnight_20260923_v1/results/production/B_floor/worker12_proposal06/result/evaluation/scored_repetition_01/score.json,858cdef8ff68b226a805e05d081d60c364b575efec3f31c993ef301b218f66c3,,,,
production,B_floor,worker12_proposal07,/scratch/td2248/projects/Fertility_Spring26_native_financing_20260919a/utility_overnight_20260923_v1/results/production/B_floor/worker12_proposal07,verified_scored,901.6401809052732,12,7,7,7,0,/scratch/td2248/projects/Fertility_Spring26_native_financing_20260919a/utility_overnight_20260923_v1/results/production/B_floor/worker12_proposal07/result/evaluation/scored_repetition_01/score.json,69f29abae30133d8d7def57c23d429654d2e0f50c2f3c8ce9843b26b0fb5d061,,,,
production,B_floor,worker12_proposal08,/scratch/td2248/projects/Fertility_Spring26_native_financing_20260919a/utility_overnight_20260923_v1/results/production/B_floor/worker12_proposal08,verified_scored,1294.2233844214948,12,8,6,6,0,/scratch/td2248/projects/Fertility_Spring26_native_financing_20260919a/utility_overnight_20260923_v1/results/production/B_floor/worker12_proposal08/result/evaluation/scored_repetition_01/score.json,3ecd17d4e3313be82c8f0c8c291668b098ce8a3402db7e7de386c4d93fbd6d75,,,,
production,B_floor,worker12_proposal09,/scratch/td2248/projects/Fertility_Spring26_native_financing_20260919a/utility_overnight_20260923_v1/results/production/B_floor/worker12_proposal09,verified_scored,1066.7679973229297,12,9,7,7,0,/scratch/td2248/projects/Fertility_Spring26_native_financing_20260919a/utility_overnight_20260923_v1/results/production/B_floor/worker12_proposal09/result/evaluation/scored_repetition_01/score.json,577359432730ace8d33834d39fa0f1961635b88da72741824dea707f8e57170c,,,,
production,B_floor,worker12_proposal10,/scratch/td2248/projects/Fertility_Spring26_native_financing_20260919a/utility_overnight_20260923_v1/results/production/B_floor/worker12_proposal10,verified_scored,860.3201594581745,12,10,5,5,0,/scratch/td2248/projects/Fertility_Spring26_native_financing_20260919a/utility_overnight_20260923_v1/results/production/B_floor/worker12_proposal10/result/evaluation/scored_repetition_01/score.json,cd63437bf88753f783375106101f3c368a13d4b47d1fa2edc82fa527a63b6fe9,,,,
production,B_floor,worker12_proposal11,/scratch/td2248/projects/Fertility_Spring26_native_financing_20260919a/utility_overnight_20260923_v1/results/production/B_floor/worker12_proposal11,verified_scored,1035.6213557554481,12,11,5,5,0,/scratch/td2248/projects/Fertility_Spring26_native_financing_20260919a/utility_overnight_20260923_v1/results/production/B_floor/worker12_proposal11/result/evaluation/scored_repetition_01/score.json,197c87950869ba71595689fc11a5aa2f08425b774dec486bed39475ca6a54c28,,,,
production,B_floor,worker12_proposal12,/scratch/td2248/projects/Fertility_Spring26_native_financing_20260919a/utility_overnight_20260923_v1/results/production/B_floor/worker12_proposal12,verified_scored,1293.4700655217732,12,12,6,6,0,/scratch/td2248/projects/Fertility_Spring26_native_financing_20260919a/utility_overnight_20260923_v1/results/production/B_floor/worker12_proposal12/result/evaluation/scored_repetition_01/score.json,be6337b0f23928811c896cfb6a376f84623146f897d12aa0bdf5b6c5027a50f1,,,,
production,B_floor,worker12_proposal13,/scratch/td2248/projects/Fertility_Spring26_native_financing_20260919a/utility_overnight_20260923_v1/results/production/B_floor/worker12_proposal13,verified_scored,958.1452402781845,12,13,6,6,0,/scratch/td2248/projects/Fertility_Spring26_native_financing_20260919a/utility_overnight_20260923_v1/results/production/B_floor/worker12_proposal13/result/evaluation/scored_repetition_01/score.json,3679621b29d3bcf5c64932a45e8ee3a0e8f825a83f29085ab657cc38d4b2747e,,,,
production,B_floor,worker12_proposal14,/scratch/td2248/projects/Fertility_Spring26_native_financing_20260919a/utility_overnight_20260923_v1/results/production/B_floor/worker12_proposal14,verified_scored,688.491476493861,12,14,6,6,0,/scratch/td2248/projects/Fertility_Spring26_native_financing_20260919a/utility_overnight_20260923_v1/results/production/B_floor/worker12_proposal14/result/evaluation/scored_repetition_01/score.json,643668307d6c495d0f341ee45655733fe5ee2a8f5cbaf306d3bebceccb4f24c3,,,,
production,B_floor,worker12_proposal15,/scratch/td2248/projects/Fertility_Spring26_native_financing_20260919a/utility_overnight_20260923_v1/results/production/B_floor/worker12_proposal15,verified_scored,1042.974764911372,12,15,6,6,0,/scratch/td2248/projects/Fertility_Spring26_native_financing_20260919a/utility_overnight_20260923_v1/results/production/B_floor/worker12_proposal15/result/evaluation/scored_repetition_01/score.json,05ffd57292c8d32e7d0c74ce7d80097a95cb1ce5868f39c624c1940ef64116df,,,,
production,B_floor,worker12_proposal16,/scratch/td2248/projects/Fertility_Spring26_native_financing_20260919a/utility_overnight_20260923_v1/results/production/B_floor/worker12_proposal16,failed,,12,16,6,6,0,,,fatal contract/code error,,,
production,B_floor,worker12_proposal17,/scratch/td2248/projects/Fertility_Spring26_native_financing_20260919a/utility_overnight_20260923_v1/results/production/B_floor/worker12_proposal17,unrun,,12,17,,,,,,,,,
production,B_floor,worker12_proposal18,/scratch/td2248/projects/Fertility_Spring26_native_financing_20260919a/utility_overnight_20260923_v1/results/production/B_floor/worker12_proposal18,unrun,,12,18,,,,,,,,,
production,B_floor,worker13_proposal01,/scratch/td2248/projects/Fertility_Spring26_native_financing_20260919a/utility_overnight_20260923_v1/results/production/B_floor/worker13_proposal01,failed,,13,1,1,0,1,,,fatal contract/code error,,,
production,B_floor,worker13_proposal02,/scratch/td2248/projects/Fertility_Spring26_native_financing_20260919a/utility_overnight_20260923_v1/results/production/B_floor/worker13_proposal02,unrun,,13,2,,,,,,,,,
production,B_floor,worker13_proposal03,/scratch/td2248/projects/Fertility_Spring26_native_financing_20260919a/utility_overnight_20260923_v1/results/production/B_floor/worker13_proposal03,unrun,,13,3,,,,,,,,,
production,B_floor,worker13_proposal04,/scratch/td2248/projects/Fertility_Spring26_native_financing_20260919a/utility_overnight_20260923_v1/results/production/B_floor/worker13_proposal04,unrun,,13,4,,,,,,,,,
production,B_floor,worker13_proposal05,/scratch/td2248/projects/Fertility_Spring26_native_financing_20260919a/utility_overnight_20260923_v1/results/production/B_floor/worker13_proposal05,unrun,,13,5,,,,,,,,,
production,B_floor,worker13_proposal06,/scratch/td2248/projects/Fertility_Spring26_native_financing_20260919a/utility_overnight_20260923_v1/results/production/B_floor/worker13_proposal06,unrun,,13,6,,,,,,,,,
production,B_floor,worker13_proposal07,/scratch/td2248/projects/Fertility_Spring26_native_financing_20260919a/utility_overnight_20260923_v1/results/production/B_floor/worker13_proposal07,unrun,,13,7,,,,,,,,,
production,B_floor,worker13_proposal08,/scratch/td2248/projects/Fertility_Spring26_native_financing_20260919a/utility_overnight_20260923_v1/results/production/B_floor/worker13_proposal08,unrun,,13,8,,,,,,,,,
production,B_floor,worker13_proposal09,/scratch/td2248/projects/Fertility_Spring26_native_financing_20260919a/utility_overnight_20260923_v1/results/production/B_floor/worker13_proposal09,unrun,,13,9,,,,,,,,,
production,B_floor,worker13_proposal10,/scratch/td2248/projects/Fertility_Spring26_native_financing_20260919a/utility_overnight_20260923_v1/results/production/B_floor/worker13_proposal10,unrun,,13,10,,,,,,,,,
production,B_floor,worker13_proposal11,/scratch/td2248/projects/Fertility_Spring26_native_financing_20260919a/utility_overnight_20260923_v1/results/production/B_floor/worker13_proposal11,unrun,,13,11,,,,,,,,,
production,B_floor,worker13_proposal12,/scratch/td2248/projects/Fertility_Spring26_native_financing_20260919a/utility_overnight_20260923_v1/results/production/B_floor/worker13_proposal12,unrun,,13,12,,,,,,,,,
production,B_floor,worker13_proposal13,/scratch/td2248/projects/Fertility_Spring26_native_financing_20260919a/utility_overnight_20260923_v1/results/production/B_floor/worker13_proposal13,unrun,,13,13,,,,,,,,,
production,B_floor,worker13_proposal14,/scratch/td2248/projects/Fertility_Spring26_native_financing_20260919a/utility_overnight_20260923_v1/results/production/B_floor/worker13_proposal14,unrun,,13,14,,,,,,,,,
production,B_floor,worker13_proposal15,/scratch/td2248/projects/Fertility_Spring26_native_financing_20260919a/utility_overnight_20260923_v1/results/production/B_floor/worker13_proposal15,unrun,,13,15,,,,,,,,,
production,B_floor,worker13_proposal16,/scratch/td2248/projects/Fertility_Spring26_native_financing_20260919a/utility_overnight_20260923_v1/results/production/B_floor/worker13_proposal16,unrun,,13,16,,,,,,,,,
production,B_floor,worker13_proposal17,/scratch/td2248/projects/Fertility_Spring26_native_financing_20260919a/utility_overnight_20260923_v1/results/production/B_floor/worker13_proposal17,unrun,,13,17,,,,,,,,,
production,B_floor,worker13_proposal18,/scratch/td2248/projects/Fertility_Spring26_native_financing_20260919a/utility_overnight_20260923_v1/results/production/B_floor/worker13_proposal18,unrun,,13,18,,,,,,,,,
production,B_floor,worker14_proposal01,/scratch/td2248/projects/Fertility_Spring26_native_financing_20260919a/utility_overnight_20260923_v1/results/production/B_floor/worker14_proposal01,failed,,14,1,1,0,1,,,fatal contract/code error,,,
production,B_floor,worker14_proposal02,/scratch/td2248/projects/Fertility_Spring26_native_financing_20260919a/utility_overnight_20260923_v1/results/production/B_floor/worker14_proposal02,unrun,,14,2,,,,,,,,,
production,B_floor,worker14_proposal03,/scratch/td2248/projects/Fertility_Spring26_native_financing_20260919a/utility_overnight_20260923_v1/results/production/B_floor/worker14_proposal03,unrun,,14,3,,,,,,,,,
production,B_floor,worker14_proposal04,/scratch/td2248/projects/Fertility_Spring26_native_financing_20260919a/utility_overnight_20260923_v1/results/production/B_floor/worker14_proposal04,unrun,,14,4,,,,,,,,,
production,B_floor,worker14_proposal05,/scratch/td2248/projects/Fertility_Spring26_native_financing_20260919a/utility_overnight_20260923_v1/results/production/B_floor/worker14_proposal05,unrun,,14,5,,,,,,,,,
production,B_floor,worker14_proposal06,/scratch/td2248/projects/Fertility_Spring26_native_financing_20260919a/utility_overnight_20260923_v1/results/production/B_floor/worker14_proposal06,unrun,,14,6,,,,,,,,,
production,B_floor,worker14_proposal07,/scratch/td2248/projects/Fertility_Spring26_native_financing_20260919a/utility_overnight_20260923_v1/results/production/B_floor/worker14_proposal07,unrun,,14,7,,,,,,,,,
production,B_floor,worker14_proposal08,/scratch/td2248/projects/Fertility_Spring26_native_financing_20260919a/utility_overnight_20260923_v1/results/production/B_floor/worker14_proposal08,unrun,,14,8,,,,,,,,,
production,B_floor,worker14_proposal09,/scratch/td2248/projects/Fertility_Spring26_native_financing_20260919a/utility_overnight_20260923_v1/results/production/B_floor/worker14_proposal09,unrun,,14,9,,,,,,,,,
production,B_floor,worker14_proposal10,/scratch/td2248/projects/Fertility_Spring26_native_financing_20260919a/utility_overnight_20260923_v1/results/production/B_floor/worker14_proposal10,unrun,,14,10,,,,,,,,,
production,B_floor,worker14_proposal11,/scratch/td2248/projects/Fertility_Spring26_native_financing_20260919a/utility_overnight_20260923_v1/results/production/B_floor/worker14_proposal11,unrun,,14,11,,,,,,,,,
production,B_floor,worker14_proposal12,/scratch/td2248/projects/Fertility_Spring26_native_financing_20260919a/utility_overnight_20260923_v1/results/production/B_floor/worker14_proposal12,unrun,,14,12,,,,,,,,,
production,B_floor,worker14_proposal13,/scratch/td2248/projects/Fertility_Spring26_native_financing_20260919a/utility_overnight_20260923_v1/results/production/B_floor/worker14_proposal13,unrun,,14,13,,,,,,,,,
production,B_floor,worker14_proposal14,/scratch/td2248/projects/Fertility_Spring26_native_financing_20260919a/utility_overnight_20260923_v1/results/production/B_floor/worker14_proposal14,unrun,,14,14,,,,,,,,,
production,B_floor,worker14_proposal15,/scratch/td2248/projects/Fertility_Spring26_native_financing_20260919a/utility_overnight_20260923_v1/results/production/B_floor/worker14_proposal15,unrun,,14,15,,,,,,,,,
production,B_floor,worker14_proposal16,/scratch/td2248/projects/Fertility_Spring26_native_financing_20260919a/utility_overnight_20260923_v1/results/production/B_floor/worker14_proposal16,unrun,,14,16,,,,,,,,,
production,B_floor,worker14_proposal17,/scratch/td2248/projects/Fertility_Spring26_native_financing_20260919a/utility_overnight_20260923_v1/results/production/B_floor/worker14_proposal17,unrun,,14,17,,,,,,,,,
production,B_floor,worker14_proposal18,/scratch/td2248/projects/Fertility_Spring26_native_financing_20260919a/utility_overnight_20260923_v1/results/production/B_floor/worker14_proposal18,unrun,,14,18,,,,,,,,,
production,B_floor,worker15_proposal01,/scratch/td2248/projects/Fertility_Spring26_native_financing_20260919a/utility_overnight_20260923_v1/results/production/B_floor/worker15_proposal01,verified_scored,1111.6898707802875,15,1,7,7,0,/scratch/td2248/projects/Fertility_Spring26_native_financing_20260919a/utility_overnight_20260923_v1/results/production/B_floor/worker15_proposal01/result/evaluation/scored_repetition_01/score.json,73ea511bb96cf57cf86eb7d8de55a8ebc5a7341453418f9fbc2c1d4f8b3de754,,,,
production,B_floor,worker15_proposal02,/scratch/td2248/projects/Fertility_Spring26_native_financing_20260919a/utility_overnight_20260923_v1/results/production/B_floor/worker15_proposal02,failed,,15,2,1,0,1,,,fatal contract/code error,,,
production,B_floor,worker15_proposal03,/scratch/td2248/projects/Fertility_Spring26_native_financing_20260919a/utility_overnight_20260923_v1/results/production/B_floor/worker15_proposal03,unrun,,15,3,,,,,,,,,
production,B_floor,worker15_proposal04,/scratch/td2248/projects/Fertility_Spring26_native_financing_20260919a/utility_overnight_20260923_v1/results/production/B_floor/worker15_proposal04,unrun,,15,4,,,,,,,,,
production,B_floor,worker15_proposal05,/scratch/td2248/projects/Fertility_Spring26_native_financing_20260919a/utility_overnight_20260923_v1/results/production/B_floor/worker15_proposal05,unrun,,15,5,,,,,,,,,
production,B_floor,worker15_proposal06,/scratch/td2248/projects/Fertility_Spring26_native_financing_20260919a/utility_overnight_20260923_v1/results/production/B_floor/worker15_proposal06,unrun,,15,6,,,,,,,,,
production,B_floor,worker15_proposal07,/scratch/td2248/projects/Fertility_Spring26_native_financing_20260919a/utility_overnight_20260923_v1/results/production/B_floor/worker15_proposal07,unrun,,15,7,,,,,,,,,
production,B_floor,worker15_proposal08,/scratch/td2248/projects/Fertility_Spring26_native_financing_20260919a/utility_overnight_20260923_v1/results/production/B_floor/worker15_proposal08,unrun,,15,8,,,,,,,,,
production,B_floor,worker15_proposal09,/scratch/td2248/projects/Fertility_Spring26_native_financing_20260919a/utility_overnight_20260923_v1/results/production/B_floor/worker15_proposal09,unrun,,15,9,,,,,,,,,
production,B_floor,worker15_proposal10,/scratch/td2248/projects/Fertility_Spring26_native_financing_20260919a/utility_overnight_20260923_v1/results/production/B_floor/worker15_proposal10,unrun,,15,10,,,,,,,,,
production,B_floor,worker15_proposal11,/scratch/td2248/projects/Fertility_Spring26_native_financing_20260919a/utility_overnight_20260923_v1/results/production/B_floor/worker15_proposal11,unrun,,15,11,,,,,,,,,
production,B_floor,worker15_proposal12,/scratch/td2248/projects/Fertility_Spring26_native_financing_20260919a/utility_overnight_20260923_v1/results/production/B_floor/worker15_proposal12,unrun,,15,12,,,,,,,,,
production,B_floor,worker15_proposal13,/scratch/td2248/projects/Fertility_Spring26_native_financing_20260919a/utility_overnight_20260923_v1/results/production/B_floor/worker15_proposal13,unrun,,15,13,,,,,,,,,
production,B_floor,worker15_proposal14,/scratch/td2248/projects/Fertility_Spring26_native_financing_20260919a/utility_overnight_20260923_v1/results/production/B_floor/worker15_proposal14,unrun,,15,14,,,,,,,,,
production,B_floor,worker15_proposal15,/scratch/td2248/projects/Fertility_Spring26_native_financing_20260919a/utility_overnight_20260923_v1/results/production/B_floor/worker15_proposal15,unrun,,15,15,,,,,,,,,
production,B_floor,worker15_proposal16,/scratch/td2248/projects/Fertility_Spring26_native_financing_20260919a/utility_overnight_20260923_v1/results/production/B_floor/worker15_proposal16,unrun,,15,16,,,,,,,,,
production,B_floor,worker15_proposal17,/scratch/td2248/projects/Fertility_Spring26_native_financing_20260919a/utility_overnight_20260923_v1/results/production/B_floor/worker15_proposal17,unrun,,15,17,,,,,,,,,
production,B_floor,worker15_proposal18,/scratch/td2248/projects/Fertility_Spring26_native_financing_20260919a/utility_overnight_20260923_v1/results/production/B_floor/worker15_proposal18,unrun,,15,18,,,,,,,,,
production,B_floor,worker16_proposal01,/scratch/td2248/projects/Fertility_Spring26_native_financing_20260919a/utility_overnight_20260923_v1/results/production/B_floor/worker16_proposal01,verified_scored,3661.464859419882,16,1,6,6,0,/scratch/td2248/projects/Fertility_Spring26_native_financing_20260919a/utility_overnight_20260923_v1/results/production/B_floor/worker16_proposal01/result/evaluation/scored_repetition_01/score.json,5ddba96c2fcd3cf1f3da15ea347995765489e48fb9c5fb9eed96896d25211dd6,,,,
production,B_floor,worker16_proposal02,/scratch/td2248/projects/Fertility_Spring26_native_financing_20260919a/utility_overnight_20260923_v1/results/production/B_floor/worker16_proposal02,verified_scored,1660.6763601421276,16,2,6,6,0,/scratch/td2248/projects/Fertility_Spring26_native_financing_20260919a/utility_overnight_20260923_v1/results/production/B_floor/worker16_proposal02/result/evaluation/scored_repetition_01/score.json,221fd6b94583569c815d747ebc6263cc8c238d33877c9bc9a8602c07d0ffc7e0,,,,
production,B_floor,worker16_proposal03,/scratch/td2248/projects/Fertility_Spring26_native_financing_20260919a/utility_overnight_20260923_v1/results/production/B_floor/worker16_proposal03,verified_scored,2420.7806771561177,16,3,6,6,0,/scratch/td2248/projects/Fertility_Spring26_native_financing_20260919a/utility_overnight_20260923_v1/results/production/B_floor/worker16_proposal03/result/evaluation/scored_repetition_01/score.json,67e9e1a392f05977b651cbd9ad316d4ad53f90a64f654a3372cd150254f61b6e,,,,
production,B_floor,worker16_proposal04,/scratch/td2248/projects/Fertility_Spring26_native_financing_20260919a/utility_overnight_20260923_v1/results/production/B_floor/worker16_proposal04,failed,,16,4,1,0,1,,,fatal contract/code error,,,
production,B_floor,worker16_proposal05,/scratch/td2248/projects/Fertility_Spring26_native_financing_20260919a/utility_overnight_20260923_v1/results/production/B_floor/worker16_proposal05,unrun,,16,5,,,,,,,,,
production,B_floor,worker16_proposal06,/scratch/td2248/projects/Fertility_Spring26_native_financing_20260919a/utility_overnight_20260923_v1/results/production/B_floor/worker16_proposal06,unrun,,16,6,,,,,,,,,
production,B_floor,worker16_proposal07,/scratch/td2248/projects/Fertility_Spring26_native_financing_20260919a/utility_overnight_20260923_v1/results/production/B_floor/worker16_proposal07,unrun,,16,7,,,,,,,,,
production,B_floor,worker16_proposal08,/scratch/td2248/projects/Fertility_Spring26_native_financing_20260919a/utility_overnight_20260923_v1/results/production/B_floor/worker16_proposal08,unrun,,16,8,,,,,,,,,
production,B_floor,worker16_proposal09,/scratch/td2248/projects/Fertility_Spring26_native_financing_20260919a/utility_overnight_20260923_v1/results/production/B_floor/worker16_proposal09,unrun,,16,9,,,,,,,,,
production,B_floor,worker16_proposal10,/scratch/td2248/projects/Fertility_Spring26_native_financing_20260919a/utility_overnight_20260923_v1/results/production/B_floor/worker16_proposal10,unrun,,16,10,,,,,,,,,
production,B_floor,worker16_proposal11,/scratch/td2248/projects/Fertility_Spring26_native_financing_20260919a/utility_overnight_20260923_v1/results/production/B_floor/worker16_proposal11,unrun,,16,11,,,,,,,,,
production,B_floor,worker16_proposal12,/scratch/td2248/projects/Fertility_Spring26_native_financing_20260919a/utility_overnight_20260923_v1/results/production/B_floor/worker16_proposal12,unrun,,16,12,,,,,,,,,
production,B_floor,worker16_proposal13,/scratch/td2248/projects/Fertility_Spring26_native_financing_20260919a/utility_overnight_20260923_v1/results/production/B_floor/worker16_proposal13,unrun,,16,13,,,,,,,,,
production,B_floor,worker16_proposal14,/scratch/td2248/projects/Fertility_Spring26_native_financing_20260919a/utility_overnight_20260923_v1/results/production/B_floor/worker16_proposal14,unrun,,16,14,,,,,,,,,
production,B_floor,worker16_proposal15,/scratch/td2248/projects/Fertility_Spring26_native_financing_20260919a/utility_overnight_20260923_v1/results/production/B_floor/worker16_proposal15,unrun,,16,15,,,,,,,,,
production,B_floor,worker16_proposal16,/scratch/td2248/projects/Fertility_Spring26_native_financing_20260919a/utility_overnight_20260923_v1/results/production/B_floor/worker16_proposal16,unrun,,16,16,,,,,,,,,
production,B_floor,worker16_proposal17,/scratch/td2248/projects/Fertility_Spring26_native_financing_20260919a/utility_overnight_20260923_v1/results/production/B_floor/worker16_proposal17,unrun,,16,17,,,,,,,,,
production,B_floor,worker16_proposal18,/scratch/td2248/projects/Fertility_Spring26_native_financing_20260919a/utility_overnight_20260923_v1/results/production/B_floor/worker16_proposal18,unrun,,16,18,,,,,,,,,
production,B_floor,worker17_proposal01,/scratch/td2248/projects/Fertility_Spring26_native_financing_20260919a/utility_overnight_20260923_v1/results/production/B_floor/worker17_proposal01,verified_scored,1921.3800396142447,17,1,5,5,0,/scratch/td2248/projects/Fertility_Spring26_native_financing_20260919a/utility_overnight_20260923_v1/results/production/B_floor/worker17_proposal01/result/evaluation/scored_repetition_01/score.json,9a3b5a1d0e40879df28993a4bf44f58387428474e781439405cf60ccc280dba1,,,,
production,B_floor,worker17_proposal02,/scratch/td2248/projects/Fertility_Spring26_native_financing_20260919a/utility_overnight_20260923_v1/results/production/B_floor/worker17_proposal02,verified_scored,1235.3222547140936,17,2,6,6,0,/scratch/td2248/projects/Fertility_Spring26_native_financing_20260919a/utility_overnight_20260923_v1/results/production/B_floor/worker17_proposal02/result/evaluation/scored_repetition_01/score.json,5cd77d4640bc1775b7278cc25ea4e1fd976f8f94a8b33c74ed154e0718aa2bb8,,,,
production,B_floor,worker17_proposal03,/scratch/td2248/projects/Fertility_Spring26_native_financing_20260919a/utility_overnight_20260923_v1/results/production/B_floor/worker17_proposal03,failed,,17,3,1,0,1,,,fatal contract/code error,,,
production,B_floor,worker17_proposal04,/scratch/td2248/projects/Fertility_Spring26_native_financing_20260919a/utility_overnight_20260923_v1/results/production/B_floor/worker17_proposal04,unrun,,17,4,,,,,,,,,
production,B_floor,worker17_proposal05,/scratch/td2248/projects/Fertility_Spring26_native_financing_20260919a/utility_overnight_20260923_v1/results/production/B_floor/worker17_proposal05,unrun,,17,5,,,,,,,,,
production,B_floor,worker17_proposal06,/scratch/td2248/projects/Fertility_Spring26_native_financing_20260919a/utility_overnight_20260923_v1/results/production/B_floor/worker17_proposal06,unrun,,17,6,,,,,,,,,
production,B_floor,worker17_proposal07,/scratch/td2248/projects/Fertility_Spring26_native_financing_20260919a/utility_overnight_20260923_v1/results/production/B_floor/worker17_proposal07,unrun,,17,7,,,,,,,,,
production,B_floor,worker17_proposal08,/scratch/td2248/projects/Fertility_Spring26_native_financing_20260919a/utility_overnight_20260923_v1/results/production/B_floor/worker17_proposal08,unrun,,17,8,,,,,,,,,
production,B_floor,worker17_proposal09,/scratch/td2248/projects/Fertility_Spring26_native_financing_20260919a/utility_overnight_20260923_v1/results/production/B_floor/worker17_proposal09,unrun,,17,9,,,,,,,,,
production,B_floor,worker17_proposal10,/scratch/td2248/projects/Fertility_Spring26_native_financing_20260919a/utility_overnight_20260923_v1/results/production/B_floor/worker17_proposal10,unrun,,17,10,,,,,,,,,
production,B_floor,worker17_proposal11,/scratch/td2248/projects/Fertility_Spring26_native_financing_20260919a/utility_overnight_20260923_v1/results/production/B_floor/worker17_proposal11,unrun,,17,11,,,,,,,,,
production,B_floor,worker17_proposal12,/scratch/td2248/projects/Fertility_Spring26_native_financing_20260919a/utility_overnight_20260923_v1/results/production/B_floor/worker17_proposal12,unrun,,17,12,,,,,,,,,
production,B_floor,worker17_proposal13,/scratch/td2248/projects/Fertility_Spring26_native_financing_20260919a/utility_overnight_20260923_v1/results/production/B_floor/worker17_proposal13,unrun,,17,13,,,,,,,,,
production,B_floor,worker17_proposal14,/scratch/td2248/projects/Fertility_Spring26_native_financing_20260919a/utility_overnight_20260923_v1/results/production/B_floor/worker17_proposal14,unrun,,17,14,,,,,,,,,
production,B_floor,worker17_proposal15,/scratch/td2248/projects/Fertility_Spring26_native_financing_20260919a/utility_overnight_20260923_v1/results/production/B_floor/worker17_proposal15,unrun,,17,15,,,,,,,,,
production,B_floor,worker17_proposal16,/scratch/td2248/projects/Fertility_Spring26_native_financing_20260919a/utility_overnight_20260923_v1/results/production/B_floor/worker17_proposal16,unrun,,17,16,,,,,,,,,
production,B_floor,worker17_proposal17,/scratch/td2248/projects/Fertility_Spring26_native_financing_20260919a/utility_overnight_20260923_v1/results/production/B_floor/worker17_proposal17,unrun,,17,17,,,,,,,,,
production,B_floor,worker17_proposal18,/scratch/td2248/projects/Fertility_Spring26_native_financing_20260919a/utility_overnight_20260923_v1/results/production/B_floor/worker17_proposal18,unrun,,17,18,,,,,,,,,
production,B_floor,worker18_proposal01,/scratch/td2248/projects/Fertility_Spring26_native_financing_20260919a/utility_overnight_20260923_v1/results/production/B_floor/worker18_proposal01,failed,,18,1,1,0,1,,,fatal contract/code error,,,
production,B_floor,worker18_proposal02,/scratch/td2248/projects/Fertility_Spring26_native_financing_20260919a/utility_overnight_20260923_v1/results/production/B_floor/worker18_proposal02,unrun,,18,2,,,,,,,,,
production,B_floor,worker18_proposal03,/scratch/td2248/projects/Fertility_Spring26_native_financing_20260919a/utility_overnight_20260923_v1/results/production/B_floor/worker18_proposal03,unrun,,18,3,,,,,,,,,
production,B_floor,worker18_proposal04,/scratch/td2248/projects/Fertility_Spring26_native_financing_20260919a/utility_overnight_20260923_v1/results/production/B_floor/worker18_proposal04,unrun,,18,4,,,,,,,,,
production,B_floor,worker18_proposal05,/scratch/td2248/projects/Fertility_Spring26_native_financing_20260919a/utility_overnight_20260923_v1/results/production/B_floor/worker18_proposal05,unrun,,18,5,,,,,,,,,
production,B_floor,worker18_proposal06,/scratch/td2248/projects/Fertility_Spring26_native_financing_20260919a/utility_overnight_20260923_v1/results/production/B_floor/worker18_proposal06,unrun,,18,6,,,,,,,,,
production,B_floor,worker18_proposal07,/scratch/td2248/projects/Fertility_Spring26_native_financing_20260919a/utility_overnight_20260923_v1/results/production/B_floor/worker18_proposal07,unrun,,18,7,,,,,,,,,
production,B_floor,worker18_proposal08,/scratch/td2248/projects/Fertility_Spring26_native_financing_20260919a/utility_overnight_20260923_v1/results/production/B_floor/worker18_proposal08,unrun,,18,8,,,,,,,,,
production,B_floor,worker18_proposal09,/scratch/td2248/projects/Fertility_Spring26_native_financing_20260919a/utility_overnight_20260923_v1/results/production/B_floor/worker18_proposal09,unrun,,18,9,,,,,,,,,
production,B_floor,worker18_proposal10,/scratch/td2248/projects/Fertility_Spring26_native_financing_20260919a/utility_overnight_20260923_v1/results/production/B_floor/worker18_proposal10,unrun,,18,10,,,,,,,,,
production,B_floor,worker18_proposal11,/scratch/td2248/projects/Fertility_Spring26_native_financing_20260919a/utility_overnight_20260923_v1/results/production/B_floor/worker18_proposal11,unrun,,18,11,,,,,,,,,
production,B_floor,worker18_proposal12,/scratch/td2248/projects/Fertility_Spring26_native_financing_20260919a/utility_overnight_20260923_v1/results/production/B_floor/worker18_proposal12,unrun,,18,12,,,,,,,,,
production,B_floor,worker18_proposal13,/scratch/td2248/projects/Fertility_Spring26_native_financing_20260919a/utility_overnight_20260923_v1/results/production/B_floor/worker18_proposal13,unrun,,18,13,,,,,,,,,
production,B_floor,worker18_proposal14,/scratch/td2248/projects/Fertility_Spring26_native_financing_20260919a/utility_overnight_20260923_v1/results/production/B_floor/worker18_proposal14,unrun,,18,14,,,,,,,,,
production,B_floor,worker18_proposal15,/scratch/td2248/projects/Fertility_Spring26_native_financing_20260919a/utility_overnight_20260923_v1/results/production/B_floor/worker18_proposal15,unrun,,18,15,,,,,,,,,
production,B_floor,worker18_proposal16,/scratch/td2248/projects/Fertility_Spring26_native_financing_20260919a/utility_overnight_20260923_v1/results/production/B_floor/worker18_proposal16,unrun,,18,16,,,,,,,,,
production,B_floor,worker18_proposal17,/scratch/td2248/projects/Fertility_Spring26_native_financing_20260919a/utility_overnight_20260923_v1/results/production/B_floor/worker18_proposal17,unrun,,18,17,,,,,,,,,
production,B_floor,worker18_proposal18,/scratch/td2248/projects/Fertility_Spring26_native_financing_20260919a/utility_overnight_20260923_v1/results/production/B_floor/worker18_proposal18,unrun,,18,18,,,,,,,,,
production,B_shares,worker19_proposal01,/scratch/td2248/projects/Fertility_Spring26_native_financing_20260919a/utility_overnight_20260923_v1/results/production/B_shares/worker19_proposal01,verified_scored,1805.5991508503298,19,1,6,6,0,/scratch/td2248/projects/Fertility_Spring26_native_financing_20260919a/utility_overnight_20260923_v1/results/production/B_shares/worker19_proposal01/result/evaluation/scored_repetition_01/score.json,0b618e0d1c017ab810d459652270cf6b69c02c97729259f2f9684048411703da,,,,
production,B_shares,worker19_proposal02,/scratch/td2248/projects/Fertility_Spring26_native_financing_20260919a/utility_overnight_20260923_v1/results/production/B_shares/worker19_proposal02,verified_scored,1751.1795487510637,19,2,7,7,0,/scratch/td2248/projects/Fertility_Spring26_native_financing_20260919a/utility_overnight_20260923_v1/results/production/B_shares/worker19_proposal02/result/evaluation/scored_repetition_01/score.json,d0bf9c9109168d3fc8b5d2814fe6be17bce409fdbac1b940fe32691dc07a74b9,,,,
production,B_shares,worker19_proposal03,/scratch/td2248/projects/Fertility_Spring26_native_financing_20260919a/utility_overnight_20260923_v1/results/production/B_shares/worker19_proposal03,verified_scored,1948.7080248766347,19,3,7,7,0,/scratch/td2248/projects/Fertility_Spring26_native_financing_20260919a/utility_overnight_20260923_v1/results/production/B_shares/worker19_proposal03/result/evaluation/scored_repetition_01/score.json,a072610dc894a1b597778b06902d67a3c46adfc4c0f76eb010d5d5d06a7da783,,,,
production,B_shares,worker19_proposal04,/scratch/td2248/projects/Fertility_Spring26_native_financing_20260919a/utility_overnight_20260923_v1/results/production/B_shares/worker19_proposal04,verified_scored,1805.1607739921028,19,4,7,7,0,/scratch/td2248/projects/Fertility_Spring26_native_financing_20260919a/utility_overnight_20260923_v1/results/production/B_shares/worker19_proposal04/result/evaluation/scored_repetition_01/score.json,2bfb431e06cdda6bbc98a761691ba3175cb2f890f7c1d877b44014f8a6866659,,,,
production,B_shares,worker19_proposal05,/scratch/td2248/projects/Fertility_Spring26_native_financing_20260919a/utility_overnight_20260923_v1/results/production/B_shares/worker19_proposal05,verified_scored,1749.8174054849542,19,5,7,7,0,/scratch/td2248/projects/Fertility_Spring26_native_financing_20260919a/utility_overnight_20260923_v1/results/production/B_shares/worker19_proposal05/result/evaluation/scored_repetition_01/score.json,d77c9ffbaab12e0517b7813cc73bea4b3820fcd54a533f27e7630697ec493fec,,,,
production,B_shares,worker19_proposal06,/scratch/td2248/projects/Fertility_Spring26_native_financing_20260919a/utility_overnight_20260923_v1/results/production/B_shares/worker19_proposal06,verified_scored,1734.849546982629,19,6,6,6,0,/scratch/td2248/projects/Fertility_Spring26_native_financing_20260919a/utility_overnight_20260923_v1/results/production/B_shares/worker19_proposal06/result/evaluation/scored_repetition_01/score.json,970008c409ad88b34ac25c56cd6a50cf1ea8d99cfc1f6756ca2de10c44a5698c,,,,
production,B_shares,worker19_proposal07,/scratch/td2248/projects/Fertility_Spring26_native_financing_20260919a/utility_overnight_20260923_v1/results/production/B_shares/worker19_proposal07,verified_scored,1855.9867029195932,19,7,6,6,0,/scratch/td2248/projects/Fertility_Spring26_native_financing_20260919a/utility_overnight_20260923_v1/results/production/B_shares/worker19_proposal07/result/evaluation/scored_repetition_01/score.json,c760e1a93d06efaf710c43c76ee5acdb90ac58df67004fc36b5af66f43c66401,,,,
production,B_shares,worker19_proposal08,/scratch/td2248/projects/Fertility_Spring26_native_financing_20260919a/utility_overnight_20260923_v1/results/production/B_shares/worker19_proposal08,verified_scored,1787.8762643047144,19,8,6,6,0,/scratch/td2248/projects/Fertility_Spring26_native_financing_20260919a/utility_overnight_20260923_v1/results/production/B_shares/worker19_proposal08/result/evaluation/scored_repetition_01/score.json,2f5e9b179822fca509ea7662001b62f9f2097137a9e73717d0444f747a4c39dc,,,,
production,B_shares,worker19_proposal09,/scratch/td2248/projects/Fertility_Spring26_native_financing_20260919a/utility_overnight_20260923_v1/results/production/B_shares/worker19_proposal09,verified_scored,1762.601694963376,19,9,5,5,0,/scratch/td2248/projects/Fertility_Spring26_native_financing_20260919a/utility_overnight_20260923_v1/results/production/B_shares/worker19_proposal09/result/evaluation/scored_repetition_01/score.json,e265e8047b2533837551769db097db9de6b73ec3a9703ffaafea7bc43bf2d783,,,,
production,B_shares,worker19_proposal10,/scratch/td2248/projects/Fertility_Spring26_native_financing_20260919a/utility_overnight_20260923_v1/results/production/B_shares/worker19_proposal10,verified_scored,1686.223452912849,19,10,6,6,0,/scratch/td2248/projects/Fertility_Spring26_native_financing_20260919a/utility_overnight_20260923_v1/results/production/B_shares/worker19_proposal10/result/evaluation/scored_repetition_01/score.json,afb30bdba35e14158b6743984769638f272633d8905c52c4a18dc1bed80a9e16,,,,
production,B_shares,worker19_proposal11,/scratch/td2248/projects/Fertility_Spring26_native_financing_20260919a/utility_overnight_20260923_v1/results/production/B_shares/worker19_proposal11,verified_scored,1679.1794936122672,19,11,6,6,0,/scratch/td2248/projects/Fertility_Spring26_native_financing_20260919a/utility_overnight_20260923_v1/results/production/B_shares/worker19_proposal11/result/evaluation/scored_repetition_01/score.json,9d2b00145e5678be76146885a86c4510fc07ec8eb58762804ff36a995acaf066,,,,
production,B_shares,worker19_proposal12,/scratch/td2248/projects/Fertility_Spring26_native_financing_20260919a/utility_overnight_20260923_v1/results/production/B_shares/worker19_proposal12,verified_scored,1922.0448413331183,19,12,6,6,0,/scratch/td2248/projects/Fertility_Spring26_native_financing_20260919a/utility_overnight_20260923_v1/results/production/B_shares/worker19_proposal12/result/evaluation/scored_repetition_01/score.json,23b5b573421993dd2f6ea178a429e1e3c48c0d415dfd87bf72a69937db2523e5,,,,
production,B_shares,worker19_proposal13,/scratch/td2248/projects/Fertility_Spring26_native_financing_20260919a/utility_overnight_20260923_v1/results/production/B_shares/worker19_proposal13,verified_scored,1660.47032987259,19,13,6,6,0,/scratch/td2248/projects/Fertility_Spring26_native_financing_20260919a/utility_overnight_20260923_v1/results/production/B_shares/worker19_proposal13/result/evaluation/scored_repetition_01/score.json,9bfa80a09e5c26ac58e327e58b2963d96c8aa3bcf4251df7311764ed57f9da01,,,,
production,B_shares,worker19_proposal14,/scratch/td2248/projects/Fertility_Spring26_native_financing_20260919a/utility_overnight_20260923_v1/results/production/B_shares/worker19_proposal14,verified_scored,1707.2309532123168,19,14,6,6,0,/scratch/td2248/projects/Fertility_Spring26_native_financing_20260919a/utility_overnight_20260923_v1/results/production/B_shares/worker19_proposal14/result/evaluation/scored_repetition_01/score.json,343375a27fb51d4ebb1ed1e30d2e9beeff2542f4365de51c7b5c7256afb27ba0,,,,
production,B_shares,worker19_proposal15,/scratch/td2248/projects/Fertility_Spring26_native_financing_20260919a/utility_overnight_20260923_v1/results/production/B_shares/worker19_proposal15,verified_scored,1613.4455576831817,19,15,6,6,0,/scratch/td2248/projects/Fertility_Spring26_native_financing_20260919a/utility_overnight_20260923_v1/results/production/B_shares/worker19_proposal15/result/evaluation/scored_repetition_01/score.json,1d4ad7c49b32ee4e5c148a3e6800b06ce85941633fe482d735580c6904c6681a,,,,
production,B_shares,worker19_proposal16,/scratch/td2248/projects/Fertility_Spring26_native_financing_20260919a/utility_overnight_20260923_v1/results/production/B_shares/worker19_proposal16,verified_scored,1621.5301463516068,19,16,6,6,0,/scratch/td2248/projects/Fertility_Spring26_native_financing_20260919a/utility_overnight_20260923_v1/results/production/B_shares/worker19_proposal16/result/evaluation/scored_repetition_01/score.json,8e6c4e0a46731db291f91cf21dbcbdb2921441158913dd480a378c728e77142f,,,,
production,B_shares,worker19_proposal17,/scratch/td2248/projects/Fertility_Spring26_native_financing_20260919a/utility_overnight_20260923_v1/results/production/B_shares/worker19_proposal17,verified_scored,1656.559255125316,19,17,6,6,0,/scratch/td2248/projects/Fertility_Spring26_native_financing_20260919a/utility_overnight_20260923_v1/results/production/B_shares/worker19_proposal17/result/evaluation/scored_repetition_01/score.json,f8532df5f1eaca76f44ef91c6f2ad076069839530295a71bae43bab9ba4b8a94,,,,
production,B_shares,worker19_proposal18,/scratch/td2248/projects/Fertility_Spring26_native_financing_20260919a/utility_overnight_20260923_v1/results/production/B_shares/worker19_proposal18,verified_scored,1490.404242008252,19,18,6,6,0,/scratch/td2248/projects/Fertility_Spring26_native_financing_20260919a/utility_overnight_20260923_v1/results/production/B_shares/worker19_proposal18/result/evaluation/scored_repetition_01/score.json,54502d83bd33ce0118417f40fb86835e0a4b670da0c05d1f1a400be5c9a42708,,,,
production,B_shares,worker20_proposal01,/scratch/td2248/projects/Fertility_Spring26_native_financing_20260919a/utility_overnight_20260923_v1/results/production/B_shares/worker20_proposal01,verified_scored,1754.660725642462,20,1,6,6,0,/scratch/td2248/projects/Fertility_Spring26_native_financing_20260919a/utility_overnight_20260923_v1/results/production/B_shares/worker20_proposal01/result/evaluation/scored_repetition_01/score.json,0b3dd8898b372942f5dbe17ad2cba34b6a0148166a949ed035f6ac1c6dbb7559,,,,
production,B_shares,worker20_proposal02,/scratch/td2248/projects/Fertility_Spring26_native_financing_20260919a/utility_overnight_20260923_v1/results/production/B_shares/worker20_proposal02,verified_scored,2045.7809498839508,20,2,6,6,0,/scratch/td2248/projects/Fertility_Spring26_native_financing_20260919a/utility_overnight_20260923_v1/results/production/B_shares/worker20_proposal02/result/evaluation/scored_repetition_01/score.json,4ad7e819071e57d930ba39b74434140a38e4540849df7c4a43869434749f4cd9,,,,
production,B_shares,worker20_proposal03,/scratch/td2248/projects/Fertility_Spring26_native_financing_20260919a/utility_overnight_20260923_v1/results/production/B_shares/worker20_proposal03,verified_scored,2248.8828502218535,20,3,6,6,0,/scratch/td2248/projects/Fertility_Spring26_native_financing_20260919a/utility_overnight_20260923_v1/results/production/B_shares/worker20_proposal03/result/evaluation/scored_repetition_01/score.json,ace0e61a90043d964f48f8e8074234d3c4d4ba81430e1b4ce17025bc5fa694de,,,,
production,B_shares,worker20_proposal04,/scratch/td2248/projects/Fertility_Spring26_native_financing_20260919a/utility_overnight_20260923_v1/results/production/B_shares/worker20_proposal04,verified_scored,2170.5372038942064,20,4,6,6,0,/scratch/td2248/projects/Fertility_Spring26_native_financing_20260919a/utility_overnight_20260923_v1/results/production/B_shares/worker20_proposal04/result/evaluation/scored_repetition_01/score.json,bdf2c8439a59d3ae8bf2c8003d384b0a2725dbb4083f1830cc78aa270cd91996,,,,
production,B_shares,worker20_proposal05,/scratch/td2248/projects/Fertility_Spring26_native_financing_20260919a/utility_overnight_20260923_v1/results/production/B_shares/worker20_proposal05,verified_scored,1735.0094742276308,20,5,6,6,0,/scratch/td2248/projects/Fertility_Spring26_native_financing_20260919a/utility_overnight_20260923_v1/results/production/B_shares/worker20_proposal05/result/evaluation/scored_repetition_01/score.json,e6b6c8bcdc85fe6b65db7002b3053a197f6d6bdd92052d43816e23cdfaca85f1,,,,
production,B_shares,worker20_proposal06,/scratch/td2248/projects/Fertility_Spring26_native_financing_20260919a/utility_overnight_20260923_v1/results/production/B_shares/worker20_proposal06,verified_scored,1799.3975172612018,20,6,8,8,0,/scratch/td2248/projects/Fertility_Spring26_native_financing_20260919a/utility_overnight_20260923_v1/results/production/B_shares/worker20_proposal06/result/evaluation/scored_repetition_01/score.json,80b4b9e8de13bc63455d694f76de60a0394a05417093ad00aab82e63103efc35,,,,
production,B_shares,worker20_proposal07,/scratch/td2248/projects/Fertility_Spring26_native_financing_20260919a/utility_overnight_20260923_v1/results/production/B_shares/worker20_proposal07,verified_scored,1497.9382426939983,20,7,6,6,0,/scratch/td2248/projects/Fertility_Spring26_native_financing_20260919a/utility_overnight_20260923_v1/results/production/B_shares/worker20_proposal07/result/evaluation/scored_repetition_01/score.json,f521939d64132e7c8c4184f9238f1a72f18550df18c5812ca91524d7e50f778f,,,,
production,B_shares,worker20_proposal08,/scratch/td2248/projects/Fertility_Spring26_native_financing_20260919a/utility_overnight_20260923_v1/results/production/B_shares/worker20_proposal08,verified_scored,1754.427943674096,20,8,6,6,0,/scratch/td2248/projects/Fertility_Spring26_native_financing_20260919a/utility_overnight_20260923_v1/results/production/B_shares/worker20_proposal08/result/evaluation/scored_repetition_01/score.json,42fd6953980721be69fcbed92f9290b0904c65f2b1e9fc4b52c324d51f714b4f,,,,
production,B_shares,worker20_proposal09,/scratch/td2248/projects/Fertility_Spring26_native_financing_20260919a/utility_overnight_20260923_v1/results/production/B_shares/worker20_proposal09,verified_scored,1757.9922936745195,20,9,6,6,0,/scratch/td2248/projects/Fertility_Spring26_native_financing_20260919a/utility_overnight_20260923_v1/results/production/B_shares/worker20_proposal09/result/evaluation/scored_repetition_01/score.json,c6a1b5e0ef87bcc4bb5d10618b8fb0c88d101ee87c85ee5f2f8ef9431b9651a9,,,,
production,B_shares,worker20_proposal10,/scratch/td2248/projects/Fertility_Spring26_native_financing_20260919a/utility_overnight_20260923_v1/results/production/B_shares/worker20_proposal10,verified_scored,1457.9295711782809,20,10,6,6,0,/scratch/td2248/projects/Fertility_Spring26_native_financing_20260919a/utility_overnight_20260923_v1/results/production/B_shares/worker20_proposal10/result/evaluation/scored_repetition_01/score.json,78085cbb187a36b5692324bbcd2339e065da1368fffae5ca4592a325cfcccddc,,,,
production,B_shares,worker20_proposal11,/scratch/td2248/projects/Fertility_Spring26_native_financing_20260919a/utility_overnight_20260923_v1/results/production/B_shares/worker20_proposal11,verified_scored,1669.3296876082215,20,11,6,6,0,/scratch/td2248/projects/Fertility_Spring26_native_financing_20260919a/utility_overnight_20260923_v1/results/production/B_shares/worker20_proposal11/result/evaluation/scored_repetition_01/score.json,1c0fdc5f8273bb39cc84a6bb0276ded2e9461e83da7a2f7ee7301150dac64e6a,,,,
production,B_shares,worker20_proposal12,/scratch/td2248/projects/Fertility_Spring26_native_financing_20260919a/utility_overnight_20260923_v1/results/production/B_shares/worker20_proposal12,verified_scored,1609.1966088220504,20,12,6,6,0,/scratch/td2248/projects/Fertility_Spring26_native_financing_20260919a/utility_overnight_20260923_v1/results/production/B_shares/worker20_proposal12/result/evaluation/scored_repetition_01/score.json,eec6cb3f99bd651661dced9c123deaec760a8d2f3ab0c84d8debfb09cd2dc4ff,,,,
production,B_shares,worker20_proposal13,/scratch/td2248/projects/Fertility_Spring26_native_financing_20260919a/utility_overnight_20260923_v1/results/production/B_shares/worker20_proposal13,verified_scored,1545.2781452748832,20,13,6,6,0,/scratch/td2248/projects/Fertility_Spring26_native_financing_20260919a/utility_overnight_20260923_v1/results/production/B_shares/worker20_proposal13/result/evaluation/scored_repetition_01/score.json,4b1c39222adeef3b475416f5f2c8faa2223d64665de58e45903643b9448061a6,,,,
production,B_shares,worker20_proposal14,/scratch/td2248/projects/Fertility_Spring26_native_financing_20260919a/utility_overnight_20260923_v1/results/production/B_shares/worker20_proposal14,verified_scored,1643.932317791388,20,14,6,6,0,/scratch/td2248/projects/Fertility_Spring26_native_financing_20260919a/utility_overnight_20260923_v1/results/production/B_shares/worker20_proposal14/result/evaluation/scored_repetition_01/score.json,2deab5ee5e160638e9bec74bebddf5a40e1a39e111715f7b8f67371a99b10bb6,,,,
production,B_shares,worker20_proposal15,/scratch/td2248/projects/Fertility_Spring26_native_financing_20260919a/utility_overnight_20260923_v1/results/production/B_shares/worker20_proposal15,verified_scored,1250.3862845565293,20,15,6,6,0,/scratch/td2248/projects/Fertility_Spring26_native_financing_20260919a/utility_overnight_20260923_v1/results/production/B_shares/worker20_proposal15/result/evaluation/scored_repetition_01/score.json,dfd54e02b86ff78e3d85b00a5ede1247b7d53f36a20e71277a544925e803071e,,,,
production,B_shares,worker20_proposal16,/scratch/td2248/projects/Fertility_Spring26_native_financing_20260919a/utility_overnight_20260923_v1/results/production/B_shares/worker20_proposal16,verified_scored,1394.23618736511,20,16,6,6,0,/scratch/td2248/projects/Fertility_Spring26_native_financing_20260919a/utility_overnight_20260923_v1/results/production/B_shares/worker20_proposal16/result/evaluation/scored_repetition_01/score.json,6adb4eca2af9b52ccb8817fe5725f974c40ec55575a89ae7cfc0c9d81d6ce42b,,,,
production,B_shares,worker20_proposal17,/scratch/td2248/projects/Fertility_Spring26_native_financing_20260919a/utility_overnight_20260923_v1/results/production/B_shares/worker20_proposal17,verified_scored,1333.9782673337336,20,17,6,6,0,/scratch/td2248/projects/Fertility_Spring26_native_financing_20260919a/utility_overnight_20260923_v1/results/production/B_shares/worker20_proposal17/result/evaluation/scored_repetition_01/score.json,2e3a93a3fc4efa1989dfd3ad099c21f7421b78fccb2fc30f412f7efd096f3ef2,,,,
production,B_shares,worker20_proposal18,/scratch/td2248/projects/Fertility_Spring26_native_financing_20260919a/utility_overnight_20260923_v1/results/production/B_shares/worker20_proposal18,verified_scored,1608.0386488513295,20,18,8,8,0,/scratch/td2248/projects/Fertility_Spring26_native_financing_20260919a/utility_overnight_20260923_v1/results/production/B_shares/worker20_proposal18/result/evaluation/scored_repetition_01/score.json,df47220d312f5ae927943cdba8f16c6a73b8c01bd3648c81dd3955bdeba16900,,,,
production,B_shares,worker21_proposal01,/scratch/td2248/projects/Fertility_Spring26_native_financing_20260919a/utility_overnight_20260923_v1/results/production/B_shares/worker21_proposal01,verified_scored,1551.0990065300177,21,1,7,7,0,/scratch/td2248/projects/Fertility_Spring26_native_financing_20260919a/utility_overnight_20260923_v1/results/production/B_shares/worker21_proposal01/result/evaluation/scored_repetition_01/score.json,0ec24fa05ed120ce67a5ed984aba24c64aa97a49a766191230c524040a7b131f,,,,
production,B_shares,worker21_proposal02,/scratch/td2248/projects/Fertility_Spring26_native_financing_20260919a/utility_overnight_20260923_v1/results/production/B_shares/worker21_proposal02,verified_scored,1802.6719025001755,21,2,6,6,0,/scratch/td2248/projects/Fertility_Spring26_native_financing_20260919a/utility_overnight_20260923_v1/results/production/B_shares/worker21_proposal02/result/evaluation/scored_repetition_01/score.json,635dad395db92b09a9b8be4e76afa4f937160f4b176514d2d393b2e7265f2360,,,,
production,B_shares,worker21_proposal03,/scratch/td2248/projects/Fertility_Spring26_native_financing_20260919a/utility_overnight_20260923_v1/results/production/B_shares/worker21_proposal03,verified_scored,1763.585074180044,21,3,7,7,0,/scratch/td2248/projects/Fertility_Spring26_native_financing_20260919a/utility_overnight_20260923_v1/results/production/B_shares/worker21_proposal03/result/evaluation/scored_repetition_01/score.json,28ad373c73eae81b881c006002ea8989bf7954a62f96ad899aaa057d8f48bbbc,,,,
production,B_shares,worker21_proposal04,/scratch/td2248/projects/Fertility_Spring26_native_financing_20260919a/utility_overnight_20260923_v1/results/production/B_shares/worker21_proposal04,verified_scored,1499.9471694299723,21,4,6,6,0,/scratch/td2248/projects/Fertility_Spring26_native_financing_20260919a/utility_overnight_20260923_v1/results/production/B_shares/worker21_proposal04/result/evaluation/scored_repetition_01/score.json,43badcd6753ae3ed20849d40b028d144ca6db60bcedac94e7ff336f9c32508d3,,,,
production,B_shares,worker21_proposal05,/scratch/td2248/projects/Fertility_Spring26_native_financing_20260919a/utility_overnight_20260923_v1/results/production/B_shares/worker21_proposal05,verified_scored,1469.3123575997975,21,5,6,6,0,/scratch/td2248/projects/Fertility_Spring26_native_financing_20260919a/utility_overnight_20260923_v1/results/production/B_shares/worker21_proposal05/result/evaluation/scored_repetition_01/score.json,b6dfd753ef0d00cbaa9fcca5127743d34fe2829c9c2bedb8366fc0d3b04c0cb7,,,,
production,B_shares,worker21_proposal06,/scratch/td2248/projects/Fertility_Spring26_native_financing_20260919a/utility_overnight_20260923_v1/results/production/B_shares/worker21_proposal06,verified_scored,1702.9931318270608,21,6,7,7,0,/scratch/td2248/projects/Fertility_Spring26_native_financing_20260919a/utility_overnight_20260923_v1/results/production/B_shares/worker21_proposal06/result/evaluation/scored_repetition_01/score.json,5699b73b12421d2443a9809a7b1262480ea26cd0ce9f3234d5f670b93b989c1b,,,,
production,B_shares,worker21_proposal07,/scratch/td2248/projects/Fertility_Spring26_native_financing_20260919a/utility_overnight_20260923_v1/results/production/B_shares/worker21_proposal07,verified_scored,1511.6567273079806,21,7,7,7,0,/scratch/td2248/projects/Fertility_Spring26_native_financing_20260919a/utility_overnight_20260923_v1/results/production/B_shares/worker21_proposal07/result/evaluation/scored_repetition_01/score.json,614b8c489f2e5d1f487927747cd71cdd6ebd572faeab955dac93dc2c6bc95a1e,,,,
production,B_shares,worker21_proposal08,/scratch/td2248/projects/Fertility_Spring26_native_financing_20260919a/utility_overnight_20260923_v1/results/production/B_shares/worker21_proposal08,verified_scored,1340.0043501731452,21,8,6,6,0,/scratch/td2248/projects/Fertility_Spring26_native_financing_20260919a/utility_overnight_20260923_v1/results/production/B_shares/worker21_proposal08/result/evaluation/scored_repetition_01/score.json,3469a6d7ffcf62f4e07c743a90942140ea4cfbdff8b3a4c4c18383cc1be0445c,,,,
production,B_shares,worker21_proposal09,/scratch/td2248/projects/Fertility_Spring26_native_financing_20260919a/utility_overnight_20260923_v1/results/production/B_shares/worker21_proposal09,verified_scored,1372.8093492571193,21,9,6,6,0,/scratch/td2248/projects/Fertility_Spring26_native_financing_20260919a/utility_overnight_20260923_v1/results/production/B_shares/worker21_proposal09/result/evaluation/scored_repetition_01/score.json,73ee8c63d1f5bb592b61619f5b92427dc0f781af57995929e460c09ef36eb59d,,,,
production,B_shares,worker21_proposal10,/scratch/td2248/projects/Fertility_Spring26_native_financing_20260919a/utility_overnight_20260923_v1/results/production/B_shares/worker21_proposal10,verified_scored,1340.4874912947278,21,10,6,6,0,/scratch/td2248/projects/Fertility_Spring26_native_financing_20260919a/utility_overnight_20260923_v1/results/production/B_shares/worker21_proposal10/result/evaluation/scored_repetition_01/score.json,c03cbbdedfd6c604012c5c33fa13cdba94334198a0d38dfc4e10b04b4809c988,,,,
production,B_shares,worker21_proposal11,/scratch/td2248/projects/Fertility_Spring26_native_financing_20260919a/utility_overnight_20260923_v1/results/production/B_shares/worker21_proposal11,verified_scored,1315.8526377801925,21,11,6,6,0,/scratch/td2248/projects/Fertility_Spring26_native_financing_20260919a/utility_overnight_20260923_v1/results/production/B_shares/worker21_proposal11/result/evaluation/scored_repetition_01/score.json,68e4daf0b0018a7ae8fba134c5932c2b2cdaf2da0cbf9d68be3bb18e9e08784c,,,,
production,B_shares,worker21_proposal12,/scratch/td2248/projects/Fertility_Spring26_native_financing_20260919a/utility_overnight_20260923_v1/results/production/B_shares/worker21_proposal12,verified_scored,1442.6007582903642,21,12,6,6,0,/scratch/td2248/projects/Fertility_Spring26_native_financing_20260919a/utility_overnight_20260923_v1/results/production/B_shares/worker21_proposal12/result/evaluation/scored_repetition_01/score.json,d1839dd214fe8cd99b00c9c3e53e3a831c1034d0195a439c7e593c479c5629a5,,,,
production,B_shares,worker21_proposal13,/scratch/td2248/projects/Fertility_Spring26_native_financing_20260919a/utility_overnight_20260923_v1/results/production/B_shares/worker21_proposal13,verified_scored,1355.0324727782015,21,13,6,6,0,/scratch/td2248/projects/Fertility_Spring26_native_financing_20260919a/utility_overnight_20260923_v1/results/production/B_shares/worker21_proposal13/result/evaluation/scored_repetition_01/score.json,ac6ae7ebf00250b11f50d4be1b9cc0a7a391b9cba7ba2ce65e9a87ff2aae16fd,,,,
production,B_shares,worker21_proposal14,/scratch/td2248/projects/Fertility_Spring26_native_financing_20260919a/utility_overnight_20260923_v1/results/production/B_shares/worker21_proposal14,verified_scored,1340.516481394694,21,14,6,6,0,/scratch/td2248/projects/Fertility_Spring26_native_financing_20260919a/utility_overnight_20260923_v1/results/production/B_shares/worker21_proposal14/result/evaluation/scored_repetition_01/score.json,07c9da3912ba5f4ec6aeb70102feb6aecbc980abaab731996c2665cc2036d0fa,,,,
production,B_shares,worker21_proposal15,/scratch/td2248/projects/Fertility_Spring26_native_financing_20260919a/utility_overnight_20260923_v1/results/production/B_shares/worker21_proposal15,verified_scored,1257.2102317022034,21,15,6,6,0,/scratch/td2248/projects/Fertility_Spring26_native_financing_20260919a/utility_overnight_20260923_v1/results/production/B_shares/worker21_proposal15/result/evaluation/scored_repetition_01/score.json,4144478ae0483a25c7eec58f6eca1b03a23b38ec26a3fa8297536792df3b2ad1,,,,
production,B_shares,worker21_proposal16,/scratch/td2248/projects/Fertility_Spring26_native_financing_20260919a/utility_overnight_20260923_v1/results/production/B_shares/worker21_proposal16,unrun,,21,16,,,,,,,,,
production,B_shares,worker21_proposal17,/scratch/td2248/projects/Fertility_Spring26_native_financing_20260919a/utility_overnight_20260923_v1/results/production/B_shares/worker21_proposal17,unrun,,21,17,,,,,,,,,
production,B_shares,worker21_proposal18,/scratch/td2248/projects/Fertility_Spring26_native_financing_20260919a/utility_overnight_20260923_v1/results/production/B_shares/worker21_proposal18,unrun,,21,18,,,,,,,,,
production,B_shares,worker22_proposal01,/scratch/td2248/projects/Fertility_Spring26_native_financing_20260919a/utility_overnight_20260923_v1/results/production/B_shares/worker22_proposal01,verified_scored,1767.3953288899925,22,1,6,6,0,/scratch/td2248/projects/Fertility_Spring26_native_financing_20260919a/utility_overnight_20260923_v1/results/production/B_shares/worker22_proposal01/result/evaluation/scored_repetition_01/score.json,c18a4c3f45357429f287e7f93e67d1c26c2aad709bf560daba9cc43722be28bc,,,,
production,B_shares,worker22_proposal02,/scratch/td2248/projects/Fertility_Spring26_native_financing_20260919a/utility_overnight_20260923_v1/results/production/B_shares/worker22_proposal02,verified_scored,1697.303005241919,22,2,6,6,0,/scratch/td2248/projects/Fertility_Spring26_native_financing_20260919a/utility_overnight_20260923_v1/results/production/B_shares/worker22_proposal02/result/evaluation/scored_repetition_01/score.json,c2cc47638e9af88a8c1f58d107d7bcf6136aab0d91fe55c908d63b5e8b8b644e,,,,
production,B_shares,worker22_proposal03,/scratch/td2248/projects/Fertility_Spring26_native_financing_20260919a/utility_overnight_20260923_v1/results/production/B_shares/worker22_proposal03,verified_scored,1749.3174679509336,22,3,6,6,0,/scratch/td2248/projects/Fertility_Spring26_native_financing_20260919a/utility_overnight_20260923_v1/results/production/B_shares/worker22_proposal03/result/evaluation/scored_repetition_01/score.json,318bf24c27f0308a7f44b26c319935577ccd996ad4546efd4e8312bb8d8a6cf1,,,,
production,B_shares,worker22_proposal04,/scratch/td2248/projects/Fertility_Spring26_native_financing_20260919a/utility_overnight_20260923_v1/results/production/B_shares/worker22_proposal04,verified_scored,1737.6174926920469,22,4,6,6,0,/scratch/td2248/projects/Fertility_Spring26_native_financing_20260919a/utility_overnight_20260923_v1/results/production/B_shares/worker22_proposal04/result/evaluation/scored_repetition_01/score.json,975907bf40f6ab547e589b4708e05a49ef7c3500dda698d74f07243acb1bfd79,,,,
production,B_shares,worker22_proposal05,/scratch/td2248/projects/Fertility_Spring26_native_financing_20260919a/utility_overnight_20260923_v1/results/production/B_shares/worker22_proposal05,verified_scored,1697.7391976458262,22,5,6,6,0,/scratch/td2248/projects/Fertility_Spring26_native_financing_20260919a/utility_overnight_20260923_v1/results/production/B_shares/worker22_proposal05/result/evaluation/scored_repetition_01/score.json,d07d4b1a0a06ccf13a6a6c43dd98c15f9b360771767714732c05279f03c126eb,,,,
production,B_shares,worker22_proposal06,/scratch/td2248/projects/Fertility_Spring26_native_financing_20260919a/utility_overnight_20260923_v1/results/production/B_shares/worker22_proposal06,verified_scored,1714.1019872199633,22,6,6,6,0,/scratch/td2248/projects/Fertility_Spring26_native_financing_20260919a/utility_overnight_20260923_v1/results/production/B_shares/worker22_proposal06/result/evaluation/scored_repetition_01/score.json,b518adc63b2da311f5e4b5b61a64a7101255810a820cda4663a1c464f9c483cf,,,,
production,B_shares,worker22_proposal07,/scratch/td2248/projects/Fertility_Spring26_native_financing_20260919a/utility_overnight_20260923_v1/results/production/B_shares/worker22_proposal07,verified_scored,1794.5248124592547,22,7,6,6,0,/scratch/td2248/projects/Fertility_Spring26_native_financing_20260919a/utility_overnight_20260923_v1/results/production/B_shares/worker22_proposal07/result/evaluation/scored_repetition_01/score.json,9ed4424afe79548389c41b86d03c869150d5db45c84300751cfd379a89c1cd93,,,,
production,B_shares,worker22_proposal08,/scratch/td2248/projects/Fertility_Spring26_native_financing_20260919a/utility_overnight_20260923_v1/results/production/B_shares/worker22_proposal08,verified_scored,1875.021732167419,22,8,6,6,0,/scratch/td2248/projects/Fertility_Spring26_native_financing_20260919a/utility_overnight_20260923_v1/results/production/B_shares/worker22_proposal08/result/evaluation/scored_repetition_01/score.json,da2f3c4e672ca7880fa68c749fbaa135a904a3251377994dfbb2eaf02e056c4e,,,,
production,B_shares,worker22_proposal09,/scratch/td2248/projects/Fertility_Spring26_native_financing_20260919a/utility_overnight_20260923_v1/results/production/B_shares/worker22_proposal09,verified_scored,1808.0737922082876,22,9,6,6,0,/scratch/td2248/projects/Fertility_Spring26_native_financing_20260919a/utility_overnight_20260923_v1/results/production/B_shares/worker22_proposal09/result/evaluation/scored_repetition_01/score.json,d81ed383afc7a629bc092bb7a7c0166f79060aabc5191dec9129270c46d1415d,,,,
production,B_shares,worker22_proposal10,/scratch/td2248/projects/Fertility_Spring26_native_financing_20260919a/utility_overnight_20260923_v1/results/production/B_shares/worker22_proposal10,verified_scored,1662.7879749573249,22,10,6,6,0,/scratch/td2248/projects/Fertility_Spring26_native_financing_20260919a/utility_overnight_20260923_v1/results/production/B_shares/worker22_proposal10/result/evaluation/scored_repetition_01/score.json,8d658e447398eedec67320d8758bfba0a20b72b9bc661d4c0dbbb9309aa153ba,,,,
production,B_shares,worker22_proposal11,/scratch/td2248/projects/Fertility_Spring26_native_financing_20260919a/utility_overnight_20260923_v1/results/production/B_shares/worker22_proposal11,verified_scored,1604.5990150249086,22,11,6,6,0,/scratch/td2248/projects/Fertility_Spring26_native_financing_20260919a/utility_overnight_20260923_v1/results/production/B_shares/worker22_proposal11/result/evaluation/scored_repetition_01/score.json,8d92b38df9f64cbef1d62fd37078bd092798d505ee5889449e683b9bda879b6c,,,,
production,B_shares,worker22_proposal12,/scratch/td2248/projects/Fertility_Spring26_native_financing_20260919a/utility_overnight_20260923_v1/results/production/B_shares/worker22_proposal12,verified_scored,1634.4977871582048,22,12,6,6,0,/scratch/td2248/projects/Fertility_Spring26_native_financing_20260919a/utility_overnight_20260923_v1/results/production/B_shares/worker22_proposal12/result/evaluation/scored_repetition_01/score.json,7c042df8d9d4b3b98fb6302ca10104440cc357e7ccb832a0990a5bd40bab7f25,,,,
production,B_shares,worker22_proposal13,/scratch/td2248/projects/Fertility_Spring26_native_financing_20260919a/utility_overnight_20260923_v1/results/production/B_shares/worker22_proposal13,verified_scored,1689.1521601999643,22,13,6,6,0,/scratch/td2248/projects/Fertility_Spring26_native_financing_20260919a/utility_overnight_20260923_v1/results/production/B_shares/worker22_proposal13/result/evaluation/scored_repetition_01/score.json,ebd723683b90ca3d9c00c0f14f2c8ad995d64201c68350d677fa4b961640558f,,,,
production,B_shares,worker22_proposal14,/scratch/td2248/projects/Fertility_Spring26_native_financing_20260919a/utility_overnight_20260923_v1/results/production/B_shares/worker22_proposal14,verified_scored,1820.2659257876555,22,14,6,6,0,/scratch/td2248/projects/Fertility_Spring26_native_financing_20260919a/utility_overnight_20260923_v1/results/production/B_shares/worker22_proposal14/result/evaluation/scored_repetition_01/score.json,cfd960098ee7d6e6896fab3e43dd8a899dbd189f99190a252dd5daa9ac121f7f,,,,
production,B_shares,worker22_proposal15,/scratch/td2248/projects/Fertility_Spring26_native_financing_20260919a/utility_overnight_20260923_v1/results/production/B_shares/worker22_proposal15,verified_scored,1624.0704368039435,22,15,6,6,0,/scratch/td2248/projects/Fertility_Spring26_native_financing_20260919a/utility_overnight_20260923_v1/results/production/B_shares/worker22_proposal15/result/evaluation/scored_repetition_01/score.json,dc7125493f38f371278c5ad32fb6e1698061029b1abb93d47807a8fa3580e3bf,,,,
production,B_shares,worker22_proposal16,/scratch/td2248/projects/Fertility_Spring26_native_financing_20260919a/utility_overnight_20260923_v1/results/production/B_shares/worker22_proposal16,verified_scored,1578.0095821017596,22,16,6,6,0,/scratch/td2248/projects/Fertility_Spring26_native_financing_20260919a/utility_overnight_20260923_v1/results/production/B_shares/worker22_proposal16/result/evaluation/scored_repetition_01/score.json,6dc07bd2577d93ce38b54a742121c9c4deb782c8522e364c2e05f7dc66e76aba,,,,
production,B_shares,worker22_proposal17,/scratch/td2248/projects/Fertility_Spring26_native_financing_20260919a/utility_overnight_20260923_v1/results/production/B_shares/worker22_proposal17,verified_scored,1684.6879526640441,22,17,6,6,0,/scratch/td2248/projects/Fertility_Spring26_native_financing_20260919a/utility_overnight_20260923_v1/results/production/B_shares/worker22_proposal17/result/evaluation/scored_repetition_01/score.json,c3d2c914e384d5089dd1f3d4eea2bb2403f3af3e1643cbb059821cf808d63d28,,,,
production,B_shares,worker22_proposal18,/scratch/td2248/projects/Fertility_Spring26_native_financing_20260919a/utility_overnight_20260923_v1/results/production/B_shares/worker22_proposal18,verified_scored,1547.6592039269362,22,18,6,6,0,/scratch/td2248/projects/Fertility_Spring26_native_financing_20260919a/utility_overnight_20260923_v1/results/production/B_shares/worker22_proposal18/result/evaluation/scored_repetition_01/score.json,d80a3294ccfc01cd0146762a2192d93a73b4f06063250d82a94fb85220a03d15,,,,
production,B_shares,worker23_proposal01,/scratch/td2248/projects/Fertility_Spring26_native_financing_20260919a/utility_overnight_20260923_v1/results/production/B_shares/worker23_proposal01,verified_scored,1938.7930419131958,23,1,6,6,0,/scratch/td2248/projects/Fertility_Spring26_native_financing_20260919a/utility_overnight_20260923_v1/results/production/B_shares/worker23_proposal01/result/evaluation/scored_repetition_01/score.json,089fa4b567406cbd4795bd19a79d882374bd559d4d6056f3de1e277acf28f4b0,,,,
production,B_shares,worker23_proposal02,/scratch/td2248/projects/Fertility_Spring26_native_financing_20260919a/utility_overnight_20260923_v1/results/production/B_shares/worker23_proposal02,verified_scored,1843.991510257411,23,2,6,6,0,/scratch/td2248/projects/Fertility_Spring26_native_financing_20260919a/utility_overnight_20260923_v1/results/production/B_shares/worker23_proposal02/result/evaluation/scored_repetition_01/score.json,ee3e3cc06d373b815e329fd4294fa19715e5415bcfe08df8c9832cf24c3b2903,,,,
production,B_shares,worker23_proposal03,/scratch/td2248/projects/Fertility_Spring26_native_financing_20260919a/utility_overnight_20260923_v1/results/production/B_shares/worker23_proposal03,verified_scored,2295.157344820604,23,3,6,6,0,/scratch/td2248/projects/Fertility_Spring26_native_financing_20260919a/utility_overnight_20260923_v1/results/production/B_shares/worker23_proposal03/result/evaluation/scored_repetition_01/score.json,8499c34067b8b6d728880896f53e18f5aae877e50d0a6cb54d28e495a5b32ba6,,,,
production,B_shares,worker23_proposal04,/scratch/td2248/projects/Fertility_Spring26_native_financing_20260919a/utility_overnight_20260923_v1/results/production/B_shares/worker23_proposal04,verified_scored,1631.628254621131,23,4,6,6,0,/scratch/td2248/projects/Fertility_Spring26_native_financing_20260919a/utility_overnight_20260923_v1/results/production/B_shares/worker23_proposal04/result/evaluation/scored_repetition_01/score.json,9ba559060f9a83391077751cfe344e177c92d500f4d6ea749c2e6aa48e157d25,,,,
production,B_shares,worker23_proposal05,/scratch/td2248/projects/Fertility_Spring26_native_financing_20260919a/utility_overnight_20260923_v1/results/production/B_shares/worker23_proposal05,verified_scored,1649.0997174621991,23,5,6,6,0,/scratch/td2248/projects/Fertility_Spring26_native_financing_20260919a/utility_overnight_20260923_v1/results/production/B_shares/worker23_proposal05/result/evaluation/scored_repetition_01/score.json,d391de9c902084dbf9e0e93117290738118853c754522ff218e8e6393f358059,,,,
production,B_shares,worker23_proposal06,/scratch/td2248/projects/Fertility_Spring26_native_financing_20260919a/utility_overnight_20260923_v1/results/production/B_shares/worker23_proposal06,verified_scored,1681.432759239472,23,6,6,6,0,/scratch/td2248/projects/Fertility_Spring26_native_financing_20260919a/utility_overnight_20260923_v1/results/production/B_shares/worker23_proposal06/result/evaluation/scored_repetition_01/score.json,623edf01fecbb94a07faeb52ae51ec3de933b82a9336e73a3ab858b366d7335c,,,,
production,B_shares,worker23_proposal07,/scratch/td2248/projects/Fertility_Spring26_native_financing_20260919a/utility_overnight_20260923_v1/results/production/B_shares/worker23_proposal07,verified_scored,1592.7935310617167,23,7,6,6,0,/scratch/td2248/projects/Fertility_Spring26_native_financing_20260919a/utility_overnight_20260923_v1/results/production/B_shares/worker23_proposal07/result/evaluation/scored_repetition_01/score.json,a0c89fc2c99ffda9e3f6feeea66b8b7f3cee5e3e5c3045c7964304ccd807a183,,,,
production,B_shares,worker23_proposal08,/scratch/td2248/projects/Fertility_Spring26_native_financing_20260919a/utility_overnight_20260923_v1/results/production/B_shares/worker23_proposal08,verified_scored,1578.8316242655278,23,8,6,6,0,/scratch/td2248/projects/Fertility_Spring26_native_financing_20260919a/utility_overnight_20260923_v1/results/production/B_shares/worker23_proposal08/result/evaluation/scored_repetition_01/score.json,39ebec610c792ee5a4af05437613fc15689766522382bebb07c6db8c6484d407,,,,
production,B_shares,worker23_proposal09,/scratch/td2248/projects/Fertility_Spring26_native_financing_20260919a/utility_overnight_20260923_v1/results/production/B_shares/worker23_proposal09,verified_scored,1750.0524292716896,23,9,6,6,0,/scratch/td2248/projects/Fertility_Spring26_native_financing_20260919a/utility_overnight_20260923_v1/results/production/B_shares/worker23_proposal09/result/evaluation/scored_repetition_01/score.json,51728a380d224747da3c5a1e6a82def25d8fdcfd77729f14b07a88bf800e3caa,,,,
production,B_shares,worker23_proposal10,/scratch/td2248/projects/Fertility_Spring26_native_financing_20260919a/utility_overnight_20260923_v1/results/production/B_shares/worker23_proposal10,verified_scored,1548.1330628847013,23,10,6,6,0,/scratch/td2248/projects/Fertility_Spring26_native_financing_20260919a/utility_overnight_20260923_v1/results/production/B_shares/worker23_proposal10/result/evaluation/scored_repetition_01/score.json,3a024e90c02bccf5eb7e7e0a85df3f08ca628ac919cddd71b173898eb99dd96f,,,,
production,B_shares,worker23_proposal11,/scratch/td2248/projects/Fertility_Spring26_native_financing_20260919a/utility_overnight_20260923_v1/results/production/B_shares/worker23_proposal11,verified_scored,1607.3204630810267,23,11,6,6,0,/scratch/td2248/projects/Fertility_Spring26_native_financing_20260919a/utility_overnight_20260923_v1/results/production/B_shares/worker23_proposal11/result/evaluation/scored_repetition_01/score.json,ea2f1d896251ca63cddc2736a9f83477f77a1c9f39ff19f47d85b709e9260f36,,,,
production,B_shares,worker23_proposal12,/scratch/td2248/projects/Fertility_Spring26_native_financing_20260919a/utility_overnight_20260923_v1/results/production/B_shares/worker23_proposal12,verified_scored,1976.5705310626522,23,12,6,6,0,/scratch/td2248/projects/Fertility_Spring26_native_financing_20260919a/utility_overnight_20260923_v1/results/production/B_shares/worker23_proposal12/result/evaluation/scored_repetition_01/score.json,4ae681b73ddcd1a41151906d6037d0c64a6889b5496106537a88e01e1d74757c,,,,
production,B_shares,worker23_proposal13,/scratch/td2248/projects/Fertility_Spring26_native_financing_20260919a/utility_overnight_20260923_v1/results/production/B_shares/worker23_proposal13,verified_scored,1542.1364992521876,23,13,7,7,0,/scratch/td2248/projects/Fertility_Spring26_native_financing_20260919a/utility_overnight_20260923_v1/results/production/B_shares/worker23_proposal13/result/evaluation/scored_repetition_01/score.json,7ff7b0b73570bb9e986f654bb12c41957d542ff82a8e49124ace15fb0ed93597,,,,
production,B_shares,worker23_proposal14,/scratch/td2248/projects/Fertility_Spring26_native_financing_20260919a/utility_overnight_20260923_v1/results/production/B_shares/worker23_proposal14,verified_scored,1575.2306965509847,23,14,4,4,0,/scratch/td2248/projects/Fertility_Spring26_native_financing_20260919a/utility_overnight_20260923_v1/results/production/B_shares/worker23_proposal14/result/evaluation/scored_repetition_01/score.json,cee238e0d563b440c971ad117a0d639459060adf31e44cc8072af823fc3e9b12,,,,
production,B_shares,worker23_proposal15,/scratch/td2248/projects/Fertility_Spring26_native_financing_20260919a/utility_overnight_20260923_v1/results/production/B_shares/worker23_proposal15,verified_scored,1603.969830183052,23,15,7,7,0,/scratch/td2248/projects/Fertility_Spring26_native_financing_20260919a/utility_overnight_20260923_v1/results/production/B_shares/worker23_proposal15/result/evaluation/scored_repetition_01/score.json,28ffb0b2c0a7e31da14b6a94d1502005073514e23a81fd16bad06472d7342be7,,,,
production,B_shares,worker23_proposal16,/scratch/td2248/projects/Fertility_Spring26_native_financing_20260919a/utility_overnight_20260923_v1/results/production/B_shares/worker23_proposal16,verified_scored,1613.7162546040431,23,16,6,6,0,/scratch/td2248/projects/Fertility_Spring26_native_financing_20260919a/utility_overnight_20260923_v1/results/production/B_shares/worker23_proposal16/result/evaluation/scored_repetition_01/score.json,a1571c963bc73e17d4f618b24e991cb005334b2e25e8f780c1a82b7915783a44,,,,
production,B_shares,worker23_proposal17,/scratch/td2248/projects/Fertility_Spring26_native_financing_20260919a/utility_overnight_20260923_v1/results/production/B_shares/worker23_proposal17,verified_scored,1697.9792465508644,23,17,4,4,0,/scratch/td2248/projects/Fertility_Spring26_native_financing_20260919a/utility_overnight_20260923_v1/results/production/B_shares/worker23_proposal17/result/evaluation/scored_repetition_01/score.json,fe5ca717b994751b97356a797d8e5a26dfb5621d78b0db8723c6b12ae82611bd,,,,
production,B_shares,worker23_proposal18,/scratch/td2248/projects/Fertility_Spring26_native_financing_20260919a/utility_overnight_20260923_v1/results/production/B_shares/worker23_proposal18,verified_scored,1761.967909786884,23,18,6,6,0,/scratch/td2248/projects/Fertility_Spring26_native_financing_20260919a/utility_overnight_20260923_v1/results/production/B_shares/worker23_proposal18/result/evaluation/scored_repetition_01/score.json,8b167dc66b29534005c9094fc640b274a8414921693094de4aaf3434910931ed,,,,
production,B_shares,worker24_proposal01,/scratch/td2248/projects/Fertility_Spring26_native_financing_20260919a/utility_overnight_20260923_v1/results/production/B_shares/worker24_proposal01,verified_scored,2055.024399283245,24,1,6,6,0,/scratch/td2248/projects/Fertility_Spring26_native_financing_20260919a/utility_overnight_20260923_v1/results/production/B_shares/worker24_proposal01/result/evaluation/scored_repetition_01/score.json,cbaedb8f4b4b75a6866464d6e913c9cd2beaaac75df3a71d9de66b8e4a9e77f1,,,,
production,B_shares,worker24_proposal02,/scratch/td2248/projects/Fertility_Spring26_native_financing_20260919a/utility_overnight_20260923_v1/results/production/B_shares/worker24_proposal02,verified_scored,1753.9555878443753,24,2,7,7,0,/scratch/td2248/projects/Fertility_Spring26_native_financing_20260919a/utility_overnight_20260923_v1/results/production/B_shares/worker24_proposal02/result/evaluation/scored_repetition_01/score.json,773b9f231b78c1bda798f1b549fa5c538f721c9112a677a3303bc181bec22977,,,,
production,B_shares,worker24_proposal03,/scratch/td2248/projects/Fertility_Spring26_native_financing_20260919a/utility_overnight_20260923_v1/results/production/B_shares/worker24_proposal03,verified_scored,1941.6677169956665,24,3,6,6,0,/scratch/td2248/projects/Fertility_Spring26_native_financing_20260919a/utility_overnight_20260923_v1/results/production/B_shares/worker24_proposal03/result/evaluation/scored_repetition_01/score.json,b6d550ebaf4680f5bd42f845dd73182d070119c46009b55e7c4792e2d6be9818,,,,
production,B_shares,worker24_proposal04,/scratch/td2248/projects/Fertility_Spring26_native_financing_20260919a/utility_overnight_20260923_v1/results/production/B_shares/worker24_proposal04,verified_scored,1962.3159074450455,24,4,7,7,0,/scratch/td2248/projects/Fertility_Spring26_native_financing_20260919a/utility_overnight_20260923_v1/results/production/B_shares/worker24_proposal04/result/evaluation/scored_repetition_01/score.json,5a1e3e47c933b53107f79a55f2b3cf951f984e2e436d8fe109d1b75a34b9bb77,,,,
production,B_shares,worker24_proposal05,/scratch/td2248/projects/Fertility_Spring26_native_financing_20260919a/utility_overnight_20260923_v1/results/production/B_shares/worker24_proposal05,verified_scored,1739.5927977562367,24,5,7,7,0,/scratch/td2248/projects/Fertility_Spring26_native_financing_20260919a/utility_overnight_20260923_v1/results/production/B_shares/worker24_proposal05/result/evaluation/scored_repetition_01/score.json,ac283e1c223888e10a1a51e94374bfc6ebdbc7e7bd09e82ae88d593ae34bd6c6,,,,
production,B_shares,worker24_proposal06,/scratch/td2248/projects/Fertility_Spring26_native_financing_20260919a/utility_overnight_20260923_v1/results/production/B_shares/worker24_proposal06,verified_scored,1799.3970412183398,24,6,6,6,0,/scratch/td2248/projects/Fertility_Spring26_native_financing_20260919a/utility_overnight_20260923_v1/results/production/B_shares/worker24_proposal06/result/evaluation/scored_repetition_01/score.json,371f03f2b4e3355659293e842d45eca4dff81b6f401813d8f38807179b5f7e1a,,,,
production,B_shares,worker24_proposal07,/scratch/td2248/projects/Fertility_Spring26_native_financing_20260919a/utility_overnight_20260923_v1/results/production/B_shares/worker24_proposal07,verified_scored,1757.7723785438,24,7,7,7,0,/scratch/td2248/projects/Fertility_Spring26_native_financing_20260919a/utility_overnight_20260923_v1/results/production/B_shares/worker24_proposal07/result/evaluation/scored_repetition_01/score.json,33768009421dab0530230a11f6beb12bba8119b29a3761682ece4ff1c225d863,,,,
production,B_shares,worker24_proposal08,/scratch/td2248/projects/Fertility_Spring26_native_financing_20260919a/utility_overnight_20260923_v1/results/production/B_shares/worker24_proposal08,verified_scored,1663.3816554550551,24,8,6,6,0,/scratch/td2248/projects/Fertility_Spring26_native_financing_20260919a/utility_overnight_20260923_v1/results/production/B_shares/worker24_proposal08/result/evaluation/scored_repetition_01/score.json,ca83a70e827f1c22d19f30561ff9b5286891caf5b2fe66ce196d8f158cf4cd0c,,,,
production,B_shares,worker24_proposal09,/scratch/td2248/projects/Fertility_Spring26_native_financing_20260919a/utility_overnight_20260923_v1/results/production/B_shares/worker24_proposal09,verified_scored,1616.671015517704,24,9,6,6,0,/scratch/td2248/projects/Fertility_Spring26_native_financing_20260919a/utility_overnight_20260923_v1/results/production/B_shares/worker24_proposal09/result/evaluation/scored_repetition_01/score.json,5d42073fe47dc137b81ec3f1b0eab5ec3bf6042dd1c62c70a77334abfa9106b2,,,,
production,B_shares,worker24_proposal10,/scratch/td2248/projects/Fertility_Spring26_native_financing_20260919a/utility_overnight_20260923_v1/results/production/B_shares/worker24_proposal10,verified_scored,1595.229167683222,24,10,6,6,0,/scratch/td2248/projects/Fertility_Spring26_native_financing_20260919a/utility_overnight_20260923_v1/results/production/B_shares/worker24_proposal10/result/evaluation/scored_repetition_01/score.json,f529fdbdd75a11fcb4570598efe3553a67dbbf4d2189675aa824b8edbcab576a,,,,
production,B_shares,worker24_proposal11,/scratch/td2248/projects/Fertility_Spring26_native_financing_20260919a/utility_overnight_20260923_v1/results/production/B_shares/worker24_proposal11,verified_scored,1698.3851429625402,24,11,6,6,0,/scratch/td2248/projects/Fertility_Spring26_native_financing_20260919a/utility_overnight_20260923_v1/results/production/B_shares/worker24_proposal11/result/evaluation/scored_repetition_01/score.json,3554b74fc6534f7ad5fc9fee721bcc37fc6cf0771628ad2911ef8064e312b1c7,,,,
production,B_shares,worker24_proposal12,/scratch/td2248/projects/Fertility_Spring26_native_financing_20260919a/utility_overnight_20260923_v1/results/production/B_shares/worker24_proposal12,verified_scored,1347.8636575140138,24,12,6,6,0,/scratch/td2248/projects/Fertility_Spring26_native_financing_20260919a/utility_overnight_20260923_v1/results/production/B_shares/worker24_proposal12/result/evaluation/scored_repetition_01/score.json,c43c61fc3079b23707e9c1355fd0dc3c79a51d19d4a7d2e4964b04e813a6f6f7,,,,
production,B_shares,worker24_proposal13,/scratch/td2248/projects/Fertility_Spring26_native_financing_20260919a/utility_overnight_20260923_v1/results/production/B_shares/worker24_proposal13,verified_scored,1332.2314718645648,24,13,7,7,0,/scratch/td2248/projects/Fertility_Spring26_native_financing_20260919a/utility_overnight_20260923_v1/results/production/B_shares/worker24_proposal13/result/evaluation/scored_repetition_01/score.json,f21f210914028ad8da6215fbe1fc8860f171fd7fb934dba3b721c8164c94c4d4,,,,
production,B_shares,worker24_proposal14,/scratch/td2248/projects/Fertility_Spring26_native_financing_20260919a/utility_overnight_20260923_v1/results/production/B_shares/worker24_proposal14,verified_scored,1190.5954862899716,24,14,6,6,0,/scratch/td2248/projects/Fertility_Spring26_native_financing_20260919a/utility_overnight_20260923_v1/results/production/B_shares/worker24_proposal14/result/evaluation/scored_repetition_01/score.json,bea930e1048d39a51dbdfa258d7c3cba89feeba19ca28cc07de1c5730f3f30f7,,,,
production,B_shares,worker24_proposal15,/scratch/td2248/projects/Fertility_Spring26_native_financing_20260919a/utility_overnight_20260923_v1/results/production/B_shares/worker24_proposal15,verified_scored,1380.332496867751,24,15,6,6,0,/scratch/td2248/projects/Fertility_Spring26_native_financing_20260919a/utility_overnight_20260923_v1/results/production/B_shares/worker24_proposal15/result/evaluation/scored_repetition_01/score.json,20eb5e389868751b2bf97b183bbfce038aef7e32b79a214e0d1dc7a36c1659ed,,,,
production,B_shares,worker24_proposal16,/scratch/td2248/projects/Fertility_Spring26_native_financing_20260919a/utility_overnight_20260923_v1/results/production/B_shares/worker24_proposal16,verified_scored,1267.1623561620272,24,16,8,8,0,/scratch/td2248/projects/Fertility_Spring26_native_financing_20260919a/utility_overnight_20260923_v1/results/production/B_shares/worker24_proposal16/result/evaluation/scored_repetition_01/score.json,20f471a2f9205aeb0861d2f696282cc41a53c61b06d23fcb80be7a155d36b862,,,,
production,B_shares,worker24_proposal17,/scratch/td2248/projects/Fertility_Spring26_native_financing_20260919a/utility_overnight_20260923_v1/results/production/B_shares/worker24_proposal17,verified_scored,1305.5370103715188,24,17,7,7,0,/scratch/td2248/projects/Fertility_Spring26_native_financing_20260919a/utility_overnight_20260923_v1/results/production/B_shares/worker24_proposal17/result/evaluation/scored_repetition_01/score.json,8053686f4306032bde8b209196c9130922cbbbe0fdaae4a81f9032ba2f341a71,,,,
production,B_shares,worker24_proposal18,/scratch/td2248/projects/Fertility_Spring26_native_financing_20260919a/utility_overnight_20260923_v1/results/production/B_shares/worker24_proposal18,verified_scored,1217.3900124201634,24,18,6,6,0,/scratch/td2248/projects/Fertility_Spring26_native_financing_20260919a/utility_overnight_20260923_v1/results/production/B_shares/worker24_proposal18/result/evaluation/scored_repetition_01/score.json,3d66f6938aa75fbaff100398b7de0cd49ef2340185aaaaa95a2aa9dc6e43ca26,,,,
production,B_shares,worker25_proposal01,/scratch/td2248/projects/Fertility_Spring26_native_financing_20260919a/utility_overnight_20260923_v1/results/production/B_shares/worker25_proposal01,verified_scored,2342.3154223490587,25,1,7,7,0,/scratch/td2248/projects/Fertility_Spring26_native_financing_20260919a/utility_overnight_20260923_v1/results/production/B_shares/worker25_proposal01/result/evaluation/scored_repetition_01/score.json,b5bc26f0ad5cce917f32198999b3b9990678554e5a5f9dac87c63e8ae0fa5538,,,,
production,B_shares,worker25_proposal02,/scratch/td2248/projects/Fertility_Spring26_native_financing_20260919a/utility_overnight_20260923_v1/results/production/B_shares/worker25_proposal02,verified_scored,2268.876222104037,25,2,7,7,0,/scratch/td2248/projects/Fertility_Spring26_native_financing_20260919a/utility_overnight_20260923_v1/results/production/B_shares/worker25_proposal02/result/evaluation/scored_repetition_01/score.json,bd6629219b6189cd0d4aee25f66039e68b6219e4b6c4cff0d8bc7957c78acefd,,,,
production,B_shares,worker25_proposal03,/scratch/td2248/projects/Fertility_Spring26_native_financing_20260919a/utility_overnight_20260923_v1/results/production/B_shares/worker25_proposal03,failed,,25,3,1,0,1,,,fatal contract/code error,,,
production,B_shares,worker25_proposal04,/scratch/td2248/projects/Fertility_Spring26_native_financing_20260919a/utility_overnight_20260923_v1/results/production/B_shares/worker25_proposal04,unrun,,25,4,,,,,,,,,
production,B_shares,worker25_proposal05,/scratch/td2248/projects/Fertility_Spring26_native_financing_20260919a/utility_overnight_20260923_v1/results/production/B_shares/worker25_proposal05,unrun,,25,5,,,,,,,,,
production,B_shares,worker25_proposal06,/scratch/td2248/projects/Fertility_Spring26_native_financing_20260919a/utility_overnight_20260923_v1/results/production/B_shares/worker25_proposal06,unrun,,25,6,,,,,,,,,
production,B_shares,worker25_proposal07,/scratch/td2248/projects/Fertility_Spring26_native_financing_20260919a/utility_overnight_20260923_v1/results/production/B_shares/worker25_proposal07,unrun,,25,7,,,,,,,,,
production,B_shares,worker25_proposal08,/scratch/td2248/projects/Fertility_Spring26_native_financing_20260919a/utility_overnight_20260923_v1/results/production/B_shares/worker25_proposal08,unrun,,25,8,,,,,,,,,
production,B_shares,worker25_proposal09,/scratch/td2248/projects/Fertility_Spring26_native_financing_20260919a/utility_overnight_20260923_v1/results/production/B_shares/worker25_proposal09,unrun,,25,9,,,,,,,,,
production,B_shares,worker25_proposal10,/scratch/td2248/projects/Fertility_Spring26_native_financing_20260919a/utility_overnight_20260923_v1/results/production/B_shares/worker25_proposal10,unrun,,25,10,,,,,,,,,
production,B_shares,worker25_proposal11,/scratch/td2248/projects/Fertility_Spring26_native_financing_20260919a/utility_overnight_20260923_v1/results/production/B_shares/worker25_proposal11,unrun,,25,11,,,,,,,,,
production,B_shares,worker25_proposal12,/scratch/td2248/projects/Fertility_Spring26_native_financing_20260919a/utility_overnight_20260923_v1/results/production/B_shares/worker25_proposal12,unrun,,25,12,,,,,,,,,
production,B_shares,worker25_proposal13,/scratch/td2248/projects/Fertility_Spring26_native_financing_20260919a/utility_overnight_20260923_v1/results/production/B_shares/worker25_proposal13,unrun,,25,13,,,,,,,,,
production,B_shares,worker25_proposal14,/scratch/td2248/projects/Fertility_Spring26_native_financing_20260919a/utility_overnight_20260923_v1/results/production/B_shares/worker25_proposal14,unrun,,25,14,,,,,,,,,
production,B_shares,worker25_proposal15,/scratch/td2248/projects/Fertility_Spring26_native_financing_20260919a/utility_overnight_20260923_v1/results/production/B_shares/worker25_proposal15,unrun,,25,15,,,,,,,,,
production,B_shares,worker25_proposal16,/scratch/td2248/projects/Fertility_Spring26_native_financing_20260919a/utility_overnight_20260923_v1/results/production/B_shares/worker25_proposal16,unrun,,25,16,,,,,,,,,
production,B_shares,worker25_proposal17,/scratch/td2248/projects/Fertility_Spring26_native_financing_20260919a/utility_overnight_20260923_v1/results/production/B_shares/worker25_proposal17,unrun,,25,17,,,,,,,,,
production,B_shares,worker25_proposal18,/scratch/td2248/projects/Fertility_Spring26_native_financing_20260919a/utility_overnight_20260923_v1/results/production/B_shares/worker25_proposal18,unrun,,25,18,,,,,,,,,
production,B_shares,worker26_proposal01,/scratch/td2248/projects/Fertility_Spring26_native_financing_20260919a/utility_overnight_20260923_v1/results/production/B_shares/worker26_proposal01,verified_scored,1903.1743213340799,26,1,6,6,0,/scratch/td2248/projects/Fertility_Spring26_native_financing_20260919a/utility_overnight_20260923_v1/results/production/B_shares/worker26_proposal01/result/evaluation/scored_repetition_01/score.json,f4728aeda04945c41d2a8d03cc90bef8b934ad22ac4d549d9c7442d030e5e820,,,,
production,B_shares,worker26_proposal02,/scratch/td2248/projects/Fertility_Spring26_native_financing_20260919a/utility_overnight_20260923_v1/results/production/B_shares/worker26_proposal02,verified_scored,2219.8409609089776,26,2,6,6,0,/scratch/td2248/projects/Fertility_Spring26_native_financing_20260919a/utility_overnight_20260923_v1/results/production/B_shares/worker26_proposal02/result/evaluation/scored_repetition_01/score.json,353bd167858a12031032346827a7b4ab2f27e0b6e73112f2a7f50a14ceb6e66b,,,,
production,B_shares,worker26_proposal03,/scratch/td2248/projects/Fertility_Spring26_native_financing_20260919a/utility_overnight_20260923_v1/results/production/B_shares/worker26_proposal03,verified_scored,1962.544549769413,26,3,6,6,0,/scratch/td2248/projects/Fertility_Spring26_native_financing_20260919a/utility_overnight_20260923_v1/results/production/B_shares/worker26_proposal03/result/evaluation/scored_repetition_01/score.json,21c243e1189bc500e480b267898ae68b1eb2c84589e6665395288ef4088f99d5,,,,
production,B_shares,worker26_proposal04,/scratch/td2248/projects/Fertility_Spring26_native_financing_20260919a/utility_overnight_20260923_v1/results/production/B_shares/worker26_proposal04,verified_scored,1999.8498588179114,26,4,6,6,0,/scratch/td2248/projects/Fertility_Spring26_native_financing_20260919a/utility_overnight_20260923_v1/results/production/B_shares/worker26_proposal04/result/evaluation/scored_repetition_01/score.json,a0141e98e2747e3ba3ab3419c364eea7f8d5c5a4c3ac55d019075256b80018d8,,,,
production,B_shares,worker26_proposal05,/scratch/td2248/projects/Fertility_Spring26_native_financing_20260919a/utility_overnight_20260923_v1/results/production/B_shares/worker26_proposal05,verified_scored,1901.0997992555913,26,5,6,6,0,/scratch/td2248/projects/Fertility_Spring26_native_financing_20260919a/utility_overnight_20260923_v1/results/production/B_shares/worker26_proposal05/result/evaluation/scored_repetition_01/score.json,eb1a604ced75c52ecc95122c88ed54a445ba2a5e37f7e66bcd3a10b5f8b96185,,,,
production,B_shares,worker26_proposal06,/scratch/td2248/projects/Fertility_Spring26_native_financing_20260919a/utility_overnight_20260923_v1/results/production/B_shares/worker26_proposal06,verified_scored,1963.2577505577885,26,6,6,6,0,/scratch/td2248/projects/Fertility_Spring26_native_financing_20260919a/utility_overnight_20260923_v1/results/production/B_shares/worker26_proposal06/result/evaluation/scored_repetition_01/score.json,11213c7ffdcd26fdfc6298444eb0f01b4791c17f92ae4cae318518ff2cd3e7e6,,,,
production,B_shares,worker26_proposal07,/scratch/td2248/projects/Fertility_Spring26_native_financing_20260919a/utility_overnight_20260923_v1/results/production/B_shares/worker26_proposal07,verified_scored,2128.2533083090057,26,7,6,6,0,/scratch/td2248/projects/Fertility_Spring26_native_financing_20260919a/utility_overnight_20260923_v1/results/production/B_shares/worker26_proposal07/result/evaluation/scored_repetition_01/score.json,b81e92ebd68c4738afed83d21d8adeac28d86fc9c694e82be8b2ecc0ff3160eb,,,,
production,B_shares,worker26_proposal08,/scratch/td2248/projects/Fertility_Spring26_native_financing_20260919a/utility_overnight_20260923_v1/results/production/B_shares/worker26_proposal08,verified_scored,2276.1065199114128,26,8,6,6,0,/scratch/td2248/projects/Fertility_Spring26_native_financing_20260919a/utility_overnight_20260923_v1/results/production/B_shares/worker26_proposal08/result/evaluation/scored_repetition_01/score.json,490cd6a52ed69a04dab65dc4a2045fd3071a641a038dc3e9f987891cbdc2caa6,,,,
production,B_shares,worker26_proposal09,/scratch/td2248/projects/Fertility_Spring26_native_financing_20260919a/utility_overnight_20260923_v1/results/production/B_shares/worker26_proposal09,verified_scored,2052.008118209149,26,9,6,6,0,/scratch/td2248/projects/Fertility_Spring26_native_financing_20260919a/utility_overnight_20260923_v1/results/production/B_shares/worker26_proposal09/result/evaluation/scored_repetition_01/score.json,15927d4d0e391c651a9d00f7c947ff3927d1380c44addf641a0cad30772d867e,,,,
production,B_shares,worker26_proposal10,/scratch/td2248/projects/Fertility_Spring26_native_financing_20260919a/utility_overnight_20260923_v1/results/production/B_shares/worker26_proposal10,verified_scored,1852.4649136587384,26,10,6,6,0,/scratch/td2248/projects/Fertility_Spring26_native_financing_20260919a/utility_overnight_20260923_v1/results/production/B_shares/worker26_proposal10/result/evaluation/scored_repetition_01/score.json,dc95842321491b330ca1101e7cecb57d9612b1cc89f5da06ef36d32d2482a3ec,,,,
production,B_shares,worker26_proposal11,/scratch/td2248/projects/Fertility_Spring26_native_financing_20260919a/utility_overnight_20260923_v1/results/production/B_shares/worker26_proposal11,verified_scored,1999.055138592439,26,11,6,6,0,/scratch/td2248/projects/Fertility_Spring26_native_financing_20260919a/utility_overnight_20260923_v1/results/production/B_shares/worker26_proposal11/result/evaluation/scored_repetition_01/score.json,a77de0850f2ff66435aa43d11ba8b1caf41bd34f8e025d6d98a3c1ccf078f1a2,,,,
production,B_shares,worker26_proposal12,/scratch/td2248/projects/Fertility_Spring26_native_financing_20260919a/utility_overnight_20260923_v1/results/production/B_shares/worker26_proposal12,verified_scored,1737.001791737615,26,12,6,6,0,/scratch/td2248/projects/Fertility_Spring26_native_financing_20260919a/utility_overnight_20260923_v1/results/production/B_shares/worker26_proposal12/result/evaluation/scored_repetition_01/score.json,6ae196b1a63ed8afbec6c06f4f20befab0e588f7d1ae67964a09c176aea715a4,,,,
production,B_shares,worker26_proposal13,/scratch/td2248/projects/Fertility_Spring26_native_financing_20260919a/utility_overnight_20260923_v1/results/production/B_shares/worker26_proposal13,verified_scored,1759.7503208109597,26,13,6,6,0,/scratch/td2248/projects/Fertility_Spring26_native_financing_20260919a/utility_overnight_20260923_v1/results/production/B_shares/worker26_proposal13/result/evaluation/scored_repetition_01/score.json,3ae4bb8ce96e8cc280e641d3e6a3ffaf04bff21d0002e121dacc6e68a6c64a9f,,,,
production,B_shares,worker26_proposal14,/scratch/td2248/projects/Fertility_Spring26_native_financing_20260919a/utility_overnight_20260923_v1/results/production/B_shares/worker26_proposal14,verified_scored,1574.1891067873823,26,14,6,6,0,/scratch/td2248/projects/Fertility_Spring26_native_financing_20260919a/utility_overnight_20260923_v1/results/production/B_shares/worker26_proposal14/result/evaluation/scored_repetition_01/score.json,73be70695e180be942a54d8ff3f12e47f334a40e936ad296eaacff86f9080561,,,,
production,B_shares,worker26_proposal15,/scratch/td2248/projects/Fertility_Spring26_native_financing_20260919a/utility_overnight_20260923_v1/results/production/B_shares/worker26_proposal15,verified_scored,1612.6235987855594,26,15,6,6,0,/scratch/td2248/projects/Fertility_Spring26_native_financing_20260919a/utility_overnight_20260923_v1/results/production/B_shares/worker26_proposal15/result/evaluation/scored_repetition_01/score.json,35807a9df2e78e73d16f1dd52ddbb09d8a6e82aff44938fe650f5d1672a6f58e,,,,
production,B_shares,worker26_proposal16,/scratch/td2248/projects/Fertility_Spring26_native_financing_20260919a/utility_overnight_20260923_v1/results/production/B_shares/worker26_proposal16,verified_scored,1860.4548546622443,26,16,6,6,0,/scratch/td2248/projects/Fertility_Spring26_native_financing_20260919a/utility_overnight_20260923_v1/results/production/B_shares/worker26_proposal16/result/evaluation/scored_repetition_01/score.json,97a9a5bb96a89947d422bce8dc196e844c245544c1618c7bc7a09f76acfc5d36,,,,
production,B_shares,worker26_proposal17,/scratch/td2248/projects/Fertility_Spring26_native_financing_20260919a/utility_overnight_20260923_v1/results/production/B_shares/worker26_proposal17,verified_scored,2459.4379729581215,26,17,6,6,0,/scratch/td2248/projects/Fertility_Spring26_native_financing_20260919a/utility_overnight_20260923_v1/results/production/B_shares/worker26_proposal17/result/evaluation/scored_repetition_01/score.json,8425e5ad0236721f34850f4d97ede7c67b1fc695e939285243e050d3d63e7adc,,,,
production,B_shares,worker26_proposal18,/scratch/td2248/projects/Fertility_Spring26_native_financing_20260919a/utility_overnight_20260923_v1/results/production/B_shares/worker26_proposal18,verified_scored,2698.285866499003,26,18,6,6,0,/scratch/td2248/projects/Fertility_Spring26_native_financing_20260919a/utility_overnight_20260923_v1/results/production/B_shares/worker26_proposal18/result/evaluation/scored_repetition_01/score.json,e2c56df2005cd5e2ca9084178e1970a68e3fe77133588a8682e4ed83b430566a,,,,
production,B_shares,worker27_proposal01,/scratch/td2248/projects/Fertility_Spring26_native_financing_20260919a/utility_overnight_20260923_v1/results/production/B_shares/worker27_proposal01,verified_scored,1853.767435311954,27,1,7,7,0,/scratch/td2248/projects/Fertility_Spring26_native_financing_20260919a/utility_overnight_20260923_v1/results/production/B_shares/worker27_proposal01/result/evaluation/scored_repetition_01/score.json,67fea31549c49dea83e983400bfc62ddab7491e0bbb74d4dd4eb026ea300fe99,,,,
production,B_shares,worker27_proposal02,/scratch/td2248/projects/Fertility_Spring26_native_financing_20260919a/utility_overnight_20260923_v1/results/production/B_shares/worker27_proposal02,verified_scored,1449.4244501221704,27,2,6,6,0,/scratch/td2248/projects/Fertility_Spring26_native_financing_20260919a/utility_overnight_20260923_v1/results/production/B_shares/worker27_proposal02/result/evaluation/scored_repetition_01/score.json,116064b8c06a62ef8abe493769c5ced535dca6f3b997d171889dae7cc8aa6f09,,,,
production,B_shares,worker27_proposal03,/scratch/td2248/projects/Fertility_Spring26_native_financing_20260919a/utility_overnight_20260923_v1/results/production/B_shares/worker27_proposal03,verified_scored,1852.9889480383736,27,3,5,5,0,/scratch/td2248/projects/Fertility_Spring26_native_financing_20260919a/utility_overnight_20260923_v1/results/production/B_shares/worker27_proposal03/result/evaluation/scored_repetition_01/score.json,d1c42457f6ba935f5334b6d2e71fa27f59a3dba9834df1a36ab47ed2665d8369,,,,
production,B_shares,worker27_proposal04,/scratch/td2248/projects/Fertility_Spring26_native_financing_20260919a/utility_overnight_20260923_v1/results/production/B_shares/worker27_proposal04,verified_scored,1807.8949095514956,27,4,6,6,0,/scratch/td2248/projects/Fertility_Spring26_native_financing_20260919a/utility_overnight_20260923_v1/results/production/B_shares/worker27_proposal04/result/evaluation/scored_repetition_01/score.json,6519eb84ec9b7429d45b3eb5ef42fb3cd220589617d75dbbfa72fe33a0865405,,,,
production,B_shares,worker27_proposal05,/scratch/td2248/projects/Fertility_Spring26_native_financing_20260919a/utility_overnight_20260923_v1/results/production/B_shares/worker27_proposal05,verified_scored,1455.830562385743,27,5,6,6,0,/scratch/td2248/projects/Fertility_Spring26_native_financing_20260919a/utility_overnight_20260923_v1/results/production/B_shares/worker27_proposal05/result/evaluation/scored_repetition_01/score.json,d3e67db2f6213600d352c3d8e0afc06b909bda2b034c4f0ccc2e2cde8221d8f7,,,,
production,B_shares,worker27_proposal06,/scratch/td2248/projects/Fertility_Spring26_native_financing_20260919a/utility_overnight_20260923_v1/results/production/B_shares/worker27_proposal06,verified_scored,1666.8862873416483,27,6,7,7,0,/scratch/td2248/projects/Fertility_Spring26_native_financing_20260919a/utility_overnight_20260923_v1/results/production/B_shares/worker27_proposal06/result/evaluation/scored_repetition_01/score.json,0000afc08a14de4a580fddc6d0bd7723e6745caae5a392f0815e7cf92a51fd6e,,,,
production,B_shares,worker27_proposal07,/scratch/td2248/projects/Fertility_Spring26_native_financing_20260919a/utility_overnight_20260923_v1/results/production/B_shares/worker27_proposal07,verified_scored,1721.0295638954512,27,7,7,7,0,/scratch/td2248/projects/Fertility_Spring26_native_financing_20260919a/utility_overnight_20260923_v1/results/production/B_shares/worker27_proposal07/result/evaluation/scored_repetition_01/score.json,b81897026aa2f39b7c7f22b6157d04f327fa447c770c333bdfaf8038d49c30ff,,,,
production,B_shares,worker27_proposal08,/scratch/td2248/projects/Fertility_Spring26_native_financing_20260919a/utility_overnight_20260923_v1/results/production/B_shares/worker27_proposal08,verified_scored,1626.5148121697716,27,8,6,6,0,/scratch/td2248/projects/Fertility_Spring26_native_financing_20260919a/utility_overnight_20260923_v1/results/production/B_shares/worker27_proposal08/result/evaluation/scored_repetition_01/score.json,944c115af44be108a463302700239fbecccc54bc4b2bea40bf70714c9cf4d4e7,,,,
production,B_shares,worker27_proposal09,/scratch/td2248/projects/Fertility_Spring26_native_financing_20260919a/utility_overnight_20260923_v1/results/production/B_shares/worker27_proposal09,verified_scored,1612.1992541148688,27,9,6,6,0,/scratch/td2248/projects/Fertility_Spring26_native_financing_20260919a/utility_overnight_20260923_v1/results/production/B_shares/worker27_proposal09/result/evaluation/scored_repetition_01/score.json,f6aa138dbde8946c2171d32e04aa8b80e20de4e184de19ea784298ce5979aac8,,,,
production,B_shares,worker27_proposal10,/scratch/td2248/projects/Fertility_Spring26_native_financing_20260919a/utility_overnight_20260923_v1/results/production/B_shares/worker27_proposal10,verified_scored,1402.8203086657418,27,10,6,6,0,/scratch/td2248/projects/Fertility_Spring26_native_financing_20260919a/utility_overnight_20260923_v1/results/production/B_shares/worker27_proposal10/result/evaluation/scored_repetition_01/score.json,6f467d039c5aad2c71de9d2049f32667b3ad5927ba0d7449fdbd6f661b8ffadb,,,,
production,B_shares,worker27_proposal11,/scratch/td2248/projects/Fertility_Spring26_native_financing_20260919a/utility_overnight_20260923_v1/results/production/B_shares/worker27_proposal11,verified_scored,1503.3641305570698,27,11,7,7,0,/scratch/td2248/projects/Fertility_Spring26_native_financing_20260919a/utility_overnight_20260923_v1/results/production/B_shares/worker27_proposal11/result/evaluation/scored_repetition_01/score.json,42eb777d5c82f4da21b2e6f6d7994638ab8d0c7ff3be8a8340b930828bc0cde2,,,,
production,B_shares,worker27_proposal12,/scratch/td2248/projects/Fertility_Spring26_native_financing_20260919a/utility_overnight_20260923_v1/results/production/B_shares/worker27_proposal12,verified_scored,1886.3504326652392,27,12,8,8,0,/scratch/td2248/projects/Fertility_Spring26_native_financing_20260919a/utility_overnight_20260923_v1/results/production/B_shares/worker27_proposal12/result/evaluation/scored_repetition_01/score.json,a38fecd22f97f551e079ddacaa75cedaaf10756a19807c907bbf0623f981ef30,,,,
production,B_shares,worker27_proposal13,/scratch/td2248/projects/Fertility_Spring26_native_financing_20260919a/utility_overnight_20260923_v1/results/production/B_shares/worker27_proposal13,verified_scored,1865.6262501315516,27,13,6,6,0,/scratch/td2248/projects/Fertility_Spring26_native_financing_20260919a/utility_overnight_20260923_v1/results/production/B_shares/worker27_proposal13/result/evaluation/scored_repetition_01/score.json,aea22ba115aac88983e9c2b51c069962e4cb62bd76eac3c98a73429695252aeb,,,,
production,B_shares,worker27_proposal14,/scratch/td2248/projects/Fertility_Spring26_native_financing_20260919a/utility_overnight_20260923_v1/results/production/B_shares/worker27_proposal14,verified_scored,1602.345210042712,27,14,6,6,0,/scratch/td2248/projects/Fertility_Spring26_native_financing_20260919a/utility_overnight_20260923_v1/results/production/B_shares/worker27_proposal14/result/evaluation/scored_repetition_01/score.json,f76c11976e688664f3505cbed32ed913cbba38f062373eff486959a6276d12e0,,,,
production,B_shares,worker27_proposal15,/scratch/td2248/projects/Fertility_Spring26_native_financing_20260919a/utility_overnight_20260923_v1/results/production/B_shares/worker27_proposal15,verified_scored,1409.0052437625245,27,15,6,6,0,/scratch/td2248/projects/Fertility_Spring26_native_financing_20260919a/utility_overnight_20260923_v1/results/production/B_shares/worker27_proposal15/result/evaluation/scored_repetition_01/score.json,81a74838a4dbc9f2f02716eaa619e03f460c8159a1f9223ae4bfe72c4a609716,,,,
production,B_shares,worker27_proposal16,/scratch/td2248/projects/Fertility_Spring26_native_financing_20260919a/utility_overnight_20260923_v1/results/production/B_shares/worker27_proposal16,verified_scored,1307.7682852252028,27,16,6,6,0,/scratch/td2248/projects/Fertility_Spring26_native_financing_20260919a/utility_overnight_20260923_v1/results/production/B_shares/worker27_proposal16/result/evaluation/scored_repetition_01/score.json,9d7ece7501d867156a2157b9f72aa3d67384dcbd974d1d786102c4d99af1d6dd,,,,
production,B_shares,worker27_proposal17,/scratch/td2248/projects/Fertility_Spring26_native_financing_20260919a/utility_overnight_20260923_v1/results/production/B_shares/worker27_proposal17,verified_scored,1618.6060033228632,27,17,6,6,0,/scratch/td2248/projects/Fertility_Spring26_native_financing_20260919a/utility_overnight_20260923_v1/results/production/B_shares/worker27_proposal17/result/evaluation/scored_repetition_01/score.json,4bf3e90e7448dcd65dc276941c38961d919a03d06d2c611e25724676857feb60,,,,
production,B_shares,worker27_proposal18,/scratch/td2248/projects/Fertility_Spring26_native_financing_20260919a/utility_overnight_20260923_v1/results/production/B_shares/worker27_proposal18,verified_scored,1065.364163112784,27,18,6,6,0,/scratch/td2248/projects/Fertility_Spring26_native_financing_20260919a/utility_overnight_20260923_v1/results/production/B_shares/worker27_proposal18/result/evaluation/scored_repetition_01/score.json,3358b5229cf3ef0e40250281a24959a43f3351f3357ad44329c47fc0975039b8,,,,
production,B_shares,worker28_proposal01,/scratch/td2248/projects/Fertility_Spring26_native_financing_20260919a/utility_overnight_20260923_v1/results/production/B_shares/worker28_proposal01,verified_scored,2967.0477093221916,28,1,6,6,0,/scratch/td2248/projects/Fertility_Spring26_native_financing_20260919a/utility_overnight_20260923_v1/results/production/B_shares/worker28_proposal01/result/evaluation/scored_repetition_01/score.json,911039dd6fd52f12f0bff02c21f5be1398d9fabced5809ae2197a4d85df5e39f,,,,
production,B_shares,worker28_proposal02,/scratch/td2248/projects/Fertility_Spring26_native_financing_20260919a/utility_overnight_20260923_v1/results/production/B_shares/worker28_proposal02,verified_scored,2242.1811954476507,28,2,6,6,0,/scratch/td2248/projects/Fertility_Spring26_native_financing_20260919a/utility_overnight_20260923_v1/results/production/B_shares/worker28_proposal02/result/evaluation/scored_repetition_01/score.json,810f3b45a6d0a7fa9eb5362d11d19915ab2b128aa4f0d552e4589ccb6315f763,,,,
production,B_shares,worker28_proposal03,/scratch/td2248/projects/Fertility_Spring26_native_financing_20260919a/utility_overnight_20260923_v1/results/production/B_shares/worker28_proposal03,verified_scored,1604.3176690602359,28,3,6,6,0,/scratch/td2248/projects/Fertility_Spring26_native_financing_20260919a/utility_overnight_20260923_v1/results/production/B_shares/worker28_proposal03/result/evaluation/scored_repetition_01/score.json,eba40dab3df1412462753752c32431a3d436b1dd6617249be09e717d52ef9e77,,,,
production,B_shares,worker28_proposal04,/scratch/td2248/projects/Fertility_Spring26_native_financing_20260919a/utility_overnight_20260923_v1/results/production/B_shares/worker28_proposal04,verified_scored,2019.0420013082382,28,4,6,6,0,/scratch/td2248/projects/Fertility_Spring26_native_financing_20260919a/utility_overnight_20260923_v1/results/production/B_shares/worker28_proposal04/result/evaluation/scored_repetition_01/score.json,ef885cf1df2871b26226f4a4a18f7fc98751b32b884702faa84958c13fcf11e7,,,,
production,B_shares,worker28_proposal05,/scratch/td2248/projects/Fertility_Spring26_native_financing_20260919a/utility_overnight_20260923_v1/results/production/B_shares/worker28_proposal05,verified_scored,1604.8778091656552,28,5,6,6,0,/scratch/td2248/projects/Fertility_Spring26_native_financing_20260919a/utility_overnight_20260923_v1/results/production/B_shares/worker28_proposal05/result/evaluation/scored_repetition_01/score.json,7d4d54c88da33fd9e21b979fa0461f328c87f0275e7ab69e0d1bc24fcf16552d,,,,
production,B_shares,worker28_proposal06,/scratch/td2248/projects/Fertility_Spring26_native_financing_20260919a/utility_overnight_20260923_v1/results/production/B_shares/worker28_proposal06,verified_scored,2338.3127768939194,28,6,6,6,0,/scratch/td2248/projects/Fertility_Spring26_native_financing_20260919a/utility_overnight_20260923_v1/results/production/B_shares/worker28_proposal06/result/evaluation/scored_repetition_01/score.json,e71de208d98b4b5a119bda599a7ec40bd9efaf3bf5a5705b01ce56c661170c5d,,,,
production,B_shares,worker28_proposal07,/scratch/td2248/projects/Fertility_Spring26_native_financing_20260919a/utility_overnight_20260923_v1/results/production/B_shares/worker28_proposal07,verified_scored,1999.2655105187187,28,7,6,6,0,/scratch/td2248/projects/Fertility_Spring26_native_financing_20260919a/utility_overnight_20260923_v1/results/production/B_shares/worker28_proposal07/result/evaluation/scored_repetition_01/score.json,61296753444392cb66fae168bdd98c799c37d5c38eaad10f2cfef19e063756fb,,,,
production,B_shares,worker28_proposal08,/scratch/td2248/projects/Fertility_Spring26_native_financing_20260919a/utility_overnight_20260923_v1/results/production/B_shares/worker28_proposal08,verified_scored,2381.348901006705,28,8,6,6,0,/scratch/td2248/projects/Fertility_Spring26_native_financing_20260919a/utility_overnight_20260923_v1/results/production/B_shares/worker28_proposal08/result/evaluation/scored_repetition_01/score.json,817cecce1de18c4249614361fb0015b5944770af01fa88d54ec5068904d9f34b,,,,
production,B_shares,worker28_proposal09,/scratch/td2248/projects/Fertility_Spring26_native_financing_20260919a/utility_overnight_20260923_v1/results/production/B_shares/worker28_proposal09,verified_scored,2884.552750655241,28,9,6,6,0,/scratch/td2248/projects/Fertility_Spring26_native_financing_20260919a/utility_overnight_20260923_v1/results/production/B_shares/worker28_proposal09/result/evaluation/scored_repetition_01/score.json,7e9758c3ade505da4fd21ba5b69dd83e77ea14a30d780748c7a9da0d0cc75a41,,,,
production,B_shares,worker28_proposal10,/scratch/td2248/projects/Fertility_Spring26_native_financing_20260919a/utility_overnight_20260923_v1/results/production/B_shares/worker28_proposal10,verified_scored,1617.2129490153459,28,10,6,6,0,/scratch/td2248/projects/Fertility_Spring26_native_financing_20260919a/utility_overnight_20260923_v1/results/production/B_shares/worker28_proposal10/result/evaluation/scored_repetition_01/score.json,c812c055f6a666502e9be6e061f4169bfa65f343bb3cfd2f4d4aef65bbbd00f3,,,,
production,B_shares,worker28_proposal11,/scratch/td2248/projects/Fertility_Spring26_native_financing_20260919a/utility_overnight_20260923_v1/results/production/B_shares/worker28_proposal11,verified_scored,2425.7112248692383,28,11,6,6,0,/scratch/td2248/projects/Fertility_Spring26_native_financing_20260919a/utility_overnight_20260923_v1/results/production/B_shares/worker28_proposal11/result/evaluation/scored_repetition_01/score.json,d1c16538258b7ec4a6f8aa6150405835848b21a818df2b461a072342ba6b16cc,,,,
production,B_shares,worker28_proposal12,/scratch/td2248/projects/Fertility_Spring26_native_financing_20260919a/utility_overnight_20260923_v1/results/production/B_shares/worker28_proposal12,verified_scored,1714.8212432178111,28,12,6,6,0,/scratch/td2248/projects/Fertility_Spring26_native_financing_20260919a/utility_overnight_20260923_v1/results/production/B_shares/worker28_proposal12/result/evaluation/scored_repetition_01/score.json,dfc6b1e5e2006842af7381be4d946b3030996cc0283a2b7b60c36db187a89350,,,,
production,B_shares,worker28_proposal13,/scratch/td2248/projects/Fertility_Spring26_native_financing_20260919a/utility_overnight_20260923_v1/results/production/B_shares/worker28_proposal13,verified_scored,2002.837531312558,28,13,6,6,0,/scratch/td2248/projects/Fertility_Spring26_native_financing_20260919a/utility_overnight_20260923_v1/results/production/B_shares/worker28_proposal13/result/evaluation/scored_repetition_01/score.json,53fca3f8e0cb6cf1fdee590202489debd1ae7c68a43f8359302571683d9a8548,,,,
production,B_shares,worker28_proposal14,/scratch/td2248/projects/Fertility_Spring26_native_financing_20260919a/utility_overnight_20260923_v1/results/production/B_shares/worker28_proposal14,failed,,28,14,6,5,1,,,fatal contract/code error,,,
production,B_shares,worker28_proposal15,/scratch/td2248/projects/Fertility_Spring26_native_financing_20260919a/utility_overnight_20260923_v1/results/production/B_shares/worker28_proposal15,unrun,,28,15,,,,,,,,,
production,B_shares,worker28_proposal16,/scratch/td2248/projects/Fertility_Spring26_native_financing_20260919a/utility_overnight_20260923_v1/results/production/B_shares/worker28_proposal16,unrun,,28,16,,,,,,,,,
production,B_shares,worker28_proposal17,/scratch/td2248/projects/Fertility_Spring26_native_financing_20260919a/utility_overnight_20260923_v1/results/production/B_shares/worker28_proposal17,unrun,,28,17,,,,,,,,,
production,B_shares,worker28_proposal18,/scratch/td2248/projects/Fertility_Spring26_native_financing_20260919a/utility_overnight_20260923_v1/results/production/B_shares/worker28_proposal18,unrun,,28,18,,,,,,,,,
production,B_shares,worker29_proposal01,/scratch/td2248/projects/Fertility_Spring26_native_financing_20260919a/utility_overnight_20260923_v1/results/production/B_shares/worker29_proposal01,verified_scored,1801.8202823709937,29,1,6,6,0,/scratch/td2248/projects/Fertility_Spring26_native_financing_20260919a/utility_overnight_20260923_v1/results/production/B_shares/worker29_proposal01/result/evaluation/scored_repetition_01/score.json,36b9d93067caf80f4cb0fcbf12b68a6ada152f9136a5b571e19509c7b9cb02ac,,,,
production,B_shares,worker29_proposal02,/scratch/td2248/projects/Fertility_Spring26_native_financing_20260919a/utility_overnight_20260923_v1/results/production/B_shares/worker29_proposal02,verified_scored,2628.94061306736,29,2,6,6,0,/scratch/td2248/projects/Fertility_Spring26_native_financing_20260919a/utility_overnight_20260923_v1/results/production/B_shares/worker29_proposal02/result/evaluation/scored_repetition_01/score.json,4ce7a5a1876519d5f75f3b54a0750f94fc7dc61f080c0c7ca206048e009a5e63,,,,
production,B_shares,worker29_proposal03,/scratch/td2248/projects/Fertility_Spring26_native_financing_20260919a/utility_overnight_20260923_v1/results/production/B_shares/worker29_proposal03,verified_scored,2351.5247286446106,29,3,6,6,0,/scratch/td2248/projects/Fertility_Spring26_native_financing_20260919a/utility_overnight_20260923_v1/results/production/B_shares/worker29_proposal03/result/evaluation/scored_repetition_01/score.json,8910014e58aa34f4412fd0f88737f0b5f242fe79fa6b42cf019df6b1bdfe3fb0,,,,
production,B_shares,worker29_proposal04,/scratch/td2248/projects/Fertility_Spring26_native_financing_20260919a/utility_overnight_20260923_v1/results/production/B_shares/worker29_proposal04,verified_scored,1919.929784207079,29,4,6,6,0,/scratch/td2248/projects/Fertility_Spring26_native_financing_20260919a/utility_overnight_20260923_v1/results/production/B_shares/worker29_proposal04/result/evaluation/scored_repetition_01/score.json,55668e8c13c674774a6fa4d15eb4f3afdefa0c5af2f49b3897dd2c1f1a23a573,,,,
production,B_shares,worker29_proposal05,/scratch/td2248/projects/Fertility_Spring26_native_financing_20260919a/utility_overnight_20260923_v1/results/production/B_shares/worker29_proposal05,verified_scored,1802.032863463243,29,5,6,6,0,/scratch/td2248/projects/Fertility_Spring26_native_financing_20260919a/utility_overnight_20260923_v1/results/production/B_shares/worker29_proposal05/result/evaluation/scored_repetition_01/score.json,a49b0c9bf54b2a34a1eeceab3ac10bbb0237e10afd33b35acea57f58a1750afa,,,,
production,B_shares,worker29_proposal06,/scratch/td2248/projects/Fertility_Spring26_native_financing_20260919a/utility_overnight_20260923_v1/results/production/B_shares/worker29_proposal06,verified_scored,1985.7943413199969,29,6,6,6,0,/scratch/td2248/projects/Fertility_Spring26_native_financing_20260919a/utility_overnight_20260923_v1/results/production/B_shares/worker29_proposal06/result/evaluation/scored_repetition_01/score.json,8e95865d5ea206aded23ddcf9fb913152325a93364fb2f29c2bf1d8679eda03b,,,,
production,B_shares,worker29_proposal07,/scratch/td2248/projects/Fertility_Spring26_native_financing_20260919a/utility_overnight_20260923_v1/results/production/B_shares/worker29_proposal07,verified_scored,2042.2321305390662,29,7,6,6,0,/scratch/td2248/projects/Fertility_Spring26_native_financing_20260919a/utility_overnight_20260923_v1/results/production/B_shares/worker29_proposal07/result/evaluation/scored_repetition_01/score.json,ffa5bb7fe707a93be3ef1291c9570a778aa2c7ca7f9490758722e7456c9c21ae,,,,
production,B_shares,worker29_proposal08,/scratch/td2248/projects/Fertility_Spring26_native_financing_20260919a/utility_overnight_20260923_v1/results/production/B_shares/worker29_proposal08,verified_scored,2187.3609389223884,29,8,5,5,0,/scratch/td2248/projects/Fertility_Spring26_native_financing_20260919a/utility_overnight_20260923_v1/results/production/B_shares/worker29_proposal08/result/evaluation/scored_repetition_01/score.json,30c0bb2e2a9e68d01ac330eb53fa6bc6e292db903d674849f8ba730a7f121f9f,,,,
production,B_shares,worker29_proposal09,/scratch/td2248/projects/Fertility_Spring26_native_financing_20260919a/utility_overnight_20260923_v1/results/production/B_shares/worker29_proposal09,verified_scored,1752.9570676617848,29,9,6,6,0,/scratch/td2248/projects/Fertility_Spring26_native_financing_20260919a/utility_overnight_20260923_v1/results/production/B_shares/worker29_proposal09/result/evaluation/scored_repetition_01/score.json,2006dc1badb02429326d86bc2e4f43bba2176784a670a3770c17b3bd418cf3ef,,,,
production,B_shares,worker29_proposal10,/scratch/td2248/projects/Fertility_Spring26_native_financing_20260919a/utility_overnight_20260923_v1/results/production/B_shares/worker29_proposal10,verified_scored,1706.9352640527457,29,10,6,6,0,/scratch/td2248/projects/Fertility_Spring26_native_financing_20260919a/utility_overnight_20260923_v1/results/production/B_shares/worker29_proposal10/result/evaluation/scored_repetition_01/score.json,c096a1b3dd232ef63c6fdd3df987236c288594f6aff78a84aa99472ae3069018,,,,
production,B_shares,worker29_proposal11,/scratch/td2248/projects/Fertility_Spring26_native_financing_20260919a/utility_overnight_20260923_v1/results/production/B_shares/worker29_proposal11,verified_scored,1612.6721804379986,29,11,7,7,0,/scratch/td2248/projects/Fertility_Spring26_native_financing_20260919a/utility_overnight_20260923_v1/results/production/B_shares/worker29_proposal11/result/evaluation/scored_repetition_01/score.json,5df49061b73d777c1fa82e21a4460d6722444137b0bdc068c45f37a08d1cdca6,,,,
production,B_shares,worker29_proposal12,/scratch/td2248/projects/Fertility_Spring26_native_financing_20260919a/utility_overnight_20260923_v1/results/production/B_shares/worker29_proposal12,failed,,29,12,1,0,1,,,fatal contract/code error,,,
production,B_shares,worker29_proposal13,/scratch/td2248/projects/Fertility_Spring26_native_financing_20260919a/utility_overnight_20260923_v1/results/production/B_shares/worker29_proposal13,unrun,,29,13,,,,,,,,,
production,B_shares,worker29_proposal14,/scratch/td2248/projects/Fertility_Spring26_native_financing_20260919a/utility_overnight_20260923_v1/results/production/B_shares/worker29_proposal14,unrun,,29,14,,,,,,,,,
production,B_shares,worker29_proposal15,/scratch/td2248/projects/Fertility_Spring26_native_financing_20260919a/utility_overnight_20260923_v1/results/production/B_shares/worker29_proposal15,unrun,,29,15,,,,,,,,,
production,B_shares,worker29_proposal16,/scratch/td2248/projects/Fertility_Spring26_native_financing_20260919a/utility_overnight_20260923_v1/results/production/B_shares/worker29_proposal16,unrun,,29,16,,,,,,,,,
production,B_shares,worker29_proposal17,/scratch/td2248/projects/Fertility_Spring26_native_financing_20260919a/utility_overnight_20260923_v1/results/production/B_shares/worker29_proposal17,unrun,,29,17,,,,,,,,,
production,B_shares,worker29_proposal18,/scratch/td2248/projects/Fertility_Spring26_native_financing_20260919a/utility_overnight_20260923_v1/results/production/B_shares/worker29_proposal18,unrun,,29,18,,,,,,,,,
production,B_shares,worker30_proposal01,/scratch/td2248/projects/Fertility_Spring26_native_financing_20260919a/utility_overnight_20260923_v1/results/production/B_shares/worker30_proposal01,verified_scored,1360.2796595818975,30,1,6,6,0,/scratch/td2248/projects/Fertility_Spring26_native_financing_20260919a/utility_overnight_20260923_v1/results/production/B_shares/worker30_proposal01/result/evaluation/scored_repetition_01/score.json,dad5a3d25c00448131d20fd342036ee43b16b74c8d53fce290932197395cc4e4,,,,
production,B_shares,worker30_proposal02,/scratch/td2248/projects/Fertility_Spring26_native_financing_20260919a/utility_overnight_20260923_v1/results/production/B_shares/worker30_proposal02,verified_scored,1941.0730530258545,30,2,4,4,0,/scratch/td2248/projects/Fertility_Spring26_native_financing_20260919a/utility_overnight_20260923_v1/results/production/B_shares/worker30_proposal02/result/evaluation/scored_repetition_01/score.json,7f9b378d4cdda60f5d0e398d57cd96567dd7e8ff908e9874900156c721ea89b9,,,,
production,B_shares,worker30_proposal03,/scratch/td2248/projects/Fertility_Spring26_native_financing_20260919a/utility_overnight_20260923_v1/results/production/B_shares/worker30_proposal03,verified_scored,1426.2909921974763,30,3,6,6,0,/scratch/td2248/projects/Fertility_Spring26_native_financing_20260919a/utility_overnight_20260923_v1/results/production/B_shares/worker30_proposal03/result/evaluation/scored_repetition_01/score.json,097f0f6e86558473ed61a308cd3f7b2c79c525f8bffe2390eaf6926429901df7,,,,
production,B_shares,worker30_proposal04,/scratch/td2248/projects/Fertility_Spring26_native_financing_20260919a/utility_overnight_20260923_v1/results/production/B_shares/worker30_proposal04,verified_scored,2009.391750659913,30,4,7,7,0,/scratch/td2248/projects/Fertility_Spring26_native_financing_20260919a/utility_overnight_20260923_v1/results/production/B_shares/worker30_proposal04/result/evaluation/scored_repetition_01/score.json,c223f5a1b00d77fda64bad185ffa3add7cc08785032e4ae49518042720bc5c17,,,,
production,B_shares,worker30_proposal05,/scratch/td2248/projects/Fertility_Spring26_native_financing_20260919a/utility_overnight_20260923_v1/results/production/B_shares/worker30_proposal05,verified_scored,1346.177810343598,30,5,6,6,0,/scratch/td2248/projects/Fertility_Spring26_native_financing_20260919a/utility_overnight_20260923_v1/results/production/B_shares/worker30_proposal05/result/evaluation/scored_repetition_01/score.json,0b17c242600b98e103452def12bb95309b0afb035cfdcd992374e3510f515f8d,,,,
production,B_shares,worker30_proposal06,/scratch/td2248/projects/Fertility_Spring26_native_financing_20260919a/utility_overnight_20260923_v1/results/production/B_shares/worker30_proposal06,verified_scored,1789.91202857996,30,6,7,7,0,/scratch/td2248/projects/Fertility_Spring26_native_financing_20260919a/utility_overnight_20260923_v1/results/production/B_shares/worker30_proposal06/result/evaluation/scored_repetition_01/score.json,5688ca92593e9a18609efb945cd2d1ed54ec50197110e93657cca9cdbe20cd7d,,,,
production,B_shares,worker30_proposal07,/scratch/td2248/projects/Fertility_Spring26_native_financing_20260919a/utility_overnight_20260923_v1/results/production/B_shares/worker30_proposal07,verified_scored,1595.7744851512834,30,7,6,6,0,/scratch/td2248/projects/Fertility_Spring26_native_financing_20260919a/utility_overnight_20260923_v1/results/production/B_shares/worker30_proposal07/result/evaluation/scored_repetition_01/score.json,ce2f4b75d2b0dc1e9eb0d8264f275213273a06b83f8895d67bbffa29ec883764,,,,
production,B_shares,worker30_proposal08,/scratch/td2248/projects/Fertility_Spring26_native_financing_20260919a/utility_overnight_20260923_v1/results/production/B_shares/worker30_proposal08,verified_scored,2428.9659953199816,30,8,6,6,0,/scratch/td2248/projects/Fertility_Spring26_native_financing_20260919a/utility_overnight_20260923_v1/results/production/B_shares/worker30_proposal08/result/evaluation/scored_repetition_01/score.json,7f79c0c75bbfc39b4047880dbf46f7e14b34489584a155bf9b2be5a07091ed1d,,,,
production,B_shares,worker30_proposal09,/scratch/td2248/projects/Fertility_Spring26_native_financing_20260919a/utility_overnight_20260923_v1/results/production/B_shares/worker30_proposal09,verified_scored,1270.3554751631805,30,9,6,6,0,/scratch/td2248/projects/Fertility_Spring26_native_financing_20260919a/utility_overnight_20260923_v1/results/production/B_shares/worker30_proposal09/result/evaluation/scored_repetition_01/score.json,b67679dd6b5f125ac330aa1404332d107cdd6917166ecc10a57f910282635a1a,,,,
production,B_shares,worker30_proposal10,/scratch/td2248/projects/Fertility_Spring26_native_financing_20260919a/utility_overnight_20260923_v1/results/production/B_shares/worker30_proposal10,verified_scored,1228.8142872816675,30,10,6,6,0,/scratch/td2248/projects/Fertility_Spring26_native_financing_20260919a/utility_overnight_20260923_v1/results/production/B_shares/worker30_proposal10/result/evaluation/scored_repetition_01/score.json,6dd097161221f4a4b0d5f68b3d807aded1222d223defbbc703c8612d75646fdb,,,,
production,B_shares,worker30_proposal11,/scratch/td2248/projects/Fertility_Spring26_native_financing_20260919a/utility_overnight_20260923_v1/results/production/B_shares/worker30_proposal11,verified_scored,1090.4666671945358,30,11,6,6,0,/scratch/td2248/projects/Fertility_Spring26_native_financing_20260919a/utility_overnight_20260923_v1/results/production/B_shares/worker30_proposal11/result/evaluation/scored_repetition_01/score.json,46532df919111a21946c88cbf407f03aa52cc1573a8b6d87b454e1941c5425e1,,,,
production,B_shares,worker30_proposal12,/scratch/td2248/projects/Fertility_Spring26_native_financing_20260919a/utility_overnight_20260923_v1/results/production/B_shares/worker30_proposal12,verified_scored,1488.4260814782854,30,12,5,5,0,/scratch/td2248/projects/Fertility_Spring26_native_financing_20260919a/utility_overnight_20260923_v1/results/production/B_shares/worker30_proposal12/result/evaluation/scored_repetition_01/score.json,699819770264e66a23d6029d2a85a78610d5073141e87741b8cc5fe4f7d58cb9,,,,
production,B_shares,worker30_proposal13,/scratch/td2248/projects/Fertility_Spring26_native_financing_20260919a/utility_overnight_20260923_v1/results/production/B_shares/worker30_proposal13,verified_scored,1262.0286508218526,30,13,7,7,0,/scratch/td2248/projects/Fertility_Spring26_native_financing_20260919a/utility_overnight_20260923_v1/results/production/B_shares/worker30_proposal13/result/evaluation/scored_repetition_01/score.json,f0e9db171063777dbb8d0006dd2b653a28cadfb0ccf1b43595a513093410611f,,,,
production,B_shares,worker30_proposal14,/scratch/td2248/projects/Fertility_Spring26_native_financing_20260919a/utility_overnight_20260923_v1/results/production/B_shares/worker30_proposal14,verified_scored,1176.4866314763688,30,14,7,7,0,/scratch/td2248/projects/Fertility_Spring26_native_financing_20260919a/utility_overnight_20260923_v1/results/production/B_shares/worker30_proposal14/result/evaluation/scored_repetition_01/score.json,9697e9b47f10a560b1f151a2c6bbed09d4859c736e817dcbee364ff36aaeb87c,,,,
production,B_shares,worker30_proposal15,/scratch/td2248/projects/Fertility_Spring26_native_financing_20260919a/utility_overnight_20260923_v1/results/production/B_shares/worker30_proposal15,verified_scored,1114.4010780242909,30,15,6,6,0,/scratch/td2248/projects/Fertility_Spring26_native_financing_20260919a/utility_overnight_20260923_v1/results/production/B_shares/worker30_proposal15/result/evaluation/scored_repetition_01/score.json,23d4570515e0e9e373bf7031b6766c600bf0788a3eb748029e3c87459da08572,,,,
production,B_shares,worker30_proposal16,/scratch/td2248/projects/Fertility_Spring26_native_financing_20260919a/utility_overnight_20260923_v1/results/production/B_shares/worker30_proposal16,failed,,30,16,5,4,1,,,fatal contract/code error,,,
production,B_shares,worker30_proposal17,/scratch/td2248/projects/Fertility_Spring26_native_financing_20260919a/utility_overnight_20260923_v1/results/production/B_shares/worker30_proposal17,unrun,,30,17,,,,,,,,,
production,B_shares,worker30_proposal18,/scratch/td2248/projects/Fertility_Spring26_native_financing_20260919a/utility_overnight_20260923_v1/results/production/B_shares/worker30_proposal18,unrun,,30,18,,,,,,,,,
production,B_shares,worker31_proposal01,/scratch/td2248/projects/Fertility_Spring26_native_financing_20260919a/utility_overnight_20260923_v1/results/production/B_shares/worker31_proposal01,failed,,31,1,1,0,1,,,fatal contract/code error,,,
production,B_shares,worker31_proposal02,/scratch/td2248/projects/Fertility_Spring26_native_financing_20260919a/utility_overnight_20260923_v1/results/production/B_shares/worker31_proposal02,unrun,,31,2,,,,,,,,,
production,B_shares,worker31_proposal03,/scratch/td2248/projects/Fertility_Spring26_native_financing_20260919a/utility_overnight_20260923_v1/results/production/B_shares/worker31_proposal03,unrun,,31,3,,,,,,,,,
production,B_shares,worker31_proposal04,/scratch/td2248/projects/Fertility_Spring26_native_financing_20260919a/utility_overnight_20260923_v1/results/production/B_shares/worker31_proposal04,unrun,,31,4,,,,,,,,,
production,B_shares,worker31_proposal05,/scratch/td2248/projects/Fertility_Spring26_native_financing_20260919a/utility_overnight_20260923_v1/results/production/B_shares/worker31_proposal05,unrun,,31,5,,,,,,,,,
production,B_shares,worker31_proposal06,/scratch/td2248/projects/Fertility_Spring26_native_financing_20260919a/utility_overnight_20260923_v1/results/production/B_shares/worker31_proposal06,unrun,,31,6,,,,,,,,,
production,B_shares,worker31_proposal07,/scratch/td2248/projects/Fertility_Spring26_native_financing_20260919a/utility_overnight_20260923_v1/results/production/B_shares/worker31_proposal07,unrun,,31,7,,,,,,,,,
production,B_shares,worker31_proposal08,/scratch/td2248/projects/Fertility_Spring26_native_financing_20260919a/utility_overnight_20260923_v1/results/production/B_shares/worker31_proposal08,unrun,,31,8,,,,,,,,,
production,B_shares,worker31_proposal09,/scratch/td2248/projects/Fertility_Spring26_native_financing_20260919a/utility_overnight_20260923_v1/results/production/B_shares/worker31_proposal09,unrun,,31,9,,,,,,,,,
production,B_shares,worker31_proposal10,/scratch/td2248/projects/Fertility_Spring26_native_financing_20260919a/utility_overnight_20260923_v1/results/production/B_shares/worker31_proposal10,unrun,,31,10,,,,,,,,,
production,B_shares,worker31_proposal11,/scratch/td2248/projects/Fertility_Spring26_native_financing_20260919a/utility_overnight_20260923_v1/results/production/B_shares/worker31_proposal11,unrun,,31,11,,,,,,,,,
production,B_shares,worker31_proposal12,/scratch/td2248/projects/Fertility_Spring26_native_financing_20260919a/utility_overnight_20260923_v1/results/production/B_shares/worker31_proposal12,unrun,,31,12,,,,,,,,,
production,B_shares,worker31_proposal13,/scratch/td2248/projects/Fertility_Spring26_native_financing_20260919a/utility_overnight_20260923_v1/results/production/B_shares/worker31_proposal13,unrun,,31,13,,,,,,,,,
production,B_shares,worker31_proposal14,/scratch/td2248/projects/Fertility_Spring26_native_financing_20260919a/utility_overnight_20260923_v1/results/production/B_shares/worker31_proposal14,unrun,,31,14,,,,,,,,,
production,B_shares,worker31_proposal15,/scratch/td2248/projects/Fertility_Spring26_native_financing_20260919a/utility_overnight_20260923_v1/results/production/B_shares/worker31_proposal15,unrun,,31,15,,,,,,,,,
production,B_shares,worker31_proposal16,/scratch/td2248/projects/Fertility_Spring26_native_financing_20260919a/utility_overnight_20260923_v1/results/production/B_shares/worker31_proposal16,unrun,,31,16,,,,,,,,,
production,B_shares,worker31_proposal17,/scratch/td2248/projects/Fertility_Spring26_native_financing_20260919a/utility_overnight_20260923_v1/results/production/B_shares/worker31_proposal17,unrun,,31,17,,,,,,,,,
production,B_shares,worker31_proposal18,/scratch/td2248/projects/Fertility_Spring26_native_financing_20260919a/utility_overnight_20260923_v1/results/production/B_shares/worker31_proposal18,unrun,,31,18,,,,,,,,,
production,B_shares,worker32_proposal01,/scratch/td2248/projects/Fertility_Spring26_native_financing_20260919a/utility_overnight_20260923_v1/results/production/B_shares/worker32_proposal01,failed,,32,1,1,0,1,,,fatal contract/code error,,,
production,B_shares,worker32_proposal02,/scratch/td2248/projects/Fertility_Spring26_native_financing_20260919a/utility_overnight_20260923_v1/results/production/B_shares/worker32_proposal02,unrun,,32,2,,,,,,,,,
production,B_shares,worker32_proposal03,/scratch/td2248/projects/Fertility_Spring26_native_financing_20260919a/utility_overnight_20260923_v1/results/production/B_shares/worker32_proposal03,unrun,,32,3,,,,,,,,,
production,B_shares,worker32_proposal04,/scratch/td2248/projects/Fertility_Spring26_native_financing_20260919a/utility_overnight_20260923_v1/results/production/B_shares/worker32_proposal04,unrun,,32,4,,,,,,,,,
production,B_shares,worker32_proposal05,/scratch/td2248/projects/Fertility_Spring26_native_financing_20260919a/utility_overnight_20260923_v1/results/production/B_shares/worker32_proposal05,unrun,,32,5,,,,,,,,,
production,B_shares,worker32_proposal06,/scratch/td2248/projects/Fertility_Spring26_native_financing_20260919a/utility_overnight_20260923_v1/results/production/B_shares/worker32_proposal06,unrun,,32,6,,,,,,,,,
production,B_shares,worker32_proposal07,/scratch/td2248/projects/Fertility_Spring26_native_financing_20260919a/utility_overnight_20260923_v1/results/production/B_shares/worker32_proposal07,unrun,,32,7,,,,,,,,,
production,B_shares,worker32_proposal08,/scratch/td2248/projects/Fertility_Spring26_native_financing_20260919a/utility_overnight_20260923_v1/results/production/B_shares/worker32_proposal08,unrun,,32,8,,,,,,,,,
production,B_shares,worker32_proposal09,/scratch/td2248/projects/Fertility_Spring26_native_financing_20260919a/utility_overnight_20260923_v1/results/production/B_shares/worker32_proposal09,unrun,,32,9,,,,,,,,,
production,B_shares,worker32_proposal10,/scratch/td2248/projects/Fertility_Spring26_native_financing_20260919a/utility_overnight_20260923_v1/results/production/B_shares/worker32_proposal10,unrun,,32,10,,,,,,,,,
production,B_shares,worker32_proposal11,/scratch/td2248/projects/Fertility_Spring26_native_financing_20260919a/utility_overnight_20260923_v1/results/production/B_shares/worker32_proposal11,unrun,,32,11,,,,,,,,,
production,B_shares,worker32_proposal12,/scratch/td2248/projects/Fertility_Spring26_native_financing_20260919a/utility_overnight_20260923_v1/results/production/B_shares/worker32_proposal12,unrun,,32,12,,,,,,,,,
production,B_shares,worker32_proposal13,/scratch/td2248/projects/Fertility_Spring26_native_financing_20260919a/utility_overnight_20260923_v1/results/production/B_shares/worker32_proposal13,unrun,,32,13,,,,,,,,,
production,B_shares,worker32_proposal14,/scratch/td2248/projects/Fertility_Spring26_native_financing_20260919a/utility_overnight_20260923_v1/results/production/B_shares/worker32_proposal14,unrun,,32,14,,,,,,,,,
production,B_shares,worker32_proposal15,/scratch/td2248/projects/Fertility_Spring26_native_financing_20260919a/utility_overnight_20260923_v1/results/production/B_shares/worker32_proposal15,unrun,,32,15,,,,,,,,,
production,B_shares,worker32_proposal16,/scratch/td2248/projects/Fertility_Spring26_native_financing_20260919a/utility_overnight_20260923_v1/results/production/B_shares/worker32_proposal16,unrun,,32,16,,,,,,,,,
production,B_shares,worker32_proposal17,/scratch/td2248/projects/Fertility_Spring26_native_financing_20260919a/utility_overnight_20260923_v1/results/production/B_shares/worker32_proposal17,unrun,,32,17,,,,,,,,,
production,B_shares,worker32_proposal18,/scratch/td2248/projects/Fertility_Spring26_native_financing_20260919a/utility_overnight_20260923_v1/results/production/B_shares/worker32_proposal18,unrun,,32,18,,,,,,,,,
production,B_shares,worker33_proposal01,/scratch/td2248/projects/Fertility_Spring26_native_financing_20260919a/utility_overnight_20260923_v1/results/production/B_shares/worker33_proposal01,verified_scored,851.2713381271443,33,1,6,6,0,/scratch/td2248/projects/Fertility_Spring26_native_financing_20260919a/utility_overnight_20260923_v1/results/production/B_shares/worker33_proposal01/result/evaluation/scored_repetition_01/score.json,5c382f34f852b10efc2d4253753ce8811c504b3cf95c4d4cce89399e0c60a5f4,,,,
production,B_shares,worker33_proposal02,/scratch/td2248/projects/Fertility_Spring26_native_financing_20260919a/utility_overnight_20260923_v1/results/production/B_shares/worker33_proposal02,failed,,33,2,1,0,1,,,fatal contract/code error,,,
production,B_shares,worker33_proposal03,/scratch/td2248/projects/Fertility_Spring26_native_financing_20260919a/utility_overnight_20260923_v1/results/production/B_shares/worker33_proposal03,unrun,,33,3,,,,,,,,,
production,B_shares,worker33_proposal04,/scratch/td2248/projects/Fertility_Spring26_native_financing_20260919a/utility_overnight_20260923_v1/results/production/B_shares/worker33_proposal04,unrun,,33,4,,,,,,,,,
production,B_shares,worker33_proposal05,/scratch/td2248/projects/Fertility_Spring26_native_financing_20260919a/utility_overnight_20260923_v1/results/production/B_shares/worker33_proposal05,unrun,,33,5,,,,,,,,,
production,B_shares,worker33_proposal06,/scratch/td2248/projects/Fertility_Spring26_native_financing_20260919a/utility_overnight_20260923_v1/results/production/B_shares/worker33_proposal06,unrun,,33,6,,,,,,,,,
production,B_shares,worker33_proposal07,/scratch/td2248/projects/Fertility_Spring26_native_financing_20260919a/utility_overnight_20260923_v1/results/production/B_shares/worker33_proposal07,unrun,,33,7,,,,,,,,,
production,B_shares,worker33_proposal08,/scratch/td2248/projects/Fertility_Spring26_native_financing_20260919a/utility_overnight_20260923_v1/results/production/B_shares/worker33_proposal08,unrun,,33,8,,,,,,,,,
production,B_shares,worker33_proposal09,/scratch/td2248/projects/Fertility_Spring26_native_financing_20260919a/utility_overnight_20260923_v1/results/production/B_shares/worker33_proposal09,unrun,,33,9,,,,,,,,,
production,B_shares,worker33_proposal10,/scratch/td2248/projects/Fertility_Spring26_native_financing_20260919a/utility_overnight_20260923_v1/results/production/B_shares/worker33_proposal10,unrun,,33,10,,,,,,,,,
production,B_shares,worker33_proposal11,/scratch/td2248/projects/Fertility_Spring26_native_financing_20260919a/utility_overnight_20260923_v1/results/production/B_shares/worker33_proposal11,unrun,,33,11,,,,,,,,,
production,B_shares,worker33_proposal12,/scratch/td2248/projects/Fertility_Spring26_native_financing_20260919a/utility_overnight_20260923_v1/results/production/B_shares/worker33_proposal12,unrun,,33,12,,,,,,,,,
production,B_shares,worker33_proposal13,/scratch/td2248/projects/Fertility_Spring26_native_financing_20260919a/utility_overnight_20260923_v1/results/production/B_shares/worker33_proposal13,unrun,,33,13,,,,,,,,,
production,B_shares,worker33_proposal14,/scratch/td2248/projects/Fertility_Spring26_native_financing_20260919a/utility_overnight_20260923_v1/results/production/B_shares/worker33_proposal14,unrun,,33,14,,,,,,,,,
production,B_shares,worker33_proposal15,/scratch/td2248/projects/Fertility_Spring26_native_financing_20260919a/utility_overnight_20260923_v1/results/production/B_shares/worker33_proposal15,unrun,,33,15,,,,,,,,,
production,B_shares,worker33_proposal16,/scratch/td2248/projects/Fertility_Spring26_native_financing_20260919a/utility_overnight_20260923_v1/results/production/B_shares/worker33_proposal16,unrun,,33,16,,,,,,,,,
production,B_shares,worker33_proposal17,/scratch/td2248/projects/Fertility_Spring26_native_financing_20260919a/utility_overnight_20260923_v1/results/production/B_shares/worker33_proposal17,unrun,,33,17,,,,,,,,,
production,B_shares,worker33_proposal18,/scratch/td2248/projects/Fertility_Spring26_native_financing_20260919a/utility_overnight_20260923_v1/results/production/B_shares/worker33_proposal18,unrun,,33,18,,,,,,,,,
production,B_shares,worker34_proposal01,/scratch/td2248/projects/Fertility_Spring26_native_financing_20260919a/utility_overnight_20260923_v1/results/production/B_shares/worker34_proposal01,verified_scored,2192.8087103573594,34,1,6,6,0,/scratch/td2248/projects/Fertility_Spring26_native_financing_20260919a/utility_overnight_20260923_v1/results/production/B_shares/worker34_proposal01/result/evaluation/scored_repetition_01/score.json,552a5599215ff8a66b92028f8e4c1aeb6c45f9c01651e3a49c8ba1f0370b5309,,,,
production,B_shares,worker34_proposal02,/scratch/td2248/projects/Fertility_Spring26_native_financing_20260919a/utility_overnight_20260923_v1/results/production/B_shares/worker34_proposal02,verified_scored,2120.252701851657,34,2,6,6,0,/scratch/td2248/projects/Fertility_Spring26_native_financing_20260919a/utility_overnight_20260923_v1/results/production/B_shares/worker34_proposal02/result/evaluation/scored_repetition_01/score.json,e018938b1429dad1a490870941dc672e24614201f85d850b9274186253c4cbe4,,,,
production,B_shares,worker34_proposal03,/scratch/td2248/projects/Fertility_Spring26_native_financing_20260919a/utility_overnight_20260923_v1/results/production/B_shares/worker34_proposal03,verified_scored,2828.0375280892495,34,3,8,8,0,/scratch/td2248/projects/Fertility_Spring26_native_financing_20260919a/utility_overnight_20260923_v1/results/production/B_shares/worker34_proposal03/result/evaluation/scored_repetition_01/score.json,cce023369c4da5b72e26552ca591624866d86d11f1426f5ae0ccaf90dd919f01,,,,
production,B_shares,worker34_proposal04,/scratch/td2248/projects/Fertility_Spring26_native_financing_20260919a/utility_overnight_20260923_v1/results/production/B_shares/worker34_proposal04,verified_scored,2633.1510945990053,34,4,6,6,0,/scratch/td2248/projects/Fertility_Spring26_native_financing_20260919a/utility_overnight_20260923_v1/results/production/B_shares/worker34_proposal04/result/evaluation/scored_repetition_01/score.json,b87819602f1a781eaa2ae0fa48aeba906c9a2f4d2d0a259dc0e9f8e661fb95f8,,,,
production,B_shares,worker34_proposal05,/scratch/td2248/projects/Fertility_Spring26_native_financing_20260919a/utility_overnight_20260923_v1/results/production/B_shares/worker34_proposal05,verified_scored,2128.1620764022737,34,5,6,6,0,/scratch/td2248/projects/Fertility_Spring26_native_financing_20260919a/utility_overnight_20260923_v1/results/production/B_shares/worker34_proposal05/result/evaluation/scored_repetition_01/score.json,4a611b0d9534aa0663678eee04534f465bab2497c8396c5733525c23e376e079,,,,
production,B_shares,worker34_proposal06,/scratch/td2248/projects/Fertility_Spring26_native_financing_20260919a/utility_overnight_20260923_v1/results/production/B_shares/worker34_proposal06,failed,,34,6,1,0,1,,,fatal contract/code error,,,
production,B_shares,worker34_proposal07,/scratch/td2248/projects/Fertility_Spring26_native_financing_20260919a/utility_overnight_20260923_v1/results/production/B_shares/worker34_proposal07,unrun,,34,7,,,,,,,,,
production,B_shares,worker34_proposal08,/scratch/td2248/projects/Fertility_Spring26_native_financing_20260919a/utility_overnight_20260923_v1/results/production/B_shares/worker34_proposal08,unrun,,34,8,,,,,,,,,
production,B_shares,worker34_proposal09,/scratch/td2248/projects/Fertility_Spring26_native_financing_20260919a/utility_overnight_20260923_v1/results/production/B_shares/worker34_proposal09,unrun,,34,9,,,,,,,,,
production,B_shares,worker34_proposal10,/scratch/td2248/projects/Fertility_Spring26_native_financing_20260919a/utility_overnight_20260923_v1/results/production/B_shares/worker34_proposal10,unrun,,34,10,,,,,,,,,
production,B_shares,worker34_proposal11,/scratch/td2248/projects/Fertility_Spring26_native_financing_20260919a/utility_overnight_20260923_v1/results/production/B_shares/worker34_proposal11,unrun,,34,11,,,,,,,,,
production,B_shares,worker34_proposal12,/scratch/td2248/projects/Fertility_Spring26_native_financing_20260919a/utility_overnight_20260923_v1/results/production/B_shares/worker34_proposal12,unrun,,34,12,,,,,,,,,
production,B_shares,worker34_proposal13,/scratch/td2248/projects/Fertility_Spring26_native_financing_20260919a/utility_overnight_20260923_v1/results/production/B_shares/worker34_proposal13,unrun,,34,13,,,,,,,,,
production,B_shares,worker34_proposal14,/scratch/td2248/projects/Fertility_Spring26_native_financing_20260919a/utility_overnight_20260923_v1/results/production/B_shares/worker34_proposal14,unrun,,34,14,,,,,,,,,
production,B_shares,worker34_proposal15,/scratch/td2248/projects/Fertility_Spring26_native_financing_20260919a/utility_overnight_20260923_v1/results/production/B_shares/worker34_proposal15,unrun,,34,15,,,,,,,,,
production,B_shares,worker34_proposal16,/scratch/td2248/projects/Fertility_Spring26_native_financing_20260919a/utility_overnight_20260923_v1/results/production/B_shares/worker34_proposal16,unrun,,34,16,,,,,,,,,
production,B_shares,worker34_proposal17,/scratch/td2248/projects/Fertility_Spring26_native_financing_20260919a/utility_overnight_20260923_v1/results/production/B_shares/worker34_proposal17,unrun,,34,17,,,,,,,,,
production,B_shares,worker34_proposal18,/scratch/td2248/projects/Fertility_Spring26_native_financing_20260919a/utility_overnight_20260923_v1/results/production/B_shares/worker34_proposal18,unrun,,34,18,,,,,,,,,
production,B_shares,worker35_proposal01,/scratch/td2248/projects/Fertility_Spring26_native_financing_20260919a/utility_overnight_20260923_v1/results/production/B_shares/worker35_proposal01,verified_scored,1243.0137399828295,35,1,6,6,0,/scratch/td2248/projects/Fertility_Spring26_native_financing_20260919a/utility_overnight_20260923_v1/results/production/B_shares/worker35_proposal01/result/evaluation/scored_repetition_01/score.json,696be279ac3959516f9e8fea1e39fb5894a2fa88d394170c0238bb68a0ada7c1,,,,
production,B_shares,worker35_proposal02,/scratch/td2248/projects/Fertility_Spring26_native_financing_20260919a/utility_overnight_20260923_v1/results/production/B_shares/worker35_proposal02,verified_scored,1636.1246959937162,35,2,6,6,0,/scratch/td2248/projects/Fertility_Spring26_native_financing_20260919a/utility_overnight_20260923_v1/results/production/B_shares/worker35_proposal02/result/evaluation/scored_repetition_01/score.json,1d287cad2041e9836c8f117848a658bb0c6a70aa3afb4b93350567a6ba825ecb,,,,
production,B_shares,worker35_proposal03,/scratch/td2248/projects/Fertility_Spring26_native_financing_20260919a/utility_overnight_20260923_v1/results/production/B_shares/worker35_proposal03,failed,,35,3,1,0,1,,,fatal contract/code error,,,
production,B_shares,worker35_proposal04,/scratch/td2248/projects/Fertility_Spring26_native_financing_20260919a/utility_overnight_20260923_v1/results/production/B_shares/worker35_proposal04,unrun,,35,4,,,,,,,,,
production,B_shares,worker35_proposal05,/scratch/td2248/projects/Fertility_Spring26_native_financing_20260919a/utility_overnight_20260923_v1/results/production/B_shares/worker35_proposal05,unrun,,35,5,,,,,,,,,
production,B_shares,worker35_proposal06,/scratch/td2248/projects/Fertility_Spring26_native_financing_20260919a/utility_overnight_20260923_v1/results/production/B_shares/worker35_proposal06,unrun,,35,6,,,,,,,,,
production,B_shares,worker35_proposal07,/scratch/td2248/projects/Fertility_Spring26_native_financing_20260919a/utility_overnight_20260923_v1/results/production/B_shares/worker35_proposal07,unrun,,35,7,,,,,,,,,
production,B_shares,worker35_proposal08,/scratch/td2248/projects/Fertility_Spring26_native_financing_20260919a/utility_overnight_20260923_v1/results/production/B_shares/worker35_proposal08,unrun,,35,8,,,,,,,,,
production,B_shares,worker35_proposal09,/scratch/td2248/projects/Fertility_Spring26_native_financing_20260919a/utility_overnight_20260923_v1/results/production/B_shares/worker35_proposal09,unrun,,35,9,,,,,,,,,
production,B_shares,worker35_proposal10,/scratch/td2248/projects/Fertility_Spring26_native_financing_20260919a/utility_overnight_20260923_v1/results/production/B_shares/worker35_proposal10,unrun,,35,10,,,,,,,,,
production,B_shares,worker35_proposal11,/scratch/td2248/projects/Fertility_Spring26_native_financing_20260919a/utility_overnight_20260923_v1/results/production/B_shares/worker35_proposal11,unrun,,35,11,,,,,,,,,
production,B_shares,worker35_proposal12,/scratch/td2248/projects/Fertility_Spring26_native_financing_20260919a/utility_overnight_20260923_v1/results/production/B_shares/worker35_proposal12,unrun,,35,12,,,,,,,,,
production,B_shares,worker35_proposal13,/scratch/td2248/projects/Fertility_Spring26_native_financing_20260919a/utility_overnight_20260923_v1/results/production/B_shares/worker35_proposal13,unrun,,35,13,,,,,,,,,
production,B_shares,worker35_proposal14,/scratch/td2248/projects/Fertility_Spring26_native_financing_20260919a/utility_overnight_20260923_v1/results/production/B_shares/worker35_proposal14,unrun,,35,14,,,,,,,,,
production,B_shares,worker35_proposal15,/scratch/td2248/projects/Fertility_Spring26_native_financing_20260919a/utility_overnight_20260923_v1/results/production/B_shares/worker35_proposal15,unrun,,35,15,,,,,,,,,
production,B_shares,worker35_proposal16,/scratch/td2248/projects/Fertility_Spring26_native_financing_20260919a/utility_overnight_20260923_v1/results/production/B_shares/worker35_proposal16,unrun,,35,16,,,,,,,,,
production,B_shares,worker35_proposal17,/scratch/td2248/projects/Fertility_Spring26_native_financing_20260919a/utility_overnight_20260923_v1/results/production/B_shares/worker35_proposal17,unrun,,35,17,,,,,,,,,
production,B_shares,worker35_proposal18,/scratch/td2248/projects/Fertility_Spring26_native_financing_20260919a/utility_overnight_20260923_v1/results/production/B_shares/worker35_proposal18,unrun,,35,18,,,,,,,,,
production,B_shares,worker36_proposal01,/scratch/td2248/projects/Fertility_Spring26_native_financing_20260919a/utility_overnight_20260923_v1/results/production/B_shares/worker36_proposal01,failed,,36,1,1,0,1,,,fatal contract/code error,,,
production,B_shares,worker36_proposal02,/scratch/td2248/projects/Fertility_Spring26_native_financing_20260919a/utility_overnight_20260923_v1/results/production/B_shares/worker36_proposal02,unrun,,36,2,,,,,,,,,
production,B_shares,worker36_proposal03,/scratch/td2248/projects/Fertility_Spring26_native_financing_20260919a/utility_overnight_20260923_v1/results/production/B_shares/worker36_proposal03,unrun,,36,3,,,,,,,,,
production,B_shares,worker36_proposal04,/scratch/td2248/projects/Fertility_Spring26_native_financing_20260919a/utility_overnight_20260923_v1/results/production/B_shares/worker36_proposal04,unrun,,36,4,,,,,,,,,
production,B_shares,worker36_proposal05,/scratch/td2248/projects/Fertility_Spring26_native_financing_20260919a/utility_overnight_20260923_v1/results/production/B_shares/worker36_proposal05,unrun,,36,5,,,,,,,,,
production,B_shares,worker36_proposal06,/scratch/td2248/projects/Fertility_Spring26_native_financing_20260919a/utility_overnight_20260923_v1/results/production/B_shares/worker36_proposal06,unrun,,36,6,,,,,,,,,
production,B_shares,worker36_proposal07,/scratch/td2248/projects/Fertility_Spring26_native_financing_20260919a/utility_overnight_20260923_v1/results/production/B_shares/worker36_proposal07,unrun,,36,7,,,,,,,,,
production,B_shares,worker36_proposal08,/scratch/td2248/projects/Fertility_Spring26_native_financing_20260919a/utility_overnight_20260923_v1/results/production/B_shares/worker36_proposal08,unrun,,36,8,,,,,,,,,
production,B_shares,worker36_proposal09,/scratch/td2248/projects/Fertility_Spring26_native_financing_20260919a/utility_overnight_20260923_v1/results/production/B_shares/worker36_proposal09,unrun,,36,9,,,,,,,,,
production,B_shares,worker36_proposal10,/scratch/td2248/projects/Fertility_Spring26_native_financing_20260919a/utility_overnight_20260923_v1/results/production/B_shares/worker36_proposal10,unrun,,36,10,,,,,,,,,
production,B_shares,worker36_proposal11,/scratch/td2248/projects/Fertility_Spring26_native_financing_20260919a/utility_overnight_20260923_v1/results/production/B_shares/worker36_proposal11,unrun,,36,11,,,,,,,,,
production,B_shares,worker36_proposal12,/scratch/td2248/projects/Fertility_Spring26_native_financing_20260919a/utility_overnight_20260923_v1/results/production/B_shares/worker36_proposal12,unrun,,36,12,,,,,,,,,
production,B_shares,worker36_proposal13,/scratch/td2248/projects/Fertility_Spring26_native_financing_20260919a/utility_overnight_20260923_v1/results/production/B_shares/worker36_proposal13,unrun,,36,13,,,,,,,,,
production,B_shares,worker36_proposal14,/scratch/td2248/projects/Fertility_Spring26_native_financing_20260919a/utility_overnight_20260923_v1/results/production/B_shares/worker36_proposal14,unrun,,36,14,,,,,,,,,
production,B_shares,worker36_proposal15,/scratch/td2248/projects/Fertility_Spring26_native_financing_20260919a/utility_overnight_20260923_v1/results/production/B_shares/worker36_proposal15,unrun,,36,15,,,,,,,,,
production,B_shares,worker36_proposal16,/scratch/td2248/projects/Fertility_Spring26_native_financing_20260919a/utility_overnight_20260923_v1/results/production/B_shares/worker36_proposal16,unrun,,36,16,,,,,,,,,
production,B_shares,worker36_proposal17,/scratch/td2248/projects/Fertility_Spring26_native_financing_20260919a/utility_overnight_20260923_v1/results/production/B_shares/worker36_proposal17,unrun,,36,17,,,,,,,,,
production,B_shares,worker36_proposal18,/scratch/td2248/projects/Fertility_Spring26_native_financing_20260919a/utility_overnight_20260923_v1/results/production/B_shares/worker36_proposal18,unrun,,36,18,,,,,,,,,
production,D_floor,worker37_proposal01,/scratch/td2248/projects/Fertility_Spring26_native_financing_20260919a/utility_overnight_20260923_v1/results/production/D_floor/worker37_proposal01,verified_scored,586.9012245870538,37,1,6,6,0,/scratch/td2248/projects/Fertility_Spring26_native_financing_20260919a/utility_overnight_20260923_v1/results/production/D_floor/worker37_proposal01/result/evaluation/scored_repetition_01/score.json,61c1bda2942ef5bd3b0141dd4727cdd11a4bf88e17ef35096dd12b045418cb1d,,,,
production,D_floor,worker37_proposal02,/scratch/td2248/projects/Fertility_Spring26_native_financing_20260919a/utility_overnight_20260923_v1/results/production/D_floor/worker37_proposal02,verified_scored,530.9928615656884,37,2,4,4,0,/scratch/td2248/projects/Fertility_Spring26_native_financing_20260919a/utility_overnight_20260923_v1/results/production/D_floor/worker37_proposal02/result/evaluation/scored_repetition_01/score.json,b42fc1a32ab3c76721f35b119d375bd14ef1963e24715d4002f17aebec0e1e7f,,,,
production,D_floor,worker37_proposal03,/scratch/td2248/projects/Fertility_Spring26_native_financing_20260919a/utility_overnight_20260923_v1/results/production/D_floor/worker37_proposal03,verified_scored,773.7867144996019,37,3,6,6,0,/scratch/td2248/projects/Fertility_Spring26_native_financing_20260919a/utility_overnight_20260923_v1/results/production/D_floor/worker37_proposal03/result/evaluation/scored_repetition_01/score.json,7e16456762ef75954de4bb7fb870db53f680a6d7f37a788b77e6155a47173d06,,,,
production,D_floor,worker37_proposal04,/scratch/td2248/projects/Fertility_Spring26_native_financing_20260919a/utility_overnight_20260923_v1/results/production/D_floor/worker37_proposal04,verified_scored,520.9011992254007,37,4,4,4,0,/scratch/td2248/projects/Fertility_Spring26_native_financing_20260919a/utility_overnight_20260923_v1/results/production/D_floor/worker37_proposal04/result/evaluation/scored_repetition_01/score.json,1a4d15ef02b82d43735689405b4b7feb3536ed19a43d7c6d00af1c9c7a1d4b63,,,,
production,D_floor,worker37_proposal05,/scratch/td2248/projects/Fertility_Spring26_native_financing_20260919a/utility_overnight_20260923_v1/results/production/D_floor/worker37_proposal05,verified_scored,505.6915027220009,37,5,4,4,0,/scratch/td2248/projects/Fertility_Spring26_native_financing_20260919a/utility_overnight_20260923_v1/results/production/D_floor/worker37_proposal05/result/evaluation/scored_repetition_01/score.json,085761930b6c80be08d7c1a24e32a7ce3b60148be91961bf1056c3e6173c8958,,,,
production,D_floor,worker37_proposal06,/scratch/td2248/projects/Fertility_Spring26_native_financing_20260919a/utility_overnight_20260923_v1/results/production/D_floor/worker37_proposal06,verified_scored,654.2875789856089,37,6,6,6,0,/scratch/td2248/projects/Fertility_Spring26_native_financing_20260919a/utility_overnight_20260923_v1/results/production/D_floor/worker37_proposal06/result/evaluation/scored_repetition_01/score.json,90e8b4c221318e841e722de3d7d98c96ec4944092e1bcd3ce614e77e2f739268,,,,
production,D_floor,worker37_proposal07,/scratch/td2248/projects/Fertility_Spring26_native_financing_20260919a/utility_overnight_20260923_v1/results/production/D_floor/worker37_proposal07,verified_scored,723.5718827856863,37,7,4,4,0,/scratch/td2248/projects/Fertility_Spring26_native_financing_20260919a/utility_overnight_20260923_v1/results/production/D_floor/worker37_proposal07/result/evaluation/scored_repetition_01/score.json,c2297cdecba2c8363da74853e13660d2d6698babf89baf3f2c35634865ef2093,,,,
production,D_floor,worker37_proposal08,/scratch/td2248/projects/Fertility_Spring26_native_financing_20260919a/utility_overnight_20260923_v1/results/production/D_floor/worker37_proposal08,verified_scored,496.560484978098,37,8,4,4,0,/scratch/td2248/projects/Fertility_Spring26_native_financing_20260919a/utility_overnight_20260923_v1/results/production/D_floor/worker37_proposal08/result/evaluation/scored_repetition_01/score.json,93b36cdb0aec4c3b9c94d879b57373bc0b2b0bb9f8ac16474bca79c1d5863231,,,,
production,D_floor,worker37_proposal09,/scratch/td2248/projects/Fertility_Spring26_native_financing_20260919a/utility_overnight_20260923_v1/results/production/D_floor/worker37_proposal09,verified_scored,505.8914778864948,37,9,5,5,0,/scratch/td2248/projects/Fertility_Spring26_native_financing_20260919a/utility_overnight_20260923_v1/results/production/D_floor/worker37_proposal09/result/evaluation/scored_repetition_01/score.json,ff0620554374c88e44aa9fa4e8ff87c36b52541e3df98f2b23483f6983748ee6,,,,
production,D_floor,worker37_proposal10,/scratch/td2248/projects/Fertility_Spring26_native_financing_20260919a/utility_overnight_20260923_v1/results/production/D_floor/worker37_proposal10,verified_scored,476.2955265891975,37,10,4,4,0,/scratch/td2248/projects/Fertility_Spring26_native_financing_20260919a/utility_overnight_20260923_v1/results/production/D_floor/worker37_proposal10/result/evaluation/scored_repetition_01/score.json,368bd6e7334f818db420e0dbad84bdef789eb19d93f714c363e8a0cad7a3643f,,,,
production,D_floor,worker37_proposal11,/scratch/td2248/projects/Fertility_Spring26_native_financing_20260919a/utility_overnight_20260923_v1/results/production/D_floor/worker37_proposal11,verified_scored,475.4436001714851,37,11,5,5,0,/scratch/td2248/projects/Fertility_Spring26_native_financing_20260919a/utility_overnight_20260923_v1/results/production/D_floor/worker37_proposal11/result/evaluation/scored_repetition_01/score.json,ef0b7f4cc4e479193555f457d806ed1e1e96ee860370850f82c88719ba99b0e8,,,,
production,D_floor,worker37_proposal12,/scratch/td2248/projects/Fertility_Spring26_native_financing_20260919a/utility_overnight_20260923_v1/results/production/D_floor/worker37_proposal12,verified_scored,769.1287642098328,37,12,6,6,0,/scratch/td2248/projects/Fertility_Spring26_native_financing_20260919a/utility_overnight_20260923_v1/results/production/D_floor/worker37_proposal12/result/evaluation/scored_repetition_01/score.json,da36180f4315963cf508a9c83b34d688513c71dbbf144da5eb43419ec5034496,,,,
production,D_floor,worker37_proposal13,/scratch/td2248/projects/Fertility_Spring26_native_financing_20260919a/utility_overnight_20260923_v1/results/production/D_floor/worker37_proposal13,verified_scored,551.1634856347406,37,13,5,5,0,/scratch/td2248/projects/Fertility_Spring26_native_financing_20260919a/utility_overnight_20260923_v1/results/production/D_floor/worker37_proposal13/result/evaluation/scored_repetition_01/score.json,ab8caa64965ac2f3460a63d277a94975b7393d6b081661eccefb52c686416085,,,,
production,D_floor,worker37_proposal14,/scratch/td2248/projects/Fertility_Spring26_native_financing_20260919a/utility_overnight_20260923_v1/results/production/D_floor/worker37_proposal14,verified_scored,477.72098645112965,37,14,5,5,0,/scratch/td2248/projects/Fertility_Spring26_native_financing_20260919a/utility_overnight_20260923_v1/results/production/D_floor/worker37_proposal14/result/evaluation/scored_repetition_01/score.json,f6569cc756b6e9f4328387698592429f26b643898741fed2ed95852187e9498a,,,,
production,D_floor,worker37_proposal15,/scratch/td2248/projects/Fertility_Spring26_native_financing_20260919a/utility_overnight_20260923_v1/results/production/D_floor/worker37_proposal15,verified_scored,457.8598557188301,37,15,5,5,0,/scratch/td2248/projects/Fertility_Spring26_native_financing_20260919a/utility_overnight_20260923_v1/results/production/D_floor/worker37_proposal15/result/evaluation/scored_repetition_01/score.json,f4cffba19fd9601cc5bad971a3e85fe1fccdbc64ef2dff2251ae3bb66437a7c9,,,,
production,D_floor,worker37_proposal16,/scratch/td2248/projects/Fertility_Spring26_native_financing_20260919a/utility_overnight_20260923_v1/results/production/D_floor/worker37_proposal16,verified_scored,598.1847074596494,37,16,5,5,0,/scratch/td2248/projects/Fertility_Spring26_native_financing_20260919a/utility_overnight_20260923_v1/results/production/D_floor/worker37_proposal16/result/evaluation/scored_repetition_01/score.json,e457a78b04e5a75b0007322f0269e8ac396d375809739c4994c7f3ea4c155746,,,,
production,D_floor,worker37_proposal17,/scratch/td2248/projects/Fertility_Spring26_native_financing_20260919a/utility_overnight_20260923_v1/results/production/D_floor/worker37_proposal17,verified_scored,416.48144430587246,37,17,4,4,0,/scratch/td2248/projects/Fertility_Spring26_native_financing_20260919a/utility_overnight_20260923_v1/results/production/D_floor/worker37_proposal17/result/evaluation/scored_repetition_01/score.json,e4afbe7ca2197c5ea8f2dbde2ccaf0bdde9a286932818c2466eb186f48b467ae,,,,
production,D_floor,worker37_proposal18,/scratch/td2248/projects/Fertility_Spring26_native_financing_20260919a/utility_overnight_20260923_v1/results/production/D_floor/worker37_proposal18,verified_scored,584.8566837778718,37,18,6,6,0,/scratch/td2248/projects/Fertility_Spring26_native_financing_20260919a/utility_overnight_20260923_v1/results/production/D_floor/worker37_proposal18/result/evaluation/scored_repetition_01/score.json,5b4ab28b9d158c206da9a0ffc445a29b703097b756045735d8b9765eee9419ee,,,,
production,D_floor,worker38_proposal01,/scratch/td2248/projects/Fertility_Spring26_native_financing_20260919a/utility_overnight_20260923_v1/results/production/D_floor/worker38_proposal01,verified_scored,595.4036897850367,38,1,6,6,0,/scratch/td2248/projects/Fertility_Spring26_native_financing_20260919a/utility_overnight_20260923_v1/results/production/D_floor/worker38_proposal01/result/evaluation/scored_repetition_01/score.json,864ab558b3ed89fea33ef830ef7715f4d998e142af14ceb2926bc3659e23d60f,,,,
production,D_floor,worker38_proposal02,/scratch/td2248/projects/Fertility_Spring26_native_financing_20260919a/utility_overnight_20260923_v1/results/production/D_floor/worker38_proposal02,verified_scored,1142.4963894659368,38,2,4,4,0,/scratch/td2248/projects/Fertility_Spring26_native_financing_20260919a/utility_overnight_20260923_v1/results/production/D_floor/worker38_proposal02/result/evaluation/scored_repetition_01/score.json,af45fae4ee0f095c317839ab0b9da8a950676cdc6b7021ce0ce331d56296f500,,,,
production,D_floor,worker38_proposal03,/scratch/td2248/projects/Fertility_Spring26_native_financing_20260919a/utility_overnight_20260923_v1/results/production/D_floor/worker38_proposal03,verified_scored,3390.452510940446,38,3,7,7,0,/scratch/td2248/projects/Fertility_Spring26_native_financing_20260919a/utility_overnight_20260923_v1/results/production/D_floor/worker38_proposal03/result/evaluation/scored_repetition_01/score.json,fed662e581ba5c5ef5598fb16c0c3169852c3a94346bb820d32e44053f2b28f6,,,,
production,D_floor,worker38_proposal04,/scratch/td2248/projects/Fertility_Spring26_native_financing_20260919a/utility_overnight_20260923_v1/results/production/D_floor/worker38_proposal04,verified_scored,2323.3471497827404,38,4,6,6,0,/scratch/td2248/projects/Fertility_Spring26_native_financing_20260919a/utility_overnight_20260923_v1/results/production/D_floor/worker38_proposal04/result/evaluation/scored_repetition_01/score.json,b477a28323252f16213287cff2adcbba4b74367ea4e9fad834dffc74a3c113cf,,,,
production,D_floor,worker38_proposal05,/scratch/td2248/projects/Fertility_Spring26_native_financing_20260919a/utility_overnight_20260923_v1/results/production/D_floor/worker38_proposal05,verified_scored,579.4186915675546,38,5,6,6,0,/scratch/td2248/projects/Fertility_Spring26_native_financing_20260919a/utility_overnight_20260923_v1/results/production/D_floor/worker38_proposal05/result/evaluation/scored_repetition_01/score.json,7d7f21e6d82a1858fba99eda7b076b753c854db3376a679f793238da78aee6d1,,,,
production,D_floor,worker38_proposal06,/scratch/td2248/projects/Fertility_Spring26_native_financing_20260919a/utility_overnight_20260923_v1/results/production/D_floor/worker38_proposal06,verified_scored,598.4165739511088,38,6,5,5,0,/scratch/td2248/projects/Fertility_Spring26_native_financing_20260919a/utility_overnight_20260923_v1/results/production/D_floor/worker38_proposal06/result/evaluation/scored_repetition_01/score.json,31e8c35fc5236b3a5d16c68b40e6c223aa6d3510c88b3073d1e7a68ec794b35c,,,,
production,D_floor,worker38_proposal07,/scratch/td2248/projects/Fertility_Spring26_native_financing_20260919a/utility_overnight_20260923_v1/results/production/D_floor/worker38_proposal07,verified_scored,569.5940918759111,38,7,6,6,0,/scratch/td2248/projects/Fertility_Spring26_native_financing_20260919a/utility_overnight_20260923_v1/results/production/D_floor/worker38_proposal07/result/evaluation/scored_repetition_01/score.json,5371928b64a16474266c6e860e94e6ec82bab6abaf1e308c12cf4499506f1b01,,,,
production,D_floor,worker38_proposal08,/scratch/td2248/projects/Fertility_Spring26_native_financing_20260919a/utility_overnight_20260923_v1/results/production/D_floor/worker38_proposal08,verified_scored,686.1355626936986,38,8,6,6,0,/scratch/td2248/projects/Fertility_Spring26_native_financing_20260919a/utility_overnight_20260923_v1/results/production/D_floor/worker38_proposal08/result/evaluation/scored_repetition_01/score.json,0cb9ebbd61a48ca10fc054cdf6076053bdab26a8d21df60a0992ba24f2b8e7c9,,,,
production,D_floor,worker38_proposal09,/scratch/td2248/projects/Fertility_Spring26_native_financing_20260919a/utility_overnight_20260923_v1/results/production/D_floor/worker38_proposal09,verified_scored,968.7312959105383,38,9,5,5,0,/scratch/td2248/projects/Fertility_Spring26_native_financing_20260919a/utility_overnight_20260923_v1/results/production/D_floor/worker38_proposal09/result/evaluation/scored_repetition_01/score.json,ba368d3001b17151605c71bde842b6da4f54a08a5de417f2970c5afb848e7e71,,,,
production,D_floor,worker38_proposal10,/scratch/td2248/projects/Fertility_Spring26_native_financing_20260919a/utility_overnight_20260923_v1/results/production/D_floor/worker38_proposal10,verified_scored,555.5912858969549,38,10,6,6,0,/scratch/td2248/projects/Fertility_Spring26_native_financing_20260919a/utility_overnight_20260923_v1/results/production/D_floor/worker38_proposal10/result/evaluation/scored_repetition_01/score.json,f544eab39ed843a93b7fccc1f970650ba6ac913f607466d97446edf22ca36e50,,,,
production,D_floor,worker38_proposal11,/scratch/td2248/projects/Fertility_Spring26_native_financing_20260919a/utility_overnight_20260923_v1/results/production/D_floor/worker38_proposal11,verified_scored,512.0746271567364,38,11,6,6,0,/scratch/td2248/projects/Fertility_Spring26_native_financing_20260919a/utility_overnight_20260923_v1/results/production/D_floor/worker38_proposal11/result/evaluation/scored_repetition_01/score.json,72698bf2b5c43610f44e2b331db68bb14f1023060fea410f09e515e1803522bc,,,,
production,D_floor,worker38_proposal12,/scratch/td2248/projects/Fertility_Spring26_native_financing_20260919a/utility_overnight_20260923_v1/results/production/D_floor/worker38_proposal12,verified_scored,758.199313788361,38,12,5,5,0,/scratch/td2248/projects/Fertility_Spring26_native_financing_20260919a/utility_overnight_20260923_v1/results/production/D_floor/worker38_proposal12/result/evaluation/scored_repetition_01/score.json,bb67de9af11f3fb571b05ecc622e2b7cf80554a725853e64003e8f818d22c662,,,,
production,D_floor,worker38_proposal13,/scratch/td2248/projects/Fertility_Spring26_native_financing_20260919a/utility_overnight_20260923_v1/results/production/D_floor/worker38_proposal13,verified_scored,805.042456474032,38,13,6,6,0,/scratch/td2248/projects/Fertility_Spring26_native_financing_20260919a/utility_overnight_20260923_v1/results/production/D_floor/worker38_proposal13/result/evaluation/scored_repetition_01/score.json,e8e18162da6dcc5c3903bc240f25dfec525fa30515b84dc14b6d036424393224,,,,
production,D_floor,worker38_proposal14,/scratch/td2248/projects/Fertility_Spring26_native_financing_20260919a/utility_overnight_20260923_v1/results/production/D_floor/worker38_proposal14,verified_scored,1135.2186289636127,38,14,5,5,0,/scratch/td2248/projects/Fertility_Spring26_native_financing_20260919a/utility_overnight_20260923_v1/results/production/D_floor/worker38_proposal14/result/evaluation/scored_repetition_01/score.json,91dec7f6d4cb380f432f55a975a39a159288bdc0058abde52483e2191846584d,,,,
production,D_floor,worker38_proposal15,/scratch/td2248/projects/Fertility_Spring26_native_financing_20260919a/utility_overnight_20260923_v1/results/production/D_floor/worker38_proposal15,unrun,,38,15,,,,,,,,,
production,D_floor,worker38_proposal16,/scratch/td2248/projects/Fertility_Spring26_native_financing_20260919a/utility_overnight_20260923_v1/results/production/D_floor/worker38_proposal16,unrun,,38,16,,,,,,,,,
production,D_floor,worker38_proposal17,/scratch/td2248/projects/Fertility_Spring26_native_financing_20260919a/utility_overnight_20260923_v1/results/production/D_floor/worker38_proposal17,unrun,,38,17,,,,,,,,,
production,D_floor,worker38_proposal18,/scratch/td2248/projects/Fertility_Spring26_native_financing_20260919a/utility_overnight_20260923_v1/results/production/D_floor/worker38_proposal18,unrun,,38,18,,,,,,,,,
production,D_shares,worker39_proposal01,/scratch/td2248/projects/Fertility_Spring26_native_financing_20260919a/utility_overnight_20260923_v1/results/production/D_shares/worker39_proposal01,verified_scored,1717.323897501729,39,1,6,6,0,/scratch/td2248/projects/Fertility_Spring26_native_financing_20260919a/utility_overnight_20260923_v1/results/production/D_shares/worker39_proposal01/result/evaluation/scored_repetition_01/score.json,e834e8ac6ea598cbde5280e47527d778fb23954345df8498484f4b827035bc78,,,,
production,D_shares,worker39_proposal02,/scratch/td2248/projects/Fertility_Spring26_native_financing_20260919a/utility_overnight_20260923_v1/results/production/D_shares/worker39_proposal02,verified_scored,1653.202933820554,39,2,7,7,0,/scratch/td2248/projects/Fertility_Spring26_native_financing_20260919a/utility_overnight_20260923_v1/results/production/D_shares/worker39_proposal02/result/evaluation/scored_repetition_01/score.json,b72f8cf025b01fe982d87b7d4d0edeb96c93ba049fd37fd29fd8abbcc19bad97,,,,
production,D_shares,worker39_proposal03,/scratch/td2248/projects/Fertility_Spring26_native_financing_20260919a/utility_overnight_20260923_v1/results/production/D_shares/worker39_proposal03,verified_scored,1887.7639793693843,39,3,7,7,0,/scratch/td2248/projects/Fertility_Spring26_native_financing_20260919a/utility_overnight_20260923_v1/results/production/D_shares/worker39_proposal03/result/evaluation/scored_repetition_01/score.json,b4f1b952213dd2c4a46edec7eee987af8efebb463947ce6018e7d4d96caa1b38,,,,
production,D_shares,worker39_proposal04,/scratch/td2248/projects/Fertility_Spring26_native_financing_20260919a/utility_overnight_20260923_v1/results/production/D_shares/worker39_proposal04,verified_scored,1739.8445932860159,39,4,7,7,0,/scratch/td2248/projects/Fertility_Spring26_native_financing_20260919a/utility_overnight_20260923_v1/results/production/D_shares/worker39_proposal04/result/evaluation/scored_repetition_01/score.json,024c0ff3cfa96128b1c0bad6a02f7f3347e624e692f76f79becf5c0cbb605571,,,,
production,D_shares,worker39_proposal05,/scratch/td2248/projects/Fertility_Spring26_native_financing_20260919a/utility_overnight_20260923_v1/results/production/D_shares/worker39_proposal05,verified_scored,1644.5502224998,39,5,7,7,0,/scratch/td2248/projects/Fertility_Spring26_native_financing_20260919a/utility_overnight_20260923_v1/results/production/D_shares/worker39_proposal05/result/evaluation/scored_repetition_01/score.json,6f085c61c6e78ad690c2bcc8e135915ee7dffb9312f575d02b959892d497bd85,,,,
production,D_shares,worker39_proposal06,/scratch/td2248/projects/Fertility_Spring26_native_financing_20260919a/utility_overnight_20260923_v1/results/production/D_shares/worker39_proposal06,verified_scored,1638.9519646242961,39,6,6,6,0,/scratch/td2248/projects/Fertility_Spring26_native_financing_20260919a/utility_overnight_20260923_v1/results/production/D_shares/worker39_proposal06/result/evaluation/scored_repetition_01/score.json,4780f833aec64412d1179248847ea0711b18cd2433def7bc19ef592905d61283,,,,
production,D_shares,worker39_proposal07,/scratch/td2248/projects/Fertility_Spring26_native_financing_20260919a/utility_overnight_20260923_v1/results/production/D_shares/worker39_proposal07,verified_scored,1789.8950146044317,39,7,6,6,0,/scratch/td2248/projects/Fertility_Spring26_native_financing_20260919a/utility_overnight_20260923_v1/results/production/D_shares/worker39_proposal07/result/evaluation/scored_repetition_01/score.json,861a879dbb9ff7d6beced5d7f2e0c52cee39b63cb57c56d9a5f7a5599032e18e,,,,
production,D_shares,worker39_proposal08,/scratch/td2248/projects/Fertility_Spring26_native_financing_20260919a/utility_overnight_20260923_v1/results/production/D_shares/worker39_proposal08,verified_scored,1691.8524506584388,39,8,6,6,0,/scratch/td2248/projects/Fertility_Spring26_native_financing_20260919a/utility_overnight_20260923_v1/results/production/D_shares/worker39_proposal08/result/evaluation/scored_repetition_01/score.json,f5c5b93bf2aa83b62511e181df2df0e952d83df6fb0367fe4535376e2d177365,,,,
production,D_shares,worker39_proposal09,/scratch/td2248/projects/Fertility_Spring26_native_financing_20260919a/utility_overnight_20260923_v1/results/production/D_shares/worker39_proposal09,verified_scored,1674.0690440814192,39,9,7,7,0,/scratch/td2248/projects/Fertility_Spring26_native_financing_20260919a/utility_overnight_20260923_v1/results/production/D_shares/worker39_proposal09/result/evaluation/scored_repetition_01/score.json,a3418a34cfb5147b642266a0f0e86b1f06c8107d286f4c6826a01820e5e39897,,,,
production,D_shares,worker39_proposal10,/scratch/td2248/projects/Fertility_Spring26_native_financing_20260919a/utility_overnight_20260923_v1/results/production/D_shares/worker39_proposal10,verified_scored,1593.5896808075913,39,10,6,6,0,/scratch/td2248/projects/Fertility_Spring26_native_financing_20260919a/utility_overnight_20260923_v1/results/production/D_shares/worker39_proposal10/result/evaluation/scored_repetition_01/score.json,8f39e8145e69b542e7a1a843678190f647dc1214b0bdf23a703e388ed8b4966c,,,,
production,D_shares,worker39_proposal11,/scratch/td2248/projects/Fertility_Spring26_native_financing_20260919a/utility_overnight_20260923_v1/results/production/D_shares/worker39_proposal11,verified_scored,1589.8154809498315,39,11,6,6,0,/scratch/td2248/projects/Fertility_Spring26_native_financing_20260919a/utility_overnight_20260923_v1/results/production/D_shares/worker39_proposal11/result/evaluation/scored_repetition_01/score.json,9195ea5d7d80bc1d6aac1c188a06cb577f6a2375731fbb3c60ec92a53b1b3e6b,,,,
production,D_shares,worker39_proposal12,/scratch/td2248/projects/Fertility_Spring26_native_financing_20260919a/utility_overnight_20260923_v1/results/production/D_shares/worker39_proposal12,verified_scored,1859.6736685315118,39,12,6,6,0,/scratch/td2248/projects/Fertility_Spring26_native_financing_20260919a/utility_overnight_20260923_v1/results/production/D_shares/worker39_proposal12/result/evaluation/scored_repetition_01/score.json,a4500dc256b7a40b1f51cf97040f9cf0f704e139f6f12b59e3e57c7133cfe3c0,,,,
production,D_shares,worker39_proposal13,/scratch/td2248/projects/Fertility_Spring26_native_financing_20260919a/utility_overnight_20260923_v1/results/production/D_shares/worker39_proposal13,verified_scored,1525.0727670728459,39,13,6,6,0,/scratch/td2248/projects/Fertility_Spring26_native_financing_20260919a/utility_overnight_20260923_v1/results/production/D_shares/worker39_proposal13/result/evaluation/scored_repetition_01/score.json,b36fdae0d5d55c20b454cb9b07c791a4c31373d1427228734b52ac11e37bd6c2,,,,
production,D_shares,worker39_proposal14,/scratch/td2248/projects/Fertility_Spring26_native_financing_20260919a/utility_overnight_20260923_v1/results/production/D_shares/worker39_proposal14,verified_scored,1581.7486510346425,39,14,6,6,0,/scratch/td2248/projects/Fertility_Spring26_native_financing_20260919a/utility_overnight_20260923_v1/results/production/D_shares/worker39_proposal14/result/evaluation/scored_repetition_01/score.json,3a7af67e13e84f4dc2d879cc03f67d2b56219ae102305aec196e68de1a379a79,,,,
production,D_shares,worker39_proposal15,/scratch/td2248/projects/Fertility_Spring26_native_financing_20260919a/utility_overnight_20260923_v1/results/production/D_shares/worker39_proposal15,verified_scored,1543.1142610742102,39,15,6,6,0,/scratch/td2248/projects/Fertility_Spring26_native_financing_20260919a/utility_overnight_20260923_v1/results/production/D_shares/worker39_proposal15/result/evaluation/scored_repetition_01/score.json,e4d9bb4b32415949f995c9277f36e79d0c076c411de60ee755cf70904a84912d,,,,
production,D_shares,worker39_proposal16,/scratch/td2248/projects/Fertility_Spring26_native_financing_20260919a/utility_overnight_20260923_v1/results/production/D_shares/worker39_proposal16,verified_scored,1600.8599911617403,39,16,6,6,0,/scratch/td2248/projects/Fertility_Spring26_native_financing_20260919a/utility_overnight_20260923_v1/results/production/D_shares/worker39_proposal16/result/evaluation/scored_repetition_01/score.json,37fd8f107ff41c4fd055ed7fb65edbe9a9c9c6e5d5ed1001b42fd305030d7d0a,,,,
production,D_shares,worker39_proposal17,/scratch/td2248/projects/Fertility_Spring26_native_financing_20260919a/utility_overnight_20260923_v1/results/production/D_shares/worker39_proposal17,verified_scored,1642.1485215200337,39,17,6,6,0,/scratch/td2248/projects/Fertility_Spring26_native_financing_20260919a/utility_overnight_20260923_v1/results/production/D_shares/worker39_proposal17/result/evaluation/scored_repetition_01/score.json,ab6f7c1ee8d3791e1bd0c7d4d3b0b362715dc2fb0cf391e55c64e7c10162e783,,,,
production,D_shares,worker39_proposal18,/scratch/td2248/projects/Fertility_Spring26_native_financing_20260919a/utility_overnight_20260923_v1/results/production/D_shares/worker39_proposal18,verified_scored,1524.038170288845,39,18,6,6,0,/scratch/td2248/projects/Fertility_Spring26_native_financing_20260919a/utility_overnight_20260923_v1/results/production/D_shares/worker39_proposal18/result/evaluation/scored_repetition_01/score.json,a195eef80e565dbf3ca0b65bd56ffc1ecdc9ba24a39118eb1b3855c2286bc2e9,,,,
production,D_shares,worker40_proposal01,/scratch/td2248/projects/Fertility_Spring26_native_financing_20260919a/utility_overnight_20260923_v1/results/production/D_shares/worker40_proposal01,verified_scored,1624.4785303117628,40,1,6,6,0,/scratch/td2248/projects/Fertility_Spring26_native_financing_20260919a/utility_overnight_20260923_v1/results/production/D_shares/worker40_proposal01/result/evaluation/scored_repetition_01/score.json,3a0b91d428a6378bb6f4ad4ad55155a5a76b7dd132eeda78889f9ae9d856ca66,,,,
production,D_shares,worker40_proposal02,/scratch/td2248/projects/Fertility_Spring26_native_financing_20260919a/utility_overnight_20260923_v1/results/production/D_shares/worker40_proposal02,verified_scored,2120.6186626645963,40,2,6,6,0,/scratch/td2248/projects/Fertility_Spring26_native_financing_20260919a/utility_overnight_20260923_v1/results/production/D_shares/worker40_proposal02/result/evaluation/scored_repetition_01/score.json,8e24bc36be31387cd1868fc4b02907106cc928e183465183fcf66eb98f0f4bb1,,,,
production,D_shares,worker40_proposal03,/scratch/td2248/projects/Fertility_Spring26_native_financing_20260919a/utility_overnight_20260923_v1/results/production/D_shares/worker40_proposal03,verified_scored,1580.8557377644026,40,3,5,5,0,/scratch/td2248/projects/Fertility_Spring26_native_financing_20260919a/utility_overnight_20260923_v1/results/production/D_shares/worker40_proposal03/result/evaluation/scored_repetition_01/score.json,163b8edcc38ef973d666345bbad26bf35f9860dad4c8ae4d4aea00de5647c9bb,,,,
production,D_shares,worker40_proposal04,/scratch/td2248/projects/Fertility_Spring26_native_financing_20260919a/utility_overnight_20260923_v1/results/production/D_shares/worker40_proposal04,failed,,40,4,1,0,1,,,fatal contract/code error,,,
production,D_shares,worker40_proposal05,/scratch/td2248/projects/Fertility_Spring26_native_financing_20260919a/utility_overnight_20260923_v1/results/production/D_shares/worker40_proposal05,unrun,,40,5,,,,,,,,,
production,D_shares,worker40_proposal06,/scratch/td2248/projects/Fertility_Spring26_native_financing_20260919a/utility_overnight_20260923_v1/results/production/D_shares/worker40_proposal06,unrun,,40,6,,,,,,,,,
production,D_shares,worker40_proposal07,/scratch/td2248/projects/Fertility_Spring26_native_financing_20260919a/utility_overnight_20260923_v1/results/production/D_shares/worker40_proposal07,unrun,,40,7,,,,,,,,,
production,D_shares,worker40_proposal08,/scratch/td2248/projects/Fertility_Spring26_native_financing_20260919a/utility_overnight_20260923_v1/results/production/D_shares/worker40_proposal08,unrun,,40,8,,,,,,,,,
production,D_shares,worker40_proposal09,/scratch/td2248/projects/Fertility_Spring26_native_financing_20260919a/utility_overnight_20260923_v1/results/production/D_shares/worker40_proposal09,unrun,,40,9,,,,,,,,,
production,D_shares,worker40_proposal10,/scratch/td2248/projects/Fertility_Spring26_native_financing_20260919a/utility_overnight_20260923_v1/results/production/D_shares/worker40_proposal10,unrun,,40,10,,,,,,,,,
production,D_shares,worker40_proposal11,/scratch/td2248/projects/Fertility_Spring26_native_financing_20260919a/utility_overnight_20260923_v1/results/production/D_shares/worker40_proposal11,unrun,,40,11,,,,,,,,,
production,D_shares,worker40_proposal12,/scratch/td2248/projects/Fertility_Spring26_native_financing_20260919a/utility_overnight_20260923_v1/results/production/D_shares/worker40_proposal12,unrun,,40,12,,,,,,,,,
production,D_shares,worker40_proposal13,/scratch/td2248/projects/Fertility_Spring26_native_financing_20260919a/utility_overnight_20260923_v1/results/production/D_shares/worker40_proposal13,unrun,,40,13,,,,,,,,,
production,D_shares,worker40_proposal14,/scratch/td2248/projects/Fertility_Spring26_native_financing_20260919a/utility_overnight_20260923_v1/results/production/D_shares/worker40_proposal14,unrun,,40,14,,,,,,,,,
production,D_shares,worker40_proposal15,/scratch/td2248/projects/Fertility_Spring26_native_financing_20260919a/utility_overnight_20260923_v1/results/production/D_shares/worker40_proposal15,unrun,,40,15,,,,,,,,,
production,D_shares,worker40_proposal16,/scratch/td2248/projects/Fertility_Spring26_native_financing_20260919a/utility_overnight_20260923_v1/results/production/D_shares/worker40_proposal16,unrun,,40,16,,,,,,,,,
production,D_shares,worker40_proposal17,/scratch/td2248/projects/Fertility_Spring26_native_financing_20260919a/utility_overnight_20260923_v1/results/production/D_shares/worker40_proposal17,unrun,,40,17,,,,,,,,,
production,D_shares,worker40_proposal18,/scratch/td2248/projects/Fertility_Spring26_native_financing_20260919a/utility_overnight_20260923_v1/results/production/D_shares/worker40_proposal18,unrun,,40,18,,,,,,,,,
smoke,B_floor,smoke_01,/scratch/td2248/projects/Fertility_Spring26_native_financing_20260919a/utility_overnight_20260923_v1/results/smoke/B_floor/smoke_01,verified_scored,949.9073897987362,,,6,6,0,/scratch/td2248/projects/Fertility_Spring26_native_financing_20260919a/utility_overnight_20260923_v1/results/smoke/B_floor/smoke_01/result/evaluation/scored_repetition_01/score.json,f94c56cdac20508a83a9ce072b9134db860656f43d024786e8e5b323a1a4fd2f,,1,True,
smoke,B_floor,smoke_02,/scratch/td2248/projects/Fertility_Spring26_native_financing_20260919a/utility_overnight_20260923_v1/results/smoke/B_floor/smoke_02,verified_scored,859.8826886658385,,,6,6,0,/scratch/td2248/projects/Fertility_Spring26_native_financing_20260919a/utility_overnight_20260923_v1/results/smoke/B_floor/smoke_02/result/evaluation/scored_repetition_01/score.json,0367f0eacf7689593ba6a43d104b7e1e20f09bf937bf8431d20ac260ed81ca4e,,2,False,
smoke,B_shares,smoke_01,/scratch/td2248/projects/Fertility_Spring26_native_financing_20260919a/utility_overnight_20260923_v1/results/smoke/B_shares/smoke_01,verified_scored,1805.5991508503298,,,6,6,0,/scratch/td2248/projects/Fertility_Spring26_native_financing_20260919a/utility_overnight_20260923_v1/results/smoke/B_shares/smoke_01/result/evaluation/scored_repetition_01/score.json,5c6b5cece3cee079bcb22b067406b1f5070565588a5da28056ecd4ddfcd1884a,,1,True,
smoke,B_shares,smoke_02,/scratch/td2248/projects/Fertility_Spring26_native_financing_20260919a/utility_overnight_20260923_v1/results/smoke/B_shares/smoke_02,verified_scored,1825.677181442389,,,6,6,0,/scratch/td2248/projects/Fertility_Spring26_native_financing_20260919a/utility_overnight_20260923_v1/results/smoke/B_shares/smoke_02/result/evaluation/scored_repetition_01/score.json,f13b13b61b883b0d59fb2c3e6fdd3b18dbca879d41f6aae1ecdd5ee0bfb71469,,2,False,
smoke,D_floor,smoke_01,/scratch/td2248/projects/Fertility_Spring26_native_financing_20260919a/utility_overnight_20260923_v1/results/smoke/D_floor/smoke_01,verified_scored,586.9012245870538,,,6,6,0,/scratch/td2248/projects/Fertility_Spring26_native_financing_20260919a/utility_overnight_20260923_v1/results/smoke/D_floor/smoke_01/result/evaluation/scored_repetition_01/score.json,2f212a137a660dbcd0b3b53d95fca544f8d8582ec9d7cb324bd1307dfa9e05df,,1,True,
smoke,D_floor,smoke_02,/scratch/td2248/projects/Fertility_Spring26_native_financing_20260919a/utility_overnight_20260923_v1/results/smoke/D_floor/smoke_02,verified_scored,566.7899612008422,,,6,6,0,/scratch/td2248/projects/Fertility_Spring26_native_financing_20260919a/utility_overnight_20260923_v1/results/smoke/D_floor/smoke_02/result/evaluation/scored_repetition_01/score.json,8c0b5175c91eb615ad385893f8760c0a6be1197a587b1117588f647b9eed4226,,2,False,
smoke,D_shares,smoke_01,/scratch/td2248/projects/Fertility_Spring26_native_financing_20260919a/utility_overnight_20260923_v1/results/smoke/D_shares/smoke_01,verified_scored,1717.323897501729,,,6,6,0,/scratch/td2248/projects/Fertility_Spring26_native_financing_20260919a/utility_overnight_20260923_v1/results/smoke/D_shares/smoke_01/result/evaluation/scored_repetition_01/score.json,f022f918855374c11b175d5cb98f20f0505ad1a8c0b5cf2a251d0b804f0ea444,,1,True,
smoke,D_shares,smoke_02,/scratch/td2248/projects/Fertility_Spring26_native_financing_20260919a/utility_overnight_20260923_v1/results/smoke/D_shares/smoke_02,verified_scored,1726.6200867302837,,,6,6,0,/scratch/td2248/projects/Fertility_Spring26_native_financing_20260919a/utility_overnight_20260923_v1/results/smoke/D_shares/smoke_02/result/evaluation/scored_repetition_01/score.json,4b3364993539a0a3a29df5f9e37c61464a780e040694880319e3b0e1581ea467,,2,False,
verification,B_floor,selected_repeat_01,/scratch/td2248/projects/Fertility_Spring26_native_financing_20260919a/utility_overnight_20260923_v1/results/verification/B_floor/selected_repeat_01,unrun,,,,,,,,,,,,1
verification,B_floor,selected_repeat_02,/scratch/td2248/projects/Fertility_Spring26_native_financing_20260919a/utility_overnight_20260923_v1/results/verification/B_floor/selected_repeat_02,unrun,,,,,,,,,,,,2
verification,B_shares,selected_repeat_01,/scratch/td2248/projects/Fertility_Spring26_native_financing_20260919a/utility_overnight_20260923_v1/results/verification/B_shares/selected_repeat_01,unrun,,,,,,,,,,,,1
verification,B_shares,selected_repeat_02,/scratch/td2248/projects/Fertility_Spring26_native_financing_20260919a/utility_overnight_20260923_v1/results/verification/B_shares/selected_repeat_02,unrun,,,,,,,,,,,,2
verification,D_floor,selected_repeat_01,/scratch/td2248/projects/Fertility_Spring26_native_financing_20260919a/utility_overnight_20260923_v1/results/verification/D_floor/selected_repeat_01,verified_scored,416.48144430587246,,,4,4,0,/scratch/td2248/projects/Fertility_Spring26_native_financing_20260919a/utility_overnight_20260923_v1/results/verification/D_floor/selected_repeat_01/result/evaluation/scored_repetition_01/score.json,9d9b269417005e2db73c1917e822d443aee351b5d2372b3274864fddbc193772,,,,1
verification,D_floor,selected_repeat_02,/scratch/td2248/projects/Fertility_Spring26_native_financing_20260919a/utility_overnight_20260923_v1/results/verification/D_floor/selected_repeat_02,verified_scored,416.48144430587246,,,4,4,0,/scratch/td2248/projects/Fertility_Spring26_native_financing_20260919a/utility_overnight_20260923_v1/results/verification/D_floor/selected_repeat_02/result/evaluation/scored_repetition_01/score.json,ad767b84a11af45cb71fb28a4118ca12a8ea93eb8dbbaf49fd963f8f38695a43,,,,2
verification,D_shares,selected_repeat_01,/scratch/td2248/projects/Fertility_Spring26_native_financing_20260919a/utility_overnight_20260923_v1/results/verification/D_shares/selected_repeat_01,unrun,,,,,,,,,,,,1
verification,D_shares,selected_repeat_02,/scratch/td2248/projects/Fertility_Spring26_native_financing_20260919a/utility_overnight_20260923_v1/results/verification/D_shares/selected_repeat_02,unrun,,,,,,,,,,,,2
