{
  "rouwenhorst": {
    "z_grid": [
      0.6134533968572546,
      0.7728751856900854,
      0.9737268645273782,
      1.2267750656993077,
      1.5455844104209013
    ],
    "z_weights": [
      0.0625,
      0.25,
      0.375,
      0.25,
      0.0625
    ],
    "Pi_row0": [
      0.7320941406250001,
      0.23743593749999992,
      0.028877343749999968,
      0.0015609374999999972,
      3.164062499999993e-05
    ],
    "rho_period_recorded": 0.8500000000000001,
    "rho_annual^4": 0.8500000000000001,
    "rho_annual_vs_0.85^{1/4}": [
      0.9601845894041878,
      0.9601845894041878,
      0.0
    ],
    "sigma_eps_period_implied": 0.1216937910487968,
    "stationary_log_mean": -0.026624441229749732,
    "stationary_log_var": 0.05336713073811974,
    "stationary_log_sd": 0.23101326961479884,
    "stationary_level_mean": 0.9999999999999999,
    "stationary_level_sd": 0.23228117901234596,
    "binomial_vs_eig_stationary_maxabs": 2.220446049250313e-16,
    "invariance_wPi_minus_w_maxabs": 5.551115123125783e-17,
    "row_sums_maxerr": 2.220446049250313e-16,
    "log_autocorr_1": 0.8500000000000002,
    "fingerprint": "5b6875a240e82073e515a291469e2d259c35bb01ca63cabfb10b639700db5daf",
    "sigma_log_theory": 0.2310132696147988,
    "sigma_log_theory_sq": 0.05336713073811972
  },
  "old_current": {
    "z_grid": [
      0.6,
      0.8,
      1.0,
      1.2,
      1.4
    ],
    "z_weights": [
      0.1,
      0.2,
      0.4,
      0.2,
      0.1
    ],
    "stationary_log_mean": -0.02559973761852881,
    "stationary_log_var": 0.0533671307381197,
    "stationary_log_sd": 0.23101326961479876,
    "stationary_level_mean": 1.0,
    "stationary_level_sd": 0.21908902300206642,
    "log_autocorr_1": 0.8499999999999998,
    "rho": 0.85
  },
  "matching_hypothesis": {
    "snapshot_claimed_log_var": 0.0533671307381197,
    "old_grid_log_var": 0.0533671307381197,
    "new_process_log_var": 0.05336713073811974,
    "old_minus_new_log_var": -3.469446951953614e-17,
    "rho_annual_equals_0.85^0.25": true,
    "level_sd_old": 0.21908902300206642,
    "level_sd_new": 0.23228117901234596
  },
  "age_profile": {
    "ages": [
      18.0,
      22.0,
      26.0,
      30.0,
      34.0,
      38.0,
      42.0,
      46.0,
      50.0,
      54.0,
      58.0,
      62.0,
      66.0,
      70.0,
      74.0,
      78.0,
      82.0
    ],
    "J_R": 12,
    "first_retired_age": 66.0,
    "income_age_profile": [
      0.720554272517321,
      0.720554272517321,
      0.9422632794457273,
      0.9422632794457273,
      1.1085450346420322,
      1.1085450346420322,
      1.1085450346420322,
      1.0919168591224018,
      1.0919168591224018,
      1.0919168591224018,
      1.0364896073903,
      1.0364896073903,
      0.720554272517321,
      0.720554272517321,
      0.720554272517321,
      0.720554272517321,
      0.720554272517321
    ],
    "work_mean_of_profile": 0.9999999999999997,
    "profile_age18_relative": 0.720554272517321,
    "raw_value_age18_before_norm": 0.65,
    "expected_norm_ratio_0.650_over_workmean": 0.720554272517321,
    "P_income_row0": [
      2.366300230946882,
      2.366300230946882,
      3.0943926096997685,
      3.0943926096997685,
      3.6404618937644337,
      3.6404618937644337,
      3.6404618937644337,
      3.585854965357967,
      3.585854965357967,
      3.585854965357967,
      3.403831870669745,
      3.403831870669745,
      1.7183999999999993,
      1.7183999999999993,
      1.7183999999999993,
      1.7183999999999993,
      1.7183999999999993
    ],
    "pension_per_period": 1.7183999999999993,
    "tau_pay": 0.179,
    "period_scale_used": 4.0,
    "income_at_state_j0_zlow": 1.451614914658471,
    "income_at_state_j12_zlow_equals_pension": 1.7183999999999993,
    "annual_gross_entry_income_zmid": 0.701623052500097,
    "z_grid_in_P": [
      0.6134533968572546,
      0.7728751856900854,
      0.9737268645273782,
      1.2267750656993077,
      1.5455844104209013
    ],
    "Pi_z_row0_in_P": [
      0.7320941406250001,
      0.23743593749999992,
      0.028877343749999968,
      0.0015609374999999972,
      3.164062499999993e-05
    ],
    "income_shock_persistence_in_P": 0.8500000000000001
  }
}
