{
  "Nb": 40,
  "diff_keys": [
    "Pi_z",
    "income_shock_persistence",
    "z_grid",
    "z_weights"
  ],
  "dirty_income_wins": {
    "loss": 21.38981281248305,
    "market_residual": 3.944958918837378e-05,
    "moments": {
      "aggregate_mean_occupied_rooms_18_85": 5.5639084853846335,
      "childless_rate": 0.25266188193537525,
      "housing_increment_0to1": 0.5955420883114608,
      "old_age_own_rate": 0.9515096046731945,
      "old_nonhousing_wealth_to_income_median_6575": 0.8829384190586277,
      "old_parent_childless_nonhousing_wealth_to_income_gap_6575": 1.5553117037743749,
      "own_family_gap": 0.3225263680036468,
      "own_rate": 0.5851179984235465,
      "own_rate_2534": 0.16565724312932883,
      "prime30_55_childless_owner_minus_renter_mean_rooms": 2.013535485774642,
      "prime30_55_childless_owner_share_rooms_ge6": 0.7542797805019044,
      "prime30_55_childless_renter_mean_rooms": 4.391407859569617,
      "prime30_55_parent_3plus_minus_1to2_mean_rooms": 0.0019587118902881784,
      "tfr": 1.8454187067068653,
      "young_childless_renter_liquid_wealth_to_annual_gross_income_2535": 0.7501505172490851
    },
    "p_eq": [
      0.6906668437905444
    ],
    "z_grid_effective": [
      0.6134533968572546,
      0.7728751856900854,
      0.9737268645273782,
      1.2267750656993077,
      1.5455844104209013
    ]
  },
  "head_profile_wins": {
    "loss": 27.68828634591986,
    "market_residual": 0.0008946473933932679,
    "moments": {
      "aggregate_mean_occupied_rooms_18_85": 5.56704469499549,
      "childless_rate": 0.24821365402589218,
      "housing_increment_0to1": 0.43694494299095826,
      "old_age_own_rate": 0.9562686025199397,
      "old_nonhousing_wealth_to_income_median_6575": 1.8461439671225848,
      "old_parent_childless_nonhousing_wealth_to_income_gap_6575": 1.485035280645798,
      "own_family_gap": 0.37320877129013824,
      "own_rate": 0.606666816836344,
      "own_rate_2534": 0.13800096731394654,
      "prime30_55_childless_owner_minus_renter_mean_rooms": 2.001043322564617,
      "prime30_55_childless_owner_share_rooms_ge6": 0.7916832153389366,
      "prime30_55_childless_renter_mean_rooms": 4.368045988945367,
      "prime30_55_parent_3plus_minus_1to2_mean_rooms": -0.3711766542361694,
      "tfr": 1.8227898963767606,
      "young_childless_renter_liquid_wealth_to_annual_gross_income_2535": 0.8467266551797478
    },
    "p_eq": [
      0.691258310908635
    ],
    "z_grid_effective": [
      0.6,
      0.8,
      1.0,
      1.2,
      1.4
    ]
  },
  "theta_source": "/Users/tommasodesanto/Desktop/Projects/Fertility/Fertility_Spring26/output/model/full_audit_20260711/repro/current_repro_exact.json"
}