{
  "accounting_scale": {
    "city_entry_prob": [
      0.4192655950208554,
      0.1240742874815763
    ],
    "city_entry_prob_total": 0.5433398825024317,
    "denominator": 0.5433398825015102,
    "entry_values": [
      -36.15696150965843,
      -38.59220974690534
    ],
    "finite_stationary_scale": true,
    "implied_entry_by_loc": [
      0.012860752803278405,
      0.0038059138634165277
    ],
    "implied_entry_total": 0.016666666666694932,
    "implied_housing_demand": [
      4.392389753742861,
      2.692164249493958
    ],
    "implied_outside_entry_mass": 0.014007810218628024,
    "implied_potential_entrant_mass": 0.030674476885322956,
    "implied_total_population": 0.9999999999999994,
    "kappa_entry": 2.0,
    "local_birth_entry_weight": 1.0,
    "mature_cityborn_per_entry": 0.8404686131179521,
    "outside_entry_flow": 0.016666666666666666,
    "outside_entry_prob": 0.4566601174975683,
    "outside_value": -35.98609192692343,
    "reference_entry_total": 0.01666666666669494,
    "reference_housing_demand": [
      4.3923897537428624,
      2.6921642494939593
    ],
    "reference_mature_cityborn_flow": 0.014007810218656297,
    "reference_total_population": 0.9999999999999999,
    "scale_factor": 0.9999999999999996
  },
  "elapsed_sec": 71.63402910999866,
  "housing_increment_0to1": 0.5107348036170087,
  "housing_increment_1to2": 0.21899608695671624,
  "max_iter_eq": 120,
  "mean_age_first_birth": 33.73007635594661,
  "migration_rate_2245": 0.0693303850436883,
  "own_rate": 0.24495461190723286,
  "p_eq": [
    0.521643319531909,
    0.6746490151225472
  ],
  "pop_share": [
    0.5893453905483944,
    0.4106546094516057
  ],
  "prime_childless_owner_median_rooms": 8.5,
  "prime_childless_renter_median_rooms": 7.178381366999676,
  "setup": "fast",
  "tfr": 1.7096848199574066,
  "total_mass": 0.9999999999999999
}