{
  "cases": [
    {
      "case": "low_psi",
      "city_entry_prob_total": 0.5176770671745627,
      "denominator": 0.5820560377443821,
      "elapsed_sec": 7.537298199997167,
      "entry_values": [
        -42.57651665609192,
        -47.57651665609192
      ],
      "finite_stationary_scale": true,
      "implied_entry_total": 0.014823231029458248,
      "implied_housing_demand": [
        6.150823147327886,
        0.12353843429411535
      ],
      "implied_total_population": 0.8893938617661155,
      "mature_cityborn_per_entry": 0.8073449429327059,
      "p_eq": [
        0.5714285714285715,
        1.2857142857142858
      ],
      "psi_child": 0.03,
      "scale_factor": 0.8893938617661152,
      "tfr": 1.6429538377868216
    },
    {
      "case": "baseline_psi",
      "city_entry_prob_total": 0.5446165566160439,
      "denominator": 0.5446165566152638,
      "elapsed_sec": 6.451422340993304,
      "entry_values": [
        -42.36010778837747,
        -47.36010778837746
      ],
      "finite_stationary_scale": true,
      "implied_entry_total": 0.01666666666669054,
      "implied_housing_demand": [
        6.916158995545542,
        0.13723678464009392
      ],
      "implied_total_population": 1.000000000000002,
      "mature_cityborn_per_entry": 0.8361542407271741,
      "p_eq": [
        0.5714285714285715,
        1.2857142857142858
      ],
      "psi_child": 0.07,
      "scale_factor": 1.0000000000000016,
      "tfr": 1.7015079521512169
    },
    {
      "case": "high_psi",
      "city_entry_prob_total": 0.5583571942614793,
      "denominator": 0.5254063478146456,
      "elapsed_sec": 6.460865141001705,
      "entry_values": [
        -42.24899722301879,
        -47.24899722301879
      ],
      "finite_stationary_scale": true,
      "implied_entry_total": 0.017711916265188147,
      "implied_housing_demand": [
        7.349909857062411,
        0.1449569200738894
      ],
      "implied_total_population": 1.062714975909974,
      "mature_cityborn_per_entry": 0.8499821566964564,
      "p_eq": [
        0.5714285714285715,
        1.2857142857142858
      ],
      "psi_child": 0.09,
      "scale_factor": 1.062714975909974,
      "tfr": 1.7296098280196879
    }
  ],
  "outside_value_held_fixed": -42.56021268867121
}