{
  "accounting_scale": {
    "city_entry_prob": [
      0.5033029358217141,
      0.04131362079432978
    ],
    "city_entry_prob_total": 0.5446165566160439,
    "denominator": 0.5446165566152638,
    "entry_values": [
      -42.36010778837747,
      -47.36010778837746
    ],
    "finite_stationary_scale": true,
    "implied_entry_by_loc": [
      0.015402363666334667,
      0.0012643030003558744
    ],
    "implied_entry_total": 0.01666666666669054,
    "implied_housing_demand": [
      6.916158995545542,
      0.13723678464009392
    ],
    "implied_outside_entry_mass": 0.013935904012115653,
    "implied_potential_entrant_mass": 0.030602570678806198,
    "implied_total_population": 1.000000000000002,
    "kappa_entry": 2.0,
    "local_birth_entry_weight": 1.0,
    "mature_cityborn_per_entry": 0.8361542407271741,
    "outside_entry_flow": 0.016666666666666666,
    "outside_entry_prob": 0.455383443383956,
    "outside_value": -42.56021268867121,
    "reference_entry_total": 0.016666666666690512,
    "reference_housing_demand": [
      6.916158995545532,
      0.1372367846400937
    ],
    "reference_mature_cityborn_flow": 0.013935904012139507,
    "reference_total_population": 1.0000000000000004,
    "scale_factor": 1.0000000000000016
  },
  "elapsed_sec": 8.029025010000623,
  "housing_increment_0to1": 0.6643452592797718,
  "housing_increment_1to2": 0.18939034292970192,
  "max_iter_eq": 1,
  "mean_age_first_birth": 33.872292011724426,
  "migration_rate_2245": 0.010093646673776607,
  "own_rate": 0.33853432595885413,
  "p_eq": [
    0.5714285714285715,
    1.2857142857142858
  ],
  "pop_share": [
    0.9730023468296642,
    0.02699765317033541
  ],
  "prime_childless_owner_median_rooms": 8.5,
  "prime_childless_renter_median_rooms": 7.078037271720561,
  "setup": "fast",
  "tfr": 1.7015079521512169,
  "total_mass": 1.0000000000000004
}