{
  "elapsed_sec": 7.753468073002296,
  "housing_increment_0to1": 0.6643452592797718,
  "housing_increment_1to2": 0.18939034292970192,
  "mean_age_first_birth": 33.872292011724426,
  "migration_rate_2245": 0.010093646673776593,
  "normalize_population_mass": false,
  "own_rate": 0.3385343259588543,
  "p_eq": [
    0.5714285714285715,
    1.2857142857142858
  ],
  "pop_share": [
    0.9730023468296648,
    0.02699765317033542
  ],
  "prime_childless_owner_median_rooms": 8.5,
  "prime_childless_renter_median_rooms": 7.078037271720561,
  "setup": "fast",
  "tfr": 1.7015079521512173,
  "timings": {
    "bellman_eval": 0.0,
    "bellman_full": 2.0285225679981522,
    "best_eq_error": 0.9872731866827342,
    "distribution": 0.8046328519994859,
    "n_dist": 1,
    "n_eval": 0,
    "n_full": 1
  },
  "total_mass": 0.9999999999985696
}