{
  "elapsed_sec": 6.428396599003463,
  "housing_increment_0to1": 0.5138973543832153,
  "housing_increment_1to2": 0.08381433234054292,
  "max_iter_eq": 1,
  "mean_age_first_birth": 33.78799367137815,
  "migration_rate_2245": 0.010158149684897018,
  "own_rate": 0.28608055328011117,
  "p_eq": [
    0.5714285714285715,
    1.2857142857142858
  ],
  "pop_share": [
    0.973233898921528,
    0.026766101078472323
  ],
  "prime_childless_owner_median_rooms": 11.0,
  "prime_childless_renter_median_rooms": 7.200016029627845,
  "setup": "fast",
  "tfr": 1.66623821886975,
  "timings": {
    "bellman_eval": 0.0,
    "bellman_full": 2.0559812459978275,
    "best_eq_error": 0.9872731866827342,
    "distribution": 0.6611619989998871,
    "n_dist": 1,
    "n_eval": 0,
    "n_full": 1
  },
  "total_mass": 1.0
}
