{
  "elapsed_sec": 10.713343978000921,
  "housing_increment_0to1": 0.6643452592797718,
  "housing_increment_1to2": 0.18939034292970192,
  "max_iter_eq": 1,
  "mean_age_first_birth": 33.872292011724426,
  "migration_rate_2245": 0.010093646673776607,
  "own_rate": 0.33853432595885413,
  "p_eq": [
    0.5714285714285715,
    1.2857142857142858
  ],
  "pop_share": [
    0.9730023468296642,
    0.02699765317033541
  ],
  "prime_childless_owner_median_rooms": 8.5,
  "prime_childless_renter_median_rooms": 7.078037271720561,
  "setup": "fast",
  "tfr": 1.7015079521512169,
  "timings": {
    "bellman_eval": 0.0,
    "bellman_full": 2.6729281860025367,
    "best_eq_error": 0.9872731866827342,
    "distribution": 1.0796627349991468,
    "n_dist": 1,
    "n_eval": 0,
    "n_full": 1
  },
  "total_mass": 1.0000000000000004
}