{
  "elapsed_sec": 24.486635933979414,
  "housing_increment_0to1": 0.6643452592797718,
  "housing_increment_1to2": 0.1893903429297037,
  "max_iter_eq": 1,
  "mean_age_first_birth": 33.872292011724426,
  "migration_rate_2245": 0.010093646673776645,
  "own_rate": 0.3385343259588543,
  "p_eq": [
    0.5714285714285715,
    1.2857142857142858
  ],
  "pop_share": [
    0.9730023468296646,
    0.026997653170335416
  ],
  "prime_childless_owner_median_rooms": 8.5,
  "prime_childless_renter_median_rooms": 7.078037271720561,
  "setup": "fast",
  "tfr": 1.7015079521512166,
  "timings": {
    "bellman_eval": 0.0,
    "bellman_full": 10.662172292999458,
    "best_eq_error": 0.9872731866827342,
    "distribution": 8.605752344999928,
    "n_dist": 1,
    "n_eval": 0,
    "n_full": 1
  },
  "total_mass": 1.0
}