{
  "elapsed_sec": 21.65888591500004,
  "housing_increment_0to1": 0.7141594537065448,
  "housing_increment_1to2": 0.28719650465911606,
  "max_iter_eq": 6,
  "mean_age_first_birth": 34.201575698561356,
  "migration_rate_2245": 0.06166283625098639,
  "own_rate": 0.18898225909238964,
  "p_eq": [
    0.6003778916684656,
    0.7748891515733365
  ],
  "pop_share": [
    0.7213606119725556,
    0.27863938802744426
  ],
  "prime_childless_owner_median_rooms": 6.0,
  "prime_childless_renter_median_rooms": 6.808258289259722,
  "setup": "fast",
  "tfr": 1.4127110014851285,
  "timings": {
    "bellman_eval": 2.7872792559999198,
    "bellman_full": 12.754916147999836,
    "best_eq_error": 0.4753937097700446,
    "distribution": 4.295540443000277,
    "n_dist": 6,
    "n_eval": 2,
    "n_full": 4
  },
  "total_mass": 0.9999999999999998
}