{
  "elapsed_sec": 23.29689304495696,
  "housing_increment_0to1": 0.7141594537065448,
  "housing_increment_1to2": 0.28719650465911517,
  "max_iter_eq": 6,
  "mean_age_first_birth": 34.201575698561356,
  "migration_rate_2245": 0.061662836250986466,
  "own_rate": 0.18898225909238944,
  "p_eq": [
    0.6003778916684656,
    0.7748891515733365
  ],
  "pop_share": [
    0.7213606119725554,
    0.2786393880274443
  ],
  "prime_childless_owner_median_rooms": 6.0,
  "prime_childless_renter_median_rooms": 6.808258289259722,
  "setup": "fast",
  "tfr": 1.412711001485128,
  "timings": {
    "bellman_eval": 2.933879170974251,
    "bellman_full": 14.552504230989143,
    "best_eq_error": 0.4753937097700447,
    "distribution": 2.7818255778984167,
    "n_dist": 6,
    "n_eval": 2,
    "n_full": 4
  },
  "total_mass": 1.0000000000000002
}