{
  "elapsed_sec": 43.122817361,
  "p_eq": [
    0.57142857142857151,
    1.2857142857142858
  ],
  "tfr": 1.7019299806959303,
  "own_rate": 0.33831917295370417,
  "pop_share": [
    0.97301146765489,
    0.026988532345110137
  ],
  "mean_age_first_birth": 33.872500044516812,
  "migration_rate_2245": 0.010102281590614815,
  "prime_childless_renter_median_rooms": 7.07540474852491,
  "prime_childless_owner_median_rooms": 8.5,
  "housing_increment_0to1": 0.66390198591112526,
  "housing_increment_1to2": 0.1890507702744344,
  "total_mass": 0.99999999999999978
}