{
  "elapsed_sec": 182.951118124,
  "p_eq": [
    0.52164136942643968,
    0.67464420216298393
  ],
  "tfr": 1.7095330692164259,
  "own_rate": 0.24466313300107584,
  "pop_share": [
    0.58935668525441076,
    0.41064331474558924
  ],
  "mean_age_first_birth": 33.732657250941806,
  "migration_rate_2245": 0.069318516081569026,
  "prime_childless_renter_median_rooms": 7.1730732016437386,
  "prime_childless_owner_median_rooms": 8.5,
  "housing_increment_0to1": 0.51034128229051312,
  "housing_increment_1to2": 0.21911925882801686,
  "total_mass": 1.0000000000000004
}