{
  "elapsed_sec": 268.829936331,
  "p_eq": [
    0.52421771707292641,
    0.67138610042591185
  ],
  "tfr": 0.9515806915869458,
  "own_rate": 0.29370978925001096,
  "pop_share": [
    0.58868980260957915,
    0.41131019739042091
  ],
  "mean_age_first_birth": 34.827164897365357,
  "migration_rate_2245": 0.033502875031939439,
  "prime_childless_renter_median_rooms": 7.5314234878849646,
  "prime_childless_owner_median_rooms": 8.5,
  "housing_increment_0to1": 0.39098606036440042,
  "housing_increment_1to2": 0.10347047068723647,
  "total_mass": 1,
  "theta": [
    0.955,
    0.15,
    0.06,
    1.2,
    0.7,
    0.12,
    3,
    1.09,
    1.5,
    5,
    0.53,
    0.25,
    4
  ]
}