{
  "elapsed_sec": 152.006209409,
  "p_eq": [
    0.526026083367758,
    0.67149140332688251
  ],
  "tfr": 0.89726866852256493,
  "own_rate": 0.34417941877309044,
  "pop_share": [
    0.60547511525844333,
    0.39452488474155661
  ],
  "mean_age_first_birth": 35.011426506346183,
  "migration_rate_2245": 0.03351429697979106,
  "prime_childless_renter_median_rooms": 7.4472914146528151,
  "prime_childless_owner_median_rooms": 8.2,
  "housing_increment_0to1": 0.43019259436546786,
  "housing_increment_1to2": 0.061023453030926156,
  "total_mass": 1.0000000000000002,
  "theta": [
    0.955,
    0.15,
    0.06,
    1.2,
    0.7,
    0.12,
    3,
    1.09,
    1.5,
    5,
    0.53,
    0.25,
    4
  ]
}