{
  "baseline_outside_value": -38.14714611497312,
  "cases": [
    {
      "E_loc": [
        0.0,
        0.3
      ],
      "accepted": true,
      "best_eq_error": 0.0029606488973085163,
      "childless_rate": 0.5269824849244676,
      "city_entry_prob_total": 0.6815402170625813,
      "convergence_reason": "soft_tol_10x",
      "elapsed_sec": 39.12938135299919,
      "entry_relative_residual": 2.081668171167719e-16,
      "entry_residual": 3.469446951953614e-18,
      "error": null,
      "final_eq_error": 0.004092115661252999,
      "housing_increment_0to1": 0.3923300780986656,
      "housing_increment_1to2": 0.10563911692571004,
      "iterations_completed": 26,
      "label": "baseline_x0",
      "mean_age_first_birth": 34.828003222950905,
      "migration_rate_2245": 0.0335005237125101,
      "outside_entry_prob": 0.31845978293741867,
      "outside_value": -38.14714611497312,
      "own_rate": 0.29411067203109553,
      "own_rate_3055": 0.13477107705943225,
      "p_eq": [
        0.5242558360249729,
        0.6713204274501982
      ],
      "pop_share": [
        0.5885622724222347,
        0.4114377275777652
      ],
      "prime_childless_owner_median_rooms": 8.5,
      "prime_childless_renter_median_rooms": 7.536894916160204,
      "r_bar": [
        0.04,
        0.09
      ],
      "scale_denominator": 0.6815402170611246,
      "scale_factor": 1.0,
      "scale_residual": 3.469446951953614e-18,
      "strict_converged": false,
      "tfr": 0.9520478795530269,
      "theta": [
        0.955,
        0.15,
        0.06,
        1.2,
        0.7,
        0.12,
        3.0,
        1.09,
        1.5,
        5.0,
        0.53,
        0.25,
        4.0
      ],
      "total_mass": 1.0
    },
    {
      "E_loc": [
        0.0,
        0.3
      ],
      "accepted": true,
      "best_eq_error": 0.0030932222638378683,
      "childless_rate": 0.5505682209899091,
      "city_entry_prob_total": 0.6734290850683808,
      "convergence_reason": "soft_tol_10x",
      "elapsed_sec": 37.03442221000296,
      "entry_relative_residual": 0.0,
      "entry_residual": 0.0,
      "error": null,
      "final_eq_error": 0.0046123143496253505,
      "housing_increment_0to1": 0.38098024356573656,
      "housing_increment_1to2": 0.09535795824708515,
      "iterations_completed": 26,
      "label": "lower_fertility_value",
      "mean_age_first_birth": 34.84663042438293,
      "migration_rate_2245": 0.03357535376596608,
      "outside_entry_prob": 0.32657091493161927,
      "outside_value": -38.14714611497312,
      "own_rate": 0.2950292795779148,
      "own_rate_3055": 0.13380661677938196,
      "p_eq": [
        0.5241081943428836,
        0.6721500873664492
      ],
      "pop_share": [
        0.5878677691092883,
        0.41213223089071166
      ],
      "prime_childless_owner_median_rooms": 8.5,
      "prime_childless_renter_median_rooms": 7.547509983101983,
      "r_bar": [
        0.04,
        0.09
      ],
      "scale_denominator": 0.7012583579872371,
      "scale_factor": 0.9603152353150832,
      "scale_residual": 0.0,
      "strict_converged": false,
      "tfr": 0.9038683728215879,
      "theta": [
        0.955,
        0.15,
        0.04,
        1.2,
        0.7,
        0.12,
        3.0,
        1.09,
        1.5,
        5.0,
        0.53,
        0.25,
        4.0
      ],
      "total_mass": 1.0000000000000002
    },
    {
      "E_loc": [
        0.0,
        0.3
      ],
      "accepted": true,
      "best_eq_error": 0.002957780275202798,
      "childless_rate": 0.4972087018211645,
      "city_entry_prob_total": 0.691214621064045,
      "convergence_reason": "soft_tol_10x",
      "elapsed_sec": 36.427302361997135,
      "entry_relative_residual": 1.9765609276746805e-16,
      "entry_residual": -3.469446951953614e-18,
      "error": null,
      "final_eq_error": 0.004126309839104534,
      "housing_increment_0to1": 0.4068414519885124,
      "housing_increment_1to2": 0.11708604004184764,
      "iterations_completed": 26,
      "label": "higher_fertility_value",
      "mean_age_first_birth": 34.79912689288283,
      "migration_rate_2245": 0.03341104864798323,
      "outside_entry_prob": 0.30878537893595503,
      "outside_value": -38.14714611497312,
      "own_rate": 0.2934306061184794,
      "own_rate_3055": 0.13577945741414307,
      "p_eq": [
        0.5245446596226625,
        0.6703954257815607
      ],
      "pop_share": [
        0.5895073808565476,
        0.41049261914345253
      ],
      "prime_childless_owner_median_rooms": 8.5,
      "prime_childless_renter_median_rooms": 7.5041658723003595,
      "r_bar": [
        0.04,
        0.09
      ],
      "scale_denominator": 0.6563139272400659,
      "scale_factor": 1.0531768295229968,
      "scale_residual": 0.0,
      "strict_converged": false,
      "tfr": 1.0130556009947518,
      "theta": [
        0.955,
        0.15,
        0.085,
        1.2,
        0.7,
        0.12,
        3.0,
        1.09,
        1.5,
        5.0,
        0.53,
        0.25,
        4.0
      ],
      "total_mass": 1.0
    },
    {
      "E_loc": [
        0.0,
        0.3
      ],
      "accepted": true,
      "best_eq_error": 0.002388940151143892,
      "childless_rate": 0.6248185493524888,
      "city_entry_prob_total": 0.0035349435235955706,
      "convergence_reason": "soft_tol_10x",
      "elapsed_sec": 37.56155052300164,
      "entry_relative_residual": 1.1486502712100042e-16,
      "entry_residual": -6.776263578034403e-21,
      "error": null,
      "final_eq_error": 0.005244508351556134,
      "housing_increment_0to1": 0.543306942264306,
      "housing_increment_1to2": 0.2520113548263936,
      "iterations_completed": 26,
      "label": "patient_low_child_value",
      "mean_age_first_birth": 35.557145172745905,
      "migration_rate_2245": 0.03216904956644505,
      "outside_entry_prob": 0.9964650564764045,
      "outside_value": -38.14714611497312,
      "own_rate": 0.45274547331312787,
      "own_rate_3055": 0.36374313820256826,
      "p_eq": [
        0.5242479934550737,
        0.6770775334440927
      ],
      "pop_share": [
        0.5827141761787387,
        0.41728582382126106
      ],
      "prime_childless_owner_median_rooms": 8.5,
      "prime_childless_renter_median_rooms": 7.3282643964662775,
      "r_bar": [
        0.04,
        0.09
      ],
      "scale_denominator": 0.9986855318153343,
      "scale_factor": 0.003539596210191773,
      "scale_residual": -6.776263578034403e-21,
      "strict_converged": false,
      "tfr": 0.759190795616533,
      "theta": [
        0.97,
        0.15,
        0.045,
        1.2,
        0.7,
        0.12,
        3.0,
        1.09,
        1.5,
        5.0,
        0.53,
        0.25,
        4.0
      ],
      "total_mass": 0.9999999999999998
    },
    {
      "E_loc": [
        0.0,
        0.3
      ],
      "accepted": true,
      "best_eq_error": 0.006582531699133032,
      "childless_rate": 0.4147585391839436,
      "city_entry_prob_total": 0.9931833045783555,
      "convergence_reason": "soft_tol_10x",
      "elapsed_sec": 39.85738613900321,
      "entry_relative_residual": 0.0,
      "entry_residual": 0.0,
      "error": null,
      "final_eq_error": 0.00844545034651567,
      "housing_increment_0to1": 0.33579859665152423,
      "housing_increment_1to2": 0.029576795783375687,
      "iterations_completed": 26,
      "label": "impatient_high_child_value",
      "mean_age_first_birth": 34.54752144279605,
      "migration_rate_2245": 0.0338077856573056,
      "outside_entry_prob": 0.006816695421644542,
      "outside_value": -38.14714611497312,
      "own_rate": 0.1230816018059932,
      "own_rate_3055": 0.0188675202298854,
      "p_eq": [
        0.527415433915937,
        0.6671898738142976
      ],
      "pop_share": [
        0.6050456777128195,
        0.3949543222871806
      ],
      "prime_childless_owner_median_rooms": 6.0,
      "prime_childless_renter_median_rooms": 7.575016833990546,