{
  "elapsed_sec": 132.34391268699983,
  "entrants_mature_total": 0.019559184559181115,
  "entry_mass_by_loc": [
    0.01909613234164437,
    0.00548509850803944
  ],
  "entry_rate": 0.024581230849683812,
  "first_trace": [
    {
      "TFR": 1.701507952159201,
      "entry_shares": [
        0.5,
        0.5
      ],
      "entry_target_total": 0.01666666666670718,
      "entry_total": 0.016666666666666666,
      "err": 1.8857425537301706,
      "err_e": 1.8857425537301706,
      "err_p": 0.9872731866827342,
      "iter": 1,
      "mode": "F",
      "outside_entry_prob": 0.4553834433847358,
      "own_rate": 0.33853432595902966,
      "p": [
        0.5714285714285715,
        1.2857142857142858
      ],
      "pop_share": [
        0.9730023468295538,
        0.026997653170446032
      ],
      "potential_entrant_mass": 0.030602570678880565
    },
    {
      "TFR": 1.6929878693571692,
      "entry_shares": [
        0.5156199157230156,
        0.4843800842769843
      ],
      "entry_target_total": 0.015976467009699975,
      "entry_total": 0.016411878225622033,
      "err": 1.880892879008928,
      "err_e": 1.880892879008928,
      "err_p": 0.9857020575254903,
      "iter": 2,
      "mode": "F",
      "outside_entry_prob": 0.47308164440083394,
      "own_rate": 0.33935592819231913,
      "p": [
        0.5735083518028035,
        1.2539805047137693
      ],
      "pop_share": [
        0.9709777608385396,
        0.029022239161460135
      ],
      "potential_entrant_mass": 0.03032057403187808
    },
    {
      "TFR": 1.6777477041448985,
      "entry_shares": [
        0.5403572089831078,
        0.45964279101689226
      ],
      "entry_target_total": 0.014944882229138225,
      "entry_total": 0.016045454564914925,
      "err": 1.8726400331979907,
      "err_e": 1.8726400331979907,
      "err_p": 0.9821510381333374,
      "iter": 3,
      "mode": "F",
      "outside_entry_prob": 0.5000926333473731,
      "own_rate": 0.33614321937850217,
      "p": [
        0.576767724943714,
        1.2016589234485904
      ],
      "pop_share": [
        0.966648098371333,
        0.033351901628667
      ],
      "potential_entrant_mass": 0.029895303062263227
    }
  ],
  "housing_demand": [
    7.034143286906914,
    3.224476976327532
  ],
  "housing_increment_0to1": 0.6102422409233705,
  "housing_increment_1to2": 0.20523955273666683,
  "last_trace": [
    {
      "TFR": 1.6577202979628956,
      "entry_shares": [
        0.7723071629525069,
        0.2276928370474931
      ],
      "entry_target_total": 0.03305710716049387,
      "entry_total": 0.023938232461210497,
      "err": 0.38080455044251993,
      "err_e": 0.38080455044251993,
      "err_p": 0.1954830235946893,
      "iter": 43,
      "mode": "E",
      "outside_entry_prob": 0.08603842441047913,
      "own_rate": 0.2535660280810345,
      "p": [
        0.5441195226534083,
        0.7203008123284153
      ],
      "pop_share": [
        0.651198945333851,
        0.34880105466614875
      ],
      "potential_entrant_mass": 0.03616903384496385
    },
    {
      "TFR": 1.6560563641857329,
      "entry_shares": [
        0.7729018743786533,
        0.22709812562134668
      ],
      "entry_target_total": 0.03301777924945527,
      "entry_total": 0.024025339054049608,
      "err": 0.3760792855930766,
      "err_e": 0.3760792855930766,
      "err_p": 0.1965711220121473,
      "iter": 44,
      "mode": "E",
      "outside_entry_prob": 0.0884153951230099,
      "own_rate": 0.252525274408408,
      "p": [
        0.5448008865996894,
        0.721299193850202
      ],
      "pop_share": [
        0.6519861626895469,
        0.34801383731045327
      ],
      "potential_entrant_mass": 0.03622020279062382
    },
    {
      "TFR": 1.6502428324518559,
      "entry_shares": [
        0.7735159547204872,
        0.2264840452795128
      ],
      "entry_target_total": 0.03288368959553518,
      "entry_total": 0.024114217925338605,
      "err": 0.3683818587188279,
      "err_e": 0.3683818587188279,
      "err_p": 0.2085366496666804,
      "iter": 45,
      "mode": "F",
      "outside_entry_prob": 0.09220985427261982,
      "own_rate": 0.226084316393821,
      "p": [
        0.5455112241835927,
        0.7223289691608021
      ],
      "pop_share": [
        0.6655738890383105,
        0.3344261109616897
      ],
      "potential_entrant_mass": 0.03622388913374537
    },
    {
      "TFR": 1.648360235909149,
      "entry_shares": [
        0.7741486570771651,
        0.22585134292283493
      ],
      "entry_target_total": 0.032830925134890755,
      "entry_total": 0.024204639516532726,
      "err": 0.3630245992243375,
      "err_e": 0.3630245992243375,
      "err_p": 0.20943739721401036,
      "iter": 46,
      "mode": "E",
      "outside_entry_prob": 0.09493544244409374,
      "own_rate": 0.22595651099413033,
      "p": [
        0.5462613336138802,
        0.7233387739973707
      ],
      "pop_share": [
        0.6662693198469921,
        0.33373068015300783
      ],
      "potential_entrant_mass": 0.036274677713100896
    },
    {
      "TFR": 1.6463379206147526,
      "entry_shares": [
        0.7747996359035693,
        0.22520036409643082
      ],
      "entry_target_total": 0.03277103016517931,
      "entry_total": 0.024296591484187433,
      "err": 0.35732332643273823,
      "err_e": 0.35732332643273823,
      "err_p": 0.20967549036628474,
      "iter": 47,
      "mode": "E",
      "outside_entry_prob": 0.09783471080074256,
      "own_rate": 0.22731554216038538,
      "p": [
        0.5470491912187151,
        0.7243400883151666
      ],
      "pop_share": [
        0.6669469308797867,
        0.3330530691202132
      ],
      "potential_entrant_mass": 0.03632486259171662
    },
    {
      "TFR": 1.6441785079466449,
      "entry_shares": [
        0.7754684966819453,
        0.22453150331805477
      ],
      "entry_target_total": 0.03270354876851511,
      "entry_total": 0.024390042949774492,
      "err": 0.351282000246266,
      "err_e": 0.351282000246266,
      "err_p": 0.20983278905618716,
      "iter": 48,
      "mode": "E",
      "outside_entry_prob": 0.10091922833345925,
      "own_rate": 0.22552977705367647,
      "p": [
        0.5478728095688248,
        0.7253422440260304
      ],
      "pop_share": [
        0.6671995604393094,
        0.3328004395606902
      ],
      "potential_entrant_mass": 0.036374427970354256
    },
    {
      "TFR": 1.6418780956784826,
      "entry_shares": [
        0.7761548337078095,
        0.2238451662921905
      ],
      "entry_target_total": 0.03262777764171366,
      "entry_total": 0.024484945119210903,
      "err": 0.3448983135919006,
      "err_e": 0.3448983135919006,
      "err_p": 0.2103834565479328,
      "iter": 49,
      "mode": "E",
      "outside_entry_prob": 0.10420501715763368,
      "own_rate": 0.22545551371826658,
      "p": [
        0.5487308018664384,
        0.7263558450480061
      ],
      "pop_share": [
        0.6677035157047337,
        0.3322964842952656
      ],
      "potential_entrant_mass": 0.03642326454897682
    },
    {
      "TFR": 1.618819823695672,
      "entry_shares": [
        0.7768582646824623,
        0.22314173531753756
      ],
      "entry_target_total": 0.03229615563523291,
      "entry_total": 0.02458123084968382,
      "err": 0.33050862403133285,
      "err_e": 0.33050862403133285,
      "err_p": 0.20115079319059376,
      "iter": 50,
      "mode": "F",
      "outside_entry_prob": 0.10847766050312854,
      "own_rate": 0.20440848077736545,
      "p": [
        0.5496227701326298,
        0.7273875952618903
      ],
      "pop_share": [
        0.6622995908238855,
        0.33770040917611477
      ],
      "potential_entrant_mass": 0.03622585122595937
    }
  ],
  "mean_age_first_birth": 33.88417406643188,
  "normalize_population_mass": false,
  "outside_value": -42.56021268866492,
  "outside_value_init": {
    "entry_values": [
      -42.36010778837747,
      -47.36010778837746
    ],