{
  "elapsed_sec": 82.68938902099762,
  "entrants_mature_total": 0.010186337087519327,
  "entry_mass_by_loc": [
    0.009540585032572726,
    0.004885873139880809
  ],
  "entry_rate": 0.014426458172453535,
  "first_trace": [
    {
      "TFR": 1.701507952159201,
      "entry_shares": [
        0.5,
        0.5
      ],
      "entry_target_total": 0.01452797390645954,
      "entry_total": 0.016666666666666666,
      "err": 0.9872731866827342,
      "err_e": 0.8677521208071832,
      "err_p": 0.9872731866827342,
      "iter": 1,
      "mode": "F",
      "outside_entry_prob": 0.5252694925892097,
      "own_rate": 0.33853432595902966,
      "p": [
        0.5714285714285715,
        1.2857142857142858
      ],
      "pop_share": [
        0.9730023468295538,
        0.026997653170446032
      ],
      "potential_entrant_mass": 0.030602570678880565
    },
    {
      "TFR": 1.6960837864870704,
      "entry_shares": [
        0.5059276146943249,
        0.49407238530567515
      ],
      "entry_target_total": 0.014145803827616592,
      "entry_total": 0.016632447582503353,
      "err": 0.9861416762512198,
      "err_e": 0.8694180031283423,
      "err_p": 0.9861416762512198,
      "iter": 2,
      "mode": "F",
      "outside_entry_prob": 0.5366509227121877,
      "own_rate": 0.3396306150732095,
      "p": [
        0.57275963086808,
        1.2654046658739553
      ],
      "pop_share": [
        0.9716886805458782,
        0.028311319454121853
      ],
      "potential_entrant_mass": 0.03052947447401484
    },
    {
      "TFR": 1.6859061451716433,
      "entry_shares": [
        0.5160297986908008,
        0.48397020130919927
      ],
      "entry_target_total": 0.013506750872744918,
      "entry_total": 0.016567476036480965,
      "err": 0.9837863397697533,
      "err_e": 0.8722154536903143,
      "err_p": 0.9837863397697533,
      "iter": 3,
      "mode": "F",
      "outside_entry_prob": 0.5555861078759069,
      "own_rate": 0.3378206504108952,
      "p": [
        0.5750174835352239,
        1.2304908932180152
      ],
      "pop_share": [
        0.9690291378508916,
        0.030970862149108946
      ],
      "potential_entrant_mass": 0.03039227871160572
    }
  ],
  "housing_demand": [
    3.357758557853809,
    2.455717388476862
  ],
  "housing_increment_0to1": 0.6760239099422121,
  "housing_increment_1to2": 0.16796487346635924,
  "lambda_eq": 0.08,
  "last_trace": [
    {
      "TFR": 1.6705405412104255,
      "entry_shares": [
        0.6953966463338509,
        0.30460335366614905
      ],
      "entry_target_total": 0.029236629430420005,
      "entry_total": 0.017594843158466142,
      "err": 0.8329125028477864,
      "err_e": 0.8329125028477864,
      "err_p": 0.09354632859146078,
      "iter": 26,
      "mode": "E",
      "outside_entry_prob": 0.06033783136438776,
      "own_rate": 0.23436516204326244,
      "p": [
        0.5345953898732442,
        0.6812246922611165
      ],
      "pop_share": [
        0.57703208276345,
        0.42296791723655
      ],
      "potential_entrant_mass": 0.031113979477189704
    },
    {
      "TFR": 1.6747707301657697,
      "entry_shares": [
        0.697880805335139,
        0.30211919466486103
      ],
      "entry_target_total": 0.029529654213411808,
      "entry_total": 0.017894589443915757,
      "err": 0.8268486036734815,
      "err_e": 0.8268486036734815,
      "err_p": 0.0862880163771271,
      "iter": 27,
      "mode": "E",
      "outside_entry_prob": 0.059491204707492994,
      "own_rate": 0.23494423884366727,
      "p": [
        0.5332771362858588,
        0.6832329220115156
      ],
      "pop_share": [
        0.5849535640758929,
        0.41504643592410734
      ],
      "potential_entrant_mass": 0.031397531167401585
    },
    {
      "TFR": 1.6778956402601968,
      "entry_shares": [
        0.7004434330672636,
        0.2995565669327363
      ],
      "entry_target_total": 0.029791891911052873,
      "entry_total": 0.018180055811483214,
      "err": 0.8175143108659553,
      "err_e": 0.8175143108659553,
      "err_p": 0.082348848825903,
      "iter": 28,
      "mode": "E",
      "outside_entry_prob": 0.0590235676026831,
      "own_rate": 0.23729612607839826,
      "p": [
        0.5323367989726508,
        0.6849386987927688
      ],
      "pop_share": [
        0.5915527584248192,
        0.40844724157518064
      ],
      "potential_entrant_mass": 0.03166061432075652
    },
    {
      "TFR": 1.679506716534153,
      "entry_shares": [
        0.7030133891509551,
        0.29698661084904493
      ],
      "entry_target_total": 0.03002051477012489,
      "entry_total": 0.018450654108006684,
      "err": 0.8057364767148059,
      "err_e": 0.8057364767148059,
      "err_p": 0.08237227157732248,
      "iter": 29,
      "mode": "E",
      "outside_entry_prob": 0.05887806323110999,
      "own_rate": 0.23788237620855476,
      "p": [
        0.5317069398297143,
        0.6863990889706014
      ],
      "pop_share": [
        0.5963202353107593,
        0.40367976468924066
      ],
      "potential_entrant_mass": 0.031898645220398245
    },
    {
      "TFR": 1.6830795279317554,
      "entry_shares": [
        0.7055375408468189,
        0.29446245915318126
      ],
      "entry_target_total": 0.030246263155822736,
      "entry_total": 0.01870611577482592,
      "err": 0.7940801051810942,
      "err_e": 0.7940801051810942,
      "err_p": 0.08450300216524126,
      "iter": 30,
      "mode": "F",
      "outside_entry_prob": 0.05898836438986473,
      "own_rate": 0.24053108512828486,
      "p": [
        0.5313274855262275,
        0.6876673209872257
      ],
      "pop_share": [
        0.6005745197607735,
        0.3994254802392267
      ],
      "potential_entrant_mass": 0.032142283911517834
    }
  ],
  "local_birth_entry_weight": 1.0,
  "mean_age_first_birth": 34.23281367858781,
  "normalize_population_mass": false,
  "outside_entry_flow": 0.016666666666666666,
  "outside_value": -42.0,
  "own_rate": 0.16509698739389847,
  "p_eq": [
    0.5932517520252726,
    0.7180518443178698
  ],
  "pop_share": [
    0.5638636198448169,
    0.43613638015518297
  ],
  "population_closure": "outside_option_local_births",
  "prime_childless_owner_median_rooms": 6.0,
  "prime_childless_renter_median_rooms": 6.8415770490843695,
  "setup": "fast",
  "target_filter_weight": 0.2,
  "tfr": 1.4370520585537396,
  "timings": {
    "bellman_eval": 27.64728262101562,
    "bellman_full": 19.234199546990567,
    "best_eq_error": 0.34654908934527195,
    "distribution": 28.412859227020817,
    "n_dist": 30,
    "n_eval": 19,
    "n_full": 11
  },
  "total_mass": 0.8655874903454716
}