{
  "elapsed_sec": 21.325390710000647,
  "entrants_mature_total": 0.010388801836227257,
  "entry_mass_by_loc": [
    0.009584606336325087,
    0.00530263340106682
  ],
  "entry_rate": 0.014887239737391906,
  "ge_trace": [
    {
      "TFR": 1.701507952159201,
      "entry_shares": [
        0.5,
        0.5
      ],
      "entry_target_total": 0.01452797390645954,
      "entry_total": 0.016666666666666666,
      "err": 0.9872731866827342,
      "err_e": 0.8677521208071832,
      "err_p": 0.9872731866827342,
      "iter": 1,
      "mode": "F",
      "outside_entry_prob": 0.5252694925892097,
      "own_rate": 0.33853432595902966,
      "p": [
        0.5714285714285715,
        1.2857142857142858
      ],
      "pop_share": [
        0.9730023468295538,
        0.026997653170446032
      ],
      "potential_entrant_mass": 0.030602570678880565
    },
    {
      "TFR": 1.6594103640196665,
      "entry_shares": [
        0.5405474234958563,
        0.45945257650414373
      ],
      "entry_target_total": 0.012075561649892635,
      "entry_total": 0.016435367044650265,
      "err": 0.9752324330073864,
      "err_e": 0.8786619619642901,
      "err_p": 0.9752324330073864,
      "iter": 2,
      "mode": "F",
      "outside_entry_prob": 0.5983955397262706,
      "own_rate": 0.3321741635703195,
      "p": [
        0.5804257013274992,
        1.1484339491060516
      ],
      "pop_share": [
        0.9601571236064295,
        0.03984287639357086
      ],
      "potential_entrant_mass": 0.03006829566001846
    },
    {
      "TFR": 1.5615357682879492,
      "entry_shares": [
        0.5928493808636713,
        0.40715061913632855
      ],
      "entry_target_total": 0.009872826937403562,
      "entry_total": 0.01584270383061841,
      "err": 0.9078428670220013,
      "err_e": 0.8718654209866569,
      "err_p": 0.9078428670220013,
      "iter": 3,
      "mode": "F",
      "outside_entry_prob": 0.6574781525140482,
      "own_rate": 0.2841121509476398,
      "p": [
        0.5913997057481992,
        0.9601639721431081
      ],
      "pop_share": [
        0.9061819636894191,
        0.09381803631058085
      ],
      "potential_entrant_mass": 0.028823933450868373
    },
    {
      "TFR": 1.4201661914160935,
      "entry_shares": [
        0.6438135279202679,
        0.35618647207973203
      ],
      "entry_target_total": 0.01193255457161363,
      "entry_total": 0.014887239737391906,
      "err": 0.6455784876167783,
      "err_e": 0.6455784876167783,
      "err_p": 0.5446239719804312,
      "iter": 4,
      "mode": "E",
      "outside_entry_prob": 0.5589596029249946,
      "own_rate": 0.1880129489119796,
      "p": [
        0.5979149276372017,
        0.774220981010175
      ],
      "pop_share": [
        0.721215850160382,
        0.27878414983961813
      ],
      "potential_entrant_mass": 0.027055468503000467
    },
    {
      "TFR": 1.5475340290856925,
      "entry_shares": [
        0.6894284112100995,
        0.31057158878990054
      ],
      "entry_target_total": 0.02461255001318991,
      "entry_total": 0.014108076222206679,
      "err": 1.8294482608396727,
      "err_e": 1.8294482608396727,
      "err_p": 0.630299327550871,
      "iter": 5,
      "mode": "F",
      "outside_entry_prob": 0.10156275199356415,
      "own_rate": 0.3021047541118431,
      "p": [
        0.5936764283968204,
        0.640710808333663
      ],
      "pop_share": [
        0.30153818067496135,
        0.6984618193250383
      ],
      "potential_entrant_mass": 0.027394845959251235
    },
    {
      "TFR": 1.5909224646476419,
      "entry_shares": [
        0.6791875770143879,
        0.3208124229856121
      ],
      "entry_target_total": 0.02671522120736013,
      "entry_total": 0.014859456791985148,
      "err": 1.5935397047432394,
      "err_e": 1.5935397047432394,
      "err_p": 0.6900941473665895,
      "iter": 6,
      "mode": "E",
      "outside_entry_prob": 0.05555253674571057,
      "own_rate": 0.2946393698754927,
      "p": [
        0.569592716169643,
        0.6306637304065039
      ],
      "pop_share": [
        0.33039324973862094,
        0.6696067502613788
      ],
      "potential_entrant_mass": 0.02828661439282954
    },
    {
      "TFR": 1.6180897837602863,
      "entry_shares": [
        0.6574538408828312,
        0.34254615911716885
      ],
      "entry_target_total": 0.02809777156072639,
      "entry_total": 0.01638168079151789,
      "err": 0.888180970509352,
      "err_e": 0.888180970509352,
      "err_p": 0.26486519691309435,
      "iter": 7,
      "mode": "E",
      "outside_entry_prob": 0.053895958206835605,
      "own_rate": 0.2573487351716571,
      "p": [
        0.5392171964804994,
        0.6647655786610844
      ],
      "pop_share": [
        0.487026603972323,
        0.5129733960276769
      ],
      "potential_entrant_mass": 0.02969839501739395
    },
    {
      "TFR": 1.6939497122919425,
      "entry_shares": [
        0.6625605173175299,
        0.3374394826824702
      ],
      "entry_target_total": 0.030508683318059057,
      "entry_total": 0.01845628777278261,
      "err": 1.0247832654816622,
      "err_e": 1.0247832654816622,
      "err_p": 0.15998032606882104,
      "iter": 8,
      "mode": "E",
      "outside_entry_prob": 0.04791378212997792,
      "own_rate": 0.11664088507766926,
      "p": [
        0.5171749250147939,
        0.6974912598329459
      ],
      "pop_share": [
        0.671336074964802,
        0.3286639250351985
      ],
      "potential_entrant_mass": 0.032044034190844756
    }
  ],
  "housing_demand": [
    4.36965590936702,
    1.6001743351163351
  ],
  "housing_increment_0to1": 0.7057300626482901,
  "housing_increment_1to2": 0.27800461770818696,
  "local_birth_entry_weight": 1.0,
  "mean_age_first_birth": 34.182361199835846,
  "normalize_population_mass": false,
  "outside_entry_flow": 0.016666666666666666,
  "outside_value": -42.0,
  "own_rate": 0.1880129489115919,
  "p_eq": [
    0.5979149276372017,
    0.774220981010175
  ],
  "pop_share": [
    0.7212158501605911,
    0.278784149839409
  ],
  "population_closure": "outside_option_local_births",
  "prime_childless_owner_median_rooms": 6.0,
  "prime_childless_renter_median_rooms": 6.82427504257973,
  "setup": "fast",
  "tfr": 1.4201661914048753,
  "timings": {
    "bellman_eval": 3.9420170950033935,
    "bellman_full": 5.493501883007411,
    "best_eq_error": 0.6455784876167783,
    "distribution": 5.638513375990442,
    "n_dist": 8,
    "n_eval": 4,
    "n_full": 4
  },
  "total_mass": 0.8932343842415286
}