{
  "elapsed_sec": 151.23351570800878,
  "housing_increment_0to1": 0.5107348036169039,
  "housing_increment_1to2": 0.21899608695665052,
  "max_iter_eq": 120,
  "mean_age_first_birth": 33.73007635594646,
  "migration_rate_2245": 0.0693303850436948,
  "own_rate": 0.24495461190726195,
  "p_eq": [
    0.521643319531872,
    0.6746490151225139
  ],
  "pop_share": [
    0.5893453905482993,
    0.41065460945170107
  ],
  "prime_childless_owner_median_rooms": 8.5,
  "prime_childless_renter_median_rooms": 7.178381366999975,
  "setup": "fast",
  "tfr": 1.7096848199574957,
  "timings": {
    "bellman_eval": 30.688784933940042,
    "bellman_full": 29.482767495966982,
    "best_eq_error": 0.0013249221431789868,
    "distribution": 85.60309485299513,
    "n_dist": 26,
    "n_eval": 17,
    "n_full": 9
  },
  "total_mass": 0.9999999999999997
}