{
  "cases": [
    {
      "best_eq_error": 0.009333998322994768,
      "case": "low_psi",
      "city_entry_prob_total": 0.548063673727724,
      "denominator": 0.5538283043333527,
      "elapsed_sec": 64.09468390499387,
      "implied_entry_total": 0.01649318839549718,
      "implied_housing_demand": [
        4.336507710591809,
        2.693246763791501
      ],
      "implied_total_population": 0.9895913037279177,
      "last_err": 0.009333998322994768,
      "last_trace": [
        {
          "TFR": 1.6561219003395202,
          "entry_shares": [
            0.7669100472247732,
            0.23308995277522684
          ],
          "entry_total": 0.016666666666666666,
          "err": 0.020011959944280105,
          "err_e": 0.0020938290379582947,
          "err_p": 0.020011959944280105,
          "implied_total_population": 0.9947208937605241,
          "iter": 25,
          "mode": "F",
          "outside_entry_prob": 0.4503779978215279,
          "own_rate": 0.24416635050738672,
          "p": [
            0.5188978296469579,
            0.6691765799583896
          ],
          "pop_share": [
            0.5865386939833368,
            0.41346130601666314
          ],
          "scale_factor": 0.9947208937605241
        },
        {
          "TFR": 1.656066692541224,
          "entry_shares": [
            0.7667299648045189,
            0.23327003519548106
          ],
          "entry_total": 0.016666666666666666,
          "err": 0.014158335629159736,
          "err_e": 0.001505844322246097,
          "err_p": 0.014158335629159736,
          "implied_total_population": 0.9919091386749437,
          "iter": 26,
          "mode": "E",
          "outside_entry_prob": 0.45122922603300203,
          "own_rate": 0.24467472010412336,
          "p": [
            0.5189284876470057,
            0.6694140907466033
          ],
          "pop_share": [
            0.5869707528838414,
            0.4130292471161588
          ],
          "scale_factor": 0.9919091386749437
        },
        {
          "TFR": 1.6560462523489863,
          "entry_shares": [
            0.7665763903534663,
            0.23342360964653378
          ],
          "entry_total": 0.016666666666666666,
          "err": 0.009333998322994768,
          "err_e": 0.0009645052339029014,
          "err_p": 0.009333998322994768,
          "implied_total_population": 0.9895913037364138,
          "iter": 27,
          "mode": "E",
          "outside_entry_prob": 0.45193632627227587,
          "own_rate": 0.24464919929031023,
          "p": [
            0.5189457895026398,
            0.6696320880111712
          ],
          "pop_share": [
            0.5874225104744645,
            0.41257748952553575
          ],
          "scale_factor": 0.9895913037364138
        }
      ],
      "mature_cityborn_per_entry": 0.8140873352031422,
      "n_dist": 27,
      "outside_entry_prob": 0.45193632627227587,
      "own_rate": 0.24464919928977638,
      "p_eq": [
        0.5189457895026398,
        0.6696320880111712
      ],
      "pop_share": [
        0.5874225104744326,
        0.4125774895255676
      ],
      "psi_child": 0.03,
      "scale_factor": 0.9895913037279175,
      "tfr": 1.6560462523380044
    },
    {
      "best_eq_error": 0.005194599828954865,
      "case": "baseline_psi",
      "city_entry_prob_total": 0.54403768560927,
      "denominator": 0.542966032176907,
      "elapsed_sec": 67.08704921500612,
      "implied_entry_total": 0.016699561708862536,
      "implied_housing_demand": [
        4.405758779145676,
        2.6954163996412164
      ],
      "implied_total_population": 1.001973702530339,
      "last_err": 0.010427717624530097,
      "last_trace": [
        {
          "TFR": 1.7089058271459088,
          "entry_shares": [
            0.769786184134564,
            0.23021381586543596
          ],
          "entry_total": 0.016666666666666666,
          "err": 0.005401374380819277,
          "err_e": 0.001140418269645782,
          "err_p": 0.005401374380819277,
          "implied_total_population": 0.996874171341368,
          "iter": 24,
          "mode": "E",
          "outside_entry_prob": 0.45747453183347153,
          "own_rate": 0.24453968007496005,
          "p": [
            0.522232301789642,
            0.6734241360398696
          ],
          "pop_share": [
            0.5923028937778277,
            0.4076971062221726
          ],
          "scale_factor": 0.996874171341368
        },
        {
          "TFR": 1.7088653782965482,
          "entry_shares": [
            0.7697405275979108,
            0.2302594724020892
          ],
          "entry_total": 0.016666666666666666,
          "err": 0.005194599828954865,
          "err_e": 0.0016527751203061491,
          "err_p": 0.005194599828954865,
          "implied_total_population": 1.00197370253659,
          "iter": 25,
          "mode": "F",
          "outside_entry_prob": 0.4559623143907301,
          "own_rate": 0.24092124056240435,
          "p": [
            0.5221506029636765,
            0.6730667885800826
          ],
          "pop_share": [
            0.5912217596422366,
            0.40877824035776367
          ],
          "scale_factor": 1.00197370253659
        },
        {
          "TFR": 1.7089618933007718,
          "entry_shares": [
            0.7696570005252863,
            0.23034299947471376
          ],
          "entry_total": 0.016666666666666666,
          "err": 0.010427717624530097,
          "err_e": 0.0018617952686970085,
          "err_p": 0.010427717624530097,
          "implied_total_population": 1.004926708037275,
          "iter": 26,
          "mode": "E",
          "outside_entry_prob": 0.4551071579906489,
          "own_rate": 0.24077468846318395,
          "p": [
            0.5221014071844395,
            0.672875432687526
          ],
          "pop_share": [
            0.5909358510995572,
            0.40906414890044296
          ],
          "scale_factor": 1.0049267080372752
        }
      ],
      "mature_cityborn_per_entry": 0.8400777738609392,
      "n_dist": 26,
      "outside_entry_prob": 0.4559623143907301,
      "own_rate": 0.2409212405620682,
      "p_eq": [
        0.5221506029636765,
        0.6730667885800826
      ],
      "pop_share": [
        0.5912217596422247,
        0.40877824035777505
      ],
      "psi_child": 0.07,
      "scale_factor": 1.0019737025303386,
      "tfr": 1.7088653782895142
    },
    {
      "best_eq_error": 0.0052415379896396585,
      "case": "high_psi",
      "city_entry_prob_total": 0.5404229360785917,
      "denominator": 0.5393104012794845,
      "elapsed_sec": 64.14995134000492,
      "implied_entry_total": 0.016701048066706043,
      "implied_housing_demand": [
        4.411633284478933,
        2.678889067574201
      ],
      "implied_total_population": 1.0020628840008445,
      "last_err": 0.0052415379896396585,
      "last_trace": [
        {
          "TFR": 1.7343425363017124,
          "entry_shares": [
            0.7716801271231533,
            0.22831987287684674
          ],
          "entry_total": 0.016666666666666666,
          "err": 0.014537622865243228,
          "err_e": 0.0018764050491586193,
          "err_p": 0.014537622865243228,
          "implied_total_population": 0.9965233865454727,
          "iter": 24,
          "mode": "E",
          "outside_entry_prob": 0.4612373535907874,
          "own_rate": 0.24109201964811325,
          "p": [
            0.5240684137450871,
            0.6752661582659185
          ],
          "pop_share": [
            0.5939241042201947,
            0.4060758957798056
          ],
          "scale_factor": 0.9965233865454729
        },
        {
          "TFR": 1.733941609335959,
          "entry_shares": [
            0.7715215703351593,
            0.22847842966484067
          ],
          "entry_total": 0.016666666666666666,
          "err": 0.009755890935501575,
          "err_e": 0.00198817905330656,