{
  "accounting_scale": {
    "city_entry_prob": [
      0.41762557300067615,
      0.12582007694426092
    ],
    "city_entry_prob_total": 0.543445649944937,
    "denominator": 0.5434456499441666,
    "entry_values": [
      -36.16243321644699,
      -38.56189791052265
    ],
    "finite_stationary_scale": true,
    "implied_entry_by_loc": [
      0.012807952768401123,
      0.003858713898289174
    ],
    "implied_entry_total": 0.016666666666690297,
    "implied_housing_demand": [
      4.401033876921574,
      2.6866117794297937
    ],
    "implied_outside_entry_mass": 0.014001840236215255,
    "implied_potential_entrant_mass": 0.030668506902905554,
    "implied_total_population": 0.9999999999999993,
    "kappa_entry": 2.0,
    "local_birth_entry_weight": 1.0,
    "mature_cityborn_per_entry": 0.840110414173142,
    "outside_entry_flow": 0.016666666666666666,
    "outside_entry_prob": 0.4565543500550629,
    "outside_value": -35.984188259652456,
    "reference_entry_total": 0.016666666666690307,
    "reference_housing_demand": [
      4.401033876921577,
      2.6866117794297955
    ],
    "reference_mature_cityborn_flow": 0.014001840236238895,
    "reference_total_population": 1.0,
    "scale_factor": 0.9999999999999993
  },
  "elapsed_sec": 74.63962643400009,
  "first_trace": [
    {
      "TFR": 1.7015079521592007,
      "entry_shares": [
        0.5,
        0.5
      ],
      "entry_total": 0.016666666666666666,
      "err": 0.9872731866827342,
      "err_e": 0.4241418199787562,
      "err_p": 0.9872731866827342,
      "implied_total_population": 1.000000000000001,
      "iter": 1,
      "mode": "F",
      "outside_entry_prob": 0.4553834433860592,
      "own_rate": 0.3385343259590297,
      "p": [
        0.5714285714285715,
        1.2857142857142858
      ],
      "pop_share": [
        0.9730023468295541,
        0.02699765317044603
      ],
      "scale_factor": 1.0000000000000013
    },
    {
      "TFR": 1.6594103640196654,
      "entry_shares": [
        0.5458709378307025,
        0.45412906216929755
      ],
      "entry_total": 0.016666666666666666,
      "err": 0.9748496316980968,
      "err_e": 0.3782521362342184,
      "err_p": 0.9748496316980968,
      "implied_total_population": 0.9999999999999998,
      "iter": 2,
      "mode": "F",
      "outside_entry_prob": 0.44916146974992655,
      "own_rate": 0.33217416357031965,
      "p": [
        0.5804257013274992,
        1.1484339491060516
      ],
      "pop_share": [
        0.9602458725711384,
        0.039754127428861794
      ],
      "scale_factor": 0.9999999999999996
    },
    {
      "TFR": 1.5594510937431116,
      "entry_shares": [
        0.609227165098905,
        0.3907728349010951
      ],
      "entry_total": 0.016666666666666666,
      "err": 0.9019435659778772,
      "err_e": 0.30704770857539315,
      "err_p": 0.9019435659778772,
      "implied_total_population": 1.0000000000000004,
      "iter": 3,
      "mode": "F",
      "outside_entry_prob": 0.4338595968929949,
      "own_rate": 0.28364981374711823,
      "p": [
        0.5919034440855963,
        0.9602129436181426
      ],
      "pop_share": [
        0.9063483386561215,
        0.09365166134387841
      ],
      "scale_factor": 1.0000000000000004
    }
  ],
  "housing_increment_0to1": 0.5097646452382039,
  "housing_increment_1to2": 0.21731213890543977,
  "last_trace": [
    {
      "TFR": 1.7101531338291387,
      "entry_shares": [
        0.7629588836975821,
        0.23704111630241798
      ],
      "entry_total": 0.016666666666666666,
      "err": 0.006658443633519778,
      "err_e": 0.006658443633519778,
      "err_p": 0.004300528941047133,
      "implied_total_population": 0.9999999999999986,
      "iter": 19,
      "mode": "E",
      "outside_entry_prob": 0.4567322694879362,
      "own_rate": 0.24245258318895038,
      "p": [
        0.5217557432725101,
        0.6736176998983225
      ],
      "pop_share": [
        0.593020739293618,
        0.40697926070638196
      ],
      "scale_factor": 0.9999999999999986
    },
    {
      "TFR": 1.7093364830069793,
      "entry_shares": [
        0.7643191654624222,
        0.23568083453757793
      ],
      "entry_total": 0.016666666666666666,
      "err": 0.004321070706984759,
      "err_e": 0.004321070706984759,
      "err_p": 0.0005913385884046542,
      "implied_total_population": 1.0000000000000022,
      "iter": 20,
      "mode": "F",
      "outside_entry_prob": 0.45661331468417427,
      "own_rate": 0.24206519654479092,
      "p": [
        0.5219802866991075,
        0.6732453218912341
      ],
      "pop_share": [
        0.5917394067570131,
        0.40826059324298725
      ],
      "scale_factor": 1.0000000000000024
    },
    {
      "TFR": 1.7089137145834417,
      "entry_shares": [
        0.7653572140095208,
        0.23464278599047925
      ],
      "entry_total": 0.016666666666666666,
      "err": 0.0035578083484218894,
      "err_e": 0.0026944742125487864,
      "err_p": 0.0035578083484218894,
      "implied_total_population": 0.999999999999999,
      "iter": 21,
      "mode": "E",
      "outside_entry_prob": 0.45655160677393414,
      "own_rate": 0.24103046622879734,
      "p": [
        0.5221229318603768,
        0.673028115165559
      ],
      "pop_share": [
        0.5909309276662165,
        0.4090690723337837
      ],
      "scale_factor": 0.999999999999999
    },
    {
      "TFR": 1.7087579140109925,
      "entry_shares": [
        0.7661082130459069,
        0.23389178695409318
      ],
      "entry_total": 0.016666666666666666,
      "err": 0.004310502791901002,
      "err_e": 0.0017747939494887066,
      "err_p": 0.004310502791901002,
      "implied_total_population": 1.0000000000000007,
      "iter": 22,
      "mode": "E",
      "outside_entry_prob": 0.4565288630955204,
      "own_rate": 0.24089346937674314,
      "p": [
        0.5221795628646082,
        0.6729771295644835
      ],
      "pop_share": [
        0.5907336400680087,
        0.40926635993199134
      ],
      "scale_factor": 1.0000000000000007
    },
    {
      "TFR": 1.708777401146516,
      "entry_shares": [
        0.7665864749567519,
        0.23341352504324814
      ],
      "entry_total": 0.016666666666666666,
      "err": 0.0037841777864696473,
      "err_e": 0.0013783686668119577,
      "err_p": 0.0037841777864696473,
      "implied_total_population": 1.0000000000000013,
      "iter": 23,
      "mode": "E",
      "outside_entry_prob": 0.4565317120613566,
      "own_rate": 0.24097668432020733,
      "p": [
        0.522178002374109,
        0.67301994774176
      ],
      "pop_share": [
        0.590877138539599,
        0.40912286146040094
      ],
      "scale_factor": 1.000000000000001
    },
    {
      "TFR": 1.708841989870824,
      "entry_shares": [
        0.7669054326246586,
        0.23309456737534145
      ],
      "entry_total": 0.016666666666666666,
      "err": 0.002937735619613352,
      "err_e": 0.0012193969804372706,
      "err_p": 0.002937735619613352,
      "implied_total_population": 1.0000000000000007,
      "iter": 24,
      "mode": "E",
      "outside_entry_prob": 0.4565411406899123,
      "own_rate": 0.24097182401798353,
      "p": [
        0.5221615690313146,
        0.6730943821591093
      ],
      "pop_share": [
        0.5911049211781574,
        0.40889507882184256
      ],
      "scale_factor": 1.0000000000000004
    },
    {
      "TFR": 1.7088744972086207,
      "entry_shares": [
        0.767159532591102,
        0.23284046740889805
      ],
      "entry_total": 0.016666666666666666,
      "err": 0.0016520389416236512,
      "err_e": 0.0011539868027262146,
      "err_p": 0.0016520389416236512,
      "implied_total_population": 1.0000000000000007,
      "iter": 25,
      "mode": "F",
      "outside_entry_prob": 0.4565459524172288,
      "own_rate": 0.2419177422956162,
      "p": [
        0.5221411452072676,
        0.6731815557272021
      ],