{
  "cases": [
    {
      "best_eq_error": 0.0009921769367611244,
      "case": "low_psi",
      "city_entry_prob_total": 0.5525072291811141,
      "denominator": 0.5525072291803746,
      "elapsed_sec": 55.517585221001355,
      "implied_housing_demand": [
        4.397298629249188,
        2.687051651872965
      ],
      "implied_total_population": 0.9999999999999994,
      "last_trace": [
        {
          "TFR": 1.647563071387834,
          "entry_shares": [
            0.7678170299912941,
            0.23218297000870597
          ],
          "entry_total": 0.016666666666666666,
          "err": 0.0043433290470587796,
          "err_e": 0.0014828973541600454,
          "err_p": 0.0043433290470587796,
          "implied_total_population": 1.0000000000000036,
          "iter": 22,
          "mode": "E",
          "outside_entry_prob": 0.44747943621388175,
          "own_rate": 0.24179354664614652,
          "p": [
            0.5220044814302951,
            0.6737473135920131
          ],
          "pop_share": [
            0.5900095700874086,
            0.4099904299125915
          ],
          "scale_factor": 1.0000000000000033
        },
        {
          "TFR": 1.6474458410198036,
          "entry_shares": [
            0.7682258821330338,
            0.23177411786696622
          ],
          "entry_total": 0.016666666666666666,
          "err": 0.0034541330303972137,
          "err_e": 0.001192615564870797,
          "err_p": 0.0034541330303972137,
          "implied_total_population": 0.9999999999999983,
          "iter": 23,
          "mode": "F",
          "outside_entry_prob": 0.4474618453743334,
          "own_rate": 0.2420524007311438,
          "p": [
            0.5219953921285159,
            0.6738052110349687
          ],
          "pop_share": [
            0.5902561965015093,
            0.40974380349849066
          ],
          "scale_factor": 0.9999999999999981
        },
        {
          "TFR": 1.6475198437693992,
          "entry_shares": [
            0.7685298430929981,
            0.23147015690700184
          ],
          "entry_total": 0.016666666666666666,
          "err": 0.0024749239525149133,
          "err_e": 0.0010756817116557293,
          "err_p": 0.0024749239525149133,
          "implied_total_population": 0.9999999999999986,
          "iter": 24,
          "mode": "E",
          "outside_entry_prob": 0.4474730157281468,
          "own_rate": 0.24204440740991173,
          "p": [
            0.5219752579076392,
            0.6738925926318395
          ],
          "pop_share": [
            0.5905185699084143,
            0.40948143009158583
          ],
          "scale_factor": 0.9999999999999986
        },
        {
          "TFR": 1.647599357828588,
          "entry_shares": [
            0.7687700823264775,
            0.23122991767352247
          ],
          "entry_total": 0.016666666666666666,
          "err": 0.001453139631824977,
          "err_e": 0.001031461372914766,
          "err_p": 0.001453139631824977,
          "implied_total_population": 1.0,
          "iter": 25,
          "mode": "F",
          "outside_entry_prob": 0.4474849973429665,
          "own_rate": 0.24206810019291172,
          "p": [
            0.5219552104569269,
            0.673985057942968
          ],
          "pop_share": [
            0.5907907509272201,
            0.40920924907278006
          ],
          "scale_factor": 1.0
        },
        {
          "TFR": 1.647650895078751,
          "entry_shares": [
            0.7689742486009693,
            0.23102575139903064
          ],
          "entry_total": 0.016666666666666666,
          "err": 0.0009921769367611244,
          "err_e": 0.0009921769367611244,
          "err_p": 0.00018707726659282544,
          "implied_total_population": 0.9999999999999987,
          "iter": 26,
          "mode": "E",
          "outside_entry_prob": 0.44749277082080524,
          "own_rate": 0.2443715507874171,
          "p": [
            0.5219423383067344,
            0.6740657301356004
          ],
          "pop_share": [
            0.5912948909684687,
            0.40870510903153157
          ],
          "scale_factor": 0.9999999999999988
        }
      ],
      "mature_cityborn_per_entry": 0.8099310691063111,
      "n_dist": 26,
      "own_rate": 0.24437155078710238,
      "p_eq": [
        0.5219423383067344,
        0.6740657301356004
      ],
      "pop_share": [
        0.5912948909684511,
        0.40870510903154916
      ],
      "psi_child": 0.03,
      "reference_total_mass": 0.9999999999999999,
      "scale_factor": 0.9999999999999996,
      "tfr": 1.6476508950719098
    },
    {
      "best_eq_error": 0.0011020722294989849,
      "case": "baseline_psi",
      "city_entry_prob_total": 0.543445649944937,
      "denominator": 0.5434456499441666,
      "elapsed_sec": 44.41043382300268,
      "implied_housing_demand": [
        4.401033876921574,
        2.6866117794297937
      ],
      "implied_total_population": 0.9999999999999993,
      "last_trace": [
        {
          "TFR": 1.7087579140109925,
          "entry_shares": [
            0.7661082130459069,
            0.23389178695409318
          ],
          "entry_total": 0.016666666666666666,
          "err": 0.004310502791901002,
          "err_e": 0.0017747939494887066,
          "err_p": 0.004310502791901002,
          "implied_total_population": 1.0000000000000007,
          "iter": 22,
          "mode": "E",
          "outside_entry_prob": 0.4565288630955204,
          "own_rate": 0.24089346937674314,
          "p": [
            0.5221795628646082,
            0.6729771295644835
          ],
          "pop_share": [
            0.5907336400680087,
            0.40926635993199134
          ],
          "scale_factor": 1.0000000000000007
        },
        {
          "TFR": 1.708777401146516,
          "entry_shares": [
            0.7665864749567519,
            0.23341352504324814
          ],
          "entry_total": 0.016666666666666666,
          "err": 0.0037841777864696473,
          "err_e": 0.0013783686668119577,
          "err_p": 0.0037841777864696473,
          "implied_total_population": 1.0000000000000013,
          "iter": 23,
          "mode": "E",
          "outside_entry_prob": 0.4565317120613566,
          "own_rate": 0.24097668432020733,
          "p": [
            0.522178002374109,
            0.67301994774176
          ],
          "pop_share": [
            0.590877138539599,
            0.40912286146040094
          ],
          "scale_factor": 1.000000000000001
        },
        {
          "TFR": 1.708841989870824,
          "entry_shares": [
            0.7669054326246586,
            0.23309456737534145
          ],
          "entry_total": 0.016666666666666666,
          "err": 0.002937735619613352,
          "err_e": 0.0012193969804372706,
          "err_p": 0.002937735619613352,
          "implied_total_population": 1.0000000000000007,
          "iter": 24,
          "mode": "E",
          "outside_entry_prob": 0.4565411406899123,
          "own_rate": 0.24097182401798353,
          "p": [
            0.5221615690313146,
            0.6730943821591093
          ],
          "pop_share": [
            0.5911049211781574,
            0.40889507882184256
          ],
          "scale_factor": 1.0000000000000004
        },
        {
          "TFR": 1.7088744972086207,
          "entry_shares": [
            0.767159532591102,
            0.23284046740889805
          ],
          "entry_total": 0.016666666666666666,
          "err": 0.0016520389416236512,
          "err_e": 0.0011539868027262146,
          "err_p": 0.0016520389416236512,
          "implied_total_population": 1.0000000000000007,
          "iter": 25,
          "mode": "F",
          "outside_entry_prob": 0.4565459524172288,
          "own_rate": 0.2419177422956162,
          "p": [
            0.5221411452072676,
            0.6731815557272021
          ],