{
  "accounting_scale": {
    "calibrated_outside_value": true,
    "city_entry_prob": [
      0.47836456662983956,
      0.14574014664908325
    ],
    "city_entry_prob_total": 0.6241047132789228,
    "conditional_entry_shares": [
      0.766481259397332,
      0.23351874060266797
    ],
    "denominator": 0.47361051667880694,
    "entry_values": [
      -35.50396688363607,
      -37.88106271364574
    ],
    "finite_stationary_scale": true,
    "implied_entry_by_loc": [
      0.012625473616600894,
      0.0038465189622235857
    ],
    "implied_entry_total": 0.01647199257882448,
    "implied_housing_demand": [
      4.23438095787566,
      2.728069647003338
    ],
    "implied_outside_entry_mass": 0.009921002424023499,
    "implied_potential_entrant_mass": 0.026392995002847978,
    "implied_total_population": 0.988319554728132,
    "kappa_entry": 2.0,
    "local_birth_entry_weight": 1.0,
    "mature_cityborn_per_entry": 0.8434313539400251,
    "outside_entry_flow": 0.0125,
    "outside_entry_prob": 0.3758952867210772,
    "outside_value": -35.98609192692343,
    "reference_entry_total": 0.016666666666689207,
    "reference_housing_demand": [
      4.284424949014044,
      2.7603113122190304
    ],
    "reference_mature_cityborn_flow": 0.014057189232352763,
    "reference_total_population": 0.9999999999999999,
    "scale_factor": 0.9883195547281322,
    "stationary_entry_relative_residual": 0.0,
    "stationary_entry_residual": 0.0,
    "stationary_scale_residual": 0.0,
    "target_city_entry_total": 0.016666666666689207
  },
  "elapsed_sec": 171.70726750899485,
  "first_trace": [
    {
      "TFR": 1.7015079521592007,
      "entry_shares": [
        0.5,
        0.5
      ],
      "entry_total": 0.016666666666666666,
      "err": 0.9998191627360467,
      "err_e": 0.4241418199787562,
      "err_p": 0.9998191627360467,
      "implied_total_population": 0.03327013806297701,
      "iter": 1,
      "mode": "F",
      "outside_entry_prob": 0.9572263733938419,
      "own_rate": 0.3385343259590297,
      "p": [
        0.5714285714285715,
        1.2857142857142858
      ],
      "pop_share": [
        0.9730023468295541,
        0.02699765317044603
      ],
      "scale_denominator": 0.9642346507217381,
      "scale_factor": 0.03327013806297702,
      "scale_residual": 1.0842021724855044e-19
    },
    {
      "TFR": 1.8674139247792627,
      "entry_shares": [
        0.5458709378307025,
        0.45412906216929755
      ],
      "entry_total": 0.016666666666666666,
      "err": 0.9965754485439348,
      "err_e": 0.37825321631736386,
      "err_p": 0.9965754485439348,
      "implied_total_population": 0.23071025536595902,
      "iter": 2,
      "mode": "F",
      "outside_entry_prob": 0.7601105567702341,
      "own_rate": 0.36023556961613634,
      "p": [
        0.5225420412930176,
        1.1466894311358384
      ],
      "pop_share": [
        0.96513628202251,
        0.03486371797749018
      ],
      "scale_denominator": 0.7798399864667254,
      "scale_factor": 0.23071025536595907,
      "scale_residual": 0.0
    },
    {
      "TFR": 2.009050483305308,
      "entry_shares": [
        0.6092272854142269,
        0.3907727145857731
      ],
      "entry_total": 0.016666666666666666,
      "err": 0.9242405674271676,
      "err_e": 0.3090633271911043,
      "err_p": 0.9242405674271676,
      "implied_total_population": 1.4124689126246766,
      "iter": 3,
      "mode": "F",
      "outside_entry_prob": 0.34158342881162407,
      "own_rate": 0.4151340906350273,
      "p": [
        0.4778559802338723,
        0.9550756661857782
      ],
      "pop_share": [
        0.9463166934939574,
        0.05368330650604258
      ],
      "scale_denominator": 0.34960941368519793,
      "scale_factor": 1.4124689126246763,
      "scale_residual": 0.0
    }
  ],
  "housing_increment_0to1": 0.4420081643563636,
  "housing_increment_1to2": 0.15812796531713502,
  "last_trace": [
    {
      "TFR": 1.7154089204580831,
      "entry_shares": [
        0.7664375054005712,
        0.23356249459942874
      ],
      "entry_total": 0.016666666666666666,
      "err": 0.031442220589801805,
      "err_e": 0.00010377886718104801,
      "err_p": 0.031442220589801805,
      "implied_total_population": 0.9886782486715123,
      "iter": 153,
      "mode": "E",
      "outside_entry_prob": 0.3757807513893898,
      "own_rate": 0.2660584818853463,
      "p": [
        0.5143071080135222,
        0.6665877532729656
      ],
      "pop_share": [
        0.5743875604776068,
        0.42561243952239347
      ],
      "scale_denominator": 0.4735255752688311,
      "scale_factor": 0.9886782486715123,
      "scale_residual": 0.0
    },
    {
      "TFR": 1.7154092431015449,
      "entry_shares": [
        0.7664375323445681,
        0.2335624676554319
      ],
      "entry_total": 0.016666666666666666,
      "err": 0.0319259885831188,
      "err_e": 0.0001446703661105997,
      "err_p": 0.0319259885831188,
      "implied_total_population": 0.9888921929796581,
      "iter": 154,
      "mode": "E",
      "outside_entry_prob": 0.3757168581379136,
      "own_rate": 0.2660669528441387,
      "p": [
        0.5143061853370191,
        0.6665650329213325
      ],
      "pop_share": [
        0.5743367453202769,
        0.42566325467972305
      ],
      "scale_denominator": 0.473471587419232,
      "scale_factor": 0.9888921929796579,
      "scale_residual": 0.0
    },
    {
      "TFR": 1.7349162448676232,
      "entry_shares": [
        0.7664372960873526,
        0.2335627039126474
      ],
      "entry_total": 0.016666666666666666,
      "err": 0.09340058408078294,
      "err_e": 5.470210337954473e-05,
      "err_p": 0.09340058408078294,
      "implied_total_population": 1.0164680726980395,
      "iter": 155,
      "mode": "F",
      "outside_entry_prob": 0.37144039472053125,
      "own_rate": 0.27874058059723894,
      "p": [
        0.5143019914073452,
        0.6665880099848475
      ],
      "pop_share": [
        0.5613147686782815,
        0.4386852313217186
      ],
      "scale_denominator": 0.4637821065134875,
      "scale_factor": 1.0164680726980393,
      "scale_residual": 0.0
    },
    {
      "TFR": 1.7529890923031042,
      "entry_shares": [
        0.7664370475593175,
        0.23356295244068245
      ],
      "entry_total": 0.016666666666666666,
      "err": 0.11933197448685366,
      "err_e": 9.36980070687099e-05,
      "err_p": 0.11933197448685366,
      "implied_total_population": 0.933938298960544,
      "iter": 156,
      "mode": "E",
      "outside_entry_prob": 0.39940923350410373,
      "own_rate": 0.21212031091529382,
      "p": [
        0.5142957239575882,
        0.6667118248922549
      ],
      "pop_share": [
        0.6190564203231044,
        0.38094357967689546
      ],
      "scale_denominator": 0.4823049610164374,
      "scale_factor": 0.933938298960544,
      "scale_residual": -1.734723475976807e-18
    },
    {
      "TFR": 1.7349279485927014,
      "entry_shares": [
        0.7664370507953232,
        0.23356294920467674
      ],
      "entry_total": 0.016666666666666666,
      "err": 0.09215233996855728,
      "err_e": 7.237721383701601e-05,
      "err_p": 0.09215233996855728,
      "implied_total_population": 1.0160267657119206,
      "iter": 157,
      "mode": "F",
      "outside_entry_prob": 0.37156928620054575,
      "own_rate": 0.27869313475509605,
      "p": [
        0.5142965262674712,
        0.666652672116284
      ],
      "pop_share": [
        0.5614783191348612,
        0.4385216808651389
      ],
      "scale_denominator": 0.46388840457302216,
      "scale_factor": 1.0160267657119206,
      "scale_residual": 0.0
    },
    {
      "TFR": 1.75299070004561,
      "entry_shares": [
        0.7664371795483341,
        0.23356282045166585
      ],
      "entry_total": 0.016666666666666666,
      "err": 0.11950876169286596,
      "err_e": 0.00011505876727929687,
      "err_p": 0.11950876169286596,
      "implied_total_population": 0.9338937083687971,