{
  "cases": [
    {
      "best_eq_error": 0.0011020722294992347,
      "case": "low_outside_flow",
      "city_entry_prob_total": 0.628887145878274,
      "denominator": 0.47166535940803767,
      "elapsed_sec": 44.11353037799563,
      "implied_entry_total": 0.016666666666690266,
      "implied_housing_demand": [
        4.401033876921566,
        2.686611779429791
      ],
      "implied_total_population": 0.9999999999999976,
      "last_trace": [
        {
          "TFR": 1.7088419898708234,
          "entry_shares": [
            0.7669054326246583,
            0.23309456737534176
          ],
          "entry_total": 0.016666666666666666,
          "err": 0.0029377356196098876,
          "err_e": 0.0012193969804370486,
          "err_p": 0.0029377356196098876,
          "implied_total_population": 0.9999999999999986,
          "iter": 24,
          "mode": "E",
          "outside_entry_prob": 0.3710951645706549,
          "own_rate": 0.24097182401798348,
          "p": [
            0.5221615690313147,
            0.6730943821591094
          ],
          "pop_share": [
            0.5911049211781575,
            0.4088950788218424
          ],
          "scale_factor": 0.9999999999999981
        },
        {
          "TFR": 1.7088744972086203,
          "entry_shares": [
            0.7671595325911017,
            0.23284046740889836
          ],
          "entry_total": 0.016666666666666666,
          "err": 0.001652038941622002,
          "err_e": 0.0011539868027264921,
          "err_p": 0.001652038941622002,
          "implied_total_population": 0.9999999999999993,
          "iter": 25,
          "mode": "F",
          "outside_entry_prob": 0.37110160829457745,
          "own_rate": 0.2419177422956162,
          "p": [
            0.5221411452072676,
            0.6731815557272021
          ],
          "pop_share": [
            0.5914115817733994,
            0.40858841822660064
          ],
          "scale_factor": 0.9999999999999993
        },
        {
          "TFR": 1.7089320676219524,
          "entry_shares": [
            0.7673750938734787,
            0.23262490612652142
          ],
          "entry_total": 0.016666666666666666,
          "err": 0.0011020722294992347,
          "err_e": 0.0011020722294992347,
          "err_p": 0.0008049426157699675,
          "implied_total_population": 1.0000000000000002,
          "iter": 26,
          "mode": "E",
          "outside_entry_prob": 0.37111285412406353,
          "own_rate": 0.24191215209091382,
          "p": [
            0.5221270214573084,
            0.6732597895364014
          ],
          "pop_share": [
            0.5916359244196647,
            0.4083640755803351
          ],
          "scale_factor": 1.0
        }
      ],
      "mature_cityborn_per_entry": 0.8401104141731426,
      "n_dist": 26,
      "outside_entry_flow": 0.0125,
      "p_eq": [
        0.5221270214573084,
        0.6732597895364014
      ],
      "pop_share": [
        0.5916359244196528,
        0.4083640755803476
      ],
      "scale_factor": 0.9999999999999977,
      "tfr": 1.708932067614878
    },
    {
      "best_eq_error": 0.0011020722294989849,
      "case": "baseline_flow",
      "city_entry_prob_total": 0.543445649944937,
      "denominator": 0.5434456499441666,
      "elapsed_sec": 49.67423568600498,
      "implied_entry_total": 0.016666666666690297,
      "implied_housing_demand": [
        4.401033876921574,
        2.6866117794297937
      ],
      "implied_total_population": 0.9999999999999993,
      "last_trace": [
        {
          "TFR": 1.708841989870824,
          "entry_shares": [
            0.7669054326246586,
            0.23309456737534145
          ],
          "entry_total": 0.016666666666666666,
          "err": 0.002937735619613352,
          "err_e": 0.0012193969804372706,
          "err_p": 0.002937735619613352,
          "implied_total_population": 1.0000000000000007,
          "iter": 24,
          "mode": "E",
          "outside_entry_prob": 0.4565411406899123,
          "own_rate": 0.24097182401798353,
          "p": [
            0.5221615690313146,
            0.6730943821591093
          ],
          "pop_share": [
            0.5911049211781574,
            0.40889507882184256
          ],
          "scale_factor": 1.0000000000000004
        },
        {
          "TFR": 1.7088744972086207,
          "entry_shares": [
            0.767159532591102,
            0.23284046740889805
          ],
          "entry_total": 0.016666666666666666,
          "err": 0.0016520389416236512,
          "err_e": 0.0011539868027262146,
          "err_p": 0.0016520389416236512,
          "implied_total_population": 1.0000000000000007,
          "iter": 25,
          "mode": "F",
          "outside_entry_prob": 0.4565459524172288,
          "own_rate": 0.2419177422956162,
          "p": [
            0.5221411452072676,
            0.6731815557272021
          ],
          "pop_share": [
            0.5914115817733994,
            0.40858841822660064
          ],
          "scale_factor": 1.0000000000000007
        },
        {
          "TFR": 1.7089320676219517,
          "entry_shares": [
            0.7673750938734789,
            0.23262490612652112
          ],
          "entry_total": 0.016666666666666666,
          "err": 0.0011020722294989849,
          "err_e": 0.0011020722294989849,
          "err_p": 0.0008049426157709568,
          "implied_total_population": 1.0000000000000009,
          "iter": 26,
          "mode": "E",
          "outside_entry_prob": 0.4565543500569131,
          "own_rate": 0.24191215209091377,
          "p": [
            0.5221270214573084,
            0.6732597895364015
          ],
          "pop_share": [
            0.5916359244196651,
            0.408364075580335
          ],
          "scale_factor": 1.000000000000001
        }
      ],
      "mature_cityborn_per_entry": 0.840110414173142,
      "n_dist": 26,
      "outside_entry_flow": 0.016666666666666666,
      "p_eq": [
        0.5221270214573084,
        0.6732597895364015
      ],
      "pop_share": [
        0.5916359244196527,
        0.40836407558034726
      ],
      "scale_factor": 0.9999999999999993,
      "tfr": 1.708932067614878
    },
    {
      "best_eq_error": 0.0011020722294984298,
      "case": "high_outside_flow",
      "city_entry_prob_total": 0.47844362346591723,
      "denominator": 0.5980545293315491,
      "elapsed_sec": 85.45301084400126,
      "implied_entry_total": 0.01666666666669028,
      "implied_housing_demand": [
        4.401033876921566,
        2.6866117794297972
      ],
      "implied_total_population": 0.9999999999999988,
      "last_trace": [
        {
          "TFR": 1.7088419898708238,
          "entry_shares": [
            0.7669054326246584,
            0.2330945673753416
          ],
          "entry_total": 0.016666666666666666,
          "err": 0.002937735619612528,
          "err_e": 0.0012193969804374372,
          "err_p": 0.002937735619612528,
          "implied_total_population": 0.9999999999999996,
          "iter": 24,
          "mode": "E",
          "outside_entry_prob": 0.5215461381837094,
          "own_rate": 0.24097182401798362,
          "p": [
            0.5221615690313146,
            0.6730943821591092
          ],
          "pop_share": [
            0.5911049211781573,
            0.4088950788218427
          ],
          "scale_factor": 0.9999999999999993
        },
        {
          "TFR": 1.7088744972086216,
          "entry_shares": [
            0.7671595325911018,
            0.23284046740889816
          ],
          "entry_total": 0.016666666666666666,
          "err": 0.0016520389416224972,
          "err_e": 0.001153986802726381,
          "err_p": 0.0016520389416224972,
          "implied_total_population": 0.9999999999999986,
          "iter": 25,
          "mode": "F",
          "outside_entry_prob": 0.5215498676634347,
          "own_rate": 0.24191774229561647,