{
  "accounting_scale": {
    "calibrated_outside_value": true,
    "city_entry_prob": [
      0.4711559169240157,
      0.14316981083466435
    ],
    "city_entry_prob_total": 0.61432572775868,
    "conditional_entry_shares": [
      0.7669480466706021,
      0.233051953329398
    ],
    "denominator": 0.4769724784240237,
    "entry_values": [
      -35.58570009867643,
      -37.9680154165528
    ],
    "finite_stationary_scale": true,
    "implied_entry_by_loc": [
      0.01234756558912931,
      0.003752045907022644
    ],
    "implied_entry_total": 0.01609961149615195,
    "implied_housing_demand": [
      4.313156940400841,
      2.580199158782007
    ],
    "implied_outside_entry_mass": 0.01010735130661091,
    "implied_potential_entrant_mass": 0.026206962802762863,
    "implied_total_population": 0.9659766897678065,
    "kappa_entry": 2.0,
    "local_birth_entry_weight": 1.0,
    "mature_cityborn_per_entry": 0.851384693726245,
    "outside_entry_flow": 0.0125,
    "outside_entry_prob": 0.38567427224132,
    "outside_value": -35.98609192692343,
    "reference_entry_total": 0.016666666666689273,
    "reference_housing_demand": [
      4.465073522051139,
      2.671078076844912
    ],
    "reference_mature_cityborn_flow": 0.014189744895456664,
    "reference_total_population": 0.9999999999999998,
    "scale_factor": 0.9659766897678067,
    "stationary_entry_relative_residual": 2.1549879963146092e-16,
    "stationary_entry_residual": -3.469446951953614e-18,
    "stationary_scale_residual": -3.469446951953614e-18,
    "target_city_entry_total": 0.016666666666689273
  },
  "elapsed_sec": 94.37505337400216,
  "first_trace": [
    {
      "TFR": 1.7015079521592007,
      "entry_shares": [
        0.5,
        0.5
      ],
      "entry_total": 0.016666666666666666,
      "err": 0.9998191627360467,
      "err_e": 0.4241418199787562,
      "err_p": 0.9998191627360467,
      "implied_total_population": 0.03327013806297701,
      "iter": 1,
      "mode": "F",
      "outside_entry_prob": 0.9572263733938419,
      "own_rate": 0.3385343259590297,
      "p": [
        0.5714285714285715,
        1.2857142857142858
      ],
      "pop_share": [
        0.9730023468295541,
        0.02699765317044603
      ],
      "scale_denominator": 0.9642346507217381,
      "scale_factor": 0.03327013806297702,
      "scale_residual": 1.0842021724855044e-19
    },
    {
      "TFR": 1.8674139247792627,
      "entry_shares": [
        0.5458709378307025,
        0.45412906216929755
      ],
      "entry_total": 0.016666666666666666,
      "err": 0.9965754485439348,
      "err_e": 0.37825321631736386,
      "err_p": 0.9965754485439348,
      "implied_total_population": 0.23071025536595902,
      "iter": 2,
      "mode": "F",
      "outside_entry_prob": 0.7601105567702341,
      "own_rate": 0.36023556961613634,
      "p": [
        0.5225420412930176,
        1.1466894311358384
      ],
      "pop_share": [
        0.96513628202251,
        0.03486371797749018
      ],
      "scale_denominator": 0.7798399864667254,
      "scale_factor": 0.23071025536595907,
      "scale_residual": 0.0
    },
    {
      "TFR": 2.009050483305308,
      "entry_shares": [
        0.6092272854142269,
        0.3907727145857731
      ],
      "entry_total": 0.016666666666666666,
      "err": 0.9242405674271676,
      "err_e": 0.3090633271911043,
      "err_p": 0.9242405674271676,
      "implied_total_population": 1.4124689126246766,
      "iter": 3,
      "mode": "F",
      "outside_entry_prob": 0.34158342881162407,
      "own_rate": 0.4151340906350273,
      "p": [
        0.4778559802338723,
        0.9550756661857782
      ],
      "pop_share": [
        0.9463166934939574,
        0.05368330650604258
      ],
      "scale_denominator": 0.34960941368519793,
      "scale_factor": 1.4124689126246763,
      "scale_residual": 0.0
    }
  ],
  "housing_increment_0to1": 0.48735396963217426,
  "housing_increment_1to2": 0.19673991458226592,
  "last_trace": [
    {
      "TFR": 1.731035434484664,
      "entry_shares": [
        0.7666716563036096,
        0.2333283436963905
      ],
      "entry_total": 0.016666666666666666,
      "err": 0.04098360275971887,
      "err_e": 0.00029234533734612267,
      "err_p": 0.04098360275971887,
      "implied_total_population": 0.9622692456632116,
      "iter": 73,
      "mode": "F",
      "outside_entry_prob": 0.3866758516179686,
      "own_rate": 0.2595660154892394,
      "p": [
        0.5143574808623184,
        0.6666979283961818
      ],
      "pop_share": [
        0.5950704068619042,
        0.4049295931380959
      ],
      "scale_denominator": 0.4780295258937526,
      "scale_factor": 0.9622692456632116,
      "scale_residual": 0.0
    },
    {
      "TFR": 1.7310311816039219,
      "entry_shares": [
        0.7666697664444664,
        0.23333023355553364
      ],
      "entry_total": 0.016666666666666666,
      "err": 0.040658629157775496,
      "err_e": 0.000323865078208474,
      "err_p": 0.040658629157775496,
      "implied_total_population": 0.9624016069802077,
      "iter": 74,
      "mode": "F",
      "outside_entry_prob": 0.38663473746086313,
      "own_rate": 0.25956057409161587,
      "p": [
        0.5143580274879288,
        0.6666802772585797
      ],
      "pop_share": [
        0.5950293422302675,
        0.40497065776973235
      ],
      "scale_denominator": 0.477995821669294,
      "scale_factor": 0.9624016069802077,
      "scale_residual": 0.0
    },
    {
      "TFR": 1.734751446863615,
      "entry_shares": [
        0.7666675394110308,
        0.2333324605889692
      ],
      "entry_total": 0.016666666666666666,
      "err": 0.09116783653847926,
      "err_e": 0.00030227010119265874,
      "err_p": 0.09116783653847926,
      "implied_total_population": 1.0147781943236887,
      "iter": 75,
      "mode": "F",
      "outside_entry_prob": 0.3718932874633124,
      "own_rate": 0.27870719574673897,
      "p": [
        0.5143605281734248,
        0.6666196597922851
      ],
      "pop_share": [
        0.5612809826372281,
        0.43871901736277175
      ],
      "scale_denominator": 0.46421970538741486,
      "scale_factor": 1.0147781943236884,
      "scale_residual": 0.0
    },
    {
      "TFR": 1.7310333629572714,
      "entry_shares": [
        0.7666653677911874,
        0.23333463220881262
      ],
      "entry_total": 0.016666666666666666,
      "err": 0.04079598431137365,
      "err_e": 0.0003047401098759117,
      "err_p": 0.04079598431137365,
      "implied_total_population": 0.9623473423150983,
      "iter": 76,
      "mode": "F",
      "outside_entry_prob": 0.386651673738947,
      "own_rate": 0.2595687620959065,
      "p": [
        0.5143576451034338,
        0.6666879580344952
      ],
      "pop_share": [
        0.5950469145496217,
        0.4049530854503782
      ],
      "scale_denominator": 0.47800957561658663,
      "scale_factor": 0.9623473423150981,
      "scale_residual": 0.0
    },
    {
      "TFR": 1.7310322244555092,
      "entry_shares": [
        0.7666630519038623,
        0.23333694809613773
      ],
      "entry_total": 0.016666666666666666,
      "err": 0.04073489387742783,
      "err_e": 0.0003090277140545272,
      "err_p": 0.04073489387742783,
      "implied_total_population": 0.9623708184147819,
      "iter": 77,
      "mode": "F",
      "outside_entry_prob": 0.3866443101658155,
      "own_rate": 0.2595675375270566,
      "p": [
        0.5143578441930864,
        0.6666845330875607
      ],
      "pop_share": [
        0.5950388314512125,
        0.4049611685487874
      ],
      "scale_denominator": 0.47800365365751507,
      "scale_factor": 0.9623708184147819,
      "scale_residual": 0.0
    },
    {
      "TFR": 1.734750525002584,
      "entry_shares": [
        0.7666606017015908,
        0.23333939829840927
      ],
      "entry_total": 0.016666666666666666,
      "err": 0.09089103487242813,
      "err_e": 0.0002695101103802333,
      "err_p": 0.09089103487242813,