{
  "cases": [
    {
      "best_eq_error": 0.030272460673349124,
      "case": "low_outside_flow",
      "city_entry_prob_total": 0.6241111508205179,
      "denominator": 0.4736039545578141,
      "elapsed_sec": 126.94938523600285,
      "implied_entry_total": 0.016472390718401692,
      "implied_housing_demand": [
        4.234494616092266,
        2.728130014454338
      ],
      "implied_total_population": 0.9883434431027862,
      "last_trace": [
        {
          "TFR": 1.7529915309042228,
          "entry_shares": [
            0.7664115845805507,
            0.23358841541944939
          ],
          "entry_total": 0.016666666666666666,
          "err": 0.11951707205798788,
          "err_e": 0.00014289994369343084,
          "err_p": 0.11951707205798788,
          "implied_total_population": 0.9338923833344703,
          "iter": 78,
          "mode": "E",
          "outside_entry_prob": 0.3994240117682646,
          "own_rate": 0.2120928089958886,
          "p": [
            0.5142931346335295,
            0.6667229224096637
          ],
          "pop_share": [
            0.6190995447752229,
            0.3809004552247771
          ],
          "scale_factor": 0.9338923833344701
        },
        {
          "TFR": 1.7349304601969626,
          "entry_shares": [
            0.7664120094506083,
            0.23358799054939183
          ],
          "entry_total": 0.016666666666666666,
          "err": 0.09269943415745636,
          "err_e": 5.2849719904546344e-05,
          "err_p": 0.09269943415745636,
          "implied_total_population": 1.0162582491559657,
          "iter": 79,
          "mode": "E",
          "outside_entry_prob": 0.37150336532073286,
          "own_rate": 0.2787079273380788,
          "p": [
            0.5142960153141213,
            0.666628237509044
          ],
          "pop_share": [
            0.5614201757263404,
            0.43857982427366
          ],
          "scale_factor": 1.016258249155966
        },
        {
          "TFR": 1.7312214191287354,
          "entry_shares": [
            0.7664123767223276,
            0.2335876232776722
          ],
          "entry_total": 0.016666666666666666,
          "err": 0.03906732490902391,
          "err_e": 6.599235987780894e-06,
          "err_p": 0.03906732490902391,
          "implied_total_population": 0.9639393368966522,
          "iter": 80,
          "mode": "F",
          "outside_entry_prob": 0.38620211502742363,
          "own_rate": 0.25961683393506135,
          "p": [
            0.5142943300706277,
            0.6666751431552865
          ],
          "pop_share": [
            0.5951423942017435,
            0.40485760579825664
          ],
          "scale_factor": 0.9639393368966525
        }
      ],
      "mature_cityborn_per_entry": 0.8434331685151497,
      "n_dist": 80,
      "outside_entry_flow": 0.0125,
      "outside_entry_prob": 0.37588884917948195,
      "p_eq": [
        0.5142947127185516,
        0.6666612520321449
      ],
      "pop_share": [
        0.5745747197755633,
        0.42542528022443654
      ],
      "scale_factor": 0.9883434431027864,
      "tfr": 1.7154503328490425
    },
    {
      "best_eq_error": 0.005194599828954865,
      "case": "baseline_flow",
      "city_entry_prob_total": 0.54403768560927,
      "denominator": 0.542966032176907,
      "elapsed_sec": 35.375002537999535,
      "implied_entry_total": 0.016699561708862536,
      "implied_housing_demand": [
        4.405758779145676,
        2.6954163996412164
      ],
      "implied_total_population": 1.001973702530339,
      "last_trace": [
        {
          "TFR": 1.7089058271459088,
          "entry_shares": [
            0.769786184134564,
            0.23021381586543596
          ],
          "entry_total": 0.016666666666666666,
          "err": 0.005401374380819277,
          "err_e": 0.001140418269645782,
          "err_p": 0.005401374380819277,
          "implied_total_population": 0.996874171341368,
          "iter": 24,
          "mode": "E",
          "outside_entry_prob": 0.45747453183347153,
          "own_rate": 0.24453968007496005,
          "p": [
            0.522232301789642,
            0.6734241360398696
          ],
          "pop_share": [
            0.5923028937778277,
            0.4076971062221726
          ],
          "scale_factor": 0.996874171341368
        },
        {
          "TFR": 1.7088653782965482,
          "entry_shares": [
            0.7697405275979108,
            0.2302594724020892
          ],
          "entry_total": 0.016666666666666666,
          "err": 0.005194599828954865,
          "err_e": 0.0016527751203061491,
          "err_p": 0.005194599828954865,
          "implied_total_population": 1.00197370253659,
          "iter": 25,
          "mode": "F",
          "outside_entry_prob": 0.4559623143907301,
          "own_rate": 0.24092124056240435,
          "p": [
            0.5221506029636765,
            0.6730667885800826
          ],
          "pop_share": [
            0.5912217596422366,
            0.40877824035776367
          ],
          "scale_factor": 1.00197370253659
        },
        {
          "TFR": 1.7089618933007718,
          "entry_shares": [
            0.7696570005252863,
            0.23034299947471376
          ],
          "entry_total": 0.016666666666666666,
          "err": 0.010427717624530097,
          "err_e": 0.0018617952686970085,
          "err_p": 0.010427717624530097,
          "implied_total_population": 1.004926708037275,
          "iter": 26,
          "mode": "E",
          "outside_entry_prob": 0.4551071579906489,
          "own_rate": 0.24077468846318395,
          "p": [
            0.5221014071844395,
            0.672875432687526
          ],
          "pop_share": [
            0.5909358510995572,
            0.40906414890044296
          ],
          "scale_factor": 1.0049267080372752
        }
      ],
      "mature_cityborn_per_entry": 0.8400777738609392,
      "n_dist": 26,
      "outside_entry_flow": 0.016666666666666666,
      "outside_entry_prob": 0.4559623143907301,
      "p_eq": [
        0.5221506029636765,
        0.6730667885800826
      ],
      "pop_share": [
        0.5912217596422247,
        0.40877824035777505
      ],
      "scale_factor": 1.0019737025303386,
      "tfr": 1.7088653782895142
    },
    {
      "best_eq_error": 0.003207545474010365,
      "case": "high_outside_flow",
      "city_entry_prob_total": 0.4859060936354678,
      "denominator": 0.595470866824853,
      "elapsed_sec": 34.80095155000163,
      "implied_entry_total": 0.01700006529518948,
      "implied_housing_demand": [
        4.487919666635397,
        2.705406560769706
      ],
      "implied_total_population": 1.020003917710197,
      "last_trace": [
        {
          "TFR": 1.6930790205637343,
          "entry_shares": [
            0.7772868888992356,
            0.2227131111007645
          ],
          "entry_total": 0.016666666666666666,
          "err": 0.013698630292924646,
          "err_e": 0.0030812770253119126,
          "err_p": 0.013698630292924646,
          "implied_total_population": 1.0120957753515152,
          "iter": 24,
          "mode": "E",
          "outside_entry_prob": 0.5162818774812984,
          "own_rate": 0.23832907539680126,
          "p": [
            0.5279496929246558,
            0.6804312830267153
          ],
          "pop_share": [
            0.5958605033377152,
            0.4041394966622849
          ],
          "scale_factor": 1.0120957753515152
        },
        {
          "TFR": 1.693493488903106,
          "entry_shares": [
            0.7770146495939657,
            0.22298535040603434
          ],
          "entry_total": 0.016666666666666666,
          "err": 0.006318272078189715,
          "err_e": 0.0031697159818297738,
          "err_p": 0.006318272078189715,
          "implied_total_population": 1.0164432886228265,
          "iter": 25,
          "mode": "F",