{
  "accounting_scale": {
    "city_entry_prob": [
      0.4178686832027419,
      0.1261690024065281
    ],
    "city_entry_prob_total": 0.54403768560927,
    "denominator": 0.542966032176907,
    "entry_values": [
      -36.16057779506112,
      -38.55566765702644
    ],
    "finite_stationary_scale": true,
    "implied_entry_by_loc": [
      0.012826728820321293,
      0.003872832888541243
    ],
    "implied_entry_total": 0.016699561708862536,
    "implied_housing_demand": [
      4.405758779145676,
      2.6954163996412164
    ],
    "implied_outside_entry_mass": 0.013996035582638752,
    "implied_potential_entrant_mass": 0.030695597291501286,
    "implied_total_population": 1.001973702530339,
    "kappa_entry": 2.0,
    "local_birth_entry_weight": 1.0,
    "mature_cityborn_per_entry": 0.8400777738609392,
    "outside_entry_flow": 0.016666666666666666,
    "outside_entry_prob": 0.4559623143907301,
    "outside_value": -35.98609192692343,
    "reference_entry_total": 0.01666666666669018,
    "reference_housing_demand": [
      4.397080250728711,
      2.690106928788984
    ],
    "reference_mature_cityborn_flow": 0.014001296231035406,
    "reference_total_population": 1.0000000000000004,
    "scale_factor": 1.0019737025303386
  },
  "elapsed_sec": 66.51082202399994,
  "first_trace": [
    {
      "TFR": 1.7015079521592007,
      "entry_shares": [
        0.5,
        0.5
      ],
      "entry_total": 0.016666666666666666,
      "err": 0.9997409036181367,
      "err_e": 0.4241418199787562,
      "err_p": 0.9997409036181367,
      "implied_total_population": 0.04436018408396935,
      "iter": 1,
      "mode": "F",
      "outside_entry_prob": 0.9572263733938419,
      "own_rate": 0.3385343259590297,
      "p": [
        0.5714285714285715,
        1.2857142857142858
      ],
      "pop_share": [
        0.9730023468295541,
        0.02699765317044603
      ],
      "scale_factor": 0.044360184083969356
    },
    {
      "TFR": 1.862062120615288,
      "entry_shares": [
        0.5458709378307025,
        0.45412906216929755
      ],
      "entry_total": 0.016666666666666666,
      "err": 0.9954958145057151,
      "err_e": 0.37825312598920324,
      "err_p": 0.9954958145057151,
      "implied_total_population": 0.2861039394255146,
      "iter": 2,
      "mode": "F",
      "outside_entry_prob": 0.7732601358267978,
      "own_rate": 0.3593941879032907,
      "p": [
        0.5245397620333917,
        1.146700313066184
      ],
      "pop_share": [
        0.9649930555733425,
        0.03500694442665759
      ],
      "scale_factor": 0.28610393942551454
    },
    {
      "TFR": 1.990853403204119,
      "entry_shares": [
        0.6092272753521667,
        0.3907727246478334
      ],
      "entry_total": 0.016666666666666666,
      "err": 0.9157609820091499,
      "err_e": 0.3089613041745005,
      "err_p": 0.9157609820091499,
      "implied_total_population": 1.4784775206993248,
      "iter": 3,
      "mode": "F",
      "outside_entry_prob": 0.39581936078685637,
      "own_rate": 0.4108219533360382,
      "p": [
        0.4846344931001346,
        0.9552282825778485
      ],
      "pop_share": [
        0.9442170184561985,
        0.05578298154380153
      ],
      "scale_factor": 1.478477520699325
    }
  ],
  "housing_increment_0to1": 0.5098243712079764,
  "housing_increment_1to2": 0.21722789000888465,
  "last_trace": [
    {
      "TFR": 1.7074957023415678,
      "entry_shares": [
        0.7704432403322834,
        0.2295567596677166
      ],
      "entry_total": 0.016666666666666666,
      "err": 0.04680874712156362,
      "err_e": 3.195619119611415e-05,
      "err_p": 0.04680874712156362,
      "implied_total_population": 0.9693164894344968,
      "iter": 19,
      "mode": "E",
      "outside_entry_prob": 0.46554184733389886,
      "own_rate": 0.24012430192678513,
      "p": [
        0.5228432668660672,
        0.6748411424494125
      ],
      "pop_share": [
        0.5937834142967378,
        0.406216585703262
      ],
      "scale_factor": 0.9693164894344968
    },
    {
      "TFR": 1.7077796274055086,
      "entry_shares": [
        0.7700059590833099,
        0.22999404091669007
      ],
      "entry_total": 0.016666666666666666,
      "err": 0.05842730824155066,
      "err_e": 0.0016082561136542273,
      "err_p": 0.05842730824155066,
      "implied_total_population": 0.9654222860307544,
      "iter": 20,
      "mode": "F",
      "outside_entry_prob": 0.46676670962820493,
      "own_rate": 0.24333596421080558,
      "p": [
        0.5227973258229057,
        0.6754330090676454
      ],
      "pop_share": [
        0.5956837722336998,
        0.4043162277663001
      ],
      "scale_factor": 0.9654222860307544
    },
    {
      "TFR": 1.708092976691792,
      "entry_shares": [
        0.7698392074315694,
        0.23016079256843056
      ],
      "entry_total": 0.016666666666666666,
      "err": 0.04913443924225267,
      "err_e": 0.0013858882970150255,
      "err_p": 0.04913443924225267,
      "implied_total_population": 0.9714676307160259,
      "iter": 21,
      "mode": "E",
      "outside_entry_prob": 0.4649721375168751,
      "own_rate": 0.24337497515229586,
      "p": [
        0.5226582487435549,
        0.6751228490951384
      ],
      "pop_share": [
        0.5952445938163801,
        0.40475540618362016
      ],
      "scale_factor": 0.9714676307160262
    },
    {
      "TFR": 1.7084164045126995,
      "entry_shares": [
        0.7698015498162565,
        0.23019845018374346
      ],
      "entry_total": 0.016666666666666666,
      "err": 0.03349539091307287,
      "err_e": 0.0005385169896305886,
      "err_p": 0.03349539091307287,
      "implied_total_population": 0.9807028541563275,
      "iter": 22,
      "mode": "E",
      "outside_entry_prob": 0.4622293955553676,
      "own_rate": 0.24357780630906142,
      "p": [
        0.522493278204814,
        0.6745243699348304
      ],
      "pop_share": [
        0.5942100632345615,
        0.4057899367654388
      ],
      "scale_factor": 0.9807028541563275
    },
    {
      "TFR": 1.708695716012404,
      "entry_shares": [
        0.7697997559799665,
        0.23020024402003347
      ],
      "entry_total": 0.016666666666666666,
      "err": 0.018009792039934462,
      "err_e": 0.00039567284933877955,
      "err_p": 0.018009792039934462,
      "implied_total_population": 0.9897471233881093,
      "iter": 23,
      "mode": "E",
      "outside_entry_prob": 0.4595617813101446,
      "own_rate": 0.2444870501540524,
      "p": [
        0.5223446914959121,
        0.673912301293367
      ],
      "pop_share": [
        0.5931949571896236,
        0.4068050428103767
      ],
      "scale_factor": 0.9897471233881093
    },
    {
      "TFR": 1.7089058271459088,
      "entry_shares": [
        0.769786184134564,
        0.23021381586543596
      ],
      "entry_total": 0.016666666666666666,
      "err": 0.005401374380819277,
      "err_e": 0.001140418269645782,
      "err_p": 0.005401374380819277,
      "implied_total_population": 0.996874171341368,
      "iter": 24,
      "mode": "E",
      "outside_entry_prob": 0.45747453183347153,
      "own_rate": 0.24453968007496005,
      "p": [
        0.522232301789642,
        0.6734241360398696
      ],
      "pop_share": [
        0.5923028937778277,
        0.4076971062221726
      ],
      "scale_factor": 0.996874171341368
    },
    {
      "TFR": 1.7088653782965482,
      "entry_shares": [
        0.7697405275979108,
        0.2302594724020892
      ],
      "entry_total": 0.016666666666666666,
      "err": 0.005194599828954865,
      "err_e": 0.0016527751203061491,
      "err_p": 0.005194599828954865,
      "implied_total_population": 1.00197370253659,
      "iter": 25,
      "mode": "F",
      "outside_entry_prob": 0.4559623143907301,
      "own_rate": 0.24092124056240435,
      "p": [
        0.5221506029636765,
        0.6730667885800826
      ],
      "pop_share": [
        0.5912217596422366,
        0.40877824035776367
      ],