{
  "elapsed_sec": 296.6485173809924,
  "housing_increment_0to1": 0.39233007809842224,
  "housing_increment_1to2": 0.10563911692571892,
  "max_iter_eq": 120,
  "mean_age_first_birth": 34.82800322295087,
  "migration_rate_2245": 0.033500523712510506,
  "own_rate": 0.29411067203112734,
  "p_eq": [
    0.5242558360249183,
    0.6713204274501623
  ],
  "pop_share": [
    0.5885622724221479,
    0.411437727577852
  ],
  "prime_childless_owner_median_rooms": 8.5,
  "prime_childless_renter_median_rooms": 7.536894916160662,
  "setup": "fast",
  "tfr": 0.9520478795532047,
  "theta": [
    0.955,
    0.15,
    0.06,
    1.2,
    0.7,
    0.12,
    3.0,
    1.09,
    1.5,
    5.0,
    0.53,
    0.25,
    4.0
  ],
  "timings": {
    "bellman_eval": 88.02338349615457,
    "bellman_full": 94.08117515797494,
    "best_eq_error": 0.0029606488973986157,
    "distribution": 103.37701221182942,
    "n_dist": 26,
    "n_eval": 18,
    "n_full": 8
  },
  "total_mass": 1.0000000000000002
}