{
  "elapsed_sec": 34.28613073803717,
  "housing_increment_0to1": 0.3923300780986638,
  "housing_increment_1to2": 0.10563911692571004,
  "max_iter_eq": 120,
  "mean_age_first_birth": 34.828003222950905,
  "migration_rate_2245": 0.0335005237125101,
  "own_rate": 0.29411067203109553,
  "p_eq": [
    0.5242558360249729,
    0.6713204274501982
  ],
  "pop_share": [
    0.5885622724222347,
    0.4114377275777652
  ],
  "prime_childless_owner_median_rooms": 8.5,
  "prime_childless_renter_median_rooms": 7.536894916160204,
  "setup": "fast",
  "tfr": 0.9520478795530269,
  "theta": [
    0.955,
    0.15,
    0.06,
    1.2,
    0.7,
    0.12,
    3.0,
    1.09,
    1.5,
    5.0,
    0.53,
    0.25,
    4.0
  ],
  "timings": {
    "bellman_eval": 8.019116281939205,
    "bellman_full": 15.66116321401205,
    "best_eq_error": 0.0029606488973085163,
    "distribution": 8.08001258695731,
    "n_dist": 26,
    "n_eval": 18,
    "n_full": 8
  },
  "total_mass": 1.0
}