{
  "elapsed_sec": 54.36685107599999,
  "housing_increment_0to1": 0.43131890493221725,
  "housing_increment_1to2": 0.06149529710866375,
  "max_iter_eq": 120,
  "mean_age_first_birth": 35.00860483892318,
  "migration_rate_2245": 0.033514191529643425,
  "own_rate": 0.3442830941531675,
  "p_eq": [
    0.526048078240148,
    0.6715075551745486
  ],
  "pop_share": [
    0.6054680115889963,
    0.3945319884110038
  ],
  "prime_childless_owner_median_rooms": 8.2,
  "prime_childless_renter_median_rooms": 7.448726073544893,
  "setup": "benchmark",
  "tfr": 0.8978408419533229,
  "theta": [
    0.955,
    0.15,
    0.06,
    1.2,
    0.7,
    0.12,
    3.0,
    1.09,
    1.5,
    5.0,
    0.53,
    0.25,
    4.0
  ],
  "timings": {
    "bellman_eval": 22.166324773000156,
    "bellman_full": 12.548638747000155,
    "best_eq_error": 0.004757793936096947,
    "distribution": 16.598585311000306,
    "n_dist": 34,
    "n_eval": 23,
    "n_full": 11
  },
  "total_mass": 1.0
}