{
  "elapsed_sec": 73.32680199097376,
  "housing_increment_0to1": 0.5945655044485605,
  "housing_increment_1to2": 0.14375878993896052,
  "max_iter_eq": 6,
  "mean_age_first_birth": 35.4654228336083,
  "migration_rate_2245": 0.029706097957155345,
  "own_rate": 0.22097473784611926,
  "p_eq": [
    0.6044602473884809,
    0.7621402417582028
  ],
  "pop_share": [
    0.7546378619596333,
    0.2453621380403668
  ],
  "prime_childless_owner_median_rooms": 6.0,
  "prime_childless_renter_median_rooms": 7.008042147047576,
  "setup": "fast",
  "tfr": 0.6209252942363396,
  "theta": [
    0.955,
    0.15,
    0.06,
    1.2,
    0.7,
    0.12,
    3.0,
    1.09,
    1.5,
    5.0,
    0.53,
    0.25,
    4.0
  ],
  "timings": {
    "bellman_eval": 11.306110669975169,
    "bellman_full": 42.35087889194256,
    "best_eq_error": 0.5405544829654716,
    "distribution": 8.937748995958827,
    "n_dist": 6,
    "n_eval": 2,
    "n_full": 4
  },
  "total_mass": 1.0
}