{
  "elapsed_sec": 67.9483443160425,
  "housing_increment_0to1": 0.3923300780986656,
  "housing_increment_1to2": 0.1056391169257136,
  "max_iter_eq": 120,
  "mean_age_first_birth": 34.82800322295092,
  "migration_rate_2245": 0.03350052371251018,
  "own_rate": 0.2941106720310962,
  "p_eq": [
    0.5242558360249729,
    0.6713204274501979
  ],
  "pop_share": [
    0.5885622724222327,
    0.4114377275777673
  ],
  "prime_childless_owner_median_rooms": 8.5,
  "prime_childless_renter_median_rooms": 7.536894916160204,
  "setup": "fast",
  "tfr": 0.9520478795530234,
  "theta": [
    0.955,
    0.15,
    0.06,
    1.2,
    0.7,
    0.12,
    3.0,
    1.09,
    1.5,
    5.0,
    0.53,
    0.25,
    4.0
  ],
  "timings": {
    "bellman_eval": 29.64195809600642,
    "bellman_full": 24.79848522890825,
    "best_eq_error": 0.0029606488973099986,
    "distribution": 10.43788141105324,
    "n_dist": 26,
    "n_eval": 18,
    "n_full": 8
  },
  "total_mass": 0.9999999999999997
}