object,center,periphery,p_minus_c
completed_fertility_gradient,0.763421327789007,0.795512737660603,0.0320914098715965
completed_childless_gradient,0.529819868476021,0.512454246250844,-0.0173656222251769
