{
  "H_own": [
    2.0,
    4.0,
    6.0,
    8.0,
    10.0
  ],
  "case": "baseline",
  "debt_diagnostics": {
    "all_age_owner_negative_unsecured_mass": 0.0005132089858813852,
    "all_age_renter_negative_b_mass": 0.061364545818054,
    "post_taper_owner_negative_unsecured_mass": 1.5418480838090737e-07,
    "post_taper_renter_negative_b_mass": 0.0,
    "post_taper_total_mass": 0.3209319825452264,
    "taper_end_age": 62.0
  },
  "delta_from_baseline": {
    "aggregate_mean_occupied_rooms_18_85": 0.0,
    "aggregate_own_rate": 0.0,
    "childless_rate": 0.0,
    "housing_increment_0to1": 0.0,
    "mean_age_first_birth": 0.0,
    "old_age_own_rate": 0.0,
    "old_nonhousing_ge_1x_income_share_6575": 0.0,
    "old_total_estate_wealth_to_annual_income_median_7684": 0.0,
    "own_family_gap": 0.0,
    "own_rate": 0.0,
    "own_rate_2534": 0.0,
    "prime30_55_childless_owner_minus_renter_mean_rooms": 0.0,
    "prime30_55_childless_owner_share_rooms_ge6": 0.0,
    "prime30_55_childless_renter_mean_rooms": 0.0,
    "prime30_55_parent_3plus_minus_1to2_mean_rooms": 0.0,
    "renter25_45_all_cap_share": 0.0,
    "tfr": 0.0,
    "young_childless_renter_liquid_wealth_to_annual_gross_income_2535": 0.0
  },
  "elapsed_sec": 165.3703930620104,
  "hR_max": 6.0,
  "label": "Baseline",
  "market_residual": 9.324104321982198e-06,
  "moments": {
    "aggregate_mean_occupied_rooms_18_85": 5.672127521787135,
    "aggregate_own_rate": 0.6681264621884594,
    "childless_rate": 0.18882652375386613,
    "housing_increment_0to1": 0.6808310748094978,
    "mean_age_first_birth": 32.29524118562811,
    "old_age_own_rate": 0.9539983711574811,
    "old_nonhousing_ge_1x_income_share_6575": 0.6099961319373566,
    "old_total_estate_wealth_to_annual_income_median_7684": 6.4305369605457745,
    "own_family_gap": 0.21768525321853405,
    "own_rate": 0.658311496455828,
    "own_rate_2534": 0.275979063355956,
    "prime30_55_childless_owner_minus_renter_mean_rooms": 2.3132472995875792,
    "prime30_55_childless_owner_share_rooms_ge6": 0.7583779556622434,
    "prime30_55_childless_renter_mean_rooms": 3.9681153730989633,
    "prime30_55_parent_3plus_minus_1to2_mean_rooms": 0.6016665648637796,
    "renter25_45_all_cap_share": 0.11124708888079787,
    "tfr": 2.0346245418569757,
    "young_childless_renter_liquid_wealth_to_annual_gross_income_2535": 0.32259353337070473
  },
  "note": "Same solved theta as the mechanics packet baseline.",
  "overrides": {},
  "p_eq": [
    0.7588760587781781
  ],
  "rank_loss": 8.99896940330704,
  "status": "diagnostic_mechanics_not_policy_estimate"
}