{
  "eligible_E1_chains": 6,
  "production_chain_count": 8,
  "winners": {
    "E1": {
      "arm": "E1",
      "case": 0,
      "elapsed_sec": 45.84123788692523,
      "error": "",
      "feasibility_census": [],
      "label": "tight_winner_repeat_1",
      "market_residual": 6.947360905557519e-06,
      "moments": {
        "aggregate_mean_occupied_rooms_18_85": 5.698946741928174,
        "aggregate_own_rate": 0.5431556324573379,
        "attempt_hazard_by_age": [
          0.2010637136992629,
          0.22799985428906003,
          0.26737912433605193,
          0.3236876216327389,
          0.39709118298679075,
          0.4671804300414609,
          0.4951250417245509,
          0.0,
          0.0,
          0.0,
          0.0,
          0.0,
          0.0,
          0.0,
          0.0,
          0.0,
          0.0
        ],
        "childless_chosen_45": 0.049564620771274964,
        "childless_clock_45": 0.06243115241979061,
        "childless_rate": 0.11198349346379627,
        "first_birth_age_distribution": [
          0.23929006026715918,
          0.20852958266355034,
          0.17838538677173446,
          0.14629435284858786,
          0.11089563465064127,
          0.07455521593065419,
          0.04204976686767277,
          0.0,
          0.0,
          0.0,
          0.0,
          0.0,
          0.0,
          0.0,
          0.0,
          0.0,
          0.0
        ],
        "first_birth_hazard_by_age": [
          0.19704243942527763,
          0.2202061054269723,
          0.25175768031385487,
          0.2913653694683895,
          0.32931960326282145,
          0.3309030268781726,
          0.24827344458018522,
          0.0,
          0.0,
          0.0,
          0.0,
          0.0,
          0.0,
          0.0,
          0.0,
          0.0,
          0.0
        ],
        "housing_increment_0to1": 1.0907826476305893,
        "housing_increment_1to2": 0.0,
        "housing_user_cost_share": 0.2727392579742253,
        "liquid_wealth_to_income": 1.0023415676504543,
        "market_residual": 6.947360905557519e-06,
        "mean_age_first_birth": 26.29136253685862,
        "mean_completed_fertility": 1.2371972708896404,
        "old_2plus_minus_1_total_estate_wealth_to_annual_income_median_gap_6575": -0.35263789526919176,
        "old_age_own_rate": 0.7102595606425713,
        "old_age_parent_childless_gap": 0.001430771436143563,
        "old_age_parent_childless_gap_6575": 0.001430771436143563,
        "old_minus_young_owner_rate_6575_2534": 0.3525597078759914,
        "old_nonhousing_ge_1x_income_share_6575": 0.601111485001571,
        "old_nonhousing_wealth_to_income_6575": 8.204052403758096,
        "old_nonhousing_wealth_to_income_median_6575": 2.6525486120133404,
        "old_owner_rate": 0.7102595606425713,
        "old_parent_childless_nonhousing_wealth_to_income_gap_6575": -0.6583406908185161,
        "old_parent_childless_nonhousing_wealth_to_income_median_gap_6575": -0.9744056125763283,
        "old_parent_childless_total_wealth_to_income_gap_6575": -0.41431972956813823,
        "old_parent_childless_total_wealth_to_income_median_gap_6575": -0.44371417689656845,
        "old_total_estate_wealth_to_annual_income_median_7684": 6.43882696467698,
        "old_total_estate_wealth_to_annual_income_p90_p50_7684": 3.6735458570253336,
        "old_total_wealth_to_income_6575": 16.857324164605505,
        "old_total_wealth_to_income_median_6575": 11.0317100270614,
        "own_family_gap": 0.06794629784823397,
        "own_gap_newparent_nonparent_3055": 0.06794629784823397,
        "own_rate": 0.540233270434651,
        "own_rate_2534": 0.35769985276657995,
        "own_rate_3055": 0.540233270434651,
        "own_rate_3544": 0.5100695692099326,
        "own_rate_newparents_3055": 0.5527626216651976,
        "own_rate_nonparents_3055": 0.48481632381696366,
        "owner_neg_liquid_share_2534": 0.4306223210395406,
        "parity_progression_1to2_flow": 0.3932142726345795,
        "parity_share_0": 0.11198349346379627,
        "parity_share_1": 0.5388357421827675,
        "parity_share_2plus": 0.3491807643534364,
        "prime30_55_childless_owner_mean_rooms": 6.481158095768291,
        "prime30_55_childless_owner_minus_renter_mean_rooms": 2.3387056741035064,
        "prime30_55_childless_owner_share_rooms_ge6": 0.6820700989069801,
        "prime30_55_childless_renter_mean_rooms": 4.1424524216647844,
        "prime30_55_childless_renter_share_rooms_ge6": 0.23011047669287482,
        "prime30_55_parent_3plus_minus_1to2_mean_rooms": 0.6792504088509421,
        "prime30_55_parent_owner_minus_renter_mean_rooms": 3.4089440267093423,
        "prime_childless_owner_median_rooms": 6.0,
        "prime_childless_owner_minus_renter_rooms": 1.83218958675789,
        "prime_childless_renter_median_rooms": 4.16781041324211,
        "renter25_45_all_cap_share": 0.2928302469542423,
        "second_birth_hazard_by_age": [
          0.0,
          0.2698460727567709,
          0.2709475732895058,
          0.2743453237457199,
          0.2814375050024134,
          0.28609682084162535,
          0.24807104331877677,
          0.0,
          0.0,
          0.0,
          0.0,
          0.0,
          0.0,
          0.0,
          0.0,
          0.0,
          0.0
        ],
        "share_first_births_age30plus": 0.37379497029755604,
        "tfr": 2.4743945417792808,
        "wealth_to_income": 2.0514879246314126,
        "young_all_liquid_wealth_to_annual_gross_income_2530": 0.2550512564253429,
        "young_all_liquid_wealth_to_annual_gross_income_2530_median": 0.2015499738436966,
        "young_childless_liquid_wealth_to_annual_gross_income_2535": 0.42110555453333104,
        "young_childless_liquid_wealth_to_annual_gross_income_2535_median": 0.222050315148781,
        "young_childless_renter_liquid_wealth_to_annual_gross_income_2535": 0.35538026630954095,
        "young_childless_renter_liquid_wealth_to_annual_gross_income_2535_median": 0.0,
        "young_liquid_wealth_to_income": 0.17877055796751176,
        "young_owner_rate": 0.35769985276657995
      },
      "origin": {
        "phase": "tight_winner_verification",
        "search_case": 464
      },
      "price": 0.8312301242822234,
      "rank_loss": 12.608491237749933,
      "status": "ok",
      "strict_converged": true,
      "target_fit": [
        {
          "gap": 0.5563945417792808,
          "loss_contribution": 6.191497722435518,
          "model": 2.4743945417792808,
          "moment": "tfr",
          "target": 1.918,
          "weight": 20.0
        },
        {
          "gap": -0.07601650653620373,
          "loss_contribution": 0.1155701853193741,
          "model": 0.11198349346379627,
          "moment": "childless_rate",
          "target": 0.188,
          "weight": 20.0
        },
        {
          "gap": -0.035239139565349076,
          "loss_contribution": 0.12417969573061506,
          "model": 0.540233270434651,
          "moment": "own_rate",
          "target": 0.57547241,
          "weight": 100.0
        },
        {
          "gap": -0.09971537215176604,
          "loss_contribution": 0.44744199495143394,
          "model": 0.06794629784823397,
          "moment": "own_family_gap",
          "target": 0.16766167,
          "weight": 45.0
        },
        {
          "gap": 0.4263479776305893,
          "loss_contribution": 2.544816372415709,
          "model": 1.0907826476305893,
          "moment": "housing_increment_0to1",
          "target": 0.66443467,
          "weight": 14.0
        },
        {
          "gap": 0.3371643216647846,
          "loss_contribution": 0.6820786788220461,
          "model": 4.1424524216647844,
          "moment": "prime30_55_childless_renter_mean_rooms",
          "target": 3.8052881,
          "weight": 6.0
        },
        {
          "gap": 0.0859389789069801,
          "loss_contribution": 0.18463770238935928,
          "model": 0.6820700989069801,