scope,stage,case,parameter,value,lower_bound,upper_bound,transform,is_free_parameter,status,near_bound
search,polish_1_coordinates,task_001,beta_annual,0.9956918643790077,0.94,0.9995,discount,True,estimated_free_transition_parameter,False
search,polish_1_coordinates,task_001,kappa_fert,2.238195772180536,0.02,50.0,log,True,estimated_free_transition_parameter,False
search,polish_1_coordinates,task_001,kappa_fert_continuation,1.7322301491336538,0.02,50.0,log,True,estimated_free_transition_parameter,False
search,polish_1_coordinates,task_001,chi,1.0447481691265725,0.1,5.0,log,True,estimated_free_transition_parameter,False
search,polish_1_coordinates,task_001,H0,14.535717947625159,0.2,80.0,log,True,estimated_free_transition_parameter,False
search,polish_1_coordinates,task_001,theta0,0.5557589336583452,0.0,8.0,softzero,True,estimated_free_transition_parameter,False
search,polish_1_coordinates,task_001,theta1,0.10613495044093449,0.02,16.0,log,True,estimated_free_transition_parameter,True
search,polish_1_coordinates,task_001,hbar_child_rooms,0.23289841116220328,0.1,1.8,log,True,estimated_free_transition_parameter,False
search,polish_1_coordinates,task_001,first_birth_fixed_cost,4.540285143086607,0.0,8.0,softzero,True,estimated_free_transition_parameter,False
search,polish_1_coordinates,task_001,hbar_first_child_jump,0.6006848485093815,0.0,2.0,softzero,True,estimated_free_transition_parameter,False
search,polish_1_coordinates,task_001,psi_child_change_2023,-0.3273390564208588,-1.5,0.2,asinh,True,estimated_free_transition_parameter,False
search,polish_1_coordinates,task_001,psi_child_2007,0.3009503356931856,nan,nan,derived,False,externally_normalized_to_old_completed_fertility,False
search,polish_1_coordinates,task_001,psi_child_2023,-0.02638872072767323,nan,nan,derived,False,derived_from_old_intercept_and_transition_coordinate,False
search,polish_1_coordinates,task_001,tenure_choice_kappa,0.005,nan,nan,external_profile,False,externally_fixed_profile_not_estimated,False
search,polish_1_coordinates,task_001,housing_supply_elasticity,0.63,nan,nan,external_profile,False,externally_fixed_profile_not_estimated,False
search,polish_1_coordinates,task_002,beta_annual,0.9957667560525304,0.94,0.9995,discount,True,estimated_free_transition_parameter,False
search,polish_1_coordinates,task_002,kappa_fert,2.238195772180536,0.02,50.0,log,True,estimated_free_transition_parameter,False
search,polish_1_coordinates,task_002,kappa_fert_continuation,1.7322301491336538,0.02,50.0,log,True,estimated_free_transition_parameter,False
search,polish_1_coordinates,task_002,chi,1.0447481691265725,0.1,5.0,log,True,estimated_free_transition_parameter,False
search,polish_1_coordinates,task_002,H0,14.535717947625159,0.2,80.0,log,True,estimated_free_transition_parameter,False
search,polish_1_coordinates,task_002,theta0,0.5557589336583452,0.0,8.0,softzero,True,estimated_free_transition_parameter,False
search,polish_1_coordinates,task_002,theta1,0.10613495044093449,0.02,16.0,log,True,estimated_free_transition_parameter,True
search,polish_1_coordinates,task_002,hbar_child_rooms,0.23289841116220328,0.1,1.8,log,True,estimated_free_transition_parameter,False
search,polish_1_coordinates,task_002,first_birth_fixed_cost,4.540285143086607,0.0,8.0,softzero,True,estimated_free_transition_parameter,False
search,polish_1_coordinates,task_002,hbar_first_child_jump,0.6006848485093815,0.0,2.0,softzero,True,estimated_free_transition_parameter,False
search,polish_1_coordinates,task_002,psi_child_change_2023,-0.3273390564208588,-1.5,0.2,asinh,True,estimated_free_transition_parameter,False
search,polish_1_coordinates,task_002,psi_child_2007,0.3008003822481436,nan,nan,derived,False,externally_normalized_to_old_completed_fertility,False
search,polish_1_coordinates,task_002,psi_child_2023,-0.026538674172715215,nan,nan,derived,False,derived_from_old_intercept_and_transition_coordinate,False
search,polish_1_coordinates,task_002,tenure_choice_kappa,0.005,nan,nan,external_profile,False,externally_fixed_profile_not_estimated,False
search,polish_1_coordinates,task_002,housing_supply_elasticity,0.63,nan,nan,external_profile,False,externally_fixed_profile_not_estimated,False
search,polish_1_coordinates,task_003,beta_annual,0.9957294031845191,0.94,0.9995,discount,True,estimated_free_transition_parameter,False
search,polish_1_coordinates,task_003,kappa_fert,2.2164127818784154,0.02,50.0,log,True,estimated_free_transition_parameter,False
search,polish_1_coordinates,task_003,kappa_fert_continuation,1.7322301491336538,0.02,50.0,log,True,estimated_free_transition_parameter,False
search,polish_1_coordinates,task_003,chi,1.0447481691265725,0.1,5.0,log,True,estimated_free_transition_parameter,False
search,polish_1_coordinates,task_003,H0,14.535717947625159,0.2,80.0,log,True,estimated_free_transition_parameter,False
search,polish_1_coordinates,task_003,theta0,0.5557589336583452,0.0,8.0,softzero,True,estimated_free_transition_parameter,False
search,polish_1_coordinates,task_003,theta1,0.10613495044093449,0.02,16.0,log,True,estimated_free_transition_parameter,True
search,polish_1_coordinates,task_003,hbar_child_rooms,0.23289841116220328,0.1,1.8,log,True,estimated_free_transition_parameter,False
search,polish_1_coordinates,task_003,first_birth_fixed_cost,4.540285143086607,0.0,8.0,softzero,True,estimated_free_transition_parameter,False
search,polish_1_coordinates,task_003,hbar_first_child_jump,0.6006848485093815,0.0,2.0,softzero,True,estimated_free_transition_parameter,False
search,polish_1_coordinates,task_003,psi_child_change_2023,-0.3273390564208588,-1.5,0.2,asinh,True,estimated_free_transition_parameter,False
search,polish_1_coordinates,task_003,psi_child_2007,0.29918205539947795,nan,nan,derived,False,externally_normalized_to_old_completed_fertility,False
search,polish_1_coordinates,task_003,psi_child_2023,-0.028157001021380856,nan,nan,derived,False,derived_from_old_intercept_and_transition_coordinate,False
search,polish_1_coordinates,task_003,tenure_choice_kappa,0.005,nan,nan,external_profile,False,externally_fixed_profile_not_estimated,False
search,polish_1_coordinates,task_003,housing_supply_elasticity,0.63,nan,nan,external_profile,False,externally_fixed_profile_not_estimated,False
search,polish_1_coordinates,task_004,beta_annual,0.9957294031845191,0.94,0.9995,discount,True,estimated_free_transition_parameter,False
search,polish_1_coordinates,task_004,kappa_fert,2.260192846551467,0.02,50.0,log,True,estimated_free_transition_parameter,False
search,polish_1_coordinates,task_004,kappa_fert_continuation,1.7322301491336538,0.02,50.0,log,True,estimated_free_transition_parameter,False
search,polish_1_coordinates,task_004,chi,1.0447481691265725,0.1,5.0,log,True,estimated_free_transition_parameter,False
search,polish_1_coordinates,task_004,H0,14.535717947625159,0.2,80.0,log,True,estimated_free_transition_parameter,False
search,polish_1_coordinates,task_004,theta0,0.5557589336583452,0.0,8.0,softzero,True,estimated_free_transition_parameter,False
search,polish_1_coordinates,task_004,theta1,0.10613495044093449,0.02,16.0,log,True,estimated_free_transition_parameter,True
search,polish_1_coordinates,task_004,hbar_child_rooms,0.23289841116220328,0.1,1.8,log,True,estimated_free_transition_parameter,False
search,polish_1_coordinates,task_004,first_birth_fixed_cost,4.540285143086607,0.0,8.0,softzero,True,estimated_free_transition_parameter,False
search,polish_1_coordinates,task_004,hbar_first_child_jump,0.6006848485093815,0.0,2.0,softzero,True,estimated_free_transition_parameter,False
search,polish_1_coordinates,task_004,psi_child_change_2023,-0.3273390564208588,-1.5,0.2,asinh,True,estimated_free_transition_parameter,False
search,polish_1_coordinates,task_004,psi_child_2007,0.3025793285640648,nan,nan,derived,False,externally_normalized_to_old_completed_fertility,False
search,polish_1_coordinates,task_004,psi_child_2023,-0.024759727856794034,nan,nan,derived,False,derived_from_old_intercept_and_transition_coordinate,False
search,polish_1_coordinates,task_004,tenure_choice_kappa,0.005,nan,nan,external_profile,False,externally_fixed_profile_not_estimated,False
search,polish_1_coordinates,task_004,housing_supply_elasticity,0.63,nan,nan,external_profile,False,externally_fixed_profile_not_estimated,False
search,polish_1_coordinates,task_005,beta_annual,0.9957294031845191,0.94,0.9995,discount,True,estimated_free_transition_parameter,False
search,polish_1_coordinates,task_005,kappa_fert,2.238195772180536,0.02,50.0,log,True,estimated_free_transition_parameter,False
search,polish_1_coordinates,task_005,kappa_fert_continuation,1.7153714127314925,0.02,50.0,log,True,estimated_free_transition_parameter,False
search,polish_1_coordinates,task_005,chi,1.0447481691265725,0.1,5.0,log,True,estimated_free_transition_parameter,False
search,polish_1_coordinates,task_005,H0,14.535717947625159,0.2,80.0,log,True,estimated_free_transition_parameter,False
search,polish_1_coordinates,task_005,theta0,0.5557589336583452,0.0,8.0,softzero,True,estimated_free_transition_parameter,False
search,polish_1_coordinates,task_005,theta1,0.10613495044093449,0.02,16.0,log,True,estimated_free_transition_parameter,True
search,polish_1_coordinates,task_005,hbar_child_rooms,0.23289841116220328,0.1,1.8,log,True,estimated_free_transition_parameter,False
search,polish_1_coordinates,task_005,first_birth_fixed_cost,4.540285143086607,0.0,8.0,softzero,True,estimated_free_transition_parameter,False
search,polish_1_coordinates,task_005,hbar_first_child_jump,0.6006848485093815,0.0,2.0,softzero,True,estimated_free_transition_parameter,False
search,polish_1_coordinates,task_005,psi_child_change_2023,-0.3273390564208588,-1.5,0.2,asinh,True,estimated_free_transition_parameter,False
search,polish_1_coordinates,task_005,psi_child_2007,0.30391522443471947,nan,nan,derived,False,externally_normalized_to_old_completed_fertility,False
search,polish_1_coordinates,task_005,psi_child_2023,-0.023423831986139343,nan,nan,derived,False,derived_from_old_intercept_and_transition_coordinate,False
search,polish_1_coordinates,task_005,tenure_choice_kappa,0.005,nan,nan,external_profile,False,externally_fixed_profile_not_estimated,False
search,polish_1_coordinates,task_005,housing_supply_elasticity,0.63,nan,nan,external_profile,False,externally_fixed_profile_not_estimated,False
search,polish_1_coordinates,task_006,beta_annual,0.9957294031845191,0.94,0.9995,discount,True,estimated_free_transition_parameter,False
search,polish_1_coordinates,task_006,kappa_fert,2.238195772180536,0.02,50.0,log,True,estimated_free_transition_parameter,False
search,polish_1_coordinates,task_006,kappa_fert_continuation,1.7492545738473773,0.02,50.0,log,True,estimated_free_transition_parameter,False
search,polish_1_coordinates,task_006,chi,1.0447481691265725,0.1,5.0,log,True,estimated_free_transition_parameter,False
search,polish_1_coordinates,task_006,H0,14.535717947625159,0.2,80.0,log,True,estimated_free_transition_parameter,False
search,polish_1_coordinates,task_006,theta0,0.5557589336583452,0.0,8.0,softzero,True,estimated_free_transition_parameter,False
search,polish_1_coordinates,task_006,theta1,0.10613495044093449,0.02,16.0,log,True,estimated_free_transition_parameter,True
search,polish_1_coordinates,task_006,hbar_child_rooms,0.23289841116220328,0.1,1.8,log,True,estimated_free_transition_parameter,False
search,polish_1_coordinates,task_006,first_birth_fixed_cost,4.540285143086607,0.0,8.0,softzero,True,estimated_free_transition_parameter,False
search,polish_1_coordinates,task_006,hbar_first_child_jump,0.6006848485093815,0.0,2.0,softzero,True,estimated_free_transition_parameter,False
search,polish_1_coordinates,task_006,psi_child_change_2023,-0.3273390564208588,-1.5,0.2,asinh,True,estimated_free_transition_parameter,False
search,polish_1_coordinates,task_006,psi_child_2007,0.29778473799363003,nan,nan,derived,False,externally_normalized_to_old_completed_fertility,False
search,polish_1_coordinates,task_006,psi_child_2023,-0.029554318427228776,nan,nan,derived,False,derived_from_old_intercept_and_transition_coordinate,False
search,polish_1_coordinates,task_006,tenure_choice_kappa,0.005,nan,nan,external_profile,False,externally_fixed_profile_not_estimated,False
search,polish_1_coordinates,task_006,housing_supply_elasticity,0.63,nan,nan,external_profile,False,externally_fixed_profile_not_estimated,False
search,polish_1_coordinates,task_007,beta_annual,0.9957294031845191,0.94,0.9995,discount,True,estimated_free_transition_parameter,False
search,polish_1_coordinates,task_007,kappa_fert,2.238195772180536,0.02,50.0,log,True,estimated_free_transition_parameter,False
search,polish_1_coordinates,task_007,kappa_fert_continuation,1.7322301491336538,0.02,50.0,log,True,estimated_free_transition_parameter,False
search,polish_1_coordinates,task_007,chi,1.039651791408284,0.1,5.0,log,True,estimated_free_transition_parameter,False
search,polish_1_coordinates,task_007,H0,14.535717947625159,0.2,80.0,log,True,estimated_free_transition_parameter,False
search,polish_1_coordinates,task_007,theta0,0.5557589336583452,0.0,8.0,softzero,True,estimated_free_transition_parameter,False
search,polish_1_coordinates,task_007,theta1,0.10613495044093449,0.02,16.0,log,True,estimated_free_transition_parameter,True
search,polish_1_coordinates,task_007,hbar_child_rooms,0.23289841116220328,0.1,1.8,log,True,estimated_free_transition_parameter,False
search,polish_1_coordinates,task_007,first_birth_fixed_cost,4.540285143086607,0.0,8.0,softzero,True,estimated_free_transition_parameter,False
search,polish_1_coordinates,task_007,hbar_first_child_jump,0.6006848485093815,0.0,2.0,softzero,True,estimated_free_transition_parameter,False
search,polish_1_coordinates,task_007,psi_child_change_2023,-0.3273390564208588,-1.5,0.2,asinh,True,estimated_free_transition_parameter,False
search,polish_1_coordinates,task_007,psi_child_2007,0.3009288883727601,nan,nan,derived,False,externally_normalized_to_old_completed_fertility,False
search,polish_1_coordinates,task_007,psi_child_2023,-0.026410168048098703,nan,nan,derived,False,derived_from_old_intercept_and_transition_coordinate,False
search,polish_1_coordinates,task_007,tenure_choice_kappa,0.005,nan,nan,external_profile,False,externally_fixed_profile_not_estimated,False
search,polish_1_coordinates,task_007,housing_supply_elasticity,0.63,nan,nan,external_profile,False,externally_fixed_profile_not_estimated,False
search,polish_1_coordinates,task_008,beta_annual,0.9957294031845191,0.94,0.9995,discount,True,estimated_free_transition_parameter,False
search,polish_1_coordinates,task_008,kappa_fert,2.238195772180536,0.02,50.0,log,True,estimated_free_transition_parameter,False
search,polish_1_coordinates,task_008,kappa_fert_continuation,1.7322301491336538,0.02,50.0,log,True,estimated_free_transition_parameter,False
search,polish_1_coordinates,task_008,chi,1.049869529311166,0.1,5.0,log,True,estimated_free_transition_parameter,False
search,polish_1_coordinates,task_008,H0,14.535717947625159,0.2,80.0,log,True,estimated_free_transition_parameter,False
search,polish_1_coordinates,task_008,theta0,0.5557589336583452,0.0,8.0,softzero,True,estimated_free_transition_parameter,False
search,polish_1_coordinates,task_008,theta1,0.10613495044093449,0.02,16.0,log,True,estimated_free_transition_parameter,True
search,polish_1_coordinates,task_008,hbar_child_rooms,0.23289841116220328,0.1,1.8,log,True,estimated_free_transition_parameter,False
search,polish_1_coordinates,task_008,first_birth_fixed_cost,4.540285143086607,0.0,8.0,softzero,True,estimated_free_transition_parameter,False
search,polish_1_coordinates,task_008,hbar_first_child_jump,0.6006848485093815,0.0,2.0,softzero,True,estimated_free_transition_parameter,False
search,polish_1_coordinates,task_008,psi_child_change_2023,-0.3273390564208588,-1.5,0.2,asinh,True,estimated_free_transition_parameter,False
search,polish_1_coordinates,task_008,psi_child_2007,0.30082251281018957,nan,nan,derived,False,externally_normalized_to_old_completed_fertility,False
search,polish_1_coordinates,task_008,psi_child_2023,-0.02651654361066924,nan,nan,derived,False,derived_from_old_intercept_and_transition_coordinate,False
search,polish_1_coordinates,task_008,tenure_choice_kappa,0.005,nan,nan,external_profile,False,externally_fixed_profile_not_estimated,False
search,polish_1_coordinates,task_008,housing_supply_elasticity,0.63,nan,nan,external_profile,False,externally_fixed_profile_not_estimated,False
search,polish_1_coordinates,task_009,beta_annual,0.9957294031845191,0.94,0.9995,discount,True,estimated_free_transition_parameter,False
search,polish_1_coordinates,task_009,kappa_fert,2.238195772180536,0.02,50.0,log,True,estimated_free_transition_parameter,False
search,polish_1_coordinates,task_009,kappa_fert_continuation,1.7322301491336538,0.02,50.0,log,True,estimated_free_transition_parameter,False
search,polish_1_coordinates,task_009,chi,1.0447481691265725,0.1,5.0,log,True,estimated_free_transition_parameter,False
search,polish_1_coordinates,task_009,H0,14.427261788151577,0.2,80.0,log,True,estimated_free_transition_parameter,False
search,polish_1_coordinates,task_009,theta0,0.5557589336583452,0.0,8.0,softzero,True,estimated_free_transition_parameter,False
search,polish_1_coordinates,task_009,theta1,0.10613495044093449,0.02,16.0,log,True,estimated_free_transition_parameter,True
search,polish_1_coordinates,task_009,hbar_child_rooms,0.23289841116220328,0.1,1.8,log,True,estimated_free_transition_parameter,False
search,polish_1_coordinates,task_009,first_birth_fixed_cost,4.540285143086607,0.0,8.0,softzero,True,estimated_free_transition_parameter,False
search,polish_1_coordinates,task_009,hbar_first_child_jump,0.6006848485093815,0.0,2.0,softzero,True,estimated_free_transition_parameter,False
search,polish_1_coordinates,task_009,psi_child_change_2023,-0.3273390564208588,-1.5,0.2,asinh,True,estimated_free_transition_parameter,False
search,polish_1_coordinates,task_009,psi_child_2007,0.3011676643469985,nan,nan,derived,False,externally_normalized_to_old_completed_fertility,False
search,polish_1_coordinates,task_009,psi_child_2023,-0.026171392073860322,nan,nan,derived,False,derived_from_old_intercept_and_transition_coordinate,False
search,polish_1_coordinates,task_009,tenure_choice_kappa,0.005,nan,nan,external_profile,False,externally_fixed_profile_not_estimated,False
search,polish_1_coordinates,task_009,housing_supply_elasticity,0.63,nan,nan,external_profile,False,externally_fixed_profile_not_estimated,False
search,polish_1_coordinates,task_010,beta_annual,0.9957294031845191,0.94,0.9995,discount,True,estimated_free_transition_parameter,False
search,polish_1_coordinates,task_010,kappa_fert,2.238195772180536,0.02,50.0,log,True,estimated_free_transition_parameter,False
search,polish_1_coordinates,task_010,kappa_fert_continuation,1.7322301491336538,0.02,50.0,log,True,estimated_free_transition_parameter,False
search,polish_1_coordinates,task_010,chi,1.0447481691265725,0.1,5.0,log,True,estimated_free_transition_parameter,False
search,polish_1_coordinates,task_010,H0,14.644989420406318,0.2,80.0,log,True,estimated_free_transition_parameter,False
search,polish_1_coordinates,task_010,theta0,0.5557589336583452,0.0,8.0,softzero,True,estimated_free_transition_parameter,False
search,polish_1_coordinates,task_010,theta1,0.10613495044093449,0.02,16.0,log,True,estimated_free_transition_parameter,True
search,polish_1_coordinates,task_010,hbar_child_rooms,0.23289841116220328,0.1,1.8,log,True,estimated_free_transition_parameter,False
search,polish_1_coordinates,task_010,first_birth_fixed_cost,4.540285143086607,0.0,8.0,softzero,True,estimated_free_transition_parameter,False
search,polish_1_coordinates,task_010,hbar_first_child_jump,0.6006848485093815,0.0,2.0,softzero,True,estimated_free_transition_parameter,False
search,polish_1_coordinates,task_010,psi_child_change_2023,-0.3273390564208588,-1.5,0.2,asinh,True,estimated_free_transition_parameter,False
search,polish_1_coordinates,task_010,psi_child_2007,0.3005849674722839,nan,nan,derived,False,externally_normalized_to_old_completed_fertility,False
search,polish_1_coordinates,task_010,psi_child_2023,-0.026754088948574895,nan,nan,derived,False,derived_from_old_intercept_and_transition_coordinate,False
search,polish_1_coordinates,task_010,tenure_choice_kappa,0.005,nan,nan,external_profile,False,externally_fixed_profile_not_estimated,False
search,polish_1_coordinates,task_010,housing_supply_elasticity,0.63,nan,nan,external_profile,False,externally_fixed_profile_not_estimated,False
search,polish_1_coordinates,task_011,beta_annual,0.9957294031845191,0.94,0.9995,discount,True,estimated_free_transition_parameter,False
search,polish_1_coordinates,task_011,kappa_fert,2.238195772180536,0.02,50.0,log,True,estimated_free_transition_parameter,False
search,polish_1_coordinates,task_011,kappa_fert_continuation,1.7322301491336538,0.02,50.0,log,True,estimated_free_transition_parameter,False
search,polish_1_coordinates,task_011,chi,1.0447481691265725,0.1,5.0,log,True,estimated_free_transition_parameter,False
search,polish_1_coordinates,task_011,H0,14.535717947625159,0.2,80.0,log,True,estimated_free_transition_parameter,False
search,polish_1_coordinates,task_011,theta0,0.5505000062726255,0.0,8.0,softzero,True,estimated_free_transition_parameter,False
search,polish_1_coordinates,task_011,theta1,0.10613495044093449,0.02,16.0,log,True,estimated_free_transition_parameter,True
search,polish_1_coordinates,task_011,hbar_child_rooms,0.23289841116220328,0.1,1.8,log,True,estimated_free_transition_parameter,False
search,polish_1_coordinates,task_011,first_birth_fixed_cost,4.540285143086607,0.0,8.0,softzero,True,estimated_free_transition_parameter,False
search,polish_1_coordinates,task_011,hbar_first_child_jump,0.6006848485093815,0.0,2.0,softzero,True,estimated_free_transition_parameter,False
search,polish_1_coordinates,task_011,psi_child_change_2023,-0.3273390564208588,-1.5,0.2,asinh,True,estimated_free_transition_parameter,False
search,polish_1_coordinates,task_011,psi_child_2007,0.3008660537181497,nan,nan,derived,False,externally_normalized_to_old_completed_fertility,False
search,polish_1_coordinates,task_011,psi_child_2023,-0.026473002702709136,nan,nan,derived,False,derived_from_old_intercept_and_transition_coordinate,False
search,polish_1_coordinates,task_011,tenure_choice_kappa,0.005,nan,nan,external_profile,False,externally_fixed_profile_not_estimated,False
search,polish_1_coordinates,task_011,housing_supply_elasticity,0.63,nan,nan,external_profile,False,externally_fixed_profile_not_estimated,False
search,polish_1_coordinates,task_012,beta_annual,0.9957294031845191,0.94,0.9995,discount,True,estimated_free_transition_parameter,False
search,polish_1_coordinates,task_012,kappa_fert,2.238195772180536,0.02,50.0,log,True,estimated_free_transition_parameter,False
search,polish_1_coordinates,task_012,kappa_fert_continuation,1.7322301491336538,0.02,50.0,log,True,estimated_free_transition_parameter,False
search,polish_1_coordinates,task_012,chi,1.0447481691265725,0.1,5.0,log,True,estimated_free_transition_parameter,False
search,polish_1_coordinates,task_012,H0,14.535717947625159,0.2,80.0,log,True,estimated_free_transition_parameter,False
search,polish_1_coordinates,task_012,theta0,0.561042861044065,0.0,8.0,softzero,True,estimated_free_transition_parameter,False
search,polish_1_coordinates,task_012,theta1,0.10613495044093449,0.02,16.0,log,True,estimated_free_transition_parameter,True
search,polish_1_coordinates,task_012,hbar_child_rooms,0.23289841116220328,0.1,1.8,log,True,estimated_free_transition_parameter,False
search,polish_1_coordinates,task_012,first_birth_fixed_cost,4.540285143086607,0.0,8.0,softzero,True,estimated_free_transition_parameter,False
search,polish_1_coordinates,task_012,hbar_first_child_jump,0.6006848485093815,0.0,2.0,softzero,True,estimated_free_transition_parameter,False
search,polish_1_coordinates,task_012,psi_child_change_2023,-0.3273390564208588,-1.5,0.2,asinh,True,estimated_free_transition_parameter,False
search,polish_1_coordinates,task_012,psi_child_2007,0.30088488566123284,nan,nan,derived,False,externally_normalized_to_old_completed_fertility,False
search,polish_1_coordinates,task_012,psi_child_2023,-0.026454170759625972,nan,nan,derived,False,derived_from_old_intercept_and_transition_coordinate,False
search,polish_1_coordinates,task_012,tenure_choice_kappa,0.005,nan,nan,external_profile,False,externally_fixed_profile_not_estimated,False
search,polish_1_coordinates,task_012,housing_supply_elasticity,0.63,nan,nan,external_profile,False,externally_fixed_profile_not_estimated,False
search,polish_1_coordinates,task_013,beta_annual,0.9957294031845191,0.94,0.9995,discount,True,estimated_free_transition_parameter,False
search,polish_1_coordinates,task_013,kappa_fert,2.238195772180536,0.02,50.0,log,True,estimated_free_transition_parameter,False
search,polish_1_coordinates,task_013,kappa_fert_continuation,1.7322301491336538,0.02,50.0,log,True,estimated_free_transition_parameter,False
search,polish_1_coordinates,task_013,chi,1.0447481691265725,0.1,5.0,log,True,estimated_free_transition_parameter,False
search,polish_1_coordinates,task_013,H0,14.535717947625159,0.2,80.0,log,True,estimated_free_transition_parameter,False
search,polish_1_coordinates,task_013,theta0,0.5557589336583452,0.0,8.0,softzero,True,estimated_free_transition_parameter,False
search,polish_1_coordinates,task_013,theta1,0.1052518065823461,0.02,16.0,log,True,estimated_free_transition_parameter,True
search,polish_1_coordinates,task_013,hbar_child_rooms,0.23289841116220328,0.1,1.8,log,True,estimated_free_transition_parameter,False
search,polish_1_coordinates,task_013,first_birth_fixed_cost,4.540285143086607,0.0,8.0,softzero,True,estimated_free_transition_parameter,False
search,polish_1_coordinates,task_013,hbar_first_child_jump,0.6006848485093815,0.0,2.0,softzero,True,estimated_free_transition_parameter,False
search,polish_1_coordinates,task_013,psi_child_change_2023,-0.3273390564208588,-1.5,0.2,asinh,True,estimated_free_transition_parameter,False
search,polish_1_coordinates,task_013,psi_child_2007,0.30087650611074795,nan,nan,derived,False,externally_normalized_to_old_completed_fertility,False
search,polish_1_coordinates,task_013,psi_child_2023,-0.026462550310110855,nan,nan,derived,False,derived_from_old_intercept_and_transition_coordinate,False
search,polish_1_coordinates,task_013,tenure_choice_kappa,0.005,nan,nan,external_profile,False,externally_fixed_profile_not_estimated,False
search,polish_1_coordinates,task_013,housing_supply_elasticity,0.63,nan,nan,external_profile,False,externally_fixed_profile_not_estimated,False
search,polish_1_coordinates,task_014,beta_annual,0.9957294031845191,0.94,0.9995,discount,True,estimated_free_transition_parameter,False
search,polish_1_coordinates,task_014,kappa_fert,2.238195772180536,0.02,50.0,log,True,estimated_free_transition_parameter,False
search,polish_1_coordinates,task_014,kappa_fert_continuation,1.7322301491336538,0.02,50.0,log,True,estimated_free_transition_parameter,False
search,polish_1_coordinates,task_014,chi,1.0447481691265725,0.1,5.0,log,True,estimated_free_transition_parameter,False
search,polish_1_coordinates,task_014,H0,14.535717947625159,0.2,80.0,log,True,estimated_free_transition_parameter,False
search,polish_1_coordinates,task_014,theta0,0.5557589336583452,0.0,8.0,softzero,True,estimated_free_transition_parameter,False
search,polish_1_coordinates,task_014,theta1,0.10702550455783855,0.02,16.0,log,True,estimated_free_transition_parameter,True
search,polish_1_coordinates,task_014,hbar_child_rooms,0.23289841116220328,0.1,1.8,log,True,estimated_free_transition_parameter,False
search,polish_1_coordinates,task_014,first_birth_fixed_cost,4.540285143086607,0.0,8.0,softzero,True,estimated_free_transition_parameter,False
search,polish_1_coordinates,task_014,hbar_first_child_jump,0.6006848485093815,0.0,2.0,softzero,True,estimated_free_transition_parameter,False
search,polish_1_coordinates,task_014,psi_child_change_2023,-0.3273390564208588,-1.5,0.2,asinh,True,estimated_free_transition_parameter,False
search,polish_1_coordinates,task_014,psi_child_2007,0.30087402823521814,nan,nan,derived,False,externally_normalized_to_old_completed_fertility,False
search,polish_1_coordinates,task_014,psi_child_2023,-0.02646502818564067,nan,nan,derived,False,derived_from_old_intercept_and_transition_coordinate,False
search,polish_1_coordinates,task_014,tenure_choice_kappa,0.005,nan,nan,external_profile,False,externally_fixed_profile_not_estimated,False
search,polish_1_coordinates,task_014,housing_supply_elasticity,0.63,nan,nan,external_profile,False,externally_fixed_profile_not_estimated,False
search,polish_1_coordinates,task_015,beta_annual,0.9957294031845191,0.94,0.9995,discount,True,estimated_free_transition_parameter,False
search,polish_1_coordinates,task_015,kappa_fert,2.238195772180536,0.02,50.0,log,True,estimated_free_transition_parameter,False
search,polish_1_coordinates,task_015,kappa_fert_continuation,1.7322301491336538,0.02,50.0,log,True,estimated_free_transition_parameter,False
search,polish_1_coordinates,task_015,chi,1.0447481691265725,0.1,5.0,log,True,estimated_free_transition_parameter,False
search,polish_1_coordinates,task_015,H0,14.535717947625159,0.2,80.0,log,True,estimated_free_transition_parameter,False
search,polish_1_coordinates,task_015,theta0,0.5557589336583452,0.0,8.0,softzero,True,estimated_free_transition_parameter,False
search,polish_1_coordinates,task_015,theta1,0.10613495044093449,0.02,16.0,log,True,estimated_free_transition_parameter,True
search,polish_1_coordinates,task_015,hbar_child_rooms,0.2320584756669226,0.1,1.8,log,True,estimated_free_transition_parameter,False
search,polish_1_coordinates,task_015,first_birth_fixed_cost,4.540285143086607,0.0,8.0,softzero,True,estimated_free_transition_parameter,False
search,polish_1_coordinates,task_015,hbar_first_child_jump,0.6006848485093815,0.0,2.0,softzero,True,estimated_free_transition_parameter,False
search,polish_1_coordinates,task_015,psi_child_change_2023,-0.3273390564208588,-1.5,0.2,asinh,True,estimated_free_transition_parameter,False
search,polish_1_coordinates,task_015,psi_child_2007,0.3008074435211235,nan,nan,derived,False,externally_normalized_to_old_completed_fertility,False
search,polish_1_coordinates,task_015,psi_child_2023,-0.026531612899735324,nan,nan,derived,False,derived_from_old_intercept_and_transition_coordinate,False
search,polish_1_coordinates,task_015,tenure_choice_kappa,0.005,nan,nan,external_profile,False,externally_fixed_profile_not_estimated,False
search,polish_1_coordinates,task_015,housing_supply_elasticity,0.63,nan,nan,external_profile,False,externally_fixed_profile_not_estimated,False
search,polish_1_coordinates,task_016,beta_annual,0.9957294031845191,0.94,0.9995,discount,True,estimated_free_transition_parameter,False
search,polish_1_coordinates,task_016,kappa_fert,2.238195772180536,0.02,50.0,log,True,estimated_free_transition_parameter,False
search,polish_1_coordinates,task_016,kappa_fert_continuation,1.7322301491336538,0.02,50.0,log,True,estimated_free_transition_parameter,False
search,polish_1_coordinates,task_016,chi,1.0447481691265725,0.1,5.0,log,True,estimated_free_transition_parameter,False
search,polish_1_coordinates,task_016,H0,14.535717947625159,0.2,80.0,log,True,estimated_free_transition_parameter,False
search,polish_1_coordinates,task_016,theta0,0.5557589336583452,0.0,8.0,softzero,True,estimated_free_transition_parameter,False
search,polish_1_coordinates,task_016,theta1,0.10613495044093449,0.02,16.0,log,True,estimated_free_transition_parameter,True
search,polish_1_coordinates,task_016,hbar_child_rooms,0.2337413868034396,0.1,1.8,log,True,estimated_free_transition_parameter,False
search,polish_1_coordinates,task_016,first_birth_fixed_cost,4.540285143086607,0.0,8.0,softzero,True,estimated_free_transition_parameter,False
search,polish_1_coordinates,task_016,hbar_first_child_jump,0.6006848485093815,0.0,2.0,softzero,True,estimated_free_transition_parameter,False
search,polish_1_coordinates,task_016,psi_child_change_2023,-0.3273390564208588,-1.5,0.2,asinh,True,estimated_free_transition_parameter,False
search,polish_1_coordinates,task_016,psi_child_2007,0.3009447077054032,nan,nan,derived,False,externally_normalized_to_old_completed_fertility,False
search,polish_1_coordinates,task_016,psi_child_2023,-0.026394348715455596,nan,nan,derived,False,derived_from_old_intercept_and_transition_coordinate,False
search,polish_1_coordinates,task_016,tenure_choice_kappa,0.005,nan,nan,external_profile,False,externally_fixed_profile_not_estimated,False
search,polish_1_coordinates,task_016,housing_supply_elasticity,0.63,nan,nan,external_profile,False,externally_fixed_profile_not_estimated,False
search,polish_1_coordinates,task_017,beta_annual,0.9957294031845191,0.94,0.9995,discount,True,estimated_free_transition_parameter,False
search,polish_1_coordinates,task_017,kappa_fert,2.238195772180536,0.02,50.0,log,True,estimated_free_transition_parameter,False
search,polish_1_coordinates,task_017,kappa_fert_continuation,1.7322301491336538,0.02,50.0,log,True,estimated_free_transition_parameter,False
search,polish_1_coordinates,task_017,chi,1.0447481691265725,0.1,5.0,log,True,estimated_free_transition_parameter,False
search,polish_1_coordinates,task_017,H0,14.535717947625159,0.2,80.0,log,True,estimated_free_transition_parameter,False
search,polish_1_coordinates,task_017,theta0,0.5557589336583452,0.0,8.0,softzero,True,estimated_free_transition_parameter,False
search,polish_1_coordinates,task_017,theta1,0.10613495044093449,0.02,16.0,log,True,estimated_free_transition_parameter,True
search,polish_1_coordinates,task_017,hbar_child_rooms,0.23289841116220328,0.1,1.8,log,True,estimated_free_transition_parameter,False
search,polish_1_coordinates,task_017,first_birth_fixed_cost,4.525230650780433,0.0,8.0,softzero,True,estimated_free_transition_parameter,False
search,polish_1_coordinates,task_017,hbar_first_child_jump,0.6006848485093815,0.0,2.0,softzero,True,estimated_free_transition_parameter,False
search,polish_1_coordinates,task_017,psi_child_change_2023,-0.3273390564208588,-1.5,0.2,asinh,True,estimated_free_transition_parameter,False
search,polish_1_coordinates,task_017,psi_child_2007,0.29996635261875954,nan,nan,derived,False,externally_normalized_to_old_completed_fertility,False
search,polish_1_coordinates,task_017,psi_child_2023,-0.027372703802099274,nan,nan,derived,False,derived_from_old_intercept_and_transition_coordinate,False
search,polish_1_coordinates,task_017,tenure_choice_kappa,0.005,nan,nan,external_profile,False,externally_fixed_profile_not_estimated,False
search,polish_1_coordinates,task_017,housing_supply_elasticity,0.63,nan,nan,external_profile,False,externally_fixed_profile_not_estimated,False
search,polish_1_coordinates,task_018,beta_annual,0.9957294031845191,0.94,0.9995,discount,True,estimated_free_transition_parameter,False
search,polish_1_coordinates,task_018,kappa_fert,2.238195772180536,0.02,50.0,log,True,estimated_free_transition_parameter,False
search,polish_1_coordinates,task_018,kappa_fert_continuation,1.7322301491336538,0.02,50.0,log,True,estimated_free_transition_parameter,False
search,polish_1_coordinates,task_018,chi,1.0447481691265725,0.1,5.0,log,True,estimated_free_transition_parameter,False
search,polish_1_coordinates,task_018,H0,14.535717947625159,0.2,80.0,log,True,estimated_free_transition_parameter,False
search,polish_1_coordinates,task_018,theta0,0.5557589336583452,0.0,8.0,softzero,True,estimated_free_transition_parameter,False
search,polish_1_coordinates,task_018,theta1,0.10613495044093449,0.02,16.0,log,True,estimated_free_transition_parameter,True
search,polish_1_coordinates,task_018,hbar_child_rooms,0.23289841116220328,0.1,1.8,log,True,estimated_free_transition_parameter,False
search,polish_1_coordinates,task_018,first_birth_fixed_cost,4.555364635392782,0.0,8.0,softzero,True,estimated_free_transition_parameter,False
search,polish_1_coordinates,task_018,hbar_first_child_jump,0.6006848485093815,0.0,2.0,softzero,True,estimated_free_transition_parameter,False
search,polish_1_coordinates,task_018,psi_child_change_2023,-0.3273390564208588,-1.5,0.2,asinh,True,estimated_free_transition_parameter,False
search,polish_1_coordinates,task_018,psi_child_2007,0.30178758992115756,nan,nan,derived,False,externally_normalized_to_old_completed_fertility,False
search,polish_1_coordinates,task_018,psi_child_2023,-0.025551466499701248,nan,nan,derived,False,derived_from_old_intercept_and_transition_coordinate,False
search,polish_1_coordinates,task_018,tenure_choice_kappa,0.005,nan,nan,external_profile,False,externally_fixed_profile_not_estimated,False
search,polish_1_coordinates,task_018,housing_supply_elasticity,0.63,nan,nan,external_profile,False,externally_fixed_profile_not_estimated,False
search,polish_1_coordinates,task_019,beta_annual,0.9957294031845191,0.94,0.9995,discount,True,estimated_free_transition_parameter,False
search,polish_1_coordinates,task_019,kappa_fert,2.238195772180536,0.02,50.0,log,True,estimated_free_transition_parameter,False
search,polish_1_coordinates,task_019,kappa_fert_continuation,1.7322301491336538,0.02,50.0,log,True,estimated_free_transition_parameter,False
search,polish_1_coordinates,task_019,chi,1.0447481691265725,0.1,5.0,log,True,estimated_free_transition_parameter,False
search,polish_1_coordinates,task_019,H0,14.535717947625159,0.2,80.0,log,True,estimated_free_transition_parameter,False
search,polish_1_coordinates,task_019,theta0,0.5557589336583452,0.0,8.0,softzero,True,estimated_free_transition_parameter,False
search,polish_1_coordinates,task_019,theta1,0.10613495044093449,0.02,16.0,log,True,estimated_free_transition_parameter,True
search,polish_1_coordinates,task_019,hbar_child_rooms,0.23289841116220328,0.1,1.8,log,True,estimated_free_transition_parameter,False
search,polish_1_coordinates,task_019,first_birth_fixed_cost,4.540285143086607,0.0,8.0,softzero,True,estimated_free_transition_parameter,False
search,polish_1_coordinates,task_019,hbar_first_child_jump,0.5979477982218557,0.0,2.0,softzero,True,estimated_free_transition_parameter,False
search,polish_1_coordinates,task_019,psi_child_change_2023,-0.3273390564208588,-1.5,0.2,asinh,True,estimated_free_transition_parameter,False
search,polish_1_coordinates,task_019,psi_child_2007,0.3007236250153034,nan,nan,derived,False,externally_normalized_to_old_completed_fertility,False
search,polish_1_coordinates,task_019,psi_child_2023,-0.02661543140555539,nan,nan,derived,False,derived_from_old_intercept_and_transition_coordinate,False
search,polish_1_coordinates,task_019,tenure_choice_kappa,0.005,nan,nan,external_profile,False,externally_fixed_profile_not_estimated,False
search,polish_1_coordinates,task_019,housing_supply_elasticity,0.63,nan,nan,external_profile,False,externally_fixed_profile_not_estimated,False
search,polish_1_coordinates,task_020,beta_annual,0.9957294031845191,0.94,0.9995,discount,True,estimated_free_transition_parameter,False
search,polish_1_coordinates,task_020,kappa_fert,2.238195772180536,0.02,50.0,log,True,estimated_free_transition_parameter,False
search,polish_1_coordinates,task_020,kappa_fert_continuation,1.7322301491336538,0.02,50.0,log,True,estimated_free_transition_parameter,False
search,polish_1_coordinates,task_020,chi,1.0447481691265725,0.1,5.0,log,True,estimated_free_transition_parameter,False
search,polish_1_coordinates,task_020,H0,14.535717947625159,0.2,80.0,log,True,estimated_free_transition_parameter,False
search,polish_1_coordinates,task_020,theta0,0.5557589336583452,0.0,8.0,softzero,True,estimated_free_transition_parameter,False
search,polish_1_coordinates,task_020,theta1,0.10613495044093449,0.02,16.0,log,True,estimated_free_transition_parameter,True
search,polish_1_coordinates,task_020,hbar_child_rooms,0.23289841116220328,0.1,1.8,log,True,estimated_free_transition_parameter,False
search,polish_1_coordinates,task_020,first_birth_fixed_cost,4.540285143086607,0.0,8.0,softzero,True,estimated_free_transition_parameter,False
search,polish_1_coordinates,task_020,hbar_first_child_jump,0.6034281487969072,0.0,2.0,softzero,True,estimated_free_transition_parameter,False
search,polish_1_coordinates,task_020,psi_child_change_2023,-0.3273390564208588,-1.5,0.2,asinh,True,estimated_free_transition_parameter,False
search,polish_1_coordinates,task_020,psi_child_2007,0.30102722926355807,nan,nan,derived,False,externally_normalized_to_old_completed_fertility,False
search,polish_1_coordinates,task_020,psi_child_2023,-0.026311827157300738,nan,nan,derived,False,derived_from_old_intercept_and_transition_coordinate,False
search,polish_1_coordinates,task_020,tenure_choice_kappa,0.005,nan,nan,external_profile,False,externally_fixed_profile_not_estimated,False
search,polish_1_coordinates,task_020,housing_supply_elasticity,0.63,nan,nan,external_profile,False,externally_fixed_profile_not_estimated,False
search,polish_1_coordinates,task_021,beta_annual,0.9957294031845191,0.94,0.9995,discount,True,estimated_free_transition_parameter,False
search,polish_1_coordinates,task_021,kappa_fert,2.238195772180536,0.02,50.0,log,True,estimated_free_transition_parameter,False
search,polish_1_coordinates,task_021,kappa_fert_continuation,1.7322301491336538,0.02,50.0,log,True,estimated_free_transition_parameter,False
search,polish_1_coordinates,task_021,chi,1.0447481691265725,0.1,5.0,log,True,estimated_free_transition_parameter,False
search,polish_1_coordinates,task_021,H0,14.535717947625159,0.2,80.0,log,True,estimated_free_transition_parameter,False
search,polish_1_coordinates,task_021,theta0,0.5557589336583452,0.0,8.0,softzero,True,estimated_free_transition_parameter,False
search,polish_1_coordinates,task_021,theta1,0.10613495044093449,0.02,16.0,log,True,estimated_free_transition_parameter,True
search,polish_1_coordinates,task_021,hbar_child_rooms,0.23289841116220328,0.1,1.8,log,True,estimated_free_transition_parameter,False
search,polish_1_coordinates,task_021,first_birth_fixed_cost,4.540285143086607,0.0,8.0,softzero,True,estimated_free_transition_parameter,False
search,polish_1_coordinates,task_021,hbar_first_child_jump,0.6006848485093815,0.0,2.0,softzero,True,estimated_free_transition_parameter,False
search,polish_1_coordinates,task_021,psi_child_change_2023,-0.32917231493293403,-1.5,0.2,asinh,True,estimated_free_transition_parameter,False
search,polish_1_coordinates,task_021,psi_child_2007,0.30087533088716095,nan,nan,derived,False,externally_normalized_to_old_completed_fertility,False
search,polish_1_coordinates,task_021,psi_child_2023,-0.028296984045773077,nan,nan,derived,False,derived_from_old_intercept_and_transition_coordinate,False
search,polish_1_coordinates,task_021,tenure_choice_kappa,0.005,nan,nan,external_profile,False,externally_fixed_profile_not_estimated,False
search,polish_1_coordinates,task_021,housing_supply_elasticity,0.63,nan,nan,external_profile,False,externally_fixed_profile_not_estimated,False
search,polish_1_coordinates,task_022,beta_annual,0.9957294031845191,0.94,0.9995,discount,True,estimated_free_transition_parameter,False
search,polish_1_coordinates,task_022,kappa_fert,2.238195772180536,0.02,50.0,log,True,estimated_free_transition_parameter,False
search,polish_1_coordinates,task_022,kappa_fert_continuation,1.7322301491336538,0.02,50.0,log,True,estimated_free_transition_parameter,False
search,polish_1_coordinates,task_022,chi,1.0447481691265725,0.1,5.0,log,True,estimated_free_transition_parameter,False
search,polish_1_coordinates,task_022,H0,14.535717947625159,0.2,80.0,log,True,estimated_free_transition_parameter,False
search,polish_1_coordinates,task_022,theta0,0.5557589336583452,0.0,8.0,softzero,True,estimated_free_transition_parameter,False
search,polish_1_coordinates,task_022,theta1,0.10613495044093449,0.02,16.0,log,True,estimated_free_transition_parameter,True
search,polish_1_coordinates,task_022,hbar_child_rooms,0.23289841116220328,0.1,1.8,log,True,estimated_free_transition_parameter,False
search,polish_1_coordinates,task_022,first_birth_fixed_cost,4.540285143086607,0.0,8.0,softzero,True,estimated_free_transition_parameter,False
search,polish_1_coordinates,task_022,hbar_first_child_jump,0.6006848485093815,0.0,2.0,softzero,True,estimated_free_transition_parameter,False
search,polish_1_coordinates,task_022,psi_child_change_2023,-0.32550679103127156,-1.5,0.2,asinh,True,estimated_free_transition_parameter,False
search,polish_1_coordinates,task_022,psi_child_2007,0.30087533088716095,nan,nan,derived,False,externally_normalized_to_old_completed_fertility,False
search,polish_1_coordinates,task_022,psi_child_2023,-0.024631460144110606,nan,nan,derived,False,derived_from_old_intercept_and_transition_coordinate,False
search,polish_1_coordinates,task_022,tenure_choice_kappa,0.005,nan,nan,external_profile,False,externally_fixed_profile_not_estimated,False
search,polish_1_coordinates,task_022,housing_supply_elasticity,0.63,nan,nan,external_profile,False,externally_fixed_profile_not_estimated,False
search,polish_1_joint,task_001,beta_annual,0.9957294031845191,0.94,0.9995,discount,True,estimated_free_transition_parameter,False
search,polish_1_joint,task_001,kappa_fert,2.238195772180536,0.02,50.0,log,True,estimated_free_transition_parameter,False
search,polish_1_joint,task_001,kappa_fert_continuation,1.740721549050384,0.02,50.0,log,True,estimated_free_transition_parameter,False
search,polish_1_joint,task_001,chi,1.0473057187706067,0.1,5.0,log,True,estimated_free_transition_parameter,False
search,polish_1_joint,task_001,H0,14.535717947625159,0.2,80.0,log,True,estimated_free_transition_parameter,False
search,polish_1_joint,task_001,theta0,0.5583977723512051,0.0,8.0,softzero,True,estimated_free_transition_parameter,False
search,polish_1_joint,task_001,theta1,0.10569245609520164,0.02,16.0,log,True,estimated_free_transition_parameter,True
search,polish_1_joint,task_001,hbar_child_rooms,0.23289841116220328,0.1,1.8,log,True,estimated_free_transition_parameter,False
search,polish_1_joint,task_001,first_birth_fixed_cost,4.5478217642396945,0.0,8.0,softzero,True,estimated_free_transition_parameter,False
search,polish_1_joint,task_001,hbar_first_child_jump,0.6020557174031443,0.0,2.0,softzero,True,estimated_free_transition_parameter,False
search,polish_1_joint,task_001,psi_child_change_2023,-0.3264227999332593,-1.5,0.2,asinh,True,estimated_free_transition_parameter,False
search,polish_1_joint,task_001,psi_child_2007,0.2998476188701721,nan,nan,derived,False,externally_normalized_to_old_completed_fertility,False
search,polish_1_joint,task_001,psi_child_2023,-0.026575181063087205,nan,nan,derived,False,derived_from_old_intercept_and_transition_coordinate,False
search,polish_1_joint,task_001,tenure_choice_kappa,0.005,nan,nan,external_profile,False,externally_fixed_profile_not_estimated,False
search,polish_1_joint,task_001,housing_supply_elasticity,0.63,nan,nan,external_profile,False,externally_fixed_profile_not_estimated,False
search,polish_1_joint,task_002,beta_annual,0.9957294031845191,0.94,0.9995,discount,True,estimated_free_transition_parameter,False
search,polish_1_joint,task_002,kappa_fert,2.238195772180536,0.02,50.0,log,True,estimated_free_transition_parameter,False
search,polish_1_joint,task_002,kappa_fert_continuation,1.7492545738473773,0.02,50.0,log,True,estimated_free_transition_parameter,False
search,polish_1_joint,task_002,chi,1.049869529311166,0.1,5.0,log,True,estimated_free_transition_parameter,False
search,polish_1_joint,task_002,H0,14.535717947625159,0.2,80.0,log,True,estimated_free_transition_parameter,False
search,polish_1_joint,task_002,theta0,0.561042861044065,0.0,8.0,softzero,True,estimated_free_transition_parameter,False
search,polish_1_joint,task_002,theta1,0.1052518065823461,0.02,16.0,log,True,estimated_free_transition_parameter,True
search,polish_1_joint,task_002,hbar_child_rooms,0.23289841116220328,0.1,1.8,log,True,estimated_free_transition_parameter,False
search,polish_1_joint,task_002,first_birth_fixed_cost,4.555364635392782,0.0,8.0,softzero,True,estimated_free_transition_parameter,False
search,polish_1_joint,task_002,hbar_first_child_jump,0.6034281487969072,0.0,2.0,softzero,True,estimated_free_transition_parameter,False
search,polish_1_joint,task_002,psi_child_change_2023,-0.32550679103127156,-1.5,0.2,asinh,True,estimated_free_transition_parameter,False
search,polish_1_joint,task_002,psi_child_2007,0.2988105057943076,nan,nan,derived,False,externally_normalized_to_old_completed_fertility,False
search,polish_1_joint,task_002,psi_child_2023,-0.026696285236963935,nan,nan,derived,False,derived_from_old_intercept_and_transition_coordinate,False
search,polish_1_joint,task_002,tenure_choice_kappa,0.005,nan,nan,external_profile,False,externally_fixed_profile_not_estimated,False
search,polish_1_joint,task_002,housing_supply_elasticity,0.63,nan,nan,external_profile,False,externally_fixed_profile_not_estimated,False
search,polish_1_joint,task_003,beta_annual,0.9957294031845191,0.94,0.9995,discount,True,estimated_free_transition_parameter,False
search,polish_1_joint,task_003,kappa_fert,2.238195772180536,0.02,50.0,log,True,estimated_free_transition_parameter,False
search,polish_1_joint,task_003,kappa_fert_continuation,1.766446315263779,0.02,50.0,log,True,estimated_free_transition_parameter,False
search,polish_1_joint,task_003,chi,1.0550159944262254,0.1,5.0,log,True,estimated_free_transition_parameter,False
search,polish_1_joint,task_003,H0,14.535717947625159,0.2,80.0,log,True,estimated_free_transition_parameter,False
search,polish_1_joint,task_003,theta0,0.5663517884297847,0.0,8.0,softzero,True,estimated_free_transition_parameter,False
search,polish_1_joint,task_003,theta1,0.10437601132166746,0.02,16.0,log,True,estimated_free_transition_parameter,True
search,polish_1_joint,task_003,hbar_child_rooms,0.23289841116220328,0.1,1.8,log,True,estimated_free_transition_parameter,False
search,polish_1_joint,task_003,first_birth_fixed_cost,4.570469127698956,0.0,8.0,softzero,True,estimated_free_transition_parameter,False
search,polish_1_joint,task_003,hbar_first_child_jump,0.606177699084433,0.0,2.0,softzero,True,estimated_free_transition_parameter,False
search,polish_1_joint,task_003,psi_child_change_2023,-0.3236755132052146,-1.5,0.2,asinh,True,estimated_free_transition_parameter,False
search,polish_1_joint,task_003,psi_child_2007,0.29670048632477697,nan,nan,derived,False,externally_normalized_to_old_completed_fertility,False
search,polish_1_joint,task_003,psi_child_2023,-0.026975026880437625,nan,nan,derived,False,derived_from_old_intercept_and_transition_coordinate,False
search,polish_1_joint,task_003,tenure_choice_kappa,0.005,nan,nan,external_profile,False,externally_fixed_profile_not_estimated,False
search,polish_1_joint,task_003,housing_supply_elasticity,0.63,nan,nan,external_profile,False,externally_fixed_profile_not_estimated,False
search,polish_1_joint,task_004,beta_annual,0.9957294031845191,0.94,0.9995,discount,True,estimated_free_transition_parameter,False
search,polish_1_joint,task_004,kappa_fert,2.238195772180536,0.02,50.0,log,True,estimated_free_transition_parameter,False
search,polish_1_joint,task_004,kappa_fert_continuation,1.8013383419458238,0.02,50.0,log,True,estimated_free_transition_parameter,False
search,polish_1_joint,task_004,chi,1.0653847323089285,0.1,5.0,log,True,estimated_free_transition_parameter,False
search,polish_1_joint,task_004,H0,14.535717947625159,0.2,80.0,log,True,estimated_free_transition_parameter,False
search,polish_1_joint,task_004,theta0,0.5770446432012242,0.0,8.0,softzero,True,estimated_free_transition_parameter,False
search,polish_1_joint,task_004,theta1,0.10264622251351316,0.02,16.0,log,True,estimated_free_transition_parameter,True
search,polish_1_joint,task_004,hbar_child_rooms,0.23289841116220328,0.1,1.8,log,True,estimated_free_transition_parameter,False
search,polish_1_joint,task_004,first_birth_fixed_cost,4.600753112311305,0.0,8.0,softzero,True,estimated_free_transition_parameter,False
search,polish_1_joint,task_004,hbar_first_child_jump,0.6116955496594846,0.0,2.0,softzero,True,estimated_free_transition_parameter,False
search,polish_1_joint,task_004,psi_child_change_2023,-0.3200158980228254,-1.5,0.2,asinh,True,estimated_free_transition_parameter,False
search,polish_1_joint,task_004,psi_child_2007,0.29233204502995125,nan,nan,derived,False,externally_normalized_to_old_completed_fertility,False
search,polish_1_joint,task_004,psi_child_2023,-0.027683852992874125,nan,nan,derived,False,derived_from_old_intercept_and_transition_coordinate,False
search,polish_1_joint,task_004,tenure_choice_kappa,0.005,nan,nan,external_profile,False,externally_fixed_profile_not_estimated,False
search,polish_1_joint,task_004,housing_supply_elasticity,0.63,nan,nan,external_profile,False,externally_fixed_profile_not_estimated,False
search,polish_1_joint,task_005,beta_annual,0.9957294031845191,0.94,0.9995,discount,True,estimated_free_transition_parameter,False
search,polish_1_joint,task_005,kappa_fert,2.238195772180536,0.02,50.0,log,True,estimated_free_transition_parameter,False
search,polish_1_joint,task_005,kappa_fert_continuation,1.740721549050384,0.02,50.0,log,True,estimated_free_transition_parameter,False
search,polish_1_joint,task_005,chi,1.0473057187706067,0.1,5.0,log,True,estimated_free_transition_parameter,False
search,polish_1_joint,task_005,H0,14.535717947625159,0.2,80.0,log,True,estimated_free_transition_parameter,False
search,polish_1_joint,task_005,theta0,0.5583977723512051,0.0,8.0,softzero,True,estimated_free_transition_parameter,False
search,polish_1_joint,task_005,theta1,0.10613495044093449,0.02,16.0,log,True,estimated_free_transition_parameter,True
search,polish_1_joint,task_005,hbar_child_rooms,0.23289841116220328,0.1,1.8,log,True,estimated_free_transition_parameter,False
search,polish_1_joint,task_005,first_birth_fixed_cost,4.540285143086607,0.0,8.0,softzero,True,estimated_free_transition_parameter,False
search,polish_1_joint,task_005,hbar_first_child_jump,0.6006848485093815,0.0,2.0,softzero,True,estimated_free_transition_parameter,False
search,polish_1_joint,task_005,psi_child_change_2023,-0.3273390564208588,-1.5,0.2,asinh,True,estimated_free_transition_parameter,False
search,polish_1_joint,task_005,psi_child_2007,0.29931464825881793,nan,nan,derived,False,externally_normalized_to_old_completed_fertility,False
search,polish_1_joint,task_005,psi_child_2023,-0.02802440816204088,nan,nan,derived,False,derived_from_old_intercept_and_transition_coordinate,False
search,polish_1_joint,task_005,tenure_choice_kappa,0.005,nan,nan,external_profile,False,externally_fixed_profile_not_estimated,False
search,polish_1_joint,task_005,housing_supply_elasticity,0.63,nan,nan,external_profile,False,externally_fixed_profile_not_estimated,False
search,polish_1_joint,task_006,beta_annual,0.9957294031845191,0.94,0.9995,discount,True,estimated_free_transition_parameter,False
search,polish_1_joint,task_006,kappa_fert,2.238195772180536,0.02,50.0,log,True,estimated_free_transition_parameter,False
search,polish_1_joint,task_006,kappa_fert_continuation,1.7492545738473773,0.02,50.0,log,True,estimated_free_transition_parameter,False
search,polish_1_joint,task_006,chi,1.049869529311166,0.1,5.0,log,True,estimated_free_transition_parameter,False
search,polish_1_joint,task_006,H0,14.535717947625159,0.2,80.0,log,True,estimated_free_transition_parameter,False
search,polish_1_joint,task_006,theta0,0.561042861044065,0.0,8.0,softzero,True,estimated_free_transition_parameter,False
search,polish_1_joint,task_006,theta1,0.10613495044093449,0.02,16.0,log,True,estimated_free_transition_parameter,True
search,polish_1_joint,task_006,hbar_child_rooms,0.23289841116220328,0.1,1.8,log,True,estimated_free_transition_parameter,False
search,polish_1_joint,task_006,first_birth_fixed_cost,4.540285143086607,0.0,8.0,softzero,True,estimated_free_transition_parameter,False
search,polish_1_joint,task_006,hbar_first_child_jump,0.6006848485093815,0.0,2.0,softzero,True,estimated_free_transition_parameter,False
search,polish_1_joint,task_006,psi_child_change_2023,-0.3273390564208588,-1.5,0.2,asinh,True,estimated_free_transition_parameter,False
search,polish_1_joint,task_006,psi_child_2007,0.2977432455409039,nan,nan,derived,False,externally_normalized_to_old_completed_fertility,False
search,polish_1_joint,task_006,psi_child_2023,-0.029595810879954887,nan,nan,derived,False,derived_from_old_intercept_and_transition_coordinate,False
search,polish_1_joint,task_006,tenure_choice_kappa,0.005,nan,nan,external_profile,False,externally_fixed_profile_not_estimated,False
search,polish_1_joint,task_006,housing_supply_elasticity,0.63,nan,nan,external_profile,False,externally_fixed_profile_not_estimated,False
search,polish_1_joint,task_007,beta_annual,0.9957294031845191,0.94,0.9995,discount,True,estimated_free_transition_parameter,False
search,polish_1_joint,task_007,kappa_fert,2.238195772180536,0.02,50.0,log,True,estimated_free_transition_parameter,False
search,polish_1_joint,task_007,kappa_fert_continuation,1.766446315263779,0.02,50.0,log,True,estimated_free_transition_parameter,False
search,polish_1_joint,task_007,chi,1.0550159944262254,0.1,5.0,log,True,estimated_free_transition_parameter,False
search,polish_1_joint,task_007,H0,14.535717947625159,0.2,80.0,log,True,estimated_free_transition_parameter,False
search,polish_1_joint,task_007,theta0,0.5663517884297847,0.0,8.0,softzero,True,estimated_free_transition_parameter,False
search,polish_1_joint,task_007,theta1,0.10613495044093449,0.02,16.0,log,True,estimated_free_transition_parameter,True
search,polish_1_joint,task_007,hbar_child_rooms,0.23289841116220328,0.1,1.8,log,True,estimated_free_transition_parameter,False
search,polish_1_joint,task_007,first_birth_fixed_cost,4.540285143086607,0.0,8.0,softzero,True,estimated_free_transition_parameter,False
search,polish_1_joint,task_007,hbar_first_child_jump,0.6006848485093815,0.0,2.0,softzero,True,estimated_free_transition_parameter,False
search,polish_1_joint,task_007,psi_child_change_2023,-0.3273390564208588,-1.5,0.2,asinh,True,estimated_free_transition_parameter,False
search,polish_1_joint,task_007,psi_child_2007,0.29456150558865746,nan,nan,derived,False,externally_normalized_to_old_completed_fertility,False
search,polish_1_joint,task_007,psi_child_2023,-0.03277755083220135,nan,nan,derived,False,derived_from_old_intercept_and_transition_coordinate,False
search,polish_1_joint,task_007,tenure_choice_kappa,0.005,nan,nan,external_profile,False,externally_fixed_profile_not_estimated,False
search,polish_1_joint,task_007,housing_supply_elasticity,0.63,nan,nan,external_profile,False,externally_fixed_profile_not_estimated,False
search,polish_1_joint,task_008,beta_annual,0.9957294031845191,0.94,0.9995,discount,True,estimated_free_transition_parameter,False
search,polish_1_joint,task_008,kappa_fert,2.238195772180536,0.02,50.0,log,True,estimated_free_transition_parameter,False
search,polish_1_joint,task_008,kappa_fert_continuation,1.8013383419458238,0.02,50.0,log,True,estimated_free_transition_parameter,False
search,polish_1_joint,task_008,chi,1.0653847323089285,0.1,5.0,log,True,estimated_free_transition_parameter,False
search,polish_1_joint,task_008,H0,14.535717947625159,0.2,80.0,log,True,estimated_free_transition_parameter,False
search,polish_1_joint,task_008,theta0,0.5770446432012242,0.0,8.0,softzero,True,estimated_free_transition_parameter,False
search,polish_1_joint,task_008,theta1,0.10613495044093449,0.02,16.0,log,True,estimated_free_transition_parameter,True
search,polish_1_joint,task_008,hbar_child_rooms,0.23289841116220328,0.1,1.8,log,True,estimated_free_transition_parameter,False
search,polish_1_joint,task_008,first_birth_fixed_cost,4.540285143086607,0.0,8.0,softzero,True,estimated_free_transition_parameter,False
search,polish_1_joint,task_008,hbar_first_child_jump,0.6006848485093815,0.0,2.0,softzero,True,estimated_free_transition_parameter,False
search,polish_1_joint,task_008,psi_child_change_2023,-0.3273390564208588,-1.5,0.2,asinh,True,estimated_free_transition_parameter,False
search,polish_1_joint,task_008,psi_child_2007,0.28803389423819964,nan,nan,derived,False,externally_normalized_to_old_completed_fertility,False
search,polish_1_joint,task_008,psi_child_2023,-0.03930516218265917,nan,nan,derived,False,derived_from_old_intercept_and_transition_coordinate,False
search,polish_1_joint,task_008,tenure_choice_kappa,0.005,nan,nan,external_profile,False,externally_fixed_profile_not_estimated,False
search,polish_1_joint,task_008,housing_supply_elasticity,0.63,nan,nan,external_profile,False,externally_fixed_profile_not_estimated,False
search,polish_1_joint,task_009,beta_annual,0.9957294031845191,0.94,0.9995,discount,True,estimated_free_transition_parameter,False
search,polish_1_joint,task_009,kappa_fert,2.238195772180536,0.02,50.0,log,True,estimated_free_transition_parameter,False
search,polish_1_joint,task_009,kappa_fert_continuation,1.740721549050384,0.02,50.0,log,True,estimated_free_transition_parameter,False
search,polish_1_joint,task_009,chi,1.0473057187706067,0.1,5.0,log,True,estimated_free_transition_parameter,False
search,polish_1_joint,task_009,H0,14.535717947625159,0.2,80.0,log,True,estimated_free_transition_parameter,False
search,polish_1_joint,task_009,theta0,0.5583977723512051,0.0,8.0,softzero,True,estimated_free_transition_parameter,False
search,polish_1_joint,task_009,theta1,0.10613495044093449,0.02,16.0,log,True,estimated_free_transition_parameter,True
search,polish_1_joint,task_009,hbar_child_rooms,0.23289841116220328,0.1,1.8,log,True,estimated_free_transition_parameter,False
search,polish_1_joint,task_009,first_birth_fixed_cost,4.5478217642396945,0.0,8.0,softzero,True,estimated_free_transition_parameter,False
search,polish_1_joint,task_009,hbar_first_child_jump,0.6020557174031443,0.0,2.0,softzero,True,estimated_free_transition_parameter,False
search,polish_1_joint,task_009,psi_child_change_2023,-0.3264227999332593,-1.5,0.2,asinh,True,estimated_free_transition_parameter,False
search,polish_1_joint,task_009,psi_child_2007,0.2998469694729737,nan,nan,derived,False,externally_normalized_to_old_completed_fertility,False
search,polish_1_joint,task_009,psi_child_2023,-0.02657583046028561,nan,nan,derived,False,derived_from_old_intercept_and_transition_coordinate,False
search,polish_1_joint,task_009,tenure_choice_kappa,0.005,nan,nan,external_profile,False,externally_fixed_profile_not_estimated,False
search,polish_1_joint,task_009,housing_supply_elasticity,0.63,nan,nan,external_profile,False,externally_fixed_profile_not_estimated,False
search,polish_1_joint,task_010,beta_annual,0.9957294031845191,0.94,0.9995,discount,True,estimated_free_transition_parameter,False
search,polish_1_joint,task_010,kappa_fert,2.238195772180536,0.02,50.0,log,True,estimated_free_transition_parameter,False
search,polish_1_joint,task_010,kappa_fert_continuation,1.7492545738473773,0.02,50.0,log,True,estimated_free_transition_parameter,False
search,polish_1_joint,task_010,chi,1.049869529311166,0.1,5.0,log,True,estimated_free_transition_parameter,False
search,polish_1_joint,task_010,H0,14.535717947625159,0.2,80.0,log,True,estimated_free_transition_parameter,False
search,polish_1_joint,task_010,theta0,0.561042861044065,0.0,8.0,softzero,True,estimated_free_transition_parameter,False
search,polish_1_joint,task_010,theta1,0.10613495044093449,0.02,16.0,log,True,estimated_free_transition_parameter,True
search,polish_1_joint,task_010,hbar_child_rooms,0.23289841116220328,0.1,1.8,log,True,estimated_free_transition_parameter,False
search,polish_1_joint,task_010,first_birth_fixed_cost,4.555364635392782,0.0,8.0,softzero,True,estimated_free_transition_parameter,False
search,polish_1_joint,task_010,hbar_first_child_jump,0.6034281487969072,0.0,2.0,softzero,True,estimated_free_transition_parameter,False
search,polish_1_joint,task_010,psi_child_change_2023,-0.32550679103127156,-1.5,0.2,asinh,True,estimated_free_transition_parameter,False
search,polish_1_joint,task_010,psi_child_2007,0.29880915553068726,nan,nan,derived,False,externally_normalized_to_old_completed_fertility,False
search,polish_1_joint,task_010,psi_child_2023,-0.026697635500584294,nan,nan,derived,False,derived_from_old_intercept_and_transition_coordinate,False
search,polish_1_joint,task_010,tenure_choice_kappa,0.005,nan,nan,external_profile,False,externally_fixed_profile_not_estimated,False
search,polish_1_joint,task_010,housing_supply_elasticity,0.63,nan,nan,external_profile,False,externally_fixed_profile_not_estimated,False
search,polish_1_joint,task_011,beta_annual,0.9957294031845191,0.94,0.9995,discount,True,estimated_free_transition_parameter,False
search,polish_1_joint,task_011,kappa_fert,2.238195772180536,0.02,50.0,log,True,estimated_free_transition_parameter,False
search,polish_1_joint,task_011,kappa_fert_continuation,1.766446315263779,0.02,50.0,log,True,estimated_free_transition_parameter,False
search,polish_1_joint,task_011,chi,1.0550159944262254,0.1,5.0,log,True,estimated_free_transition_parameter,False
search,polish_1_joint,task_011,H0,14.535717947625159,0.2,80.0,log,True,estimated_free_transition_parameter,False
search,polish_1_joint,task_011,theta0,0.5663517884297847,0.0,8.0,softzero,True,estimated_free_transition_parameter,False
search,polish_1_joint,task_011,theta1,0.10613495044093449,0.02,16.0,log,True,estimated_free_transition_parameter,True
search,polish_1_joint,task_011,hbar_child_rooms,0.23289841116220328,0.1,1.8,log,True,estimated_free_transition_parameter,False
search,polish_1_joint,task_011,first_birth_fixed_cost,4.570469127698956,0.0,8.0,softzero,True,estimated_free_transition_parameter,False
search,polish_1_joint,task_011,hbar_first_child_jump,0.606177699084433,0.0,2.0,softzero,True,estimated_free_transition_parameter,False
search,polish_1_joint,task_011,psi_child_change_2023,-0.3236755132052146,-1.5,0.2,asinh,True,estimated_free_transition_parameter,False
search,polish_1_joint,task_011,psi_child_2007,0.29669806637293006,nan,nan,derived,False,externally_normalized_to_old_completed_fertility,False
search,polish_1_joint,task_011,psi_child_2023,-0.026977446832284535,nan,nan,derived,False,derived_from_old_intercept_and_transition_coordinate,False
search,polish_1_joint,task_011,tenure_choice_kappa,0.005,nan,nan,external_profile,False,externally_fixed_profile_not_estimated,False
search,polish_1_joint,task_011,housing_supply_elasticity,0.63,nan,nan,external_profile,False,externally_fixed_profile_not_estimated,False
search,polish_1_joint,task_012,beta_annual,0.9957294031845191,0.94,0.9995,discount,True,estimated_free_transition_parameter,False
search,polish_1_joint,task_012,kappa_fert,2.238195772180536,0.02,50.0,log,True,estimated_free_transition_parameter,False
search,polish_1_joint,task_012,kappa_fert_continuation,1.8013383419458238,0.02,50.0,log,True,estimated_free_transition_parameter,False
search,polish_1_joint,task_012,chi,1.0653847323089285,0.1,5.0,log,True,estimated_free_transition_parameter,False
search,polish_1_joint,task_012,H0,14.535717947625159,0.2,80.0,log,True,estimated_free_transition_parameter,False
search,polish_1_joint,task_012,theta0,0.5770446432012242,0.0,8.0,softzero,True,estimated_free_transition_parameter,False
search,polish_1_joint,task_012,theta1,0.10613495044093449,0.02,16.0,log,True,estimated_free_transition_parameter,True
search,polish_1_joint,task_012,hbar_child_rooms,0.23289841116220328,0.1,1.8,log,True,estimated_free_transition_parameter,False
search,polish_1_joint,task_012,first_birth_fixed_cost,4.600753112311305,0.0,8.0,softzero,True,estimated_free_transition_parameter,False
search,polish_1_joint,task_012,hbar_first_child_jump,0.6116955496594846,0.0,2.0,softzero,True,estimated_free_transition_parameter,False
search,polish_1_joint,task_012,psi_child_change_2023,-0.3200158980228254,-1.5,0.2,asinh,True,estimated_free_transition_parameter,False
search,polish_1_joint,task_012,psi_child_2007,0.2923273646965466,nan,nan,derived,False,externally_normalized_to_old_completed_fertility,False
search,polish_1_joint,task_012,psi_child_2023,-0.027688533326278797,nan,nan,derived,False,derived_from_old_intercept_and_transition_coordinate,False
search,polish_1_joint,task_012,tenure_choice_kappa,0.005,nan,nan,external_profile,False,externally_fixed_profile_not_estimated,False
search,polish_1_joint,task_012,housing_supply_elasticity,0.63,nan,nan,external_profile,False,externally_fixed_profile_not_estimated,False
search,polish_2_coordinates,task_001,beta_annual,0.9956918643790077,0.94,0.9995,discount,True,estimated_free_transition_parameter,False
search,polish_2_coordinates,task_001,kappa_fert,2.238195772180536,0.02,50.0,log,True,estimated_free_transition_parameter,False
search,polish_2_coordinates,task_001,kappa_fert_continuation,1.7492545738473773,0.02,50.0,log,True,estimated_free_transition_parameter,False
search,polish_2_coordinates,task_001,chi,1.049869529311166,0.1,5.0,log,True,estimated_free_transition_parameter,False
search,polish_2_coordinates,task_001,H0,14.535717947625159,0.2,80.0,log,True,estimated_free_transition_parameter,False
search,polish_2_coordinates,task_001,theta0,0.561042861044065,0.0,8.0,softzero,True,estimated_free_transition_parameter,False
search,polish_2_coordinates,task_001,theta1,0.1052518065823461,0.02,16.0,log,True,estimated_free_transition_parameter,True
search,polish_2_coordinates,task_001,hbar_child_rooms,0.23289841116220328,0.1,1.8,log,True,estimated_free_transition_parameter,False
search,polish_2_coordinates,task_001,first_birth_fixed_cost,4.555364635392782,0.0,8.0,softzero,True,estimated_free_transition_parameter,False
search,polish_2_coordinates,task_001,hbar_first_child_jump,0.6034281487969072,0.0,2.0,softzero,True,estimated_free_transition_parameter,False
search,polish_2_coordinates,task_001,psi_child_change_2023,-0.32550679103127156,-1.5,0.2,asinh,True,estimated_free_transition_parameter,False
search,polish_2_coordinates,task_001,psi_child_2007,0.298884948587325,nan,nan,derived,False,externally_normalized_to_old_completed_fertility,False
search,polish_2_coordinates,task_001,psi_child_2023,-0.026621842443946553,nan,nan,derived,False,derived_from_old_intercept_and_transition_coordinate,False
search,polish_2_coordinates,task_001,tenure_choice_kappa,0.005,nan,nan,external_profile,False,externally_fixed_profile_not_estimated,False
search,polish_2_coordinates,task_001,housing_supply_elasticity,0.63,nan,nan,external_profile,False,externally_fixed_profile_not_estimated,False
search,polish_2_coordinates,task_002,beta_annual,0.9957667560525304,0.94,0.9995,discount,True,estimated_free_transition_parameter,False
search,polish_2_coordinates,task_002,kappa_fert,2.238195772180536,0.02,50.0,log,True,estimated_free_transition_parameter,False
search,polish_2_coordinates,task_002,kappa_fert_continuation,1.7492545738473773,0.02,50.0,log,True,estimated_free_transition_parameter,False
search,polish_2_coordinates,task_002,chi,1.049869529311166,0.1,5.0,log,True,estimated_free_transition_parameter,False
search,polish_2_coordinates,task_002,H0,14.535717947625159,0.2,80.0,log,True,estimated_free_transition_parameter,False
search,polish_2_coordinates,task_002,theta0,0.561042861044065,0.0,8.0,softzero,True,estimated_free_transition_parameter,False
search,polish_2_coordinates,task_002,theta1,0.1052518065823461,0.02,16.0,log,True,estimated_free_transition_parameter,True
search,polish_2_coordinates,task_002,hbar_child_rooms,0.23289841116220328,0.1,1.8,log,True,estimated_free_transition_parameter,False
search,polish_2_coordinates,task_002,first_birth_fixed_cost,4.555364635392782,0.0,8.0,softzero,True,estimated_free_transition_parameter,False
search,polish_2_coordinates,task_002,hbar_first_child_jump,0.6034281487969072,0.0,2.0,softzero,True,estimated_free_transition_parameter,False
search,polish_2_coordinates,task_002,psi_child_change_2023,-0.32550679103127156,-1.5,0.2,asinh,True,estimated_free_transition_parameter,False
search,polish_2_coordinates,task_002,psi_child_2007,0.2987347514773235,nan,nan,derived,False,externally_normalized_to_old_completed_fertility,False
search,polish_2_coordinates,task_002,psi_child_2023,-0.02677203955394808,nan,nan,derived,False,derived_from_old_intercept_and_transition_coordinate,False
search,polish_2_coordinates,task_002,tenure_choice_kappa,0.005,nan,nan,external_profile,False,externally_fixed_profile_not_estimated,False
search,polish_2_coordinates,task_002,housing_supply_elasticity,0.63,nan,nan,external_profile,False,externally_fixed_profile_not_estimated,False
search,polish_2_coordinates,task_003,beta_annual,0.9957294031845191,0.94,0.9995,discount,True,estimated_free_transition_parameter,False
search,polish_2_coordinates,task_003,kappa_fert,2.2164127818784154,0.02,50.0,log,True,estimated_free_transition_parameter,False
search,polish_2_coordinates,task_003,kappa_fert_continuation,1.7492545738473773,0.02,50.0,log,True,estimated_free_transition_parameter,False
search,polish_2_coordinates,task_003,chi,1.049869529311166,0.1,5.0,log,True,estimated_free_transition_parameter,False
search,polish_2_coordinates,task_003,H0,14.535717947625159,0.2,80.0,log,True,estimated_free_transition_parameter,False
search,polish_2_coordinates,task_003,theta0,0.561042861044065,0.0,8.0,softzero,True,estimated_free_transition_parameter,False
search,polish_2_coordinates,task_003,theta1,0.1052518065823461,0.02,16.0,log,True,estimated_free_transition_parameter,True
search,polish_2_coordinates,task_003,hbar_child_rooms,0.23289841116220328,0.1,1.8,log,True,estimated_free_transition_parameter,False
search,polish_2_coordinates,task_003,first_birth_fixed_cost,4.555364635392782,0.0,8.0,softzero,True,estimated_free_transition_parameter,False
search,polish_2_coordinates,task_003,hbar_first_child_jump,0.6034281487969072,0.0,2.0,softzero,True,estimated_free_transition_parameter,False
search,polish_2_coordinates,task_003,psi_child_change_2023,-0.32550679103127156,-1.5,0.2,asinh,True,estimated_free_transition_parameter,False
search,polish_2_coordinates,task_003,psi_child_2007,0.29710512047000476,nan,nan,derived,False,externally_normalized_to_old_completed_fertility,False
search,polish_2_coordinates,task_003,psi_child_2023,-0.0284016705612668,nan,nan,derived,False,derived_from_old_intercept_and_transition_coordinate,False
search,polish_2_coordinates,task_003,tenure_choice_kappa,0.005,nan,nan,external_profile,False,externally_fixed_profile_not_estimated,False
search,polish_2_coordinates,task_003,housing_supply_elasticity,0.63,nan,nan,external_profile,False,externally_fixed_profile_not_estimated,False
search,polish_2_coordinates,task_004,beta_annual,0.9957294031845191,0.94,0.9995,discount,True,estimated_free_transition_parameter,False
search,polish_2_coordinates,task_004,kappa_fert,2.260192846551467,0.02,50.0,log,True,estimated_free_transition_parameter,False
search,polish_2_coordinates,task_004,kappa_fert_continuation,1.7492545738473773,0.02,50.0,log,True,estimated_free_transition_parameter,False
search,polish_2_coordinates,task_004,chi,1.049869529311166,0.1,5.0,log,True,estimated_free_transition_parameter,False
search,polish_2_coordinates,task_004,H0,14.535717947625159,0.2,80.0,log,True,estimated_free_transition_parameter,False
search,polish_2_coordinates,task_004,theta0,0.561042861044065,0.0,8.0,softzero,True,estimated_free_transition_parameter,False
search,polish_2_coordinates,task_004,theta1,0.1052518065823461,0.02,16.0,log,True,estimated_free_transition_parameter,True
search,polish_2_coordinates,task_004,hbar_child_rooms,0.23289841116220328,0.1,1.8,log,True,estimated_free_transition_parameter,False
search,polish_2_coordinates,task_004,first_birth_fixed_cost,4.555364635392782,0.0,8.0,softzero,True,estimated_free_transition_parameter,False
search,polish_2_coordinates,task_004,hbar_first_child_jump,0.6034281487969072,0.0,2.0,softzero,True,estimated_free_transition_parameter,False
search,polish_2_coordinates,task_004,psi_child_change_2023,-0.32550679103127156,-1.5,0.2,asinh,True,estimated_free_transition_parameter,False
search,polish_2_coordinates,task_004,psi_child_2007,0.30052582977065745,nan,nan,derived,False,externally_normalized_to_old_completed_fertility,False
search,polish_2_coordinates,task_004,psi_child_2023,-0.02498096126061411,nan,nan,derived,False,derived_from_old_intercept_and_transition_coordinate,False
search,polish_2_coordinates,task_004,tenure_choice_kappa,0.005,nan,nan,external_profile,False,externally_fixed_profile_not_estimated,False
search,polish_2_coordinates,task_004,housing_supply_elasticity,0.63,nan,nan,external_profile,False,externally_fixed_profile_not_estimated,False
search,polish_2_coordinates,task_005,beta_annual,0.9957294031845191,0.94,0.9995,discount,True,estimated_free_transition_parameter,False
search,polish_2_coordinates,task_005,kappa_fert,2.238195772180536,0.02,50.0,log,True,estimated_free_transition_parameter,False
search,polish_2_coordinates,task_005,kappa_fert_continuation,1.7322301491336538,0.02,50.0,log,True,estimated_free_transition_parameter,False
search,polish_2_coordinates,task_005,chi,1.049869529311166,0.1,5.0,log,True,estimated_free_transition_parameter,False
search,polish_2_coordinates,task_005,H0,14.535717947625159,0.2,80.0,log,True,estimated_free_transition_parameter,False
search,polish_2_coordinates,task_005,theta0,0.561042861044065,0.0,8.0,softzero,True,estimated_free_transition_parameter,False
search,polish_2_coordinates,task_005,theta1,0.1052518065823461,0.02,16.0,log,True,estimated_free_transition_parameter,True
search,polish_2_coordinates,task_005,hbar_child_rooms,0.23289841116220328,0.1,1.8,log,True,estimated_free_transition_parameter,False
search,polish_2_coordinates,task_005,first_birth_fixed_cost,4.555364635392782,0.0,8.0,softzero,True,estimated_free_transition_parameter,False
search,polish_2_coordinates,task_005,hbar_first_child_jump,0.6034281487969072,0.0,2.0,softzero,True,estimated_free_transition_parameter,False
search,polish_2_coordinates,task_005,psi_child_change_2023,-0.32550679103127156,-1.5,0.2,asinh,True,estimated_free_transition_parameter,False
search,polish_2_coordinates,task_005,psi_child_2007,0.30189749468581567,nan,nan,derived,False,externally_normalized_to_old_completed_fertility,False
search,polish_2_coordinates,task_005,psi_child_2023,-0.023609296345455888,nan,nan,derived,False,derived_from_old_intercept_and_transition_coordinate,False
search,polish_2_coordinates,task_005,tenure_choice_kappa,0.005,nan,nan,external_profile,False,externally_fixed_profile_not_estimated,False
search,polish_2_coordinates,task_005,housing_supply_elasticity,0.63,nan,nan,external_profile,False,externally_fixed_profile_not_estimated,False
search,polish_2_coordinates,task_006,beta_annual,0.9957294031845191,0.94,0.9995,discount,True,estimated_free_transition_parameter,False
search,polish_2_coordinates,task_006,kappa_fert,2.238195772180536,0.02,50.0,log,True,estimated_free_transition_parameter,False
search,polish_2_coordinates,task_006,kappa_fert_continuation,1.766446315263779,0.02,50.0,log,True,estimated_free_transition_parameter,False
search,polish_2_coordinates,task_006,chi,1.049869529311166,0.1,5.0,log,True,estimated_free_transition_parameter,False
search,polish_2_coordinates,task_006,H0,14.535717947625159,0.2,80.0,log,True,estimated_free_transition_parameter,False
search,polish_2_coordinates,task_006,theta0,0.561042861044065,0.0,8.0,softzero,True,estimated_free_transition_parameter,False
search,polish_2_coordinates,task_006,theta1,0.1052518065823461,0.02,16.0,log,True,estimated_free_transition_parameter,True
search,polish_2_coordinates,task_006,hbar_child_rooms,0.23289841116220328,0.1,1.8,log,True,estimated_free_transition_parameter,False
search,polish_2_coordinates,task_006,first_birth_fixed_cost,4.555364635392782,0.0,8.0,softzero,True,estimated_free_transition_parameter,False
search,polish_2_coordinates,task_006,hbar_first_child_jump,0.6034281487969072,0.0,2.0,softzero,True,estimated_free_transition_parameter,False
search,polish_2_coordinates,task_006,psi_child_change_2023,-0.32550679103127156,-1.5,0.2,asinh,True,estimated_free_transition_parameter,False
search,polish_2_coordinates,task_006,psi_child_2007,0.29567047482618497,nan,nan,derived,False,externally_normalized_to_old_completed_fertility,False
search,polish_2_coordinates,task_006,psi_child_2023,-0.029836316205086588,nan,nan,derived,False,derived_from_old_intercept_and_transition_coordinate,False
search,polish_2_coordinates,task_006,tenure_choice_kappa,0.005,nan,nan,external_profile,False,externally_fixed_profile_not_estimated,False
search,polish_2_coordinates,task_006,housing_supply_elasticity,0.63,nan,nan,external_profile,False,externally_fixed_profile_not_estimated,False
search,polish_2_coordinates,task_007,beta_annual,0.9957294031845191,0.94,0.9995,discount,True,estimated_free_transition_parameter,False
search,polish_2_coordinates,task_007,kappa_fert,2.238195772180536,0.02,50.0,log,True,estimated_free_transition_parameter,False
search,polish_2_coordinates,task_007,kappa_fert_continuation,1.7492545738473773,0.02,50.0,log,True,estimated_free_transition_parameter,False
search,polish_2_coordinates,task_007,chi,1.0447481691265725,0.1,5.0,log,True,estimated_free_transition_parameter,False
search,polish_2_coordinates,task_007,H0,14.535717947625159,0.2,80.0,log,True,estimated_free_transition_parameter,False
search,polish_2_coordinates,task_007,theta0,0.561042861044065,0.0,8.0,softzero,True,estimated_free_transition_parameter,False
search,polish_2_coordinates,task_007,theta1,0.1052518065823461,0.02,16.0,log,True,estimated_free_transition_parameter,True
search,polish_2_coordinates,task_007,hbar_child_rooms,0.23289841116220328,0.1,1.8,log,True,estimated_free_transition_parameter,False
search,polish_2_coordinates,task_007,first_birth_fixed_cost,4.555364635392782,0.0,8.0,softzero,True,estimated_free_transition_parameter,False
search,polish_2_coordinates,task_007,hbar_first_child_jump,0.6034281487969072,0.0,2.0,softzero,True,estimated_free_transition_parameter,False
search,polish_2_coordinates,task_007,psi_child_change_2023,-0.32550679103127156,-1.5,0.2,asinh,True,estimated_free_transition_parameter,False
search,polish_2_coordinates,task_007,psi_child_2007,0.29886181136307466,nan,nan,derived,False,externally_normalized_to_old_completed_fertility,False
search,polish_2_coordinates,task_007,psi_child_2023,-0.0266449796681969,nan,nan,derived,False,derived_from_old_intercept_and_transition_coordinate,False
search,polish_2_coordinates,task_007,tenure_choice_kappa,0.005,nan,nan,external_profile,False,externally_fixed_profile_not_estimated,False
search,polish_2_coordinates,task_007,housing_supply_elasticity,0.63,nan,nan,external_profile,False,externally_fixed_profile_not_estimated,False
search,polish_2_coordinates,task_008,beta_annual,0.9957294031845191,0.94,0.9995,discount,True,estimated_free_transition_parameter,False
search,polish_2_coordinates,task_008,kappa_fert,2.238195772180536,0.02,50.0,log,True,estimated_free_transition_parameter,False
search,polish_2_coordinates,task_008,kappa_fert_continuation,1.7492545738473773,0.02,50.0,log,True,estimated_free_transition_parameter,False
search,polish_2_coordinates,task_008,chi,1.0550159944262254,0.1,5.0,log,True,estimated_free_transition_parameter,False
search,polish_2_coordinates,task_008,H0,14.535717947625159,0.2,80.0,log,True,estimated_free_transition_parameter,False
search,polish_2_coordinates,task_008,theta0,0.561042861044065,0.0,8.0,softzero,True,estimated_free_transition_parameter,False
search,polish_2_coordinates,task_008,theta1,0.1052518065823461,0.02,16.0,log,True,estimated_free_transition_parameter,True
search,polish_2_coordinates,task_008,hbar_child_rooms,0.23289841116220328,0.1,1.8,log,True,estimated_free_transition_parameter,False
search,polish_2_coordinates,task_008,first_birth_fixed_cost,4.555364635392782,0.0,8.0,softzero,True,estimated_free_transition_parameter,False
search,polish_2_coordinates,task_008,hbar_first_child_jump,0.6034281487969072,0.0,2.0,softzero,True,estimated_free_transition_parameter,False
search,polish_2_coordinates,task_008,psi_child_change_2023,-0.32550679103127156,-1.5,0.2,asinh,True,estimated_free_transition_parameter,False
search,polish_2_coordinates,task_008,psi_child_2007,0.29875901340451055,nan,nan,derived,False,externally_normalized_to_old_completed_fertility,False
search,polish_2_coordinates,task_008,psi_child_2023,-0.026747777626761005,nan,nan,derived,False,derived_from_old_intercept_and_transition_coordinate,False
search,polish_2_coordinates,task_008,tenure_choice_kappa,0.005,nan,nan,external_profile,False,externally_fixed_profile_not_estimated,False
search,polish_2_coordinates,task_008,housing_supply_elasticity,0.63,nan,nan,external_profile,False,externally_fixed_profile_not_estimated,False
search,polish_2_coordinates,task_009,beta_annual,0.9957294031845191,0.94,0.9995,discount,True,estimated_free_transition_parameter,False
search,polish_2_coordinates,task_009,kappa_fert,2.238195772180536,0.02,50.0,log,True,estimated_free_transition_parameter,False
search,polish_2_coordinates,task_009,kappa_fert_continuation,1.7492545738473773,0.02,50.0,log,True,estimated_free_transition_parameter,False
search,polish_2_coordinates,task_009,chi,1.049869529311166,0.1,5.0,log,True,estimated_free_transition_parameter,False
search,polish_2_coordinates,task_009,H0,14.427261788151577,0.2,80.0,log,True,estimated_free_transition_parameter,False
search,polish_2_coordinates,task_009,theta0,0.561042861044065,0.0,8.0,softzero,True,estimated_free_transition_parameter,False
search,polish_2_coordinates,task_009,theta1,0.1052518065823461,0.02,16.0,log,True,estimated_free_transition_parameter,True
search,polish_2_coordinates,task_009,hbar_child_rooms,0.23289841116220328,0.1,1.8,log,True,estimated_free_transition_parameter,False
search,polish_2_coordinates,task_009,first_birth_fixed_cost,4.555364635392782,0.0,8.0,softzero,True,estimated_free_transition_parameter,False
search,polish_2_coordinates,task_009,hbar_first_child_jump,0.6034281487969072,0.0,2.0,softzero,True,estimated_free_transition_parameter,False
search,polish_2_coordinates,task_009,psi_child_change_2023,-0.32550679103127156,-1.5,0.2,asinh,True,estimated_free_transition_parameter,False
search,polish_2_coordinates,task_009,psi_child_2007,0.2991055869197979,nan,nan,derived,False,externally_normalized_to_old_completed_fertility,False
search,polish_2_coordinates,task_009,psi_child_2023,-0.026401204111473675,nan,nan,derived,False,derived_from_old_intercept_and_transition_coordinate,False
search,polish_2_coordinates,task_009,tenure_choice_kappa,0.005,nan,nan,external_profile,False,externally_fixed_profile_not_estimated,False
search,polish_2_coordinates,task_009,housing_supply_elasticity,0.63,nan,nan,external_profile,False,externally_fixed_profile_not_estimated,False
search,polish_2_coordinates,task_010,beta_annual,0.9957294031845191,0.94,0.9995,discount,True,estimated_free_transition_parameter,False
search,polish_2_coordinates,task_010,kappa_fert,2.238195772180536,0.02,50.0,log,True,estimated_free_transition_parameter,False
search,polish_2_coordinates,task_010,kappa_fert_continuation,1.7492545738473773,0.02,50.0,log,True,estimated_free_transition_parameter,False
search,polish_2_coordinates,task_010,chi,1.049869529311166,0.1,5.0,log,True,estimated_free_transition_parameter,False
search,polish_2_coordinates,task_010,H0,14.644989420406318,0.2,80.0,log,True,estimated_free_transition_parameter,False
search,polish_2_coordinates,task_010,theta0,0.561042861044065,0.0,8.0,softzero,True,estimated_free_transition_parameter,False
search,polish_2_coordinates,task_010,theta1,0.1052518065823461,0.02,16.0,log,True,estimated_free_transition_parameter,True
search,polish_2_coordinates,task_010,hbar_child_rooms,0.23289841116220328,0.1,1.8,log,True,estimated_free_transition_parameter,False
search,polish_2_coordinates,task_010,first_birth_fixed_cost,4.555364635392782,0.0,8.0,softzero,True,estimated_free_transition_parameter,False
search,polish_2_coordinates,task_010,hbar_first_child_jump,0.6034281487969072,0.0,2.0,softzero,True,estimated_free_transition_parameter,False
search,polish_2_coordinates,task_010,psi_child_change_2023,-0.32550679103127156,-1.5,0.2,asinh,True,estimated_free_transition_parameter,False
search,polish_2_coordinates,task_010,psi_child_2007,0.29851715485517205,nan,nan,derived,False,externally_normalized_to_old_completed_fertility,False
search,polish_2_coordinates,task_010,psi_child_2023,-0.026989636176099507,nan,nan,derived,False,derived_from_old_intercept_and_transition_coordinate,False
search,polish_2_coordinates,task_010,tenure_choice_kappa,0.005,nan,nan,external_profile,False,externally_fixed_profile_not_estimated,False
search,polish_2_coordinates,task_010,housing_supply_elasticity,0.63,nan,nan,external_profile,False,externally_fixed_profile_not_estimated,False
search,polish_2_coordinates,task_011,beta_annual,0.9957294031845191,0.94,0.9995,discount,True,estimated_free_transition_parameter,False
search,polish_2_coordinates,task_011,kappa_fert,2.238195772180536,0.02,50.0,log,True,estimated_free_transition_parameter,False
search,polish_2_coordinates,task_011,kappa_fert_continuation,1.7492545738473773,0.02,50.0,log,True,estimated_free_transition_parameter,False
search,polish_2_coordinates,task_011,chi,1.049869529311166,0.1,5.0,log,True,estimated_free_transition_parameter,False
search,polish_2_coordinates,task_011,H0,14.535717947625159,0.2,80.0,log,True,estimated_free_transition_parameter,False
search,polish_2_coordinates,task_011,theta0,0.5557589336583452,0.0,8.0,softzero,True,estimated_free_transition_parameter,False
search,polish_2_coordinates,task_011,theta1,0.1052518065823461,0.02,16.0,log,True,estimated_free_transition_parameter,True
search,polish_2_coordinates,task_011,hbar_child_rooms,0.23289841116220328,0.1,1.8,log,True,estimated_free_transition_parameter,False
search,polish_2_coordinates,task_011,first_birth_fixed_cost,4.555364635392782,0.0,8.0,softzero,True,estimated_free_transition_parameter,False
search,polish_2_coordinates,task_011,hbar_first_child_jump,0.6034281487969072,0.0,2.0,softzero,True,estimated_free_transition_parameter,False
search,polish_2_coordinates,task_011,psi_child_change_2023,-0.32550679103127156,-1.5,0.2,asinh,True,estimated_free_transition_parameter,False
search,polish_2_coordinates,task_011,psi_child_2007,0.2988004695734457,nan,nan,derived,False,externally_normalized_to_old_completed_fertility,False
search,polish_2_coordinates,task_011,psi_child_2023,-0.026706321457825866,nan,nan,derived,False,derived_from_old_intercept_and_transition_coordinate,False
search,polish_2_coordinates,task_011,tenure_choice_kappa,0.005,nan,nan,external_profile,False,externally_fixed_profile_not_estimated,False
search,polish_2_coordinates,task_011,housing_supply_elasticity,0.63,nan,nan,external_profile,False,externally_fixed_profile_not_estimated,False
search,polish_2_coordinates,task_012,beta_annual,0.9957294031845191,0.94,0.9995,discount,True,estimated_free_transition_parameter,False
search,polish_2_coordinates,task_012,kappa_fert,2.238195772180536,0.02,50.0,log,True,estimated_free_transition_parameter,False
search,polish_2_coordinates,task_012,kappa_fert_continuation,1.7492545738473773,0.02,50.0,log,True,estimated_free_transition_parameter,False
search,polish_2_coordinates,task_012,chi,1.049869529311166,0.1,5.0,log,True,estimated_free_transition_parameter,False
search,polish_2_coordinates,task_012,H0,14.535717947625159,0.2,80.0,log,True,estimated_free_transition_parameter,False
search,polish_2_coordinates,task_012,theta0,0.5663517884297847,0.0,8.0,softzero,True,estimated_free_transition_parameter,False
search,polish_2_coordinates,task_012,theta1,0.1052518065823461,0.02,16.0,log,True,estimated_free_transition_parameter,True
search,polish_2_coordinates,task_012,hbar_child_rooms,0.23289841116220328,0.1,1.8,log,True,estimated_free_transition_parameter,False
search,polish_2_coordinates,task_012,first_birth_fixed_cost,4.555364635392782,0.0,8.0,softzero,True,estimated_free_transition_parameter,False
search,polish_2_coordinates,task_012,hbar_first_child_jump,0.6034281487969072,0.0,2.0,softzero,True,estimated_free_transition_parameter,False
search,polish_2_coordinates,task_012,psi_child_change_2023,-0.32550679103127156,-1.5,0.2,asinh,True,estimated_free_transition_parameter,False
search,polish_2_coordinates,task_012,psi_child_2007,0.2988202666019403,nan,nan,derived,False,externally_normalized_to_old_completed_fertility,False
search,polish_2_coordinates,task_012,psi_child_2023,-0.026686524429331282,nan,nan,derived,False,derived_from_old_intercept_and_transition_coordinate,False
search,polish_2_coordinates,task_012,tenure_choice_kappa,0.005,nan,nan,external_profile,False,externally_fixed_profile_not_estimated,False
search,polish_2_coordinates,task_012,housing_supply_elasticity,0.63,nan,nan,external_profile,False,externally_fixed_profile_not_estimated,False
search,polish_2_coordinates,task_013,beta_annual,0.9957294031845191,0.94,0.9995,discount,True,estimated_free_transition_parameter,False
search,polish_2_coordinates,task_013,kappa_fert,2.238195772180536,0.02,50.0,log,True,estimated_free_transition_parameter,False
search,polish_2_coordinates,task_013,kappa_fert_continuation,1.7492545738473773,0.02,50.0,log,True,estimated_free_transition_parameter,False
search,polish_2_coordinates,task_013,chi,1.049869529311166,0.1,5.0,log,True,estimated_free_transition_parameter,False
search,polish_2_coordinates,task_013,H0,14.535717947625159,0.2,80.0,log,True,estimated_free_transition_parameter,False
search,polish_2_coordinates,task_013,theta0,0.561042861044065,0.0,8.0,softzero,True,estimated_free_transition_parameter,False
search,polish_2_coordinates,task_013,theta1,0.10437601132166745,0.02,16.0,log,True,estimated_free_transition_parameter,True
search,polish_2_coordinates,task_013,hbar_child_rooms,0.23289841116220328,0.1,1.8,log,True,estimated_free_transition_parameter,False
search,polish_2_coordinates,task_013,first_birth_fixed_cost,4.555364635392782,0.0,8.0,softzero,True,estimated_free_transition_parameter,False
search,polish_2_coordinates,task_013,hbar_first_child_jump,0.6034281487969072,0.0,2.0,softzero,True,estimated_free_transition_parameter,False
search,polish_2_coordinates,task_013,psi_child_change_2023,-0.32550679103127156,-1.5,0.2,asinh,True,estimated_free_transition_parameter,False
search,polish_2_coordinates,task_013,psi_child_2007,0.29881178637395606,nan,nan,derived,False,externally_normalized_to_old_completed_fertility,False
search,polish_2_coordinates,task_013,psi_child_2023,-0.026695004657315502,nan,nan,derived,False,derived_from_old_intercept_and_transition_coordinate,False
search,polish_2_coordinates,task_013,tenure_choice_kappa,0.005,nan,nan,external_profile,False,externally_fixed_profile_not_estimated,False
search,polish_2_coordinates,task_013,housing_supply_elasticity,0.63,nan,nan,external_profile,False,externally_fixed_profile_not_estimated,False
search,polish_2_coordinates,task_014,beta_annual,0.9957294031845191,0.94,0.9995,discount,True,estimated_free_transition_parameter,False
search,polish_2_coordinates,task_014,kappa_fert,2.238195772180536,0.02,50.0,log,True,estimated_free_transition_parameter,False
search,polish_2_coordinates,task_014,kappa_fert_continuation,1.7492545738473773,0.02,50.0,log,True,estimated_free_transition_parameter,False
search,polish_2_coordinates,task_014,chi,1.049869529311166,0.1,5.0,log,True,estimated_free_transition_parameter,False
search,polish_2_coordinates,task_014,H0,14.535717947625159,0.2,80.0,log,True,estimated_free_transition_parameter,False
search,polish_2_coordinates,task_014,theta0,0.561042861044065,0.0,8.0,softzero,True,estimated_free_transition_parameter,False
search,polish_2_coordinates,task_014,theta1,0.10613495044093452,0.02,16.0,log,True,estimated_free_transition_parameter,True
search,polish_2_coordinates,task_014,hbar_child_rooms,0.23289841116220328,0.1,1.8,log,True,estimated_free_transition_parameter,False
search,polish_2_coordinates,task_014,first_birth_fixed_cost,4.555364635392782,0.0,8.0,softzero,True,estimated_free_transition_parameter,False
search,polish_2_coordinates,task_014,hbar_first_child_jump,0.6034281487969072,0.0,2.0,softzero,True,estimated_free_transition_parameter,False
search,polish_2_coordinates,task_014,psi_child_change_2023,-0.32550679103127156,-1.5,0.2,asinh,True,estimated_free_transition_parameter,False
search,polish_2_coordinates,task_014,psi_child_2007,0.29880915553048637,nan,nan,derived,False,externally_normalized_to_old_completed_fertility,False
search,polish_2_coordinates,task_014,psi_child_2023,-0.02669763550078519,nan,nan,derived,False,derived_from_old_intercept_and_transition_coordinate,False
search,polish_2_coordinates,task_014,tenure_choice_kappa,0.005,nan,nan,external_profile,False,externally_fixed_profile_not_estimated,False
search,polish_2_coordinates,task_014,housing_supply_elasticity,0.63,nan,nan,external_profile,False,externally_fixed_profile_not_estimated,False
search,polish_2_coordinates,task_015,beta_annual,0.9957294031845191,0.94,0.9995,discount,True,estimated_free_transition_parameter,False
search,polish_2_coordinates,task_015,kappa_fert,2.238195772180536,0.02,50.0,log,True,estimated_free_transition_parameter,False
search,polish_2_coordinates,task_015,kappa_fert_continuation,1.7492545738473773,0.02,50.0,log,True,estimated_free_transition_parameter,False
search,polish_2_coordinates,task_015,chi,1.049869529311166,0.1,5.0,log,True,estimated_free_transition_parameter,False
search,polish_2_coordinates,task_015,H0,14.535717947625159,0.2,80.0,log,True,estimated_free_transition_parameter,False
search,polish_2_coordinates,task_015,theta0,0.561042861044065,0.0,8.0,softzero,True,estimated_free_transition_parameter,False
search,polish_2_coordinates,task_015,theta1,0.1052518065823461,0.02,16.0,log,True,estimated_free_transition_parameter,True
search,polish_2_coordinates,task_015,hbar_child_rooms,0.2320584756669226,0.1,1.8,log,True,estimated_free_transition_parameter,False
search,polish_2_coordinates,task_015,first_birth_fixed_cost,4.555364635392782,0.0,8.0,softzero,True,estimated_free_transition_parameter,False
search,polish_2_coordinates,task_015,hbar_first_child_jump,0.6034281487969072,0.0,2.0,softzero,True,estimated_free_transition_parameter,False
search,polish_2_coordinates,task_015,psi_child_change_2023,-0.32550679103127156,-1.5,0.2,asinh,True,estimated_free_transition_parameter,False
search,polish_2_coordinates,task_015,psi_child_2007,0.298740370362089,nan,nan,derived,False,externally_normalized_to_old_completed_fertility,False
search,polish_2_coordinates,task_015,psi_child_2023,-0.026766420669182556,nan,nan,derived,False,derived_from_old_intercept_and_transition_coordinate,False
search,polish_2_coordinates,task_015,tenure_choice_kappa,0.005,nan,nan,external_profile,False,externally_fixed_profile_not_estimated,False
search,polish_2_coordinates,task_015,housing_supply_elasticity,0.63,nan,nan,external_profile,False,externally_fixed_profile_not_estimated,False
search,polish_2_coordinates,task_016,beta_annual,0.9957294031845191,0.94,0.9995,discount,True,estimated_free_transition_parameter,False
search,polish_2_coordinates,task_016,kappa_fert,2.238195772180536,0.02,50.0,log,True,estimated_free_transition_parameter,False
search,polish_2_coordinates,task_016,kappa_fert_continuation,1.7492545738473773,0.02,50.0,log,True,estimated_free_transition_parameter,False
search,polish_2_coordinates,task_016,chi,1.049869529311166,0.1,5.0,log,True,estimated_free_transition_parameter,False
search,polish_2_coordinates,task_016,H0,14.535717947625159,0.2,80.0,log,True,estimated_free_transition_parameter,False
search,polish_2_coordinates,task_016,theta0,0.561042861044065,0.0,8.0,softzero,True,estimated_free_transition_parameter,False
search,polish_2_coordinates,task_016,theta1,0.1052518065823461,0.02,16.0,log,True,estimated_free_transition_parameter,True
search,polish_2_coordinates,task_016,hbar_child_rooms,0.2337413868034396,0.1,1.8,log,True,estimated_free_transition_parameter,False
search,polish_2_coordinates,task_016,first_birth_fixed_cost,4.555364635392782,0.0,8.0,softzero,True,estimated_free_transition_parameter,False
search,polish_2_coordinates,task_016,hbar_first_child_jump,0.6034281487969072,0.0,2.0,softzero,True,estimated_free_transition_parameter,False
search,polish_2_coordinates,task_016,psi_child_change_2023,-0.32550679103127156,-1.5,0.2,asinh,True,estimated_free_transition_parameter,False
search,polish_2_coordinates,task_016,psi_child_2007,0.29888076221601517,nan,nan,derived,False,externally_normalized_to_old_completed_fertility,False
search,polish_2_coordinates,task_016,psi_child_2023,-0.026626028815256386,nan,nan,derived,False,derived_from_old_intercept_and_transition_coordinate,False
search,polish_2_coordinates,task_016,tenure_choice_kappa,0.005,nan,nan,external_profile,False,externally_fixed_profile_not_estimated,False
search,polish_2_coordinates,task_016,housing_supply_elasticity,0.63,nan,nan,external_profile,False,externally_fixed_profile_not_estimated,False
search,polish_2_coordinates,task_017,beta_annual,0.9957294031845191,0.94,0.9995,discount,True,estimated_free_transition_parameter,False
search,polish_2_coordinates,task_017,kappa_fert,2.238195772180536,0.02,50.0,log,True,estimated_free_transition_parameter,False
search,polish_2_coordinates,task_017,kappa_fert_continuation,1.7492545738473773,0.02,50.0,log,True,estimated_free_transition_parameter,False
search,polish_2_coordinates,task_017,chi,1.049869529311166,0.1,5.0,log,True,estimated_free_transition_parameter,False
search,polish_2_coordinates,task_017,H0,14.535717947625159,0.2,80.0,log,True,estimated_free_transition_parameter,False
search,polish_2_coordinates,task_017,theta0,0.561042861044065,0.0,8.0,softzero,True,estimated_free_transition_parameter,False
search,polish_2_coordinates,task_017,theta1,0.1052518065823461,0.02,16.0,log,True,estimated_free_transition_parameter,True
search,polish_2_coordinates,task_017,hbar_child_rooms,0.23289841116220328,0.1,1.8,log,True,estimated_free_transition_parameter,False
search,polish_2_coordinates,task_017,first_birth_fixed_cost,4.540285143086607,0.0,8.0,softzero,True,estimated_free_transition_parameter,False
search,polish_2_coordinates,task_017,hbar_first_child_jump,0.6034281487969072,0.0,2.0,softzero,True,estimated_free_transition_parameter,False
search,polish_2_coordinates,task_017,psi_child_change_2023,-0.32550679103127156,-1.5,0.2,asinh,True,estimated_free_transition_parameter,False
search,polish_2_coordinates,task_017,psi_child_2007,0.29789924409309826,nan,nan,derived,False,externally_normalized_to_old_completed_fertility,False
search,polish_2_coordinates,task_017,psi_child_2023,-0.0276075469381733,nan,nan,derived,False,derived_from_old_intercept_and_transition_coordinate,False
search,polish_2_coordinates,task_017,tenure_choice_kappa,0.005,nan,nan,external_profile,False,externally_fixed_profile_not_estimated,False
search,polish_2_coordinates,task_017,housing_supply_elasticity,0.63,nan,nan,external_profile,False,externally_fixed_profile_not_estimated,False
search,polish_2_coordinates,task_018,beta_annual,0.9957294031845191,0.94,0.9995,discount,True,estimated_free_transition_parameter,False
search,polish_2_coordinates,task_018,kappa_fert,2.238195772180536,0.02,50.0,log,True,estimated_free_transition_parameter,False
search,polish_2_coordinates,task_018,kappa_fert_continuation,1.7492545738473773,0.02,50.0,log,True,estimated_free_transition_parameter,False
search,polish_2_coordinates,task_018,chi,1.049869529311166,0.1,5.0,log,True,estimated_free_transition_parameter,False
search,polish_2_coordinates,task_018,H0,14.535717947625159,0.2,80.0,log,True,estimated_free_transition_parameter,False
search,polish_2_coordinates,task_018,theta0,0.561042861044065,0.0,8.0,softzero,True,estimated_free_transition_parameter,False
search,polish_2_coordinates,task_018,theta1,0.1052518065823461,0.02,16.0,log,True,estimated_free_transition_parameter,True
search,polish_2_coordinates,task_018,hbar_child_rooms,0.23289841116220328,0.1,1.8,log,True,estimated_free_transition_parameter,False
search,polish_2_coordinates,task_018,first_birth_fixed_cost,4.570469127698956,0.0,8.0,softzero,True,estimated_free_transition_parameter,False
search,polish_2_coordinates,task_018,hbar_first_child_jump,0.6034281487969072,0.0,2.0,softzero,True,estimated_free_transition_parameter,False
search,polish_2_coordinates,task_018,psi_child_change_2023,-0.32550679103127156,-1.5,0.2,asinh,True,estimated_free_transition_parameter,False
search,polish_2_coordinates,task_018,psi_child_2007,0.2997242043962078,nan,nan,derived,False,externally_normalized_to_old_completed_fertility,False
search,polish_2_coordinates,task_018,psi_child_2023,-0.025782586635063776,nan,nan,derived,False,derived_from_old_intercept_and_transition_coordinate,False
search,polish_2_coordinates,task_018,tenure_choice_kappa,0.005,nan,nan,external_profile,False,externally_fixed_profile_not_estimated,False
search,polish_2_coordinates,task_018,housing_supply_elasticity,0.63,nan,nan,external_profile,False,externally_fixed_profile_not_estimated,False
search,polish_2_coordinates,task_019,beta_annual,0.9957294031845191,0.94,0.9995,discount,True,estimated_free_transition_parameter,False
search,polish_2_coordinates,task_019,kappa_fert,2.238195772180536,0.02,50.0,log,True,estimated_free_transition_parameter,False
search,polish_2_coordinates,task_019,kappa_fert_continuation,1.7492545738473773,0.02,50.0,log,True,estimated_free_transition_parameter,False
search,polish_2_coordinates,task_019,chi,1.049869529311166,0.1,5.0,log,True,estimated_free_transition_parameter,False
search,polish_2_coordinates,task_019,H0,14.535717947625159,0.2,80.0,log,True,estimated_free_transition_parameter,False
search,polish_2_coordinates,task_019,theta0,0.561042861044065,0.0,8.0,softzero,True,estimated_free_transition_parameter,False
search,polish_2_coordinates,task_019,theta1,0.1052518065823461,0.02,16.0,log,True,estimated_free_transition_parameter,True
search,polish_2_coordinates,task_019,hbar_child_rooms,0.23289841116220328,0.1,1.8,log,True,estimated_free_transition_parameter,False
search,polish_2_coordinates,task_019,first_birth_fixed_cost,4.555364635392782,0.0,8.0,softzero,True,estimated_free_transition_parameter,False
search,polish_2_coordinates,task_019,hbar_first_child_jump,0.6006848485093815,0.0,2.0,softzero,True,estimated_free_transition_parameter,False
search,polish_2_coordinates,task_019,psi_child_change_2023,-0.32550679103127156,-1.5,0.2,asinh,True,estimated_free_transition_parameter,False
search,polish_2_coordinates,task_019,psi_child_2007,0.2986555982301675,nan,nan,derived,False,externally_normalized_to_old_completed_fertility,False
search,polish_2_coordinates,task_019,psi_child_2023,-0.02685119280110404,nan,nan,derived,False,derived_from_old_intercept_and_transition_coordinate,False
search,polish_2_coordinates,task_019,tenure_choice_kappa,0.005,nan,nan,external_profile,False,externally_fixed_profile_not_estimated,False
search,polish_2_coordinates,task_019,housing_supply_elasticity,0.63,nan,nan,external_profile,False,externally_fixed_profile_not_estimated,False
search,polish_2_coordinates,task_020,beta_annual,0.9957294031845191,0.94,0.9995,discount,True,estimated_free_transition_parameter,False
search,polish_2_coordinates,task_020,kappa_fert,2.238195772180536,0.02,50.0,log,True,estimated_free_transition_parameter,False
search,polish_2_coordinates,task_020,kappa_fert_continuation,1.7492545738473773,0.02,50.0,log,True,estimated_free_transition_parameter,False
search,polish_2_coordinates,task_020,chi,1.049869529311166,0.1,5.0,log,True,estimated_free_transition_parameter,False
search,polish_2_coordinates,task_020,H0,14.535717947625159,0.2,80.0,log,True,estimated_free_transition_parameter,False
search,polish_2_coordinates,task_020,theta0,0.561042861044065,0.0,8.0,softzero,True,estimated_free_transition_parameter,False
search,polish_2_coordinates,task_020,theta1,0.1052518065823461,0.02,16.0,log,True,estimated_free_transition_parameter,True
search,polish_2_coordinates,task_020,hbar_child_rooms,0.23289841116220328,0.1,1.8,log,True,estimated_free_transition_parameter,False
search,polish_2_coordinates,task_020,first_birth_fixed_cost,4.555364635392782,0.0,8.0,softzero,True,estimated_free_transition_parameter,False
search,polish_2_coordinates,task_020,hbar_first_child_jump,0.606177699084433,0.0,2.0,softzero,True,estimated_free_transition_parameter,False
search,polish_2_coordinates,task_020,psi_child_change_2023,-0.32550679103127156,-1.5,0.2,asinh,True,estimated_free_transition_parameter,False
search,polish_2_coordinates,task_020,psi_child_2007,0.29896570973095227,nan,nan,derived,False,externally_normalized_to_old_completed_fertility,False
search,polish_2_coordinates,task_020,psi_child_2023,-0.02654108130031929,nan,nan,derived,False,derived_from_old_intercept_and_transition_coordinate,False
search,polish_2_coordinates,task_020,tenure_choice_kappa,0.005,nan,nan,external_profile,False,externally_fixed_profile_not_estimated,False
search,polish_2_coordinates,task_020,housing_supply_elasticity,0.63,nan,nan,external_profile,False,externally_fixed_profile_not_estimated,False
search,polish_2_coordinates,task_021,beta_annual,0.9957294031845191,0.94,0.9995,discount,True,estimated_free_transition_parameter,False
search,polish_2_coordinates,task_021,kappa_fert,2.238195772180536,0.02,50.0,log,True,estimated_free_transition_parameter,False
search,polish_2_coordinates,task_021,kappa_fert_continuation,1.7492545738473773,0.02,50.0,log,True,estimated_free_transition_parameter,False
search,polish_2_coordinates,task_021,chi,1.049869529311166,0.1,5.0,log,True,estimated_free_transition_parameter,False
search,polish_2_coordinates,task_021,H0,14.535717947625159,0.2,80.0,log,True,estimated_free_transition_parameter,False
search,polish_2_coordinates,task_021,theta0,0.561042861044065,0.0,8.0,softzero,True,estimated_free_transition_parameter,False
search,polish_2_coordinates,task_021,theta1,0.1052518065823461,0.02,16.0,log,True,estimated_free_transition_parameter,True
search,polish_2_coordinates,task_021,hbar_child_rooms,0.23289841116220328,0.1,1.8,log,True,estimated_free_transition_parameter,False
search,polish_2_coordinates,task_021,first_birth_fixed_cost,4.555364635392782,0.0,8.0,softzero,True,estimated_free_transition_parameter,False
search,polish_2_coordinates,task_021,hbar_first_child_jump,0.6034281487969072,0.0,2.0,softzero,True,estimated_free_transition_parameter,False
search,polish_2_coordinates,task_021,psi_child_change_2023,-0.3273390564208588,-1.5,0.2,asinh,True,estimated_free_transition_parameter,False
search,polish_2_coordinates,task_021,psi_child_2007,0.2988105057943076,nan,nan,derived,False,externally_normalized_to_old_completed_fertility,False
search,polish_2_coordinates,task_021,psi_child_2023,-0.028528550626551186,nan,nan,derived,False,derived_from_old_intercept_and_transition_coordinate,False
search,polish_2_coordinates,task_021,tenure_choice_kappa,0.005,nan,nan,external_profile,False,externally_fixed_profile_not_estimated,False
search,polish_2_coordinates,task_021,housing_supply_elasticity,0.63,nan,nan,external_profile,False,externally_fixed_profile_not_estimated,False
search,polish_2_coordinates,task_022,beta_annual,0.9957294031845191,0.94,0.9995,discount,True,estimated_free_transition_parameter,False
search,polish_2_coordinates,task_022,kappa_fert,2.238195772180536,0.02,50.0,log,True,estimated_free_transition_parameter,False
search,polish_2_coordinates,task_022,kappa_fert_continuation,1.7492545738473773,0.02,50.0,log,True,estimated_free_transition_parameter,False
search,polish_2_coordinates,task_022,chi,1.049869529311166,0.1,5.0,log,True,estimated_free_transition_parameter,False
search,polish_2_coordinates,task_022,H0,14.535717947625159,0.2,80.0,log,True,estimated_free_transition_parameter,False
search,polish_2_coordinates,task_022,theta0,0.561042861044065,0.0,8.0,softzero,True,estimated_free_transition_parameter,False
search,polish_2_coordinates,task_022,theta1,0.1052518065823461,0.02,16.0,log,True,estimated_free_transition_parameter,True
search,polish_2_coordinates,task_022,hbar_child_rooms,0.23289841116220328,0.1,1.8,log,True,estimated_free_transition_parameter,False
search,polish_2_coordinates,task_022,first_birth_fixed_cost,4.555364635392782,0.0,8.0,softzero,True,estimated_free_transition_parameter,False
search,polish_2_coordinates,task_022,hbar_first_child_jump,0.6034281487969072,0.0,2.0,softzero,True,estimated_free_transition_parameter,False
search,polish_2_coordinates,task_022,psi_child_change_2023,-0.3236755132052146,-1.5,0.2,asinh,True,estimated_free_transition_parameter,False
search,polish_2_coordinates,task_022,psi_child_2007,0.2988105057943076,nan,nan,derived,False,externally_normalized_to_old_completed_fertility,False
search,polish_2_coordinates,task_022,psi_child_2023,-0.02486500741090697,nan,nan,derived,False,derived_from_old_intercept_and_transition_coordinate,False
search,polish_2_coordinates,task_022,tenure_choice_kappa,0.005,nan,nan,external_profile,False,externally_fixed_profile_not_estimated,False
search,polish_2_coordinates,task_022,housing_supply_elasticity,0.63,nan,nan,external_profile,False,externally_fixed_profile_not_estimated,False
search,polish_2_joint,task_001,beta_annual,0.9957106570239509,0.94,0.9995,discount,True,estimated_free_transition_parameter,False
search,polish_2_joint,task_001,kappa_fert,2.238195772180536,0.02,50.0,log,True,estimated_free_transition_parameter,False
search,polish_2_joint,task_001,kappa_fert_continuation,1.7578294275699824,0.02,50.0,log,True,estimated_free_transition_parameter,False
search,polish_2_joint,task_001,chi,1.049869529311166,0.1,5.0,log,True,estimated_free_transition_parameter,False
search,polish_2_joint,task_001,H0,14.481388335001649,0.2,80.0,log,True,estimated_free_transition_parameter,False
search,polish_2_joint,task_001,theta0,0.5636941997369248,0.0,8.0,softzero,True,estimated_free_transition_parameter,False
search,polish_2_joint,task_001,theta1,0.1048129942109513,0.02,16.0,log,True,estimated_free_transition_parameter,True
search,polish_2_joint,task_001,hbar_child_rooms,0.2333195182777709,0.1,1.8,log,True,estimated_free_transition_parameter,False
search,polish_2_joint,task_001,first_birth_fixed_cost,4.555364635392782,0.0,8.0,softzero,True,estimated_free_transition_parameter,False
search,polish_2_joint,task_001,hbar_first_child_jump,0.6048021426906701,0.0,2.0,softzero,True,estimated_free_transition_parameter,False
search,polish_2_joint,task_001,psi_child_change_2023,-0.3245910290201195,-1.5,0.2,asinh,True,estimated_free_transition_parameter,False
search,polish_2_joint,task_001,psi_child_2007,0.29755122207482704,nan,nan,derived,False,externally_normalized_to_old_completed_fertility,False
search,polish_2_joint,task_001,psi_child_2023,-0.027039806945292455,nan,nan,derived,False,derived_from_old_intercept_and_transition_coordinate,False
search,polish_2_joint,task_001,tenure_choice_kappa,0.005,nan,nan,external_profile,False,externally_fixed_profile_not_estimated,False
search,polish_2_joint,task_001,housing_supply_elasticity,0.63,nan,nan,external_profile,False,externally_fixed_profile_not_estimated,False
search,polish_2_joint,task_002,beta_annual,0.9956918643790077,0.94,0.9995,discount,True,estimated_free_transition_parameter,False
search,polish_2_joint,task_002,kappa_fert,2.238195772180536,0.02,50.0,log,True,estimated_free_transition_parameter,False
search,polish_2_joint,task_002,kappa_fert_continuation,1.766446315263779,0.02,50.0,log,True,estimated_free_transition_parameter,False
search,polish_2_joint,task_002,chi,1.049869529311166,0.1,5.0,log,True,estimated_free_transition_parameter,False
search,polish_2_joint,task_002,H0,14.427261788151577,0.2,80.0,log,True,estimated_free_transition_parameter,False
search,polish_2_joint,task_002,theta0,0.5663517884297847,0.0,8.0,softzero,True,estimated_free_transition_parameter,False
search,polish_2_joint,task_002,theta1,0.10437601132166745,0.02,16.0,log,True,estimated_free_transition_parameter,True
search,polish_2_joint,task_002,hbar_child_rooms,0.2337413868034396,0.1,1.8,log,True,estimated_free_transition_parameter,False
search,polish_2_joint,task_002,first_birth_fixed_cost,4.555364635392782,0.0,8.0,softzero,True,estimated_free_transition_parameter,False
search,polish_2_joint,task_002,hbar_first_child_jump,0.606177699084433,0.0,2.0,softzero,True,estimated_free_transition_parameter,False
search,polish_2_joint,task_002,psi_child_change_2023,-0.3236755132052146,-1.5,0.2,asinh,True,estimated_free_transition_parameter,False
search,polish_2_joint,task_002,psi_child_2007,0.29627807420322766,nan,nan,derived,False,externally_normalized_to_old_completed_fertility,False
search,polish_2_joint,task_002,psi_child_2023,-0.027397439001986934,nan,nan,derived,False,derived_from_old_intercept_and_transition_coordinate,False
search,polish_2_joint,task_002,tenure_choice_kappa,0.005,nan,nan,external_profile,False,externally_fixed_profile_not_estimated,False
search,polish_2_joint,task_002,housing_supply_elasticity,0.63,nan,nan,external_profile,False,externally_fixed_profile_not_estimated,False
search,polish_2_joint,task_004,beta_annual,0.9955781323374735,0.94,0.9995,discount,True,estimated_free_transition_parameter,False
search,polish_2_joint,task_004,kappa_fert,2.238195772180536,0.02,50.0,log,True,estimated_free_transition_parameter,False
search,polish_2_joint,task_004,kappa_fert_continuation,1.8190419646438452,0.02,50.0,log,True,estimated_free_transition_parameter,False
search,polish_2_joint,task_004,chi,1.049869529311166,0.1,5.0,log,True,estimated_free_transition_parameter,False
search,polish_2_joint,task_004,H0,14.106724582762977,0.2,80.0,log,True,estimated_free_transition_parameter,False
search,polish_2_joint,task_004,theta0,0.5824285705869439,0.0,8.0,softzero,True,estimated_free_transition_parameter,False
search,polish_2_joint,task_004,theta1,0.10179210819355064,0.02,16.0,log,True,estimated_free_transition_parameter,True
search,polish_2_joint,task_004,hbar_child_rooms,0.23628866484022906,0.1,1.8,log,True,estimated_free_transition_parameter,False
search,polish_2_joint,task_004,first_birth_fixed_cost,4.555364635392782,0.0,8.0,softzero,True,estimated_free_transition_parameter,False
search,polish_2_joint,task_004,hbar_first_child_jump,0.6144638499470103,0.0,2.0,softzero,True,estimated_free_transition_parameter,False
search,polish_2_joint,task_004,psi_child_change_2023,-0.31818754956349027,-1.5,0.2,asinh,True,estimated_free_transition_parameter,False
search,polish_2_joint,task_004,psi_child_2007,0.28840137428833906,nan,nan,derived,False,externally_normalized_to_old_completed_fertility,False
search,polish_2_joint,task_004,psi_child_2023,-0.029786175275151205,nan,nan,derived,False,derived_from_old_intercept_and_transition_coordinate,False
search,polish_2_joint,task_004,tenure_choice_kappa,0.005,nan,nan,external_profile,False,externally_fixed_profile_not_estimated,False
search,polish_2_joint,task_004,housing_supply_elasticity,0.63,nan,nan,external_profile,False,externally_fixed_profile_not_estimated,False
search,polish_2_joint,task_005,beta_annual,0.9957294031845191,0.94,0.9995,discount,True,estimated_free_transition_parameter,False
search,polish_2_joint,task_005,kappa_fert,2.238195772180536,0.02,50.0,log,True,estimated_free_transition_parameter,False
search,polish_2_joint,task_005,kappa_fert_continuation,1.7578294275699824,0.02,50.0,log,True,estimated_free_transition_parameter,False
search,polish_2_joint,task_005,chi,1.049869529311166,0.1,5.0,log,True,estimated_free_transition_parameter,False
search,polish_2_joint,task_005,H0,14.481388335001649,0.2,80.0,log,True,estimated_free_transition_parameter,False
search,polish_2_joint,task_005,theta0,0.5636941997369248,0.0,8.0,softzero,True,estimated_free_transition_parameter,False
search,polish_2_joint,task_005,theta1,0.1052518065823461,0.02,16.0,log,True,estimated_free_transition_parameter,True
search,polish_2_joint,task_005,hbar_child_rooms,0.23289841116220328,0.1,1.8,log,True,estimated_free_transition_parameter,False
search,polish_2_joint,task_005,first_birth_fixed_cost,4.555364635392782,0.0,8.0,softzero,True,estimated_free_transition_parameter,False
search,polish_2_joint,task_005,hbar_first_child_jump,0.6034281487969072,0.0,2.0,softzero,True,estimated_free_transition_parameter,False
search,polish_2_joint,task_005,psi_child_change_2023,-0.32550679103127156,-1.5,0.2,asinh,True,estimated_free_transition_parameter,False
search,polish_2_joint,task_005,psi_child_2007,0.29739979958957063,nan,nan,derived,False,externally_normalized_to_old_completed_fertility,False
search,polish_2_joint,task_005,psi_child_2023,-0.028106991441700924,nan,nan,derived,False,derived_from_old_intercept_and_transition_coordinate,False
search,polish_2_joint,task_005,tenure_choice_kappa,0.005,nan,nan,external_profile,False,externally_fixed_profile_not_estimated,False
search,polish_2_joint,task_005,housing_supply_elasticity,0.63,nan,nan,external_profile,False,externally_fixed_profile_not_estimated,False
search,polish_2_joint,task_006,beta_annual,0.9957294031845191,0.94,0.9995,discount,True,estimated_free_transition_parameter,False
search,polish_2_joint,task_006,kappa_fert,2.238195772180536,0.02,50.0,log,True,estimated_free_transition_parameter,False
search,polish_2_joint,task_006,kappa_fert_continuation,1.766446315263779,0.02,50.0,log,True,estimated_free_transition_parameter,False
search,polish_2_joint,task_006,chi,1.049869529311166,0.1,5.0,log,True,estimated_free_transition_parameter,False
search,polish_2_joint,task_006,H0,14.427261788151577,0.2,80.0,log,True,estimated_free_transition_parameter,False
search,polish_2_joint,task_006,theta0,0.5663517884297847,0.0,8.0,softzero,True,estimated_free_transition_parameter,False
search,polish_2_joint,task_006,theta1,0.1052518065823461,0.02,16.0,log,True,estimated_free_transition_parameter,True
search,polish_2_joint,task_006,hbar_child_rooms,0.23289841116220328,0.1,1.8,log,True,estimated_free_transition_parameter,False
search,polish_2_joint,task_006,first_birth_fixed_cost,4.555364635392782,0.0,8.0,softzero,True,estimated_free_transition_parameter,False
search,polish_2_joint,task_006,hbar_first_child_jump,0.6034281487969072,0.0,2.0,softzero,True,estimated_free_transition_parameter,False
search,polish_2_joint,task_006,psi_child_change_2023,-0.32550679103127156,-1.5,0.2,asinh,True,estimated_free_transition_parameter,False
search,polish_2_joint,task_006,psi_child_2007,0.2959770239921246,nan,nan,derived,False,externally_normalized_to_old_completed_fertility,False
search,polish_2_joint,task_006,psi_child_2023,-0.029529767039146948,nan,nan,derived,False,derived_from_old_intercept_and_transition_coordinate,False
search,polish_2_joint,task_006,tenure_choice_kappa,0.005,nan,nan,external_profile,False,externally_fixed_profile_not_estimated,False
search,polish_2_joint,task_006,housing_supply_elasticity,0.63,nan,nan,external_profile,False,externally_fixed_profile_not_estimated,False
search,polish_2_joint,task_008,beta_annual,0.9957294031845191,0.94,0.9995,discount,True,estimated_free_transition_parameter,False
search,polish_2_joint,task_008,kappa_fert,2.238195772180536,0.02,50.0,log,True,estimated_free_transition_parameter,False
search,polish_2_joint,task_008,kappa_fert_continuation,1.8190419646438452,0.02,50.0,log,True,estimated_free_transition_parameter,False
search,polish_2_joint,task_008,chi,1.049869529311166,0.1,5.0,log,True,estimated_free_transition_parameter,False
search,polish_2_joint,task_008,H0,14.106724582762977,0.2,80.0,log,True,estimated_free_transition_parameter,False
search,polish_2_joint,task_008,theta0,0.5824285705869439,0.0,8.0,softzero,True,estimated_free_transition_parameter,False
search,polish_2_joint,task_008,theta1,0.1052518065823461,0.02,16.0,log,True,estimated_free_transition_parameter,True
search,polish_2_joint,task_008,hbar_child_rooms,0.23289841116220328,0.1,1.8,log,True,estimated_free_transition_parameter,False
search,polish_2_joint,task_008,first_birth_fixed_cost,4.555364635392782,0.0,8.0,softzero,True,estimated_free_transition_parameter,False
search,polish_2_joint,task_008,hbar_first_child_jump,0.6034281487969072,0.0,2.0,softzero,True,estimated_free_transition_parameter,False
search,polish_2_joint,task_008,psi_child_change_2023,-0.32550679103127156,-1.5,0.2,asinh,True,estimated_free_transition_parameter,False
search,polish_2_joint,task_008,psi_child_2007,0.28717230466920224,nan,nan,derived,False,externally_normalized_to_old_completed_fertility,False
search,polish_2_joint,task_008,psi_child_2023,-0.03833448636206932,nan,nan,derived,False,derived_from_old_intercept_and_transition_coordinate,False
search,polish_2_joint,task_008,tenure_choice_kappa,0.005,nan,nan,external_profile,False,externally_fixed_profile_not_estimated,False
search,polish_2_joint,task_008,housing_supply_elasticity,0.63,nan,nan,external_profile,False,externally_fixed_profile_not_estimated,False
search,polish_2_joint,task_009,beta_annual,0.9957106570239509,0.94,0.9995,discount,True,estimated_free_transition_parameter,False
search,polish_2_joint,task_009,kappa_fert,2.238195772180536,0.02,50.0,log,True,estimated_free_transition_parameter,False
search,polish_2_joint,task_009,kappa_fert_continuation,1.7578294275699824,0.02,50.0,log,True,estimated_free_transition_parameter,False
search,polish_2_joint,task_009,chi,1.049869529311166,0.1,5.0,log,True,estimated_free_transition_parameter,False
search,polish_2_joint,task_009,H0,14.481388335001649,0.2,80.0,log,True,estimated_free_transition_parameter,False
search,polish_2_joint,task_009,theta0,0.5636941997369248,0.0,8.0,softzero,True,estimated_free_transition_parameter,False
search,polish_2_joint,task_009,theta1,0.1052518065823461,0.02,16.0,log,True,estimated_free_transition_parameter,True
search,polish_2_joint,task_009,hbar_child_rooms,0.2333195182777709,0.1,1.8,log,True,estimated_free_transition_parameter,False
search,polish_2_joint,task_009,first_birth_fixed_cost,4.555364635392782,0.0,8.0,softzero,True,estimated_free_transition_parameter,False
search,polish_2_joint,task_009,hbar_first_child_jump,0.6048021426906701,0.0,2.0,softzero,True,estimated_free_transition_parameter,False
search,polish_2_joint,task_009,psi_child_change_2023,-0.32550679103127156,-1.5,0.2,asinh,True,estimated_free_transition_parameter,False
search,polish_2_joint,task_009,psi_child_2007,0.297550501565212,nan,nan,derived,False,externally_normalized_to_old_completed_fertility,False
search,polish_2_joint,task_009,psi_child_2023,-0.027956289466059547,nan,nan,derived,False,derived_from_old_intercept_and_transition_coordinate,False
search,polish_2_joint,task_009,tenure_choice_kappa,0.005,nan,nan,external_profile,False,externally_fixed_profile_not_estimated,False
search,polish_2_joint,task_009,housing_supply_elasticity,0.63,nan,nan,external_profile,False,externally_fixed_profile_not_estimated,False
search,polish_2_joint,task_010,beta_annual,0.9956918643790077,0.94,0.9995,discount,True,estimated_free_transition_parameter,False
search,polish_2_joint,task_010,kappa_fert,2.238195772180536,0.02,50.0,log,True,estimated_free_transition_parameter,False
search,polish_2_joint,task_010,kappa_fert_continuation,1.766446315263779,0.02,50.0,log,True,estimated_free_transition_parameter,False
search,polish_2_joint,task_010,chi,1.049869529311166,0.1,5.0,log,True,estimated_free_transition_parameter,False
search,polish_2_joint,task_010,H0,14.427261788151577,0.2,80.0,log,True,estimated_free_transition_parameter,False
search,polish_2_joint,task_010,theta0,0.5663517884297847,0.0,8.0,softzero,True,estimated_free_transition_parameter,False
search,polish_2_joint,task_010,theta1,0.1052518065823461,0.02,16.0,log,True,estimated_free_transition_parameter,True
search,polish_2_joint,task_010,hbar_child_rooms,0.2337413868034396,0.1,1.8,log,True,estimated_free_transition_parameter,False
search,polish_2_joint,task_010,first_birth_fixed_cost,4.555364635392782,0.0,8.0,softzero,True,estimated_free_transition_parameter,False
search,polish_2_joint,task_010,hbar_first_child_jump,0.606177699084433,0.0,2.0,softzero,True,estimated_free_transition_parameter,False
search,polish_2_joint,task_010,psi_child_change_2023,-0.32550679103127156,-1.5,0.2,asinh,True,estimated_free_transition_parameter,False
search,polish_2_joint,task_010,psi_child_2007,0.2962767715881653,nan,nan,derived,False,externally_normalized_to_old_completed_fertility,False
search,polish_2_joint,task_010,psi_child_2023,-0.02923001944310627,nan,nan,derived,False,derived_from_old_intercept_and_transition_coordinate,False
search,polish_2_joint,task_010,tenure_choice_kappa,0.005,nan,nan,external_profile,False,externally_fixed_profile_not_estimated,False
search,polish_2_joint,task_010,housing_supply_elasticity,0.63,nan,nan,external_profile,False,externally_fixed_profile_not_estimated,False
search,polish_2_joint,task_012,beta_annual,0.9955781323374735,0.94,0.9995,discount,True,estimated_free_transition_parameter,False
search,polish_2_joint,task_012,kappa_fert,2.238195772180536,0.02,50.0,log,True,estimated_free_transition_parameter,False
search,polish_2_joint,task_012,kappa_fert_continuation,1.8190419646438452,0.02,50.0,log,True,estimated_free_transition_parameter,False
search,polish_2_joint,task_012,chi,1.049869529311166,0.1,5.0,log,True,estimated_free_transition_parameter,False
search,polish_2_joint,task_012,H0,14.106724582762977,0.2,80.0,log,True,estimated_free_transition_parameter,False
search,polish_2_joint,task_012,theta0,0.5824285705869439,0.0,8.0,softzero,True,estimated_free_transition_parameter,False
search,polish_2_joint,task_012,theta1,0.1052518065823461,0.02,16.0,log,True,estimated_free_transition_parameter,True
search,polish_2_joint,task_012,hbar_child_rooms,0.23628866484022906,0.1,1.8,log,True,estimated_free_transition_parameter,False
search,polish_2_joint,task_012,first_birth_fixed_cost,4.555364635392782,0.0,8.0,softzero,True,estimated_free_transition_parameter,False
search,polish_2_joint,task_012,hbar_first_child_jump,0.6144638499470103,0.0,2.0,softzero,True,estimated_free_transition_parameter,False
search,polish_2_joint,task_012,psi_child_change_2023,-0.32550679103127156,-1.5,0.2,asinh,True,estimated_free_transition_parameter,False
search,polish_2_joint,task_012,psi_child_2007,0.2883966303685566,nan,nan,derived,False,externally_normalized_to_old_completed_fertility,False
search,polish_2_joint,task_012,psi_child_2023,-0.03711016066271494,nan,nan,derived,False,derived_from_old_intercept_and_transition_coordinate,False
search,polish_2_joint,task_012,tenure_choice_kappa,0.005,nan,nan,external_profile,False,externally_fixed_profile_not_estimated,False
search,polish_2_joint,task_012,housing_supply_elasticity,0.63,nan,nan,external_profile,False,externally_fixed_profile_not_estimated,False
smoke,exact_loop,task_001,beta_annual,0.9957387588331625,0.94,0.9995,discount,True,estimated_free_transition_parameter,False
smoke,exact_loop,task_001,kappa_fert,2.23273003596061,0.02,50.0,log,True,estimated_free_transition_parameter,False
smoke,exact_loop,task_001,kappa_fert_continuation,1.7364706586958831,0.02,50.0,log,True,estimated_free_transition_parameter,False
smoke,exact_loop,task_001,chi,1.0434717373613915,0.1,5.0,log,True,estimated_free_transition_parameter,False
smoke,exact_loop,task_001,H0,14.562959141565095,0.2,80.0,log,True,estimated_free_transition_parameter,False
smoke,exact_loop,task_001,theta0,0.5544418580619153,0.0,8.0,softzero,True,estimated_free_transition_parameter,False
smoke,exact_loop,task_001,theta1,0.10635689183849888,0.02,16.0,log,True,estimated_free_transition_parameter,True
smoke,exact_loop,task_001,hbar_child_rooms,0.23268814270366286,0.1,1.8,log,True,estimated_free_transition_parameter,False
smoke,exact_loop,task_001,first_birth_fixed_cost,4.544052672413152,0.0,8.0,softzero,True,estimated_free_transition_parameter,False
smoke,exact_loop,task_001,hbar_first_child_jump,0.5999999999999999,0.0,2.0,softzero,True,estimated_free_transition_parameter,False
smoke,exact_loop,task_001,psi_child_change_2023,-0.32688089718542696,-1.5,0.2,asinh,True,estimated_free_transition_parameter,False
smoke,exact_loop,task_001,psi_child_2007,0.2997752448535115,nan,nan,derived,False,externally_normalized_to_old_completed_fertility,False
smoke,exact_loop,task_001,psi_child_2023,-0.027105652331915475,nan,nan,derived,False,derived_from_old_intercept_and_transition_coordinate,False
smoke,exact_loop,task_001,tenure_choice_kappa,0.005,nan,nan,external_profile,False,externally_fixed_profile_not_estimated,False
smoke,exact_loop,task_001,housing_supply_elasticity,0.63,nan,nan,external_profile,False,externally_fixed_profile_not_estimated,False
smoke,exact_loop,task_002,beta_annual,0.9957387588331625,0.94,0.9995,discount,True,estimated_free_transition_parameter,False
smoke,exact_loop,task_002,kappa_fert,2.23273003596061,0.02,50.0,log,True,estimated_free_transition_parameter,False
smoke,exact_loop,task_002,kappa_fert_continuation,1.7364706586958831,0.02,50.0,log,True,estimated_free_transition_parameter,False
smoke,exact_loop,task_002,chi,1.0434717373613915,0.1,5.0,log,True,estimated_free_transition_parameter,False
smoke,exact_loop,task_002,H0,14.562959141565095,0.2,80.0,log,True,estimated_free_transition_parameter,False
smoke,exact_loop,task_002,theta0,0.5544418580619153,0.0,8.0,softzero,True,estimated_free_transition_parameter,False
smoke,exact_loop,task_002,theta1,0.10635689183849888,0.02,16.0,log,True,estimated_free_transition_parameter,True
smoke,exact_loop,task_002,hbar_child_rooms,0.23268814270366286,0.1,1.8,log,True,estimated_free_transition_parameter,False
smoke,exact_loop,task_002,first_birth_fixed_cost,4.544052672413152,0.0,8.0,softzero,True,estimated_free_transition_parameter,False
smoke,exact_loop,task_002,hbar_first_child_jump,0.5999999999999999,0.0,2.0,softzero,True,estimated_free_transition_parameter,False
smoke,exact_loop,task_002,psi_child_change_2023,-0.32688089718542696,-1.5,0.2,asinh,True,estimated_free_transition_parameter,False
smoke,exact_loop,task_002,psi_child_2007,0.2997752448535115,nan,nan,derived,False,externally_normalized_to_old_completed_fertility,False
smoke,exact_loop,task_002,psi_child_2023,-0.027105652331915475,nan,nan,derived,False,derived_from_old_intercept_and_transition_coordinate,False
smoke,exact_loop,task_002,tenure_choice_kappa,0.005,nan,nan,external_profile,False,externally_fixed_profile_not_estimated,False
smoke,exact_loop,task_002,housing_supply_elasticity,0.63,nan,nan,external_profile,False,externally_fixed_profile_not_estimated,False
smoke,joint_probe_loop,task_001,beta_annual,0.9957294031845191,0.94,0.9995,discount,True,estimated_free_transition_parameter,False
smoke,joint_probe_loop,task_001,kappa_fert,2.238195772180536,0.02,50.0,log,True,estimated_free_transition_parameter,False
smoke,joint_probe_loop,task_001,kappa_fert_continuation,1.7322301491336538,0.02,50.0,log,True,estimated_free_transition_parameter,False
smoke,joint_probe_loop,task_001,chi,1.0447481691265725,0.1,5.0,log,True,estimated_free_transition_parameter,False
smoke,joint_probe_loop,task_001,H0,14.535717947625159,0.2,80.0,log,True,estimated_free_transition_parameter,False
smoke,joint_probe_loop,task_001,theta0,0.5557589336583452,0.0,8.0,softzero,True,estimated_free_transition_parameter,False
smoke,joint_probe_loop,task_001,theta1,0.10613495044093449,0.02,16.0,log,True,estimated_free_transition_parameter,True
smoke,joint_probe_loop,task_001,hbar_child_rooms,0.23289841116220328,0.1,1.8,log,True,estimated_free_transition_parameter,False
smoke,joint_probe_loop,task_001,first_birth_fixed_cost,4.540285143086607,0.0,8.0,softzero,True,estimated_free_transition_parameter,False
smoke,joint_probe_loop,task_001,hbar_first_child_jump,0.6006848485093815,0.0,2.0,softzero,True,estimated_free_transition_parameter,False
smoke,joint_probe_loop,task_001,psi_child_change_2023,-0.3273390564208588,-1.5,0.2,asinh,True,estimated_free_transition_parameter,False
smoke,joint_probe_loop,task_001,psi_child_2007,0.30087533088716095,nan,nan,derived,False,externally_normalized_to_old_completed_fertility,False
smoke,joint_probe_loop,task_001,psi_child_2023,-0.026463725533697857,nan,nan,derived,False,derived_from_old_intercept_and_transition_coordinate,False
smoke,joint_probe_loop,task_001,tenure_choice_kappa,0.005,nan,nan,external_profile,False,externally_fixed_profile_not_estimated,False
smoke,joint_probe_loop,task_001,housing_supply_elasticity,0.63,nan,nan,external_profile,False,externally_fixed_profile_not_estimated,False
smoke,joint_probe_loop,task_002,beta_annual,0.9957481028607122,0.94,0.9995,discount,True,estimated_free_transition_parameter,False
smoke,joint_probe_loop,task_002,kappa_fert,2.2272776472202933,0.02,50.0,log,True,estimated_free_transition_parameter,False
smoke,joint_probe_loop,task_002,kappa_fert_continuation,1.7407215490503856,0.02,50.0,log,True,estimated_free_transition_parameter,False
smoke,joint_probe_loop,task_002,chi,1.04219686508978,0.1,5.0,log,True,estimated_free_transition_parameter,False
smoke,joint_probe_loop,task_002,H0,14.59025138786103,0.2,80.0,log,True,estimated_free_transition_parameter,False
smoke,joint_probe_loop,task_002,theta0,0.5531263449654853,0.0,8.0,softzero,True,estimated_free_transition_parameter,False
smoke,joint_probe_loop,task_002,theta1,0.10657929734316227,0.02,16.0,log,True,estimated_free_transition_parameter,True
smoke,joint_probe_loop,task_002,hbar_child_rooms,0.23247806408250452,0.1,1.8,log,True,estimated_free_transition_parameter,False
smoke,joint_probe_loop,task_002,first_birth_fixed_cost,4.547821764239695,0.0,8.0,softzero,True,estimated_free_transition_parameter,False
smoke,joint_probe_loop,task_002,hbar_first_child_jump,0.5993155421156183,0.0,2.0,softzero,True,estimated_free_transition_parameter,False
smoke,joint_probe_loop,task_002,psi_child_change_2023,-0.3264227999332593,-1.5,0.2,asinh,True,estimated_free_transition_parameter,False
smoke,joint_probe_loop,task_002,psi_child_2007,0.2986675688691904,nan,nan,derived,False,externally_normalized_to_old_completed_fertility,False
smoke,joint_probe_loop,task_002,psi_child_2023,-0.027755231064068908,nan,nan,derived,False,derived_from_old_intercept_and_transition_coordinate,False
smoke,joint_probe_loop,task_002,tenure_choice_kappa,0.005,nan,nan,external_profile,False,externally_fixed_profile_not_estimated,False
smoke,joint_probe_loop,task_002,housing_supply_elasticity,0.63,nan,nan,external_profile,False,externally_fixed_profile_not_estimated,False
