scope,stage,case,candidate,moment,target,model,gap,weight,loss_contribution,standardized_gap
search,polish_1_coordinates,task_001,task_001,tfr,1.918,1.9234821854412216,0.005482185441221699,1425.7389910084596,0.04284966892676365,0.20700161575882361
search,polish_1_coordinates,task_001,task_001,childless_rate,0.188,0.18920389455835265,0.0012038945583526528,17180.743822072007,0.024901119076628783,0.15780088427074412
search,polish_1_coordinates,task_001,task_001,mean_age_first_birth,26.0446272574833,26.361825948967162,0.31719869148386337,44.44444444444444,4.471778216847784,2.114657943225756
search,polish_1_coordinates,task_001,task_001,share_first_births_age30plus,0.260327401666964,0.243898222253229,-0.016429179413735007,10000.0,2.6991793620869413,-1.6429179413735007
search,polish_1_coordinates,task_001,task_001,housing_increment_0to1,0.7202462623815278,0.513684818205884,-0.20656144417564382,137.5652749002964,5.869584280548537,-2.4227224935077762
search,polish_1_coordinates,task_001,task_001,prime30_55_parent_3plus_minus_1to2_mean_rooms,0.36769955881,0.3685856588806322,0.0008861000706322231,2958.514988007638,0.002322947080297498,0.048196961318090356
search,polish_1_coordinates,task_001,task_001,own_family_gap,0.16766167,0.17486034667853223,0.007198676678532218,14229.590955975675,0.7373908634224167,0.858714657742848
search,polish_1_coordinates,task_001,task_001,own_rate,0.575472,0.5505781626543472,-0.02489383734565276,1207.8460856134493,0.7485060092242168,-0.8651624178292865
search,polish_1_coordinates,task_001,task_001,aggregate_mean_occupied_rooms_18_85,5.779970481941968,6.346431261339286,0.5664607793973184,11.973159013172177,3.8419210979501135,1.9600819110307899
search,polish_1_coordinates,task_001,task_001,aggregate_wealth_to_annual_gross_labor_earnings,6.8731,7.031915917286466,0.15881591728646605,6.287669427540395,0.15859071436690733,0.398234496706284
search,polish_1_coordinates,task_001,task_001,annual_bequest_flow_to_aggregate_wealth,0.0088,0.008501002844104703,-0.00029899715589529717,5165289.256198346,0.4617732398423379,-0.6795389906711299
search,polish_1_coordinates,task_001,task_001,old_total_wealth_to_annual_income_p90_p50_7684,3.44811075444552,3.2619728593825985,-0.18613789506292155,56.95977216091135,1.9735032241199113,-1.404814302361672
search,polish_1_coordinates,task_002,task_001,tfr,1.918,1.9233407230400226,0.0053407230400226435,1425.7389910084596,0.04066681317000148,0.20166014274020902
search,polish_1_coordinates,task_002,task_001,childless_rate,0.188,0.1891826729605049,0.0011826729605048936,17180.743822072007,0.024030969790667687,0.15501925619311843
search,polish_1_coordinates,task_002,task_001,mean_age_first_birth,26.0446272574833,26.36091661830258,0.3162893608192796,44.44444444444444,4.446175989665264,2.1085957387951972
search,polish_1_coordinates,task_002,task_001,share_first_births_age30plus,0.260327401666964,0.2438325948915413,-0.0164948067754227,10000.0,2.720786505585306,-1.64948067754227
search,polish_1_coordinates,task_002,task_001,housing_increment_0to1,0.7202462623815278,0.5142205192748586,-0.2060257431066692,137.5652749002964,5.8391791361433665,-2.4164393508100646
search,polish_1_coordinates,task_002,task_001,prime30_55_parent_3plus_minus_1to2_mean_rooms,0.36769955881,0.3687615295346047,0.0010619707246047327,2958.514988007638,0.0033365594174284575,0.05776295887009648
search,polish_1_coordinates,task_002,task_001,own_family_gap,0.16766167,0.17530372281445383,0.00764205281445382,14229.590955975675,0.8310219318766773,0.9116040433634974
search,polish_1_coordinates,task_002,task_001,own_rate,0.575472,0.5508621597379787,-0.024609840262021287,1207.8460856134493,0.7315250218071054,-0.855292360428354
search,polish_1_coordinates,task_002,task_001,aggregate_mean_occupied_rooms_18_85,5.779970481941968,6.346752610315945,0.5667821283739771,11.973159013172177,3.8462813207478765,1.961193850884679
search,polish_1_coordinates,task_002,task_001,aggregate_wealth_to_annual_gross_labor_earnings,6.8731,7.041753024640275,0.16865302464027465,6.287669427540395,0.17884548027428002,0.4229012653968773
search,polish_1_coordinates,task_002,task_001,annual_bequest_flow_to_aggregate_wealth,0.0088,0.008499222227063207,-0.00030077777293679303,5165289.256198346,0.46728961101661676,-0.6835858475836204
search,polish_1_coordinates,task_002,task_001,old_total_wealth_to_annual_income_p90_p50_7684,3.44811075444552,3.2990356490827772,-0.14907510536274282,56.95977216091135,1.2658390623802276,-1.1250951348131533
search,polish_1_coordinates,task_003,task_001,tfr,1.918,1.9230045831406992,0.0050045831406992924,1425.7389910084596,0.03570884834707632,0.18896785003559818
search,polish_1_coordinates,task_003,task_001,childless_rate,0.188,0.18964347327752307,0.0016434732775230665,17180.743822072007,0.04640526489805848,0.21541881277655042
search,polish_1_coordinates,task_003,task_001,mean_age_first_birth,26.0446272574833,26.332906717516828,0.2882794600335288,44.44444444444444,3.6935576478765735,1.9218630668901917
search,polish_1_coordinates,task_003,task_001,share_first_births_age30plus,0.260327401666964,0.24209518230970453,-0.018232219357259466,10000.0,3.3241382269122677,-1.8232219357259465
search,polish_1_coordinates,task_003,task_001,housing_increment_0to1,0.7202462623815278,0.5136265959540092,-0.2066196664275186,137.5652749002964,5.872893596843459,-2.4234053719597672
search,polish_1_coordinates,task_003,task_001,prime30_55_parent_3plus_minus_1to2_mean_rooms,0.36769955881,0.3680367347817386,0.00033717597173860137,2958.514988007638,0.0003363465748141742,0.01833975394639127
search,polish_1_coordinates,task_003,task_001,own_family_gap,0.16766167,0.17623100739318892,0.008569337393188908,14229.590955975675,1.0449292844365938,1.0222178263152104
search,polish_1_coordinates,task_003,task_001,own_rate,0.575472,0.550690513977304,-0.02478148602269603,1207.8460856134493,0.7417649135691241,-0.8612577509486484
search,polish_1_coordinates,task_003,task_001,aggregate_mean_occupied_rooms_18_85,5.779970481941968,6.346285444498695,0.566314962556727,11.973159013172177,3.83994339812724,1.9595773519122026
search,polish_1_coordinates,task_003,task_001,aggregate_wealth_to_annual_gross_labor_earnings,6.8731,7.036114218972826,0.16301421897282609,6.287669427540395,0.16708623606099451,0.4087618329308578
search,polish_1_coordinates,task_003,task_001,annual_bequest_flow_to_aggregate_wealth,0.0088,0.008500879267270103,-0.00029912073272989753,5165289.256198346,0.46215502452929114,-0.6798198471134034
search,polish_1_coordinates,task_003,task_001,old_total_wealth_to_annual_income_p90_p50_7684,3.44811075444552,3.299070607820004,-0.149040146625516,56.95977216091135,1.265245442856835,-1.1248312952869133
search,polish_1_coordinates,task_004,task_001,tfr,1.918,1.9238168462845635,0.0058168462845635815,1425.7389910084596,0.04824087777357457,0.2196380608491492
search,polish_1_coordinates,task_004,task_001,childless_rate,0.188,0.18874819688634378,0.0007481968863437827,17180.743822072007,0.009617756007559475,0.09807015859862507
search,polish_1_coordinates,task_004,task_001,mean_age_first_birth,26.0446272574833,26.38968401354564,0.3450567560623412,44.44444444444444,5.291740662411824,2.3003783737489414
search,polish_1_coordinates,task_004,task_001,share_first_births_age30plus,0.260327401666964,0.2456271474646736,-0.014700254202290403,10000.0,2.1609747361195666,-1.4700254202290404
search,polish_1_coordinates,task_004,task_001,housing_increment_0to1,0.7202462623815278,0.5142565105608874,-0.2059897518206404,137.5652749002964,5.837139185149133,-2.4160172154082704
search,polish_1_coordinates,task_004,task_001,prime30_55_parent_3plus_minus_1to2_mean_rooms,0.36769955881,0.36940688646426256,0.0017073276542625693,2958.514988007638,0.008623975686248715,0.09286536322143318
search,polish_1_coordinates,task_004,task_001,own_family_gap,0.16766167,0.17391059061476,0.006248920614759984,14229.590955975675,0.555651423165688,0.7454202996737398
search,polish_1_coordinates,task_004,task_001,own_rate,0.575472,0.5507210098555338,-0.024750990144466134,1207.8460856134493,0.7399404181375658,-0.8601978947530422
search,polish_1_coordinates,task_004,task_001,aggregate_mean_occupied_rooms_18_85,5.779970481941968,6.346878689628336,0.5669082076863683,11.973159013172177,3.8479927030105814,1.9616301137091523
search,polish_1_coordinates,task_004,task_001,aggregate_wealth_to_annual_gross_labor_earnings,6.8731,7.037483269911901,0.16438326991190078,6.287669427540395,0.1699045193939946,0.41219475905692277
search,polish_1_coordinates,task_004,task_001,annual_bequest_flow_to_aggregate_wealth,0.0088,0.008499585256671754,-0.00030041474332824676,5165289.256198346,0.4661622831042167,-0.6827607802914698
search,polish_1_coordinates,task_004,task_001,old_total_wealth_to_annual_income_p90_p50_7684,3.44811075444552,3.2990485792076387,-0.14906217523788134,56.95977216091135,1.2656194851775775,-1.1249975489651423
search,polish_1_coordinates,task_005,task_001,tfr,1.918,1.9223074033180128,0.004307403318012826,1425.7389910084596,0.026452766799964444,0.16264306563750094
search,polish_1_coordinates,task_005,task_001,childless_rate,0.188,0.1900572306705791,0.0020572306705791132,17180.743822072007,0.07271231019157773,0.26965220227466663
search,polish_1_coordinates,task_005,task_001,mean_age_first_birth,26.0446272574833,26.380436530926936,0.33580927344363687,44.44444444444444,5.011905250255257,2.2387284896242456
search,polish_1_coordinates,task_005,task_001,share_first_births_age30plus,0.260327401666964,0.24493737547690284,-0.015390026190061162,10000.0,2.368529061307685,-1.5390026190061161
search,polish_1_coordinates,task_005,task_001,housing_increment_0to1,0.7202462623815278,0.5137796084052395,-0.20646665397628827,137.5652749002964,5.864198460302438,-2.4216107160942357
search,polish_1_coordinates,task_005,task_001,prime30_55_parent_3plus_minus_1to2_mean_rooms,0.36769955881,0.3696862394058229,0.0019866805958229095,2958.514988007638,0.01167696218434451,0.10805999344967826
search,polish_1_coordinates,task_005,task_001,own_family_gap,0.16766167,0.17516540869854513,0.00750373869854512,14229.590955975675,0.8012126924380304,0.8951048499690024
search,polish_1_coordinates,task_005,task_001,own_rate,0.575472,0.5507378628060376,-0.024734137193962336,1207.8460856134493,0.7389331102523444,-0.8596121859608229
search,polish_1_coordinates,task_005,task_001,aggregate_mean_occupied_rooms_18_85,5.779970481941968,6.346511547463221,0.5665410655212533,11.973159013172177,3.8430102282962975,1.9603597191067503
search,polish_1_coordinates,task_005,task_001,aggregate_wealth_to_annual_gross_labor_earnings,6.8731,7.037265781801551,0.16416578180155117,6.287669427540395,0.16945523075315788,0.411649402712014
search,polish_1_coordinates,task_005,task_001,annual_bequest_flow_to_aggregate_wealth,0.0088,0.008499666013874686,-0.00030033398612531494,5165289.256198346,0.46591169019587214,-0.6825772411938975
search,polish_1_coordinates,task_005,task_001,old_total_wealth_to_annual_income_p90_p50_7684,3.44811075444552,3.2990668537169032,-0.14904390072861684,56.95977216091135,1.2653091830203937,-1.1248596281405043
search,polish_1_coordinates,task_006,task_001,tfr,1.918,1.924509863716389,0.006509863716389175,1425.7389910084596,0.060420431190069776,0.24580567770104453
search,polish_1_coordinates,task_006,task_001,childless_rate,0.188,0.18833003239079796,0.00033003239079795743,17180.743822072007,0.0018713503089303094,0.04325910665894881
search,polish_1_coordinates,task_006,task_001,mean_age_first_birth,26.0446272574833,26.342242698881787,0.29761544139848795,44.44444444444444,3.936664487058525,1.9841029426565864
search,polish_1_coordinates,task_006,task_001,share_first_births_age30plus,0.260327401666964,0.2427900974459339,-0.017537304221030087,10000.0,3.0755703934095973,-1.7537304221030088
search,polish_1_coordinates,task_006,task_001,housing_increment_0to1,0.7202462623815278,0.5139206715433966,-0.20632559083813118,137.5652749002964,5.856188066059232,-2.419956211599547
search,polish_1_coordinates,task_006,task_001,prime30_55_parent_3plus_minus_1to2_mean_rooms,0.36769955881,0.3677193677001789,1.9808890178885097e-05,2958.514988007638,1.1608979981336907e-06,0.0010774497659444225
search,polish_1_coordinates,task_006,task_001,own_family_gap,0.16766167,0.1749834267169429,0.007321756716942879,14229.590955975675,0.7628216397547338,0.8733966107987446
search,polish_1_coordinates,task_006,task_001,own_rate,0.575472,0.5506743724714344,-0.024797627528565624,1207.8460856134493,0.7427315305095754,-0.8618187341370431
search,polish_1_coordinates,task_006,task_001,aggregate_mean_occupied_rooms_18_85,5.779970481941968,6.346655109594212,0.5666846276522444,11.973159013172177,3.8449581211267736,1.9608564764221714
search,polish_1_coordinates,task_006,task_001,aggregate_wealth_to_annual_gross_labor_earnings,6.8731,7.036258105022135,0.16315810502213512,6.287669427540395,0.16738132674360895,0.40912263044667785
search,polish_1_coordinates,task_006,task_001,annual_bequest_flow_to_aggregate_wealth,0.0088,0.008500739038146908,-0.0002992609618530928,5165289.256198346,0.46258844674193306,-0.6801385496661199
search,polish_1_coordinates,task_006,task_001,old_total_wealth_to_annual_income_p90_p50_7684,3.44811075444552,3.2990554994552834,-0.14905525499023664,56.95977216091135,1.265501974522148,-1.1249453206810311
search,polish_1_coordinates,task_007,task_001,tfr,1.918,1.9234065210646876,0.005406521064687642,1425.7389910084596,0.041675020837168425,0.2041446076612567
search,polish_1_coordinates,task_007,task_001,childless_rate,0.188,0.1891892243781902,0.0011892243781901901,17180.743822072007,0.02429794635429713,0.15587798547035797
search,polish_1_coordinates,task_007,task_001,mean_age_first_birth,26.0446272574833,26.361300580970553,0.3166733234872545,44.44444444444444,4.456977502598371,2.11115548991503
search,polish_1_coordinates,task_007,task_001,share_first_births_age30plus,0.260327401666964,0.24386294076383966,-0.01646446090312434,10000.0,2.7107847283050996,-1.646446090312434
search,polish_1_coordinates,task_007,task_001,housing_increment_0to1,0.7202462623815278,0.5252909888416175,-0.19495527353991027,137.5652749002964,5.228520258243833,-2.2865957793724347
search,polish_1_coordinates,task_007,task_001,prime30_55_parent_3plus_minus_1to2_mean_rooms,0.36769955881,0.3707494343677853,0.0030498755577852976,2958.514988007638,0.027519339920396454,0.16588954132312397
search,polish_1_coordinates,task_007,task_001,own_family_gap,0.16766167,0.17680577907959122,0.009144109079591206,14229.590955975675,1.1898034180241455,1.0907811045412115
search,polish_1_coordinates,task_007,task_001,own_rate,0.575472,0.5258400198620647,-0.04963198013793524,1207.8460856134493,2.975327668056979,-1.7249138146750924
search,polish_1_coordinates,task_007,task_001,aggregate_mean_occupied_rooms_18_85,5.779970481941968,6.344661260490028,0.5646907785480604,11.973159013172177,3.8179491667240617,1.9539573093402174
search,polish_1_coordinates,task_007,task_001,aggregate_wealth_to_annual_gross_labor_earnings,6.8731,7.024930985774255,0.15183098577425458,6.287669427540395,0.14494743156992226,0.3807196233055531
search,polish_1_coordinates,task_007,task_001,annual_bequest_flow_to_aggregate_wealth,0.0088,0.008505175477169703,-0.00029482452283029724,5165289.256198346,0.44897468627124193,-0.6700557337052209
search,polish_1_coordinates,task_007,task_001,old_total_wealth_to_annual_income_p90_p50_7684,3.44811075444552,3.3003828182301995,-0.14772793621532054,56.95977216091135,1.243064044909238,-1.1149278204929851
search,polish_1_coordinates,task_008,task_001,tfr,1.918,1.923427033402192,0.005427033402191972,1425.7389910084596,0.041991850730852286,0.20491913217377308
search,polish_1_coordinates,task_008,task_001,childless_rate,0.188,0.18919426774625966,0.001194267746259664,17180.743822072007,0.024504473121970727,0.15653904663683987
search,polish_1_coordinates,task_008,task_001,mean_age_first_birth,26.0446272574833,26.361473299034888,0.3168460415515888,44.44444444444444,4.461840624307162,2.112306943677259
search,polish_1_coordinates,task_008,task_001,share_first_births_age30plus,0.260327401666964,0.24387014194223935,-0.016457259724724643,10000.0,2.7084139764704385,-1.6457259724724644
search,polish_1_coordinates,task_008,task_001,housing_increment_0to1,0.7202462623815278,0.503546965503431,-0.21669929687809675,137.5652749002964,6.459870691247351,-2.5416275673763358
search,polish_1_coordinates,task_008,task_001,prime30_55_parent_3plus_minus_1to2_mean_rooms,0.36769955881,0.3658512415759807,-0.0018483172340192922,2958.514988007638,0.01010710551709865,-0.10053410126468854
search,polish_1_coordinates,task_008,task_001,own_family_gap,0.16766167,0.17244544263297013,0.0047837726329701125,14229.590955975675,0.32563679823422176,0.5706459482325462
search,polish_1_coordinates,task_008,task_001,own_rate,0.575472,0.5730420413556419,-0.0024299586443581322,1207.8460856134493,0.007131967589928904,-0.0844509774361961
search,polish_1_coordinates,task_008,task_001,aggregate_mean_occupied_rooms_18_85,5.779970481941968,6.348075932603068,0.5681054506611005,11.973159013172177,3.864262874683239,1.965772844120917
search,polish_1_coordinates,task_008,task_001,aggregate_wealth_to_annual_gross_labor_earnings,6.8731,7.048512466818651,0.17541246681865097,6.287669427540395,0.19346865518448733,0.4398507192042402
search,polish_1_coordinates,task_008,task_001,annual_bequest_flow_to_aggregate_wealth,0.0088,0.0084949082205484,-0.0003050917794516009,5165289.256198346,0.4807902576908277,-0.6933904078445473
search,polish_1_coordinates,task_008,task_001,old_total_wealth_to_annual_income_p90_p50_7684,3.44811075444552,3.2978647950173605,-0.15024595942815955,56.95977216091135,1.2858012573578164,-1.1339317692691286
search,polish_1_coordinates,task_009,task_001,tfr,1.918,1.9234130436320878,0.005413043632087833,1425.7389910084596,0.041775637148219136,0.20439089301683463
search,polish_1_coordinates,task_009,task_001,childless_rate,0.188,0.18922432761469743,0.0012243276146974291,17180.743822072007,0.025753558870344032,0.1604791540055718
search,polish_1_coordinates,task_009,task_001,mean_age_first_birth,26.0446272574833,26.361578624548148,0.31695136706484917,44.44444444444444,4.464807514856744,2.1130091137656613
search,polish_1_coordinates,task_009,task_001,share_first_births_age30plus,0.260327401666964,0.24387483318672096,-0.01645256848024304,10000.0,2.7068700959708676,-1.645256848024304
search,polish_1_coordinates,task_009,task_001,housing_increment_0to1,0.7202462623815278,0.515120322254977,-0.20512594012655083,137.5652749002964,5.788286104729431,-2.405885721460899
search,polish_1_coordinates,task_009,task_001,prime30_55_parent_3plus_minus_1to2_mean_rooms,0.36769955881,0.36925817053910404,0.0015586117291040424,2958.514988007638,0.00718703324956004,0.08477637200045801
search,polish_1_coordinates,task_009,task_001,own_family_gap,0.16766167,0.17507247784154184,0.007410807841541828,14229.590955975675,0.7814901721307684,0.8840193279169684
search,polish_1_coordinates,task_009,task_001,own_rate,0.575472,0.5496131655639622,-0.02585883443603776,1207.8460856134493,0.8076616972485289,-0.8987000040327856
search,polish_1_coordinates,task_009,task_001,aggregate_mean_occupied_rooms_18_85,5.779970481941968,6.333960931924373,0.5539904499824049,11.973159013172177,3.6746273797605347,1.916931761894652
search,polish_1_coordinates,task_009,task_001,aggregate_wealth_to_annual_gross_labor_earnings,6.8731,7.036317423178747,0.16321742317874666,6.287669427540395,0.16750305599037627,0.4092713720630558
search,polish_1_coordinates,task_009,task_001,annual_bequest_flow_to_aggregate_wealth,0.0088,0.00849866539606106,-0.00030133460393894085,5165289.256198346,0.46902140253635494,-0.6848513725885018
search,polish_1_coordinates,task_009,task_001,old_total_wealth_to_annual_income_p90_p50_7684,3.44811075444552,3.255267793182622,-0.1928429612628979,56.95977216091135,2.1182432301114154,-1.4554185755690408
search,polish_1_coordinates,task_010,task_001,tfr,1.918,1.923416020841017,0.005416020841017,1425.7389910084596,0.04182160352568305,0.20450330932697167
search,polish_1_coordinates,task_010,task_001,childless_rate,0.188,0.18915967819339988,0.0011596781933998768,17180.743822072007,0.023105583672132956,0.15200520935853795
search,polish_1_coordinates,task_010,task_001,mean_age_first_birth,26.0446272574833,26.36116255321343,0.3165352957301302,44.44444444444444,4.4530930419093755,2.110235304867534
search,polish_1_coordinates,task_010,task_001,share_first_births_age30plus,0.260327401666964,0.24385617424100095,-0.016471227425963048,10000.0,2.7130133291779726,-1.6471227425963046
search,polish_1_coordinates,task_010,task_001,housing_increment_0to1,0.7202462623815278,0.5127379111236046,-0.20750835125792322,137.5652749002964,5.92352164690334,-2.433828598505519
search,polish_1_coordinates,task_010,task_001,prime30_55_parent_3plus_minus_1to2_mean_rooms,0.36769955881,0.3681369978414786,0.00043743903147858143,2958.514988007638,0.0005661204411717504,0.02379328563212215
search,polish_1_coordinates,task_010,task_001,own_family_gap,0.16766167,0.17509099127214411,0.0074293212721441015,14229.590955975675,0.785399634147077,0.8862277552339901
search,polish_1_coordinates,task_010,task_001,own_rate,0.575472,0.5518226378180979,-0.023649362181902056,1207.8460856134493,0.6755390534496989,-0.8219118282697353
search,polish_1_coordinates,task_010,task_001,aggregate_mean_occupied_rooms_18_85,5.779970481941968,6.359109211491366,0.5791387295493982,11.973159013172177,4.015817505014553,2.003950474691067
search,polish_1_coordinates,task_010,task_001,aggregate_wealth_to_annual_gross_labor_earnings,6.8731,7.037702257670035,0.164602257670035,6.287669427540395,0.1703575070124654,0.412743875802495
search,polish_1_coordinates,task_010,task_001,annual_bequest_flow_to_aggregate_wealth,0.0088,0.008501189057638346,-0.00029881094236165404,5165289.256198346,0.4611982400571266,-0.6791157780946682
search,polish_1_coordinates,task_010,task_001,old_total_wealth_to_annual_income_p90_p50_7684,3.44811075444552,3.3047113504718006,-0.14339940397371942,56.95977216091135,1.171285955714801,-1.0822596526318446
search,polish_1_coordinates,task_011,task_001,tfr,1.918,1.923414639252134,0.005414639252134146,1425.7389910084596,0.041800269452377026,0.20445114196887487
search,polish_1_coordinates,task_011,task_001,childless_rate,0.188,0.1891918193448445,0.001191819344844497,17180.743822072007,0.02440410151548692,0.15621812159761403
search,polish_1_coordinates,task_011,task_001,mean_age_first_birth,26.0446272574833,26.361385291886922,0.31675803440362316,44.44444444444444,4.45936232707764,2.1117202293574877
search,polish_1_coordinates,task_011,task_001,share_first_births_age30plus,0.260327401666964,0.24386612857693735,-0.01646127309002665,10000.0,2.709735117444356,-1.6461273090026651
search,polish_1_coordinates,task_011,task_001,housing_increment_0to1,0.7202462623815278,0.5138422658706956,-0.2064039965108322,137.5652749002964,5.86063972525647,-2.4208758178098417
search,polish_1_coordinates,task_011,task_001,prime30_55_parent_3plus_minus_1to2_mean_rooms,0.36769955881,0.36864993284163283,0.0009503740316328391,2958.514988007638,0.0026721626891364533,0.05169296556724574
search,polish_1_coordinates,task_011,task_001,own_family_gap,0.16766167,0.17504942862595535,0.007387758625955337,14229.590955975675,0.7766365248392153,0.881269836564951
search,polish_1_coordinates,task_011,task_001,own_rate,0.575472,0.5506038694992438,-0.024868130500756203,1207.8460856134493,0.7469609045025458,-0.8642690000818876
search,polish_1_coordinates,task_011,task_001,aggregate_mean_occupied_rooms_18_85,5.779970481941968,6.346899701116623,0.5669292191746553,11.973159013172177,3.8482779469030968,1.9617028181921687
search,polish_1_coordinates,task_011,task_001,aggregate_wealth_to_annual_gross_labor_earnings,6.8731,7.0322952143117945,0.1591952143117945,6.287669427540395,0.15934913730520917,0.39918559255715774
search,polish_1_coordinates,task_011,task_001,annual_bequest_flow_to_aggregate_wealth,0.0088,0.0084826583101404,-0.0003173416898596005,5165289.256198346,0.5201743188168741,-0.7212311133172737
search,polish_1_coordinates,task_011,task_001,old_total_wealth_to_annual_income_p90_p50_7684,3.44811075444552,3.2659010086515248,-0.1822097457939953,56.95977216091135,1.8910867333463799,-1.37516789278487
search,polish_1_coordinates,task_012,task_001,tfr,1.918,1.923412356608727,0.005412356608726965,1425.7389910084596,0.04176503349554913,0.20436495172986274
search,polish_1_coordinates,task_012,task_001,childless_rate,0.188,0.18919288416506738,0.0011928841650673816,17180.743822072007,0.0244477282436439,0.15635769326657353
search,polish_1_coordinates,task_012,task_001,mean_age_first_birth,26.0446272574833,26.36134789196412,0.31672063448082,44.44444444444444,4.458309346930363,2.1114708965388
search,polish_1_coordinates,task_012,task_001,share_first_births_age30plus,0.260327401666964,0.24386416424519808,-0.01646323742176592,10000.0,2.710381864054338,-1.646323742176592
search,polish_1_coordinates,task_012,task_001,housing_increment_0to1,0.7202462623815278,0.5139906936039251,-0.20625556877760265,137.5652749002964,5.852213835128445,-2.419134935287498
search,polish_1_coordinates,task_012,task_001,prime30_55_parent_3plus_minus_1to2_mean_rooms,0.36769955881,0.368776022005612,0.0010764631956119985,2958.514988007638,0.0034282473222427856,0.0585512367268428
search,polish_1_coordinates,task_012,task_001,own_family_gap,0.16766167,0.17509317595768648,0.007431505957686463,14229.590955975675,0.7858616153824206,0.8864883616734179
search,polish_1_coordinates,task_012,task_001,own_rate,0.575472,0.5508118288347691,-0.024660171165230893,1207.8460856134493,0.7345202435745145,-0.857041564671466
search,polish_1_coordinates,task_012,task_001,aggregate_mean_occupied_rooms_18_85,5.779970481941968,6.346272480028816,0.566301998086848,11.973159013172177,3.839767586912697,1.959532491925739
search,polish_1_coordinates,task_012,task_001,aggregate_wealth_to_annual_gross_labor_earnings,6.8731,7.04127434811648,0.16817434811648013,6.287669427540395,0.17783171080696358,0.4217009732108329
search,polish_1_coordinates,task_012,task_001,annual_bequest_flow_to_aggregate_wealth,0.0088,0.00851739739088592,-0.0002826026091140802,5165289.256198346,0.41252187333721896,-0.6422786570774549
search,polish_1_coordinates,task_012,task_001,old_total_wealth_to_annual_income_p90_p50_7684,3.44811075444552,3.2991174178530476,-0.1489933365924725,56.95977216091135,1.2644507995134382,-1.1244780120186602
search,polish_1_coordinates,task_013,task_001,tfr,1.918,1.923412156226445,0.005412156226445086,1425.7389910084596,0.0417619410098181,0.2043573855034804
search,polish_1_coordinates,task_013,task_001,childless_rate,0.188,0.18919274680636466,0.001192746806364664,17180.743822072007,0.024442098334229594,0.1563396889284023
search,polish_1_coordinates,task_013,task_001,mean_age_first_birth,26.0446272574833,26.36136283552408,0.316735578040781,44.44444444444444,4.45873006208123,2.1115705202718735
search,polish_1_coordinates,task_013,task_001,share_first_births_age30plus,0.260327401666964,0.24386490063969565,-0.016462501027268345,10000.0,2.710139400728113,-1.6462501027268346
search,polish_1_coordinates,task_013,task_001,housing_increment_0to1,0.7202462623815278,0.5138610784667934,-0.20638518391473437,137.5652749002964,5.859571443388173,-2.42065516821132
search,polish_1_coordinates,task_013,task_001,prime30_55_parent_3plus_minus_1to2_mean_rooms,0.36769955881,0.36873345870672747,0.0010338998967274748,2958.514988007638,0.0031625016274221696,0.05623612386555611
search,polish_1_coordinates,task_013,task_001,own_family_gap,0.16766167,0.17506216298734883,0.007400492987348822,14229.590955975675,0.7793162263306774,0.8827888911459395
search,polish_1_coordinates,task_013,task_001,own_rate,0.575472,0.5507152183304082,-0.024756781669591832,1207.8460856134493,0.7402867384156748,-0.8603991738813298
search,polish_1_coordinates,task_013,task_001,aggregate_mean_occupied_rooms_18_85,5.779970481941968,6.346549139604387,0.5665786576624194,11.973159013172177,3.843520241726082,1.9604897963840777
search,polish_1_coordinates,task_013,task_001,aggregate_wealth_to_annual_gross_labor_earnings,6.8731,7.037067426227207,0.16396742622720684,6.287669427540395,0.1690459848928337,0.41115202163291587
search,polish_1_coordinates,task_013,task_001,annual_bequest_flow_to_aggregate_wealth,0.0088,0.008501300267915407,-0.00029869973208459383,5165289.256198346,0.46085501005892615,-0.6788630274649858
search,polish_1_coordinates,task_013,task_001,old_total_wealth_to_annual_income_p90_p50_7684,3.44811075444552,3.2990656798926032,-0.14904507455291682,56.95977216091135,1.2653291134772249,-1.1248684871918249
search,polish_1_coordinates,task_014,task_001,tfr,1.918,1.9234125479934292,0.005412547993429273,1425.7389910084596,0.04176798722916377,0.20437217821700626
search,polish_1_coordinates,task_014,task_001,childless_rate,0.188,0.18919249309164232,0.0011924930916423215,17180.743822072007,0.024431701055270785,0.15630643318581225
search,polish_1_coordinates,task_014,task_001,mean_age_first_birth,26.0446272574833,26.361370669622747,0.31674341213944857,44.44444444444444,4.458950628166248,2.1116227475963236
search,polish_1_coordinates,task_014,task_001,share_first_births_age30plus,0.260327401666964,0.24386534580374844,-0.016462055863215558,10000.0,2.7099928324362974,-1.646205586321556
search,polish_1_coordinates,task_014,task_001,housing_increment_0to1,0.7202462623815278,0.5138767387946634,-0.20636952358686433,137.5652749002964,5.85868223877765,-2.420471491007
search,polish_1_coordinates,task_014,task_001,prime30_55_parent_3plus_minus_1to2_mean_rooms,0.36769955881,0.36870586249352044,0.0010063036835204486,2958.514988007638,0.0029959316331691177,0.05473510421264508
search,polish_1_coordinates,task_014,task_001,own_family_gap,0.16766167,0.17505561846866913,0.007393948468669115,14229.590955975675,0.7779384817821885,0.8820082095888838
search,polish_1_coordinates,task_014,task_001,own_rate,0.575472,0.5506990088100147,-0.024772991189985327,1207.8460856134493,0.741256462311724,-0.8609625208519381
search,polish_1_coordinates,task_014,task_001,aggregate_mean_occupied_rooms_18_85,5.779970481941968,6.346614878278963,0.5666443963369954,11.973159013172177,3.8444122011431436,1.960717267007955
search,polish_1_coordinates,task_014,task_001,aggregate_wealth_to_annual_gross_labor_earnings,6.8731,7.036473916694518,0.16337391669451762,6.287669427540395,0.16782441517196517,0.40966378308555074
search,polish_1_coordinates,task_014,task_001,annual_bequest_flow_to_aggregate_wealth,0.0088,0.008498850678107036,-0.00030114932189296423,5165289.256198346,0.4684448041146289,-0.684430277029464
search,polish_1_coordinates,task_014,task_001,old_total_wealth_to_annual_income_p90_p50_7684,3.44811075444552,3.299053936270606,-0.1490568181749139,56.95977216091135,1.2655285180166231,-1.124957118301237
search,polish_1_coordinates,task_015,task_001,tfr,1.918,1.9234177607536387,0.005417760753638756,1425.7389910084596,0.0418484784680469,0.20456900661646402
search,polish_1_coordinates,task_015,task_001,childless_rate,0.188,0.18918560732253736,0.0011856073225373631,17180.743822072007,0.02415036550995441,0.15540387868375233
search,polish_1_coordinates,task_015,task_001,mean_age_first_birth,26.0446272574833,26.36131376309249,0.31668650560919076,44.44444444444444,4.457348570442667,2.1112433707279386
search,polish_1_coordinates,task_015,task_001,share_first_births_age30plus,0.260327401666964,0.2438625754120523,-0.01646482625491169,10000.0,2.7109050360442937,-1.646482625491169
search,polish_1_coordinates,task_015,task_001,housing_increment_0to1,0.7202462623815278,0.5133756696928051,-0.20687059268872265,137.5652749002964,5.887166759632699,-2.426348441513028
search,polish_1_coordinates,task_015,task_001,prime30_55_parent_3plus_minus_1to2_mean_rooms,0.36769955881,0.36815592343713277,0.00045636462713277703,2958.514988007638,0.0006161659903013074,0.02482269103665651
search,polish_1_coordinates,task_015,task_001,own_family_gap,0.16766167,0.17496928428637787,0.007307614286377856,14229.590955975675,0.759877610474466,0.8717095906748221
search,polish_1_coordinates,task_015,task_001,own_rate,0.575472,0.5507272602542573,-0.02474473974574265,1207.8460856134493,0.7395667491530751,-0.8599806678949679
search,polish_1_coordinates,task_015,task_001,aggregate_mean_occupied_rooms_18_85,5.779970481941968,6.3463962373581255,0.5664257554161578,11.973159013172177,3.8414460245922375,1.959960720165646
search,polish_1_coordinates,task_015,task_001,aggregate_wealth_to_annual_gross_labor_earnings,6.8731,7.036825189086293,0.16372518908629274,6.287669427540395,0.16854687395525542,0.4105446065353379
search,polish_1_coordinates,task_015,task_001,annual_bequest_flow_to_aggregate_wealth,0.0088,0.008500197147976764,-0.00029980285202323674,5165289.256198346,0.46426523802307207,-0.6813701182346288
search,polish_1_coordinates,task_015,task_001,old_total_wealth_to_annual_income_p90_p50_7684,3.44811075444552,3.2990897797471574,-0.14902097469836262,56.95977216091135,1.2649199515870433,-1.1246866014970762
search,polish_1_coordinates,task_016,task_001,tfr,1.918,1.9234096550360886,0.005409655036088701,1425.7389910084596,0.04172334994804044,0.2042629431591556
search,polish_1_coordinates,task_016,task_001,childless_rate,0.188,0.18919893760480466,0.0011989376048046618,17180.743822072007,0.024696483920153264,0.15715114991673865
search,polish_1_coordinates,task_016,task_001,mean_age_first_birth,26.0446272574833,26.361413833955062,0.3167865764717632,44.44444444444444,4.460166001453346,2.111910509811755
search,polish_1_coordinates,task_016,task_001,share_first_births_age30plus,0.260327401666964,0.24386729205534652,-0.01646010961161748,10000.0,2.709352084264621,-1.646010961161748
search,polish_1_coordinates,task_016,task_001,housing_increment_0to1,0.7202462623815278,0.5143179149310555,-0.20592834745047228,137.5652749002964,5.833659668039873,-2.41529701445596
search,polish_1_coordinates,task_016,task_001,prime30_55_parent_3plus_minus_1to2_mean_rooms,0.36769955881,0.36930125590858953,0.0016016970985895385,2958.514988007638,0.007589873743410111,0.0871198814474062
search,polish_1_coordinates,task_016,task_001,own_family_gap,0.16766167,0.17514540522449618,0.007483735224496163,14229.590955975675,0.7969466390750491,0.8927186785740786
search,polish_1_coordinates,task_016,task_001,own_rate,0.575472,0.5506822429472583,-0.024789757052741668,1207.8460856134493,0.7422601367943977,-0.8615452029896039
search,polish_1_coordinates,task_016,task_001,aggregate_mean_occupied_rooms_18_85,5.779970481941968,6.3467716623010455,0.5668011803590778,11.973159013172177,3.8465399052104536,1.9612597750452267
search,polish_1_coordinates,task_016,task_001,aggregate_wealth_to_annual_gross_labor_earnings,6.8731,7.036729660878892,0.1636296608788923,6.287669427540395,0.16835024833365003,0.41030506739942907
search,polish_1_coordinates,task_016,task_001,annual_bequest_flow_to_aggregate_wealth,0.0088,0.008500217995082679,-0.00029978200491732193,5165289.256198346,0.46420067392690706,-0.6813227384484588
search,polish_1_coordinates,task_016,task_001,old_total_wealth_to_annual_income_p90_p50_7684,3.44811075444552,3.299030427567717,-0.14908032687780315,56.95977216091135,1.2659277386681458,-1.125134542473986
search,polish_1_coordinates,task_017,task_001,tfr,1.918,1.9233678656655178,0.005367865665517835,1425.7389910084596,0.04108121734280982,0.2026850200256788
search,polish_1_coordinates,task_017,task_001,childless_rate,0.188,0.1888890581406745,0.000889058140674498,17180.743822072007,0.013580078740541285,0.116533594900961
search,polish_1_coordinates,task_017,task_001,mean_age_first_birth,26.0446272574833,26.36360235355893,0.3189750960756328,44.44444444444444,4.522004974064852,2.1265006405042186
search,polish_1_coordinates,task_017,task_001,share_first_births_age30plus,0.260327401666964,0.2440171255403075,-0.016310276126656503,10000.0,2.6602510732778106,-1.6310276126656502
search,polish_1_coordinates,task_017,task_001,housing_increment_0to1,0.7202462623815278,0.5138665240679607,-0.20637973831356704,137.5652749002964,5.859262230609242,-2.420591297722365
search,polish_1_coordinates,task_017,task_001,prime30_55_parent_3plus_minus_1to2_mean_rooms,0.36769955881,0.36907988807878134,0.001380329268781344,2958.514988007638,0.00563688490860196,0.07507919091600522
search,polish_1_coordinates,task_017,task_001,own_family_gap,0.16766167,0.17508578799365737,0.007424117993657359,14229.590955975675,0.784299877713262,0.8856070673347531
search,polish_1_coordinates,task_017,task_001,own_rate,0.575472,0.5507003051775663,-0.024771694822433687,1207.8460856134493,0.7411788846244065,-0.8609174667901718
search,polish_1_coordinates,task_017,task_001,aggregate_mean_occupied_rooms_18_85,5.779970481941968,6.346621902347665,0.5666514204056972,11.973159013172177,3.8445075116516714,1.9607415718680703
search,polish_1_coordinates,task_017,task_001,aggregate_wealth_to_annual_gross_labor_earnings,6.8731,7.03678376910785,0.1636837691078501,6.287669427540395,0.16846160515996325,0.4104407450046392
search,polish_1_coordinates,task_017,task_001,annual_bequest_flow_to_aggregate_wealth,0.0088,0.008500162385041496,-0.00029983761495850497,5165289.256198346,0.46437290983473484,-0.6814491249056931
search,polish_1_coordinates,task_017,task_001,old_total_wealth_to_annual_income_p90_p50_7684,3.44811075444552,3.2990562344757284,-0.1490545199697917,56.95977216091135,1.2654894936803147,-1.1249397733569182
search,polish_1_coordinates,task_018,task_001,tfr,1.918,1.9234595775324406,0.00545957753244064,1425.7389910084596,0.042496983331899815,0.20614796465621438
search,polish_1_coordinates,task_018,task_001,childless_rate,0.188,0.18949597322381134,0.0014959732238113421,17180.743822072007,0.0384494031537814,0.19608519361181098
search,polish_1_coordinates,task_018,task_001,mean_age_first_birth,26.0446272574833,26.359120256464088,0.3144929989807892,44.44444444444444,4.39581539590803,2.096619993205261
search,polish_1_coordinates,task_018,task_001,share_first_births_age30plus,0.260327401666964,0.24371252383883774,-0.016614877828126262,10000.0,2.7605416524356166,-1.6614877828126262
search,polish_1_coordinates,task_018,task_001,housing_increment_0to1,0.7202462623815278,0.513882937031851,-0.20636332534967683,137.5652749002964,5.858330317077592,-2.4203987929838324
search,polish_1_coordinates,task_018,task_001,prime30_55_parent_3plus_minus_1to2_mean_rooms,0.36769955881,0.36836649441878677,0.0006669356087867784,2958.514988007638,0.0013159566566056128,0.03627611688984383
search,polish_1_coordinates,task_018,task_001,own_family_gap,0.16766167,0.17504000903547068,0.007378339035470666,14229.590955975675,0.7746573225946127,0.8801461938761155
search,polish_1_coordinates,task_018,task_001,own_rate,0.575472,0.5507125831093058,-0.024759416890694164,1207.8460856134493,0.7404443455786567,-0.8604907585666779
search,polish_1_coordinates,task_018,task_001,aggregate_mean_occupied_rooms_18_85,5.779970481941968,6.346550617895073,0.5665801359531049,11.973159013172177,3.8435402984207996,1.9604949116028838
search,polish_1_coordinates,task_018,task_001,aggregate_wealth_to_annual_gross_labor_earnings,6.8731,7.03679985687812,0.16369985687811983,6.287669427540395,0.16849472151356853,0.41048108545165457
search,polish_1_coordinates,task_018,task_001,annual_bequest_flow_to_aggregate_wealth,0.0088,0.008500203075959918,-0.00029979692404008204,5165289.256198346,0.46424687842920814,-0.6813566455456409
search,polish_1_coordinates,task_018,task_001,old_total_wealth_to_annual_income_p90_p50_7684,3.44811075444552,3.299063987285191,-0.14904676716032927,56.95977216091135,1.2653578526704397,-1.1248812615873907
search,polish_1_coordinates,task_019,task_001,tfr,1.918,1.9234173703460455,0.0054173703460456135,1425.7389910084596,0.04184244742465617,0.20455426523212897
search,polish_1_coordinates,task_019,task_001,childless_rate,0.188,0.18916662221265784,0.0011666222126578418,17180.743822072007,0.023383119257140202,0.1529153990190007
search,polish_1_coordinates,task_019,task_001,mean_age_first_birth,26.0446272574833,26.361209219893116,0.31658196240981695,44.44444444444444,4.4544061743667,2.1105464160654464
search,polish_1_coordinates,task_019,task_001,share_first_births_age30plus,0.260327401666964,0.24385826040972763,-0.016469141257236364,10000.0,2.7123261375080494,-1.6469141257236364
search,polish_1_coordinates,task_019,task_001,housing_increment_0to1,0.7202462623815278,0.5126110941196318,-0.20763516826189599,137.5652749002964,5.930764081335394,-2.4353160126224673
search,polish_1_coordinates,task_019,task_001,prime30_55_parent_3plus_minus_1to2_mean_rooms,0.36769955881,0.3687962853760123,0.001096726566012285,2958.514988007638,0.0035585289293394023,0.05965340668678866
search,polish_1_coordinates,task_019,task_001,own_family_gap,0.16766167,0.17483597309351645,0.007174303093516438,14229.590955975675,0.732405938257276,0.8558071852101242
search,polish_1_coordinates,task_019,task_001,own_rate,0.575472,0.5507537341471053,-0.024718265852894716,1207.8460856134493,0.7379851009019586,-0.859060592101604
search,polish_1_coordinates,task_019,task_001,aggregate_mean_occupied_rooms_18_85,5.779970481941968,6.346115756171793,0.5661452742298252,11.973159013172177,3.837642572638709,1.9589901920731276
search,polish_1_coordinates,task_019,task_001,aggregate_wealth_to_annual_gross_labor_earnings,6.8731,7.03686438807608,0.16376438807608018,6.287669427540395,0.16862759040620479,0.41064289888686106
search,polish_1_coordinates,task_019,task_001,annual_bequest_flow_to_aggregate_wealth,0.0088,0.00850028292387302,-0.00029971707612698115,5165289.256198346,0.4639996163331952,-0.6811751730158662
search,polish_1_coordinates,task_019,task_001,old_total_wealth_to_annual_income_p90_p50_7684,3.44811075444552,3.2991360289006146,-0.14897472554490543,56.95977216091135,1.26413492922349,-1.124337551282305
search,polish_1_coordinates,task_020,task_001,tfr,1.918,1.9234065727233902,0.0054065727233902905,1425.7389910084596,0.04167581724127702,0.20414655824009628
search,polish_1_coordinates,task_020,task_001,childless_rate,0.188,0.18921886008666836,0.0012188600866683552,17180.743822072007,0.02552405510568173,0.15976249592968222
search,polish_1_coordinates,task_020,task_001,mean_age_first_birth,26.0446272574833,26.361532945502088,0.3169056880187888,44.44444444444444,4.463520671051641,2.1127045867919256
search,polish_1_coordinates,task_020,task_001,share_first_births_age30plus,0.260327401666964,0.24387264613814677,-0.016454755528817228,10000.0,2.7075897951314114,-1.6454755528817229
search,polish_1_coordinates,task_020,task_001,housing_increment_0to1,0.7202462623815278,0.5151097205933857,-0.2051365417881421,137.5652749002964,5.788884439939827,-2.4060100664668522
search,polish_1_coordinates,task_020,task_001,prime30_55_parent_3plus_minus_1to2_mean_rooms,0.36769955881,0.3686033707421972,0.0009038119321971849,2958.514988007638,0.002416739915325432,0.04916034901549654
search,polish_1_coordinates,task_020,task_001,own_family_gap,0.16766167,0.17529908332511784,0.007637413325117831,14229.590955975675,0.8300132115387191,0.9110506086594307
search,polish_1_coordinates,task_020,task_001,own_rate,0.575472,0.5506638668122246,-0.024808133187775416,1207.8460856134493,0.7433609888884941,-0.8621838486590282
search,polish_1_coordinates,task_020,task_001,aggregate_mean_occupied_rooms_18_85,5.779970481941968,6.347074076907914,0.5671035949659462,11.973159013172177,3.850645613586928,1.9623061977140388
search,polish_1_coordinates,task_020,task_001,aggregate_wealth_to_annual_gross_labor_earnings,6.8731,7.036696693176089,0.16359669317608905,6.287669427540395,0.1682824175771511,0.41022240014064454
search,polish_1_coordinates,task_020,task_001,annual_bequest_flow_to_aggregate_wealth,0.0088,0.008500134373321118,-0.00029986562667888225,5165289.256198346,0.4644596800801588,-0.6815127879065505
search,polish_1_coordinates,task_020,task_001,old_total_wealth_to_annual_income_p90_p50_7684,3.44811075444552,3.2989849218190646,-0.1491258326264555,56.95977216091135,1.2667006881614025,-1.1254779820864567
search,polish_1_coordinates,task_021,task_001,tfr,1.918,1.9224665067328874,0.00446650673288751,1425.7389910084596,0.02844304004868595,0.1686506449696708
search,polish_1_coordinates,task_021,task_001,childless_rate,0.188,0.18936470372158928,0.0013647037215892832,17180.743822072007,0.03199769644213573,0.17887899944413746
search,polish_1_coordinates,task_021,task_001,mean_age_first_birth,26.0446272574833,26.359366832234826,0.3147395747515276,44.44444444444444,4.402711107323219,2.0982638316768507
search,polish_1_coordinates,task_021,task_001,share_first_births_age30plus,0.260327401666964,0.24370455942052915,-0.016622842246434844,10000.0,2.7631888434985896,-1.6622842246434844
search,polish_1_coordinates,task_021,task_001,housing_increment_0to1,0.7202462623815278,0.5136967455268309,-0.2065495168546969,137.5652749002964,5.868906454203965,-2.422582600078677
search,polish_1_coordinates,task_021,task_001,prime30_55_parent_3plus_minus_1to2_mean_rooms,0.36769955881,0.3688449355678225,0.0011453767578225027,2958.514988007638,0.0038812400660956496,0.06229959924506457
search,polish_1_coordinates,task_021,task_001,own_family_gap,0.16766167,0.17514343329161408,0.007481763291614069,14229.590955975675,0.7965267102051556,0.892483450941896
search,polish_1_coordinates,task_021,task_001,own_rate,0.575472,0.5507045728235002,-0.024767427176499823,1207.8460856134493,0.7409235273217435,-0.8607691486814241
search,polish_1_coordinates,task_021,task_001,aggregate_mean_occupied_rooms_18_85,5.779970481941968,6.34646579035153,0.5664953084095625,11.973159013172177,3.8423894861901453,1.960201389191974
search,polish_1_coordinates,task_021,task_001,aggregate_wealth_to_annual_gross_labor_earnings,6.8731,7.03686764713303,0.16376764713302983,6.287669427540395,0.16863430215099018,0.41065107104571175
search,polish_1_coordinates,task_021,task_001,annual_bequest_flow_to_aggregate_wealth,0.0088,0.008500190679920987,-0.0002998093200790135,5165289.256198346,0.4642852706933901,-0.6813848183613942
search,polish_1_coordinates,task_021,task_001,old_total_wealth_to_annual_income_p90_p50_7684,3.44811075444552,3.299058218029441,-0.14905253641607885,56.95977216091135,1.2654558127200575,-1.1249248031402177
search,polish_1_coordinates,task_022,task_001,tfr,1.918,1.9243593378765507,0.006359337876550741,1425.7389910084596,0.05765856464217147,0.24012197867369717
search,polish_1_coordinates,task_022,task_001,childless_rate,0.188,0.18902023134737575,0.0010202313473757496,17180.743822072007,0.01788295522081795,0.13372716710084734
search,polish_1_coordinates,task_022,task_001,mean_age_first_birth,26.0446272574833,26.36336897143756,0.3187417139542603,44.44444444444444,4.515390231755534,2.124944759695069
search,polish_1_coordinates,task_022,task_001,share_first_births_age30plus,0.260327401666964,0.244025804041801,-0.016301597625163006,10000.0,2.6574208513272017,-1.6301597625163007
search,polish_1_coordinates,task_022,task_001,housing_increment_0to1,0.7202462623815278,0.5140523183325758,-0.20619394404895197,137.5652749002964,5.848717326250343,-2.41841214978968
search,polish_1_coordinates,task_022,task_001,prime30_55_parent_3plus_minus_1to2_mean_rooms,0.36769955881,0.36860628554790864,0.0009067267379086474,2958.514988007638,0.0024323530890010725,0.04931889180629541
search,polish_1_coordinates,task_022,task_001,own_family_gap,0.16766167,0.17498266057279532,0.007320990572795311,14229.590955975675,0.7626620057269287,0.8733052191112387
search,polish_1_coordinates,task_022,task_001,own_rate,0.575472,0.550712884729355,-0.024759115270645005,1207.8460856134493,0.7404263054527058,-0.8604802760393209
search,polish_1_coordinates,task_022,task_001,aggregate_mean_occupied_rooms_18_85,5.779970481941968,6.346737354199916,0.566766872257948,11.973159013172177,3.8460742622630204,1.9611410612862656
search,polish_1_coordinates,task_022,task_001,aggregate_wealth_to_annual_gross_labor_earnings,6.8731,7.036762296622667,0.1636622966226673,6.287669427540395,0.16841740954939755,0.41038690226345864
search,polish_1_coordinates,task_022,task_001,annual_bequest_flow_to_aggregate_wealth,0.0088,0.008500213702269725,-0.000299786297730276,5165289.256198346,0.4642139685269921,-0.6813324948415364
search,polish_1_coordinates,task_022,task_001,old_total_wealth_to_annual_income_p90_p50_7684,3.44811075444552,3.2990603672433436,-0.14905038720217645,56.95977216091135,1.2654193193374852,-1.1249085826579355
search,polish_1_joint,task_001,task_001,tfr,1.918,1.9244599062401124,0.006459906240112501,1425.7389910084596,0.059496642181216176,0.243919335398439
search,polish_1_joint,task_001,task_001,childless_rate,0.188,0.18884092183659823,0.0008409218365982296,17180.743822072007,0.012149355009332308,0.11022411264933053
search,polish_1_joint,task_001,task_001,mean_age_first_birth,26.0446272574833,26.35180859178386,0.30718133430056227,44.44444444444444,4.193794317452168,2.0478755620037483
search,polish_1_joint,task_001,task_001,share_first_births_age30plus,0.260327401666964,0.2433368843746918,-0.01699051729227219,10000.0,2.886776778590003,-1.699051729227219
search,polish_1_joint,task_001,task_001,housing_increment_0to1,0.7202462623815278,0.5097092224038908,-0.21053703997763695,137.5652749002964,6.0976970804761015,-2.469351550605159
search,polish_1_joint,task_001,task_001,prime30_55_parent_3plus_minus_1to2_mean_rooms,0.36769955881,0.3665553045885721,-0.0011442542214278872,2958.514988007638,0.003873636108315553,-0.0622385419841721
search,polish_1_joint,task_001,task_001,own_family_gap,0.16766167,0.17392391213279673,0.006262242132796719,14229.590955975675,0.5580230360805454,0.7470093949078187
search,polish_1_joint,task_001,task_001,own_rate,0.575472,0.562214809936363,-0.013257190063637014,1207.8460856134493,0.21228267983835944,-0.4607414457571181
search,polish_1_joint,task_001,task_001,aggregate_mean_occupied_rooms_18_85,5.779970481941968,6.347460573548341,0.5674900916063734,11.973159013172177,3.8558960431446745,1.9636435631612663
search,polish_1_joint,task_001,task_001,aggregate_wealth_to_annual_gross_labor_earnings,6.8731,7.044849765114586,0.17174976511458606,6.287669427540395,0.18547355844436197,0.4306664120225328
search,polish_1_joint,task_001,task_001,annual_bequest_flow_to_aggregate_wealth,0.0088,0.008506923970345415,-0.00029307602965458583,5165289.256198346,0.4436650782959486,-0.666081885578604
search,polish_1_joint,task_001,task_001,old_total_wealth_to_annual_income_p90_p50_7684,3.44811075444552,3.298382234070576,-0.1497285203749441,56.95977216091135,1.2769600463464608,-1.1300265688675026
search,polish_1_joint,task_002,task_001,tfr,1.918,1.9255096205624165,0.007509620562416552,1425.7389910084596,0.0804036963681042,0.2835554555428342
search,polish_1_joint,task_002,task_001,childless_rate,0.188,0.1884880666473259,0.00048806664732589655,17180.743822072007,0.00409260870249555,0.06397350000191915
search,polish_1_joint,task_002,task_001,mean_age_first_birth,26.0446272574833,26.342222302414125,0.29759504493082645,44.44444444444444,3.9361249229946935,1.9839669662055095
search,polish_1_joint,task_002,task_001,share_first_births_age30plus,0.260327401666964,0.2428076142025142,-0.017519787464449793,10000.0,3.069429527994921,-1.7519787464449792
search,polish_1_joint,task_002,task_001,housing_increment_0to1,0.7202462623815278,0.5052648181784836,-0.21498144420304421,137.5652749002964,6.357857247309384,-2.5214791784405803
search,polish_1_joint,task_002,task_001,prime30_55_parent_3plus_minus_1to2_mean_rooms,0.36769955881,0.36441718626420005,-0.0032823725457999386,2958.514988007638,0.03187495033313013,-0.17853557161845962
search,polish_1_joint,task_002,task_001,own_family_gap,0.16766167,0.17255904082109746,0.004897370821097452,14229.590955975675,0.3412859382409193,0.5841968317621375
search,polish_1_joint,task_002,task_001,own_rate,0.575472,0.5730892903222267,-0.0023827096777733203,1207.8460856134493,0.006857311114554786,-0.08280888306549476
search,polish_1_joint,task_002,task_001,aggregate_mean_occupied_rooms_18_85,5.779970481941968,6.348310502783256,0.5683400208412879,11.973159013172177,3.8674546341427365,1.9665845097891768
search,polish_1_joint,task_002,task_001,aggregate_wealth_to_annual_gross_labor_earnings,6.8731,7.052568029240261,0.17946802924026084,6.287669427540395,0.20251812055639792,0.4500201335011556
search,polish_1_joint,task_002,task_001,annual_bequest_flow_to_aggregate_wealth,0.0088,0.008513845671946631,-0.00028615432805336946,5165289.256198346,0.4229560922710504,-0.6503507455758396
search,polish_1_joint,task_002,task_001,old_total_wealth_to_annual_income_p90_p50_7684,3.44811075444552,3.2978521898855186,-0.15025856456000142,56.95977216091135,1.286017015230024,-1.1340269023396332
search,polish_1_joint,task_003,task_001,tfr,1.918,1.9275926459136175,0.009592645913617526,1425.7389910084596,0.1311948703711762,0.3622083245470432
search,polish_1_joint,task_003,task_001,childless_rate,0.188,0.1877810530001048,-0.00021894699989519206,17180.743822072007,0.0008236068681355131,-0.02869855167313349
search,polish_1_joint,task_003,task_001,mean_age_first_birth,26.0446272574833,26.32303570495469,0.27840844747139215,44.44444444444444,3.444945049930263,1.8560563164759476
search,polish_1_joint,task_003,task_001,share_first_births_age30plus,0.260327401666964,0.24174820524346266,-0.018579196423501337,10000.0,3.4518653974304487,-1.8579196423501336
search,polish_1_joint,task_003,task_001,housing_increment_0to1,0.7202462623815278,0.49984831609342706,-0.22039794628810072,137.5652749002964,6.682268270010966,-2.585008369427644
search,polish_1_joint,task_003,task_001,prime30_55_parent_3plus_minus_1to2_mean_rooms,0.36769955881,0.35982726003956866,-0.00787229877043133,2958.514988007638,0.18334830949678535,-0.42819190732285606
search,polish_1_joint,task_003,task_001,own_family_gap,0.16766167,0.169476615340383,0.001814945340382984,14229.590955975675,0.04687265095357158,0.21650092598779244
search,polish_1_joint,task_003,task_001,own_rate,0.575472,0.5929393024818207,0.017467302481820712,1207.8460856134493,0.3685218801338459,0.6070600300908023
search,polish_1_joint,task_003,task_001,aggregate_mean_occupied_rooms_18_85,5.779970481941968,6.349702577458266,0.5697320955162981,11.973159013172177,3.886423486925513,1.971401401776288
search,polish_1_joint,task_003,task_001,aggregate_wealth_to_annual_gross_labor_earnings,6.8731,7.068018784356121,0.19491878435612087,6.287669427540395,0.23888951517835827,0.4887632506422289
search,polish_1_joint,task_003,task_001,annual_bequest_flow_to_aggregate_wealth,0.0088,0.008528187791254966,-0.0002718122087450349,5165289.256198346,0.3816212645808595,-0.6177550198750792
search,polish_1_joint,task_003,task_001,old_total_wealth_to_annual_income_p90_p50_7684,3.44811075444552,3.2966617672975183,-0.1514489871480018,56.95977216091135,1.3064746576379132,-1.1430112237585042
search,polish_1_joint,task_004,task_001,tfr,1.918,1.9316808669848804,0.013680866984880469,1425.7389910084596,0.2668500371584849,0.5165752966978627
search,polish_1_joint,task_004,task_001,childless_rate,0.188,0.18637627328573414,-0.0016237267142658607,17180.743822072007,0.04529683252251825,-0.2128305253541377
search,polish_1_joint,task_004,task_001,mean_age_first_birth,26.0446272574833,26.284531248470486,0.2399039909871874,44.44444444444444,2.557952217403577,1.5993599399145826
search,polish_1_joint,task_004,task_001,share_first_births_age30plus,0.260327401666964,0.23962147517468918,-0.020705926492274818,10000.0,4.2873539190348815,-2.070592649227482
search,polish_1_joint,task_004,task_001,housing_increment_0to1,0.7202462623815278,0.4854809031968381,-0.23476535918468966,137.5652749002964,7.581879018922924,-2.7535212036450574
search,polish_1_joint,task_004,task_001,prime30_55_parent_3plus_minus_1to2_mean_rooms,0.36769955881,0.3522848803002452,-0.015414678509754809,2958.514988007638,0.7029795909997582,-0.8384387819034602
search,polish_1_joint,task_004,task_001,own_family_gap,0.16766167,0.16135884480611745,-0.006302825193882561,14229.590955975675,0.5652791156711261,-0.7518504609768661
search,polish_1_joint,task_004,task_001,own_rate,0.575472,0.6258930783689597,0.050421078368959704,1207.8460856134493,3.0706891595592833,1.7523381978257746
search,polish_1_joint,task_004,task_001,aggregate_mean_occupied_rooms_18_85,5.779970481941968,6.351454875966732,0.5714843940247647,11.973159013172177,3.910366835039221,1.977464749379675
search,polish_1_joint,task_004,task_001,aggregate_wealth_to_annual_gross_labor_earnings,6.8731,7.096739602591075,0.22363960259107518,6.287669427540395,0.3144757231014385,0.5607813505292758
search,polish_1_joint,task_004,task_001,annual_bequest_flow_to_aggregate_wealth,0.0088,0.008557675456944695,-0.00024232454305530594,5165289.256198346,0.30331190168885747,-0.5507375978529679
search,polish_1_joint,task_004,task_001,old_total_wealth_to_annual_income_p90_p50_7684,3.44811075444552,3.174092540986047,-0.2740182134594731,56.95977216091135,4.276880387754865,-2.0680619883733815
search,polish_1_joint,task_005,task_001,tfr,1.918,1.9239678446554764,0.005967844655476506,1425.7389910084596,0.05077793630072733,0.22533960215800358
search,polish_1_joint,task_005,task_001,childless_rate,0.188,0.18876227328222317,0.0007622732822231693,17180.743822072007,0.009983052571341564,0.09991522692433603
search,polish_1_joint,task_005,task_001,mean_age_first_birth,26.0446272574833,26.35185002228479,0.3072227648014909,44.44444444444444,4.194925653878765,2.048151765343273
search,polish_1_joint,task_005,task_001,share_first_births_age30plus,0.260327401666964,0.24332922451994393,-0.016998177147020066,10000.0,2.8893802632147523,-1.6998177147020066
search,polish_1_joint,task_005,task_001,housing_increment_0to1,0.7202462623815278,0.5089957284388005,-0.2112505339427273,137.5652749002964,6.139096371667709,-2.477719994605466
search,polish_1_joint,task_005,task_001,prime30_55_parent_3plus_minus_1to2_mean_rooms,0.36769955881,0.3668144786568215,-0.000885080153178508,2958.514988007638,0.002317602648341872,-0.04814148573052012
search,polish_1_joint,task_005,task_001,own_family_gap,0.16766167,0.17386537396306023,0.00620370396306022,14229.590955975675,0.5476392244711956,0.7400265025464937
search,polish_1_joint,task_005,task_001,own_rate,0.575472,0.5622308001231231,-0.013241199876876886,1207.8460856134493,0.21177089829564943,-0.46018572152517884
search,polish_1_joint,task_005,task_001,aggregate_mean_occupied_rooms_18_85,5.779970481941968,6.347192744529118,0.5672222625871504,11.973159013172177,3.8522572935962867,1.9627168144172726
search,polish_1_joint,task_005,task_001,aggregate_wealth_to_annual_gross_labor_earnings,6.8731,7.044774573814205,0.17167457381420537,6.287669427540395,0.18531119495830176,0.4304778681399333
search,polish_1_joint,task_005,task_001,annual_bequest_flow_to_aggregate_wealth,0.0088,0.00850646935419563,-0.00029353064580437023,5165289.256198346,0.4450425621194764,-0.6671151041008414
search,polish_1_joint,task_005,task_001,old_total_wealth_to_annual_income_p90_p50_7684,3.44811075444552,3.298414878707853,-0.14969587573766718,56.95977216091135,1.2764032873117603,-1.1297801942465446
search,polish_1_joint,task_006,task_001,tfr,1.918,1.9245271306297969,0.006527130629796929,1425.7389910084596,0.06074137737311387,0.24645765837789232
search,polish_1_joint,task_006,task_001,childless_rate,0.188,0.18833141742716045,0.0003314174271604464,17180.743822072007,0.001887090138985699,0.04344065076613953
search,polish_1_joint,task_006,task_001,mean_age_first_birth,26.0446272574833,26.342322150078672,0.2976948925953735,44.44444444444444,3.9387666256609317,1.98463261730249
search,polish_1_joint,task_006,task_001,share_first_births_age30plus,0.260327401666964,0.24279357754868744,-0.01753382411827656,10000.0,3.0743498821065676,-1.753382411827656
search,polish_1_joint,task_006,task_001,housing_increment_0to1,0.7202462623815278,0.5038162519527463,-0.21643001042878152,137.5652749002964,6.443825648030542,-2.5384691544374816
search,polish_1_joint,task_006,task_001,prime30_55_parent_3plus_minus_1to2_mean_rooms,0.36769955881,0.3649334676962548,-0.002766091113745206,2958.514988007638,0.022636367533708724,-0.15045387178038563
search,polish_1_joint,task_006,task_001,own_family_gap,0.16766167,0.17242904444483664,0.004767374444836631,14229.590955975675,0.3234081382593645,0.5686898436400676
search,polish_1_joint,task_006,task_001,own_rate,0.575472,0.5731218354007648,-0.002350164599235205,1207.8460856134493,0.0066712644500714425,-0.08167780879817628
search,polish_1_joint,task_006,task_001,aggregate_mean_occupied_rooms_18_85,5.779970481941968,6.34780382949736,0.5678333475553927,11.973159013172177,3.860562061331622,1.9648313060748044
search,polish_1_joint,task_006,task_001,aggregate_wealth_to_annual_gross_labor_earnings,6.8731,7.05243876504513,0.1793387650451299,6.287669427540395,0.20222649296882822,0.4496960006146688
search,polish_1_joint,task_006,task_001,annual_bequest_flow_to_aggregate_wealth,0.0088,0.008512950946810446,-0.0002870490531895545,5165289.256198346,0.4256051597986552,-0.6523842117944418
search,polish_1_joint,task_006,task_001,old_total_wealth_to_annual_income_p90_p50_7684,3.44811075444552,3.297917055209009,-0.15019369923651116,56.95977216091135,1.2849069300304774,-1.133537352728386
search,polish_1_joint,task_007,task_001,tfr,1.918,1.9256439062922603,0.007643906292260416,1425.7389910084596,0.08330493608176995,0.28862594492139815
search,polish_1_joint,task_007,task_001,childless_rate,0.188,0.18746776624426068,-0.0005322337557393253,17180.743822072007,0.004866836905996583,-0.06976271859665865
search,polish_1_joint,task_007,task_001,mean_age_first_birth,26.0446272574833,26.3232108612443,0.27858360376099967,44.44444444444444,3.449281079309585,1.8572240250733312
search,polish_1_joint,task_007,task_001,share_first_births_age30plus,0.260327401666964,0.24171850402267936,-0.01860889764428464,10000.0,3.462910715354624,-1.8608897644284639
search,polish_1_joint,task_007,task_001,housing_increment_0to1,0.7202462623815278,0.4970605872162386,-0.2231856751652892,137.5652749002964,6.8523802331156265,-2.6177051463286745
search,polish_1_joint,task_007,task_001,prime30_55_parent_3plus_minus_1to2_mean_rooms,0.36769955881,0.36079985000440296,-0.006899708805597038,2958.514988007638,0.1408430100884314,-0.37529056754524404
search,polish_1_joint,task_007,task_001,own_family_gap,0.16766167,0.16918693001090024,0.0015252600109002257,14229.590955975675,0.033103977967692565,0.1819449861020978
search,polish_1_joint,task_007,task_001,own_rate,0.575472,0.5930059381718005,0.01753393817180049,1207.8460856134493,0.37133897799431603,0.6093758921998113
search,polish_1_joint,task_007,task_001,aggregate_mean_occupied_rooms_18_85,5.779970481941968,6.348642673528801,0.5686721915868329,11.973159013172177,3.8719766831114875,1.9677338954013797
search,polish_1_joint,task_007,task_001,aggregate_wealth_to_annual_gross_labor_earnings,6.8731,7.06772058544324,0.19462058544324012,6.287669427540395,0.23815913813575593,0.4880155101385159
search,polish_1_joint,task_007,task_001,annual_bequest_flow_to_aggregate_wealth,0.0088,0.008526050303857726,-0.0002739496961422748,5165289.256198346,0.3876468802502307,-0.6226129457778972
search,polish_1_joint,task_007,task_001,old_total_wealth_to_annual_income_p90_p50_7684,3.44811075444552,3.2967911444581217,-0.15131960998739835,56.95977216091135,1.3042434669555483,-1.1420347923577234
search,polish_1_joint,task_008,task_001,tfr,1.918,1.9278505383605664,0.009850538360566485,1425.7389910084596,0.13834388263286515,0.3719460748991245
search,polish_1_joint,task_008,task_001,childless_rate,0.188,0.1857469749805547,-0.0022530250194452983,17180.743822072007,0.08721154719446375,-0.29531601242476463
search,polish_1_joint,task_008,task_001,mean_age_first_birth,26.0446272574833,26.284904958664132,0.24027770118083325,44.44444444444444,2.565927719322035,1.6018513412055548
search,polish_1_joint,task_008,task_001,share_first_births_age30plus,0.260327401666964,0.23956348978245728,-0.020763911884506714,10000.0,4.311400367475591,-2.076391188450671
search,polish_1_joint,task_008,task_001,housing_increment_0to1,0.7202462623815278,0.4800543605343641,-0.24019190184716366,137.5652749002964,7.936436434852055,-2.817168158781448
search,polish_1_joint,task_008,task_001,prime30_55_parent_3plus_minus_1to2_mean_rooms,0.36769955881,0.3541188808069986,-0.01358067800300139,2958.514988007638,0.5456531645506536,-0.7386833994010246
search,polish_1_joint,task_008,task_001,own_family_gap,0.16766167,0.160715544518178,-0.006946125481822024,14229.590955975675,0.6865586847214301,-0.8285883686858211
search,polish_1_joint,task_008,task_001,own_rate,0.575472,0.6260185166503247,0.050546516650324724,1207.8460856134493,3.0859867737266256,1.7566976899075792
search,polish_1_joint,task_008,task_001,aggregate_mean_occupied_rooms_18_85,5.779970481941968,6.349534130758406,0.5695636488164384,11.973159013172177,3.884125710696057,1.9708185382464964
search,polish_1_joint,task_008,task_001,aggregate_wealth_to_annual_gross_labor_earnings,6.8731,7.095266343939192,0.22216634393919232,6.287669427540395,0.31034606061984543,0.5570871212116157
search,polish_1_joint,task_008,task_001,annual_bequest_flow_to_aggregate_wealth,0.0088,0.008553406775759206,-0.00024659322424079415,5165289.256198346,0.3140920363712323,-0.5604391460018048
search,polish_1_joint,task_008,task_001,old_total_wealth_to_annual_income_p90_p50_7684,3.44811075444552,3.1763020304640563,-0.2718087239814637,56.95977216091135,4.208186966603433,-2.0513865960865187
search,polish_1_joint,task_009,task_001,tfr,1.918,1.9244599498142256,0.006459949814225707,1425.7389910084596,0.059497444831307096,0.24392098071159662
search,polish_1_joint,task_009,task_001,childless_rate,0.188,0.18884086377344678,0.0008408637734467761,17180.743822072007,0.012147677313605184,0.11021650200221918
search,polish_1_joint,task_009,task_001,mean_age_first_birth,26.0446272574833,26.351810838383123,0.30718358089982445,44.44444444444444,4.193855661086177,2.0478905393321627
search,polish_1_joint,task_009,task_001,share_first_births_age30plus,0.260327401666964,0.24333701769260999,-0.016990383974354012,10000.0,2.8867314759598566,-1.6990383974354013
search,polish_1_joint,task_009,task_001,housing_increment_0to1,0.7202462623815278,0.5097145071100257,-0.21053175527150203,137.5652749002964,6.097390966808518,-2.4692895672254638
search,polish_1_joint,task_009,task_001,prime30_55_parent_3plus_minus_1to2_mean_rooms,0.36769955881,0.36656707384085596,-0.001132484969144032,2958.514988007638,0.0037943611669425947,-0.061598386074170765
search,polish_1_joint,task_009,task_001,own_family_gap,0.16766167,0.17392774005402056,0.0062660700540205505,14229.590955975675,0.5587054501537099,0.7474660193973435
search,polish_1_joint,task_009,task_001,own_rate,0.575472,0.5622070929010919,-0.013264907098908041,1207.8460856134493,0.21252989206319242,-0.46100964421928575
search,polish_1_joint,task_009,task_001,aggregate_mean_occupied_rooms_18_85,5.779970481941968,6.347481504683255,0.5675110227412876,11.973159013172177,3.856180487824495,1.9637159896035106
search,polish_1_joint,task_009,task_001,aggregate_wealth_to_annual_gross_labor_earnings,6.8731,7.044716077475452,0.17161607747545204,6.287669427540395,0.18518493072032272,0.4303311872503813
search,polish_1_joint,task_009,task_001,annual_bequest_flow_to_aggregate_wealth,0.0088,0.008506428957565412,-0.00029357104243458824,5165289.256198346,0.4451650669221632,-0.6672069146240641
search,polish_1_joint,task_009,task_001,old_total_wealth_to_annual_income_p90_p50_7684,3.44811075444552,3.2983792412728974,-0.14973151317262268,56.95977216091135,1.277011095021048,-1.1300491560197936
search,polish_1_joint,task_010,task_001,tfr,1.918,1.9255095200286632,0.00750952002866323,1425.7389910084596,0.08040154360120928,0.283551659492956
search,polish_1_joint,task_010,task_001,childless_rate,0.188,0.18848800973429708,0.00048800973429707906,17180.743822072007,0.004091654287036762,0.06396604010751926
search,polish_1_joint,task_010,task_001,mean_age_first_birth,26.0446272574833,26.342226395771398,0.29759913828809914,44.44444444444444,3.936233204880851,1.9839942552539942
search,polish_1_joint,task_010,task_001,share_first_births_age30plus,0.260327401666964,0.24280785369858934,-0.017519547968374655,10000.0,3.069345610161805,-1.7519547968374654
search,polish_1_joint,task_010,task_001,housing_increment_0to1,0.7202462623815278,0.5052332850788082,-0.21501297730271962,137.5652749002964,6.35972250270654,-2.521849024566407
search,polish_1_joint,task_010,task_001,prime30_55_parent_3plus_minus_1to2_mean_rooms,0.36769955881,0.3644173125331198,-0.003282246276880174,2958.514988007638,0.03187249799837833,-0.17852870356998152
search,polish_1_joint,task_010,task_001,own_family_gap,0.16766167,0.17255935814822043,0.004897688148220419,14229.590955975675,0.34133016719457443,0.5842346850321148
search,polish_1_joint,task_010,task_001,own_rate,0.575472,0.5730779019393176,-0.002394098060682359,1207.8460856134493,0.006923018081249304,-0.08320467583765533
search,polish_1_joint,task_010,task_001,aggregate_mean_occupied_rooms_18_85,5.779970481941968,6.348342427652229,0.5683719457102612,11.973159013172177,3.8678891326670604,1.9666949770279734
search,polish_1_joint,task_010,task_001,aggregate_wealth_to_annual_gross_labor_earnings,6.8731,7.052265238775079,0.17916523877507906,6.287669427540395,0.20183533791778482,0.44926087957642696
search,polish_1_joint,task_010,task_001,annual_bequest_flow_to_aggregate_wealth,0.0088,0.008512826527802442,-0.0002871734721975588,5165289.256198346,0.4259741897417461,-0.652666982267179
search,polish_1_joint,task_010,task_001,old_total_wealth_to_annual_income_p90_p50_7684,3.44811075444552,3.2978467342455398,-0.1502640201999803,56.95977216091135,1.2861104032273456,-1.1340680769809834
search,polish_1_joint,task_011,task_001,tfr,1.918,1.9275919551160703,0.009591955116070361,1425.7389910084596,0.13117597551521643,0.3621822407507254
search,polish_1_joint,task_011,task_001,childless_rate,0.188,0.18778101497539143,-0.00021898502460857006,17180.743822072007,0.0008238929660000481,-0.028703535775232433
search,polish_1_joint,task_011,task_001,mean_age_first_birth,26.0446272574833,26.323044529538347,0.27841727205504796,44.44444444444444,3.4451634390477595,1.856115147033653
search,polish_1_joint,task_011,task_001,share_first_births_age30plus,0.260327401666964,0.241748757934479,-0.018578643732484995,10000.0,3.4516600293860398,-1.8578643732484994
search,polish_1_joint,task_011,task_001,housing_increment_0to1,0.7202462623815278,0.49982863000077415,-0.22041763238075363,137.5652749002964,6.683462052707015,-2.585239264112128
search,polish_1_joint,task_011,task_001,prime30_55_parent_3plus_minus_1to2_mean_rooms,0.36769955881,0.3598183303651119,-0.007881228444888089,2958.514988007638,0.18376449524835436,-0.42867761225465734
search,polish_1_joint,task_011,task_001,own_family_gap,0.16766167,0.1694714502800035,0.0018097802800034757,14229.590955975675,0.046606245594887206,0.21588479704436625
search,polish_1_joint,task_011,task_001,own_rate,0.575472,0.5929102168885557,0.017438216888555735,1207.8460856134493,0.36729561712623454,0.6060491870518717
search,polish_1_joint,task_011,task_001,aggregate_mean_occupied_rooms_18_85,5.779970481941968,6.349759029266398,0.5697885473244302,11.973159013172177,3.8871936963067997,1.9715967377500907
search,polish_1_joint,task_011,task_001,aggregate_wealth_to_annual_gross_labor_earnings,6.8731,7.067393816519219,0.1942938165192194,6.287669427540395,0.23736006878209914,0.48719612968710985
search,polish_1_joint,task_011,task_001,annual_bequest_flow_to_aggregate_wealth,0.0088,0.008525824590180524,-0.00027417540981947673,5165289.256198346,0.38828592639296483,-0.6231259314079015
search,polish_1_joint,task_011,task_001,old_total_wealth_to_annual_income_p90_p50_7684,3.44811075444552,3.2966503099743454,-0.15146044447117468,56.95977216091135,1.3066723383072003,-1.143097694122073
search,polish_1_joint,task_012,task_001,tfr,1.918,1.931678784036811,0.013678784036811109,1425.7389910084596,0.2667687861008337,0.5164966467469404
search,polish_1_joint,task_012,task_001,childless_rate,0.188,0.18637648001906465,-0.0016235199809353507,17180.743822072007,0.04528529884652475,-0.21280342771328836
search,polish_1_joint,task_012,task_001,mean_age_first_birth,26.0446272574833,26.284544888017095,0.239917630533796,44.44444444444444,2.5582430862644907,1.5994508702253067
search,polish_1_joint,task_012,task_001,share_first_births_age30plus,0.260327401666964,0.2396223198641909,-0.020705081802773084,10000.0,4.287004124595251,-2.0705081802773084
search,polish_1_joint,task_012,task_001,housing_increment_0to1,0.7202462623815278,0.4854454865094695,-0.23480077587205828,137.5652749002964,7.58416679506373,-2.7539365996812144
search,polish_1_joint,task_012,task_001,prime30_55_parent_3plus_minus_1to2_mean_rooms,0.36769955881,0.3522708733609248,-0.015428685449075219,2958.514988007638,0.7042577319803326,-0.8392006506076676
search,polish_1_joint,task_012,task_001,own_family_gap,0.16766167,0.16135998711100247,-0.006301682888997545,14229.590955975675,0.5650742353004661,-0.7517141978840536
search,polish_1_joint,task_012,task_001,own_rate,0.575472,0.625818913373569,0.050346913373569,1207.8460856134493,3.0616623729990486,1.7497606616331984
search,polish_1_joint,task_012,task_001,aggregate_mean_occupied_rooms_18_85,5.779970481941968,6.351553867583775,0.5715833856418069,11.973159013172177,3.911721647405541,1.9778072826758277
search,polish_1_joint,task_012,task_001,aggregate_wealth_to_annual_gross_labor_earnings,6.8731,7.095407559031548,0.22230755903154797,6.287669427540395,0.31074071514043883,0.5574412212425978
search,polish_1_joint,task_012,task_001,annual_bequest_flow_to_aggregate_wealth,0.0088,0.008553436002758626,-0.00024656399724137454,5165289.256198346,0.31401758644444494,-0.5603727210031239
search,polish_1_joint,task_012,task_001,old_total_wealth_to_annual_income_p90_p50_7684,3.44811075444552,3.1750006215500264,-0.2731101328954937,56.95977216091135,4.248580687230713,-2.061208550154669
search,polish_2_coordinates,task_001,task_001,tfr,1.918,1.9255829764135692,0.007582976413569309,1425.7389910084596,0.0819821752010616,0.2863252961249872
search,polish_2_coordinates,task_001,task_001,childless_rate,0.188,0.18849729450171862,0.0004972945017186203,17180.743822072007,0.004248829240885062,0.06518304412103704
search,polish_2_coordinates,task_001,task_001,mean_age_first_birth,26.0446272574833,26.342704301910054,0.29807704442675487,44.44444444444444,3.9488855295195373,1.9871802961783658
search,polish_2_coordinates,task_001,task_001,share_first_births_age30plus,0.260327401666964,0.24284224634850743,-0.01748515531845657,10000.0,3.0573065651055003,-1.748515531845657
search,polish_2_coordinates,task_001,task_001,housing_increment_0to1,0.7202462623815278,0.5050402704057104,-0.21520599197581736,137.5652749002964,6.371145726927075,-2.5241128593878437
search,polish_2_coordinates,task_001,task_001,prime30_55_parent_3plus_minus_1to2_mean_rooms,0.36769955881,0.36426972625740195,-0.0034298325525980444,2958.514988007638,0.03480323465121583,-0.1865562506356081
search,polish_2_coordinates,task_001,task_001,own_family_gap,0.16766167,0.17233865140378996,0.004676981403789943,14229.590955975675,0.3112602788889675,0.5579070521950475
search,polish_2_coordinates,task_001,task_001,own_rate,0.575472,0.5729284780454688,-0.002543521954531225,1207.8460856134493,0.007814165001555106,-0.08839776581766706
search,polish_2_coordinates,task_001,task_001,aggregate_mean_occupied_rooms_18_85,5.779970481941968,6.348099060814562,0.568128578872594,11.973159013172177,3.864577518058605,1.965852872943091
search,polish_2_coordinates,task_001,task_001,aggregate_wealth_to_annual_gross_labor_earnings,6.8731,7.048160599249048,0.17506059924904793,6.287669427540395,0.19269325912438773,0.4389684033326177
search,polish_2_coordinates,task_001,task_001,annual_bequest_flow_to_aggregate_wealth,0.0088,0.008514700608961761,-0.00028529939103823926,5165289.256198346,0.42043255437391597,-0.6484077069050891
search,polish_2_coordinates,task_001,task_001,old_total_wealth_to_annual_income_p90_p50_7684,3.44811075444552,3.2977107300759405,-0.15040002436957955,56.95977216091135,1.2884395773795725,-1.1350945235439964
search,polish_2_coordinates,task_002,task_001,tfr,1.918,1.9254419087869767,0.007441908786976814,1425.7389910084596,0.07896028591575326,0.2809987293845886
search,polish_2_coordinates,task_002,task_001,childless_rate,0.188,0.1884760357052981,0.00047603570529811123,17180.743822072007,0.0038933282324210756,0.06239654022797318
search,polish_2_coordinates,task_002,task_001,mean_age_first_birth,26.0446272574833,26.34177494443348,0.2971476869501828,44.44444444444444,3.924299904881948,1.9809845796678853
search,polish_2_coordinates,task_002,task_001,share_first_births_age30plus,0.260327401666964,0.24277509476922313,-0.01755230689774087,10000.0,3.080834774324818,-1.7552306897740872
search,polish_2_coordinates,task_002,task_001,housing_increment_0to1,0.7202462623815278,0.5055260493112161,-0.21472021307031164,137.5652749002964,6.342415345640477,-2.5184152448793027
search,polish_2_coordinates,task_002,task_001,prime30_55_parent_3plus_minus_1to2_mean_rooms,0.36769955881,0.36428669922059775,-0.0034128595894022395,2958.514988007638,0.0344596304664563,-0.1856330532703061
search,polish_2_coordinates,task_002,task_001,own_family_gap,0.16766167,0.17284992863160437,0.005188258631604353,14229.590955975675,0.383032522494027,0.6188962130228517
search,polish_2_coordinates,task_002,task_001,own_rate,0.575472,0.5732945474864868,-0.0021774525135132006,1207.8460856134493,0.0057267599797187,-0.07567535913174578
search,polish_2_coordinates,task_002,task_001,aggregate_mean_occupied_rooms_18_85,5.779970481941968,6.34859548461731,0.5686250026753426,11.973159013172177,3.8713341098089873,1.9675706111367357
search,polish_2_coordinates,task_002,task_001,aggregate_wealth_to_annual_gross_labor_earnings,6.8731,7.05766934709916,0.18456934709915984,6.287669427540395,0.2141947651417778,0.46281180315737175
search,polish_2_coordinates,task_002,task_001,annual_bequest_flow_to_aggregate_wealth,0.0088,0.008512861793350498,-0.00028713820664950235,5165289.256198346,0.42586957498911304,-0.6525868332943234
search,polish_2_coordinates,task_002,task_001,old_total_wealth_to_annual_income_p90_p50_7684,3.44811075444552,3.2978232170144905,-0.15028753743102952,56.95977216091135,1.2865130028954415,-1.134245565517204
search,polish_2_coordinates,task_003,task_001,tfr,1.918,1.925110730228941,0.007110730228941042,1425.7389910084596,0.07208890547533439,0.26849377176265077
search,polish_2_coordinates,task_003,task_001,childless_rate,0.188,0.18893549426982154,0.0009354942698215352,17180.743822072007,0.01503571986150405,0.12262022615174077
search,polish_2_coordinates,task_003,task_001,mean_age_first_birth,26.0446272574833,26.31372834155108,0.2691010840677812,44.44444444444444,3.2184619309535574,1.7940072271185412
search,polish_2_coordinates,task_003,task_001,share_first_births_age30plus,0.260327401666964,0.2410368924124404,-0.019290509254523608,10000.0,3.7212374729886095,-1.9290509254523607
search,polish_2_coordinates,task_003,task_001,housing_increment_0to1,0.7202462623815278,0.5049091653867261,-0.21533709699480164,137.5652749002964,6.37891078593738,-2.5256505668713123
search,polish_2_coordinates,task_003,task_001,prime30_55_parent_3plus_minus_1to2_mean_rooms,0.36769955881,0.36372427748255376,-0.003975281327446234,2958.514988007638,0.046753002992696704,-0.21622442737280334
search,polish_2_coordinates,task_003,task_001,own_family_gap,0.16766167,0.17375590811592606,0.006094238115926048,14229.590955975675,0.5284832829916303,0.7269685570859514
search,polish_2_coordinates,task_003,task_001,own_rate,0.575472,0.5730774991479173,-0.002394500852082704,1207.8460856134493,0.006925347782584048,-0.08321867448225817
search,polish_2_coordinates,task_003,task_001,aggregate_mean_occupied_rooms_18_85,5.779970481941968,6.348060026726418,0.5680895447844501,11.973159013172177,3.8640464936289347,1.9657178062043734
search,polish_2_coordinates,task_003,task_001,aggregate_wealth_to_annual_gross_labor_earnings,6.8731,7.051963061217613,0.17886306121761297,6.287669427540395,0.20115508680087132,0.4485031625316273
search,polish_2_coordinates,task_003,task_001,annual_bequest_flow_to_aggregate_wealth,0.0088,0.008514512959459456,-0.0002854870405405441,5165289.256198346,0.4209857970898669,-0.6488341830466909
search,polish_2_coordinates,task_003,task_001,old_total_wealth_to_annual_income_p90_p50_7684,3.44811075444552,3.2978619196237435,-0.15024883482177653,56.95977216091135,1.2858504729256808,-1.1339534703530303
search,polish_2_coordinates,task_004,task_001,tfr,1.918,1.9259068197244749,0.007906819724474934,1425.7389910084596,0.08913406246207335,0.29855328245067636
search,polish_2_coordinates,task_004,task_001,childless_rate,0.188,0.18804588561107521,4.588561107521372e-05,17180.743822072007,3.617387234776893e-05,0.006014471909300843
search,polish_2_coordinates,task_004,task_001,mean_age_first_birth,26.0446272574833,26.37058830648495,0.325961049001652,44.44444444444444,4.722249131833662,2.1730736600110134
search,polish_2_coordinates,task_004,task_001,share_first_births_age30plus,0.260327401666964,0.2445711974572632,-0.015756204209700808,10000.0,2.4825797109779346,-1.5756204209700808
search,polish_2_coordinates,task_004,task_001,housing_increment_0to1,0.7202462623815278,0.5055838446478544,-0.21466241773367334,137.5652749002964,6.339001482625157,-2.5177373736403004
search,polish_2_coordinates,task_004,task_001,prime30_55_parent_3plus_minus_1to2_mean_rooms,0.36769955881,0.3651119156192246,-0.0025876431907753683,2958.514988007638,0.01980991246922321,-0.14074769081311142
search,polish_2_coordinates,task_004,task_001,own_family_gap,0.16766167,0.1713627136144299,0.003701043614429883,14229.590955975675,0.19491300721294885,0.44148953239340666
search,polish_2_coordinates,task_004,task_001,own_rate,0.575472,0.5730824340243559,-0.0023895659756441034,1207.8460856134493,0.006896832011682777,-0.08304716739108431
search,polish_2_coordinates,task_004,task_001,aggregate_mean_occupied_rooms_18_85,5.779970481941968,6.348466182463221,0.568495700521253,11.973159013172177,3.869573670420562,1.9671231965539326
search,polish_2_coordinates,task_004,task_001,aggregate_wealth_to_annual_gross_labor_earnings,6.8731,7.053558088169153,0.18045808816915265,6.287669427540395,0.20475871939832585,0.45250272860870777
search,polish_2_coordinates,task_004,task_001,annual_bequest_flow_to_aggregate_wealth,0.0088,0.008513229261350836,-0.00028677073864916483,5165289.256198346,0.42478025075096887,-0.6517516787481018
search,polish_2_coordinates,task_004,task_001,old_total_wealth_to_annual_income_p90_p50_7684,3.44811075444552,3.297680248974406,-0.15043050547111392,56.95977216091135,1.2889618783222403,-1.1353245695933125
search,polish_2_coordinates,task_005,task_001,tfr,1.918,1.9244123391728227,0.006412339172822801,1425.7389910084596,0.05862366937743301,0.24212325245096353
search,polish_2_coordinates,task_005,task_001,childless_rate,0.188,0.18935259655140135,0.0013525965514013527,17180.743822072007,0.03143247029766966,0.1772920480384545
search,polish_2_coordinates,task_005,task_001,mean_age_first_birth,26.0446272574833,26.361371883466926,0.3167446259836275,44.44444444444444,4.458984803978137,2.11163083989085
search,polish_2_coordinates,task_005,task_001,share_first_births_age30plus,0.260327401666964,0.24388459202069362,-0.016442809646270373,10000.0,2.7036598906348206,-1.6442809646270373
search,polish_2_coordinates,task_005,task_001,housing_increment_0to1,0.7202462623815278,0.5052337217542773,-0.2150125406272505,137.5652749002964,6.359696670479834,-2.5218439028773836
search,polish_2_coordinates,task_005,task_001,prime30_55_parent_3plus_minus_1to2_mean_rooms,0.36769955881,0.36517906462363214,-0.00252049418636785,2958.514988007638,0.018795123073564533,-0.1370953065336831
search,polish_2_coordinates,task_005,task_001,own_family_gap,0.16766167,0.17270214478176787,0.005040474781767862,14229.590955975675,0.36152248081444205,0.6012673954360422
search,polish_2_coordinates,task_005,task_001,own_rate,0.575472,0.5731659979517288,-0.0023060020482711385,1207.8460856134493,0.006422897237393056,-0.08014297996326974
search,polish_2_coordinates,task_005,task_001,aggregate_mean_occupied_rooms_18_85,5.779970481941968,6.348240887909766,0.5682704059677981,11.973159013172177,3.8665072580427458,1.9663436266438137
search,polish_2_coordinates,task_005,task_001,aggregate_wealth_to_annual_gross_labor_earnings,6.8731,7.053510760081291,0.18041076008129142,6.287669427540395,0.20465133082993522,0.4523840523603095
search,polish_2_coordinates,task_005,task_001,annual_bequest_flow_to_aggregate_wealth,0.0088,0.00851338100363733,-0.0002866189963626701,5165289.256198346,0.42433083200384436,-0.6514068099151592
search,polish_2_coordinates,task_005,task_001,old_total_wealth_to_annual_income_p90_p50_7684,3.44811075444552,3.2976959467488594,-0.1504148076966607,56.95977216091135,1.288692879995638,-1.1352060958238543
search,polish_2_coordinates,task_006,task_001,tfr,1.918,1.9266004246405075,0.008600424640507587,1425.7389910084596,0.10545806936837016,0.3247430820947078
search,polish_2_coordinates,task_006,task_001,childless_rate,0.188,0.18762441245303532,-0.00037558754696467855,17180.743822072007,0.0024236189013808005,-0.04923026407994172
search,polish_2_coordinates,task_006,task_001,mean_age_first_birth,26.0446272574833,26.323042209193787,0.2784149517104879,44.44444444444444,3.445106014931258,1.8560996780699193
search,polish_2_coordinates,task_006,task_001,share_first_births_age30plus,0.260327401666964,0.2417295162876641,-0.018597885379299905,10000.0,3.458813405815772,-1.8597885379299905
search,polish_2_coordinates,task_006,task_001,housing_increment_0to1,0.7202462623815278,0.5053295438766119,-0.2149167185049159,137.5652749002964,6.354029430433354,-2.520720022222491
search,polish_2_coordinates,task_006,task_001,prime30_55_parent_3plus_minus_1to2_mean_rooms,0.36769955881,0.3634298258160378,-0.004269732993962216,2958.514988007638,0.05393556203650928,-0.2322403109636854
search,polish_2_coordinates,task_006,task_001,own_family_gap,0.16766167,0.17249645415976844,0.004834784159768429,14229.590955975675,0.3326186504516599,0.5767310035464193
search,polish_2_coordinates,task_006,task_001,own_rate,0.575472,0.573060181660416,-0.0024118183395840376,1207.8460856134493,0.007025880885785738,-0.08382052783051261
search,polish_2_coordinates,task_006,task_001,aggregate_mean_occupied_rooms_18_85,5.779970481941968,6.348406196075066,0.5684357141330985,11.973159013172177,3.868757096077111,1.9669156301369692
search,polish_2_coordinates,task_006,task_001,aggregate_wealth_to_annual_gross_labor_earnings,6.8731,7.052129351550194,0.17902935155019417,6.287669427540395,0.20152929146317472,0.44892013929336555
search,polish_2_coordinates,task_006,task_001,annual_bequest_flow_to_aggregate_wealth,0.0088,0.008514355347997162,-0.0002856446520028387,5165289.256198346,0.4214507604226384,-0.6491923909155424
search,polish_2_coordinates,task_006,task_001,old_total_wealth_to_annual_income_p90_p50_7684,3.44811075444552,3.297845163308646,-0.1502655911368742,56.95977216091135,1.2861372946793448,-1.1340799331084845
search,polish_2_coordinates,task_007,task_001,tfr,1.918,1.9254905096577029,0.007490509657702926,1425.7389910084596,0.07999498538992054,0.2828338476737191
search,polish_2_coordinates,task_007,task_001,childless_rate,0.188,0.18848739931529013,0.0004873993152901268,17180.743822072007,0.004081424730880606,0.06388602923081545
search,polish_2_coordinates,task_007,task_001,mean_age_first_birth,26.0446272574833,26.34213682122368,0.2975095637403804,44.44444444444444,3.933864022977399,1.983397091602536
search,polish_2_coordinates,task_007,task_001,share_first_births_age30plus,0.260327401666964,0.24280405211582617,-0.017523349551137823,10000.0,3.0706777949136215,-1.7523349551137823
search,polish_2_coordinates,task_007,task_001,housing_increment_0to1,0.7202462623815278,0.5156455466467111,-0.20460071573481664,137.5652749002964,5.758682273052849,-2.399725457849887
search,polish_2_coordinates,task_007,task_001,prime30_55_parent_3plus_minus_1to2_mean_rooms,0.36769955881,0.3672091443025929,-0.0004904145074071109,2958.514988007638,0.0007115417567910468,-0.026674740051049174
search,polish_2_coordinates,task_007,task_001,own_family_gap,0.16766167,0.1751469843966053,0.007485314396605297,14229.590955975675,0.7972830081873465,0.8929070546184225
search,polish_2_coordinates,task_007,task_001,own_rate,0.575472,0.5507459092421031,-0.02472609075789689,1207.8460856134493,0.7384524134040783,-0.8593325394770515
search,polish_2_coordinates,task_007,task_001,aggregate_mean_occupied_rooms_18_85,5.779970481941968,6.346872708468679,0.566902226526711,11.973159013172177,3.8479115070180283,1.9616094175492806
search,polish_2_coordinates,task_007,task_001,aggregate_wealth_to_annual_gross_labor_earnings,6.8731,7.040925085035189,0.16782508503518923,6.287669427540395,0.17709383898352843,0.42082518815243036
search,polish_2_coordinates,task_007,task_001,annual_bequest_flow_to_aggregate_wealth,0.0088,0.008519204518281736,-0.0002807954817182646,5165289.256198346,0.40726292641215,-0.6381715493596921
search,polish_2_coordinates,task_007,task_001,old_total_wealth_to_annual_income_p90_p50_7684,3.44811075444552,3.2990460916341777,-0.14906466281134234,56.95977216091135,1.2656617272515023,-1.1250163231044705
search,polish_2_coordinates,task_008,task_001,tfr,1.918,1.9255274496758958,0.007527449675895914,1425.7389910084596,0.08078593361498171,0.2842286643091821
search,polish_2_coordinates,task_008,task_001,childless_rate,0.188,0.18848729236979794,0.00048729236979794255,17180.743822072007,0.0040796338293528425,0.06387201131444697
search,polish_2_coordinates,task_008,task_001,mean_age_first_birth,26.0446272574833,26.342337403328806,0.2977101458455067,44.44444444444444,3.9391702639712385,1.9847343056367113
search,polish_2_coordinates,task_008,task_001,share_first_births_age30plus,0.260327401666964,0.24281366486509326,-0.01751373680187074,10000.0,3.067309767652015,-1.7513736801870738
search,polish_2_coordinates,task_008,task_001,housing_increment_0to1,0.7202462623815278,0.4982784164387857,-0.2219678459427421,137.5652749002964,6.777803213326387,-2.6034214436633936
search,polish_2_coordinates,task_008,task_001,prime30_55_parent_3plus_minus_1to2_mean_rooms,0.36769955881,0.3612442900354935,-0.006455268774506473,2958.514988007638,0.1232827838705801,-0.3511164819124561
search,polish_2_coordinates,task_008,task_001,own_family_gap,0.16766167,0.1693459655381298,0.001684295538129793,14229.590955975675,0.04036723587530319,0.20091599208451077
search,polish_2_coordinates,task_008,task_001,own_rate,0.575472,0.5928799200092949,0.01740792000929492,1207.8460856134493,0.3660204587417687,0.6049962468823825
search,polish_2_coordinates,task_008,task_001,aggregate_mean_occupied_rooms_18_85,5.779970481941968,6.3494342843522285,0.5694638024102607,11.973159013172177,3.8827640296918604,1.9704730471873653
search,polish_2_coordinates,task_008,task_001,aggregate_wealth_to_annual_gross_labor_earnings,6.8731,7.063947852934104,0.19084785293410444,6.287669427540395,0.22901517346395733,0.47855529822995097
search,polish_2_coordinates,task_008,task_001,annual_bequest_flow_to_aggregate_wealth,0.0088,0.008508728409348786,-0.00029127159065121463,5165289.256198346,0.438218695870293,-0.6619808878436696
search,polish_2_coordinates,task_008,task_001,old_total_wealth_to_annual_income_p90_p50_7684,3.44811075444552,3.296675705978558,-0.1514350484669622,56.95977216091135,1.3062341846459915,-1.1429060261657524
search,polish_2_coordinates,task_009,task_001,tfr,1.918,1.925516966194024,0.007516966194023977,1425.7389910084596,0.08056106911090971,0.28383281894613543
search,polish_2_coordinates,task_009,task_001,childless_rate,0.188,0.1885176113124364,0.0005176113124364112,17180.743822072007,0.004603090153597153,0.06784607692119828
search,polish_2_coordinates,task_009,task_001,mean_age_first_birth,26.0446272574833,26.34243829461974,0.29781103713644086,44.44444444444444,3.9418406151236693,1.9854069142429391
search,polish_2_coordinates,task_009,task_001,share_first_births_age30plus,0.260327401666964,0.24281807649876355,-0.017509325168200446,10000.0,3.0657646784577754,-1.7509325168200445
search,polish_2_coordinates,task_009,task_001,housing_increment_0to1,0.7202462623815278,0.5065566663576728,-0.21368959602385496,137.5652749002964,6.281676637878603,-2.50632732057858
search,polish_2_coordinates,task_009,task_001,prime30_55_parent_3plus_minus_1to2_mean_rooms,0.36769955881,0.3648294830243479,-0.002870075785652071,2958.514988007638,0.02437027910426065,-0.15610983026145614
search,polish_2_coordinates,task_009,task_001,own_family_gap,0.16766167,0.17266679405902174,0.005005124059021732,14229.590955975675,0.3564692801503948,0.5970504837535892
search,polish_2_coordinates,task_009,task_001,own_rate,0.575472,0.572130838660754,-0.0033411613392460016,1207.8460856134493,0.013483619585038607,-0.11611898890809637
search,polish_2_coordinates,task_009,task_001,aggregate_mean_occupied_rooms_18_85,5.779970481941968,6.335767283500395,0.5557968015584276,11.973159013172177,3.698629563958601,1.9231821452890523
search,polish_2_coordinates,task_009,task_001,aggregate_wealth_to_annual_gross_labor_earnings,6.8731,7.052316295460645,0.17921629546064466,6.287669427540395,0.20195038826759296,0.4493889053677148
search,polish_2_coordinates,task_009,task_001,annual_bequest_flow_to_aggregate_wealth,0.0088,0.008512465550905549,-0.0002875344490944516,5165289.256198346,0.427045761446538,-0.6534873843055717
search,polish_2_coordinates,task_009,task_001,old_total_wealth_to_annual_income_p90_p50_7684,3.44811075444552,3.2914069926467135,-0.15670376179880652,56.95977216091135,1.3987080932372853,-1.182669900368351
search,polish_2_coordinates,task_010,task_001,tfr,1.918,1.9255031632747777,0.0075031632747777355,1425.7389910084596,0.08026548257345673,0.28331163508309487
search,polish_2_coordinates,task_010,task_001,childless_rate,0.188,0.18845780621611133,0.0004578062161113283,17180.743822072007,0.003600852506432892,0.06000710379974101
search,polish_2_coordinates,task_010,task_001,mean_age_first_birth,26.0446272574833,26.342027922801133,0.29740066531783427,44.44444444444444,3.930984699177354,1.982671102118895
search,polish_2_coordinates,task_010,task_001,share_first_births_age30plus,0.260327401666964,0.2427988253989105,-0.017528576268053486,10000.0,3.0725098598496787,-1.7528576268053486
search,polish_2_coordinates,task_010,task_001,housing_increment_0to1,0.7202462623815278,0.5040581703034421,-0.21618809207808565,137.5652749002964,6.429428306020246,-2.5356317370667703
search,polish_2_coordinates,task_010,task_001,prime30_55_parent_3plus_minus_1to2_mean_rooms,0.36769955881,0.36370629737792726,-0.003993261432072737,2958.514988007638,0.04717688491556744,-0.21720240540925748
search,polish_2_coordinates,task_010,task_001,own_family_gap,0.16766167,0.17254981986098916,0.004888149860989149,14229.590955975675,0.3400019752718131,0.583096883263676
search,polish_2_coordinates,task_010,task_001,own_rate,0.575472,0.5741098137400757,-0.0013621862599242363,1207.8460856134493,0.0022412205032689863,-0.047341530428039465
search,polish_2_coordinates,task_010,task_001,aggregate_mean_occupied_rooms_18_85,5.779970481941968,6.360840424238713,0.5808699422967454,11.973159013172177,4.039862263956479,2.009940860810705
search,polish_2_coordinates,task_010,task_001,aggregate_wealth_to_annual_gross_labor_earnings,6.8731,7.053371438353032,0.1802714383530324,6.287669427540395,0.2043353699882946,0.45203469998252854
search,polish_2_coordinates,task_010,task_001,annual_bequest_flow_to_aggregate_wealth,0.0088,0.008515567787632206,-0.0002844322123677946,5165289.256198346,0.4178805962419328,-0.6464368462904422
search,polish_2_coordinates,task_010,task_001,old_total_wealth_to_annual_income_p90_p50_7684,3.44811075444552,3.3035015855361363,-0.1446091689093838,56.95977216091135,1.19113203176434,-1.0913899540330851
search,polish_2_coordinates,task_011,task_001,tfr,1.918,1.925507955202642,0.007507955202642025,1425.7389910084596,0.08036803911129464,0.2834925732912498
search,polish_2_coordinates,task_011,task_001,childless_rate,0.188,0.18848820705628574,0.00048820705628574435,17180.743822072007,0.004094963797199686,0.06399190415356996
search,polish_2_coordinates,task_011,task_001,mean_age_first_birth,26.0446272574833,26.34225294892993,0.29762569144662976,44.44444444444444,3.936935653737087,1.984171276310865
search,polish_2_coordinates,task_011,task_001,share_first_births_age30plus,0.260327401666964,0.242809543835164,-0.017517857831799988,10000.0,3.0687534301515615,-1.7517857831799988
search,polish_2_coordinates,task_011,task_001,housing_increment_0to1,0.7202462623815278,0.5051237360978433,-0.21512252628368445,137.5652749002964,6.366204703107007,-2.5231339051082897
search,polish_2_coordinates,task_011,task_001,prime30_55_parent_3plus_minus_1to2_mean_rooms,0.36769955881,0.3643584438386078,-0.0033411149713921673,2958.514988007638,0.03302604852408957,-0.18173070330598948
search,polish_2_coordinates,task_011,task_001,own_family_gap,0.16766167,0.17252251422055465,0.004860844220554633,14229.590955975675,0.3362140222013145,0.5798396521464486
search,polish_2_coordinates,task_011,task_001,own_rate,0.575472,0.5729746437438842,-0.0024973562561158014,1207.8460856134493,0.007533080298671947,-0.08679331943572585
search,polish_2_coordinates,task_011,task_001,aggregate_mean_occupied_rooms_18_85,5.779970481941968,6.348653124979417,0.568682643037449,11.973159013172177,3.8721190081471093,1.9677700597750514
search,polish_2_coordinates,task_011,task_001,aggregate_wealth_to_annual_gross_labor_earnings,6.8731,7.048140847836086,0.17504084783608587,6.287669427540395,0.19264977990123686,0.43891887621887127
search,polish_2_coordinates,task_011,task_001,annual_bequest_flow_to_aggregate_wealth,0.0088,0.008496579126178275,-0.0003034208738217255,5165289.256198346,0.47553836090257967,-0.6895928950493759
search,polish_2_coordinates,task_011,task_001,old_total_wealth_to_annual_income_p90_p50_7684,3.44811075444552,3.297794805809631,-0.15031594863588893,56.95977216091135,1.2869994682410648,-1.134459989704822
search,polish_2_coordinates,task_012,task_001,tfr,1.918,1.9255092796044846,0.007509279604484664,1425.7389910084596,0.08039639542514462,0.28354258132623505
search,polish_2_coordinates,task_012,task_001,childless_rate,0.188,0.18848830270650774,0.0004883027065077372,17180.743822072007,0.004096568536667804,0.06400444153859797
search,polish_2_coordinates,task_012,task_001,mean_age_first_birth,26.0446272574833,26.34220264202984,0.29757538454654053,44.44444444444444,3.9356048661342875,1.9838358969769367
search,polish_2_coordinates,task_012,task_001,share_first_births_age30plus,0.260327401666964,0.24280643739829907,-0.017520964268664924,10000.0,3.06984188903833,-1.7520964268664925
search,polish_2_coordinates,task_012,task_001,housing_increment_0to1,0.7202462623815278,0.5053873718864752,-0.21485889049505258,137.5652749002964,6.350610511280323,-2.520041767765035
search,polish_2_coordinates,task_012,task_001,prime30_55_parent_3plus_minus_1to2_mean_rooms,0.36769955881,0.36448969302410283,-0.003209865785897159,2958.514988007638,0.03048228512335071,-0.17459176705489496
search,polish_2_coordinates,task_012,task_001,own_family_gap,0.16766167,0.17257766904749855,0.004915999047498537,14229.590955975675,0.3438871882301312,0.5864189528230915
search,polish_2_coordinates,task_012,task_001,own_rate,0.575472,0.5731896687458048,-0.0022823312541951912,1207.8460856134493,0.006291713686709082,-0.07932032328923705
search,polish_2_coordinates,task_012,task_001,aggregate_mean_occupied_rooms_18_85,5.779970481941968,6.347978404532454,0.5680079225904864,11.973159013172177,3.862936213400128,1.9654353750251186
search,polish_2_coordinates,task_012,task_001,aggregate_wealth_to_annual_gross_labor_earnings,6.8731,7.057006007810789,0.1839060078107888,6.287669427540395,0.21265790669967474,0.4611484649217373
search,polish_2_coordinates,task_012,task_001,annual_bequest_flow_to_aggregate_wealth,0.0088,0.008531627392912732,-0.0002683726070872687,5165289.256198346,0.3720240507996771,-0.609937743380156
search,polish_2_coordinates,task_012,task_001,old_total_wealth_to_annual_income_p90_p50_7684,3.44811075444552,3.29790860205135,-0.1502021523941699,56.95977216091135,1.2850515676093377,-1.1336011501446783
search,polish_2_coordinates,task_013,task_001,tfr,1.918,1.9255096197293813,0.007509619729381356,1425.7389910084596,0.08040367852989128,0.28355542408829226
search,polish_2_coordinates,task_013,task_001,childless_rate,0.188,0.18848817475169022,0.00048817475169021796,17180.743822072007,0.004094421888717282,0.06398766981784289
search,polish_2_coordinates,task_013,task_001,mean_age_first_birth,26.0446272574833,26.342218017887973,0.2975907604046739,44.44444444444444,3.9360115856992017,1.9839384026978262
search,polish_2_coordinates,task_013,task_001,share_first_births_age30plus,0.260327401666964,0.24280737239064423,-0.017520029276319765,10000.0,3.069514258431017,-1.7520029276319766
search,polish_2_coordinates,task_013,task_001,housing_increment_0to1,0.7202462623815278,0.5053026359680324,-0.2149436264134954,137.5652749002964,6.355620598838479,-2.5210356203033863
search,polish_2_coordinates,task_013,task_001,prime30_55_parent_3plus_minus_1to2_mean_rooms,0.36769955881,0.3644248509503738,-0.0032747078596261914,2958.514988007638,0.03172626139477876,-0.178118672223826
search,polish_2_coordinates,task_013,task_001,own_family_gap,0.16766167,0.17256395530886381,0.004902285308863802,14229.590955975675,0.3419712394702902,0.584783070437483
search,polish_2_coordinates,task_013,task_001,own_rate,0.575472,0.5731019780569954,-0.0023700219430046188,1207.8460856134493,0.006784476306744151,-0.08236793251468773
search,polish_2_coordinates,task_013,task_001,aggregate_mean_occupied_rooms_18_85,5.779970481941968,6.348269341145293,0.5682988592033249,11.973159013172177,3.8668944589060477,1.9664420812487835
search,polish_2_coordinates,task_013,task_001,aggregate_wealth_to_annual_gross_labor_earnings,6.8731,7.052867269556557,0.17976726955655664,6.287669427540395,0.20319403046036116,0.45077048534743397
search,polish_2_coordinates,task_013,task_001,annual_bequest_flow_to_aggregate_wealth,0.0088,0.008515073324394459,-0.0002849266756055416,5165289.256198346,0.4193347648327764,-0.6475606263762308
search,polish_2_coordinates,task_013,task_001,old_total_wealth_to_annual_income_p90_p50_7684,3.44811075444552,3.2978582754122554,-0.15025247903326466,56.95977216091135,1.2859128490219516,-1.1339809738359596
search,polish_2_coordinates,task_014,task_001,tfr,1.918,1.9255095200282546,0.007509520028254668,1425.7389910084596,0.08040154359246064,0.28355165947752914
search,polish_2_coordinates,task_014,task_001,childless_rate,0.188,0.18848800973439023,0.00048800973439022677,17180.743822072007,0.004091654288598731,0.06396604011972862
search,polish_2_coordinates,task_014,task_001,mean_age_first_birth,26.0446272574833,26.342226395772265,0.297599138288966,44.44444444444444,3.936233204903783,1.9839942552597734
search,polish_2_coordinates,task_014,task_001,share_first_births_age30plus,0.260327401666964,0.2428078536986391,-0.01751954796832489,10000.0,3.0693456101443677,-1.751954796832489
search,polish_2_coordinates,task_014,task_001,housing_increment_0to1,0.7202462623815278,0.5052332850784467,-0.2150129773030811,137.5652749002964,6.359722502727926,-2.5218490245706473
search,polish_2_coordinates,task_014,task_001,prime30_55_parent_3plus_minus_1to2_mean_rooms,0.36769955881,0.36441731253314913,-0.0032822462768508642,2958.514988007638,0.0318724979978091,-0.1785287035683873
search,polish_2_coordinates,task_014,task_001,own_family_gap,0.16766167,0.1725593581481789,0.004897688148178897,14229.590955975675,0.34133016718878684,0.5842346850271617
search,polish_2_coordinates,task_014,task_001,own_rate,0.575472,0.5730779019393187,-0.002394098060681249,1207.8460856134493,0.006923018081242883,-0.08320467583761673
search,polish_2_coordinates,task_014,task_001,aggregate_mean_occupied_rooms_18_85,5.779970481941968,6.348342427651289,0.5683719457093215,11.973159013172177,3.8678891326542715,1.966694977024722
search,polish_2_coordinates,task_014,task_001,aggregate_wealth_to_annual_gross_labor_earnings,6.8731,7.05226523876847,0.17916523876847013,6.287669427540395,0.20183533790289443,0.4492608795598549
search,polish_2_coordinates,task_014,task_001,annual_bequest_flow_to_aggregate_wealth,0.0088,0.008512826527803486,-0.00028717347219651447,5165289.256198346,0.425974189738648,-0.6526669822648056
search,polish_2_coordinates,task_014,task_001,old_total_wealth_to_annual_income_p90_p50_7684,3.44811075444552,3.2978467342455446,-0.15026402019997542,56.95977216091135,1.2861104032272621,-1.1340680769809466
search,polish_2_coordinates,task_015,task_001,tfr,1.918,1.9255083164777678,0.00750831647776784,1425.7389910084596,0.08037577375307776,0.28350621466394305
search,polish_2_coordinates,task_015,task_001,childless_rate,0.188,0.18848268245167593,0.00048268245167593093,17180.743822072007,0.004002810055911836,0.06326776474565729
search,polish_2_coordinates,task_015,task_001,mean_age_first_birth,26.0446272574833,26.342186969212484,0.2975597117291855,44.44444444444444,3.935190313082488,1.9837314115279034
search,polish_2_coordinates,task_015,task_001,share_first_births_age30plus,0.260327401666964,0.242806323688889,-0.017521077978075006,10000.0,3.0698817351378493,-1.7521077978075006
search,polish_2_coordinates,task_015,task_001,housing_increment_0to1,0.7202462623815278,0.5047939858096528,-0.21545227657187493,137.5652749002964,6.385736518711455,-2.527001487674959
search,polish_2_coordinates,task_015,task_001,prime30_55_parent_3plus_minus_1to2_mean_rooms,0.36769955881,0.36384513392365214,-0.0038544248863478514,2958.514988007638,0.043953447749208736,-0.2096507756942691
search,polish_2_coordinates,task_015,task_001,own_family_gap,0.16766167,0.17247250902941125,0.004810839029411235,14229.590955975675,0.3293321029497557,0.5738746404483784
search,polish_2_coordinates,task_015,task_001,own_rate,0.575472,0.5731070958879776,-0.0023649041120223924,1207.8460856134493,0.006755207114556749,-0.08219006700664472
search,polish_2_coordinates,task_015,task_001,aggregate_mean_occupied_rooms_18_85,5.779970481941968,6.348118993236428,0.56814851129446,11.973159013172177,3.864848695195502,1.9659218436131947
search,polish_2_coordinates,task_015,task_001,aggregate_wealth_to_annual_gross_labor_earnings,6.8731,7.052571817370637,0.17947181737063733,6.287669427540395,0.20252666996928223,0.450029632323564
search,polish_2_coordinates,task_015,task_001,annual_bequest_flow_to_aggregate_wealth,0.0088,0.00851390177388361,-0.00028609822611638976,5165289.256198346,0.4227902633623185,-0.650223241173613
search,polish_2_coordinates,task_015,task_001,old_total_wealth_to_annual_income_p90_p50_7684,3.44811075444552,3.2978830253759033,-0.1502277290696168,56.95977216091135,1.2854892463603664,-1.1337941816574852
search,polish_2_coordinates,task_016,task_001,tfr,1.918,1.925510889072894,0.0075108890728941,1425.7389910084596,0.08043086193383481,0.28360335317805185
search,polish_2_coordinates,task_016,task_001,childless_rate,0.188,0.18849283400461048,0.0004928340046104762,17180.743822072007,0.004172951081293687,0.0645983829619108
search,polish_2_coordinates,task_016,task_001,mean_age_first_birth,26.0446272574833,26.342274641190468,0.2976473837071687,44.44444444444444,3.937509556787667,1.9843158913811245
search,polish_2_coordinates,task_016,task_001,share_first_births_age30plus,0.260327401666964,0.24281030243278126,-0.017517099234182737,10000.0,3.068487655802054,-1.7517099234182736
search,polish_2_coordinates,task_016,task_001,housing_increment_0to1,0.7202462623815278,0.5057276620060813,-0.21451860037544646,137.5652749002964,6.330510447587067,-2.5160505653875616
search,polish_2_coordinates,task_016,task_001,prime30_55_parent_3plus_minus_1to2_mean_rooms,0.36769955881,0.36499374762876347,-0.002705811181236528,2958.514988007638,0.021660513491762082,-0.14717511165873828
search,polish_2_coordinates,task_016,task_001,own_family_gap,0.16766167,0.17264105657395712,0.004979386573957106,14229.590955975675,0.35281261403439906,0.5939803145175765
search,polish_2_coordinates,task_016,task_001,own_rate,0.575472,0.5730650984981348,-0.0024069015018651774,1207.8460856134493,0.006997263553382832,-0.08364964765845001
search,polish_2_coordinates,task_016,task_001,aggregate_mean_occupied_rooms_18_85,5.779970481941968,6.348501328088065,0.5685308461460972,11.973159013172177,3.8700521359156053,1.967244808333626
search,polish_2_coordinates,task_016,task_001,aggregate_wealth_to_annual_gross_labor_earnings,6.8731,7.052513130018159,0.17941313001815917,6.287669427540395,0.2023942390292297,0.44988247246278634
search,polish_2_coordinates,task_016,task_001,annual_bequest_flow_to_aggregate_wealth,0.0088,0.008513846290349373,-0.00028615370965062725,5165289.256198346,0.42295426418809634,-0.6503493401150618
search,polish_2_coordinates,task_016,task_001,old_total_wealth_to_annual_income_p90_p50_7684,3.44811075444552,3.2978223999297516,-0.1502883545157685,56.95977216091135,1.2865269919861764,-1.1342517321944792
search,polish_2_coordinates,task_017,task_001,tfr,1.918,1.9254707878092918,0.00747078780929189,1425.7389910084596,0.07957430051198797,0.2820891712065317
search,polish_2_coordinates,task_017,task_001,childless_rate,0.188,0.18818362693304475,0.00018362693304474487,17180.743822072007,0.000579314933092496,0.02406896202773389
search,polish_2_coordinates,task_017,task_001,mean_age_first_birth,26.0446272574833,26.344461077603977,0.2998338201206785,44.44444444444444,3.9955697639181946,1.9988921341378565
search,polish_2_coordinates,task_017,task_001,share_first_births_age30plus,0.260327401666964,0.2429597910291303,-0.017367610637833708,10000.0,3.016338992673946,-1.7367610637833708
search,polish_2_coordinates,task_017,task_001,housing_increment_0to1,0.7202462623815278,0.5052738450223515,-0.21497241735917627,137.5652749002964,6.357323339092169,-2.521373304192017
search,polish_2_coordinates,task_017,task_001,prime30_55_parent_3plus_minus_1to2_mean_rooms,0.36769955881,0.3647629788271898,-0.002936579982810217,2958.514988007638,0.025512759902627906,-0.15972714203487115
search,polish_2_coordinates,task_017,task_001,own_family_gap,0.16766167,0.17258897550435448,0.004927305504354468,14229.590955975675,0.34547084064832473,0.5877676757429969
search,polish_2_coordinates,task_017,task_001,own_rate,0.575472,0.5730847842758012,-0.0023872157241987546,1207.8460856134493,0.006883271960806132,-0.08296548656402934
search,polish_2_coordinates,task_017,task_001,aggregate_mean_occupied_rooms_18_85,5.779970481941968,6.348353380200096,0.568382898258128,11.973159013172177,3.8680382028291604,1.966732875311022
search,polish_2_coordinates,task_017,task_001,aggregate_wealth_to_annual_gross_labor_earnings,6.8731,7.052573846200414,0.1794738462004144,6.287669427540395,0.20253124889946925,0.45003471966001607
search,polish_2_coordinates,task_017,task_001,annual_bequest_flow_to_aggregate_wealth,0.0088,0.0085138284622815,-0.00028617153771849993,5165289.256198346,0.42300696797608883,-0.6503898584511361
search,polish_2_coordinates,task_017,task_001,old_total_wealth_to_annual_income_p90_p50_7684,3.44811075444552,3.297848243688088,-0.15026251075743202,56.95977216091135,1.2860845647064363,-1.134056684961751
search,polish_2_coordinates,task_018,task_001,tfr,1.918,1.9255515860716594,0.007551586071659511,1425.7389910084596,0.08130483641711518,0.2851400294892234
search,polish_2_coordinates,task_018,task_001,childless_rate,0.188,0.1887916644228027,0.000791664422802707,17180.743822072007,0.010767731529646045,0.10376768056406602
search,polish_2_coordinates,task_018,task_001,mean_age_first_birth,26.0446272574833,26.33998434466007,0.29535708717677167,44.44444444444444,3.8771470642465373,1.9690472478451444
search,polish_2_coordinates,task_018,task_001,share_first_births_age30plus,0.260327401666964,0.24265566494092952,-0.017671736726034476,10000.0,3.1229027891427568,-1.7671736726034475
search,polish_2_coordinates,task_018,task_001,housing_increment_0to1,0.7202462623815278,0.5052340612376867,-0.21501220114384112,137.5652749002964,6.359676587839095,-2.521839921136767
search,polish_2_coordinates,task_018,task_001,prime30_55_parent_3plus_minus_1to2_mean_rooms,0.36769955881,0.3640578440034945,-0.0036417148065054916,2958.514988007638,0.03923608236864649,-0.19808099951445743
search,polish_2_coordinates,task_018,task_001,own_family_gap,0.16766167,0.17252446347510936,0.004862793475109345,14229.590955975675,0.3364837276636557,0.5800721745297353
search,polish_2_coordinates,task_018,task_001,own_rate,0.575472,0.5730978693201098,-0.0023741306798902295,1207.8460856134493,0.006808020216218006,-0.08251072788563925
search,polish_2_coordinates,task_018,task_001,aggregate_mean_occupied_rooms_18_85,5.779970481941968,6.348277817897595,0.5683073359556277,11.973159013172177,3.8670098170505933,1.966471412721424
search,polish_2_coordinates,task_018,task_001,aggregate_wealth_to_annual_gross_labor_earnings,6.8731,7.052570789009008,0.1794707890090077,6.287669427540395,0.2025243490471148,0.45002705368357
search,polish_2_coordinates,task_018,task_001,annual_bequest_flow_to_aggregate_wealth,0.0088,0.00851386602276892,-0.00028613397723107996,5165289.256198346,0.4228959345355174,-0.6503044937069998
search,polish_2_coordinates,task_018,task_001,old_total_wealth_to_annual_income_p90_p50_7684,3.44811075444552,3.2978563189162546,-0.15025443552926543,56.95977216091135,1.2859463379832357,-1.1339957398435128
search,polish_2_coordinates,task_019,task_001,tfr,1.918,1.9255081422731055,0.007508142273105589,1425.7389910084596,0.08037204410952076,0.2834996368772291
search,polish_2_coordinates,task_019,task_001,childless_rate,0.188,0.18846359202631344,0.0004635920263134363,17180.743822072007,0.0036924436591087083,0.060765480818542925
search,polish_2_coordinates,task_019,task_001,mean_age_first_birth,26.0446272574833,26.342078870782743,0.2974516132994438,44.44444444444444,3.932331655752971,1.9830107553296252
search,polish_2_coordinates,task_019,task_001,share_first_births_age30plus,0.260327401666964,0.24280169516560754,-0.01752570650135646,10000.0,3.07150388371688,-1.7525706501356457
search,polish_2_coordinates,task_019,task_001,housing_increment_0to1,0.7202462623815278,0.5040466014124236,-0.21619966096910415,137.5652749002964,6.430116441475408,-2.5357674265348957
search,polish_2_coordinates,task_019,task_001,prime30_55_parent_3plus_minus_1to2_mean_rooms,0.36769955881,0.3644490426962532,-0.003250516113746771,2958.514988007638,0.03125924039556007,-0.176802829150328
search,polish_2_coordinates,task_019,task_001,own_family_gap,0.16766167,0.172326141318013,0.00466447131801298,14229.590955975675,0.30959737509697577,0.5564147509699718
search,polish_2_coordinates,task_019,task_001,own_rate,0.575472,0.5731355746347726,-0.002336425365227379,1207.8460856134493,0.006593491051928498,-0.08120031435855712
search,polish_2_coordinates,task_019,task_001,aggregate_mean_occupied_rooms_18_85,5.779970481941968,6.347843873610398,0.5678733916684306,11.973159013172177,3.8611065810758385,1.9649698677271972
search,polish_2_coordinates,task_019,task_001,aggregate_wealth_to_annual_gross_labor_earnings,6.8731,7.052638554871203,0.17953855487120318,6.287669427540395,0.20267731910148726,0.450196978112345
search,polish_2_coordinates,task_019,task_001,annual_bequest_flow_to_aggregate_wealth,0.0088,0.0085140079688695,-0.00028599203113049976,5165289.256198346,0.42247645594085087,-0.6499818889329539
search,polish_2_coordinates,task_019,task_001,old_total_wealth_to_annual_income_p90_p50_7684,3.44811075444552,3.29792843748312,-0.15018231696239992,56.95977216091135,1.2847121867252262,-1.1334514487728296
search,polish_2_coordinates,task_020,task_001,tfr,1.918,1.9255114679940961,0.007511467994096188,1425.7389910084596,0.08044326124510427,0.2836252126400336
search,polish_2_coordinates,task_020,task_001,childless_rate,0.188,0.188511938102042,0.0005119381020420033,17180.743822072007,0.004502739998488333,0.06710245896007339
search,polish_2_coordinates,task_020,task_001,mean_age_first_birth,26.0446272574833,26.342387410904156,0.2977601534208567,44.44444444444444,3.940493731787205,1.985067689472378
search,polish_2_coordinates,task_020,task_001,share_first_births_age30plus,0.260327401666964,0.24281526006198023,-0.017512141604983766,10000.0,3.066751035930034,-1.7512141604983766
search,polish_2_coordinates,task_020,task_001,housing_increment_0to1,0.7202462623815278,0.5065248822943298,-0.213721380087198,137.5652749002964,6.283545442540331,-2.5067001102126936
search,polish_2_coordinates,task_020,task_001,prime30_55_parent_3plus_minus_1to2_mean_rooms,0.36769955881,0.3644105147646872,-0.0032890440453127723,2958.514988007638,0.032004655188073786,-0.1788984493730278
search,polish_2_coordinates,task_020,task_001,own_family_gap,0.16766167,0.17277822518458108,0.0051165551845810675,14229.590955975675,0.37251841047663203,0.6103428630504596
search,polish_2_coordinates,task_020,task_001,own_rate,0.575472,0.5730276312490977,-0.0024443687509022594,1207.8460856134493,0.007216806188180248,-0.08495178743369823
search,polish_2_coordinates,task_020,task_001,aggregate_mean_occupied_rooms_18_85,5.779970481941968,6.348674458243835,0.5687039763018671,11.973159013172177,3.8724095269068073,1.9678438776759724
search,polish_2_coordinates,task_020,task_001,aggregate_wealth_to_annual_gross_labor_earnings,6.8731,7.0528987204631,0.17979872046309975,6.287669427540395,0.20326513567890162,0.4508493492053655
search,polish_2_coordinates,task_020,task_001,annual_bequest_flow_to_aggregate_wealth,0.0088,0.008513750758173358,-0.0002862492418266426,5165289.256198346,0.42323671718144473,-0.650566458696915
search,polish_2_coordinates,task_020,task_001,old_total_wealth_to_annual_income_p90_p50_7684,3.44811075444552,3.2976130270758044,-0.15049772736971567,56.95977216091135,1.2901141156824074,-1.1358319046770995
search,polish_2_coordinates,task_021,task_001,tfr,1.918,1.9245703531813982,0.006570353181398314,1425.7389910084596,0.06154849772542845,0.24808969693525856
search,polish_2_coordinates,task_021,task_001,childless_rate,0.188,0.18865942334928834,0.0006594233492883406,17180.743822072007,0.007470860101578905,0.08643413736238076
search,polish_2_coordinates,task_021,task_001,mean_age_first_birth,26.0446272574833,26.34023010917327,0.2956028516899707,44.44444444444444,3.8836020412107914,1.9706856779331379
search,polish_2_coordinates,task_021,task_001,share_first_births_age30plus,0.260327401666964,0.2426476936031841,-0.017679708063779886,10000.0,3.1257207722048355,-1.7679708063779886
search,polish_2_coordinates,task_021,task_001,housing_increment_0to1,0.7202462623815278,0.5050306389918866,-0.21521562338964118,137.5652749002964,6.3717160132244,-2.5242258245300477
search,polish_2_coordinates,task_021,task_001,prime30_55_parent_3plus_minus_1to2_mean_rooms,0.36769955881,0.3645323643827938,-0.003167194427206199,2958.514988007638,0.029677220463290646,-0.17227077657946122
search,polish_2_coordinates,task_021,task_001,own_family_gap,0.16766167,0.17262421413174805,0.004962544131748042,14229.590955975675,0.35042992034987047,0.5919712158119435
search,polish_2_coordinates,task_021,task_001,own_rate,0.575472,0.5730913698434722,-0.0023806301565277854,1207.8460856134493,0.00684534683575533,-0.08273661121749748
search,polish_2_coordinates,task_021,task_001,aggregate_mean_occupied_rooms_18_85,5.779970481941968,6.348207468914737,0.568236986972769,11.973159013172177,3.866052506269538,1.9662279893922623
search,polish_2_coordinates,task_021,task_001,aggregate_wealth_to_annual_gross_labor_earnings,6.8731,7.052667392759873,0.1795673927598731,6.287669427540395,0.20274243330907046,0.4502692897689898
search,polish_2_coordinates,task_021,task_001,annual_bequest_flow_to_aggregate_wealth,0.0088,0.008513863200557659,-0.0002861367994423415,5165289.256198346,0.4229042768342291,-0.6503109078235034
search,polish_2_coordinates,task_021,task_001,old_total_wealth_to_annual_income_p90_p50_7684,3.44811075444552,3.2978500017289063,-0.15026075271661377,56.95977216091135,1.286054471026748,-1.1340434167291604
search,polish_2_coordinates,task_022,task_001,tfr,1.918,1.92644920471563,0.008449204715630154,1425.7389910084596,0.101782166839127,0.319033175138773
search,polish_2_coordinates,task_022,task_001,childless_rate,0.188,0.1883165573863423,0.0003165573863422866,17180.743822072007,0.0017216579219589809,0.04149286591643172
search,polish_2_coordinates,task_022,task_001,mean_age_first_birth,26.0446272574833,26.34421514474875,0.2995878872654494,44.44444444444444,3.9890178753855827,1.9972525817696627
search,polish_2_coordinates,task_022,task_001,share_first_births_age30plus,0.260327401666964,0.2429676096589724,-0.017359792007991592,10000.0,3.0136237856072876,-1.7359792007991592
search,polish_2_coordinates,task_022,task_001,housing_increment_0to1,0.7202462623815278,0.5054926878148267,-0.21475357456670108,137.5652749002964,6.344386365521599,-2.5188065359454663
search,polish_2_coordinates,task_022,task_001,prime30_55_parent_3plus_minus_1to2_mean_rooms,0.36769955881,0.36431389188583196,-0.0033856669241680293,2958.514988007638,0.03391268963622037,-0.18415398349267487
search,polish_2_coordinates,task_022,task_001,own_family_gap,0.16766167,0.17247911683974138,0.004817446839741363,14229.590955975675,0.33023741637516,0.5746628719302823
search,polish_2_coordinates,task_022,task_001,own_rate,0.575472,0.5730827024447648,-0.0023892975552352036,1207.8460856134493,0.0068952826537559435,-0.08303783868668514
search,polish_2_coordinates,task_022,task_001,aggregate_mean_occupied_rooms_18_85,5.779970481941968,6.3483247939685485,0.5683543120265808,11.973159013172177,3.8676491346306974,1.96663396050986
search,polish_2_coordinates,task_022,task_001,aggregate_wealth_to_annual_gross_labor_earnings,6.8731,7.052910392549526,0.17981039254952602,6.287669427540395,0.20329152747117132,0.45087861722549155
search,polish_2_coordinates,task_022,task_001,annual_bequest_flow_to_aggregate_wealth,0.0088,0.0085139160385894,-0.0002860839614105999,5165289.256198346,0.4227481042168471,-0.650190821387727
search,polish_2_coordinates,task_022,task_001,old_total_wealth_to_annual_income_p90_p50_7684,3.44811075444552,3.2976906429500357,-0.1504201114954844,56.95977216091135,1.28878376317915,-1.1352461244942218
search,polish_2_joint,task_001,task_001,tfr,1.918,1.926560624248994,0.008560624248994175,1425.7389910084596,0.10448426616331347,0.3232402607400778
search,polish_2_joint,task_001,task_001,childless_rate,0.188,0.18800682541935018,6.82541935018155e-06,17180.743822072007,8.003881330290741e-07,0.0008946441376486374
search,polish_2_joint,task_001,task_001,mean_age_first_birth,26.0446272574833,26.334067782380018,0.2894405248967189,44.44444444444444,3.7233696645550287,1.9296034993114592
search,polish_2_joint,task_001,task_001,share_first_births_age30plus,0.260327401666964,0.24237496786136395,-0.01795243380560005,10000.0,3.2228987954445145,-1.795243380560005
search,polish_2_joint,task_001,task_001,housing_increment_0to1,0.7202462623815278,0.5068503179866441,-0.21339594439488363,137.5652749002964,6.264423976328521,-2.5028831327747847
search,polish_2_joint,task_001,task_001,prime30_55_parent_3plus_minus_1to2_mean_rooms,0.36769955881,0.3643462934194037,-0.0033532653905962717,2958.514988007638,0.03326669273593673,-0.1823915917358493
search,polish_2_joint,task_001,task_001,own_family_gap,0.16766167,0.17260955181053717,0.0049478818105371525,14229.590955975675,0.3483622206438048,0.5902221790510797
search,polish_2_joint,task_001,task_001,own_rate,0.575472,0.5725295140019129,-0.0029424859980871076,1207.8460856134493,0.0104578017843056,-0.10226339415600091
search,polish_2_joint,task_001,task_001,aggregate_mean_occupied_rooms_18_85,5.779970481941968,6.342144687900498,0.56217420595853,11.973159013172177,3.783995233016576,1.945249401237943
search,polish_2_joint,task_001,task_001,aggregate_wealth_to_annual_gross_labor_earnings,6.8731,7.052207526342247,0.17910752634224725,6.287669427540395,0.2017053290792563,0.44911616434866414
search,polish_2_joint,task_001,task_001,annual_bequest_flow_to_aggregate_wealth,0.0088,0.008523184405473425,-0.00027681559452657524,5165289.256198346,0.3957999657701513,-0.6291263511967619
search,polish_2_joint,task_001,task_001,old_total_wealth_to_annual_income_p90_p50_7684,3.44811075444552,3.2948514046179516,-0.1532593498275685,56.95977216091135,1.3378955249309517,-1.1566743383212716
search,polish_2_joint,task_002,task_001,tfr,1.918,1.9276085272075165,0.009608527207516593,1425.7389910084596,0.1316296344685049,0.3628079856735583
search,polish_2_joint,task_002,task_001,childless_rate,0.188,0.1875260675012742,-0.00047393249872579313,17180.743822072007,0.003859001460699948,-0.062120861718910084
search,polish_2_joint,task_002,task_001,mean_age_first_birth,26.0446272574833,26.325894017851287,0.2812667603679877,44.44444444444444,3.5160440216845785,1.8751117357865847
search,polish_2_joint,task_002,task_001,share_first_births_age30plus,0.260327401666964,0.24194080536297635,-0.018386596303987646,10000.0,3.3806692364581217,-1.8386596303987646
search,polish_2_joint,task_002,task_001,housing_increment_0to1,0.7202462623815278,0.508447315801007,-0.21179894658052079,137.5652749002964,6.17101229702594,-2.4841522290362845
search,polish_2_joint,task_002,task_001,prime30_55_parent_3plus_minus_1to2_mean_rooms,0.36769955881,0.3641929545910578,-0.0035066042189421665,2958.514988007638,0.036378708405890296,-0.1907320329831628
search,polish_2_joint,task_002,task_001,own_family_gap,0.16766167,0.17267515357428415,0.005013483574284133,14229.590955975675,0.3576610184023172,0.5980476723492176
search,polish_2_joint,task_002,task_001,own_rate,0.575472,0.5719854508956291,-0.0034865491043708507,1207.8460856134493,0.014682606798806525,-0.12117180694702265
search,polish_2_joint,task_002,task_001,aggregate_mean_occupied_rooms_18_85,5.779970481941968,6.336123120922689,0.5561526389807216,11.973159013172177,3.7033670223705575,1.9244134229345204
search,polish_2_joint,task_002,task_001,aggregate_wealth_to_annual_gross_labor_earnings,6.8731,7.051516433613081,0.1784164336130809,6.287669427540395,0.20015175782620498,0.447383233733904
search,polish_2_joint,task_002,task_001,annual_bequest_flow_to_aggregate_wealth,0.0088,0.008532552600573257,-0.00026744739942674393,5165289.256198346,0.36946338564115855,-0.6078349986971452
search,polish_2_joint,task_002,task_001,old_total_wealth_to_annual_income_p90_p50_7684,3.44811075444552,3.2913614506334556,-0.15674930381206442,56.95977216091135,1.3995212101426484,-1.183013613675958
search,polish_2_joint,task_004,task_001,tfr,1.918,1.933787636097486,0.015787636097486013,1425.7389910084596,0.3553646644090013,0.5961247054174162
search,polish_2_joint,task_004,task_001,childless_rate,0.188,0.18466167361933503,-0.0033383263806649743,17180.743822072007,0.1914694770174598,-0.4375722534821647
search,polish_2_joint,task_004,task_001,mean_age_first_birth,26.0446272574833,26.276447973598746,0.23182071611544686,44.44444444444444,2.388481974234604,1.5454714407696455
search,polish_2_joint,task_004,task_001,share_first_births_age30plus,0.260327401666964,0.2393165907173193,-0.021010810949644687,10000.0,4.414541767617091,-2.1010810949644685
search,polish_2_joint,task_004,task_001,housing_increment_0to1,0.7202462623815278,0.5166159085522795,-0.20363035382924832,137.5652749002964,5.704188282279993,-2.388344255395355
search,polish_2_joint,task_004,task_001,prime30_55_parent_3plus_minus_1to2_mean_rooms,0.36769955881,0.3632781855544662,-0.004421373255533767,2958.514988007638,0.057834652917149475,-0.2404883633715974
search,polish_2_joint,task_004,task_001,own_family_gap,0.16766167,0.17310959027366746,0.005447920273667445,14229.590955975675,0.4223319160769334,0.6498706918125585
search,polish_2_joint,task_004,task_001,own_rate,0.575472,0.5685251994170911,-0.006946800582908863,1207.8460856134493,0.058288282706786085,-0.24142966409864816
search,polish_2_joint,task_004,task_001,aggregate_mean_occupied_rooms_18_85,5.779970481941968,6.29975439006216,0.5197839081201927,11.973159013172177,3.2348519617208806,1.7985694208789609
search,polish_2_joint,task_004,task_001,aggregate_wealth_to_annual_gross_labor_earnings,6.8731,7.047670659292071,0.17457065929207083,6.287669427540395,0.191616191891046,0.43773986783367813
search,polish_2_joint,task_004,task_001,annual_bequest_flow_to_aggregate_wealth,0.0088,0.008586998634347254,-0.00021300136565274679,5165289.256198346,0.2343470132744583,-0.48409401284715176
search,polish_2_joint,task_004,task_001,old_total_wealth_to_annual_income_p90_p50_7684,3.44811075444552,3.2246561595886267,-0.22345459485689334,56.95977216091135,2.844112835181678,-1.6864497725048553
search,polish_2_joint,task_005,task_001,tfr,1.918,1.9260576010390988,0.008057601039098916,1425.7389910084596,0.09256601061285955,0.30424662793999796
search,polish_2_joint,task_005,task_001,childless_rate,0.188,0.18807160834435008,7.160834435007701e-05,17180.743822072007,8.809864470334156e-05,0.009386087827382693
search,polish_2_joint,task_005,task_001,mean_age_first_birth,26.0446272574833,26.332737767714836,0.28811051023153667,44.44444444444444,3.6892296047056177,1.920736734876911
search,polish_2_joint,task_005,task_001,share_first_births_age30plus,0.260327401666964,0.24227353298143742,-0.01805386868552658,10000.0,3.259421745142373,-1.8053868685526582
search,polish_2_joint,task_005,task_001,housing_increment_0to1,0.7202462623815278,0.5060051721966499,-0.2142410901848779,137.5652749002964,6.3141422181187,-2.51279569764808
search,polish_2_joint,task_005,task_001,prime30_55_parent_3plus_minus_1to2_mean_rooms,0.36769955881,0.36418617858167934,-0.0035133802283206506,2958.514988007638,0.03651943750974772,-0.19110059526267237
search,polish_2_joint,task_005,task_001,own_family_gap,0.16766167,0.172582437169278,0.004920767169278001,14229.590955975675,0.3445545973009331,0.5869877318146718
search,polish_2_joint,task_005,task_001,own_rate,0.575472,0.5726378774665032,-0.0028341225334967968,1207.8460856134493,0.00970172236721446,-0.0984973216245724
search,polish_2_joint,task_005,task_001,aggregate_mean_occupied_rooms_18_85,5.779970481941968,6.341843127525728,0.5618726455837599,11.973159013172177,3.7799367153742036,1.9442059344046358
search,polish_2_joint,task_005,task_001,aggregate_wealth_to_annual_gross_labor_earnings,6.8731,7.054589644381992,0.18148964438199222,6.287669427540395,0.20710634296257632,0.45508937909225733
search,polish_2_joint,task_005,task_001,annual_bequest_flow_to_aggregate_wealth,0.0088,0.008522274890894592,-0.00027772510910540824,5165289.256198346,0.39840514580377523,-0.6311934297850186
search,polish_2_joint,task_005,task_001,old_total_wealth_to_annual_income_p90_p50_7684,3.44811075444552,3.2948899651177648,-0.1532207893277553,56.95977216091135,1.337222372785781,-1.156383315681172
search,polish_2_joint,task_006,task_001,tfr,1.918,1.9266096619323652,0.008609661932365231,1425.7389910084596,0.1056847256435754,0.3250918726199955
search,polish_2_joint,task_006,task_001,childless_rate,0.188,0.18765396625695432,-0.00034603374304567613,17180.743822072007,0.0020572111205565376,-0.04535648928826544
search,polish_2_joint,task_006,task_001,mean_age_first_birth,26.0446272574833,26.32323057520568,0.2786033177223821,44.44444444444444,3.4497692731519374,1.8573554514825474
search,polish_2_joint,task_006,task_001,share_first_births_age30plus,0.260327401666964,0.24173824056560808,-0.018589161101355917,10000.0,3.455569104521639,-1.8589161101355915
search,polish_2_joint,task_006,task_001,housing_increment_0to1,0.7202462623815278,0.5067721758056525,-0.2134740865758753,137.5652749002964,6.269012680017092,-2.5037996485376164
search,polish_2_joint,task_006,task_001,prime30_55_parent_3plus_minus_1to2_mean_rooms,0.36769955881,0.3639022461378829,-0.0037973126721170813,2958.514988007638,0.04266055399380342,-0.20654431484261052
search,polish_2_joint,task_006,task_001,own_family_gap,0.16766167,0.17263099205169807,0.004969322051698061,14229.590955975675,0.35138781932993995,0.5927797393045244
search,polish_2_joint,task_006,task_001,own_rate,0.575472,0.5721967888816094,-0.003275211118390575,1207.8460856134493,0.012956574466159486,-0.11382694964796117
search,polish_2_joint,task_006,task_001,aggregate_mean_occupied_rooms_18_85,5.779970481941968,6.335502453905666,0.5555319719636982,11.973159013172177,3.695105710618777,1.9222657752295276
search,polish_2_joint,task_006,task_001,aggregate_wealth_to_annual_gross_labor_earnings,6.8731,7.056260322978453,0.18316032297845286,6.287669427540395,0.2109368722615387,0.45927864337626095
search,polish_2_joint,task_006,task_001,annual_bequest_flow_to_aggregate_wealth,0.0088,0.008530621090847729,-0.0002693789091522715,5165289.256198346,0.3748191978102672,-0.6122247935278897
search,polish_2_joint,task_006,task_001,old_total_wealth_to_annual_income_p90_p50_7684,3.44811075444552,3.291489392253066,-0.15662136219245415,56.95977216091135,1.3972375134222799,-1.1820480165468237
search,polish_2_joint,task_008,task_001,tfr,1.918,1.9298770435134214,0.011877043513421448,1425.7389910084596,0.2011206768808736,0.4484648000466409
search,polish_2_joint,task_008,task_001,childless_rate,0.188,0.1851569570300099,-0.002843042969990106,17180.743822072007,0.13887011963029453,-0.3726528137962929
search,polish_2_joint,task_008,task_001,mean_age_first_birth,26.0446272574833,26.26581346829806,0.22118621081476064,44.44444444444444,2.1743706602040773,1.474574738765071
search,polish_2_joint,task_008,task_001,share_first_births_age30plus,0.260327401666964,0.23851039203065802,-0.02181700963630598,10000.0,4.759819094706679,-2.1817009636305977
search,polish_2_joint,task_008,task_001,housing_increment_0to1,0.7202462623815278,0.5101635879746445,-0.21008267440688333,137.5652749002964,6.071406276923895,-2.4640223775209296
search,polish_2_joint,task_008,task_001,prime30_55_parent_3plus_minus_1to2_mean_rooms,0.36769955881,0.36194455715776996,-0.00575500165223003,2958.514988007638,0.09798614662827124,-0.31302738958160076
search,polish_2_joint,task_008,task_001,own_family_gap,0.16766167,0.17290033106837766,0.0052386610683776424,14229.590955975675,0.39051077247401683,0.6249086112976976
search,polish_2_joint,task_008,task_001,own_rate,0.575472,0.5694136195946907,-0.0060583804053092605,1207.8460856134493,0.044332750278096605,-0.21055343805812482
search,polish_2_joint,task_008,task_001,aggregate_mean_occupied_rooms_18_85,5.779970481941968,6.297285203110029,0.5173147211680611,11.973159013172177,3.204191211020224,1.7900254777572928
search,polish_2_joint,task_008,task_001,aggregate_wealth_to_annual_gross_labor_earnings,6.8731,7.066902069434377,0.19380206943437717,6.287669427540395,0.23616009838094495,0.48596306277426576
search,polish_2_joint,task_008,task_001,annual_bequest_flow_to_aggregate_wealth,0.0088,0.00857916904455373,-0.0002208309554462707,5165289.256198346,0.25189210167000403,-0.5018885351051606
search,polish_2_joint,task_008,task_001,old_total_wealth_to_annual_income_p90_p50_7684,3.44811075444552,3.262815027410038,-0.18529572703548203,56.95977216091135,1.9556856650826833,-1.398458317248921
search,polish_2_joint,task_009,task_001,tfr,1.918,1.9260921225926355,0.008092122592635587,1425.7389910084596,0.0933608794176207,0.30555012586746005
search,polish_2_joint,task_009,task_001,childless_rate,0.188,0.18809237057624204,9.23705762420346e-05,17180.743822072007,0.0001465916617742425,0.012107504357803986
search,polish_2_joint,task_009,task_001,mean_age_first_birth,26.0446272574833,26.333074705556154,0.28844744807285494,44.44444444444444,3.6978635688774375,1.9229829871523663
search,polish_2_joint,task_009,task_001,share_first_births_age30plus,0.260327401666964,0.24229524513582826,-0.01803215653113574,10000.0,3.251586691633813,-1.803215653113574
search,polish_2_joint,task_009,task_001,housing_increment_0to1,0.7202462623815278,0.5066740973870232,-0.2135721649945046,137.5652749002964,6.274774466884784,-2.5049499928910324
search,polish_2_joint,task_009,task_001,prime30_55_parent_3plus_minus_1to2_mean_rooms,0.36769955881,0.36440386337542297,-0.0032956954345770284,2958.514988007638,0.032134231237849316,-0.17926023328627383
search,polish_2_joint,task_009,task_001,own_family_gap,0.16766167,0.17264468979546932,0.004983019795469307,14229.590955975675,0.3533276630313798,0.5944137136972698
search,polish_2_joint,task_009,task_001,own_rate,0.575472,0.572524092999346,-0.0029479070006539487,1207.8460856134493,0.010496370526900299,-0.10245179611358846
search,polish_2_joint,task_009,task_001,aggregate_mean_occupied_rooms_18_85,5.779970481941968,6.342102131043124,0.5621316491011559,11.973159013172177,3.783422354188207,1.9451021449240673
search,polish_2_joint,task_009,task_001,aggregate_wealth_to_annual_gross_labor_earnings,6.8731,7.05207018764948,0.17897018764947958,6.287669427540395,0.20139611454278797,0.4487717844771304
search,polish_2_joint,task_009,task_001,annual_bequest_flow_to_aggregate_wealth,0.0088,0.008522659073458115,-0.0002773409265418858,5165289.256198346,0.39730366495408925,-0.630320287595195
search,polish_2_joint,task_009,task_001,old_total_wealth_to_annual_income_p90_p50_7684,3.44811075444552,3.294848896831023,-0.15326185761449684,56.95977216091135,1.337939309331224,-1.1566932650150705
search,polish_2_joint,task_010,task_001,tfr,1.918,1.9266749951766684,0.008674995176668476,1425.7389910084596,0.1072947595425591,0.3275587879183813
search,polish_2_joint,task_010,task_001,childless_rate,0.188,0.1876967120933536,-0.00030328790664641003,17180.743822072007,0.0015803458825805424,-0.0397535644009508
search,polish_2_joint,task_010,task_001,mean_age_first_birth,26.0446272574833,26.323911448088705,0.27928419060540577,44.44444444444444,3.4666515165385166,1.8618946040360385
search,polish_2_joint,task_010,task_001,share_first_births_age30plus,0.260327401666964,0.24178169967546825,-0.018545701991495744,10000.0,3.439430623573692,-1.8545701991495744
search,polish_2_joint,task_010,task_001,housing_increment_0to1,0.7202462623815278,0.5081530451410394,-0.21209321724048835,137.5652749002964,6.188172055538848,-2.4876036773446946
search,polish_2_joint,task_010,task_001,prime30_55_parent_3plus_minus_1to2_mean_rooms,0.36769955881,0.364281663242247,-0.0034178955677530154,2958.514988007638,0.03456140200660318,-0.18590697137709275
search,polish_2_joint,task_010,task_001,own_family_gap,0.16766167,0.17274830365884608,0.005086633658846068,14229.590955975675,0.3681741878250727,0.6067735886021018
search,polish_2_joint,task_010,task_001,own_rate,0.575472,0.5719678593187212,-0.0035041406812788,1207.8460856134493,0.01483114439729813,-0.12178318602047711
search,polish_2_joint,task_010,task_001,aggregate_mean_occupied_rooms_18_85,5.779970481941968,6.336030211574836,0.5560597296328682,11.973159013172177,3.702129776871832,1.9240919356599964
search,polish_2_joint,task_010,task_001,aggregate_wealth_to_annual_gross_labor_earnings,6.8731,7.051244452589396,0.17814445258939582,6.287669427540395,0.19954199351046809,0.44670123517902666
search,polish_2_joint,task_010,task_001,annual_bequest_flow_to_aggregate_wealth,0.0088,0.008531445433755742,-0.0002685545662442588,5165289.256198346,0.37252869344339856,-0.6103512869187699
search,polish_2_joint,task_010,task_001,old_total_wealth_to_annual_income_p90_p50_7684,3.44811075444552,3.291352286762393,-0.15675846768312685,56.95977216091135,1.3996848524236052,-1.183082774966995
search,polish_2_joint,task_012,task_001,tfr,1.918,1.9301357212337773,0.012135721233777375,1425.7389910084596,0.20997675049626974,0.4582322015051646
search,polish_2_joint,task_012,task_001,childless_rate,0.188,0.1853328837911292,-0.0026671162088708067,17180.743822072007,0.12221537359936352,-0.3495931543943095
search,polish_2_joint,task_012,task_001,mean_age_first_birth,26.0446272574833,26.26863976400696,0.22401250652366045,44.44444444444444,2.2302934701783563,1.4934167101577362
search,polish_2_joint,task_012,task_001,share_first_births_age30plus,0.260327401666964,0.23869021176451918,-0.021637189902444814,10000.0,4.681679868744598,-2.1637189902444813
search,polish_2_joint,task_012,task_001,housing_increment_0to1,0.7202462623815278,0.518126819994488,-0.20211944238703983,137.5652749002964,5.619853614026848,-2.3706230434269484
search,polish_2_joint,task_012,task_001,prime30_55_parent_3plus_minus_1to2_mean_rooms,0.36769955881,0.36364001976613824,-0.0040595390438617485,2958.514988007638,0.04875590467032172,-0.22080739269852745
search,polish_2_joint,task_012,task_001,own_family_gap,0.16766167,0.17339243344918553,0.005730763449185522,14229.590955975675,0.46732324170014705,0.6836104458682204
search,polish_2_joint,task_012,task_001,own_rate,0.575472,0.5684783888370469,-0.006993611162953051,1207.8460856134493,0.05907647325053822,-0.24305652274838915
search,polish_2_joint,task_012,task_001,aggregate_mean_occupied_rooms_18_85,5.779970481941968,6.299136929225884,0.5191664472839159,11.973159013172177,3.2271710466497754,1.7964328672816514
search,polish_2_joint,task_012,task_001,aggregate_wealth_to_annual_gross_labor_earnings,6.8731,7.046063438379436,0.17296343837943606,6.287669427540395,0.18810412566710272,0.43370972512396205
search,polish_2_joint,task_012,task_001,annual_bequest_flow_to_aggregate_wealth,0.0088,0.008582677214468017,-0.0002173227855319839,5165289.256198346,0.24395244375713152,-0.4939154216635997
search,polish_2_joint,task_012,task_001,old_total_wealth_to_annual_income_p90_p50_7684,3.44811075444552,3.2248738458313104,-0.22323690861420964,56.95977216091135,2.8385741469635586,-1.6848068574657329
smoke,exact_loop,task_001,task_001,tfr,1.918,1.9238178405329724,0.005817840532972518,1425.7389910084596,0.04825737039267269,0.21967560263414024
smoke,exact_loop,task_001,task_001,childless_rate,0.188,0.18910143268210475,0.001101432682104747,17180.743822072007,0.02084288728680843,0.14437065936958393
smoke,exact_loop,task_001,task_001,mean_age_first_birth,26.0446272574833,26.34920352459885,0.3045762671155501,44.44444444444444,4.122964555113018,2.0305084474370005
smoke,exact_loop,task_001,task_001,share_first_births_age30plus,0.260327401666964,0.24314448357129123,-0.017182918095672767,10000.0,2.9525267428259863,-1.7182918095672768
smoke,exact_loop,task_001,task_001,housing_increment_0to1,0.7202462623815278,0.5157782239938484,-0.20446803838767935,137.5652749002964,5.751216033712268,-2.398169308808756
smoke,exact_loop,task_001,task_001,prime30_55_parent_3plus_minus_1to2_mean_rooms,0.36769955881,0.3675410209689076,-0.00015853784109237656,2958.514988007638,7.43600466340652e-05,-0.008623227158904328
smoke,exact_loop,task_001,task_001,own_family_gap,0.16766167,0.17572428659220551,0.008062616592205502,14229.590955975675,0.9250057490042352,0.961772191843908
smoke,exact_loop,task_001,task_001,own_rate,0.575472,0.5449671609714565,-0.030504839028543507,1207.8460856134493,1.1239553823278245,-1.0601676199204655
smoke,exact_loop,task_001,task_001,aggregate_mean_occupied_rooms_18_85,5.779970481941968,6.349114575536986,0.5691440935950185,11.973159013172177,3.8784055246504234,1.9693667826614787
smoke,exact_loop,task_001,task_001,aggregate_wealth_to_annual_gross_labor_earnings,6.8731,7.033807287509764,0.16070728750976393,6.287669427540395,0.1623905836035308,0.4029771502250851
smoke,exact_loop,task_001,task_001,annual_bequest_flow_to_aggregate_wealth,0.0088,0.00849722303634873,-0.000302776963651271,5165289.256198346,0.47352215763369354,-0.6881294628437977
smoke,exact_loop,task_001,task_001,old_total_wealth_to_annual_income_p90_p50_7684,3.44811075444552,3.3007964385073354,-0.14731431593818467,56.95977216091135,1.236112933020166,-1.1118061580240353
smoke,exact_loop,task_002,task_001,tfr,1.918,1.9238178405329724,0.005817840532972518,1425.7389910084596,0.04825737039267269,0.21967560263414024
smoke,exact_loop,task_002,task_001,childless_rate,0.188,0.18910143268210475,0.001101432682104747,17180.743822072007,0.02084288728680843,0.14437065936958393
smoke,exact_loop,task_002,task_001,mean_age_first_birth,26.0446272574833,26.34920352459885,0.3045762671155501,44.44444444444444,4.122964555113018,2.0305084474370005
smoke,exact_loop,task_002,task_001,share_first_births_age30plus,0.260327401666964,0.24314448357129123,-0.017182918095672767,10000.0,2.9525267428259863,-1.7182918095672768
smoke,exact_loop,task_002,task_001,housing_increment_0to1,0.7202462623815278,0.5157782239938484,-0.20446803838767935,137.5652749002964,5.751216033712268,-2.398169308808756
smoke,exact_loop,task_002,task_001,prime30_55_parent_3plus_minus_1to2_mean_rooms,0.36769955881,0.3675410209689076,-0.00015853784109237656,2958.514988007638,7.43600466340652e-05,-0.008623227158904328
smoke,exact_loop,task_002,task_001,own_family_gap,0.16766167,0.17572428659220551,0.008062616592205502,14229.590955975675,0.9250057490042352,0.961772191843908
smoke,exact_loop,task_002,task_001,own_rate,0.575472,0.5449671609714565,-0.030504839028543507,1207.8460856134493,1.1239553823278245,-1.0601676199204655
smoke,exact_loop,task_002,task_001,aggregate_mean_occupied_rooms_18_85,5.779970481941968,6.349114575536986,0.5691440935950185,11.973159013172177,3.8784055246504234,1.9693667826614787
smoke,exact_loop,task_002,task_001,aggregate_wealth_to_annual_gross_labor_earnings,6.8731,7.033807287509764,0.16070728750976393,6.287669427540395,0.1623905836035308,0.4029771502250851
smoke,exact_loop,task_002,task_001,annual_bequest_flow_to_aggregate_wealth,0.0088,0.00849722303634873,-0.000302776963651271,5165289.256198346,0.47352215763369354,-0.6881294628437977
smoke,exact_loop,task_002,task_001,old_total_wealth_to_annual_income_p90_p50_7684,3.44811075444552,3.3007964385073354,-0.14731431593818467,56.95977216091135,1.236112933020166,-1.1118061580240353
smoke,joint_probe_loop,task_001,task_001,tfr,1.918,1.9234124997467128,0.005412499746712873,1425.7389910084596,0.04176724260417184,0.20437035647121585
smoke,joint_probe_loop,task_001,task_001,childless_rate,0.188,0.1891925882311697,0.001192588231169689,17180.743822072007,0.02443559963251366,0.15631890363137038
smoke,joint_probe_loop,task_001,task_001,mean_age_first_birth,26.0446272574833,26.36136630405539,0.31673904657209206,44.44444444444444,4.458827716595462,2.111593643813947
smoke,joint_probe_loop,task_001,task_001,share_first_births_age30plus,0.260327401666964,0.24386510289033494,-0.016462298776629053,10000.0,2.710072810110024,-1.6462298776629054
smoke,joint_probe_loop,task_001,task_001,housing_increment_0to1,0.7202462623815278,0.513865000956419,-0.20638126142510882,137.5652749002964,5.8593487152897055,-2.420609162027134
smoke,joint_probe_loop,task_001,task_001,prime30_55_parent_3plus_minus_1to2_mean_rooms,0.36769955881,0.36871816395723833,0.0010186051472383384,2958.514988007638,0.0030696262963370597,0.05540420829086054
smoke,joint_probe_loop,task_001,task_001,own_family_gap,0.16766167,0.17505849149850816,0.007396821498508149,14229.590955975675,0.7785431586229468,0.8823509271389398
smoke,joint_probe_loop,task_001,task_001,own_rate,0.575472,0.550707648823939,-0.024764351176061017,1207.8460856134493,0.7407395001675919,-0.8606622451156969
smoke,joint_probe_loop,task_001,task_001,aggregate_mean_occupied_rooms_18_85,5.779970481941968,6.346585215438097,0.5666147334961291,11.973159013172177,3.8440097151985664,1.9606146268960063
smoke,joint_probe_loop,task_001,task_001,aggregate_wealth_to_annual_gross_labor_earnings,6.8731,7.036778748885367,0.16367874888536704,6.287669427540395,0.1684512717985894,0.41042815668346805
smoke,joint_probe_loop,task_001,task_001,annual_bequest_flow_to_aggregate_wealth,0.0088,0.008500193828271775,-0.0002998061717282251,5165289.256198346,0.4642755196608159,-0.6813776630186933
smoke,joint_probe_loop,task_001,task_001,old_total_wealth_to_annual_income_p90_p50_7684,3.44811075444552,3.2990603672433436,-0.14905038720217645,56.95977216091135,1.2654193193374852,-1.1249085826579355
smoke,joint_probe_loop,task_002,task_001,tfr,1.918,1.9242129336315914,0.006212933631591477,1425.7389910084596,0.05503430109771581,0.23459390677874778
smoke,joint_probe_loop,task_002,task_001,childless_rate,0.188,0.1890138017602838,0.001013801760283789,17180.743822072007,0.017658265573143952,0.13288440680961763
smoke,joint_probe_loop,task_002,task_001,mean_age_first_birth,26.0446272574833,26.337009319693813,0.292382062210514,44.44444444444444,3.7994342356654607,1.9492137480700933
smoke,joint_probe_loop,task_002,task_001,share_first_births_age30plus,0.260327401666964,0.2424217524964679,-0.017905649170496085,10000.0,3.206122722168871,-1.7905649170496085
smoke,joint_probe_loop,task_002,task_001,housing_increment_0to1,0.7202462623815278,0.5176668631724963,-0.20257939920903145,137.5652749002964,5.645460563601014,-2.3760177953039436
smoke,joint_probe_loop,task_002,task_001,prime30_55_parent_3plus_minus_1to2_mean_rooms,0.36769955881,0.3675711607675547,-0.00012839804244529907,2958.514988007638,4.877424762640018e-05,-0.006983856214613828
smoke,joint_probe_loop,task_002,task_001,own_family_gap,0.16766167,0.1764569231850875,0.008795253185087476,14229.590955975675,1.1007510481274216,1.0491668352208916
smoke,joint_probe_loop,task_002,task_001,own_rate,0.575472,0.5391405457907742,-0.03633145420922579,1207.8460856134493,1.594326111392713,-1.262666270790787
smoke,joint_probe_loop,task_002,task_001,aggregate_mean_occupied_rooms_18_85,5.779970481941968,6.351764619633742,0.5717941376917741,11.973159013172177,3.9146068094387223,1.978536532247692
smoke,joint_probe_loop,task_002,task_001,aggregate_wealth_to_annual_gross_labor_earnings,6.8731,7.030766901728732,0.15766690172873243,6.287669427540395,0.15630424310002333,0.395353314264625
smoke,joint_probe_loop,task_002,task_001,annual_bequest_flow_to_aggregate_wealth,0.0088,0.008494329202637233,-0.00030567079736276703,5165289.256198346,0.48261692334912065,-0.6947063576426522
smoke,joint_probe_loop,task_002,task_001,old_total_wealth_to_annual_income_p90_p50_7684,3.44811075444552,3.3025581046834693,-0.14555264976205073,56.95977216091135,1.2067254597510404,-1.0985105642418922
