{
  "aggregate_mean_occupied_rooms_18_85": 5.672127521787135,
  "aggregate_own_rate": 0.6681264621884594,
  "childless_rate": 0.18882652375386613,
  "housing_increment_0to1": 0.6808310748094978,
  "housing_increment_1to2": 0.48839362459886804,
  "housing_user_cost_share": 0.24782700042480812,
  "liquid_wealth_to_income": 0.1393906614026923,
  "market_residual": 9.324104321982198e-06,
  "mean_age_first_birth": 32.29524118562811,
  "mean_completed_fertility": 1.0173122709284879,
  "old_2plus_minus_1_total_estate_wealth_to_annual_income_median_gap_6575": 3.572820579446539,
  "old_age_own_rate": 0.9539983711574811,
  "old_age_parent_childless_gap": 0.013535632315353374,
  "old_age_parent_childless_gap_6575": 0.013535632315353374,
  "old_minus_young_owner_rate_6575_2534": 0.6780193078015251,
  "old_nonhousing_ge_1x_income_share_6575": 0.6099961319373566,
  "old_nonhousing_wealth_to_income_6575": 2.585072509075373,
  "old_nonhousing_wealth_to_income_median_6575": 2.0029448702957864,
  "old_owner_rate": 0.9539983711574811,
  "old_parent_childless_nonhousing_wealth_to_income_gap_6575": 1.0785180662666456,
  "old_parent_childless_nonhousing_wealth_to_income_median_gap_6575": 0.9744056125763283,
  "old_parent_childless_total_wealth_to_income_gap_6575": 2.8709144105653053,
  "old_parent_childless_total_wealth_to_income_median_gap_6575": 3.2480187085877628,
  "old_total_estate_wealth_to_annual_income_median_7684": 6.4305369605457745,
  "old_total_estate_wealth_to_annual_income_p90_p50_7684": 1.7514380305415795,
  "old_total_wealth_to_income_6575": 13.105571323710702,
  "old_total_wealth_to_income_median_6575": 12.290644719527295,
  "own_family_gap": 0.21768525321853405,
  "own_gap_newparent_nonparent_3055": 0.21768525321853405,
  "own_rate": 0.658311496455828,
  "own_rate_2534": 0.275979063355956,
  "own_rate_3055": 0.658311496455828,
  "own_rate_3544": 0.567548195428335,
  "own_rate_newparents_3055": 0.6574899734362224,
  "own_rate_nonparents_3055": 0.43980472021768835,
  "owner_neg_liquid_share_2534": 0.5689480510298532,
  "parity_share_0": 0.18882652375386613,
  "parity_share_1": 0.60503468156378,
  "parity_share_2plus": 0.20613879468235388,
  "prime30_55_childless_owner_mean_rooms": 6.281362672686543,
  "prime30_55_childless_owner_minus_renter_mean_rooms": 2.3132472995875792,
  "prime30_55_childless_owner_share_rooms_ge6": 0.7583779556622434,
  "prime30_55_childless_renter_mean_rooms": 3.9681153730989633,
  "prime30_55_childless_renter_share_rooms_ge6": 0.06740409251363466,
  "prime30_55_parent_3plus_minus_1to2_mean_rooms": 0.6016665648637796,
  "prime30_55_parent_owner_minus_renter_mean_rooms": 1.7854832038299842,
  "prime_childless_owner_median_rooms": 6.0,
  "prime_childless_owner_minus_renter_rooms": 2.246539760876169,
  "prime_childless_renter_median_rooms": 3.753460239123831,
  "renter25_45_all_cap_share": 0.11124708888079787,
  "tfr": 2.0346245418569757,
  "wealth_to_income": 1.3889155013441172,
  "young_all_liquid_wealth_to_annual_gross_income_2530": 0.14440838577838738,
  "young_all_liquid_wealth_to_annual_gross_income_2530_median": 0.2235362463096784,
  "young_childless_liquid_wealth_to_annual_gross_income_2535": 0.19080898149131248,
  "young_childless_liquid_wealth_to_annual_gross_income_2535_median": 0.2235362463096784,
  "young_childless_renter_liquid_wealth_to_annual_gross_income_2535": 0.32259353337070473,
  "young_childless_renter_liquid_wealth_to_annual_gross_income_2535_median": 0.32950763184732157,
  "young_liquid_wealth_to_income": 0.11726611260061777,
  "young_owner_rate": 0.275979063355956
}