{
  "sample": "prime-age 30-55 childless-in-household owners",
  "share_rooms_ge6": 0.7583779556622432,
  "target_moment_share_rooms_ge6": 0.7583779556622434
}