{
  "H_own": [
    2.0,
    4.0,
    6.0,
    8.0,
    10.0
  ],
  "elapsed_sec": 165.3703930620104,
  "entry_wealth_distribution": {
    "grid_values": [
      -2.488372093023256,
      -2.3488372093023258,
      -2.0697674418604652,
      -1.9302325581395348,
      -1.6511627906976747,
      -1.5116279069767442,
      -1.3720930232558142,
      -1.2325581395348837,
      -1.0930232558139537,
      -0.9534883720930232,
      -0.11627906976744207,
      0.0,
      0.1627906976744189,
      0.3023255813953485,
      0.44186046511627897,
      1.27906976744186,
      1.4186046511627906,
      1.6976744186046506,
      1.837209302325581,
      2.116279069767442,
      2.2558139534883717,
      2.674418604651163,
      2.8139534883720927,
      3.3720930232558146,
      3.5116279069767433
    ],
    "legacy_b_entry_fixed": 0.0,
    "mean": 0.18651967924681825,
    "mode": "income_ratio_distribution",
    "ratio_mean": 0.25885583690343694,
    "ratio_nodes": [
      -2.22252859121604,
      -0.0526403178090525,
      0.104244689233362,
      0.351572998737395,
      3.1034542945567
    ],
    "ratio_source": "PSID reference-person childless renters ages 18-24, primary rows of code/data/psid_followup_mar2026/output/intergen_income_entry_targets_20260716/block2_entry_wealth_18_24.csv: weighted quintile-bin means of wealth over annual family income; mean 0.258855836903436 (person-bootstrap SE 0.125965630995927, 499 replications), weighted median 0.0985177806342346.",
    "ratio_weights": [
      0.19942576269679177,
      0.20037747293780178,
      0.1998633085085668,
      0.20008786061209277,
      0.20024559524474678
    ],
    "spread_nodes": 1,
    "weights": [
      0.011285709417576836,
      0.001178400750972651,
      0.012287488383698926,
      0.037568952290499016,
      0.025591605909167224,
      0.04919305510212971,
      0.001845383829280462,
      0.048011056844917493,
      0.002584033843079692,
      0.009880076325469793,
      0.06536308574063403,
      0.24322530484675103,
      0.1722768214694205,
      0.10843857626328599,
      0.011024853738369896,
      0.004197264102368875,
      0.008318085600427799,
      0.03907049317532159,
      0.010990905635865118,
      0.042169616726292256,
      0.0329224814904878,
      0.02534023062854271,
      0.024721168182643985,
      0.004967292538002063,
      0.007548057164794611
    ]
  },
  "hR_max": 6.0,
  "market_residual": 9.324104321982198e-06,
  "moments": {
    "aggregate_mean_occupied_rooms_18_85": 5.672127521787135,
    "aggregate_own_rate": 0.6681264621884594,
    "childless_rate": 0.18882652375386613,
    "housing_increment_0to1": 0.6808310748094978,
    "housing_increment_1to2": 0.48839362459886804,
    "housing_user_cost_share": 0.24782700042480812,
    "liquid_wealth_to_income": 0.1393906614026923,
    "market_residual": 9.324104321982198e-06,
    "mean_age_first_birth": 32.29524118562811,
    "mean_completed_fertility": 1.0173122709284879,
    "old_2plus_minus_1_total_estate_wealth_to_annual_income_median_gap_6575": 3.572820579446539,
    "old_age_own_rate": 0.9539983711574811,
    "old_age_parent_childless_gap": 0.013535632315353374,
    "old_age_parent_childless_gap_6575": 0.013535632315353374,
    "old_minus_young_owner_rate_6575_2534": 0.6780193078015251,
    "old_nonhousing_ge_1x_income_share_6575": 0.6099961319373566,
    "old_nonhousing_wealth_to_income_6575": 2.585072509075373,
    "old_nonhousing_wealth_to_income_median_6575": 2.0029448702957864,
    "old_owner_rate": 0.9539983711574811,
    "old_parent_childless_nonhousing_wealth_to_income_gap_6575": 1.0785180662666456,
    "old_parent_childless_nonhousing_wealth_to_income_median_gap_6575": 0.9744056125763283,
    "old_parent_childless_total_wealth_to_income_gap_6575": 2.8709144105653053,
    "old_parent_childless_total_wealth_to_income_median_gap_6575": 3.2480187085877628,
    "old_total_estate_wealth_to_annual_income_median_7684": 6.4305369605457745,
    "old_total_estate_wealth_to_annual_income_p90_p50_7684": 1.7514380305415795,
    "old_total_wealth_to_income_6575": 13.105571323710702,
    "old_total_wealth_to_income_median_6575": 12.290644719527295,
    "own_family_gap": 0.21768525321853405,
    "own_gap_newparent_nonparent_3055": 0.21768525321853405,
    "own_rate": 0.658311496455828,
    "own_rate_2534": 0.275979063355956,
    "own_rate_3055": 0.658311496455828,
    "own_rate_3544": 0.567548195428335,
    "own_rate_newparents_3055": 0.6574899734362224,
    "own_rate_nonparents_3055": 0.43980472021768835,
    "owner_neg_liquid_share_2534": 0.5689480510298532,
    "parity_share_0": 0.18882652375386613,
    "parity_share_1": 0.60503468156378,
    "parity_share_2plus": 0.20613879468235388,
    "prime30_55_childless_owner_mean_rooms": 6.281362672686543,
    "prime30_55_childless_owner_minus_renter_mean_rooms": 2.3132472995875792,
    "prime30_55_childless_owner_share_rooms_ge6": 0.7583779556622434,
    "prime30_55_childless_renter_mean_rooms": 3.9681153730989633,
    "prime30_55_childless_renter_share_rooms_ge6": 0.06740409251363466,
    "prime30_55_parent_3plus_minus_1to2_mean_rooms": 0.6016665648637796,
    "prime30_55_parent_owner_minus_renter_mean_rooms": 1.7854832038299842,
    "prime_childless_owner_median_rooms": 6.0,
    "prime_childless_owner_minus_renter_rooms": 2.246539760876169,
    "prime_childless_renter_median_rooms": 3.753460239123831,
    "renter25_45_all_cap_share": 0.11124708888079787,
    "tfr": 2.0346245418569757,
    "wealth_to_income": 1.3889155013441172,
    "young_all_liquid_wealth_to_annual_gross_income_2530": 0.14440838577838738,
    "young_all_liquid_wealth_to_annual_gross_income_2530_median": 0.2235362463096784,
    "young_childless_liquid_wealth_to_annual_gross_income_2535": 0.19080898149131248,
    "young_childless_liquid_wealth_to_annual_gross_income_2535_median": 0.2235362463096784,
    "young_childless_renter_liquid_wealth_to_annual_gross_income_2535": 0.32259353337070473,
    "young_childless_renter_liquid_wealth_to_annual_gross_income_2535_median": 0.32950763184732157,
    "young_liquid_wealth_to_income": 0.11726611260061777,
    "young_owner_rate": 0.275979063355956
  },
  "p_eq": [
    0.7588760587781781
  ],
  "rank_loss": 8.99896940330704,
  "solver_timings": {
    "accepted": true,
    "bellman_full": 1.7802824170212261,
    "bellman_mode": "full_only",
    "best_eq_error": 9.324104321982198e-06,
    "convergence_reason": "strict_tol",
    "damped_final_eq_error": 1.5610759872581037e-05,
    "distribution": 7.523993842012715,
    "final_eq_error": 9.324104321982198e-06,
    "income_process": "markov",
    "iterations_completed": 18,
    "markov_income_solve_time": 87.70970267997473,
    "n_dist": 1,
    "n_eval": 0,
    "n_full": 1,
    "scalar_market_refine": {
      "best_excess": -5.288800187397413e-05,
      "best_metric": 9.324104321982198e-06,
      "best_price": 0.7588760587781781,
      "bracket_found": true,
      "expansions": 0,
      "initial_price": 0.7589154407192853,
      "iterations": 13,
      "method": "brent",
      "price_evaluation_time_sec": 68.34428579895757,
      "price_evaluations": 15,
      "used": true
    },
    "strict_converged": true
  },
  "source": {
    "format": "json",
    "path": "/Users/tommasodesanto/Desktop/Projects/Fertility/Fertility_Spring26/output/model/intergen_income_disciplined_recalibration_20260716/report/results.json",
    "source_record": null
  },
  "status": "diagnostic_only_not_production_calibration",
  "theta": {
    "H0": 8.645577738994191,
    "alpha_cons": 0.5912263839788428,
    "beta": 0.9653857228201739,
    "c_bar_0": 1.2595937731478881,
    "c_bar_n": 0.39294466990660537,
    "chi": 1.113265753289088,
    "h_bar_0": 0.3915418909982497,
    "h_bar_jump": 1.6021182503934808,
    "h_bar_n": 0.16436541806228172,
    "kappa_fert": 2.0433862404293337,
    "psi_child": 0.19791383267507004,
    "tenure_choice_kappa": 0.010017488787185433,
    "theta0": 0.31176482840616865,
    "theta1": 0.3972817386975299,